work_id,_id,state,state_hi,district,district_hi,location,location_hi,category,category_hi,cost,completion_date,completion_year,beneficiaries,work_description,work_description_hi,mp_id,mp_name,mp_house,mp_constituency,status,standard_cost,work_date,workId,estimated_cost,status_hi,recommended_date,recommended_year,house,lsTerm,expected_beneficiaries,hasPayments,totalPaid,paymentCount,standard_category,sector
133905.0,6a932bb5cd94452437a16c9f,Madhya Pradesh,Madhya Pradesh,KHARGONE,KHARGONE,Khargone (West Nimar)(DISTRICT COLLECTOR KHARGONE_IDA),Khargone (West Nimar)(DISTRICT COLLECTOR KHARGONE_IDA),Normal/Others,Normal/Others,250000.0,2026-03-17T00:00:00.000Z,2026.0,0.0,Construction of common work shed in village Bhopada at Salakhedi Road,Construction of common work shed in village Bhopada at Salakhedi Road,,Gajendra Singh Patel,,KHARGONE,Completed,250000,2026-03-17T00:00:00.000Z,,,,,,,,,,,,Roads & Pathways,Physical Infrastructure
135908.0,6a932bb5cd94452437a18aa0,Madhya Pradesh,Madhya Pradesh,KHANDWA,KHANDWA,BURHANPUR(District Collector Burhanpur_IDA),BURHANPUR(District Collector Burhanpur_IDA),Normal/Others,Normal/Others,100000.0,2025-07-03T00:00:00.000Z,2025.0,0.0,Purchase of books for students intellectual development at various schools of Burhanpur district,Purchase of books for students intellectual development at various schools of Burhanpur district,,Gyaneshwar Patil,,KHANDWA,Completed,100000,2025-07-03T00:00:00.000Z,,,,,,,,,,,,Other Civil & Development Works,General Development & Maintenance
135911.0,6a932bb5cd94452437a18a9f,Madhya Pradesh,Madhya Pradesh,KHANDWA,KHANDWA,BURHANPUR(District Collector Burhanpur_IDA),BURHANPUR(District Collector Burhanpur_IDA),Normal/Others,Normal/Others,100000.0,2025-07-03T00:00:00.000Z,2025.0,0.0,Purchase of books for students intellectual development at various schools of Burhanpur district,Purchase of books for students intellectual development at various schools of Burhanpur district,,Gyaneshwar Patil,,KHANDWA,Completed,100000,2025-07-03T00:00:00.000Z,,,,,,,,,,,,Other Civil & Development Works,General Development & Maintenance
135914.0,6a932bb5cd94452437a18aa2,Madhya Pradesh,Madhya Pradesh,KHANDWA,KHANDWA,BURHANPUR(District Collector Burhanpur_IDA),BURHANPUR(District Collector Burhanpur_IDA),Normal/Others,Normal/Others,100000.0,2025-07-03T00:00:00.000Z,2025.0,0.0,Purchase of books for students intellectual development at various schools of Burhanpur district,Purchase of books for students intellectual development at various schools of Burhanpur district,,Gyaneshwar Patil,,KHANDWA,Completed,100000,2025-07-03T00:00:00.000Z,,,,,,,,,,,,Other Civil & Development Works,General Development & Maintenance
135916.0,6a932bb5cd94452437a18aa4,Madhya Pradesh,Madhya Pradesh,KHANDWA,KHANDWA,BURHANPUR(District Collector Burhanpur_IDA),BURHANPUR(District Collector Burhanpur_IDA),Normal/Others,Normal/Others,100000.0,2025-07-03T00:00:00.000Z,2025.0,0.0,Purchase of books for students intellectual development at various schools of Burhanpur district,Purchase of books for students intellectual development at various schools of Burhanpur district,,Gyaneshwar Patil,,KHANDWA,Completed,100000,2025-07-03T00:00:00.000Z,,,,,,,,,,,,Other Civil & Development Works,General Development & Maintenance
137265.0,6a932bb5cd94452437a16c86,Madhya Pradesh,Madhya Pradesh,KHARGONE,KHARGONE,BARWANI(DISTRICT COLLECTOR BADWANI_IDA),BARWANI(DISTRICT COLLECTOR BADWANI_IDA),Normal/Others,Normal/Others,500000.0,2025-07-08T00:00:00.000Z,2025.0,0.0,Construction of additional room existing building in village Panya,Construction of additional room existing building in village Panya,,Gajendra Singh Patel,,KHARGONE,Completed,500000,2025-07-08T00:00:00.000Z,,,,,,,,,,,,Other Civil & Development Works,General Development & Maintenance
137823.0,6a932bb5cd94452437a17abc,Madhya Pradesh,Madhya Pradesh,MANDSOUR,MANDSOUR,MANDSAUR(DISTRICT COLLECTOR MANDSAUR_IDA),MANDSAUR(DISTRICT COLLECTOR MANDSAUR_IDA),Normal/Others,Normal/Others,100000.0,2025-08-21T00:00:00.000Z,2025.0,0.0,PURCHASE OF BOOKS IN SCHOOL LIBRARY,PURCHASE OF BOOKS IN SCHOOL LIBRARY,,Shri Sudheer Gupta ,,MANDSOUR,Completed,100000,2025-08-21T00:00:00.000Z,,,,,,,,,,,,Education & School Infrastructure,Social Infrastructure
137825.0,6a932bb5cd94452437a17abe,Madhya Pradesh,Madhya Pradesh,MANDSOUR,MANDSOUR,MANDSAUR(DISTRICT COLLECTOR MANDSAUR_IDA),MANDSAUR(DISTRICT COLLECTOR MANDSAUR_IDA),Normal/Others,Normal/Others,100000.0,2025-08-21T00:00:00.000Z,2025.0,0.0,PURCHASE OF BOOKS IN SCHOOL LIBRARY,PURCHASE OF BOOKS IN SCHOOL LIBRARY,,Shri Sudheer Gupta ,,MANDSOUR,Completed,100000,2025-08-21T00:00:00.000Z,,,,,,,,,,,,Education & School Infrastructure,Social Infrastructure
137827.0,6a932bb5cd94452437a17ac0,Madhya Pradesh,Madhya Pradesh,MANDSOUR,MANDSOUR,MANDSAUR(DISTRICT COLLECTOR MANDSAUR_IDA),MANDSAUR(DISTRICT COLLECTOR MANDSAUR_IDA),Normal/Others,Normal/Others,100000.0,2025-08-21T00:00:00.000Z,2025.0,0.0,PURCHASE OF BOOKS IN SCHOOL LIBRARY,PURCHASE OF BOOKS IN SCHOOL LIBRARY,,Shri Sudheer Gupta ,,MANDSOUR,Completed,100000,2025-08-21T00:00:00.000Z,,,,,,,,,,,,Education & School Infrastructure,Social Infrastructure
137829.0,6a932bb5cd94452437a17ac2,Madhya Pradesh,Madhya Pradesh,MANDSOUR,MANDSOUR,MANDSAUR(DISTRICT COLLECTOR MANDSAUR_IDA),MANDSAUR(DISTRICT COLLECTOR MANDSAUR_IDA),Normal/Others,Normal/Others,100000.0,2025-08-21T00:00:00.000Z,2025.0,0.0,PURCHASE OF BOOKS,PURCHASE OF BOOKS,,Shri Sudheer Gupta ,,MANDSOUR,Completed,100000,2025-08-21T00:00:00.000Z,,,,,,,,,,,,Other Civil & Development Works,General Development & Maintenance
137831.0,6a932bb5cd94452437a17ac4,Madhya Pradesh,Madhya Pradesh,MANDSOUR,MANDSOUR,MANDSAUR(DISTRICT COLLECTOR MANDSAUR_IDA),MANDSAUR(DISTRICT COLLECTOR MANDSAUR_IDA),Normal/Others,Normal/Others,100000.0,2025-08-21T00:00:00.000Z,2025.0,0.0,PURCHASE OF BOOK,PURCHASE OF BOOK,,Shri Sudheer Gupta ,,MANDSOUR,Completed,100000,2025-08-21T00:00:00.000Z,,,,,,,,,,,,Other Civil & Development Works,General Development & Maintenance
137833.0,6a932bb5cd94452437a17ac6,Madhya Pradesh,Madhya Pradesh,MANDSOUR,MANDSOUR,MANDSAUR(DISTRICT COLLECTOR MANDSAUR_IDA),MANDSAUR(DISTRICT COLLECTOR MANDSAUR_IDA),Normal/Others,Normal/Others,100000.0,2025-08-21T00:00:00.000Z,2025.0,0.0,PURCHASE OF BOOK,PURCHASE OF BOOK,,Shri Sudheer Gupta ,,MANDSOUR,Completed,100000,2025-08-21T00:00:00.000Z,,,,,,,,,,,,Other Civil & Development Works,General Development & Maintenance
137835.0,6a932bb5cd94452437a17ac8,Madhya Pradesh,Madhya Pradesh,MANDSOUR,MANDSOUR,MANDSAUR(DISTRICT COLLECTOR MANDSAUR_IDA),MANDSAUR(DISTRICT COLLECTOR MANDSAUR_IDA),Normal/Others,Normal/Others,100000.0,2025-08-21T00:00:00.000Z,2025.0,0.0,PURCHASE OF BOOK,PURCHASE OF BOOK,,Shri Sudheer Gupta ,,MANDSOUR,Completed,100000,2025-08-21T00:00:00.000Z,,,,,,,,,,,,Other Civil & Development Works,General Development & Maintenance
137837.0,6a932bb5cd94452437a17aca,Madhya Pradesh,Madhya Pradesh,MANDSOUR,MANDSOUR,MANDSAUR(DISTRICT COLLECTOR MANDSAUR_IDA),MANDSAUR(DISTRICT COLLECTOR MANDSAUR_IDA),Normal/Others,Normal/Others,100000.0,2025-08-21T00:00:00.000Z,2025.0,0.0,PURCHASE OF BOOKS,PURCHASE OF BOOKS,,Shri Sudheer Gupta ,,MANDSOUR,Completed,100000,2025-08-21T00:00:00.000Z,,,,,,,,,,,,Other Civil & Development Works,General Development & Maintenance
137839.0,6a932bb5cd94452437a17acc,Madhya Pradesh,Madhya Pradesh,MANDSOUR,MANDSOUR,MANDSAUR(DISTRICT COLLECTOR MANDSAUR_IDA),MANDSAUR(DISTRICT COLLECTOR MANDSAUR_IDA),Normal/Others,Normal/Others,100000.0,2025-08-21T00:00:00.000Z,2025.0,0.0,PURCHASE OF BOOKS,PURCHASE OF BOOKS,,Shri Sudheer Gupta ,,MANDSOUR,Completed,100000,2025-08-21T00:00:00.000Z,,,,,,,,,,,,Other Civil & Development Works,General Development & Maintenance
137841.0,6a932bb5cd94452437a17acf,Madhya Pradesh,Madhya Pradesh,MANDSOUR,MANDSOUR,MANDSAUR(DISTRICT COLLECTOR MANDSAUR_IDA),MANDSAUR(DISTRICT COLLECTOR MANDSAUR_IDA),Normal/Others,Normal/Others,100000.0,2025-08-21T00:00:00.000Z,2025.0,0.0,PURCHASE OF BOOKS,PURCHASE OF BOOKS,,Shri Sudheer Gupta ,,MANDSOUR,Completed,100000,2025-08-21T00:00:00.000Z,,,,,,,,,,,,Other Civil & Development Works,General Development & Maintenance
137843.0,6a932bb5cd94452437a17ad1,Madhya Pradesh,Madhya Pradesh,MANDSOUR,MANDSOUR,MANDSAUR(DISTRICT COLLECTOR MANDSAUR_IDA),MANDSAUR(DISTRICT COLLECTOR MANDSAUR_IDA),Normal/Others,Normal/Others,100000.0,2025-08-21T00:00:00.000Z,2025.0,0.0,PURCHASE OF BOOKS & IN GHS & HS SCHOOL,PURCHASE OF BOOKS & IN GHS & HS SCHOOL,,Shri Sudheer Gupta ,,MANDSOUR,Completed,100000,2025-08-21T00:00:00.000Z,,,,,,,,,,,,Education & School Infrastructure,Social Infrastructure
137845.0,6a932bb5cd94452437a17ad3,Madhya Pradesh,Madhya Pradesh,MANDSOUR,MANDSOUR,MANDSAUR(DISTRICT COLLECTOR MANDSAUR_IDA),MANDSAUR(DISTRICT COLLECTOR MANDSAUR_IDA),Normal/Others,Normal/Others,100000.0,2025-08-21T00:00:00.000Z,2025.0,0.0,PURCHASE OF BOOK,PURCHASE OF BOOK,,Shri Sudheer Gupta ,,MANDSOUR,Completed,100000,2025-08-21T00:00:00.000Z,,,,,,,,,,,,Other Civil & Development Works,General Development & Maintenance
137860.0,6a932bb5cd94452437a16980,Madhya Pradesh,Madhya Pradesh,MANDSOUR,MANDSOUR,NEEMUCH(District Collector Neemuch_IDA),NEEMUCH(District Collector Neemuch_IDA),Normal/Others,Normal/Others,100000.0,2026-04-26T00:00:00.000Z,2026.0,0.0,PURCHASE OF BOOK IN SCHOOL LIBRARY,PURCHASE OF BOOK IN SCHOOL LIBRARY,,Shri Sudheer Gupta ,,MANDSOUR,Completed,100000,2026-04-26T00:00:00.000Z,,,,,,,,,,,,Education & School Infrastructure,Social Infrastructure
137862.0,6a932bb5cd94452437a16982,Madhya Pradesh,Madhya Pradesh,MANDSOUR,MANDSOUR,NEEMUCH(District Collector Neemuch_IDA),NEEMUCH(District Collector Neemuch_IDA),Normal/Others,Normal/Others,100000.0,2026-04-26T00:00:00.000Z,2026.0,0.0,PURCHASE OF BOOK IN SCHOOL LIBRARY,PURCHASE OF BOOK IN SCHOOL LIBRARY,,Shri Sudheer Gupta ,,MANDSOUR,Completed,100000,2026-04-26T00:00:00.000Z,,,,,,,,,,,,Education & School Infrastructure,Social Infrastructure
137864.0,6a932bb5cd94452437a169a3,Madhya Pradesh,Madhya Pradesh,MANDSOUR,MANDSOUR,NEEMUCH(District Collector Neemuch_IDA),NEEMUCH(District Collector Neemuch_IDA),Normal/Others,Normal/Others,100000.0,2026-04-28T00:00:00.000Z,2026.0,0.0,PURCHASE OF BOOK IN LIBRARY,PURCHASE OF BOOK IN LIBRARY,,Shri Sudheer Gupta ,,MANDSOUR,Completed,100000,2026-04-28T00:00:00.000Z,,,,,,,,,,,,Education & School Infrastructure,Social Infrastructure
137866.0,6a932bb5cd94452437a169a7,Madhya Pradesh,Madhya Pradesh,MANDSOUR,MANDSOUR,NEEMUCH(District Collector Neemuch_IDA),NEEMUCH(District Collector Neemuch_IDA),Normal/Others,Normal/Others,100000.0,2026-04-28T00:00:00.000Z,2026.0,0.0,PURCHASE OF BOOKS,PURCHASE OF BOOKS,,Shri Sudheer Gupta ,,MANDSOUR,Completed,100000,2026-04-28T00:00:00.000Z,,,,,,,,,,,,Other Civil & Development Works,General Development & Maintenance
137868.0,6a932bb5cd94452437a169a9,Madhya Pradesh,Madhya Pradesh,MANDSOUR,MANDSOUR,NEEMUCH(District Collector Neemuch_IDA),NEEMUCH(District Collector Neemuch_IDA),Normal/Others,Normal/Others,100000.0,2026-04-28T00:00:00.000Z,2026.0,0.0,PURCHASE OF BOOKS,PURCHASE OF BOOKS,,Shri Sudheer Gupta ,,MANDSOUR,Completed,100000,2026-04-28T00:00:00.000Z,,,,,,,,,,,,Other Civil & Development Works,General Development & Maintenance
137870.0,6a932bb5cd94452437a169ab,Madhya Pradesh,Madhya Pradesh,MANDSOUR,MANDSOUR,NEEMUCH(District Collector Neemuch_IDA),NEEMUCH(District Collector Neemuch_IDA),Normal/Others,Normal/Others,100000.0,2026-04-28T00:00:00.000Z,2026.0,0.0,PURCHASE OF BOOKS,PURCHASE OF BOOKS,,Shri Sudheer Gupta ,,MANDSOUR,Completed,100000,2026-04-28T00:00:00.000Z,,,,,,,,,,,,Other Civil & Development Works,General Development & Maintenance
137872.0,6a932bb5cd94452437a169ae,Madhya Pradesh,Madhya Pradesh,MANDSOUR,MANDSOUR,NEEMUCH(District Collector Neemuch_IDA),NEEMUCH(District Collector Neemuch_IDA),Normal/Others,Normal/Others,100000.0,2026-04-28T00:00:00.000Z,2026.0,0.0,PURCHASE OF BOOKS,PURCHASE OF BOOKS,,Shri Sudheer Gupta ,,MANDSOUR,Completed,100000,2026-04-28T00:00:00.000Z,,,,,,,,,,,,Other Civil & Development Works,General Development & Maintenance
138724.0,6a932bb5cd94452437a16761,Madhya Pradesh,Madhya Pradesh,RAJGARH,RAJGARH,RAJGARH(DISTRICT COLLECTOR RAJGARH_IDA),RAJGARH(DISTRICT COLLECTOR RAJGARH_IDA),Normal/Others,Normal/Others,1386077.0,2026-02-23T00:00:00.000Z,2026.0,0.0,General workshed (40×30feet),General workshed (40×30feet),,Rodmal Nagar ,,RAJGARH,Completed,1386077,2026-02-23T00:00:00.000Z,,,,,,,,,,,,Other Civil & Development Works,General Development & Maintenance
138892.0,6a932bb5cd94452437a1681c,Madhya Pradesh,Madhya Pradesh,KHARGONE,KHARGONE,Khargone (West Nimar)(DISTRICT COLLECTOR KHARGONE_IDA),Khargone (West Nimar)(DISTRICT COLLECTOR KHARGONE_IDA),Normal/Others,Normal/Others,236003.0,2026-04-09T00:00:00.000Z,2026.0,0.0,"Purchase of hospital equipment
Dead body freezer","Purchase of hospital equipment
Dead body freezer",,Gajendra Singh Patel,,KHARGONE,Completed,236003,2026-04-09T00:00:00.000Z,,,,,,,,,,,,"Health, Sanitation & Public Hygiene",Public Health & Basic Amenities
138895.0,6a932bb5cd94452437a1681e,Madhya Pradesh,Madhya Pradesh,KHARGONE,KHARGONE,Khargone (West Nimar)(DISTRICT COLLECTOR KHARGONE_IDA),Khargone (West Nimar)(DISTRICT COLLECTOR KHARGONE_IDA),Normal/Others,Normal/Others,236003.0,2026-04-09T00:00:00.000Z,2026.0,0.0,"Purchase of hospital equipment
Dead Body Freezer","Purchase of hospital equipment
Dead Body Freezer",,Gajendra Singh Patel,,KHARGONE,Completed,236003,2026-04-09T00:00:00.000Z,,,,,,,,,,,,"Health, Sanitation & Public Hygiene",Public Health & Basic Amenities
138899.0,6a932bb5cd94452437a16820,Madhya Pradesh,Madhya Pradesh,KHARGONE,KHARGONE,Khargone (West Nimar)(DISTRICT COLLECTOR KHARGONE_IDA),Khargone (West Nimar)(DISTRICT COLLECTOR KHARGONE_IDA),Normal/Others,Normal/Others,236003.0,2026-04-09T00:00:00.000Z,2026.0,0.0,"Purchase of hospital equipment
Dead body freezer","Purchase of hospital equipment
Dead body freezer",,Gajendra Singh Patel,,KHARGONE,Completed,236003,2026-04-09T00:00:00.000Z,,,,,,,,,,,,"Health, Sanitation & Public Hygiene",Public Health & Basic Amenities
138901.0,6a932bb5cd94452437a16822,Madhya Pradesh,Madhya Pradesh,KHARGONE,KHARGONE,Khargone (West Nimar)(DISTRICT COLLECTOR KHARGONE_IDA),Khargone (West Nimar)(DISTRICT COLLECTOR KHARGONE_IDA),Normal/Others,Normal/Others,236003.0,2026-04-09T00:00:00.000Z,2026.0,0.0,"Purchase of hospital equipment
Dead Body Freezer","Purchase of hospital equipment
Dead Body Freezer",,Gajendra Singh Patel,,KHARGONE,Completed,236003,2026-04-09T00:00:00.000Z,,,,,,,,,,,,"Health, Sanitation & Public Hygiene",Public Health & Basic Amenities
138915.0,6a932bb5cd94452437a16824,Madhya Pradesh,Madhya Pradesh,KHARGONE,KHARGONE,Khargone (West Nimar)(DISTRICT COLLECTOR KHARGONE_IDA),Khargone (West Nimar)(DISTRICT COLLECTOR KHARGONE_IDA),Normal/Others,Normal/Others,236003.0,2026-04-09T00:00:00.000Z,2026.0,0.0,"Purchase of hospital equipment
Dead Body Freezer","Purchase of hospital equipment
Dead Body Freezer",,Gajendra Singh Patel,,KHARGONE,Completed,236003,2026-04-09T00:00:00.000Z,,,,,,,,,,,,"Health, Sanitation & Public Hygiene",Public Health & Basic Amenities
138918.0,6a932bb5cd94452437a16be9,Madhya Pradesh,Madhya Pradesh,KHARGONE,KHARGONE,BARWANI(DISTRICT COLLECTOR BADWANI_IDA),BARWANI(DISTRICT COLLECTOR BADWANI_IDA),Normal/Others,Normal/Others,236003.0,2025-03-18T00:00:00.000Z,2025.0,0.0,"Purchase of hospital equipment
Dead body freezer","Purchase of hospital equipment
Dead body freezer",,Gajendra Singh Patel,,KHARGONE,Completed,236003,2025-03-18T00:00:00.000Z,,,,,,,,,,,,"Health, Sanitation & Public Hygiene",Public Health & Basic Amenities
138920.0,6a932bb5cd94452437a16bec,Madhya Pradesh,Madhya Pradesh,KHARGONE,KHARGONE,BARWANI(DISTRICT COLLECTOR BADWANI_IDA),BARWANI(DISTRICT COLLECTOR BADWANI_IDA),Normal/Others,Normal/Others,236003.0,2026-01-22T00:00:00.000Z,2026.0,0.0,"Purchase of hospital equipment
Dead Body Freezer","Purchase of hospital equipment
Dead Body Freezer",,Gajendra Singh Patel,,KHARGONE,Completed,236003,2026-01-22T00:00:00.000Z,,,,,,,,,,,,"Health, Sanitation & Public Hygiene",Public Health & Basic Amenities
138924.0,6a932bb5cd94452437a16bea,Madhya Pradesh,Madhya Pradesh,KHARGONE,KHARGONE,BARWANI(DISTRICT COLLECTOR BADWANI_IDA),BARWANI(DISTRICT COLLECTOR BADWANI_IDA),Normal/Others,Normal/Others,236003.0,2026-01-22T00:00:00.000Z,2026.0,0.0,"Purchase of hospital equipment
Dead Body Freezer","Purchase of hospital equipment
Dead Body Freezer",,Gajendra Singh Patel,,KHARGONE,Completed,236003,2026-01-22T00:00:00.000Z,,,,,,,,,,,,"Health, Sanitation & Public Hygiene",Public Health & Basic Amenities
138934.0,6a932bb5cd94452437a16bef,Madhya Pradesh,Madhya Pradesh,KHARGONE,KHARGONE,BARWANI(DISTRICT COLLECTOR BADWANI_IDA),BARWANI(DISTRICT COLLECTOR BADWANI_IDA),Normal/Others,Normal/Others,236003.0,2026-01-22T00:00:00.000Z,2026.0,0.0,"Purchase of hospital equipment
Dead Body Freezer","Purchase of hospital equipment
Dead Body Freezer",,Gajendra Singh Patel,,KHARGONE,Completed,236003,2026-01-22T00:00:00.000Z,,,,,,,,,,,,"Health, Sanitation & Public Hygiene",Public Health & Basic Amenities
138936.0,6a932bb5cd94452437a16bf1,Madhya Pradesh,Madhya Pradesh,KHARGONE,KHARGONE,BARWANI(DISTRICT COLLECTOR BADWANI_IDA),BARWANI(DISTRICT COLLECTOR BADWANI_IDA),Normal/Others,Normal/Others,236003.0,2026-01-22T00:00:00.000Z,2026.0,0.0,"Purchase of hospital equipment
Dead Body Freezer","Purchase of hospital equipment
Dead Body Freezer",,Gajendra Singh Patel,,KHARGONE,Completed,236003,2026-01-22T00:00:00.000Z,,,,,,,,,,,,"Health, Sanitation & Public Hygiene",Public Health & Basic Amenities
139569.0,6a932bb5cd94452437a1660e,Madhya Pradesh,Madhya Pradesh,DAMOH,DAMOH,DAMOH(DISTRICT COLLECTOR DAMOH_IDA),DAMOH(DISTRICT COLLECTOR DAMOH_IDA),Normal/Others,Normal/Others,500000.0,2025-09-09T00:00:00.000Z,2025.0,0.0,atirikt kakch niman kary panchayat bhavan ke piche vyayam sala ke pass gram panchayat abhana,atirikt kakch niman kary panchayat bhavan ke piche vyayam sala ke pass gram panchayat abhana,,RAHUL SINGH LODHI,,DAMOH,Completed,500000,2025-09-09T00:00:00.000Z,,,,,,,,,,,,Community Centers & Halls,Social Infrastructure
139578.0,6a932bb5cd94452437a1707d,Madhya Pradesh,Madhya Pradesh,KHANDWA,KHANDWA,Khandwa (East Nimar)(DISTRICT COLLECTOR EAST NIMAR_IDA),Khandwa (East Nimar)(DISTRICT COLLECTOR EAST NIMAR_IDA),Normal/Others,Normal/Others,100000.0,2025-03-21T00:00:00.000Z,2025.0,0.0,books suplly at various schools of khandwa district,books suplly at various schools of khandwa district,,Gyaneshwar Patil,,KHANDWA,Completed,100000,2025-03-21T00:00:00.000Z,,,,,,,,,,,,Other Civil & Development Works,General Development & Maintenance
139580.0,6a932bb5cd94452437a1707f,Madhya Pradesh,Madhya Pradesh,KHANDWA,KHANDWA,Khandwa (East Nimar)(DISTRICT COLLECTOR EAST NIMAR_IDA),Khandwa (East Nimar)(DISTRICT COLLECTOR EAST NIMAR_IDA),Normal/Others,Normal/Others,100000.0,2025-03-21T00:00:00.000Z,2025.0,0.0,books suplly at various schools of khandwa district,books suplly at various schools of khandwa district,,Gyaneshwar Patil,,KHANDWA,Completed,100000,2025-03-21T00:00:00.000Z,,,,,,,,,,,,Other Civil & Development Works,General Development & Maintenance
139582.0,6a932bb5cd94452437a17081,Madhya Pradesh,Madhya Pradesh,KHANDWA,KHANDWA,Khandwa (East Nimar)(DISTRICT COLLECTOR EAST NIMAR_IDA),Khandwa (East Nimar)(DISTRICT COLLECTOR EAST NIMAR_IDA),Normal/Others,Normal/Others,100000.0,2025-03-21T00:00:00.000Z,2025.0,0.0,books suplly at various schools of khandwa district,books suplly at various schools of khandwa district,,Gyaneshwar Patil,,KHANDWA,Completed,100000,2025-03-21T00:00:00.000Z,,,,,,,,,,,,Other Civil & Development Works,General Development & Maintenance
139584.0,6a932bb5cd94452437a17083,Madhya Pradesh,Madhya Pradesh,KHANDWA,KHANDWA,Khandwa (East Nimar)(DISTRICT COLLECTOR EAST NIMAR_IDA),Khandwa (East Nimar)(DISTRICT COLLECTOR EAST NIMAR_IDA),Normal/Others,Normal/Others,100000.0,2025-03-21T00:00:00.000Z,2025.0,0.0,books suplly at various schools of khandwa district,books suplly at various schools of khandwa district,,Gyaneshwar Patil,,KHANDWA,Completed,100000,2025-03-21T00:00:00.000Z,,,,,,,,,,,,Other Civil & Development Works,General Development & Maintenance
139586.0,6a932bb5cd94452437a17085,Madhya Pradesh,Madhya Pradesh,KHANDWA,KHANDWA,Khandwa (East Nimar)(DISTRICT COLLECTOR EAST NIMAR_IDA),Khandwa (East Nimar)(DISTRICT COLLECTOR EAST NIMAR_IDA),Normal/Others,Normal/Others,100000.0,2025-03-21T00:00:00.000Z,2025.0,0.0,books suplly at various schools of khandwa district,books suplly at various schools of khandwa district,,Gyaneshwar Patil,,KHANDWA,Completed,100000,2025-03-21T00:00:00.000Z,,,,,,,,,,,,Other Civil & Development Works,General Development & Maintenance
139592.0,6a932bb5cd94452437a1708a,Madhya Pradesh,Madhya Pradesh,KHANDWA,KHANDWA,Khandwa (East Nimar)(DISTRICT COLLECTOR EAST NIMAR_IDA),Khandwa (East Nimar)(DISTRICT COLLECTOR EAST NIMAR_IDA),Normal/Others,Normal/Others,100000.0,2025-03-21T00:00:00.000Z,2025.0,0.0,supply of books for various schools at khandwa district,supply of books for various schools at khandwa district,,Gyaneshwar Patil,,KHANDWA,Completed,100000,2025-03-21T00:00:00.000Z,,,,,,,,,,,,Other Civil & Development Works,General Development & Maintenance
139594.0,6a932bb5cd94452437a17086,Madhya Pradesh,Madhya Pradesh,KHANDWA,KHANDWA,Khandwa (East Nimar)(DISTRICT COLLECTOR EAST NIMAR_IDA),Khandwa (East Nimar)(DISTRICT COLLECTOR EAST NIMAR_IDA),Normal/Others,Normal/Others,100000.0,2025-03-21T00:00:00.000Z,2025.0,0.0,supply of books for various schools at khandwa district,supply of books for various schools at khandwa district,,Gyaneshwar Patil,,KHANDWA,Completed,100000,2025-03-21T00:00:00.000Z,,,,,,,,,,,,Other Civil & Development Works,General Development & Maintenance
140603.0,6a932bb5cd94452437a16d96,Madhya Pradesh,Madhya Pradesh,MANDSOUR,MANDSOUR,MANDSAUR(DISTRICT COLLECTOR MANDSAUR_IDA),MANDSAUR(DISTRICT COLLECTOR MANDSAUR_IDA),Normal/Others,Normal/Others,300000.0,2026-01-22T00:00:00.000Z,2026.0,0.0,CONSTRUCTION OF CC ROAD,CONSTRUCTION OF CC ROAD,,Shri Sudheer Gupta ,,MANDSOUR,Completed,300000,2026-01-22T00:00:00.000Z,,,,,,,,,,,,Roads & Pathways,Physical Infrastructure
141627.0,6a932bb5cd94452437a167e8,Madhya Pradesh,Madhya Pradesh,DAMOH,DAMOH,DAMOH(DISTRICT COLLECTOR DAMOH_IDA),DAMOH(DISTRICT COLLECTOR DAMOH_IDA),Normal/Others,Normal/Others,198724.0,2024-11-18T00:00:00.000Z,2024.0,0.0,GRAM PANCHAYAT ADHROTA ME PANI KE TENKAR KI KHARED,GRAM PANCHAYAT ADHROTA ME PANI KE TENKAR KI KHARED,,RAHUL SINGH LODHI,,DAMOH,Completed,198724,2024-11-18T00:00:00.000Z,,,,,,,,,,,,Other Civil & Development Works,General Development & Maintenance
141629.0,6a932bb5cd94452437a167e6,Madhya Pradesh,Madhya Pradesh,DAMOH,DAMOH,DAMOH(DISTRICT COLLECTOR DAMOH_IDA),DAMOH(DISTRICT COLLECTOR DAMOH_IDA),Normal/Others,Normal/Others,198724.0,2024-11-18T00:00:00.000Z,2024.0,0.0,GRAM PANCHAYAT KANIYAGHAT PATI ME PANI KE TENKAR KI KHARED,GRAM PANCHAYAT KANIYAGHAT PATI ME PANI KE TENKAR KI KHARED,,RAHUL SINGH LODHI,,DAMOH,Completed,198724,2024-11-18T00:00:00.000Z,,,,,,,,,,,,Other Civil & Development Works,General Development & Maintenance
141642.0,6a932bb5cd94452437a167e4,Madhya Pradesh,Madhya Pradesh,DAMOH,DAMOH,DAMOH(DISTRICT COLLECTOR DAMOH_IDA),DAMOH(DISTRICT COLLECTOR DAMOH_IDA),Normal/Others,Normal/Others,198724.0,2024-11-18T00:00:00.000Z,2024.0,0.0,GRAM PANCHAYT JAMUNIYA HAJARI ME PANI KE TENKAR KI KHARED,GRAM PANCHAYT JAMUNIYA HAJARI ME PANI KE TENKAR KI KHARED,,RAHUL SINGH LODHI,,DAMOH,Completed,198724,2024-11-18T00:00:00.000Z,,,,,,,,,,,,Other Civil & Development Works,General Development & Maintenance
141644.0,6a932bb5cd94452437a167e2,Madhya Pradesh,Madhya Pradesh,DAMOH,DAMOH,DAMOH(DISTRICT COLLECTOR DAMOH_IDA),DAMOH(DISTRICT COLLECTOR DAMOH_IDA),Normal/Others,Normal/Others,198724.0,2024-11-18T00:00:00.000Z,2024.0,0.0,GRAM PANCHAYAT RAJPURA ME PANI KE TENKAR KI KHARED,GRAM PANCHAYAT RAJPURA ME PANI KE TENKAR KI KHARED,,RAHUL SINGH LODHI,,DAMOH,Completed,198724,2024-11-18T00:00:00.000Z,,,,,,,,,,,,Other Civil & Development Works,General Development & Maintenance
141646.0,6a932bb5cd94452437a167ef,Madhya Pradesh,Madhya Pradesh,DAMOH,DAMOH,DAMOH(DISTRICT COLLECTOR DAMOH_IDA),DAMOH(DISTRICT COLLECTOR DAMOH_IDA),Normal/Others,Normal/Others,198724.0,2024-11-18T00:00:00.000Z,2024.0,0.0,GRAM PANCHAYAT KHAMARGOUR ME PANI KE TENKAR KI KHARED,GRAM PANCHAYAT KHAMARGOUR ME PANI KE TENKAR KI KHARED,,RAHUL SINGH LODHI,,DAMOH,Completed,198724,2024-11-18T00:00:00.000Z,,,,,,,,,,,,Other Civil & Development Works,General Development & Maintenance
141648.0,6a932bb5cd94452437a167ed,Madhya Pradesh,Madhya Pradesh,DAMOH,DAMOH,DAMOH(DISTRICT COLLECTOR DAMOH_IDA),DAMOH(DISTRICT COLLECTOR DAMOH_IDA),Normal/Others,Normal/Others,198724.0,2024-11-18T00:00:00.000Z,2024.0,0.0,GRAM PANCHAYAT KUDAI ME PANI KE TENKAR KI KHARED,GRAM PANCHAYAT KUDAI ME PANI KE TENKAR KI KHARED,,RAHUL SINGH LODHI,,DAMOH,Completed,198724,2024-11-18T00:00:00.000Z,,,,,,,,,,,,Other Civil & Development Works,General Development & Maintenance
141650.0,6a932bb5cd94452437a167eb,Madhya Pradesh,Madhya Pradesh,DAMOH,DAMOH,DAMOH(DISTRICT COLLECTOR DAMOH_IDA),DAMOH(DISTRICT COLLECTOR DAMOH_IDA),Normal/Others,Normal/Others,198724.0,2024-11-18T00:00:00.000Z,2024.0,0.0,GRAM PANCHAYAT BAMHORI PANJI ME PANI KE TENKAR KI KHARED,GRAM PANCHAYAT BAMHORI PANJI ME PANI KE TENKAR KI KHARED,,RAHUL SINGH LODHI,,DAMOH,Completed,198724,2024-11-18T00:00:00.000Z,,,,,,,,,,,,Other Civil & Development Works,General Development & Maintenance
142099.0,6a932bb5cd94452437a16bfe,Madhya Pradesh,Madhya Pradesh,MORENA,MORENA,SHEOPUR(District Collector Sheopur_IDA),SHEOPUR(District Collector Sheopur_IDA),Normal/Others,Normal/Others,800000.0,2025-06-03T00:00:00.000Z,2025.0,0.0,"GRAM MLAPURA, GRAM PANCHYAT IKLAUD, JANPAD PANCHAYAT VIJAYPUR BHAGWANT KE KHET KE PASS","GRAM MLAPURA, GRAM PANCHYAT IKLAUD, JANPAD PANCHAYAT VIJAYPUR BHAGWANT KE KHET KE PASS",,SHIVMANGAL SINGH TOMAR,,MORENA,Completed,800000,2025-06-03T00:00:00.000Z,,,,,,,,,,,,Other Civil & Development Works,General Development & Maintenance
142119.0,6a932bb5cd94452437a16bff,Madhya Pradesh,Madhya Pradesh,MORENA,MORENA,SHEOPUR(District Collector Sheopur_IDA),SHEOPUR(District Collector Sheopur_IDA),Normal/Others,Normal/Others,800000.0,2025-06-06T00:00:00.000Z,2025.0,0.0,"gram panchayat parwati baroda, janpad vijaypur, dhoret mandir se manfool kushwah ke makan tak","gram panchayat parwati baroda, janpad vijaypur, dhoret mandir se manfool kushwah ke makan tak",,SHIVMANGAL SINGH TOMAR,,MORENA,Completed,800000,2025-06-06T00:00:00.000Z,,,,,,,,,,,,Other Civil & Development Works,General Development & Maintenance
142502.0,6a932bb5cd94452437a166a5,Madhya Pradesh,Madhya Pradesh,DAMOH,DAMOH,DAMOH(DISTRICT COLLECTOR DAMOH_IDA),DAMOH(DISTRICT COLLECTOR DAMOH_IDA),Normal/Others,Normal/Others,1000000.0,2025-01-13T00:00:00.000Z,2025.0,0.0,GRAM PANCHAYAT SHAHJAD PURA K GRAM GHANSHIYAMPURA ME SAMUDAYK BHAVN NIRMAN KARY,GRAM PANCHAYAT SHAHJAD PURA K GRAM GHANSHIYAMPURA ME SAMUDAYK BHAVN NIRMAN KARY,,RAHUL SINGH LODHI,,DAMOH,Completed,1000000,2025-01-13T00:00:00.000Z,,,,,,,,,,,,Other Civil & Development Works,General Development & Maintenance
142739.0,6a932bb5cd94452437a16791,Madhya Pradesh,Madhya Pradesh,SHAHDOL,SHAHDOL,ANUPPUR(DISTRICT COLLECTOR ANUPPUR_IDA),ANUPPUR(DISTRICT COLLECTOR ANUPPUR_IDA),Normal/Others,Normal/Others,999300.0,2025-07-07T00:00:00.000Z,2025.0,0.0,"Construction work of a culvert in semardhar nala, village Mauhari.","Construction work of a culvert in semardhar nala, village Mauhari.",,Smt Himadri Singh,,SHAHDOL,Completed,999300,2025-07-07T00:00:00.000Z,,,,,,,,,,,,Roads & Pathways,Physical Infrastructure
142741.0,6a932bb5cd94452437a166ec,Madhya Pradesh,Madhya Pradesh,SHAHDOL,SHAHDOL,ANUPPUR(DISTRICT COLLECTOR ANUPPUR_IDA),ANUPPUR(DISTRICT COLLECTOR ANUPPUR_IDA),Normal/Others,Normal/Others,1499800.0,2025-03-20T00:00:00.000Z,2025.0,0.0,construction of culvert near sant kumar's field.,construction of culvert near sant kumar's field.,,Smt Himadri Singh,,SHAHDOL,Completed,1499800,2025-03-20T00:00:00.000Z,,,,,,,,,,,,Roads & Pathways,Physical Infrastructure
142843.0,6a932bb5cd94452437a18817,Madhya Pradesh,Madhya Pradesh,RAJGARH,RAJGARH,RAJGARH(DISTRICT COLLECTOR RAJGARH_IDA),RAJGARH(DISTRICT COLLECTOR RAJGARH_IDA),Normal/Others,Normal/Others,387988.0,2025-06-20T00:00:00.000Z,2025.0,0.0,"open gym material (ped deck, rover, air swing swing, leg press, surf board, cross trainer, parralel bar)","open gym material (ped deck, rover, air swing swing, leg press, surf board, cross trainer, parralel bar)",,Rodmal Nagar ,,RAJGARH,Completed,387988,2025-06-20T00:00:00.000Z,,,,,,,,,,,,"Health, Sanitation & Public Hygiene",Public Health & Basic Amenities
142847.0,6a932bb5cd94452437a1881d,Madhya Pradesh,Madhya Pradesh,RAJGARH,RAJGARH,RAJGARH(DISTRICT COLLECTOR RAJGARH_IDA),RAJGARH(DISTRICT COLLECTOR RAJGARH_IDA),Normal/Others,Normal/Others,387988.0,2025-06-20T00:00:00.000Z,2025.0,0.0,"open gym material (ped deck, rover, air swing swing, leg press, surf board, cross trainer, parralel bar)","open gym material (ped deck, rover, air swing swing, leg press, surf board, cross trainer, parralel bar)",,Rodmal Nagar ,,RAJGARH,Completed,387988,2025-06-20T00:00:00.000Z,,,,,,,,,,,,"Health, Sanitation & Public Hygiene",Public Health & Basic Amenities
142855.0,6a932bb5cd94452437a1881a,Madhya Pradesh,Madhya Pradesh,RAJGARH,RAJGARH,RAJGARH(DISTRICT COLLECTOR RAJGARH_IDA),RAJGARH(DISTRICT COLLECTOR RAJGARH_IDA),Normal/Others,Normal/Others,387988.0,2025-06-20T00:00:00.000Z,2025.0,0.0,"open gym material (ped deck, rover, air swing swing, leg press, surf board, cross trainer, parralel bar)","open gym material (ped deck, rover, air swing swing, leg press, surf board, cross trainer, parralel bar)",,Rodmal Nagar ,,RAJGARH,Completed,387988,2025-06-20T00:00:00.000Z,,,,,,,,,,,,"Health, Sanitation & Public Hygiene",Public Health & Basic Amenities
142900.0,6a932bb5cd94452437a1881f,Madhya Pradesh,Madhya Pradesh,RAJGARH,RAJGARH,RAJGARH(DISTRICT COLLECTOR RAJGARH_IDA),RAJGARH(DISTRICT COLLECTOR RAJGARH_IDA),Normal/Others,Normal/Others,387988.0,2025-06-20T00:00:00.000Z,2025.0,0.0,"open gym material (ped deck, rover, air swing swing, leg press, surf board, cross trainer, parralel bar)","open gym material (ped deck, rover, air swing swing, leg press, surf board, cross trainer, parralel bar)",,Rodmal Nagar ,,RAJGARH,Completed,387988,2025-06-20T00:00:00.000Z,,,,,,,,,,,,"Health, Sanitation & Public Hygiene",Public Health & Basic Amenities
142904.0,6a932bb5cd94452437a18822,Madhya Pradesh,Madhya Pradesh,RAJGARH,RAJGARH,RAJGARH(DISTRICT COLLECTOR RAJGARH_IDA),RAJGARH(DISTRICT COLLECTOR RAJGARH_IDA),Normal/Others,Normal/Others,387988.0,2025-06-20T00:00:00.000Z,2025.0,0.0,"open gym material (ped deck, rover, air swing swing, leg press, surf board, cross trainer, parralel bar)","open gym material (ped deck, rover, air swing swing, leg press, surf board, cross trainer, parralel bar)",,Rodmal Nagar ,,RAJGARH,Completed,387988,2025-06-20T00:00:00.000Z,,,,,,,,,,,,"Health, Sanitation & Public Hygiene",Public Health & Basic Amenities
142908.0,6a932bb5cd94452437a18824,Madhya Pradesh,Madhya Pradesh,RAJGARH,RAJGARH,RAJGARH(DISTRICT COLLECTOR RAJGARH_IDA),RAJGARH(DISTRICT COLLECTOR RAJGARH_IDA),Normal/Others,Normal/Others,387988.0,2025-06-20T00:00:00.000Z,2025.0,0.0,"open gym material (ped deck, rover, air swing swing, leg press, surf board cross trainer, parralel bar)","open gym material (ped deck, rover, air swing swing, leg press, surf board cross trainer, parralel bar)",,Rodmal Nagar ,,RAJGARH,Completed,387988,2025-06-20T00:00:00.000Z,,,,,,,,,,,,"Health, Sanitation & Public Hygiene",Public Health & Basic Amenities
142913.0,6a932bb5cd94452437a18827,Madhya Pradesh,Madhya Pradesh,RAJGARH,RAJGARH,RAJGARH(DISTRICT COLLECTOR RAJGARH_IDA),RAJGARH(DISTRICT COLLECTOR RAJGARH_IDA),Normal/Others,Normal/Others,387988.0,2025-06-20T00:00:00.000Z,2025.0,0.0,"open gym material (ped deck, rover, air swing swing, leg press, surf board, cross trainer, parralel bar)","open gym material (ped deck, rover, air swing swing, leg press, surf board, cross trainer, parralel bar)",,Rodmal Nagar ,,RAJGARH,Completed,387988,2025-06-20T00:00:00.000Z,,,,,,,,,,,,"Health, Sanitation & Public Hygiene",Public Health & Basic Amenities
143281.0,6a932bb5cd94452437a16604,Madhya Pradesh,Madhya Pradesh,KHARGONE,KHARGONE,Khargone (West Nimar)(DISTRICT COLLECTOR KHARGONE_IDA),Khargone (West Nimar)(DISTRICT COLLECTOR KHARGONE_IDA),Normal/Others,Normal/Others,1500000.0,2025-05-16T00:00:00.000Z,2025.0,0.0,Setting up of farmers’ training and assistance center in village Jalud at near Gaushala,Setting up of farmers’ training and assistance center in village Jalud at near Gaushala,,Gajendra Singh Patel,,KHARGONE,Completed,1500000,2025-05-16T00:00:00.000Z,,,,,,,,,,,,Other Civil & Development Works,General Development & Maintenance
143814.0,6a932bb5cd94452437a175dc,Madhya Pradesh,Madhya Pradesh,SAGAR,SAGAR,SAGAR(DISTRICT COLLECTOR SAGAR_IDA),SAGAR(DISTRICT COLLECTOR SAGAR_IDA),Normal/Others,Normal/Others,124937.0,2025-09-09T00:00:00.000Z,2025.0,0.0,Karyalay Jila Shiksha Kendra Sagar Parisar mein sarvjanik Sthan per shauchalay aur  snan agar Nirman Karya Hetu,Karyalay Jila Shiksha Kendra Sagar Parisar mein sarvjanik Sthan per shauchalay aur  snan agar Nirman Karya Hetu,,DR. LATA WANKHEDE,,SAGAR,Completed,124937,2025-09-09T00:00:00.000Z,,,,,,,,,,,,Other Civil & Development Works,General Development & Maintenance
143830.0,6a932bb5cd94452437a17169,Madhya Pradesh,Madhya Pradesh,GUNA,GUNA,SHIVPURI(District Collector Shivpuri_IDA),SHIVPURI(District Collector Shivpuri_IDA),Normal/Others,Normal/Others,585000.0,2025-03-28T00:00:00.000Z,2025.0,0.0,,,,JYOTIRADITYA M. SCINDIA,,GUNA,Completed,585000,2025-03-28T00:00:00.000Z,,,,,,,,,,,,Other Civil & Development Works,General Development & Maintenance
143832.0,6a932bb5cd94452437a17167,Madhya Pradesh,Madhya Pradesh,GUNA,GUNA,SHIVPURI(District Collector Shivpuri_IDA),SHIVPURI(District Collector Shivpuri_IDA),Normal/Others,Normal/Others,585000.0,2025-03-28T00:00:00.000Z,2025.0,0.0,,,,JYOTIRADITYA M. SCINDIA,,GUNA,Completed,585000,2025-03-28T00:00:00.000Z,,,,,,,,,,,,Other Civil & Development Works,General Development & Maintenance
145909.0,6a932bb5cd94452437a19da6,Madhya Pradesh,Madhya Pradesh,BETUL,BETUL,BETUL(DISTRICT COLLECTOR BETUL_IDA),BETUL(DISTRICT COLLECTOR BETUL_IDA),Normal/Others,Normal/Others,259942.0,2026-01-27T00:00:00.000Z,2026.0,0.0,L.No. 177 Dt 07.10.24 Gram panchayat Redva  me arjunwadi jod redva,L.No. 177 Dt 07.10.24 Gram panchayat Redva  me arjunwadi jod redva,,Durga Das Uikey ,,BETUL,Completed,259942,2026-01-27T00:00:00.000Z,,,,,,,,,,,,Other Civil & Development Works,General Development & Maintenance
145912.0,6a932bb5cd94452437a19da8,Madhya Pradesh,Madhya Pradesh,BETUL,BETUL,BETUL(DISTRICT COLLECTOR BETUL_IDA),BETUL(DISTRICT COLLECTOR BETUL_IDA),Normal/Others,Normal/Others,259942.0,2026-01-27T00:00:00.000Z,2026.0,0.0,L.No. 177 Dt 07.10.24 Gram panchayat Tirmahu ke tirmahu me,L.No. 177 Dt 07.10.24 Gram panchayat Tirmahu ke tirmahu me,,Durga Das Uikey ,,BETUL,Completed,259942,2026-01-27T00:00:00.000Z,,,,,,,,,,,,Other Civil & Development Works,General Development & Maintenance
145914.0,6a932bb5cd94452437a19dac,Madhya Pradesh,Madhya Pradesh,BETUL,BETUL,BETUL(DISTRICT COLLECTOR BETUL_IDA),BETUL(DISTRICT COLLECTOR BETUL_IDA),Normal/Others,Normal/Others,259942.0,2026-01-27T00:00:00.000Z,2026.0,0.0,L.No. 177 Dt 07.10.24 Gram panchayat Dhabla  me gram panchayat ke samne,L.No. 177 Dt 07.10.24 Gram panchayat Dhabla  me gram panchayat ke samne,,Durga Das Uikey ,,BETUL,Completed,259942,2026-01-27T00:00:00.000Z,,,,,,,,,,,,Other Civil & Development Works,General Development & Maintenance
145916.0,6a932bb5cd94452437a19daf,Madhya Pradesh,Madhya Pradesh,BETUL,BETUL,BETUL(DISTRICT COLLECTOR BETUL_IDA),BETUL(DISTRICT COLLECTOR BETUL_IDA),Normal/Others,Normal/Others,259942.0,2026-01-27T00:00:00.000Z,2026.0,0.0,L.No. 177 Dt 07.10.24 Gram panchayat Ashta me multai road par,L.No. 177 Dt 07.10.24 Gram panchayat Ashta me multai road par,,Durga Das Uikey ,,BETUL,Completed,259942,2026-01-27T00:00:00.000Z,,,,,,,,,,,,Roads & Pathways,Physical Infrastructure
145918.0,6a932bb5cd94452437a19db1,Madhya Pradesh,Madhya Pradesh,BETUL,BETUL,BETUL(DISTRICT COLLECTOR BETUL_IDA),BETUL(DISTRICT COLLECTOR BETUL_IDA),Normal/Others,Normal/Others,259942.0,2026-01-27T00:00:00.000Z,2026.0,0.0,L.No. 177 Dt 07.10.24 Gram panchayat Chakora ke chakora jod par,L.No. 177 Dt 07.10.24 Gram panchayat Chakora ke chakora jod par,,Durga Das Uikey ,,BETUL,Completed,259942,2026-01-27T00:00:00.000Z,,,,,,,,,,,,Other Civil & Development Works,General Development & Maintenance
145920.0,6a932bb5cd94452437a19db2,Madhya Pradesh,Madhya Pradesh,BETUL,BETUL,BETUL(DISTRICT COLLECTOR BETUL_IDA),BETUL(DISTRICT COLLECTOR BETUL_IDA),Normal/Others,Normal/Others,259942.0,2026-01-27T00:00:00.000Z,2026.0,0.0,L.No. 177 Dt 07.10.24 Gram panchayat Devgaon ke devgaon jod par,L.No. 177 Dt 07.10.24 Gram panchayat Devgaon ke devgaon jod par,,Durga Das Uikey ,,BETUL,Completed,259942,2026-01-27T00:00:00.000Z,,,,,,,,,,,,Other Civil & Development Works,General Development & Maintenance
145922.0,6a932bb5cd94452437a19db4,Madhya Pradesh,Madhya Pradesh,BETUL,BETUL,BETUL(DISTRICT COLLECTOR BETUL_IDA),BETUL(DISTRICT COLLECTOR BETUL_IDA),Normal/Others,Normal/Others,259942.0,2026-01-27T00:00:00.000Z,2026.0,0.0,L.No. 177 Dt 07.10.24 Gram panchayat Etava ke etave me,L.No. 177 Dt 07.10.24 Gram panchayat Etava ke etave me,,Durga Das Uikey ,,BETUL,Completed,259942,2026-01-27T00:00:00.000Z,,,,,,,,,,,,Other Civil & Development Works,General Development & Maintenance
145924.0,6a932bb5cd94452437a19db6,Madhya Pradesh,Madhya Pradesh,BETUL,BETUL,BETUL(DISTRICT COLLECTOR BETUL_IDA),BETUL(DISTRICT COLLECTOR BETUL_IDA),Normal/Others,Normal/Others,259942.0,2026-01-27T00:00:00.000Z,2026.0,0.0,L.No. 177 Dt 07.10.24 Gram panchayat Gadra ke gadra me,L.No. 177 Dt 07.10.24 Gram panchayat Gadra ke gadra me,,Durga Das Uikey ,,BETUL,Completed,259942,2026-01-27T00:00:00.000Z,,,,,,,,,,,,Other Civil & Development Works,General Development & Maintenance
145942.0,6a932bb5cd94452437a19dc3,Madhya Pradesh,Madhya Pradesh,BETUL,BETUL,BETUL(DISTRICT COLLECTOR BETUL_IDA),BETUL(DISTRICT COLLECTOR BETUL_IDA),Normal/Others,Normal/Others,259942.0,2026-01-27T00:00:00.000Z,2026.0,0.0,L.No. 177 Dt. 07.10.24 Gram Panchayat  Karajgao ke main road par,L.No. 177 Dt. 07.10.24 Gram Panchayat  Karajgao ke main road par,,Durga Das Uikey ,,BETUL,Completed,259942,2026-01-27T00:00:00.000Z,,,,,,,,,,,,Roads & Pathways,Physical Infrastructure
145944.0,6a932bb5cd94452437a19db9,Madhya Pradesh,Madhya Pradesh,BETUL,BETUL,BETUL(DISTRICT COLLECTOR BETUL_IDA),BETUL(DISTRICT COLLECTOR BETUL_IDA),Normal/Others,Normal/Others,259942.0,2026-01-27T00:00:00.000Z,2026.0,0.0,L.No. 177 Dt. 07.10.24 Gram Panchayat Moharkheda ke jamgaon me,L.No. 177 Dt. 07.10.24 Gram Panchayat Moharkheda ke jamgaon me,,Durga Das Uikey ,,BETUL,Completed,259942,2026-01-27T00:00:00.000Z,,,,,,,,,,,,Other Civil & Development Works,General Development & Maintenance
145946.0,6a932bb5cd94452437a19dbb,Madhya Pradesh,Madhya Pradesh,BETUL,BETUL,BETUL(DISTRICT COLLECTOR BETUL_IDA),BETUL(DISTRICT COLLECTOR BETUL_IDA),Normal/Others,Normal/Others,259942.0,2026-01-27T00:00:00.000Z,2026.0,0.0,L.No. 177 Dt. 07.10.24 Gram Panchayat gaula ke rawa main road par,L.No. 177 Dt. 07.10.24 Gram Panchayat gaula ke rawa main road par,,Durga Das Uikey ,,BETUL,Completed,259942,2026-01-27T00:00:00.000Z,,,,,,,,,,,,Roads & Pathways,Physical Infrastructure
145948.0,6a932bb5cd94452437a19dc0,Madhya Pradesh,Madhya Pradesh,BETUL,BETUL,BETUL(DISTRICT COLLECTOR BETUL_IDA),BETUL(DISTRICT COLLECTOR BETUL_IDA),Normal/Others,Normal/Others,259942.0,2026-01-27T00:00:00.000Z,2026.0,0.0,L.No. 177 Dt. 07.10.24 Gram Panchayat Nimanwada ke sonora me,L.No. 177 Dt. 07.10.24 Gram Panchayat Nimanwada ke sonora me,,Durga Das Uikey ,,BETUL,Completed,259942,2026-01-27T00:00:00.000Z,,,,,,,,,,,,Other Civil & Development Works,General Development & Maintenance
145950.0,6a932bb5cd94452437a19dc4,Madhya Pradesh,Madhya Pradesh,BETUL,BETUL,BETUL(DISTRICT COLLECTOR BETUL_IDA),BETUL(DISTRICT COLLECTOR BETUL_IDA),Normal/Others,Normal/Others,259942.0,2026-01-27T00:00:00.000Z,2026.0,0.0,L.No. 177 Dt. 07.10.24 Gram Panchayat Datora ke datora main road jod par,L.No. 177 Dt. 07.10.24 Gram Panchayat Datora ke datora main road jod par,,Durga Das Uikey ,,BETUL,Completed,259942,2026-01-27T00:00:00.000Z,,,,,,,,,,,,Roads & Pathways,Physical Infrastructure
145952.0,6a932bb5cd94452437a1a10f,Madhya Pradesh,Madhya Pradesh,BETUL,BETUL,BETUL(DISTRICT COLLECTOR BETUL_IDA),BETUL(DISTRICT COLLECTOR BETUL_IDA),Normal/Others,Normal/Others,259942.0,2026-01-27T00:00:00.000Z,2026.0,0.0,L.No. 177 Dt. 07.10.24 Gram Panchayat Khatedakala  ke khetedakala me,L.No. 177 Dt. 07.10.24 Gram Panchayat Khatedakala  ke khetedakala me,,Durga Das Uikey ,,BETUL,Completed,259942,2026-01-27T00:00:00.000Z,,,,,,,,,,,,Other Civil & Development Works,General Development & Maintenance
146163.0,6a932bb5cd94452437a19dbc,Madhya Pradesh,Madhya Pradesh,BETUL,BETUL,BETUL(DISTRICT COLLECTOR BETUL_IDA),BETUL(DISTRICT COLLECTOR BETUL_IDA),Normal/Others,Normal/Others,259942.0,2026-01-27T00:00:00.000Z,2026.0,0.0,L.No.177 dt. 07.10.24 Gram Panchayat Bichuaa ke Bichuaa me,L.No.177 dt. 07.10.24 Gram Panchayat Bichuaa ke Bichuaa me,,Durga Das Uikey ,,BETUL,Completed,259942,2026-01-27T00:00:00.000Z,,,,,,,,,,,,Other Civil & Development Works,General Development & Maintenance
146165.0,6a932bb5cd94452437a19dbe,Madhya Pradesh,Madhya Pradesh,BETUL,BETUL,BETUL(DISTRICT COLLECTOR BETUL_IDA),BETUL(DISTRICT COLLECTOR BETUL_IDA),Normal/Others,Normal/Others,259942.0,2026-01-27T00:00:00.000Z,2026.0,0.0,L.No.177 dt. 07.10.24 Gram Panchayat shahapur me NH47 road par,L.No.177 dt. 07.10.24 Gram Panchayat shahapur me NH47 road par,,Durga Das Uikey ,,BETUL,Completed,259942,2026-01-27T00:00:00.000Z,,,,,,,,,,,,Roads & Pathways,Physical Infrastructure
146167.0,6a932bb5cd94452437a1a10c,Madhya Pradesh,Madhya Pradesh,BETUL,BETUL,BETUL(DISTRICT COLLECTOR BETUL_IDA),BETUL(DISTRICT COLLECTOR BETUL_IDA),Normal/Others,Normal/Others,259942.0,2026-01-27T00:00:00.000Z,2026.0,0.0,L.No.177 dt. 07.10.24 Gram Panchayat Ambada ke NH jod par,L.No.177 dt. 07.10.24 Gram Panchayat Ambada ke NH jod par,,Durga Das Uikey ,,BETUL,Completed,259942,2026-01-27T00:00:00.000Z,,,,,,,,,,,,Other Civil & Development Works,General Development & Maintenance
146201.0,6a932bb5cd94452437a18f7c,Madhya Pradesh,Madhya Pradesh,BETUL,BETUL,BETUL(DISTRICT COLLECTOR BETUL_IDA),BETUL(DISTRICT COLLECTOR BETUL_IDA),Normal/Others,Normal/Others,190546.0,2026-01-28T00:00:00.000Z,2026.0,0.0,L.No. 179 Dt. 07.10.24 Gram Panchayat Kumhali ke gram karpa me,L.No. 179 Dt. 07.10.24 Gram Panchayat Kumhali ke gram karpa me,,Durga Das Uikey ,,BETUL,Completed,190546,2026-01-28T00:00:00.000Z,,,,,,,,,,,,Other Civil & Development Works,General Development & Maintenance
146203.0,6a932bb5cd94452437a18f7e,Madhya Pradesh,Madhya Pradesh,BETUL,BETUL,BETUL(DISTRICT COLLECTOR BETUL_IDA),BETUL(DISTRICT COLLECTOR BETUL_IDA),Normal/Others,Normal/Others,190546.0,2026-01-28T00:00:00.000Z,2026.0,0.0,L.No. 179 Dt. 07.10.24 Gram Panchayat Mahadgaon ke BHayawadi me,L.No. 179 Dt. 07.10.24 Gram Panchayat Mahadgaon ke BHayawadi me,,Durga Das Uikey ,,BETUL,Completed,190546,2026-01-28T00:00:00.000Z,,,,,,,,,,,,Other Civil & Development Works,General Development & Maintenance
146205.0,6a932bb5cd94452437a18f82,Madhya Pradesh,Madhya Pradesh,BETUL,BETUL,BETUL(DISTRICT COLLECTOR BETUL_IDA),BETUL(DISTRICT COLLECTOR BETUL_IDA),Normal/Others,Normal/Others,190546.0,2026-01-29T00:00:00.000Z,2026.0,0.0,L.No. 179 Dt. 07.10.24 Gram Panchayat Mandaikhurda ke Mandai me,L.No. 179 Dt. 07.10.24 Gram Panchayat Mandaikhurda ke Mandai me,,Durga Das Uikey ,,BETUL,Completed,190546,2026-01-29T00:00:00.000Z,,,,,,,,,,,,Other Civil & Development Works,General Development & Maintenance
146207.0,6a932bb5cd94452437a18f89,Madhya Pradesh,Madhya Pradesh,BETUL,BETUL,BETUL(DISTRICT COLLECTOR BETUL_IDA),BETUL(DISTRICT COLLECTOR BETUL_IDA),Normal/Others,Normal/Others,190546.0,2026-01-28T00:00:00.000Z,2026.0,0.0,L.No. 179 Dt. 07.10.24 Gram Panchayat Kodaroti ke Dudaborgaon me,L.No. 179 Dt. 07.10.24 Gram Panchayat Kodaroti ke Dudaborgaon me,,Durga Das Uikey ,,BETUL,Completed,190546,2026-01-28T00:00:00.000Z,,,,,,,,,,,,Other Civil & Development Works,General Development & Maintenance
146209.0,6a932bb5cd94452437a1937c,Madhya Pradesh,Madhya Pradesh,BETUL,BETUL,BETUL(DISTRICT COLLECTOR BETUL_IDA),BETUL(DISTRICT COLLECTOR BETUL_IDA),Normal/Others,Normal/Others,190546.0,2026-01-28T00:00:00.000Z,2026.0,0.0,L.No. 179 Dt. 07.10.24 Gram Panchayat Ratamati ke Ratamati bujurga me,L.No. 179 Dt. 07.10.24 Gram Panchayat Ratamati ke Ratamati bujurga me,,Durga Das Uikey ,,BETUL,Completed,190546,2026-01-28T00:00:00.000Z,,,,,,,,,,,,Other Civil & Development Works,General Development & Maintenance
146211.0,6a932bb5cd94452437a193b9,Madhya Pradesh,Madhya Pradesh,BETUL,BETUL,BETUL(DISTRICT COLLECTOR BETUL_IDA),BETUL(DISTRICT COLLECTOR BETUL_IDA),Normal/Others,Normal/Others,190546.0,2026-01-28T00:00:00.000Z,2026.0,0.0,L.No. 179 Dt. 07.10.24 Gram Panchayat Bagholibujurga me,L.No. 179 Dt. 07.10.24 Gram Panchayat Bagholibujurga me,,Durga Das Uikey ,,BETUL,Completed,190546,2026-01-28T00:00:00.000Z,,,,,,,,,,,,Other Civil & Development Works,General Development & Maintenance
146213.0,6a932bb5cd94452437a1937e,Madhya Pradesh,Madhya Pradesh,BETUL,BETUL,BETUL(DISTRICT COLLECTOR BETUL_IDA),BETUL(DISTRICT COLLECTOR BETUL_IDA),Normal/Others,Normal/Others,190546.0,2026-01-28T00:00:00.000Z,2026.0,0.0,L.No. 179 Dt. 07.10.24 Gram Panchayat Vijaygram ke Vijaygram me,L.No. 179 Dt. 07.10.24 Gram Panchayat Vijaygram ke Vijaygram me,,Durga Das Uikey ,,BETUL,Completed,190546,2026-01-28T00:00:00.000Z,,,,,,,,,,,,Other Civil & Development Works,General Development & Maintenance
146215.0,6a932bb5cd94452437a1a03e,Madhya Pradesh,Madhya Pradesh,BETUL,BETUL,BETUL(DISTRICT COLLECTOR BETUL_IDA),BETUL(DISTRICT COLLECTOR BETUL_IDA),Normal/Others,Normal/Others,190546.0,2026-01-27T00:00:00.000Z,2026.0,0.0,L.No. 179 Dt. 07.10.24 Gram Panchayat Kekadiyakala ke Rohnikheda me,L.No. 179 Dt. 07.10.24 Gram Panchayat Kekadiyakala ke Rohnikheda me,,Durga Das Uikey ,,BETUL,Completed,190546,2026-01-27T00:00:00.000Z,,,,,,,,,,,,Other Civil & Development Works,General Development & Maintenance
146217.0,6a932bb5cd94452437a193ba,Madhya Pradesh,Madhya Pradesh,BETUL,BETUL,BETUL(DISTRICT COLLECTOR BETUL_IDA),BETUL(DISTRICT COLLECTOR BETUL_IDA),Normal/Others,Normal/Others,190546.0,2026-01-29T00:00:00.000Z,2026.0,0.0,L.No. 179 Dt. 07.10.24 Gram Panchayat Bhivkund ke Sarrai me,L.No. 179 Dt. 07.10.24 Gram Panchayat Bhivkund ke Sarrai me,,Durga Das Uikey ,,BETUL,Completed,190546,2026-01-29T00:00:00.000Z,,,,,,,,,,,,Other Civil & Development Works,General Development & Maintenance
146219.0,6a932bb5cd94452437a193bb,Madhya Pradesh,Madhya Pradesh,BETUL,BETUL,BETUL(DISTRICT COLLECTOR BETUL_IDA),BETUL(DISTRICT COLLECTOR BETUL_IDA),Normal/Others,Normal/Others,190546.0,2026-01-29T00:00:00.000Z,2026.0,0.0,L.No. 179 Dt. 07.10.24 Gram Panchayat Kordi ke Goulandhana me,L.No. 179 Dt. 07.10.24 Gram Panchayat Kordi ke Goulandhana me,,Durga Das Uikey ,,BETUL,Completed,190546,2026-01-29T00:00:00.000Z,,,,,,,,,,,,Other Civil & Development Works,General Development & Maintenance
146221.0,6a932bb5cd94452437a1a040,Madhya Pradesh,Madhya Pradesh,BETUL,BETUL,BETUL(DISTRICT COLLECTOR BETUL_IDA),BETUL(DISTRICT COLLECTOR BETUL_IDA),Normal/Others,Normal/Others,190546.0,2026-01-27T00:00:00.000Z,2026.0,0.0,L.No. 179 Dt. 07.10.24 Gram Panchayat Batlakala ke Batlakala me,L.No. 179 Dt. 07.10.24 Gram Panchayat Batlakala ke Batlakala me,,Durga Das Uikey ,,BETUL,Completed,190546,2026-01-27T00:00:00.000Z,,,,,,,,,,,,Other Civil & Development Works,General Development & Maintenance
146223.0,6a932bb5cd94452437a193bd,Madhya Pradesh,Madhya Pradesh,BETUL,BETUL,BETUL(DISTRICT COLLECTOR BETUL_IDA),BETUL(DISTRICT COLLECTOR BETUL_IDA),Normal/Others,Normal/Others,190546.0,2026-01-29T00:00:00.000Z,2026.0,0.0,L.No. 179 Dt. 07.10.24 Gram Panchayat Valvi ke Valni me,L.No. 179 Dt. 07.10.24 Gram Panchayat Valvi ke Valni me,,Durga Das Uikey ,,BETUL,Completed,190546,2026-01-29T00:00:00.000Z,,,,,,,,,,,,Other Civil & Development Works,General Development & Maintenance
146225.0,6a932bb5cd94452437a193be,Madhya Pradesh,Madhya Pradesh,BETUL,BETUL,BETUL(DISTRICT COLLECTOR BETUL_IDA),BETUL(DISTRICT COLLECTOR BETUL_IDA),Normal/Others,Normal/Others,190546.0,2026-01-29T00:00:00.000Z,2026.0,0.0,L.No. 179 Dt. 07.10.24 Gram Panchayat Badalpur ke Badalpur me,L.No. 179 Dt. 07.10.24 Gram Panchayat Badalpur ke Badalpur me,,Durga Das Uikey ,,BETUL,Completed,190546,2026-01-29T00:00:00.000Z,,,,,,,,,,,,Other Civil & Development Works,General Development & Maintenance
146227.0,6a932bb5cd94452437a193c0,Madhya Pradesh,Madhya Pradesh,BETUL,BETUL,BETUL(DISTRICT COLLECTOR BETUL_IDA),BETUL(DISTRICT COLLECTOR BETUL_IDA),Normal/Others,Normal/Others,190546.0,2026-01-29T00:00:00.000Z,2026.0,0.0,L.No. 179 Dt. 07.10.24 Gram Panchayat Khapa ke Khapa me,L.No. 179 Dt. 07.10.24 Gram Panchayat Khapa ke Khapa me,,Durga Das Uikey ,,BETUL,Completed,190546,2026-01-29T00:00:00.000Z,,,,,,,,,,,,Other Civil & Development Works,General Development & Maintenance
146229.0,6a932bb5cd94452437a193bf,Madhya Pradesh,Madhya Pradesh,BETUL,BETUL,BETUL(DISTRICT COLLECTOR BETUL_IDA),BETUL(DISTRICT COLLECTOR BETUL_IDA),Normal/Others,Normal/Others,190546.0,2026-01-29T00:00:00.000Z,2026.0,0.0,L.No. 179 Dt. 07.10.24 Gram Panchayat Rampurmal keRampurmal me,L.No. 179 Dt. 07.10.24 Gram Panchayat Rampurmal keRampurmal me,,Durga Das Uikey ,,BETUL,Completed,190546,2026-01-29T00:00:00.000Z,,,,,,,,,,,,Other Civil & Development Works,General Development & Maintenance
146231.0,6a932bb5cd94452437a193c1,Madhya Pradesh,Madhya Pradesh,BETUL,BETUL,BETUL(DISTRICT COLLECTOR BETUL_IDA),BETUL(DISTRICT COLLECTOR BETUL_IDA),Normal/Others,Normal/Others,190546.0,2026-01-29T00:00:00.000Z,2026.0,0.0,L.No. 179 Dt. 07.10.24 Gram Panchayat Jamthi ke Jamthi me,L.No. 179 Dt. 07.10.24 Gram Panchayat Jamthi ke Jamthi me,,Durga Das Uikey ,,BETUL,Completed,190546,2026-01-29T00:00:00.000Z,,,,,,,,,,,,Other Civil & Development Works,General Development & Maintenance
146233.0,6a932bb5cd94452437a193c3,Madhya Pradesh,Madhya Pradesh,BETUL,BETUL,BETUL(DISTRICT COLLECTOR BETUL_IDA),BETUL(DISTRICT COLLECTOR BETUL_IDA),Normal/Others,Normal/Others,190546.0,2026-01-29T00:00:00.000Z,2026.0,0.0,L.No. 179 Dt. 07.10.24 Gram Panchayat Chikhlimal ke Chikhalimalme,L.No. 179 Dt. 07.10.24 Gram Panchayat Chikhlimal ke Chikhalimalme,,Durga Das Uikey ,,BETUL,Completed,190546,2026-01-29T00:00:00.000Z,,,,,,,,,,,,Other Civil & Development Works,General Development & Maintenance
146235.0,6a932bb5cd94452437a193c5,Madhya Pradesh,Madhya Pradesh,BETUL,BETUL,BETUL(DISTRICT COLLECTOR BETUL_IDA),BETUL(DISTRICT COLLECTOR BETUL_IDA),Normal/Others,Normal/Others,190546.0,2026-01-29T00:00:00.000Z,2026.0,0.0,L.No. 179 Dt. 07.10.24 Gram Panchayat Sendurjana ke Sendurjana me,L.No. 179 Dt. 07.10.24 Gram Panchayat Sendurjana ke Sendurjana me,,Durga Das Uikey ,,BETUL,Completed,190546,2026-01-29T00:00:00.000Z,,,,,,,,,,,,Other Civil & Development Works,General Development & Maintenance
146249.0,6a932bb5cd94452437a19387,Madhya Pradesh,Madhya Pradesh,BETUL,BETUL,BETUL(DISTRICT COLLECTOR BETUL_IDA),BETUL(DISTRICT COLLECTOR BETUL_IDA),Normal/Others,Normal/Others,190546.0,2026-01-29T00:00:00.000Z,2026.0,0.0,L.No. 179 Dt 07.10.24 Nagar Parishad Shahapur me,L.No. 179 Dt 07.10.24 Nagar Parishad Shahapur me,,Durga Das Uikey ,,BETUL,Completed,190546,2026-01-29T00:00:00.000Z,,,,,,,,,,,,Other Civil & Development Works,General Development & Maintenance
146251.0,6a932bb5cd94452437a18f78,Madhya Pradesh,Madhya Pradesh,BETUL,BETUL,BETUL(DISTRICT COLLECTOR BETUL_IDA),BETUL(DISTRICT COLLECTOR BETUL_IDA),Normal/Others,Normal/Others,190546.0,2026-01-29T00:00:00.000Z,2026.0,0.0,L.No. 179 Dt 07.10.24 Nagar Parishad Aathner me,L.No. 179 Dt 07.10.24 Nagar Parishad Aathner me,,Durga Das Uikey ,,BETUL,Completed,190546,2026-01-29T00:00:00.000Z,,,,,,,,,,,,Other Civil & Development Works,General Development & Maintenance
146253.0,6a932bb5cd94452437a193c7,Madhya Pradesh,Madhya Pradesh,BETUL,BETUL,BETUL(DISTRICT COLLECTOR BETUL_IDA),BETUL(DISTRICT COLLECTOR BETUL_IDA),Normal/Others,Normal/Others,190546.0,2026-01-29T00:00:00.000Z,2026.0,0.0,L.No. 179 Dt 07.10.24 Nagar Parishad Amla me,L.No. 179 Dt 07.10.24 Nagar Parishad Amla me,,Durga Das Uikey ,,BETUL,Completed,190546,2026-01-29T00:00:00.000Z,,,,,,,,,,,,Other Civil & Development Works,General Development & Maintenance
146255.0,6a932bb5cd94452437a19389,Madhya Pradesh,Madhya Pradesh,BETUL,BETUL,BETUL(DISTRICT COLLECTOR BETUL_IDA),BETUL(DISTRICT COLLECTOR BETUL_IDA),Normal/Others,Normal/Others,190546.0,2026-01-29T00:00:00.000Z,2026.0,0.0,L.No. 179 Dt 07.10.24 Nagar Parishad Multai me,L.No. 179 Dt 07.10.24 Nagar Parishad Multai me,,Durga Das Uikey ,,BETUL,Completed,190546,2026-01-29T00:00:00.000Z,,,,,,,,,,,,Other Civil & Development Works,General Development & Maintenance
146257.0,6a932bb5cd94452437a193c9,Madhya Pradesh,Madhya Pradesh,BETUL,BETUL,BETUL(DISTRICT COLLECTOR BETUL_IDA),BETUL(DISTRICT COLLECTOR BETUL_IDA),Normal/Others,Normal/Others,190546.0,2026-01-29T00:00:00.000Z,2026.0,0.0,L.No. 179 Dt 07.10.24 Nagar Parishad Betul me,L.No. 179 Dt 07.10.24 Nagar Parishad Betul me,,Durga Das Uikey ,,BETUL,Completed,190546,2026-01-29T00:00:00.000Z,,,,,,,,,,,,Other Civil & Development Works,General Development & Maintenance
146259.0,6a932bb5cd94452437a19390,Madhya Pradesh,Madhya Pradesh,BETUL,BETUL,BETUL(DISTRICT COLLECTOR BETUL_IDA),BETUL(DISTRICT COLLECTOR BETUL_IDA),Normal/Others,Normal/Others,190546.0,2026-01-29T00:00:00.000Z,2026.0,0.0,L.No. 179 Dt 07.10.24 Nagar Parishad Betulbazar me,L.No. 179 Dt 07.10.24 Nagar Parishad Betulbazar me,,Durga Das Uikey ,,BETUL,Completed,190546,2026-01-29T00:00:00.000Z,,,,,,,,,,,,Other Civil & Development Works,General Development & Maintenance
146261.0,6a932bb5cd94452437a1938d,Madhya Pradesh,Madhya Pradesh,BETUL,BETUL,BETUL(DISTRICT COLLECTOR BETUL_IDA),BETUL(DISTRICT COLLECTOR BETUL_IDA),Normal/Others,Normal/Others,190546.0,2026-01-29T00:00:00.000Z,2026.0,0.0,L.No. 179 Dt 07.10.24 Nagar Parishad Chicholi me,L.No. 179 Dt 07.10.24 Nagar Parishad Chicholi me,,Durga Das Uikey ,,BETUL,Completed,190546,2026-01-29T00:00:00.000Z,,,,,,,,,,,,Other Civil & Development Works,General Development & Maintenance
146357.0,6a932bb5cd94452437a18522,Madhya Pradesh,Madhya Pradesh,KHANDWA,KHANDWA,Khandwa (East Nimar)(DISTRICT COLLECTOR EAST NIMAR_IDA),Khandwa (East Nimar)(DISTRICT COLLECTOR EAST NIMAR_IDA),Normal/Others,Normal/Others,250000.0,2026-04-07T00:00:00.000Z,2026.0,0.0,sarvajanik shed nirman ekhand,sarvajanik shed nirman ekhand,,Gyaneshwar Patil,,KHANDWA,Completed,250000,2026-04-07T00:00:00.000Z,,,,,,,,,,,,Community Centers & Halls,Social Infrastructure
146394.0,6a932bb5cd94452437a18684,Madhya Pradesh,Madhya Pradesh,UJJAIN,UJJAIN,UJJAIN(DISTRICT COLLECTOR UJJAIN_IDA),UJJAIN(DISTRICT COLLECTOR UJJAIN_IDA),Normal/Others,Normal/Others,97830.0,2026-04-07T00:00:00.000Z,2026.0,0.0,,,,Shri Anil Firojiya,,UJJAIN,Completed,97830,2026-04-07T00:00:00.000Z,,,,,,,,,,,,Other Civil & Development Works,General Development & Maintenance
146396.0,6a932bb5cd94452437a1867b,Madhya Pradesh,Madhya Pradesh,UJJAIN,UJJAIN,UJJAIN(DISTRICT COLLECTOR UJJAIN_IDA),UJJAIN(DISTRICT COLLECTOR UJJAIN_IDA),Normal/Others,Normal/Others,97830.0,2026-04-07T00:00:00.000Z,2026.0,0.0,,,,Shri Anil Firojiya,,UJJAIN,Completed,97830,2026-04-07T00:00:00.000Z,,,,,,,,,,,,Other Civil & Development Works,General Development & Maintenance
146398.0,6a932bb5cd94452437a1867d,Madhya Pradesh,Madhya Pradesh,UJJAIN,UJJAIN,UJJAIN(DISTRICT COLLECTOR UJJAIN_IDA),UJJAIN(DISTRICT COLLECTOR UJJAIN_IDA),Normal/Others,Normal/Others,97830.0,2026-04-07T00:00:00.000Z,2026.0,0.0,,,,Shri Anil Firojiya,,UJJAIN,Completed,97830,2026-04-07T00:00:00.000Z,,,,,,,,,,,,Other Civil & Development Works,General Development & Maintenance
146400.0,6a932bb5cd94452437a1867f,Madhya Pradesh,Madhya Pradesh,UJJAIN,UJJAIN,UJJAIN(DISTRICT COLLECTOR UJJAIN_IDA),UJJAIN(DISTRICT COLLECTOR UJJAIN_IDA),Normal/Others,Normal/Others,97830.0,2026-04-07T00:00:00.000Z,2026.0,0.0,,,,Shri Anil Firojiya,,UJJAIN,Completed,97830,2026-04-07T00:00:00.000Z,,,,,,,,,,,,Other Civil & Development Works,General Development & Maintenance
146404.0,6a932bb5cd94452437a18679,Madhya Pradesh,Madhya Pradesh,UJJAIN,UJJAIN,UJJAIN(DISTRICT COLLECTOR UJJAIN_IDA),UJJAIN(DISTRICT COLLECTOR UJJAIN_IDA),Normal/Others,Normal/Others,97830.0,2026-04-07T00:00:00.000Z,2026.0,0.0,,,,Shri Anil Firojiya,,UJJAIN,Completed,97830,2026-04-07T00:00:00.000Z,,,,,,,,,,,,Other Civil & Development Works,General Development & Maintenance
146462.0,6a932bb5cd94452437a17d0c,Madhya Pradesh,Madhya Pradesh,BETUL,BETUL,Khandwa (East Nimar)(DISTRICT COLLECTOR EAST NIMAR_IDA),Khandwa (East Nimar)(DISTRICT COLLECTOR EAST NIMAR_IDA),Normal/Others,Normal/Others,190546.0,2025-10-16T00:00:00.000Z,2025.0,0.0,L.No. 181 Betul Dt. 07.10.2024 Gram Panchayat Ambada ke Gram Ambada me Water Tenkar,L.No. 181 Betul Dt. 07.10.2024 Gram Panchayat Ambada ke Gram Ambada me Water Tenkar,,Durga Das Uikey ,,BETUL,Completed,190546,2025-10-16T00:00:00.000Z,,,,,,,,,,,,Drinking Water Supply,Public Health & Basic Amenities
146464.0,6a932bb5cd94452437a17d0e,Madhya Pradesh,Madhya Pradesh,BETUL,BETUL,Khandwa (East Nimar)(DISTRICT COLLECTOR EAST NIMAR_IDA),Khandwa (East Nimar)(DISTRICT COLLECTOR EAST NIMAR_IDA),Normal/Others,Normal/Others,190546.0,2025-10-16T00:00:00.000Z,2025.0,0.0,L.No. 181 Betul Dt. 07.10.2024 Gram Panchayat Mohalkhari ke Gram Mohalkhari me Water Tenkar,L.No. 181 Betul Dt. 07.10.2024 Gram Panchayat Mohalkhari ke Gram Mohalkhari me Water Tenkar,,Durga Das Uikey ,,BETUL,Completed,190546,2025-10-16T00:00:00.000Z,,,,,,,,,,,,Drinking Water Supply,Public Health & Basic Amenities
146466.0,6a932bb5cd94452437a17d16,Madhya Pradesh,Madhya Pradesh,BETUL,BETUL,Khandwa (East Nimar)(DISTRICT COLLECTOR EAST NIMAR_IDA),Khandwa (East Nimar)(DISTRICT COLLECTOR EAST NIMAR_IDA),Normal/Others,Normal/Others,190546.0,2025-10-16T00:00:00.000Z,2025.0,0.0,L.No. 181 Betul Dt. 07.10.2024 Gram Panchayat Dhawadi ke Gram Dhawadi me Water Tenkar,L.No. 181 Betul Dt. 07.10.2024 Gram Panchayat Dhawadi ke Gram Dhawadi me Water Tenkar,,Durga Das Uikey ,,BETUL,Completed,190546,2025-10-16T00:00:00.000Z,,,,,,,,,,,,Drinking Water Supply,Public Health & Basic Amenities
146468.0,6a932bb5cd94452437a17d14,Madhya Pradesh,Madhya Pradesh,BETUL,BETUL,Khandwa (East Nimar)(DISTRICT COLLECTOR EAST NIMAR_IDA),Khandwa (East Nimar)(DISTRICT COLLECTOR EAST NIMAR_IDA),Normal/Others,Normal/Others,190546.0,2025-10-16T00:00:00.000Z,2025.0,0.0,L.No. 181 Betul Dt. 07.10.2024 Gram Panchayat Patalda ke Gram Patalda me Water Tenkar,L.No. 181 Betul Dt. 07.10.2024 Gram Panchayat Patalda ke Gram Patalda me Water Tenkar,,Durga Das Uikey ,,BETUL,Completed,190546,2025-10-16T00:00:00.000Z,,,,,,,,,,,,Drinking Water Supply,Public Health & Basic Amenities
146470.0,6a932bb5cd94452437a17d12,Madhya Pradesh,Madhya Pradesh,BETUL,BETUL,Khandwa (East Nimar)(DISTRICT COLLECTOR EAST NIMAR_IDA),Khandwa (East Nimar)(DISTRICT COLLECTOR EAST NIMAR_IDA),Normal/Others,Normal/Others,190546.0,2025-10-16T00:00:00.000Z,2025.0,0.0,L.No. 181 Betul Dt. 07.10.2024 Gram Panchayat Dhakochi ke Gram Dhakochi me Water Tenkar,L.No. 181 Betul Dt. 07.10.2024 Gram Panchayat Dhakochi ke Gram Dhakochi me Water Tenkar,,Durga Das Uikey ,,BETUL,Completed,190546,2025-10-16T00:00:00.000Z,,,,,,,,,,,,Drinking Water Supply,Public Health & Basic Amenities
146472.0,6a932bb5cd94452437a17d10,Madhya Pradesh,Madhya Pradesh,BETUL,BETUL,Khandwa (East Nimar)(DISTRICT COLLECTOR EAST NIMAR_IDA),Khandwa (East Nimar)(DISTRICT COLLECTOR EAST NIMAR_IDA),Normal/Others,Normal/Others,190546.0,2025-10-16T00:00:00.000Z,2025.0,0.0,L.No. 181 Betul Dt. 07.10.2024 Gram Panchayat Awaliya ke Gram Awaliya me Water Tenkar,L.No. 181 Betul Dt. 07.10.2024 Gram Panchayat Awaliya ke Gram Awaliya me Water Tenkar,,Durga Das Uikey ,,BETUL,Completed,190546,2025-10-16T00:00:00.000Z,,,,,,,,,,,,Drinking Water Supply,Public Health & Basic Amenities
146485.0,6a932bb5cd94452437a16ae1,Madhya Pradesh,Madhya Pradesh,BETUL,BETUL,HARDA(District Collector Harda_IDA),HARDA(District Collector Harda_IDA),Normal/Others,Normal/Others,259942.0,2025-07-23T00:00:00.000Z,2025.0,0.0,L.No. 184 Dt 07.10.2024 Gram Panchayat Sonkhedi ke gram sonkhedi me,L.No. 184 Dt 07.10.2024 Gram Panchayat Sonkhedi ke gram sonkhedi me,,Durga Das Uikey ,,BETUL,Completed,259942,2025-07-23T00:00:00.000Z,,,,,,,,,,,,Other Civil & Development Works,General Development & Maintenance
146488.0,6a932bb5cd94452437a16ae0,Madhya Pradesh,Madhya Pradesh,BETUL,BETUL,HARDA(District Collector Harda_IDA),HARDA(District Collector Harda_IDA),Normal/Others,Normal/Others,259942.0,2025-07-23T00:00:00.000Z,2025.0,0.0,L.No. 184 Dt 07.10.2024 Gram Panchayat  Kakariya ke Gram Kakariya me,L.No. 184 Dt 07.10.2024 Gram Panchayat  Kakariya ke Gram Kakariya me,,Durga Das Uikey ,,BETUL,Completed,259942,2025-07-23T00:00:00.000Z,,,,,,,,,,,,Other Civil & Development Works,General Development & Maintenance
146491.0,6a932bb5cd94452437a16ae2,Madhya Pradesh,Madhya Pradesh,BETUL,BETUL,HARDA(District Collector Harda_IDA),HARDA(District Collector Harda_IDA),Normal/Others,Normal/Others,259942.0,2025-07-23T00:00:00.000Z,2025.0,0.0,L.No. 184 Dt 07.10.2024 Gram Panchayat Masangaon ke Gangla me,L.No. 184 Dt 07.10.2024 Gram Panchayat Masangaon ke Gangla me,,Durga Das Uikey ,,BETUL,Completed,259942,2025-07-23T00:00:00.000Z,,,,,,,,,,,,Other Civil & Development Works,General Development & Maintenance
146493.0,6a932bb5cd94452437a16afe,Madhya Pradesh,Madhya Pradesh,BETUL,BETUL,HARDA(District Collector Harda_IDA),HARDA(District Collector Harda_IDA),Normal/Others,Normal/Others,259942.0,2025-07-23T00:00:00.000Z,2025.0,0.0,L.No. 184 Dt 07.10.2024 Gram Panchayat Nousar ke gram Nousar me,L.No. 184 Dt 07.10.2024 Gram Panchayat Nousar ke gram Nousar me,,Durga Das Uikey ,,BETUL,Completed,259942,2025-07-23T00:00:00.000Z,,,,,,,,,,,,Other Civil & Development Works,General Development & Maintenance
146496.0,6a932bb5cd94452437a16afc,Madhya Pradesh,Madhya Pradesh,BETUL,BETUL,HARDA(District Collector Harda_IDA),HARDA(District Collector Harda_IDA),Normal/Others,Normal/Others,259942.0,2025-07-23T00:00:00.000Z,2025.0,0.0,L.No. 184 Dt 07.10.2024 Gram Panchayat Godagaon kala me,L.No. 184 Dt 07.10.2024 Gram Panchayat Godagaon kala me,,Durga Das Uikey ,,BETUL,Completed,259942,2025-07-23T00:00:00.000Z,,,,,,,,,,,,Other Civil & Development Works,General Development & Maintenance
146499.0,6a932bb5cd94452437a16afa,Madhya Pradesh,Madhya Pradesh,BETUL,BETUL,HARDA(District Collector Harda_IDA),HARDA(District Collector Harda_IDA),Normal/Others,Normal/Others,259942.0,2025-07-22T00:00:00.000Z,2025.0,0.0,L.No. 184 Dt 07.10.2024 Gram Panchayat Khidkai me,L.No. 184 Dt 07.10.2024 Gram Panchayat Khidkai me,,Durga Das Uikey ,,BETUL,Completed,259942,2025-07-22T00:00:00.000Z,,,,,,,,,,,,Other Civil & Development Works,General Development & Maintenance
146501.0,6a932bb5cd94452437a16ad9,Madhya Pradesh,Madhya Pradesh,BETUL,BETUL,HARDA(District Collector Harda_IDA),HARDA(District Collector Harda_IDA),Normal/Others,Normal/Others,259942.0,2025-07-23T00:00:00.000Z,2025.0,0.0,L.No. 184 Dt 07.10.2024 Gram Panchayat Neemkheda mal me Panchmukhi Hanuman Mandir ke pass,L.No. 184 Dt 07.10.2024 Gram Panchayat Neemkheda mal me Panchmukhi Hanuman Mandir ke pass,,Durga Das Uikey ,,BETUL,Completed,259942,2025-07-23T00:00:00.000Z,,,,,,,,,,,,Other Civil & Development Works,General Development & Maintenance
146503.0,6a932bb5cd94452437a16ad6,Madhya Pradesh,Madhya Pradesh,BETUL,BETUL,HARDA(District Collector Harda_IDA),HARDA(District Collector Harda_IDA),Normal/Others,Normal/Others,259942.0,2025-07-23T00:00:00.000Z,2025.0,0.0,L.No. 184 Dt 07.10.2024 Gram Panchayat Kaliya khedi ke gram Jhajhri me,L.No. 184 Dt 07.10.2024 Gram Panchayat Kaliya khedi ke gram Jhajhri me,,Durga Das Uikey ,,BETUL,Completed,259942,2025-07-23T00:00:00.000Z,,,,,,,,,,,,Other Civil & Development Works,General Development & Maintenance
146505.0,6a932bb5cd94452437a16ad5,Madhya Pradesh,Madhya Pradesh,BETUL,BETUL,HARDA(District Collector Harda_IDA),HARDA(District Collector Harda_IDA),Normal/Others,Normal/Others,259942.0,2025-07-23T00:00:00.000Z,2025.0,0.0,L.No. 184 Dt 07.10.2024 Gram Panchayat Padwa me,L.No. 184 Dt 07.10.2024 Gram Panchayat Padwa me,,Durga Das Uikey ,,BETUL,Completed,259942,2025-07-23T00:00:00.000Z,,,,,,,,,,,,Other Civil & Development Works,General Development & Maintenance
146507.0,6a932bb5cd94452437a16ad3,Madhya Pradesh,Madhya Pradesh,BETUL,BETUL,HARDA(District Collector Harda_IDA),HARDA(District Collector Harda_IDA),Normal/Others,Normal/Others,259942.0,2025-07-23T00:00:00.000Z,2025.0,0.0,L.No. 184 Dt 07.10.2024 Gram Panchayat Sarsood me,L.No. 184 Dt 07.10.2024 Gram Panchayat Sarsood me,,Durga Das Uikey ,,BETUL,Completed,259942,2025-07-23T00:00:00.000Z,,,,,,,,,,,,Other Civil & Development Works,General Development & Maintenance
146509.0,6a932bb5cd94452437a16ad1,Madhya Pradesh,Madhya Pradesh,BETUL,BETUL,HARDA(District Collector Harda_IDA),HARDA(District Collector Harda_IDA),Normal/Others,Normal/Others,259942.0,2025-07-23T00:00:00.000Z,2025.0,0.0,L.No. 184 Dt 07.10.2024 Gram Panchayat Saktapur ke gram Bafla me,L.No. 184 Dt 07.10.2024 Gram Panchayat Saktapur ke gram Bafla me,,Durga Das Uikey ,,BETUL,Completed,259942,2025-07-23T00:00:00.000Z,,,,,,,,,,,,Other Civil & Development Works,General Development & Maintenance
146511.0,6a932bb5cd94452437a16acf,Madhya Pradesh,Madhya Pradesh,BETUL,BETUL,HARDA(District Collector Harda_IDA),HARDA(District Collector Harda_IDA),Normal/Others,Normal/Others,259942.0,2025-07-23T00:00:00.000Z,2025.0,0.0,L.No. 184 Dt 07.10.2024 Gram Panchayat Neemsarai ke Gram Egariya me,L.No. 184 Dt 07.10.2024 Gram Panchayat Neemsarai ke Gram Egariya me,,Durga Das Uikey ,,BETUL,Completed,259942,2025-07-23T00:00:00.000Z,,,,,,,,,,,,Other Civil & Development Works,General Development & Maintenance
146516.0,6a932bb5cd94452437a175d5,Madhya Pradesh,Madhya Pradesh,BETUL,BETUL,HARDA(District Collector Harda_IDA),HARDA(District Collector Harda_IDA),Normal/Others,Normal/Others,259942.0,2025-09-25T00:00:00.000Z,2025.0,0.0,"L.No. 184 Dt 07.10.2024 NP Sirali 
 me irali Hospital ke pass","L.No. 184 Dt 07.10.2024 NP Sirali 
 me irali Hospital ke pass",,Durga Das Uikey ,,BETUL,Completed,259942,2025-09-25T00:00:00.000Z,,,,,,,,,,,,"Health, Sanitation & Public Hygiene",Public Health & Basic Amenities
146518.0,6a932bb5cd94452437a16d3b,Madhya Pradesh,Madhya Pradesh,BETUL,BETUL,HARDA(District Collector Harda_IDA),HARDA(District Collector Harda_IDA),Normal/Others,Normal/Others,259942.0,2025-07-23T00:00:00.000Z,2025.0,0.0,L.No. 184 Dt 07.10.2024 Gram Panchayat Khedinema ke gram Bhamori me,L.No. 184 Dt 07.10.2024 Gram Panchayat Khedinema ke gram Bhamori me,,Durga Das Uikey ,,BETUL,Completed,259942,2025-07-23T00:00:00.000Z,,,,,,,,,,,,Other Civil & Development Works,General Development & Maintenance
146521.0,6a932bb5cd94452437a16ade,Madhya Pradesh,Madhya Pradesh,BETUL,BETUL,HARDA(District Collector Harda_IDA),HARDA(District Collector Harda_IDA),Normal/Others,Normal/Others,259942.0,2025-07-23T00:00:00.000Z,2025.0,0.0,L.No. 184 Dt 07.10.2024 Gram Panchayat Kamtada me,L.No. 184 Dt 07.10.2024 Gram Panchayat Kamtada me,,Durga Das Uikey ,,BETUL,Completed,259942,2025-07-23T00:00:00.000Z,,,,,,,,,,,,Other Civil & Development Works,General Development & Maintenance
146523.0,6a932bb5cd94452437a16adc,Madhya Pradesh,Madhya Pradesh,BETUL,BETUL,HARDA(District Collector Harda_IDA),HARDA(District Collector Harda_IDA),Normal/Others,Normal/Others,259942.0,2025-07-23T00:00:00.000Z,2025.0,0.0,L.No. 184 Dt 07.10.2024 Gram Panchayat Bhatparetiya me,L.No. 184 Dt 07.10.2024 Gram Panchayat Bhatparetiya me,,Durga Das Uikey ,,BETUL,Completed,259942,2025-07-23T00:00:00.000Z,,,,,,,,,,,,Other Civil & Development Works,General Development & Maintenance
146526.0,6a932bb5cd94452437a16d3a,Madhya Pradesh,Madhya Pradesh,BETUL,BETUL,HARDA(District Collector Harda_IDA),HARDA(District Collector Harda_IDA),Normal/Others,Normal/Others,259942.0,2025-07-23T00:00:00.000Z,2025.0,0.0,L.No. 184 Dt 07.10.2024 Gram Panchayat Mediyakhedi ke gram Baliyakhedi me,L.No. 184 Dt 07.10.2024 Gram Panchayat Mediyakhedi ke gram Baliyakhedi me,,Durga Das Uikey ,,BETUL,Completed,259942,2025-07-23T00:00:00.000Z,,,,,,,,,,,,Other Civil & Development Works,General Development & Maintenance
146596.0,6a932bb5cd94452437a1af94,Madhya Pradesh,Madhya Pradesh,KHANDWA,KHANDWA,BURHANPUR(District Collector Burhanpur_IDA),BURHANPUR(District Collector Burhanpur_IDA),Normal/Others,Normal/Others,500000.0,2025-10-23T00:00:00.000Z,2025.0,0.0,SABHA MANDAP AT WARD NUM 2 NEAR PANI TANKI,SABHA MANDAP AT WARD NUM 2 NEAR PANI TANKI,,Gyaneshwar Patil,,KHANDWA,Completed,500000,2025-10-23T00:00:00.000Z,,,,,,,,,,,,Community Centers & Halls,Social Infrastructure
146601.0,6a932bb5cd94452437a16b25,Madhya Pradesh,Madhya Pradesh,KHANDWA,KHANDWA,BURHANPUR(District Collector Burhanpur_IDA),BURHANPUR(District Collector Burhanpur_IDA),Normal/Others,Normal/Others,262545.0,2024-12-23T00:00:00.000Z,2024.0,0.0,vidhyut transformer and vidhyut line karya,vidhyut transformer and vidhyut line karya,,Gyaneshwar Patil,,KHANDWA,Completed,262545,2024-12-23T00:00:00.000Z,,,,,,,,,,,,"Electricity, Lighting & Solar Energy",Physical Infrastructure
147125.0,6a932bb5cd94452437a1938c,Madhya Pradesh,Madhya Pradesh,BETUL,BETUL,BETUL(DISTRICT COLLECTOR BETUL_IDA),BETUL(DISTRICT COLLECTOR BETUL_IDA),Normal/Others,Normal/Others,190546.0,2026-01-29T00:00:00.000Z,2026.0,0.0,L.No. 179 Dt. 07.10.24 Nagar Parishad Chicholi me Water Tenkar,L.No. 179 Dt. 07.10.24 Nagar Parishad Chicholi me Water Tenkar,,Durga Das Uikey ,,BETUL,Completed,190546,2026-01-29T00:00:00.000Z,,,,,,,,,,,,Drinking Water Supply,Public Health & Basic Amenities
147436.0,6a932bb5cd94452437a16b28,Madhya Pradesh,Madhya Pradesh,KHARGONE,KHARGONE,Khargone (West Nimar)(DISTRICT COLLECTOR KHARGONE_IDA),Khargone (West Nimar)(DISTRICT COLLECTOR KHARGONE_IDA),Normal/Others,Normal/Others,1000000.0,2026-01-21T00:00:00.000Z,2026.0,0.0,Construction of community hall in village Piprata at Kushwaha Mohalla,Construction of community hall in village Piprata at Kushwaha Mohalla,,Gajendra Singh Patel,,KHARGONE,Completed,1000000,2026-01-21T00:00:00.000Z,,,,,,,,,,,,Community Centers & Halls,Social Infrastructure
147444.0,6a932bb5cd94452437a170ae,Madhya Pradesh,Madhya Pradesh,KHARGONE,KHARGONE,Khargone (West Nimar)(DISTRICT COLLECTOR KHARGONE_IDA),Khargone (West Nimar)(DISTRICT COLLECTOR KHARGONE_IDA),Normal/Others,Normal/Others,1000000.0,2026-04-24T00:00:00.000Z,2026.0,0.0,Construction of community hall in village Dasanga at Patidar Mohalla,Construction of community hall in village Dasanga at Patidar Mohalla,,Gajendra Singh Patel,,KHARGONE,Completed,1000000,2026-04-24T00:00:00.000Z,,,,,,,,,,,,Community Centers & Halls,Social Infrastructure
147659.0,6a932bb5cd94452437a16955,Madhya Pradesh,Madhya Pradesh,KHARGONE,KHARGONE,Khargone (West Nimar)(DISTRICT COLLECTOR KHARGONE_IDA),Khargone (West Nimar)(DISTRICT COLLECTOR KHARGONE_IDA),Normal/Others,Normal/Others,1000000.0,2025-09-17T00:00:00.000Z,2025.0,0.0,Construction of common work shed in village Choli at Near Radha Bihari Gaushala,Construction of common work shed in village Choli at Near Radha Bihari Gaushala,,Gajendra Singh Patel,,KHARGONE,Completed,1000000,2025-09-17T00:00:00.000Z,,,,,,,,,,,,Community Centers & Halls,Social Infrastructure
147791.0,6a932bb5cd94452437a167f2,Madhya Pradesh,Madhya Pradesh,KHARGONE,KHARGONE,Khargone (West Nimar)(DISTRICT COLLECTOR KHARGONE_IDA),Khargone (West Nimar)(DISTRICT COLLECTOR KHARGONE_IDA),Normal/Others,Normal/Others,139388.0,2026-03-11T00:00:00.000Z,2026.0,0.0,Purchase of mobile water tanker for village Bagod,Purchase of mobile water tanker for village Bagod,,Gajendra Singh Patel,,KHARGONE,Completed,139388,2026-03-11T00:00:00.000Z,,,,,,,,,,,,Drinking Water Supply,Public Health & Basic Amenities
147793.0,6a932bb5cd94452437a167f4,Madhya Pradesh,Madhya Pradesh,KHARGONE,KHARGONE,Khargone (West Nimar)(DISTRICT COLLECTOR KHARGONE_IDA),Khargone (West Nimar)(DISTRICT COLLECTOR KHARGONE_IDA),Normal/Others,Normal/Others,139388.0,2026-03-12T00:00:00.000Z,2026.0,0.0,Purchase of mobile water tanker for village Gujarmohna,Purchase of mobile water tanker for village Gujarmohna,,Gajendra Singh Patel,,KHARGONE,Completed,139388,2026-03-12T00:00:00.000Z,,,,,,,,,,,,Drinking Water Supply,Public Health & Basic Amenities
147797.0,6a932bb5cd94452437a167f6,Madhya Pradesh,Madhya Pradesh,KHARGONE,KHARGONE,Khargone (West Nimar)(DISTRICT COLLECTOR KHARGONE_IDA),Khargone (West Nimar)(DISTRICT COLLECTOR KHARGONE_IDA),Normal/Others,Normal/Others,139388.0,2026-03-12T00:00:00.000Z,2026.0,0.0,Purchase of mobile water tanker for village Amlatha,Purchase of mobile water tanker for village Amlatha,,Gajendra Singh Patel,,KHARGONE,Completed,139388,2026-03-12T00:00:00.000Z,,,,,,,,,,,,Drinking Water Supply,Public Health & Basic Amenities
147799.0,6a932bb5cd94452437a167f8,Madhya Pradesh,Madhya Pradesh,KHARGONE,KHARGONE,Khargone (West Nimar)(DISTRICT COLLECTOR KHARGONE_IDA),Khargone (West Nimar)(DISTRICT COLLECTOR KHARGONE_IDA),Normal/Others,Normal/Others,139388.0,2026-04-01T00:00:00.000Z,2026.0,0.0,Purchase of mobile water tanker for village Nimoni,Purchase of mobile water tanker for village Nimoni,,Gajendra Singh Patel,,KHARGONE,Completed,139388,2026-04-01T00:00:00.000Z,,,,,,,,,,,,Drinking Water Supply,Public Health & Basic Amenities
147801.0,6a932bb5cd94452437a167fa,Madhya Pradesh,Madhya Pradesh,KHARGONE,KHARGONE,Khargone (West Nimar)(DISTRICT COLLECTOR KHARGONE_IDA),Khargone (West Nimar)(DISTRICT COLLECTOR KHARGONE_IDA),Normal/Others,Normal/Others,139388.0,2026-04-02T00:00:00.000Z,2026.0,0.0,Purchase of mobile water tanker for village Bhesawad,Purchase of mobile water tanker for village Bhesawad,,Gajendra Singh Patel,,KHARGONE,Completed,139388,2026-04-02T00:00:00.000Z,,,,,,,,,,,,Drinking Water Supply,Public Health & Basic Amenities
147803.0,6a932bb5cd94452437a167fc,Madhya Pradesh,Madhya Pradesh,KHARGONE,KHARGONE,Khargone (West Nimar)(DISTRICT COLLECTOR KHARGONE_IDA),Khargone (West Nimar)(DISTRICT COLLECTOR KHARGONE_IDA),Normal/Others,Normal/Others,139388.0,2026-04-08T00:00:00.000Z,2026.0,0.0,Purchase of mobile water tanker for village Aghawan,Purchase of mobile water tanker for village Aghawan,,Gajendra Singh Patel,,KHARGONE,Completed,139388,2026-04-08T00:00:00.000Z,,,,,,,,,,,,Drinking Water Supply,Public Health & Basic Amenities
147805.0,6a932bb5cd94452437a167fe,Madhya Pradesh,Madhya Pradesh,KHARGONE,KHARGONE,Khargone (West Nimar)(DISTRICT COLLECTOR KHARGONE_IDA),Khargone (West Nimar)(DISTRICT COLLECTOR KHARGONE_IDA),Normal/Others,Normal/Others,139388.0,2026-04-08T00:00:00.000Z,2026.0,0.0,Purchase of mobile water tanker for village Baijapura,Purchase of mobile water tanker for village Baijapura,,Gajendra Singh Patel,,KHARGONE,Completed,139388,2026-04-08T00:00:00.000Z,,,,,,,,,,,,Drinking Water Supply,Public Health & Basic Amenities
147807.0,6a932bb5cd94452437a16c75,Madhya Pradesh,Madhya Pradesh,KHARGONE,KHARGONE,BARWANI(DISTRICT COLLECTOR BADWANI_IDA),BARWANI(DISTRICT COLLECTOR BADWANI_IDA),Normal/Others,Normal/Others,166026.0,2026-01-22T00:00:00.000Z,2026.0,0.0,Purchase of mobile GI water tanker for village Chouki,Purchase of mobile GI water tanker for village Chouki,,Gajendra Singh Patel,,KHARGONE,Completed,166026,2026-01-22T00:00:00.000Z,,,,,,,,,,,,Drinking Water Supply,Public Health & Basic Amenities
147809.0,6a932bb5cd94452437a16c71,Madhya Pradesh,Madhya Pradesh,KHARGONE,KHARGONE,BARWANI(DISTRICT COLLECTOR BADWANI_IDA),BARWANI(DISTRICT COLLECTOR BADWANI_IDA),Normal/Others,Normal/Others,166026.0,2026-01-22T00:00:00.000Z,2026.0,0.0,Purchase of mobile GI water tanker for village Borkund,Purchase of mobile GI water tanker for village Borkund,,Gajendra Singh Patel,,KHARGONE,Completed,166026,2026-01-22T00:00:00.000Z,,,,,,,,,,,,Drinking Water Supply,Public Health & Basic Amenities
148977.0,6a932bb5cd94452437a16b5b,Madhya Pradesh,Madhya Pradesh,DAMOH,DAMOH,DAMOH(DISTRICT COLLECTOR DAMOH_IDA),DAMOH(DISTRICT COLLECTOR DAMOH_IDA),Normal/Others,Normal/Others,198724.0,2024-12-23T00:00:00.000Z,2024.0,0.0,GRAM PANCHYAT GADAGHAT ME PANI KE TENKAR KI KHARID,GRAM PANCHYAT GADAGHAT ME PANI KE TENKAR KI KHARID,,RAHUL SINGH LODHI,,DAMOH,Completed,198724,2024-12-23T00:00:00.000Z,,,,,,,,,,,,Other Civil & Development Works,General Development & Maintenance
148982.0,6a932bb5cd94452437a16b5d,Madhya Pradesh,Madhya Pradesh,DAMOH,DAMOH,DAMOH(DISTRICT COLLECTOR DAMOH_IDA),DAMOH(DISTRICT COLLECTOR DAMOH_IDA),Normal/Others,Normal/Others,198724.0,2024-12-23T00:00:00.000Z,2024.0,0.0,GRAM PANCHYAT GHOGHARA ME PANI KE TENKAR KI KHAREED,GRAM PANCHYAT GHOGHARA ME PANI KE TENKAR KI KHAREED,,RAHUL SINGH LODHI,,DAMOH,Completed,198724,2024-12-23T00:00:00.000Z,,,,,,,,,,,,Other Civil & Development Works,General Development & Maintenance
149005.0,6a932bb5cd94452437a18e81,Madhya Pradesh,Madhya Pradesh,DAMOH,DAMOH,SAGAR(DISTRICT COLLECTOR SAGAR_IDA),SAGAR(DISTRICT COLLECTOR SAGAR_IDA),Normal/Others,Normal/Others,198723.0,2025-07-15T00:00:00.000Z,2025.0,0.0,GRAM MANDKI ME PANI KE TANKER KI KHAREED,GRAM MANDKI ME PANI KE TANKER KI KHAREED,,RAHUL SINGH LODHI,,DAMOH,Completed,198723,2025-07-15T00:00:00.000Z,,,,,,,,,,,,Other Civil & Development Works,General Development & Maintenance
149023.0,6a932bb5cd94452437a18e83,Madhya Pradesh,Madhya Pradesh,DAMOH,DAMOH,SAGAR(DISTRICT COLLECTOR SAGAR_IDA),SAGAR(DISTRICT COLLECTOR SAGAR_IDA),Normal/Others,Normal/Others,198723.0,2025-07-15T00:00:00.000Z,2025.0,0.0,GRAM PANCHAYT MANEGAON ME PANI KE TANKER KI KHAREED,GRAM PANCHAYT MANEGAON ME PANI KE TANKER KI KHAREED,,RAHUL SINGH LODHI,,DAMOH,Completed,198723,2025-07-15T00:00:00.000Z,,,,,,,,,,,,Other Civil & Development Works,General Development & Maintenance
149026.0,6a932bb5cd94452437a18e85,Madhya Pradesh,Madhya Pradesh,DAMOH,DAMOH,SAGAR(DISTRICT COLLECTOR SAGAR_IDA),SAGAR(DISTRICT COLLECTOR SAGAR_IDA),Normal/Others,Normal/Others,198723.0,2025-07-15T00:00:00.000Z,2025.0,0.0,GRAM PANCHAYT SAHAJPUR ME PANI KE TANKER KI KHAREED,GRAM PANCHAYT SAHAJPUR ME PANI KE TANKER KI KHAREED,,RAHUL SINGH LODHI,,DAMOH,Completed,198723,2025-07-15T00:00:00.000Z,,,,,,,,,,,,Other Civil & Development Works,General Development & Maintenance
149031.0,6a932bb5cd94452437a16e86,Madhya Pradesh,Madhya Pradesh,DAMOH,DAMOH,CHHATARPUR(District Collector Chhatarpur_IDA),CHHATARPUR(District Collector Chhatarpur_IDA),Normal/Others,Normal/Others,198723.0,2025-02-06T00:00:00.000Z,2025.0,0.0,GRAM PANCHAYAT SURAJPURA KHURD ME PANI KE TANKER KI KHAREED,GRAM PANCHAYAT SURAJPURA KHURD ME PANI KE TANKER KI KHAREED,,RAHUL SINGH LODHI,,DAMOH,Completed,198723,2025-02-06T00:00:00.000Z,,,,,,,,,,,,Other Civil & Development Works,General Development & Maintenance
149037.0,6a932bb5cd94452437a16e81,Madhya Pradesh,Madhya Pradesh,DAMOH,DAMOH,CHHATARPUR(District Collector Chhatarpur_IDA),CHHATARPUR(District Collector Chhatarpur_IDA),Normal/Others,Normal/Others,198723.0,2025-02-06T00:00:00.000Z,2025.0,0.0,GRAM PANCHAYT BERKHEDI ME PANI KE TANKER KI KHAREED,GRAM PANCHAYT BERKHEDI ME PANI KE TANKER KI KHAREED,,RAHUL SINGH LODHI,,DAMOH,Completed,198723,2025-02-06T00:00:00.000Z,,,,,,,,,,,,Other Civil & Development Works,General Development & Maintenance
149040.0,6a932bb5cd94452437a16e8a,Madhya Pradesh,Madhya Pradesh,DAMOH,DAMOH,CHHATARPUR(District Collector Chhatarpur_IDA),CHHATARPUR(District Collector Chhatarpur_IDA),Normal/Others,Normal/Others,198723.0,2025-02-06T00:00:00.000Z,2025.0,0.0,GRAM PANCHAYT MUDIYA ME PANI KE TANKER KI KHAREED,GRAM PANCHAYT MUDIYA ME PANI KE TANKER KI KHAREED,,RAHUL SINGH LODHI,,DAMOH,Completed,198723,2025-02-06T00:00:00.000Z,,,,,,,,,,,,Other Civil & Development Works,General Development & Maintenance
149326.0,6a932bb5cd94452437a16825,Madhya Pradesh,Madhya Pradesh,MANDLA,MANDLA,SEONI(District Collector Seoni_IDA),SEONI(District Collector Seoni_IDA),Normal/Others,Normal/Others,1000000.0,2026-04-16T00:00:00.000Z,2026.0,0.0,Construction of grewal road from bareli to Kadawi Thawri,Construction of grewal road from bareli to Kadawi Thawri,,Faggan Singh Kulaste,,MANDLA,Completed,1000000,2026-04-16T00:00:00.000Z,,,,,,,,,,,,Roads & Pathways,Physical Infrastructure
149377.0,6a932bb5cd94452437a16e8b,Madhya Pradesh,Madhya Pradesh,DAMOH,DAMOH,CHHATARPUR(District Collector Chhatarpur_IDA),CHHATARPUR(District Collector Chhatarpur_IDA),Normal/Others,Normal/Others,198723.0,2025-02-06T00:00:00.000Z,2025.0,0.0,GRAM PANCHAYT DEOPUR ME 5000 LTR PANI KE TANKER KI KHAREED,GRAM PANCHAYT DEOPUR ME 5000 LTR PANI KE TANKER KI KHAREED,,RAHUL SINGH LODHI,,DAMOH,Completed,198723,2025-02-06T00:00:00.000Z,,,,,,,,,,,,Other Civil & Development Works,General Development & Maintenance
150119.0,6a932bb5cd94452437a17209,Madhya Pradesh,Madhya Pradesh,SIDHI,SIDHI,SIDHI(DISTRICT COLLECTOR SIDHI_IDA),SIDHI(DISTRICT COLLECTOR SIDHI_IDA),Normal/Others,Normal/Others,998305.0,2025-09-08T00:00:00.000Z,2025.0,0.0,GRAM PANCHAYAT KURRWAH KE GRAM MADHURI PAWAI ME MAIN ROAD SE SUSHIL GAUTAM KE GHAR TAK NAVEEN SADAK NIRMAN,GRAM PANCHAYAT KURRWAH KE GRAM MADHURI PAWAI ME MAIN ROAD SE SUSHIL GAUTAM KE GHAR TAK NAVEEN SADAK NIRMAN,,DR. RAJESH MISHRA,,SIDHI,Completed,998305,2025-09-08T00:00:00.000Z,,,,,,,,,,,,Roads & Pathways,Physical Infrastructure
150124.0,6a932bb5cd94452437a16aa7,Madhya Pradesh,Madhya Pradesh,SIDHI,SIDHI,SINGRAULI(District Collector Singrauli_IDA),SINGRAULI(District Collector Singrauli_IDA),Normal/Others,Normal/Others,992000.0,2025-06-03T00:00:00.000Z,2025.0,0.0,GRAM PANCHAYAT JARAUDHI ME PM SADAK SE PANCHAYAT BHAVAN TAK PCC ROAD NIRMAN,GRAM PANCHAYAT JARAUDHI ME PM SADAK SE PANCHAYAT BHAVAN TAK PCC ROAD NIRMAN,,DR. RAJESH MISHRA,,SIDHI,Completed,992000,2025-06-03T00:00:00.000Z,,,,,,,,,,,,Roads & Pathways,Physical Infrastructure
150126.0,6a932bb5cd94452437a16cb2,Madhya Pradesh,Madhya Pradesh,SIDHI,SIDHI,SINGRAULI(District Collector Singrauli_IDA),SINGRAULI(District Collector Singrauli_IDA),Normal/Others,Normal/Others,2000000.0,2025-05-19T00:00:00.000Z,2025.0,0.0,GRAM PANCHAYAT BIHARA ME SANTOSH TIWARI KE GHAR SE RAMASHRAY DUBEY KE GHAR TAK PCC SADAK NIRMAN,GRAM PANCHAYAT BIHARA ME SANTOSH TIWARI KE GHAR SE RAMASHRAY DUBEY KE GHAR TAK PCC SADAK NIRMAN,,DR. RAJESH MISHRA,,SIDHI,Completed,2000000,2025-05-19T00:00:00.000Z,,,,,,,,,,,,Other Civil & Development Works,General Development & Maintenance
150131.0,6a932bb5cd94452437a17226,Madhya Pradesh,Madhya Pradesh,SIDHI,SIDHI,SIDHI(DISTRICT COLLECTOR SIDHI_IDA),SIDHI(DISTRICT COLLECTOR SIDHI_IDA),Normal/Others,Normal/Others,259942.0,2025-02-28T00:00:00.000Z,2025.0,0.0,BADHAURA ME BUS STAND KE PAS,BADHAURA ME BUS STAND KE PAS,,DR. RAJESH MISHRA,,SIDHI,Completed,259942,2025-02-28T00:00:00.000Z,,,,,,,,,,,,Other Civil & Development Works,General Development & Maintenance
150133.0,6a932bb5cd94452437a17224,Madhya Pradesh,Madhya Pradesh,SIDHI,SIDHI,SIDHI(DISTRICT COLLECTOR SIDHI_IDA),SIDHI(DISTRICT COLLECTOR SIDHI_IDA),Normal/Others,Normal/Others,259942.0,2025-02-28T00:00:00.000Z,2025.0,0.0,BAMHANI BUS STAND KE PAS,BAMHANI BUS STAND KE PAS,,DR. RAJESH MISHRA,,SIDHI,Completed,259942,2025-02-28T00:00:00.000Z,,,,,,,,,,,,Other Civil & Development Works,General Development & Maintenance
150135.0,6a932bb5cd94452437a17222,Madhya Pradesh,Madhya Pradesh,SIDHI,SIDHI,SIDHI(DISTRICT COLLECTOR SIDHI_IDA),SIDHI(DISTRICT COLLECTOR SIDHI_IDA),Normal/Others,Normal/Others,259942.0,2025-10-13T00:00:00.000Z,2025.0,0.0,BARAMBABA BUS STAND KE PAS,BARAMBABA BUS STAND KE PAS,,DR. RAJESH MISHRA,,SIDHI,Completed,259942,2025-10-13T00:00:00.000Z,,,,,,,,,,,,Other Civil & Development Works,General Development & Maintenance
150137.0,6a932bb5cd94452437a1723b,Madhya Pradesh,Madhya Pradesh,SIDHI,SIDHI,SIDHI(DISTRICT COLLECTOR SIDHI_IDA),SIDHI(DISTRICT COLLECTOR SIDHI_IDA),Normal/Others,Normal/Others,259942.0,2025-10-13T00:00:00.000Z,2025.0,0.0,BARMANI BUS STAND KE PAS,BARMANI BUS STAND KE PAS,,DR. RAJESH MISHRA,,SIDHI,Completed,259942,2025-10-13T00:00:00.000Z,,,,,,,,,,,,Other Civil & Development Works,General Development & Maintenance
150139.0,6a932bb5cd94452437a1722b,Madhya Pradesh,Madhya Pradesh,SIDHI,SIDHI,SIDHI(DISTRICT COLLECTOR SIDHI_IDA),SIDHI(DISTRICT COLLECTOR SIDHI_IDA),Normal/Others,Normal/Others,259942.0,2025-02-28T00:00:00.000Z,2025.0,0.0,CHAUPHAL KOTHAR BUS STAND KE PAS,CHAUPHAL KOTHAR BUS STAND KE PAS,,DR. RAJESH MISHRA,,SIDHI,Completed,259942,2025-02-28T00:00:00.000Z,,,,,,,,,,,,Other Civil & Development Works,General Development & Maintenance
150141.0,6a932bb5cd94452437a17229,Madhya Pradesh,Madhya Pradesh,SIDHI,SIDHI,SIDHI(DISTRICT COLLECTOR SIDHI_IDA),SIDHI(DISTRICT COLLECTOR SIDHI_IDA),Normal/Others,Normal/Others,259942.0,2025-10-13T00:00:00.000Z,2025.0,0.0,CHULHI BUS STAND KE PAS,CHULHI BUS STAND KE PAS,,DR. RAJESH MISHRA,,SIDHI,Completed,259942,2025-10-13T00:00:00.000Z,,,,,,,,,,,,Other Civil & Development Works,General Development & Maintenance
150143.0,6a932bb5cd94452437a17227,Madhya Pradesh,Madhya Pradesh,SIDHI,SIDHI,SIDHI(DISTRICT COLLECTOR SIDHI_IDA),SIDHI(DISTRICT COLLECTOR SIDHI_IDA),Normal/Others,Normal/Others,259942.0,2025-10-13T00:00:00.000Z,2025.0,0.0,DEOGARH BUS STAND KE PAS,DEOGARH BUS STAND KE PAS,,DR. RAJESH MISHRA,,SIDHI,Completed,259942,2025-10-13T00:00:00.000Z,,,,,,,,,,,,Other Civil & Development Works,General Development & Maintenance
150145.0,6a932bb5cd94452437a17232,Madhya Pradesh,Madhya Pradesh,SIDHI,SIDHI,SIDHI(DISTRICT COLLECTOR SIDHI_IDA),SIDHI(DISTRICT COLLECTOR SIDHI_IDA),Normal/Others,Normal/Others,259942.0,2025-11-07T00:00:00.000Z,2025.0,0.0,GHANDHIGRAM BUS STAND KE PAS,GHANDHIGRAM BUS STAND KE PAS,,DR. RAJESH MISHRA,,SIDHI,Completed,259942,2025-11-07T00:00:00.000Z,,,,,,,,,,,,Other Civil & Development Works,General Development & Maintenance
150147.0,6a932bb5cd94452437a17230,Madhya Pradesh,Madhya Pradesh,SIDHI,SIDHI,SIDHI(DISTRICT COLLECTOR SIDHI_IDA),SIDHI(DISTRICT COLLECTOR SIDHI_IDA),Normal/Others,Normal/Others,259942.0,2025-11-07T00:00:00.000Z,2025.0,0.0,KARIMATI BUS STAND KE PAS,KARIMATI BUS STAND KE PAS,,DR. RAJESH MISHRA,,SIDHI,Completed,259942,2025-11-07T00:00:00.000Z,,,,,,,,,,,,Other Civil & Development Works,General Development & Maintenance
150149.0,6a932bb5cd94452437a1722e,Madhya Pradesh,Madhya Pradesh,SIDHI,SIDHI,SIDHI(DISTRICT COLLECTOR SIDHI_IDA),SIDHI(DISTRICT COLLECTOR SIDHI_IDA),Normal/Others,Normal/Others,259942.0,2025-02-28T00:00:00.000Z,2025.0,0.0,KHAMH BUS STAND KE PAS,KHAMH BUS STAND KE PAS,,DR. RAJESH MISHRA,,SIDHI,Completed,259942,2025-02-28T00:00:00.000Z,,,,,,,,,,,,Other Civil & Development Works,General Development & Maintenance
150151.0,6a932bb5cd94452437a1723d,Madhya Pradesh,Madhya Pradesh,SIDHI,SIDHI,SIDHI(DISTRICT COLLECTOR SIDHI_IDA),SIDHI(DISTRICT COLLECTOR SIDHI_IDA),Normal/Others,Normal/Others,259942.0,2025-11-08T00:00:00.000Z,2025.0,0.0,PONDI BUS STAND KE PAS,PONDI BUS STAND KE PAS,,DR. RAJESH MISHRA,,SIDHI,Completed,259942,2025-11-08T00:00:00.000Z,,,,,,,,,,,,Other Civil & Development Works,General Development & Maintenance
150153.0,6a932bb5cd94452437a17238,Madhya Pradesh,Madhya Pradesh,SIDHI,SIDHI,SIDHI(DISTRICT COLLECTOR SIDHI_IDA),SIDHI(DISTRICT COLLECTOR SIDHI_IDA),Normal/Others,Normal/Others,259942.0,2025-11-07T00:00:00.000Z,2025.0,0.0,BHADAURA BUS STAND KE PAS,BHADAURA BUS STAND KE PAS,,DR. RAJESH MISHRA,,SIDHI,Completed,259942,2025-11-07T00:00:00.000Z,,,,,,,,,,,,Other Civil & Development Works,General Development & Maintenance
150155.0,6a932bb5cd94452437a17236,Madhya Pradesh,Madhya Pradesh,SIDHI,SIDHI,SIDHI(DISTRICT COLLECTOR SIDHI_IDA),SIDHI(DISTRICT COLLECTOR SIDHI_IDA),Normal/Others,Normal/Others,259942.0,2025-11-07T00:00:00.000Z,2025.0,0.0,SHANKAR BUS STAND KE PAS,SHANKAR BUS STAND KE PAS,,DR. RAJESH MISHRA,,SIDHI,Completed,259942,2025-11-07T00:00:00.000Z,,,,,,,,,,,,Other Civil & Development Works,General Development & Maintenance
150157.0,6a932bb5cd94452437a17239,Madhya Pradesh,Madhya Pradesh,SIDHI,SIDHI,SIDHI(DISTRICT COLLECTOR SIDHI_IDA),SIDHI(DISTRICT COLLECTOR SIDHI_IDA),Normal/Others,Normal/Others,259942.0,2025-11-08T00:00:00.000Z,2025.0,0.0,RAUHAL BUS STAND KE PAS,RAUHAL BUS STAND KE PAS,,DR. RAJESH MISHRA,,SIDHI,Completed,259942,2025-11-08T00:00:00.000Z,,,,,,,,,,,,Other Civil & Development Works,General Development & Maintenance
150159.0,6a932bb5cd94452437a17240,Madhya Pradesh,Madhya Pradesh,SIDHI,SIDHI,SIDHI(DISTRICT COLLECTOR SIDHI_IDA),SIDHI(DISTRICT COLLECTOR SIDHI_IDA),Normal/Others,Normal/Others,259942.0,2025-11-08T00:00:00.000Z,2025.0,0.0,SONGARH BUS STAND KE PAS,SONGARH BUS STAND KE PAS,,DR. RAJESH MISHRA,,SIDHI,Completed,259942,2025-11-08T00:00:00.000Z,,,,,,,,,,,,Other Civil & Development Works,General Development & Maintenance
150161.0,6a932bb5cd94452437a1723f,Madhya Pradesh,Madhya Pradesh,SIDHI,SIDHI,SIDHI(DISTRICT COLLECTOR SIDHI_IDA),SIDHI(DISTRICT COLLECTOR SIDHI_IDA),Normal/Others,Normal/Others,259942.0,2025-11-08T00:00:00.000Z,2025.0,0.0,CHAMRADOL BUS STAND KE PAS,CHAMRADOL BUS STAND KE PAS,,DR. RAJESH MISHRA,,SIDHI,Completed,259942,2025-11-08T00:00:00.000Z,,,,,,,,,,,,Other Civil & Development Works,General Development & Maintenance
150163.0,6a932bb5cd94452437a17243,Madhya Pradesh,Madhya Pradesh,SIDHI,SIDHI,SIDHI(DISTRICT COLLECTOR SIDHI_IDA),SIDHI(DISTRICT COLLECTOR SIDHI_IDA),Normal/Others,Normal/Others,259942.0,2025-11-08T00:00:00.000Z,2025.0,0.0,TALA BUS STAND KE PAS,TALA BUS STAND KE PAS,,DR. RAJESH MISHRA,,SIDHI,Completed,259942,2025-11-08T00:00:00.000Z,,,,,,,,,,,,Other Civil & Development Works,General Development & Maintenance
150165.0,6a932bb5cd94452437a17241,Madhya Pradesh,Madhya Pradesh,SIDHI,SIDHI,SIDHI(DISTRICT COLLECTOR SIDHI_IDA),SIDHI(DISTRICT COLLECTOR SIDHI_IDA),Normal/Others,Normal/Others,259942.0,2025-11-08T00:00:00.000Z,2025.0,0.0,SAHIJANHA BUS STAND KE PAS,SAHIJANHA BUS STAND KE PAS,,DR. RAJESH MISHRA,,SIDHI,Completed,259942,2025-11-08T00:00:00.000Z,,,,,,,,,,,,Other Civil & Development Works,General Development & Maintenance
150167.0,6a932bb5cd94452437a17246,Madhya Pradesh,Madhya Pradesh,SIDHI,SIDHI,SIDHI(DISTRICT COLLECTOR SIDHI_IDA),SIDHI(DISTRICT COLLECTOR SIDHI_IDA),Normal/Others,Normal/Others,259942.0,2025-11-08T00:00:00.000Z,2025.0,0.0,TIKRI BUS STAND KE PAS,TIKRI BUS STAND KE PAS,,DR. RAJESH MISHRA,,SIDHI,Completed,259942,2025-11-08T00:00:00.000Z,,,,,,,,,,,,Other Civil & Development Works,General Development & Maintenance
150169.0,6a932bb5cd94452437a17247,Madhya Pradesh,Madhya Pradesh,SIDHI,SIDHI,SIDHI(DISTRICT COLLECTOR SIDHI_IDA),SIDHI(DISTRICT COLLECTOR SIDHI_IDA),Normal/Others,Normal/Others,259942.0,2025-11-08T00:00:00.000Z,2025.0,0.0,MADWAS BUS STAND KE PAS,MADWAS BUS STAND KE PAS,,DR. RAJESH MISHRA,,SIDHI,Completed,259942,2025-11-08T00:00:00.000Z,,,,,,,,,,,,Other Civil & Development Works,General Development & Maintenance
150171.0,6a932bb5cd94452437a17be8,Madhya Pradesh,Madhya Pradesh,SIDHI,SIDHI,SIDHI(DISTRICT COLLECTOR SIDHI_IDA),SIDHI(DISTRICT COLLECTOR SIDHI_IDA),Normal/Others,Normal/Others,259942.0,2025-09-11T00:00:00.000Z,2025.0,0.0,AHIRANTOLA BUS STAND KE PAS,AHIRANTOLA BUS STAND KE PAS,,DR. RAJESH MISHRA,,SIDHI,Completed,259942,2025-09-11T00:00:00.000Z,,,,,,,,,,,,Other Civil & Development Works,General Development & Maintenance
150173.0,6a932bb5cd94452437a17be6,Madhya Pradesh,Madhya Pradesh,SIDHI,SIDHI,SIDHI(DISTRICT COLLECTOR SIDHI_IDA),SIDHI(DISTRICT COLLECTOR SIDHI_IDA),Normal/Others,Normal/Others,259942.0,2025-04-19T00:00:00.000Z,2025.0,0.0,AMILAHA BUS STAND KE PAS,AMILAHA BUS STAND KE PAS,,DR. RAJESH MISHRA,,SIDHI,Completed,259942,2025-04-19T00:00:00.000Z,,,,,,,,,,,,Other Civil & Development Works,General Development & Maintenance
150175.0,6a932bb5cd94452437a17bee,Madhya Pradesh,Madhya Pradesh,SIDHI,SIDHI,SIDHI(DISTRICT COLLECTOR SIDHI_IDA),SIDHI(DISTRICT COLLECTOR SIDHI_IDA),Normal/Others,Normal/Others,259942.0,2025-09-11T00:00:00.000Z,2025.0,0.0,BHAINSRAHA BUS STAND KE PAS,BHAINSRAHA BUS STAND KE PAS,,DR. RAJESH MISHRA,,SIDHI,Completed,259942,2025-09-11T00:00:00.000Z,,,,,,,,,,,,Other Civil & Development Works,General Development & Maintenance
150177.0,6a932bb5cd94452437a17c2f,Madhya Pradesh,Madhya Pradesh,SIDHI,SIDHI,SIDHI(DISTRICT COLLECTOR SIDHI_IDA),SIDHI(DISTRICT COLLECTOR SIDHI_IDA),Normal/Others,Normal/Others,259942.0,2025-09-11T00:00:00.000Z,2025.0,0.0,BUDHGAUNA BUS STAND KE PAS,BUDHGAUNA BUS STAND KE PAS,,DR. RAJESH MISHRA,,SIDHI,Completed,259942,2025-09-11T00:00:00.000Z,,,,,,,,,,,,Other Civil & Development Works,General Development & Maintenance
150179.0,6a932bb5cd94452437a17bef,Madhya Pradesh,Madhya Pradesh,SIDHI,SIDHI,SIDHI(DISTRICT COLLECTOR SIDHI_IDA),SIDHI(DISTRICT COLLECTOR SIDHI_IDA),Normal/Others,Normal/Others,259942.0,2025-09-11T00:00:00.000Z,2025.0,0.0,CHORGADI BUS STAND KE PAS,CHORGADI BUS STAND KE PAS,,DR. RAJESH MISHRA,,SIDHI,Completed,259942,2025-09-11T00:00:00.000Z,,,,,,,,,,,,Other Civil & Development Works,General Development & Maintenance
150181.0,6a932bb5cd94452437a17bf0,Madhya Pradesh,Madhya Pradesh,SIDHI,SIDHI,SIDHI(DISTRICT COLLECTOR SIDHI_IDA),SIDHI(DISTRICT COLLECTOR SIDHI_IDA),Normal/Others,Normal/Others,259942.0,2025-09-11T00:00:00.000Z,2025.0,0.0,HANUMANGARH BUS STAND KE PAS,HANUMANGARH BUS STAND KE PAS,,DR. RAJESH MISHRA,,SIDHI,Completed,259942,2025-09-11T00:00:00.000Z,,,,,,,,,,,,Other Civil & Development Works,General Development & Maintenance
150183.0,6a932bb5cd94452437a17bf6,Madhya Pradesh,Madhya Pradesh,SIDHI,SIDHI,SIDHI(DISTRICT COLLECTOR SIDHI_IDA),SIDHI(DISTRICT COLLECTOR SIDHI_IDA),Normal/Others,Normal/Others,259942.0,2025-11-08T00:00:00.000Z,2025.0,0.0,JHAGRI BUS STAND KE PAS,JHAGRI BUS STAND KE PAS,,DR. RAJESH MISHRA,,SIDHI,Completed,259942,2025-11-08T00:00:00.000Z,,,,,,,,,,,,Other Civil & Development Works,General Development & Maintenance
150185.0,6a932bb5cd94452437a17bf1,Madhya Pradesh,Madhya Pradesh,SIDHI,SIDHI,SIDHI(DISTRICT COLLECTOR SIDHI_IDA),SIDHI(DISTRICT COLLECTOR SIDHI_IDA),Normal/Others,Normal/Others,259942.0,2025-09-11T00:00:00.000Z,2025.0,0.0,KANDHWAR BUS STAND KE PAS,KANDHWAR BUS STAND KE PAS,,DR. RAJESH MISHRA,,SIDHI,Completed,259942,2025-09-11T00:00:00.000Z,,,,,,,,,,,,Other Civil & Development Works,General Development & Maintenance
150187.0,6a932bb5cd94452437a17bf7,Madhya Pradesh,Madhya Pradesh,SIDHI,SIDHI,SIDHI(DISTRICT COLLECTOR SIDHI_IDA),SIDHI(DISTRICT COLLECTOR SIDHI_IDA),Normal/Others,Normal/Others,259942.0,2025-11-08T00:00:00.000Z,2025.0,0.0,KARAUDIYA BUS STAND KE PAS,KARAUDIYA BUS STAND KE PAS,,DR. RAJESH MISHRA,,SIDHI,Completed,259942,2025-11-08T00:00:00.000Z,,,,,,,,,,,,Other Civil & Development Works,General Development & Maintenance
150189.0,6a932bb5cd94452437a17bfa,Madhya Pradesh,Madhya Pradesh,SIDHI,SIDHI,SIDHI(DISTRICT COLLECTOR SIDHI_IDA),SIDHI(DISTRICT COLLECTOR SIDHI_IDA),Normal/Others,Normal/Others,259942.0,2025-11-08T00:00:00.000Z,2025.0,0.0,KUSHMAHAR BUS STAND KE PAS,KUSHMAHAR BUS STAND KE PAS,,DR. RAJESH MISHRA,,SIDHI,Completed,259942,2025-11-08T00:00:00.000Z,,,,,,,,,,,,Other Civil & Development Works,General Development & Maintenance
165080.0,6a932bb5cd94452437a17489,Madhya Pradesh,Madhya Pradesh,CHHINDWARA,CHHINDWARA,CHHINDWARA(DISTRICT COLLECTOR CHHINDWARA_IDA),CHHINDWARA(DISTRICT COLLECTOR CHHINDWARA_IDA),Normal/Others,Normal/Others,100000.0,2026-01-24T00:00:00.000Z,2026.0,0.0,constraction of Rangmanch at Gram Panchayat Seja janpad amarwara,constraction of Rangmanch at Gram Panchayat Seja janpad amarwara,,BUNTY VIVEK SAHU,,CHHINDWARA,Completed,100000,2026-01-24T00:00:00.000Z,,,,,,,,,,,,Other Civil & Development Works,General Development & Maintenance
165086.0,6a932bb5cd94452437a16fe1,Madhya Pradesh,Madhya Pradesh,CHHINDWARA,CHHINDWARA,CHHINDWARA(DISTRICT COLLECTOR CHHINDWARA_IDA),CHHINDWARA(DISTRICT COLLECTOR CHHINDWARA_IDA),Normal/Others,Normal/Others,250000.0,2026-01-22T00:00:00.000Z,2026.0,0.0,Constraction of CC Road at Keria Gp Jhiria Chourai,Constraction of CC Road at Keria Gp Jhiria Chourai,,BUNTY VIVEK SAHU,,CHHINDWARA,Completed,250000,2026-01-22T00:00:00.000Z,,,,,,,,,,,,Roads & Pathways,Physical Infrastructure
165088.0,6a932bb5cd94452437a16fe2,Madhya Pradesh,Madhya Pradesh,CHHINDWARA,CHHINDWARA,CHHINDWARA(DISTRICT COLLECTOR CHHINDWARA_IDA),CHHINDWARA(DISTRICT COLLECTOR CHHINDWARA_IDA),Normal/Others,Normal/Others,50000.0,2026-01-22T00:00:00.000Z,2026.0,0.0,Constraction of munch at Khamariya Gp Ghodawadi Chourai,Constraction of munch at Khamariya Gp Ghodawadi Chourai,,BUNTY VIVEK SAHU,,CHHINDWARA,Completed,50000,2026-01-22T00:00:00.000Z,,,,,,,,,,,,Other Civil & Development Works,General Development & Maintenance
165547.0,6a932bb5cd94452437a1756f,Madhya Pradesh,Madhya Pradesh,MANDLA,MANDLA,Narsimhapur(DISTRICT COLLECTOR NARSINGHPUR_IDA),Narsimhapur(DISTRICT COLLECTOR NARSINGHPUR_IDA),Normal/Others,Normal/Others,100000.0,2026-03-24T00:00:00.000Z,2026.0,0.0,Kherapati mandir ke pas shed nirman,Kherapati mandir ke pas shed nirman,,Faggan Singh Kulaste,,MANDLA,Completed,100000,2026-03-24T00:00:00.000Z,,,,,,,,,,,,Community Centers & Halls,Social Infrastructure
165754.0,6a932bb5cd94452437a16f78,Madhya Pradesh,Madhya Pradesh,SAGAR,SAGAR,SAGAR(DISTRICT COLLECTOR SAGAR_IDA),SAGAR(DISTRICT COLLECTOR SAGAR_IDA),Normal/Others,Normal/Others,499856.0,2026-02-27T00:00:00.000Z,2026.0,0.0,Gram Panchayat Badkua me Ramesh Rajak ke ghar se Bundela Baba ki or C.C. Road nirman Karya hetu.,Gram Panchayat Badkua me Ramesh Rajak ke ghar se Bundela Baba ki or C.C. Road nirman Karya hetu.,,DR. LATA WANKHEDE,,SAGAR,Completed,499856,2026-02-27T00:00:00.000Z,,,,,,,,,,,,Roads & Pathways,Physical Infrastructure
165756.0,6a932bb5cd94452437a1715f,Madhya Pradesh,Madhya Pradesh,SAGAR,SAGAR,VIDISHA(District Collector Vidisha_IDA),VIDISHA(District Collector Vidisha_IDA),Normal/Others,Normal/Others,742500.0,2026-01-14T00:00:00.000Z,2026.0,0.0,Gram Panchayat Nagaur me nai Basti marg c.c.road se Nagaur Ki or C.C. road nirman karya hetu.,Gram Panchayat Nagaur me nai Basti marg c.c.road se Nagaur Ki or C.C. road nirman karya hetu.,,DR. LATA WANKHEDE,,SAGAR,Completed,742500,2026-01-14T00:00:00.000Z,,,,,,,,,,,,Roads & Pathways,Physical Infrastructure
166060.0,6a932bb5cd94452437a17150,Madhya Pradesh,Madhya Pradesh,UJJAIN,UJJAIN,UJJAIN(DISTRICT COLLECTOR UJJAIN_IDA),UJJAIN(DISTRICT COLLECTOR UJJAIN_IDA),Normal/Others,Normal/Others,1208921.0,2025-05-15T00:00:00.000Z,2025.0,0.0,"Installation of distribution transformer at Ajja Basti, Chadavad Road, Tarana.","Installation of distribution transformer at Ajja Basti, Chadavad Road, Tarana.",,Shri Anil Firojiya,,UJJAIN,Completed,1208921,2025-05-15T00:00:00.000Z,,,,,,,,,,,,Roads & Pathways,Physical Infrastructure
166304.0,6a932bb5cd94452437a180bb,Madhya Pradesh,Madhya Pradesh,SAGAR,SAGAR,VIDISHA(District Collector Vidisha_IDA),VIDISHA(District Collector Vidisha_IDA),Normal/Others,Normal/Others,498694.0,2025-10-08T00:00:00.000Z,2025.0,0.0,Gram Panchayat Chhirari,Gram Panchayat Chhirari,,DR. LATA WANKHEDE,,SAGAR,Completed,498694,2025-10-08T00:00:00.000Z,,,,,,,,,,,,Other Civil & Development Works,General Development & Maintenance
166307.0,6a932bb5cd94452437a1820b,Madhya Pradesh,Madhya Pradesh,SAGAR,SAGAR,SAGAR(DISTRICT COLLECTOR SAGAR_IDA),SAGAR(DISTRICT COLLECTOR SAGAR_IDA),Normal/Others,Normal/Others,500000.0,2026-02-27T00:00:00.000Z,2026.0,0.0,Gram Panchayat Girol me Baijanti ke ghar se Toran ke ghar ki or C.C. road nirman Hetu,Gram Panchayat Girol me Baijanti ke ghar se Toran ke ghar ki or C.C. road nirman Hetu,,DR. LATA WANKHEDE,,SAGAR,Completed,500000,2026-02-27T00:00:00.000Z,,,,,,,,,,,,Roads & Pathways,Physical Infrastructure
166946.0,6a932bb5cd94452437a170a5,Madhya Pradesh,Madhya Pradesh,CHHINDWARA,CHHINDWARA,CHHINDWARA(DISTRICT COLLECTOR CHHINDWARA_IDA),CHHINDWARA(DISTRICT COLLECTOR CHHINDWARA_IDA),Normal/Others,Normal/Others,250000.0,2026-02-06T00:00:00.000Z,2026.0,0.0,Constraction Of CC Road at Muari Chourai Mata Mandir To Near Chandramohan House,Constraction Of CC Road at Muari Chourai Mata Mandir To Near Chandramohan House,,BUNTY VIVEK SAHU,,CHHINDWARA,Completed,250000,2026-02-06T00:00:00.000Z,,,,,,,,,,,,Roads & Pathways,Physical Infrastructure
166952.0,6a932bb5cd94452437a17af5,Madhya Pradesh,Madhya Pradesh,CHHINDWARA,CHHINDWARA,CHHINDWARA(DISTRICT COLLECTOR CHHINDWARA_IDA),CHHINDWARA(DISTRICT COLLECTOR CHHINDWARA_IDA),Normal/Others,Normal/Others,200000.0,2025-12-19T00:00:00.000Z,2025.0,0.0,Constraction Of Kalamanch At Bisapur kala,Constraction Of Kalamanch At Bisapur kala,,BUNTY VIVEK SAHU,,CHHINDWARA,Completed,200000,2025-12-19T00:00:00.000Z,,,,,,,,,,,,Other Civil & Development Works,General Development & Maintenance
167130.0,6a932bb5cd94452437a185b0,Madhya Pradesh,Madhya Pradesh,UJJAIN,UJJAIN,UJJAIN(DISTRICT COLLECTOR UJJAIN_IDA),UJJAIN(DISTRICT COLLECTOR UJJAIN_IDA),Normal/Others,Normal/Others,1098200.0,2025-11-14T00:00:00.000Z,2025.0,0.0,Purchase of Hearse Van,Purchase of Hearse Van,,Shri Anil Firojiya,,UJJAIN,Completed,1098200,2025-11-14T00:00:00.000Z,,,,,,,,,,,,"Health, Sanitation & Public Hygiene",Public Health & Basic Amenities
167132.0,6a932bb5cd94452437a18838,Madhya Pradesh,Madhya Pradesh,UJJAIN,UJJAIN,UJJAIN(DISTRICT COLLECTOR UJJAIN_IDA),UJJAIN(DISTRICT COLLECTOR UJJAIN_IDA),Normal/Others,Normal/Others,1098200.0,2025-11-14T00:00:00.000Z,2025.0,0.0,Purchase of Hearse Van,Purchase of Hearse Van,,Shri Anil Firojiya,,UJJAIN,Completed,1098200,2025-11-14T00:00:00.000Z,,,,,,,,,,,,"Health, Sanitation & Public Hygiene",Public Health & Basic Amenities
167134.0,6a932bb5cd94452437a18836,Madhya Pradesh,Madhya Pradesh,UJJAIN,UJJAIN,UJJAIN(DISTRICT COLLECTOR UJJAIN_IDA),UJJAIN(DISTRICT COLLECTOR UJJAIN_IDA),Normal/Others,Normal/Others,1098200.0,2025-11-14T00:00:00.000Z,2025.0,0.0,Purchase of Hearse Van,Purchase of Hearse Van,,Shri Anil Firojiya,,UJJAIN,Completed,1098200,2025-11-14T00:00:00.000Z,,,,,,,,,,,,"Health, Sanitation & Public Hygiene",Public Health & Basic Amenities
167243.0,6a932bb5cd94452437a17948,Madhya Pradesh,Madhya Pradesh,CHHINDWARA,CHHINDWARA,CHHINDWARA(DISTRICT COLLECTOR CHHINDWARA_IDA),CHHINDWARA(DISTRICT COLLECTOR CHHINDWARA_IDA),Normal/Others,Normal/Others,150000.0,2025-08-02T00:00:00.000Z,2025.0,0.0,Construction of Rungmanch at mendaki,Construction of Rungmanch at mendaki,,BUNTY VIVEK SAHU,,CHHINDWARA,Completed,150000,2025-08-02T00:00:00.000Z,,,,,,,,,,,,Other Civil & Development Works,General Development & Maintenance
167246.0,6a932bb5cd94452437a18a70,Madhya Pradesh,Madhya Pradesh,CHHINDWARA,CHHINDWARA,CHHINDWARA(DISTRICT COLLECTOR CHHINDWARA_IDA),CHHINDWARA(DISTRICT COLLECTOR CHHINDWARA_IDA),Normal/Others,Normal/Others,150000.0,2026-03-18T00:00:00.000Z,2026.0,0.0,Construction of Rungmanch at Mankadei Khurd Durga Chouk,Construction of Rungmanch at Mankadei Khurd Durga Chouk,,BUNTY VIVEK SAHU,,CHHINDWARA,Completed,150000,2026-03-18T00:00:00.000Z,,,,,,,,,,,,Other Civil & Development Works,General Development & Maintenance
167742.0,6a932bb5cd94452437a17547,Madhya Pradesh,Madhya Pradesh,SAGAR,SAGAR,VIDISHA(District Collector Vidisha_IDA),VIDISHA(District Collector Vidisha_IDA),Normal/Others,Normal/Others,494847.0,2026-01-14T00:00:00.000Z,2026.0,0.0,Gram Panchayat Berkheri Kirar ke gram berkheri kirar me main road veeran ke ghar se gram ki or C.C. Road nirman karya hetu.,Gram Panchayat Berkheri Kirar ke gram berkheri kirar me main road veeran ke ghar se gram ki or C.C. Road nirman karya hetu.,,DR. LATA WANKHEDE,,SAGAR,Completed,494847,2026-01-14T00:00:00.000Z,,,,,,,,,,,,Roads & Pathways,Physical Infrastructure
167744.0,6a932bb5cd94452437a1781b,Madhya Pradesh,Madhya Pradesh,SAGAR,SAGAR,VIDISHA(District Collector Vidisha_IDA),VIDISHA(District Collector Vidisha_IDA),Normal/Others,Normal/Others,750000.0,2025-10-03T00:00:00.000Z,2025.0,0.0,Gram Panchayat Baroda Ke gram Manirampur Tapra me Narayan ke ghar se Kashumal Bai ke ghar ki or C.C. Road Nirman Karya hetu.,Gram Panchayat Baroda Ke gram Manirampur Tapra me Narayan ke ghar se Kashumal Bai ke ghar ki or C.C. Road Nirman Karya hetu.,,DR. LATA WANKHEDE,,SAGAR,Completed,750000,2025-10-03T00:00:00.000Z,,,,,,,,,,,,Roads & Pathways,Physical Infrastructure
168472.0,6a932bb5cd94452437a1882f,Madhya Pradesh,Madhya Pradesh,KHANDWA,KHANDWA,Khandwa (East Nimar)(DISTRICT COLLECTOR EAST NIMAR_IDA),Khandwa (East Nimar)(DISTRICT COLLECTOR EAST NIMAR_IDA),Normal/Others,Normal/Others,100000.0,2026-01-22T00:00:00.000Z,2026.0,0.0,books distribution,books distribution,,Gyaneshwar Patil,,KHANDWA,Completed,100000,2026-01-22T00:00:00.000Z,,,,,,,,,,,,Other Civil & Development Works,General Development & Maintenance
168474.0,6a932bb5cd94452437a1882b,Madhya Pradesh,Madhya Pradesh,KHANDWA,KHANDWA,Khandwa (East Nimar)(DISTRICT COLLECTOR EAST NIMAR_IDA),Khandwa (East Nimar)(DISTRICT COLLECTOR EAST NIMAR_IDA),Normal/Others,Normal/Others,100000.0,2026-01-22T00:00:00.000Z,2026.0,0.0,DISTRIBUTION OF BOOKS,DISTRIBUTION OF BOOKS,,Gyaneshwar Patil,,KHANDWA,Completed,100000,2026-01-22T00:00:00.000Z,,,,,,,,,,,,Other Civil & Development Works,General Development & Maintenance
168476.0,6a932bb5cd94452437a18818,Madhya Pradesh,Madhya Pradesh,KHANDWA,KHANDWA,Khandwa (East Nimar)(DISTRICT COLLECTOR EAST NIMAR_IDA),Khandwa (East Nimar)(DISTRICT COLLECTOR EAST NIMAR_IDA),Normal/Others,Normal/Others,100000.0,2026-01-22T00:00:00.000Z,2026.0,0.0,DISTRIBUTION OF BOOKS,DISTRIBUTION OF BOOKS,,Gyaneshwar Patil,,KHANDWA,Completed,100000,2026-01-22T00:00:00.000Z,,,,,,,,,,,,Other Civil & Development Works,General Development & Maintenance
168726.0,6a932bb5cd94452437a1715b,Madhya Pradesh,Madhya Pradesh,GUNA,GUNA,ASHOKNAGAR(DISTRICT COLLECTOR ASHOKNAGAR_IDA),ASHOKNAGAR(DISTRICT COLLECTOR ASHOKNAGAR_IDA),Normal/Others,Normal/Others,1000000.0,2025-03-11T00:00:00.000Z,2025.0,0.0,CC Road Construction,CC Road Construction,,JYOTIRADITYA M. SCINDIA,,GUNA,Completed,1000000,2025-03-11T00:00:00.000Z,,,,,,,,,,,,Roads & Pathways,Physical Infrastructure
169053.0,6a932bb5cd94452437a18263,Madhya Pradesh,Madhya Pradesh,CHHINDWARA,CHHINDWARA,CHHINDWARA(DISTRICT COLLECTOR CHHINDWARA_IDA),CHHINDWARA(DISTRICT COLLECTOR CHHINDWARA_IDA),Normal/Others,Normal/Others,200000.0,2025-11-07T00:00:00.000Z,2025.0,0.0,Construction Of Teen Shed At Jhamta,Construction Of Teen Shed At Jhamta,,BUNTY VIVEK SAHU,,CHHINDWARA,Completed,200000,2025-11-07T00:00:00.000Z,,,,,,,,,,,,Community Centers & Halls,Social Infrastructure
169096.0,6a932bb5cd94452437a1737f,Madhya Pradesh,Madhya Pradesh,SHAHDOL,SHAHDOL,KATNI(District Collector Katni_IDA),KATNI(District Collector Katni_IDA),Normal/Others,Normal/Others,300000.0,2025-06-17T00:00:00.000Z,2025.0,0.0,Community Building construction work near Badi Madhiya. Implementing Agency - Gram Panchayat,Community Building construction work near Badi Madhiya. Implementing Agency - Gram Panchayat,,Smt Himadri Singh,,SHAHDOL,Completed,300000,2025-06-17T00:00:00.000Z,,,,,,,,,,,,Community Centers & Halls,Social Infrastructure
169240.0,6a932bb5cd94452437a1a1bf,Madhya Pradesh,Madhya Pradesh,BALAGHAT,BALAGHAT,SEONI(District Collector Seoni_IDA),SEONI(District Collector Seoni_IDA),Normal/Others,Normal/Others,1000000.0,2025-09-12T00:00:00.000Z,2025.0,0.0,GRAM PANCHAYAT PANDHARWANI ME VIDYUTIKARAN KARYA,GRAM PANCHAYAT PANDHARWANI ME VIDYUTIKARAN KARYA,,BHARTI PARDHI,,BALAGHAT,Completed,1000000,2025-09-12T00:00:00.000Z,,,,,,,,,,,,Other Civil & Development Works,General Development & Maintenance
169259.0,6a932bb5cd94452437a1b659,Madhya Pradesh,Madhya Pradesh,BALAGHAT,BALAGHAT,SEONI(District Collector Seoni_IDA),SEONI(District Collector Seoni_IDA),Normal/Others,Normal/Others,247537.0,2025-11-17T00:00:00.000Z,2025.0,0.0,PRAKASH VYAVASTHA HETU HIGHMASK LIGHT IN JIVNARA BLOCK BARGHAT,PRAKASH VYAVASTHA HETU HIGHMASK LIGHT IN JIVNARA BLOCK BARGHAT,,BHARTI PARDHI,,BALAGHAT,Completed,247537,2025-11-17T00:00:00.000Z,,,,,,,,,,,,"Electricity, Lighting & Solar Energy",Physical Infrastructure
169262.0,6a932bb5cd94452437a1b660,Madhya Pradesh,Madhya Pradesh,BALAGHAT,BALAGHAT,SEONI(District Collector Seoni_IDA),SEONI(District Collector Seoni_IDA),Normal/Others,Normal/Others,247537.0,2025-11-18T00:00:00.000Z,2025.0,0.0,PRAKASH VYAVASTHA HETU HIGHMASK LIGHT IN DULHAPUR BLOCK BARGHAT,PRAKASH VYAVASTHA HETU HIGHMASK LIGHT IN DULHAPUR BLOCK BARGHAT,,BHARTI PARDHI,,BALAGHAT,Completed,247537,2025-11-18T00:00:00.000Z,,,,,,,,,,,,"Electricity, Lighting & Solar Energy",Physical Infrastructure
169266.0,6a932bb5cd94452437a1b663,Madhya Pradesh,Madhya Pradesh,BALAGHAT,BALAGHAT,SEONI(District Collector Seoni_IDA),SEONI(District Collector Seoni_IDA),Normal/Others,Normal/Others,247537.0,2025-11-18T00:00:00.000Z,2025.0,0.0,PRAKASH VYAVASTHA HETU HIGHMASK LIGHT IN MANEGAON KHURD BLOCK BARGHAT,PRAKASH VYAVASTHA HETU HIGHMASK LIGHT IN MANEGAON KHURD BLOCK BARGHAT,,BHARTI PARDHI,,BALAGHAT,Completed,247537,2025-11-18T00:00:00.000Z,,,,,,,,,,,,"Electricity, Lighting & Solar Energy",Physical Infrastructure
169268.0,6a932bb5cd94452437a1b665,Madhya Pradesh,Madhya Pradesh,BALAGHAT,BALAGHAT,SEONI(District Collector Seoni_IDA),SEONI(District Collector Seoni_IDA),Normal/Others,Normal/Others,247537.0,2025-11-18T00:00:00.000Z,2025.0,0.0,PRAKASH VYAVASTHA HETU HIGHMASK LIGHT IN BAMHODI BLOCK BARGHAT,PRAKASH VYAVASTHA HETU HIGHMASK LIGHT IN BAMHODI BLOCK BARGHAT,,BHARTI PARDHI,,BALAGHAT,Completed,247537,2025-11-18T00:00:00.000Z,,,,,,,,,,,,"Electricity, Lighting & Solar Energy",Physical Infrastructure
169377.0,6a932bb5cd94452437a19241,Madhya Pradesh,Madhya Pradesh,INDORE,INDORE,INDORE(DISTRICT COLLECTOR INDORE_IDA),INDORE(DISTRICT COLLECTOR INDORE_IDA),Normal/Others,Normal/Others,225369.0,2025-08-25T00:00:00.000Z,2025.0,0.0,Installation Work of pipeline from  Public Tube well mined before from MPLADS Fund  in Public Places Infront of Orange County  manik Bag road in Triveni Colony Ward 66 Indore-04,Installation Work of pipeline from  Public Tube well mined before from MPLADS Fund  in Public Places Infront of Orange County  manik Bag road in Triveni Colony Ward 66 Indore-04,,Shankar Lalwani,,INDORE,Completed,225369,2025-08-25T00:00:00.000Z,,,,,,,,,,,,Roads & Pathways,Physical Infrastructure
169379.0,6a932bb5cd94452437a192ca,Madhya Pradesh,Madhya Pradesh,INDORE,INDORE,INDORE(DISTRICT COLLECTOR INDORE_IDA),INDORE(DISTRICT COLLECTOR INDORE_IDA),Normal/Others,Normal/Others,234276.0,2025-08-25T00:00:00.000Z,2025.0,0.0,Installation Work of pipeline from Public Tube well mined before from MPLADS Fund in Public Places Near Nirwana Building infront of Samadha Ashram in Prem Nagar Ward 66 Indore VS-04,Installation Work of pipeline from Public Tube well mined before from MPLADS Fund in Public Places Near Nirwana Building infront of Samadha Ashram in Prem Nagar Ward 66 Indore VS-04,,Shankar Lalwani,,INDORE,Completed,234276,2025-08-25T00:00:00.000Z,,,,,,,,,,,,Drinking Water Supply,Public Health & Basic Amenities
169382.0,6a932bb5cd94452437a181fa,Madhya Pradesh,Madhya Pradesh,INDORE,INDORE,INDORE(DISTRICT COLLECTOR INDORE_IDA),INDORE(DISTRICT COLLECTOR INDORE_IDA),Normal/Others,Normal/Others,428586.0,2025-08-25T00:00:00.000Z,2025.0,0.0,Tube well mining with Motor pump installation including recharge pit for public use  Near LIG Gurudwara  in  Ward 44  Vidhansabha indore-5,Tube well mining with Motor pump installation including recharge pit for public use  Near LIG Gurudwara  in  Ward 44  Vidhansabha indore-5,,Shankar Lalwani,,INDORE,Completed,428586,2025-08-25T00:00:00.000Z,,,,,,,,,,,,Drinking Water Supply,Public Health & Basic Amenities
171999.0,6a932bb5cd94452437a17395,Madhya Pradesh,Madhya Pradesh,CHHINDWARA,CHHINDWARA,CHHINDWARA(DISTRICT COLLECTOR CHHINDWARA_IDA),CHHINDWARA(DISTRICT COLLECTOR CHHINDWARA_IDA),Normal/Others,Normal/Others,999200.0,2026-01-22T00:00:00.000Z,2026.0,0.0,Construction Of CC Road in  Loni Kalan Chand (Ram Janki Mandir Approach Road 300 meter,Construction Of CC Road in  Loni Kalan Chand (Ram Janki Mandir Approach Road 300 meter,,BUNTY VIVEK SAHU,,CHHINDWARA,Completed,999200,2026-01-22T00:00:00.000Z,,,,,,,,,,,,Roads & Pathways,Physical Infrastructure
172125.0,6a932bb5cd94452437a18914,Madhya Pradesh,Madhya Pradesh,SHAHDOL,SHAHDOL,ANUPPUR(DISTRICT COLLECTOR ANUPPUR_IDA),ANUPPUR(DISTRICT COLLECTOR ANUPPUR_IDA),Normal/Others,Normal/Others,366964.0,2026-04-13T00:00:00.000Z,2026.0,0.0,"12 solar street light installation work. Implementing Agency - PWD EM, Rewa Division","12 solar street light installation work. Implementing Agency - PWD EM, Rewa Division",,Smt Himadri Singh,,SHAHDOL,Completed,366964,2026-04-13T00:00:00.000Z,,,,,,,,,,,,"Electricity, Lighting & Solar Energy",Physical Infrastructure
172127.0,6a932bb5cd94452437a18919,Madhya Pradesh,Madhya Pradesh,SHAHDOL,SHAHDOL,ANUPPUR(DISTRICT COLLECTOR ANUPPUR_IDA),ANUPPUR(DISTRICT COLLECTOR ANUPPUR_IDA),Normal/Others,Normal/Others,366964.0,2026-04-13T00:00:00.000Z,2026.0,0.0,"12 solar street light installation work. Implementing Agency - PWD EM, Rewa Division","12 solar street light installation work. Implementing Agency - PWD EM, Rewa Division",,Smt Himadri Singh,,SHAHDOL,Completed,366964,2026-04-13T00:00:00.000Z,,,,,,,,,,,,"Electricity, Lighting & Solar Energy",Physical Infrastructure
172129.0,6a932bb5cd94452437a18916,Madhya Pradesh,Madhya Pradesh,SHAHDOL,SHAHDOL,ANUPPUR(DISTRICT COLLECTOR ANUPPUR_IDA),ANUPPUR(DISTRICT COLLECTOR ANUPPUR_IDA),Normal/Others,Normal/Others,366964.0,2026-04-13T00:00:00.000Z,2026.0,0.0,"12 solar street light installation work. Implementing Agency - PWD EM, Rewa Division","12 solar street light installation work. Implementing Agency - PWD EM, Rewa Division",,Smt Himadri Singh,,SHAHDOL,Completed,366964,2026-04-13T00:00:00.000Z,,,,,,,,,,,,"Electricity, Lighting & Solar Energy",Physical Infrastructure
172131.0,6a932bb5cd94452437a1891c,Madhya Pradesh,Madhya Pradesh,SHAHDOL,SHAHDOL,ANUPPUR(DISTRICT COLLECTOR ANUPPUR_IDA),ANUPPUR(DISTRICT COLLECTOR ANUPPUR_IDA),Normal/Others,Normal/Others,366964.0,2026-04-13T00:00:00.000Z,2026.0,0.0,"12 solar street light installation work. Implementing Agency - PWD EM, Rewa Division","12 solar street light installation work. Implementing Agency - PWD EM, Rewa Division",,Smt Himadri Singh,,SHAHDOL,Completed,366964,2026-04-13T00:00:00.000Z,,,,,,,,,,,,"Electricity, Lighting & Solar Energy",Physical Infrastructure
172350.0,6a932bb5cd94452437a1861c,Madhya Pradesh,Madhya Pradesh,MANDLA,MANDLA,MANDLA(DISTRICT COLLECTOR MANDLA_IDA),MANDLA(DISTRICT COLLECTOR MANDLA_IDA),Normal/Others,Normal/Others,499927.0,2026-04-11T00:00:00.000Z,2026.0,0.0,"Janpad Panchayat Beejadandi, mandla ke gram panchayat khamher Kheda ke antergat poshak gram Kurkuti ke bhurka tola nala me puliya nirman karya.","Janpad Panchayat Beejadandi, mandla ke gram panchayat khamher Kheda ke antergat poshak gram Kurkuti ke bhurka tola nala me puliya nirman karya.",,Faggan Singh Kulaste,,MANDLA,Completed,499927,2026-04-11T00:00:00.000Z,,,,,,,,,,,,Other Civil & Development Works,General Development & Maintenance
173912.0,6a932bb5cd94452437a180eb,Madhya Pradesh,Madhya Pradesh,CHHINDWARA,CHHINDWARA,CHHINDWARA(DISTRICT COLLECTOR CHHINDWARA_IDA),CHHINDWARA(DISTRICT COLLECTOR CHHINDWARA_IDA),Trust and Society,Trust and Society,500000.0,2026-02-13T00:00:00.000Z,2026.0,0.0,Construction Of Communitiy Hal Ward No 48 Poama Chhindwara,Construction Of Communitiy Hal Ward No 48 Poama Chhindwara,,BUNTY VIVEK SAHU,,CHHINDWARA,Completed,500000,2026-02-13T00:00:00.000Z,,,,,,,,,,,,Other Civil & Development Works,General Development & Maintenance
174303.0,6a932bb5cd94452437a18298,Madhya Pradesh,Madhya Pradesh,HOSHANGABAD,HOSHANGABAD,NARMADAPURAM(DISTRICT COLLECTOR NARMADAPURAM_IDA),NARMADAPURAM(DISTRICT COLLECTOR NARMADAPURAM_IDA),Normal/Others,Normal/Others,95000.0,2026-01-22T00:00:00.000Z,2026.0,0.0,"beneficiary name lata bakalwar daughter of shyamlal bakalwar, 6060008772","beneficiary name lata bakalwar daughter of shyamlal bakalwar, 6060008772",,DARSHAN SINGH CHOUDHARY,,HOSHANGABAD,Completed,95000,2026-01-22T00:00:00.000Z,,,,,,,,,,,,Other Civil & Development Works,General Development & Maintenance
174306.0,6a932bb5cd94452437a18291,Madhya Pradesh,Madhya Pradesh,HOSHANGABAD,HOSHANGABAD,NARMADAPURAM(DISTRICT COLLECTOR NARMADAPURAM_IDA),NARMADAPURAM(DISTRICT COLLECTOR NARMADAPURAM_IDA),Normal/Others,Normal/Others,95000.0,2026-01-22T00:00:00.000Z,2026.0,0.0,"beneficiary name gayatri yadav son of rajaram yadav , mobile no 7723869998","beneficiary name gayatri yadav son of rajaram yadav , mobile no 7723869998",,DARSHAN SINGH CHOUDHARY,,HOSHANGABAD,Completed,95000,2026-01-22T00:00:00.000Z,,,,,,,,,,,,Other Civil & Development Works,General Development & Maintenance
174308.0,6a932bb5cd94452437a1828f,Madhya Pradesh,Madhya Pradesh,HOSHANGABAD,HOSHANGABAD,NARMADAPURAM(DISTRICT COLLECTOR NARMADAPURAM_IDA),NARMADAPURAM(DISTRICT COLLECTOR NARMADAPURAM_IDA),Normal/Others,Normal/Others,95000.0,2026-01-16T00:00:00.000Z,2026.0,0.0,"beneficiary name ram narayan son of nank ram, contact no 9893375961","beneficiary name ram narayan son of nank ram, contact no 9893375961",,DARSHAN SINGH CHOUDHARY,,HOSHANGABAD,Completed,95000,2026-01-16T00:00:00.000Z,,,,,,,,,,,,Other Civil & Development Works,General Development & Maintenance
174461.0,6a932bb5cd94452437a18247,Madhya Pradesh,Madhya Pradesh,HOSHANGABAD,HOSHANGABAD,NARMADAPURAM(DISTRICT COLLECTOR NARMADAPURAM_IDA),NARMADAPURAM(DISTRICT COLLECTOR NARMADAPURAM_IDA),Normal/Others,Normal/Others,95000.0,2026-01-29T00:00:00.000Z,2026.0,0.0,"beneficiary name shri kunjilala son of hajarilal, contact no","beneficiary name shri kunjilala son of hajarilal, contact no",,DARSHAN SINGH CHOUDHARY,,HOSHANGABAD,Completed,95000,2026-01-29T00:00:00.000Z,,,,,,,,,,,,Other Civil & Development Works,General Development & Maintenance
162345.0,6a932bb5cd94452437a173ce,Madhya Pradesh,Madhya Pradesh,SAGAR,SAGAR,VIDISHA(District Collector Vidisha_IDA),VIDISHA(District Collector Vidisha_IDA),Normal/Others,Normal/Others,989506.0,2025-10-16T00:00:00.000Z,2025.0,0.0,Gram Panchayat Rawan me panchayat bhavan evam aganbadi parisar ki boundribal nirman karya hetu.,Gram Panchayat Rawan me panchayat bhavan evam aganbadi parisar ki boundribal nirman karya hetu.,,DR. LATA WANKHEDE,,SAGAR,Completed,989506,2025-10-16T00:00:00.000Z,,,,,,,,,,,,Community Centers & Halls,Social Infrastructure
162827.0,6a932bb5cd94452437a16f0f,Madhya Pradesh,Madhya Pradesh,SAGAR,SAGAR,SAGAR(DISTRICT COLLECTOR SAGAR_IDA),SAGAR(DISTRICT COLLECTOR SAGAR_IDA),Normal/Others,Normal/Others,500000.0,2025-10-29T00:00:00.000Z,2025.0,0.0,Gram Panchayat Mothi Me Aganwadi kendra no. 02 se parikshat patel ke makan ki or C.C. Road Nirman Karya Hetu.,Gram Panchayat Mothi Me Aganwadi kendra no. 02 se parikshat patel ke makan ki or C.C. Road Nirman Karya Hetu.,,DR. LATA WANKHEDE,,SAGAR,Completed,500000,2025-10-29T00:00:00.000Z,,,,,,,,,,,,Roads & Pathways,Physical Infrastructure
162836.0,6a932bb5cd94452437a16e1f,Madhya Pradesh,Madhya Pradesh,SAGAR,SAGAR,SAGAR(DISTRICT COLLECTOR SAGAR_IDA),SAGAR(DISTRICT COLLECTOR SAGAR_IDA),Normal/Others,Normal/Others,500000.0,2025-10-24T00:00:00.000Z,2025.0,0.0,Gram Panchayat Toda Gotamiya Ke ward No. 10 me balkishan Prajapti Ke ghar se hari rajak ke ghar ki or C.C. Road Nirman Hetu.,Gram Panchayat Toda Gotamiya Ke ward No. 10 me balkishan Prajapti Ke ghar se hari rajak ke ghar ki or C.C. Road Nirman Hetu.,,DR. LATA WANKHEDE,,SAGAR,Completed,500000,2025-10-24T00:00:00.000Z,,,,,,,,,,,,Roads & Pathways,Physical Infrastructure
163138.0,6a932bb5cd94452437a17d2c,Madhya Pradesh,Madhya Pradesh,DAMOH,DAMOH,DAMOH(DISTRICT COLLECTOR DAMOH_IDA),DAMOH(DISTRICT COLLECTOR DAMOH_IDA),Normal/Others,Normal/Others,198724.0,2025-04-24T00:00:00.000Z,2025.0,0.0,GRAM PANCHAYAT BARRET ME 5000 LRT PANI KE TENKAR KI KHAREED,GRAM PANCHAYAT BARRET ME 5000 LRT PANI KE TENKAR KI KHAREED,,RAHUL SINGH LODHI,,DAMOH,Completed,198724,2025-04-24T00:00:00.000Z,,,,,,,,,,,,Other Civil & Development Works,General Development & Maintenance
163140.0,6a932bb5cd94452437a17d2f,Madhya Pradesh,Madhya Pradesh,DAMOH,DAMOH,DAMOH(DISTRICT COLLECTOR DAMOH_IDA),DAMOH(DISTRICT COLLECTOR DAMOH_IDA),Normal/Others,Normal/Others,198724.0,2025-04-24T00:00:00.000Z,2025.0,0.0,GRAM PANCHAYAT PATOUHA ME 5000 LRT PANI KE TENKAR KI KHAREED,GRAM PANCHAYAT PATOUHA ME 5000 LRT PANI KE TENKAR KI KHAREED,,RAHUL SINGH LODHI,,DAMOH,Completed,198724,2025-04-24T00:00:00.000Z,,,,,,,,,,,,Other Civil & Development Works,General Development & Maintenance
163143.0,6a932bb5cd94452437a17d31,Madhya Pradesh,Madhya Pradesh,DAMOH,DAMOH,DAMOH(DISTRICT COLLECTOR DAMOH_IDA),DAMOH(DISTRICT COLLECTOR DAMOH_IDA),Normal/Others,Normal/Others,198724.0,2025-04-24T00:00:00.000Z,2025.0,0.0,GRAM PANCHAYAT GHAT PIPRIYA ME 5000 LRT. PANI KE TENKAR KI KHAREED,GRAM PANCHAYAT GHAT PIPRIYA ME 5000 LRT. PANI KE TENKAR KI KHAREED,,RAHUL SINGH LODHI,,DAMOH,Completed,198724,2025-04-24T00:00:00.000Z,,,,,,,,,,,,Other Civil & Development Works,General Development & Maintenance
163145.0,6a932bb5cd94452437a17d33,Madhya Pradesh,Madhya Pradesh,DAMOH,DAMOH,DAMOH(DISTRICT COLLECTOR DAMOH_IDA),DAMOH(DISTRICT COLLECTOR DAMOH_IDA),Normal/Others,Normal/Others,198724.0,2025-04-24T00:00:00.000Z,2025.0,0.0,GRAM PANCHAYAT HINOTA KALAN ME 5000 LRT PANI KE TENKAR KI KHAREED,GRAM PANCHAYAT HINOTA KALAN ME 5000 LRT PANI KE TENKAR KI KHAREED,,RAHUL SINGH LODHI,,DAMOH,Completed,198724,2025-04-24T00:00:00.000Z,,,,,,,,,,,,Other Civil & Development Works,General Development & Maintenance
163147.0,6a932bb5cd94452437a17250,Madhya Pradesh,Madhya Pradesh,DAMOH,DAMOH,DAMOH(DISTRICT COLLECTOR DAMOH_IDA),DAMOH(DISTRICT COLLECTOR DAMOH_IDA),Normal/Others,Normal/Others,198724.0,2025-02-24T00:00:00.000Z,2025.0,0.0,GRAM PANCHAYAT RASILPUR ME 5000 LRT PANI KE TENKAR KI KHAREED,GRAM PANCHAYAT RASILPUR ME 5000 LRT PANI KE TENKAR KI KHAREED,,RAHUL SINGH LODHI,,DAMOH,Completed,198724,2025-02-24T00:00:00.000Z,,,,,,,,,,,,Other Civil & Development Works,General Development & Maintenance
163151.0,6a932bb5cd94452437a17ab2,Madhya Pradesh,Madhya Pradesh,INDORE,INDORE,INDORE(DISTRICT COLLECTOR INDORE_IDA),INDORE(DISTRICT COLLECTOR INDORE_IDA),Normal/Others,Normal/Others,420346.0,2025-08-25T00:00:00.000Z,2025.0,0.0,"Motor pump installation work with tube well mining for public use, including recharge pit, in Bijasan Colony ward-6 Vidhansabha indore-1","Motor pump installation work with tube well mining for public use, including recharge pit, in Bijasan Colony ward-6 Vidhansabha indore-1",,Shankar Lalwani,,INDORE,Completed,420346,2025-08-25T00:00:00.000Z,,,,,,,,,,,,Drinking Water Supply,Public Health & Basic Amenities
163155.0,6a932bb5cd94452437a1724d,Madhya Pradesh,Madhya Pradesh,DAMOH,DAMOH,DAMOH(DISTRICT COLLECTOR DAMOH_IDA),DAMOH(DISTRICT COLLECTOR DAMOH_IDA),Normal/Others,Normal/Others,198724.0,2025-02-24T00:00:00.000Z,2025.0,0.0,GRAM PANCHAYAT DHANGOR KALAN ME 5000 LRT PANI KE TENKAR KI KHAREED,GRAM PANCHAYAT DHANGOR KALAN ME 5000 LRT PANI KE TENKAR KI KHAREED,,RAHUL SINGH LODHI,,DAMOH,Completed,198724,2025-02-24T00:00:00.000Z,,,,,,,,,,,,Other Civil & Development Works,General Development & Maintenance
163166.0,6a932bb5cd94452437a17d2a,Madhya Pradesh,Madhya Pradesh,INDORE,INDORE,INDORE(DISTRICT COLLECTOR INDORE_IDA),INDORE(DISTRICT COLLECTOR INDORE_IDA),Normal/Others,Normal/Others,420423.0,2025-08-22T00:00:00.000Z,2025.0,0.0,"ube well mining with Motor pump installation including recharge pit for public use, in Kamla Negru Nagar near Atal dwar ward-9 Vidhansabha indore-1","ube well mining with Motor pump installation including recharge pit for public use, in Kamla Negru Nagar near Atal dwar ward-9 Vidhansabha indore-1",,Shankar Lalwani,,INDORE,Completed,420423,2025-08-22T00:00:00.000Z,,,,,,,,,,,,Other Civil & Development Works,General Development & Maintenance
163174.0,6a932bb5cd94452437a17d27,Madhya Pradesh,Madhya Pradesh,INDORE,INDORE,INDORE(DISTRICT COLLECTOR INDORE_IDA),INDORE(DISTRICT COLLECTOR INDORE_IDA),Normal/Others,Normal/Others,407129.0,2025-08-22T00:00:00.000Z,2025.0,0.0,"Tube well mining with Motor pump installation including recharge pit for public use, in ward-41  Keshav nagar Vidhansabha-Indore-05","Tube well mining with Motor pump installation including recharge pit for public use, in ward-41  Keshav nagar Vidhansabha-Indore-05",,Shankar Lalwani,,INDORE,Completed,407129,2025-08-22T00:00:00.000Z,,,,,,,,,,,,Drinking Water Supply,Public Health & Basic Amenities
163177.0,6a932bb5cd94452437a1724b,Madhya Pradesh,Madhya Pradesh,DAMOH,DAMOH,DAMOH(DISTRICT COLLECTOR DAMOH_IDA),DAMOH(DISTRICT COLLECTOR DAMOH_IDA),Normal/Others,Normal/Others,198724.0,2025-02-24T00:00:00.000Z,2025.0,0.0,gram panchayat fatehpur me 5000 lrt pani ke tenkar ki khareed,gram panchayat fatehpur me 5000 lrt pani ke tenkar ki khareed,,RAHUL SINGH LODHI,,DAMOH,Completed,198724,2025-02-24T00:00:00.000Z,,,,,,,,,,,,Other Civil & Development Works,General Development & Maintenance
163338.0,6a932bb5cd94452437a1829d,Madhya Pradesh,Madhya Pradesh,HOSHANGABAD,HOSHANGABAD,NARMADAPURAM(DISTRICT COLLECTOR NARMADAPURAM_IDA),NARMADAPURAM(DISTRICT COLLECTOR NARMADAPURAM_IDA),Normal/Others,Normal/Others,95000.0,2026-01-19T00:00:00.000Z,2026.0,0.0,"beneficiary name sh. ramakant meena son of sh. deviram meena, having disability, contact no 9893514154","beneficiary name sh. ramakant meena son of sh. deviram meena, having disability, contact no 9893514154",,DARSHAN SINGH CHOUDHARY,,HOSHANGABAD,Completed,95000,2026-01-19T00:00:00.000Z,,,,,,,,,,,,Other Civil & Development Works,General Development & Maintenance
163485.0,6a932bb5cd94452437a16e74,Madhya Pradesh,Madhya Pradesh,SAGAR,SAGAR,SAGAR(DISTRICT COLLECTOR SAGAR_IDA),SAGAR(DISTRICT COLLECTOR SAGAR_IDA),Normal/Others,Normal/Others,498503.0,2025-10-23T00:00:00.000Z,2025.0,0.0,Gram Panchayat Gambhiriya Hat Ke gram Pathariya Me Naresh Ke ghar Se Khel Maidan Ki or C.C. Road Nirman Karya Hetu.,Gram Panchayat Gambhiriya Hat Ke gram Pathariya Me Naresh Ke ghar Se Khel Maidan Ki or C.C. Road Nirman Karya Hetu.,,DR. LATA WANKHEDE,,SAGAR,Completed,498503,2025-10-23T00:00:00.000Z,,,,,,,,,,,,Roads & Pathways,Physical Infrastructure
163499.0,6a932bb5cd94452437a17d8f,Madhya Pradesh,Madhya Pradesh,KHANDWA,KHANDWA,Khandwa (East Nimar)(DISTRICT COLLECTOR EAST NIMAR_IDA),Khandwa (East Nimar)(DISTRICT COLLECTOR EAST NIMAR_IDA),Normal/Others,Normal/Others,406404.0,2025-08-22T00:00:00.000Z,2025.0,0.0,SOLAR STREET LIGHT FOR VARIOUS TOWNS AND VILLAGES OF KHANDWA DISTRICT,SOLAR STREET LIGHT FOR VARIOUS TOWNS AND VILLAGES OF KHANDWA DISTRICT,,Gyaneshwar Patil,,KHANDWA,Completed,406404,2025-08-22T00:00:00.000Z,,,,,,,,,,,,"Electricity, Lighting & Solar Energy",Physical Infrastructure
163501.0,6a932bb5cd94452437a17d8d,Madhya Pradesh,Madhya Pradesh,KHANDWA,KHANDWA,Khandwa (East Nimar)(DISTRICT COLLECTOR EAST NIMAR_IDA),Khandwa (East Nimar)(DISTRICT COLLECTOR EAST NIMAR_IDA),Normal/Others,Normal/Others,406404.0,2025-08-13T00:00:00.000Z,2025.0,0.0,SOLAR STREET LIGHT FOR VARIOUS TOWNS AND VILLAGES OF KHANDWA DISTRICT,SOLAR STREET LIGHT FOR VARIOUS TOWNS AND VILLAGES OF KHANDWA DISTRICT,,Gyaneshwar Patil,,KHANDWA,Completed,406404,2025-08-13T00:00:00.000Z,,,,,,,,,,,,"Electricity, Lighting & Solar Energy",Physical Infrastructure
163503.0,6a932bb5cd94452437a19846,Madhya Pradesh,Madhya Pradesh,KHANDWA,KHANDWA,Khandwa (East Nimar)(DISTRICT COLLECTOR EAST NIMAR_IDA),Khandwa (East Nimar)(DISTRICT COLLECTOR EAST NIMAR_IDA),Normal/Others,Normal/Others,406404.0,2025-08-13T00:00:00.000Z,2025.0,0.0,SOLAR STREET LIGHT FOR VARIOUS TOWNS AND VILLAGES OF KHANDWA DISTRICT,SOLAR STREET LIGHT FOR VARIOUS TOWNS AND VILLAGES OF KHANDWA DISTRICT,,Gyaneshwar Patil,,KHANDWA,Completed,406404,2025-08-13T00:00:00.000Z,,,,,,,,,,,,"Electricity, Lighting & Solar Energy",Physical Infrastructure
163505.0,6a932bb5cd94452437a17d95,Madhya Pradesh,Madhya Pradesh,KHANDWA,KHANDWA,Khandwa (East Nimar)(DISTRICT COLLECTOR EAST NIMAR_IDA),Khandwa (East Nimar)(DISTRICT COLLECTOR EAST NIMAR_IDA),Normal/Others,Normal/Others,406404.0,2025-08-13T00:00:00.000Z,2025.0,0.0,SOLAR STREET LIGHT FOR VARIOUS TOWNS AND VILLAGES OF KHANDWA DISTRICT,SOLAR STREET LIGHT FOR VARIOUS TOWNS AND VILLAGES OF KHANDWA DISTRICT,,Gyaneshwar Patil,,KHANDWA,Completed,406404,2025-08-13T00:00:00.000Z,,,,,,,,,,,,"Electricity, Lighting & Solar Energy",Physical Infrastructure
163507.0,6a932bb5cd94452437a17d93,Madhya Pradesh,Madhya Pradesh,KHANDWA,KHANDWA,Khandwa (East Nimar)(DISTRICT COLLECTOR EAST NIMAR_IDA),Khandwa (East Nimar)(DISTRICT COLLECTOR EAST NIMAR_IDA),Normal/Others,Normal/Others,406404.0,2025-08-13T00:00:00.000Z,2025.0,0.0,SOLAR STREET LIGHT FOR VARIOUS TOWNS AND VILLAGES OF KHANDWA DISTRICT,SOLAR STREET LIGHT FOR VARIOUS TOWNS AND VILLAGES OF KHANDWA DISTRICT,,Gyaneshwar Patil,,KHANDWA,Completed,406404,2025-08-13T00:00:00.000Z,,,,,,,,,,,,"Electricity, Lighting & Solar Energy",Physical Infrastructure
163509.0,6a932bb5cd94452437a17d91,Madhya Pradesh,Madhya Pradesh,KHANDWA,KHANDWA,Khandwa (East Nimar)(DISTRICT COLLECTOR EAST NIMAR_IDA),Khandwa (East Nimar)(DISTRICT COLLECTOR EAST NIMAR_IDA),Normal/Others,Normal/Others,406404.0,2025-08-22T00:00:00.000Z,2025.0,0.0,SOLAR STREET LIGHT FOR VARIOUS TOWNS AND VILLAGES OF KHANDWA DISTRICT,SOLAR STREET LIGHT FOR VARIOUS TOWNS AND VILLAGES OF KHANDWA DISTRICT,,Gyaneshwar Patil,,KHANDWA,Completed,406404,2025-08-22T00:00:00.000Z,,,,,,,,,,,,"Electricity, Lighting & Solar Energy",Physical Infrastructure
163513.0,6a932bb5cd94452437a17d9b,Madhya Pradesh,Madhya Pradesh,KHANDWA,KHANDWA,Khandwa (East Nimar)(DISTRICT COLLECTOR EAST NIMAR_IDA),Khandwa (East Nimar)(DISTRICT COLLECTOR EAST NIMAR_IDA),Normal/Others,Normal/Others,364247.0,2025-07-18T00:00:00.000Z,2025.0,0.0,solar high mast for various locations of khandwa district,solar high mast for various locations of khandwa district,,Gyaneshwar Patil,,KHANDWA,Completed,364247,2025-07-18T00:00:00.000Z,,,,,,,,,,,,"Electricity, Lighting & Solar Energy",Physical Infrastructure
163515.0,6a932bb5cd94452437a18edc,Madhya Pradesh,Madhya Pradesh,KHANDWA,KHANDWA,Khandwa (East Nimar)(DISTRICT COLLECTOR EAST NIMAR_IDA),Khandwa (East Nimar)(DISTRICT COLLECTOR EAST NIMAR_IDA),Normal/Others,Normal/Others,364247.0,2025-07-16T00:00:00.000Z,2025.0,0.0,solar high mast for various locations of khandwa district,solar high mast for various locations of khandwa district,,Gyaneshwar Patil,,KHANDWA,Completed,364247,2025-07-16T00:00:00.000Z,,,,,,,,,,,,"Electricity, Lighting & Solar Energy",Physical Infrastructure
163517.0,6a932bb5cd94452437a17d98,Madhya Pradesh,Madhya Pradesh,KHANDWA,KHANDWA,Khandwa (East Nimar)(DISTRICT COLLECTOR EAST NIMAR_IDA),Khandwa (East Nimar)(DISTRICT COLLECTOR EAST NIMAR_IDA),Normal/Others,Normal/Others,364247.0,2025-07-18T00:00:00.000Z,2025.0,0.0,solar high mast for various locations of khandwa district,solar high mast for various locations of khandwa district,,Gyaneshwar Patil,,KHANDWA,Completed,364247,2025-07-18T00:00:00.000Z,,,,,,,,,,,,"Electricity, Lighting & Solar Energy",Physical Infrastructure
163536.0,6a932bb5cd94452437a1ab05,Madhya Pradesh,Madhya Pradesh,RATLAM,RATLAM,RATLAM(District Collector Ratlam_IDA),RATLAM(District Collector Ratlam_IDA),Normal/Others,Normal/Others,888293.0,2026-02-27T00:00:00.000Z,2026.0,0.0,Ratlam Nagar palika Parisad ke Antargat Vard No. 09 me Vidhayak Sabha Graha ke Picche C.C.Road Nirman Kary Rs 888293.00 ka Savikrat,Ratlam Nagar palika Parisad ke Antargat Vard No. 09 me Vidhayak Sabha Graha ke Picche C.C.Road Nirman Kary Rs 888293.00 ka Savikrat,,ANITA NAGARSINGH CHOUHAN,,RATLAM,Completed,888293,2026-02-27T00:00:00.000Z,,,,,,,,,,,,Roads & Pathways,Physical Infrastructure
163596.0,6a932bb5cd94452437a175b3,Madhya Pradesh,Madhya Pradesh,RATLAM,RATLAM,RATLAM(District Collector Ratlam_IDA),RATLAM(District Collector Ratlam_IDA),Normal/Others,Normal/Others,1000000.0,2025-11-03T00:00:00.000Z,2025.0,0.0,janpad panchayat ratlam ke gram panchayat delanpur me men rod se mohanlal ke ghar tak sisi rod nirman kary,janpad panchayat ratlam ke gram panchayat delanpur me men rod se mohanlal ke ghar tak sisi rod nirman kary,,ANITA NAGARSINGH CHOUHAN,,RATLAM,Completed,1000000,2025-11-03T00:00:00.000Z,,,,,,,,,,,,Other Civil & Development Works,General Development & Maintenance
163598.0,6a932bb5cd94452437a175b5,Madhya Pradesh,Madhya Pradesh,RATLAM,RATLAM,RATLAM(District Collector Ratlam_IDA),RATLAM(District Collector Ratlam_IDA),Normal/Others,Normal/Others,1000000.0,2026-02-04T00:00:00.000Z,2026.0,0.0,janpad panchayat ratlam ke gram panchayat simlavda me dines ke ghar se aadivasi balak chatravas tak sisi rod nirman,janpad panchayat ratlam ke gram panchayat simlavda me dines ke ghar se aadivasi balak chatravas tak sisi rod nirman,,ANITA NAGARSINGH CHOUHAN,,RATLAM,Completed,1000000,2026-02-04T00:00:00.000Z,,,,,,,,,,,,Other Civil & Development Works,General Development & Maintenance
163606.0,6a932bb5cd94452437a17af9,Madhya Pradesh,Madhya Pradesh,RATLAM,RATLAM,RATLAM(District Collector Ratlam_IDA),RATLAM(District Collector Ratlam_IDA),Normal/Others,Normal/Others,300000.0,2026-03-10T00:00:00.000Z,2026.0,0.0,Distt. Ratlam Block Bajna Gram Panchayat Amarpura Kala me Bedihani Mohalle me Sadak Nirman Kary Rs 300000,Distt. Ratlam Block Bajna Gram Panchayat Amarpura Kala me Bedihani Mohalle me Sadak Nirman Kary Rs 300000,,ANITA NAGARSINGH CHOUHAN,,RATLAM,Completed,300000,2026-03-10T00:00:00.000Z,,,,,,,,,,,,Other Civil & Development Works,General Development & Maintenance
163608.0,6a932bb5cd94452437a17b23,Madhya Pradesh,Madhya Pradesh,RATLAM,RATLAM,RATLAM(District Collector Ratlam_IDA),RATLAM(District Collector Ratlam_IDA),Normal/Others,Normal/Others,200000.0,2025-11-24T00:00:00.000Z,2025.0,0.0,Distt Rarlam Block Bajna Gram Panchayat Karbal Khora nirman kary CC Road RS 200000 Aproved,Distt Rarlam Block Bajna Gram Panchayat Karbal Khora nirman kary CC Road RS 200000 Aproved,,ANITA NAGARSINGH CHOUHAN,,RATLAM,Completed,200000,2025-11-24T00:00:00.000Z,,,,,,,,,,,,Roads & Pathways,Physical Infrastructure
163611.0,6a932bb5cd94452437a176f9,Madhya Pradesh,Madhya Pradesh,RATLAM,RATLAM,RATLAM(District Collector Ratlam_IDA),RATLAM(District Collector Ratlam_IDA),Normal/Others,Normal/Others,100000.0,2026-01-05T00:00:00.000Z,2026.0,0.0,Distt Rarlam Block Bajna Gram Panchayat Piplipada nirman kary CC Road RS 200000 Aproved,Distt Rarlam Block Bajna Gram Panchayat Piplipada nirman kary CC Road RS 200000 Aproved,,ANITA NAGARSINGH CHOUHAN,,RATLAM,Completed,100000,2026-01-05T00:00:00.000Z,,,,,,,,,,,,Roads & Pathways,Physical Infrastructure
163614.0,6a932bb5cd94452437a17c5f,Madhya Pradesh,Madhya Pradesh,RATLAM,RATLAM,RATLAM(District Collector Ratlam_IDA),RATLAM(District Collector Ratlam_IDA),Normal/Others,Normal/Others,200000.0,2025-09-01T00:00:00.000Z,2025.0,0.0,Distt Rarlam Block Bajna Gram Panchayat Chikni nirman kary CC Road RS 200000 Aproved,Distt Rarlam Block Bajna Gram Panchayat Chikni nirman kary CC Road RS 200000 Aproved,,ANITA NAGARSINGH CHOUHAN,,RATLAM,Completed,200000,2025-09-01T00:00:00.000Z,,,,,,,,,,,,Roads & Pathways,Physical Infrastructure
163621.0,6a932bb5cd94452437a1748f,Madhya Pradesh,Madhya Pradesh,MANDLA,MANDLA,MANDLA(DISTRICT COLLECTOR MANDLA_IDA),MANDLA(DISTRICT COLLECTOR MANDLA_IDA),Normal/Others,Normal/Others,312290.0,2025-11-09T00:00:00.000Z,2025.0,0.0,"Gram Panchayat Kindri, Janpad Panchayat Mandla, me gram simariya me murari ke ghar se puliya tak CC road ka nirman","Gram Panchayat Kindri, Janpad Panchayat Mandla, me gram simariya me murari ke ghar se puliya tak CC road ka nirman",,Faggan Singh Kulaste,,MANDLA,Completed,312290,2025-11-09T00:00:00.000Z,,,,,,,,,,,,Roads & Pathways,Physical Infrastructure
163623.0,6a932bb5cd94452437a1748e,Madhya Pradesh,Madhya Pradesh,MANDLA,MANDLA,MANDLA(DISTRICT COLLECTOR MANDLA_IDA),MANDLA(DISTRICT COLLECTOR MANDLA_IDA),Normal/Others,Normal/Others,500000.0,2025-11-09T00:00:00.000Z,2025.0,0.0,"Gram Panchayat Chatuamal, janpad panchayat mandla ke gram gazipur me tulsiram vishwakarma ke ghar ke pas puliya nirman.","Gram Panchayat Chatuamal, janpad panchayat mandla ke gram gazipur me tulsiram vishwakarma ke ghar ke pas puliya nirman.",,Faggan Singh Kulaste,,MANDLA,Completed,500000,2025-11-09T00:00:00.000Z,,,,,,,,,,,,Other Civil & Development Works,General Development & Maintenance
163755.0,6a932bb5cd94452437a16df2,Madhya Pradesh,Madhya Pradesh,SAGAR,SAGAR,SAGAR(DISTRICT COLLECTOR SAGAR_IDA),SAGAR(DISTRICT COLLECTOR SAGAR_IDA),Normal/Others,Normal/Others,500000.0,2025-10-17T00:00:00.000Z,2025.0,0.0,Gram Panchayat Chandamau me moti chadar ke ghar se bajrangbali ki or c.c. road nirman karya hetu.,Gram Panchayat Chandamau me moti chadar ke ghar se bajrangbali ki or c.c. road nirman karya hetu.,,DR. LATA WANKHEDE,,SAGAR,Completed,500000,2025-10-17T00:00:00.000Z,,,,,,,,,,,,Roads & Pathways,Physical Infrastructure
163863.0,6a932bb5cd94452437a18705,Madhya Pradesh,Madhya Pradesh,KHANDWA,KHANDWA,BURHANPUR(District Collector Burhanpur_IDA),BURHANPUR(District Collector Burhanpur_IDA),Normal/Others,Normal/Others,364247.0,2025-06-17T00:00:00.000Z,2025.0,0.0,High mast in public spaces,High mast in public spaces,,Gyaneshwar Patil,,KHANDWA,Completed,364247,2025-06-17T00:00:00.000Z,,,,,,,,,,,,"Electricity, Lighting & Solar Energy",Physical Infrastructure
163865.0,6a932bb5cd94452437a18703,Madhya Pradesh,Madhya Pradesh,KHANDWA,KHANDWA,BURHANPUR(District Collector Burhanpur_IDA),BURHANPUR(District Collector Burhanpur_IDA),Normal/Others,Normal/Others,364247.0,2025-06-17T00:00:00.000Z,2025.0,0.0,High mast in public spaces,High mast in public spaces,,Gyaneshwar Patil,,KHANDWA,Completed,364247,2025-06-17T00:00:00.000Z,,,,,,,,,,,,"Electricity, Lighting & Solar Energy",Physical Infrastructure
163867.0,6a932bb5cd94452437a18701,Madhya Pradesh,Madhya Pradesh,KHANDWA,KHANDWA,BURHANPUR(District Collector Burhanpur_IDA),BURHANPUR(District Collector Burhanpur_IDA),Normal/Others,Normal/Others,364247.0,2025-06-17T00:00:00.000Z,2025.0,0.0,High mast of public spaces,High mast of public spaces,,Gyaneshwar Patil,,KHANDWA,Completed,364247,2025-06-17T00:00:00.000Z,,,,,,,,,,,,"Electricity, Lighting & Solar Energy",Physical Infrastructure
164005.0,6a932bb5cd94452437a1aef5,Madhya Pradesh,Madhya Pradesh,KHANDWA,KHANDWA,BURHANPUR(District Collector Burhanpur_IDA),BURHANPUR(District Collector Burhanpur_IDA),Normal/Others,Normal/Others,316092.0,2025-11-13T00:00:00.000Z,2025.0,0.0,7 street lights,7 street lights,,Gyaneshwar Patil,,KHANDWA,Completed,316092,2025-11-13T00:00:00.000Z,,,,,,,,,,,,Other Civil & Development Works,General Development & Maintenance
164065.0,6a932bb5cd94452437a17d85,Madhya Pradesh,Madhya Pradesh,KHANDWA,KHANDWA,Khandwa (East Nimar)(DISTRICT COLLECTOR EAST NIMAR_IDA),Khandwa (East Nimar)(DISTRICT COLLECTOR EAST NIMAR_IDA),Normal/Others,Normal/Others,541872.0,2025-08-13T00:00:00.000Z,2025.0,0.0,9 street lights,9 street lights,,Gyaneshwar Patil,,KHANDWA,Completed,541872,2025-08-13T00:00:00.000Z,,,,,,,,,,,,Other Civil & Development Works,General Development & Maintenance
164071.0,6a932bb5cd94452437a17d89,Madhya Pradesh,Madhya Pradesh,KHANDWA,KHANDWA,Khandwa (East Nimar)(DISTRICT COLLECTOR EAST NIMAR_IDA),Khandwa (East Nimar)(DISTRICT COLLECTOR EAST NIMAR_IDA),Normal/Others,Normal/Others,361248.0,2025-08-13T00:00:00.000Z,2025.0,0.0,8 street lights,8 street lights,,Gyaneshwar Patil,,KHANDWA,Completed,361248,2025-08-13T00:00:00.000Z,,,,,,,,,,,,Other Civil & Development Works,General Development & Maintenance
164073.0,6a932bb5cd94452437a19848,Madhya Pradesh,Madhya Pradesh,KHANDWA,KHANDWA,Khandwa (East Nimar)(DISTRICT COLLECTOR EAST NIMAR_IDA),Khandwa (East Nimar)(DISTRICT COLLECTOR EAST NIMAR_IDA),Normal/Others,Normal/Others,361248.0,2025-08-26T00:00:00.000Z,2025.0,0.0,8 street lights,8 street lights,,Gyaneshwar Patil,,KHANDWA,Completed,361248,2025-08-26T00:00:00.000Z,,,,,,,,,,,,Other Civil & Development Works,General Development & Maintenance
164194.0,6a932bb5cd94452437a17d8a,Madhya Pradesh,Madhya Pradesh,KHANDWA,KHANDWA,Khandwa (East Nimar)(DISTRICT COLLECTOR EAST NIMAR_IDA),Khandwa (East Nimar)(DISTRICT COLLECTOR EAST NIMAR_IDA),Normal/Others,Normal/Others,496716.0,2025-08-13T00:00:00.000Z,2025.0,0.0,11 street lights,11 street lights,,Gyaneshwar Patil,,KHANDWA,Completed,496716,2025-08-13T00:00:00.000Z,,,,,,,,,,,,Other Civil & Development Works,General Development & Maintenance
164724.0,6a932bb5cd94452437a170f4,Madhya Pradesh,Madhya Pradesh,SAGAR,SAGAR,VIDISHA(District Collector Vidisha_IDA),VIDISHA(District Collector Vidisha_IDA),Normal/Others,Normal/Others,500000.0,2025-12-19T00:00:00.000Z,2025.0,0.0,Gram Panchayat Bhoot Parasi ke gram Hinotiya me Balkishan ke khet ke pass Puliya Nirman Karya hetu.,Gram Panchayat Bhoot Parasi ke gram Hinotiya me Balkishan ke khet ke pass Puliya Nirman Karya hetu.,,DR. LATA WANKHEDE,,SAGAR,Completed,500000,2025-12-19T00:00:00.000Z,,,,,,,,,,,,Other Civil & Development Works,General Development & Maintenance
153956.0,6a932bb5cd94452437a171d5,Madhya Pradesh,Madhya Pradesh,INDORE,INDORE,INDORE(DISTRICT COLLECTOR INDORE_IDA),INDORE(DISTRICT COLLECTOR INDORE_IDA),Normal/Others,Normal/Others,437826.0,2025-02-24T00:00:00.000Z,2025.0,0.0,"Motor pump installation work with tube well mining for public use, including recharge pit, in Rakhi nagar ward-16 Vidhansabha indore-1","Motor pump installation work with tube well mining for public use, including recharge pit, in Rakhi nagar ward-16 Vidhansabha indore-1",,Shankar Lalwani,,INDORE,Completed,437826,2025-02-24T00:00:00.000Z,,,,,,,,,,,,Drinking Water Supply,Public Health & Basic Amenities
154224.0,6a932bb5cd94452437a182f2,Madhya Pradesh,Madhya Pradesh,HOSHANGABAD,HOSHANGABAD,NARMADAPURAM(DISTRICT COLLECTOR NARMADAPURAM_IDA),NARMADAPURAM(DISTRICT COLLECTOR NARMADAPURAM_IDA),Normal/Others,Normal/Others,95000.0,2026-01-29T00:00:00.000Z,2026.0,0.0,"beneficiary name brajesh singh s/o  mahesh, having disability, contact no 7771065421","beneficiary name brajesh singh s/o  mahesh, having disability, contact no 7771065421",,DARSHAN SINGH CHOUDHARY,,HOSHANGABAD,Completed,95000,2026-01-29T00:00:00.000Z,,,,,,,,,,,,Other Civil & Development Works,General Development & Maintenance
154229.0,6a932bb5cd94452437a1da0a,Madhya Pradesh,Madhya Pradesh,HOSHANGABAD,HOSHANGABAD,NARMADAPURAM(DISTRICT COLLECTOR NARMADAPURAM_IDA),NARMADAPURAM(DISTRICT COLLECTOR NARMADAPURAM_IDA),Normal/Others,Normal/Others,150000.0,2026-05-05T00:00:00.000Z,2026.0,0.0,beneficiary is goverment middle school jasarwani for purchesing of Furniture,beneficiary is goverment middle school jasarwani for purchesing of Furniture,,DARSHAN SINGH CHOUDHARY,,HOSHANGABAD,Completed,150000,2026-05-05T00:00:00.000Z,,,,,,,,,,,,Education & School Infrastructure,Social Infrastructure
154232.0,6a932bb5cd94452437a182ef,Madhya Pradesh,Madhya Pradesh,HOSHANGABAD,HOSHANGABAD,NARMADAPURAM(DISTRICT COLLECTOR NARMADAPURAM_IDA),NARMADAPURAM(DISTRICT COLLECTOR NARMADAPURAM_IDA),Normal/Others,Normal/Others,95000.0,2026-01-27T00:00:00.000Z,2026.0,0.0,"beneficiary name kanchhedi lal vishakarma son of late  shree ganga ram vishakarma , having disability, contact no 93008727","beneficiary name kanchhedi lal vishakarma son of late  shree ganga ram vishakarma , having disability, contact no 93008727",,DARSHAN SINGH CHOUDHARY,,HOSHANGABAD,Completed,95000,2026-01-27T00:00:00.000Z,,,,,,,,,,,,Other Civil & Development Works,General Development & Maintenance
154269.0,6a932bb5cd94452437a182a8,Madhya Pradesh,Madhya Pradesh,HOSHANGABAD,HOSHANGABAD,NARMADAPURAM(DISTRICT COLLECTOR NARMADAPURAM_IDA),NARMADAPURAM(DISTRICT COLLECTOR NARMADAPURAM_IDA),Normal/Others,Normal/Others,95000.0,2026-01-22T00:00:00.000Z,2026.0,0.0,"beneficiary name malti purviya wife of gulab purviya, having disability, contact no 8959336665","beneficiary name malti purviya wife of gulab purviya, having disability, contact no 8959336665",,DARSHAN SINGH CHOUDHARY,,HOSHANGABAD,Completed,95000,2026-01-22T00:00:00.000Z,,,,,,,,,,,,Other Civil & Development Works,General Development & Maintenance
154656.0,6a932bb5cd94452437a18e80,Madhya Pradesh,Madhya Pradesh,DAMOH,DAMOH,SAGAR(DISTRICT COLLECTOR SAGAR_IDA),SAGAR(DISTRICT COLLECTOR SAGAR_IDA),Normal/Others,Normal/Others,198723.0,2025-07-15T00:00:00.000Z,2025.0,0.0,GRAM PANCHAYAT KISHANGARH ME 5000 LTR PANEE KE TANKER KI KHAREED,GRAM PANCHAYAT KISHANGARH ME 5000 LTR PANEE KE TANKER KI KHAREED,,RAHUL SINGH LODHI,,DAMOH,Completed,198723,2025-07-15T00:00:00.000Z,,,,,,,,,,,,Other Civil & Development Works,General Development & Maintenance
154663.0,6a932bb5cd94452437a18e7e,Madhya Pradesh,Madhya Pradesh,DAMOH,DAMOH,SAGAR(DISTRICT COLLECTOR SAGAR_IDA),SAGAR(DISTRICT COLLECTOR SAGAR_IDA),Normal/Others,Normal/Others,198723.0,2025-07-15T00:00:00.000Z,2025.0,0.0,GRAM PANCHAYAT PIPRIYA NARSINGH ME 5000 LTR PANEE KE TANKER KI KHAREED,GRAM PANCHAYAT PIPRIYA NARSINGH ME 5000 LTR PANEE KE TANKER KI KHAREED,,RAHUL SINGH LODHI,,DAMOH,Completed,198723,2025-07-15T00:00:00.000Z,,,,,,,,,,,,Other Civil & Development Works,General Development & Maintenance
154672.0,6a932bb5cd94452437a18e7c,Madhya Pradesh,Madhya Pradesh,DAMOH,DAMOH,SAGAR(DISTRICT COLLECTOR SAGAR_IDA),SAGAR(DISTRICT COLLECTOR SAGAR_IDA),Normal/Others,Normal/Others,198723.0,2025-07-15T00:00:00.000Z,2025.0,0.0,GRAM PANCHAYAT KHAND MR 5000 LTR PANEE KE TANKER KI KHAREED,GRAM PANCHAYAT KHAND MR 5000 LTR PANEE KE TANKER KI KHAREED,,RAHUL SINGH LODHI,,DAMOH,Completed,198723,2025-07-15T00:00:00.000Z,,,,,,,,,,,,Other Civil & Development Works,General Development & Maintenance
154680.0,6a932bb5cd94452437a18e7a,Madhya Pradesh,Madhya Pradesh,DAMOH,DAMOH,SAGAR(DISTRICT COLLECTOR SAGAR_IDA),SAGAR(DISTRICT COLLECTOR SAGAR_IDA),Normal/Others,Normal/Others,198723.0,2025-07-15T00:00:00.000Z,2025.0,0.0,GRAM PANCHAYAT BARPANI ME 5000 LTR PANEE KE TANKER KI KHAREED,GRAM PANCHAYAT BARPANI ME 5000 LTR PANEE KE TANKER KI KHAREED,,RAHUL SINGH LODHI,,DAMOH,Completed,198723,2025-07-15T00:00:00.000Z,,,,,,,,,,,,Other Civil & Development Works,General Development & Maintenance
154839.0,6a932bb5cd94452437a1715d,Madhya Pradesh,Madhya Pradesh,SAGAR,SAGAR,VIDISHA(District Collector Vidisha_IDA),VIDISHA(District Collector Vidisha_IDA),Normal/Others,Normal/Others,494000.0,2026-01-14T00:00:00.000Z,2026.0,0.0,"Sansad Vikas Nidhi + NREGS Se 
Gram Panchayat Jogi Kiroda Me shekhar Singh Dangi Ke Ghar Se Towar Ki Or C.C. Road Nirman Karya Hetu.","Sansad Vikas Nidhi + NREGS Se 
Gram Panchayat Jogi Kiroda Me shekhar Singh Dangi Ke Ghar Se Towar Ki Or C.C. Road Nirman Karya Hetu.",,DR. LATA WANKHEDE,,SAGAR,Completed,494000,2026-01-14T00:00:00.000Z,,,,,,,,,,,,Roads & Pathways,Physical Infrastructure
154841.0,6a932bb5cd94452437a16cae,Madhya Pradesh,Madhya Pradesh,SAGAR,SAGAR,SAGAR(DISTRICT COLLECTOR SAGAR_IDA),SAGAR(DISTRICT COLLECTOR SAGAR_IDA),Normal/Others,Normal/Others,500000.0,2025-03-27T00:00:00.000Z,2025.0,0.0,Gram Panchayat Basiya Gange Me Kanchhedi Rajak Ke Ghar Se Shamsan Ghat Ki Or C.C. Road Nirman Karya Hetu.,Gram Panchayat Basiya Gange Me Kanchhedi Rajak Ke Ghar Se Shamsan Ghat Ki Or C.C. Road Nirman Karya Hetu.,,DR. LATA WANKHEDE,,SAGAR,Completed,500000,2025-03-27T00:00:00.000Z,,,,,,,,,,,,Roads & Pathways,Physical Infrastructure
154843.0,6a932bb5cd94452437a177f0,Madhya Pradesh,Madhya Pradesh,SAGAR,SAGAR,VIDISHA(District Collector Vidisha_IDA),VIDISHA(District Collector Vidisha_IDA),Normal/Others,Normal/Others,400000.0,2025-10-13T00:00:00.000Z,2025.0,0.0,Gram Panchayat Kolinja Ke Gram Chhapkheda Me Shankar singh ke makan se mandir ki or C.C.Road Nirman Karya hetu.,Gram Panchayat Kolinja Ke Gram Chhapkheda Me Shankar singh ke makan se mandir ki or C.C.Road Nirman Karya hetu.,,DR. LATA WANKHEDE,,SAGAR,Completed,400000,2025-10-13T00:00:00.000Z,,,,,,,,,,,,Roads & Pathways,Physical Infrastructure
156394.0,6a932bb5cd94452437a176be,Madhya Pradesh,Madhya Pradesh,TIKAMGARH,TIKAMGARH,CHHATARPUR(District Collector Chhatarpur_IDA),CHHATARPUR(District Collector Chhatarpur_IDA),Normal/Others,Normal/Others,235000.0,2026-01-23T00:00:00.000Z,2026.0,0.0,Rogi Ashray Sthal,Rogi Ashray Sthal,,Virendra Kumar,,TIKAMGARH,Completed,235000,2026-01-23T00:00:00.000Z,,,,,,,,,,,,Other Civil & Development Works,General Development & Maintenance
156431.0,6a932bb5cd94452437a172d5,Madhya Pradesh,Madhya Pradesh,MANDSOUR,MANDSOUR,MANDSAUR(DISTRICT COLLECTOR MANDSAUR_IDA),MANDSAUR(DISTRICT COLLECTOR MANDSAUR_IDA),Normal/Others,Normal/Others,200000.0,2026-01-22T00:00:00.000Z,2026.0,0.0,CONSTRUCTION OF SHELTER OF ANIMAL,CONSTRUCTION OF SHELTER OF ANIMAL,,Shri Sudheer Gupta ,,MANDSOUR,Completed,200000,2026-01-22T00:00:00.000Z,,,,,,,,,,,,Other Civil & Development Works,General Development & Maintenance
156589.0,6a932bb5cd94452437a183db,Madhya Pradesh,Madhya Pradesh,KHAJURAHO,KHAJURAHO,PANNA(DISTRICT COLLECTOR PANNA_IDA),PANNA(DISTRICT COLLECTOR PANNA_IDA),Normal/Others,Normal/Others,987066.0,2025-05-30T00:00:00.000Z,2025.0,0.0,"GRAM SINGHAURA PANDAV PRAYAG ME VIDYUTIKARAN KARY. GRAM PANCHAYAT SINGHAURA, JANPAD PANCHAYAT GUNOUR, JILA PANNA","GRAM SINGHAURA PANDAV PRAYAG ME VIDYUTIKARAN KARY. GRAM PANCHAYAT SINGHAURA, JANPAD PANCHAYAT GUNOUR, JILA PANNA",,Vishnu Dutt Sharma,,KHAJURAHO,Completed,987066,2025-05-30T00:00:00.000Z,,,,,,,,,,,,Other Civil & Development Works,General Development & Maintenance
157589.0,6a932bb5cd94452437a16e13,Madhya Pradesh,Madhya Pradesh,MANDLA,MANDLA,SEONI(District Collector Seoni_IDA),SEONI(District Collector Seoni_IDA),Normal/Others,Normal/Others,494969.0,2025-03-21T00:00:00.000Z,2025.0,0.0,Janpad Panchayat Lakhanadon antargat gram panchayat aamai (bataka) ke gram pahargarh me pulia nirman.,Janpad Panchayat Lakhanadon antargat gram panchayat aamai (bataka) ke gram pahargarh me pulia nirman.,,Faggan Singh Kulaste,,MANDLA,Completed,494969,2025-03-21T00:00:00.000Z,,,,,,,,,,,,Other Civil & Development Works,General Development & Maintenance
157994.0,6a932bb5cd94452437a16d09,Madhya Pradesh,Madhya Pradesh,SHAHDOL,SHAHDOL,ANUPPUR(DISTRICT COLLECTOR ANUPPUR_IDA),ANUPPUR(DISTRICT COLLECTOR ANUPPUR_IDA),Normal/Others,Normal/Others,1000000.0,2025-06-05T00:00:00.000Z,2025.0,0.0,"Construction work of RCC culvert on the road below Lula Das Kothiya house in Dongritola, village Lalpur.
Implementing Agency: Gram Panchayat","Construction work of RCC culvert on the road below Lula Das Kothiya house in Dongritola, village Lalpur.
Implementing Agency: Gram Panchayat",,Smt Himadri Singh,,SHAHDOL,Completed,1000000,2025-06-05T00:00:00.000Z,,,,,,,,,,,,Roads & Pathways,Physical Infrastructure
158762.0,6a932bb5cd94452437a16f12,Madhya Pradesh,Madhya Pradesh,MANDLA,MANDLA,MANDLA(DISTRICT COLLECTOR MANDLA_IDA),MANDLA(DISTRICT COLLECTOR MANDLA_IDA),Normal/Others,Normal/Others,500000.0,2025-12-08T00:00:00.000Z,2025.0,0.0,"gram panchayat khohri , janpad panchyat mandla ke gram khohri me Chhatar ke ghar se sukhlal ke ghar tak cc road .","gram panchayat khohri , janpad panchyat mandla ke gram khohri me Chhatar ke ghar se sukhlal ke ghar tak cc road .",,Faggan Singh Kulaste,,MANDLA,Completed,500000,2025-12-08T00:00:00.000Z,,,,,,,,,,,,Roads & Pathways,Physical Infrastructure
158766.0,6a932bb5cd94452437a16f11,Madhya Pradesh,Madhya Pradesh,MANDLA,MANDLA,MANDLA(DISTRICT COLLECTOR MANDLA_IDA),MANDLA(DISTRICT COLLECTOR MANDLA_IDA),Normal/Others,Normal/Others,499823.0,2025-11-09T00:00:00.000Z,2025.0,0.0,sukal ke ghar se muktidham (Stap Dem) tak CC road nirman.,sukal ke ghar se muktidham (Stap Dem) tak CC road nirman.,,Faggan Singh Kulaste,,MANDLA,Completed,499823,2025-11-09T00:00:00.000Z,,,,,,,,,,,,Roads & Pathways,Physical Infrastructure
159137.0,6a932bb5cd94452437a18221,Madhya Pradesh,Madhya Pradesh,DHAR,DHAR,DHAR(DISTRICT COLLECTOR DHAR_IDA),DHAR(DISTRICT COLLECTOR DHAR_IDA),Normal/Others,Normal/Others,800000.0,2025-10-14T00:00:00.000Z,2025.0,0.0,ashram ke samne shed nirman,ashram ke samne shed nirman,,SAVITRI THAKUR,,DHAR,Completed,800000,2025-10-14T00:00:00.000Z,,,,,,,,,,,,Community Centers & Halls,Social Infrastructure
159144.0,6a932bb5cd94452437a1710f,Madhya Pradesh,Madhya Pradesh,DHAR,DHAR,DHAR(DISTRICT COLLECTOR DHAR_IDA),DHAR(DISTRICT COLLECTOR DHAR_IDA),Normal/Others,Normal/Others,800000.0,2025-07-09T00:00:00.000Z,2025.0,0.0,gram faraspura me nale ke pas shed nirman,gram faraspura me nale ke pas shed nirman,,SAVITRI THAKUR,,DHAR,Completed,800000,2025-07-09T00:00:00.000Z,,,,,,,,,,,,Community Centers & Halls,Social Infrastructure
159146.0,6a932bb5cd94452437a1c0f9,Madhya Pradesh,Madhya Pradesh,DHAR,DHAR,DHAR(DISTRICT COLLECTOR DHAR_IDA),DHAR(DISTRICT COLLECTOR DHAR_IDA),Normal/Others,Normal/Others,500000.0,2026-05-08T00:00:00.000Z,2026.0,0.0,talab se vinod ke ghar tak cc road nirman,talab se vinod ke ghar tak cc road nirman,,SAVITRI THAKUR,,DHAR,Completed,500000,2026-05-08T00:00:00.000Z,,,,,,,,,,,,Roads & Pathways,Physical Infrastructure
159148.0,6a932bb5cd94452437a16efa,Madhya Pradesh,Madhya Pradesh,DHAR,DHAR,DHAR(DISTRICT COLLECTOR DHAR_IDA),DHAR(DISTRICT COLLECTOR DHAR_IDA),Normal/Others,Normal/Others,994284.0,2025-08-30T00:00:00.000Z,2025.0,0.0,punarvas sthal par ward 4 me manglik bhavan,punarvas sthal par ward 4 me manglik bhavan,,SAVITRI THAKUR,,DHAR,Completed,994284,2025-08-30T00:00:00.000Z,,,,,,,,,,,,Community Centers & Halls,Social Infrastructure
159150.0,6a932bb5cd94452437a170ff,Madhya Pradesh,Madhya Pradesh,DHAR,DHAR,DHAR(DISTRICT COLLECTOR DHAR_IDA),DHAR(DISTRICT COLLECTOR DHAR_IDA),Normal/Others,Normal/Others,1000000.0,2025-10-24T00:00:00.000Z,2025.0,0.0,bagwaniya me sollar stret light work,bagwaniya me sollar stret light work,,SAVITRI THAKUR,,DHAR,Completed,1000000,2025-10-24T00:00:00.000Z,,,,,,,,,,,,"Electricity, Lighting & Solar Energy",Physical Infrastructure
159275.0,6a932bb5cd94452437a16f6d,Madhya Pradesh,Madhya Pradesh,DHAR,DHAR,DHAR(DISTRICT COLLECTOR DHAR_IDA),DHAR(DISTRICT COLLECTOR DHAR_IDA),Normal/Others,Normal/Others,600000.0,2026-03-09T00:00:00.000Z,2026.0,0.0,gram shahpura me samudaik bhavan nirman,gram shahpura me samudaik bhavan nirman,,SAVITRI THAKUR,,DHAR,Completed,600000,2026-03-09T00:00:00.000Z,,,,,,,,,,,,Community Centers & Halls,Social Infrastructure
159293.0,6a932bb5cd94452437a175d7,Madhya Pradesh,Madhya Pradesh,DHAR,DHAR,DHAR(DISTRICT COLLECTOR DHAR_IDA),DHAR(DISTRICT COLLECTOR DHAR_IDA),Normal/Others,Normal/Others,1000000.0,2025-08-20T00:00:00.000Z,2025.0,0.0,shubash ke khet ke pas puliya nirman,shubash ke khet ke pas puliya nirman,,SAVITRI THAKUR,,DHAR,Completed,1000000,2025-08-20T00:00:00.000Z,,,,,,,,,,,,Other Civil & Development Works,General Development & Maintenance
159299.0,6a932bb5cd94452437a16edc,Madhya Pradesh,Madhya Pradesh,DHAR,DHAR,DHAR(DISTRICT COLLECTOR DHAR_IDA),DHAR(DISTRICT COLLECTOR DHAR_IDA),Normal/Others,Normal/Others,259942.0,2025-03-10T00:00:00.000Z,2025.0,0.0,bagwaniya,bagwaniya,,SAVITRI THAKUR,,DHAR,Completed,259942,2025-03-10T00:00:00.000Z,,,,,,,,,,,,Other Civil & Development Works,General Development & Maintenance
159302.0,6a932bb5cd94452437a16eda,Madhya Pradesh,Madhya Pradesh,DHAR,DHAR,DHAR(DISTRICT COLLECTOR DHAR_IDA),DHAR(DISTRICT COLLECTOR DHAR_IDA),Normal/Others,Normal/Others,259942.0,2025-03-10T00:00:00.000Z,2025.0,0.0,gujari,gujari,,SAVITRI THAKUR,,DHAR,Completed,259942,2025-03-10T00:00:00.000Z,,,,,,,,,,,,Other Civil & Development Works,General Development & Maintenance
159305.0,6a932bb5cd94452437a16ed8,Madhya Pradesh,Madhya Pradesh,DHAR,DHAR,DHAR(DISTRICT COLLECTOR DHAR_IDA),DHAR(DISTRICT COLLECTOR DHAR_IDA),Normal/Others,Normal/Others,259942.0,2025-03-10T00:00:00.000Z,2025.0,0.0,palash chouraha,palash chouraha,,SAVITRI THAKUR,,DHAR,Completed,259942,2025-03-10T00:00:00.000Z,,,,,,,,,,,,Other Civil & Development Works,General Development & Maintenance
160268.0,6a932bb5cd94452437a16f38,Madhya Pradesh,Madhya Pradesh,GUNA,GUNA,SHIVPURI(District Collector Shivpuri_IDA),SHIVPURI(District Collector Shivpuri_IDA),Normal/Others,Normal/Others,1000000.0,2025-06-23T00:00:00.000Z,2025.0,0.0,Construction of CC Road,Construction of CC Road,,JYOTIRADITYA M. SCINDIA,,GUNA,Completed,1000000,2025-06-23T00:00:00.000Z,,,,,,,,,,,,Roads & Pathways,Physical Infrastructure
160401.0,6a932bb5cd94452437a16ed2,Madhya Pradesh,Madhya Pradesh,DHAR,DHAR,DHAR(DISTRICT COLLECTOR DHAR_IDA),DHAR(DISTRICT COLLECTOR DHAR_IDA),Normal/Others,Normal/Others,259942.0,2025-03-10T00:00:00.000Z,2025.0,0.0,piliyamota,piliyamota,,SAVITRI THAKUR,,DHAR,Completed,259942,2025-03-10T00:00:00.000Z,,,,,,,,,,,,Other Civil & Development Works,General Development & Maintenance
160405.0,6a932bb5cd94452437a16ed5,Madhya Pradesh,Madhya Pradesh,DHAR,DHAR,DHAR(DISTRICT COLLECTOR DHAR_IDA),DHAR(DISTRICT COLLECTOR DHAR_IDA),Normal/Others,Normal/Others,259942.0,2025-03-10T00:00:00.000Z,2025.0,0.0,ambasoti,ambasoti,,SAVITRI THAKUR,,DHAR,Completed,259942,2025-03-10T00:00:00.000Z,,,,,,,,,,,,Other Civil & Development Works,General Development & Maintenance
160410.0,6a932bb5cd94452437a16ede,Madhya Pradesh,Madhya Pradesh,DHAR,DHAR,DHAR(DISTRICT COLLECTOR DHAR_IDA),DHAR(DISTRICT COLLECTOR DHAR_IDA),Normal/Others,Normal/Others,259942.0,2025-03-10T00:00:00.000Z,2025.0,0.0,bus sheds dholahanuma,bus sheds dholahanuma,,SAVITRI THAKUR,,DHAR,Completed,259942,2025-03-10T00:00:00.000Z,,,,,,,,,,,,Other Civil & Development Works,General Development & Maintenance
160414.0,6a932bb5cd94452437a16ee0,Madhya Pradesh,Madhya Pradesh,DHAR,DHAR,DHAR(DISTRICT COLLECTOR DHAR_IDA),DHAR(DISTRICT COLLECTOR DHAR_IDA),Normal/Others,Normal/Others,259942.0,2025-03-10T00:00:00.000Z,2025.0,0.0,bus sheds kashtbhanjan,bus sheds kashtbhanjan,,SAVITRI THAKUR,,DHAR,Completed,259942,2025-03-10T00:00:00.000Z,,,,,,,,,,,,Other Civil & Development Works,General Development & Maintenance
160428.0,6a932bb5cd94452437a16ee2,Madhya Pradesh,Madhya Pradesh,DHAR,DHAR,DHAR(DISTRICT COLLECTOR DHAR_IDA),DHAR(DISTRICT COLLECTOR DHAR_IDA),Normal/Others,Normal/Others,259942.0,2025-03-10T00:00:00.000Z,2025.0,0.0,jetpura tiraha indore ratlam road bus sheds,jetpura tiraha indore ratlam road bus sheds,,SAVITRI THAKUR,,DHAR,Completed,259942,2025-03-10T00:00:00.000Z,,,,,,,,,,,,Roads & Pathways,Physical Infrastructure
160432.0,6a932bb5cd94452437a16ee4,Madhya Pradesh,Madhya Pradesh,DHAR,DHAR,DHAR(DISTRICT COLLECTOR DHAR_IDA),DHAR(DISTRICT COLLECTOR DHAR_IDA),Normal/Others,Normal/Others,259942.0,2025-03-10T00:00:00.000Z,2025.0,0.0,gulab chakkar  shyam dhabe ke samne,gulab chakkar  shyam dhabe ke samne,,SAVITRI THAKUR,,DHAR,Completed,259942,2025-03-10T00:00:00.000Z,,,,,,,,,,,,Other Civil & Development Works,General Development & Maintenance
160469.0,6a932bb5cd94452437a17353,Madhya Pradesh,Madhya Pradesh,DHAR,DHAR,DHAR(DISTRICT COLLECTOR DHAR_IDA),DHAR(DISTRICT COLLECTOR DHAR_IDA),Normal/Others,Normal/Others,500000.0,2026-02-01T00:00:00.000Z,2026.0,0.0,kanahiya patidar ke ghar se govt hospital tak cc road nirman,kanahiya patidar ke ghar se govt hospital tak cc road nirman,,SAVITRI THAKUR,,DHAR,Completed,500000,2026-02-01T00:00:00.000Z,,,,,,,,,,,,Roads & Pathways,Physical Infrastructure
160880.0,6a932bb5cd94452437a16d0e,Madhya Pradesh,Madhya Pradesh,DAMOH,DAMOH,DAMOH(DISTRICT COLLECTOR DAMOH_IDA),DAMOH(DISTRICT COLLECTOR DAMOH_IDA),Normal/Others,Normal/Others,1200000.0,2025-02-10T00:00:00.000Z,2025.0,0.0,??,??,,RAHUL SINGH LODHI,,DAMOH,Completed,1200000,2025-02-10T00:00:00.000Z,,,,,,,,,,,,Other Civil & Development Works,General Development & Maintenance
161335.0,6a932bb5cd94452437a18951,Madhya Pradesh,Madhya Pradesh,DAMOH,DAMOH,SAGAR(DISTRICT COLLECTOR SAGAR_IDA),SAGAR(DISTRICT COLLECTOR SAGAR_IDA),Normal/Others,Normal/Others,198723.0,2025-06-24T00:00:00.000Z,2025.0,0.0,GRAM PANCHAYAT BARAYTHA ME 5000 LRT. PANI KE TENKAR KI KHAREED,GRAM PANCHAYAT BARAYTHA ME 5000 LRT. PANI KE TENKAR KI KHAREED,,RAHUL SINGH LODHI,,DAMOH,Completed,198723,2025-06-24T00:00:00.000Z,,,,,,,,,,,,Other Civil & Development Works,General Development & Maintenance
161343.0,6a932bb5cd94452437a18953,Madhya Pradesh,Madhya Pradesh,DAMOH,DAMOH,SAGAR(DISTRICT COLLECTOR SAGAR_IDA),SAGAR(DISTRICT COLLECTOR SAGAR_IDA),Normal/Others,Normal/Others,198723.0,2025-06-24T00:00:00.000Z,2025.0,0.0,GRAM PANCHAYAT DALPATPUR ME 5000 LRT. PANI KE TENKAR KI KHAREED,GRAM PANCHAYAT DALPATPUR ME 5000 LRT. PANI KE TENKAR KI KHAREED,,RAHUL SINGH LODHI,,DAMOH,Completed,198723,2025-06-24T00:00:00.000Z,,,,,,,,,,,,Other Civil & Development Works,General Development & Maintenance
161346.0,6a932bb5cd94452437a18955,Madhya Pradesh,Madhya Pradesh,DAMOH,DAMOH,SAGAR(DISTRICT COLLECTOR SAGAR_IDA),SAGAR(DISTRICT COLLECTOR SAGAR_IDA),Normal/Others,Normal/Others,198723.0,2025-06-24T00:00:00.000Z,2025.0,0.0,GRAM PANCHAYAT TINSUWA ME 5000 LRT. PANI KE TENKAR KI KHAREED,GRAM PANCHAYAT TINSUWA ME 5000 LRT. PANI KE TENKAR KI KHAREED,,RAHUL SINGH LODHI,,DAMOH,Completed,198723,2025-06-24T00:00:00.000Z,,,,,,,,,,,,Other Civil & Development Works,General Development & Maintenance
161352.0,6a932bb5cd94452437a18957,Madhya Pradesh,Madhya Pradesh,DAMOH,DAMOH,SAGAR(DISTRICT COLLECTOR SAGAR_IDA),SAGAR(DISTRICT COLLECTOR SAGAR_IDA),Normal/Others,Normal/Others,198723.0,2025-06-24T00:00:00.000Z,2025.0,0.0,GRAM PANCHAYAT HINOTA PATKUI ME 5000 LRT PANI KE TENKAR KHAREED,GRAM PANCHAYAT HINOTA PATKUI ME 5000 LRT PANI KE TENKAR KHAREED,,RAHUL SINGH LODHI,,DAMOH,Completed,198723,2025-06-24T00:00:00.000Z,,,,,,,,,,,,Other Civil & Development Works,General Development & Maintenance
161365.0,6a932bb5cd94452437a18959,Madhya Pradesh,Madhya Pradesh,DAMOH,DAMOH,SAGAR(DISTRICT COLLECTOR SAGAR_IDA),SAGAR(DISTRICT COLLECTOR SAGAR_IDA),Normal/Others,Normal/Others,198723.0,2025-06-24T00:00:00.000Z,2025.0,0.0,GRAM PANCHAYAT KHUWARI ME 5000 LRT PANI KE TENKAR KI KHAREED,GRAM PANCHAYAT KHUWARI ME 5000 LRT PANI KE TENKAR KI KHAREED,,RAHUL SINGH LODHI,,DAMOH,Completed,198723,2025-06-24T00:00:00.000Z,,,,,,,,,,,,Other Civil & Development Works,General Development & Maintenance
175396.0,6a932bb5cd94452437a1a389,Madhya Pradesh,Madhya Pradesh,MANDLA,MANDLA,SEONI(District Collector Seoni_IDA),SEONI(District Collector Seoni_IDA),Normal/Others,Normal/Others,348174.0,2025-09-19T00:00:00.000Z,2025.0,0.0,Gram Sangai Mal ke shivdham madhghoghra me Vidyut transfarmer lagane hetu,Gram Sangai Mal ke shivdham madhghoghra me Vidyut transfarmer lagane hetu,,Faggan Singh Kulaste,,MANDLA,Completed,348174,2025-09-19T00:00:00.000Z,,,,,,,,,,,,Other Civil & Development Works,General Development & Maintenance
175499.0,6a932bb5cd94452437a1877b,Madhya Pradesh,Madhya Pradesh,MANDLA,MANDLA,SEONI(District Collector Seoni_IDA),SEONI(District Collector Seoni_IDA),Normal/Others,Normal/Others,300000.0,2026-03-23T00:00:00.000Z,2026.0,0.0,"Gram Panchayat Kudari, Janpad panchayat dhanora, seoni ke gram kudari me sanskritik gatividhiyo ke liye sanskritik manch ka nirman","Gram Panchayat Kudari, Janpad panchayat dhanora, seoni ke gram kudari me sanskritik gatividhiyo ke liye sanskritik manch ka nirman",,Faggan Singh Kulaste,,MANDLA,Completed,300000,2026-03-23T00:00:00.000Z,,,,,,,,,,,,Other Civil & Development Works,General Development & Maintenance
175735.0,6a932bb5cd94452437a1cf82,Madhya Pradesh,Madhya Pradesh,BHOPAL,BHOPAL,SEHORE(DISTRICT COLLECTOR SEHORE_IDA),SEHORE(DISTRICT COLLECTOR SEHORE_IDA),Normal/Others,Normal/Others,497586.0,2026-05-07T00:00:00.000Z,2026.0,0.0,Construction of cremation,Construction of cremation,,ALOK SHARMA,,BHOPAL,Completed,497586,2026-05-07T00:00:00.000Z,,,,,,,,,,,,Other Civil & Development Works,General Development & Maintenance
175737.0,6a932bb5cd94452437a1cf96,Madhya Pradesh,Madhya Pradesh,BHOPAL,BHOPAL,SEHORE(DISTRICT COLLECTOR SEHORE_IDA),SEHORE(DISTRICT COLLECTOR SEHORE_IDA),Normal/Others,Normal/Others,497586.0,2026-03-13T00:00:00.000Z,2026.0,0.0,Construction of cremation,Construction of cremation,,ALOK SHARMA,,BHOPAL,Completed,497586,2026-03-13T00:00:00.000Z,,,,,,,,,,,,Other Civil & Development Works,General Development & Maintenance
175739.0,6a932bb5cd94452437a1cf99,Madhya Pradesh,Madhya Pradesh,BHOPAL,BHOPAL,SEHORE(DISTRICT COLLECTOR SEHORE_IDA),SEHORE(DISTRICT COLLECTOR SEHORE_IDA),Normal/Others,Normal/Others,497586.0,2026-02-24T00:00:00.000Z,2026.0,0.0,Construction of cremation,Construction of cremation,,ALOK SHARMA,,BHOPAL,Completed,497586,2026-02-24T00:00:00.000Z,,,,,,,,,,,,Other Civil & Development Works,General Development & Maintenance
175741.0,6a932bb5cd94452437a1cf9b,Madhya Pradesh,Madhya Pradesh,BHOPAL,BHOPAL,SEHORE(DISTRICT COLLECTOR SEHORE_IDA),SEHORE(DISTRICT COLLECTOR SEHORE_IDA),Normal/Others,Normal/Others,497586.0,2026-02-24T00:00:00.000Z,2026.0,0.0,Construction of cremation,Construction of cremation,,ALOK SHARMA,,BHOPAL,Completed,497586,2026-02-24T00:00:00.000Z,,,,,,,,,,,,Other Civil & Development Works,General Development & Maintenance
175745.0,6a932bb5cd94452437a17eeb,Madhya Pradesh,Madhya Pradesh,BHOPAL,BHOPAL,BHOPAL(DISTRICT COLLECTOR BHOPAL_IDA),BHOPAL(DISTRICT COLLECTOR BHOPAL_IDA),Normal/Others,Normal/Others,498098.0,2026-08-04T00:00:00.000Z,2026.0,0.0,construction of Cremation,construction of Cremation,,ALOK SHARMA,,BHOPAL,Completed,498098,2026-08-04T00:00:00.000Z,,,,,,,,,,,,Other Civil & Development Works,General Development & Maintenance
175747.0,6a932bb5cd94452437a17ef3,Madhya Pradesh,Madhya Pradesh,BHOPAL,BHOPAL,BHOPAL(DISTRICT COLLECTOR BHOPAL_IDA),BHOPAL(DISTRICT COLLECTOR BHOPAL_IDA),Normal/Others,Normal/Others,498098.0,2026-08-04T00:00:00.000Z,2026.0,0.0,construction of Cremation,construction of Cremation,,ALOK SHARMA,,BHOPAL,Completed,498098,2026-08-04T00:00:00.000Z,,,,,,,,,,,,Other Civil & Development Works,General Development & Maintenance
175749.0,6a932bb5cd94452437a17eef,Madhya Pradesh,Madhya Pradesh,BHOPAL,BHOPAL,BHOPAL(DISTRICT COLLECTOR BHOPAL_IDA),BHOPAL(DISTRICT COLLECTOR BHOPAL_IDA),Normal/Others,Normal/Others,498098.0,2026-08-04T00:00:00.000Z,2026.0,0.0,construction of Cremation,construction of Cremation,,ALOK SHARMA,,BHOPAL,Completed,498098,2026-08-04T00:00:00.000Z,,,,,,,,,,,,Other Civil & Development Works,General Development & Maintenance
175751.0,6a932bb5cd94452437a17eee,Madhya Pradesh,Madhya Pradesh,BHOPAL,BHOPAL,BHOPAL(DISTRICT COLLECTOR BHOPAL_IDA),BHOPAL(DISTRICT COLLECTOR BHOPAL_IDA),Normal/Others,Normal/Others,498098.0,2026-08-04T00:00:00.000Z,2026.0,0.0,construction of Cremation,construction of Cremation,,ALOK SHARMA,,BHOPAL,Completed,498098,2026-08-04T00:00:00.000Z,,,,,,,,,,,,Other Civil & Development Works,General Development & Maintenance
175753.0,6a932bb5cd94452437a17ef5,Madhya Pradesh,Madhya Pradesh,BHOPAL,BHOPAL,BHOPAL(DISTRICT COLLECTOR BHOPAL_IDA),BHOPAL(DISTRICT COLLECTOR BHOPAL_IDA),Normal/Others,Normal/Others,498098.0,2026-08-04T00:00:00.000Z,2026.0,0.0,construction of Cremation,construction of Cremation,,ALOK SHARMA,,BHOPAL,Completed,498098,2026-08-04T00:00:00.000Z,,,,,,,,,,,,Other Civil & Development Works,General Development & Maintenance
175777.0,6a932bb5cd94452437a1888d,Madhya Pradesh,Madhya Pradesh,CHHINDWARA,CHHINDWARA,Pandhurna(District Collector Pandhurna_IDA),Pandhurna(District Collector Pandhurna_IDA),Trust and Society,Trust and Society,1000000.0,2025-10-17T00:00:00.000Z,2025.0,0.0,Construction Of Sabhagurh (Jagnade Maharaj) Tekri Ward Pandhurna Construction agency Teli Samaj Sangathan Pandhurna,Construction Of Sabhagurh (Jagnade Maharaj) Tekri Ward Pandhurna Construction agency Teli Samaj Sangathan Pandhurna,,BUNTY VIVEK SAHU,,CHHINDWARA,Completed,1000000,2025-10-17T00:00:00.000Z,,,,,,,,,,,,Other Civil & Development Works,General Development & Maintenance
175861.0,6a932bb5cd94452437a18171,Madhya Pradesh,Madhya Pradesh,SIDHI,SIDHI,SHAHDOL(District Collector Shahdol_IDA),SHAHDOL(District Collector Shahdol_IDA),Normal/Others,Normal/Others,1157705.0,2026-01-29T00:00:00.000Z,2026.0,0.0,35 NAG SOLAR STREET LIGHTS KA INSTTALATION,35 NAG SOLAR STREET LIGHTS KA INSTTALATION,,DR. RAJESH MISHRA,,SIDHI,Completed,1157705,2026-01-29T00:00:00.000Z,,,,,,,,,,,,"Electricity, Lighting & Solar Energy",Physical Infrastructure
175863.0,6a932bb5cd94452437a1816d,Madhya Pradesh,Madhya Pradesh,SIDHI,SIDHI,SHAHDOL(District Collector Shahdol_IDA),SHAHDOL(District Collector Shahdol_IDA),Normal/Others,Normal/Others,1157705.0,2026-01-29T00:00:00.000Z,2026.0,0.0,35 NAG SOLAR STREET LIGHTS KA INSTTALATION,35 NAG SOLAR STREET LIGHTS KA INSTTALATION,,DR. RAJESH MISHRA,,SIDHI,Completed,1157705,2026-01-29T00:00:00.000Z,,,,,,,,,,,,"Electricity, Lighting & Solar Energy",Physical Infrastructure
175865.0,6a932bb5cd94452437a1816b,Madhya Pradesh,Madhya Pradesh,SIDHI,SIDHI,SHAHDOL(District Collector Shahdol_IDA),SHAHDOL(District Collector Shahdol_IDA),Normal/Others,Normal/Others,1157705.0,2026-01-29T00:00:00.000Z,2026.0,0.0,35 NAG SOLAR STREET LIGHTS KA INSTTALATION,35 NAG SOLAR STREET LIGHTS KA INSTTALATION,,DR. RAJESH MISHRA,,SIDHI,Completed,1157705,2026-01-29T00:00:00.000Z,,,,,,,,,,,,"Electricity, Lighting & Solar Energy",Physical Infrastructure
175867.0,6a932bb5cd94452437a1816f,Madhya Pradesh,Madhya Pradesh,SIDHI,SIDHI,SHAHDOL(District Collector Shahdol_IDA),SHAHDOL(District Collector Shahdol_IDA),Normal/Others,Normal/Others,1157705.0,2026-01-29T00:00:00.000Z,2026.0,0.0,35 NAG SOLAR STREET LIGHTS KA INSTTALATION,35 NAG SOLAR STREET LIGHTS KA INSTTALATION,,DR. RAJESH MISHRA,,SIDHI,Completed,1157705,2026-01-29T00:00:00.000Z,,,,,,,,,,,,"Electricity, Lighting & Solar Energy",Physical Infrastructure
175869.0,6a932bb5cd94452437a18175,Madhya Pradesh,Madhya Pradesh,SIDHI,SIDHI,SHAHDOL(District Collector Shahdol_IDA),SHAHDOL(District Collector Shahdol_IDA),Normal/Others,Normal/Others,1156705.0,2026-01-29T00:00:00.000Z,2026.0,0.0,35 NAG SOLAR STREET LIGHTS KA INSTTALATION,35 NAG SOLAR STREET LIGHTS KA INSTTALATION,,DR. RAJESH MISHRA,,SIDHI,Completed,1156705,2026-01-29T00:00:00.000Z,,,,,,,,,,,,"Electricity, Lighting & Solar Energy",Physical Infrastructure
175871.0,6a932bb5cd94452437a18179,Madhya Pradesh,Madhya Pradesh,SIDHI,SIDHI,SHAHDOL(District Collector Shahdol_IDA),SHAHDOL(District Collector Shahdol_IDA),Normal/Others,Normal/Others,1157705.0,2026-01-29T00:00:00.000Z,2026.0,0.0,35 NAG SOLAR STREET LIGHTS KA INSTTALATION,35 NAG SOLAR STREET LIGHTS KA INSTTALATION,,DR. RAJESH MISHRA,,SIDHI,Completed,1157705,2026-01-29T00:00:00.000Z,,,,,,,,,,,,"Electricity, Lighting & Solar Energy",Physical Infrastructure
175873.0,6a932bb5cd94452437a1817a,Madhya Pradesh,Madhya Pradesh,SIDHI,SIDHI,SHAHDOL(District Collector Shahdol_IDA),SHAHDOL(District Collector Shahdol_IDA),Normal/Others,Normal/Others,1157705.0,2026-01-29T00:00:00.000Z,2026.0,0.0,35 NAG SOLAR STREET LIGHTS KA INSTTALATION,35 NAG SOLAR STREET LIGHTS KA INSTTALATION,,DR. RAJESH MISHRA,,SIDHI,Completed,1157705,2026-01-29T00:00:00.000Z,,,,,,,,,,,,"Electricity, Lighting & Solar Energy",Physical Infrastructure
175875.0,6a932bb5cd94452437a1817c,Madhya Pradesh,Madhya Pradesh,SIDHI,SIDHI,SHAHDOL(District Collector Shahdol_IDA),SHAHDOL(District Collector Shahdol_IDA),Normal/Others,Normal/Others,1157705.0,2026-01-29T00:00:00.000Z,2026.0,0.0,35 NAG SOLAR STREET LIGHTS KA INSTTALATION,35 NAG SOLAR STREET LIGHTS KA INSTTALATION,,DR. RAJESH MISHRA,,SIDHI,Completed,1157705,2026-01-29T00:00:00.000Z,,,,,,,,,,,,"Electricity, Lighting & Solar Energy",Physical Infrastructure
175877.0,6a932bb5cd94452437a1834e,Madhya Pradesh,Madhya Pradesh,SIDHI,SIDHI,SHAHDOL(District Collector Shahdol_IDA),SHAHDOL(District Collector Shahdol_IDA),Normal/Others,Normal/Others,1157705.0,2026-01-29T00:00:00.000Z,2026.0,0.0,35 NAG SOLAR STREET LIGHTS KA INSTTALATION,35 NAG SOLAR STREET LIGHTS KA INSTTALATION,,DR. RAJESH MISHRA,,SIDHI,Completed,1157705,2026-01-29T00:00:00.000Z,,,,,,,,,,,,"Electricity, Lighting & Solar Energy",Physical Infrastructure
175879.0,6a932bb5cd94452437a18353,Madhya Pradesh,Madhya Pradesh,SIDHI,SIDHI,SHAHDOL(District Collector Shahdol_IDA),SHAHDOL(District Collector Shahdol_IDA),Normal/Others,Normal/Others,1157705.0,2026-01-29T00:00:00.000Z,2026.0,0.0,35 NAG SOLAR STREET LIGHTS KA INSTTALATION,35 NAG SOLAR STREET LIGHTS KA INSTTALATION,,DR. RAJESH MISHRA,,SIDHI,Completed,1157705,2026-01-29T00:00:00.000Z,,,,,,,,,,,,"Electricity, Lighting & Solar Energy",Physical Infrastructure
175881.0,6a932bb5cd94452437a18355,Madhya Pradesh,Madhya Pradesh,SIDHI,SIDHI,SHAHDOL(District Collector Shahdol_IDA),SHAHDOL(District Collector Shahdol_IDA),Normal/Others,Normal/Others,1157705.0,2026-01-29T00:00:00.000Z,2026.0,0.0,35 NAG SOLAR STREET LIGHTS KA INSTTALATION,35 NAG SOLAR STREET LIGHTS KA INSTTALATION,,DR. RAJESH MISHRA,,SIDHI,Completed,1157705,2026-01-29T00:00:00.000Z,,,,,,,,,,,,"Electricity, Lighting & Solar Energy",Physical Infrastructure
175883.0,6a932bb5cd94452437a18358,Madhya Pradesh,Madhya Pradesh,SIDHI,SIDHI,SHAHDOL(District Collector Shahdol_IDA),SHAHDOL(District Collector Shahdol_IDA),Normal/Others,Normal/Others,1157705.0,2026-01-29T00:00:00.000Z,2026.0,0.0,35 NAG SOLAR STREET LIGHTS KA INSTTALATION,35 NAG SOLAR STREET LIGHTS KA INSTTALATION,,DR. RAJESH MISHRA,,SIDHI,Completed,1157705,2026-01-29T00:00:00.000Z,,,,,,,,,,,,"Electricity, Lighting & Solar Energy",Physical Infrastructure
175885.0,6a932bb5cd94452437a18359,Madhya Pradesh,Madhya Pradesh,SIDHI,SIDHI,SHAHDOL(District Collector Shahdol_IDA),SHAHDOL(District Collector Shahdol_IDA),Normal/Others,Normal/Others,1157705.0,2026-01-29T00:00:00.000Z,2026.0,0.0,35 NAG SOLAR STREET LIGHTS KA INSTTALATION,35 NAG SOLAR STREET LIGHTS KA INSTTALATION,,DR. RAJESH MISHRA,,SIDHI,Completed,1157705,2026-01-29T00:00:00.000Z,,,,,,,,,,,,"Electricity, Lighting & Solar Energy",Physical Infrastructure
175919.0,6a932bb5cd94452437a17da3,Madhya Pradesh,Madhya Pradesh,SIDHI,SIDHI,SHAHDOL(District Collector Shahdol_IDA),SHAHDOL(District Collector Shahdol_IDA),Normal/Others,Normal/Others,1157705.0,2026-02-12T00:00:00.000Z,2026.0,0.0,35 NAG SOLAR STREET LIGHTS KA INSTTALATION,35 NAG SOLAR STREET LIGHTS KA INSTTALATION,,DR. RAJESH MISHRA,,SIDHI,Completed,1157705,2026-02-12T00:00:00.000Z,,,,,,,,,,,,"Electricity, Lighting & Solar Energy",Physical Infrastructure
175921.0,6a932bb5cd94452437a17da6,Madhya Pradesh,Madhya Pradesh,SIDHI,SIDHI,SHAHDOL(District Collector Shahdol_IDA),SHAHDOL(District Collector Shahdol_IDA),Normal/Others,Normal/Others,1157705.0,2026-02-12T00:00:00.000Z,2026.0,0.0,35 NAG SOLAR STREET LIGHTS KA INSTTALATION,35 NAG SOLAR STREET LIGHTS KA INSTTALATION,,DR. RAJESH MISHRA,,SIDHI,Completed,1157705,2026-02-12T00:00:00.000Z,,,,,,,,,,,,"Electricity, Lighting & Solar Energy",Physical Infrastructure
175923.0,6a932bb5cd94452437a17da8,Madhya Pradesh,Madhya Pradesh,SIDHI,SIDHI,SHAHDOL(District Collector Shahdol_IDA),SHAHDOL(District Collector Shahdol_IDA),Normal/Others,Normal/Others,1157705.0,2026-02-17T00:00:00.000Z,2026.0,0.0,35 NAG SOLAR STREET LIGHTS KA INSTTALATION,35 NAG SOLAR STREET LIGHTS KA INSTTALATION,,DR. RAJESH MISHRA,,SIDHI,Completed,1157705,2026-02-17T00:00:00.000Z,,,,,,,,,,,,"Electricity, Lighting & Solar Energy",Physical Infrastructure
175925.0,6a932bb5cd94452437a17daa,Madhya Pradesh,Madhya Pradesh,SIDHI,SIDHI,SHAHDOL(District Collector Shahdol_IDA),SHAHDOL(District Collector Shahdol_IDA),Normal/Others,Normal/Others,1157705.0,2026-02-17T00:00:00.000Z,2026.0,0.0,35 NAG SOLAR STREET LIGHTS KA INSTTALATION,35 NAG SOLAR STREET LIGHTS KA INSTTALATION,,DR. RAJESH MISHRA,,SIDHI,Completed,1157705,2026-02-17T00:00:00.000Z,,,,,,,,,,,,"Electricity, Lighting & Solar Energy",Physical Infrastructure
175927.0,6a932bb5cd94452437a17dac,Madhya Pradesh,Madhya Pradesh,SIDHI,SIDHI,SHAHDOL(District Collector Shahdol_IDA),SHAHDOL(District Collector Shahdol_IDA),Normal/Others,Normal/Others,1157705.0,2026-02-12T00:00:00.000Z,2026.0,0.0,35 NAG SOLAR STREET LIGHTS KA INSTTALATION,35 NAG SOLAR STREET LIGHTS KA INSTTALATION,,DR. RAJESH MISHRA,,SIDHI,Completed,1157705,2026-02-12T00:00:00.000Z,,,,,,,,,,,,"Electricity, Lighting & Solar Energy",Physical Infrastructure
175929.0,6a932bb5cd94452437a17daf,Madhya Pradesh,Madhya Pradesh,SIDHI,SIDHI,SHAHDOL(District Collector Shahdol_IDA),SHAHDOL(District Collector Shahdol_IDA),Normal/Others,Normal/Others,1157705.0,2026-02-17T00:00:00.000Z,2026.0,0.0,35 NAG SOLAR STREET LIGHTS KA INSTTALATION,35 NAG SOLAR STREET LIGHTS KA INSTTALATION,,DR. RAJESH MISHRA,,SIDHI,Completed,1157705,2026-02-17T00:00:00.000Z,,,,,,,,,,,,"Electricity, Lighting & Solar Energy",Physical Infrastructure
175931.0,6a932bb5cd94452437a17db2,Madhya Pradesh,Madhya Pradesh,SIDHI,SIDHI,SHAHDOL(District Collector Shahdol_IDA),SHAHDOL(District Collector Shahdol_IDA),Normal/Others,Normal/Others,1157705.0,2026-02-17T00:00:00.000Z,2026.0,0.0,35 NAG SOLAR STREET LIGHTS KA INSTTALATION,35 NAG SOLAR STREET LIGHTS KA INSTTALATION,,DR. RAJESH MISHRA,,SIDHI,Completed,1157705,2026-02-17T00:00:00.000Z,,,,,,,,,,,,"Electricity, Lighting & Solar Energy",Physical Infrastructure
175933.0,6a932bb5cd94452437a17f46,Madhya Pradesh,Madhya Pradesh,SIDHI,SIDHI,SHAHDOL(District Collector Shahdol_IDA),SHAHDOL(District Collector Shahdol_IDA),Normal/Others,Normal/Others,1157705.0,2026-02-17T00:00:00.000Z,2026.0,0.0,35 NAG SOLAR STREET LIGHTS KA INSTTALATION,35 NAG SOLAR STREET LIGHTS KA INSTTALATION,,DR. RAJESH MISHRA,,SIDHI,Completed,1157705,2026-02-17T00:00:00.000Z,,,,,,,,,,,,"Electricity, Lighting & Solar Energy",Physical Infrastructure
175935.0,6a932bb5cd94452437a17f48,Madhya Pradesh,Madhya Pradesh,SIDHI,SIDHI,SHAHDOL(District Collector Shahdol_IDA),SHAHDOL(District Collector Shahdol_IDA),Normal/Others,Normal/Others,1157705.0,2026-02-17T00:00:00.000Z,2026.0,0.0,35 NAG SOLAR STREET LIGHTS KA INSTTALATION,35 NAG SOLAR STREET LIGHTS KA INSTTALATION,,DR. RAJESH MISHRA,,SIDHI,Completed,1157705,2026-02-17T00:00:00.000Z,,,,,,,,,,,,"Electricity, Lighting & Solar Energy",Physical Infrastructure
175937.0,6a932bb5cd94452437a17f4c,Madhya Pradesh,Madhya Pradesh,SIDHI,SIDHI,SHAHDOL(District Collector Shahdol_IDA),SHAHDOL(District Collector Shahdol_IDA),Normal/Others,Normal/Others,1157705.0,2026-02-17T00:00:00.000Z,2026.0,0.0,35 NAG SOLAR STREET LIGHTS KA INSTTALATION,35 NAG SOLAR STREET LIGHTS KA INSTTALATION,,DR. RAJESH MISHRA,,SIDHI,Completed,1157705,2026-02-17T00:00:00.000Z,,,,,,,,,,,,"Electricity, Lighting & Solar Energy",Physical Infrastructure
175939.0,6a932bb5cd94452437a17f4e,Madhya Pradesh,Madhya Pradesh,SIDHI,SIDHI,SHAHDOL(District Collector Shahdol_IDA),SHAHDOL(District Collector Shahdol_IDA),Normal/Others,Normal/Others,1157705.0,2026-02-17T00:00:00.000Z,2026.0,0.0,35 NAG SOLAR STREET LIGHTS KA INSTTALATION,35 NAG SOLAR STREET LIGHTS KA INSTTALATION,,DR. RAJESH MISHRA,,SIDHI,Completed,1157705,2026-02-17T00:00:00.000Z,,,,,,,,,,,,"Electricity, Lighting & Solar Energy",Physical Infrastructure
175941.0,6a932bb5cd94452437a17f50,Madhya Pradesh,Madhya Pradesh,SIDHI,SIDHI,SHAHDOL(District Collector Shahdol_IDA),SHAHDOL(District Collector Shahdol_IDA),Normal/Others,Normal/Others,1157705.0,2026-02-17T00:00:00.000Z,2026.0,0.0,35 NAG SOLAR STREET LIGHTS KA INSTTALATION,35 NAG SOLAR STREET LIGHTS KA INSTTALATION,,DR. RAJESH MISHRA,,SIDHI,Completed,1157705,2026-02-17T00:00:00.000Z,,,,,,,,,,,,"Electricity, Lighting & Solar Energy",Physical Infrastructure
175943.0,6a932bb5cd94452437a17f53,Madhya Pradesh,Madhya Pradesh,SIDHI,SIDHI,SHAHDOL(District Collector Shahdol_IDA),SHAHDOL(District Collector Shahdol_IDA),Normal/Others,Normal/Others,1157705.0,2026-02-17T00:00:00.000Z,2026.0,0.0,35 NAG SOLAR STREET LIGHTS KA INSTTALATION,35 NAG SOLAR STREET LIGHTS KA INSTTALATION,,DR. RAJESH MISHRA,,SIDHI,Completed,1157705,2026-02-17T00:00:00.000Z,,,,,,,,,,,,"Electricity, Lighting & Solar Energy",Physical Infrastructure
176782.0,6a932bb5cd94452437a1bc8e,Madhya Pradesh,Madhya Pradesh,BALAGHAT,BALAGHAT,SEONI(District Collector Seoni_IDA),SEONI(District Collector Seoni_IDA),Normal/Others,Normal/Others,1500000.0,2025-12-10T00:00:00.000Z,2025.0,0.0,GRAM BINJHAWADA RYT. SE GOUSHALA KI OR C.C. ROAD NIRMAN.,GRAM BINJHAWADA RYT. SE GOUSHALA KI OR C.C. ROAD NIRMAN.,,BHARTI PARDHI,,BALAGHAT,Completed,1500000,2025-12-10T00:00:00.000Z,,,,,,,,,,,,Roads & Pathways,Physical Infrastructure
176785.0,6a932bb5cd94452437a1b668,Madhya Pradesh,Madhya Pradesh,BALAGHAT,BALAGHAT,SEONI(District Collector Seoni_IDA),SEONI(District Collector Seoni_IDA),Normal/Others,Normal/Others,247537.0,2025-11-18T00:00:00.000Z,2025.0,0.0,PRAKASH VYAVASTHA HETU GRAM PAUNIYA MEIN HIGHMASK LIGHT,PRAKASH VYAVASTHA HETU GRAM PAUNIYA MEIN HIGHMASK LIGHT,,BHARTI PARDHI,,BALAGHAT,Completed,247537,2025-11-18T00:00:00.000Z,,,,,,,,,,,,"Electricity, Lighting & Solar Energy",Physical Infrastructure
176918.0,6a932bb5cd94452437a181a2,Madhya Pradesh,Madhya Pradesh,HOSHANGABAD,HOSHANGABAD,Narsimhapur(DISTRICT COLLECTOR NARSINGHPUR_IDA),Narsimhapur(DISTRICT COLLECTOR NARSINGHPUR_IDA),Normal/Others,Normal/Others,200000.0,2026-05-06T00:00:00.000Z,2026.0,0.0,construction of sitting area at vyayam shala parisar contact person sh sonu maharaj mobile no 9685760911,construction of sitting area at vyayam shala parisar contact person sh sonu maharaj mobile no 9685760911,,DARSHAN SINGH CHOUDHARY,,HOSHANGABAD,Completed,200000,2026-05-06T00:00:00.000Z,,,,,,,,,,,,Education & School Infrastructure,Social Infrastructure
177244.0,6a932bb5cd94452437a18969,Madhya Pradesh,Madhya Pradesh,GUNA,GUNA,GUNA(District Collector Guna_IDA),GUNA(District Collector Guna_IDA),Normal/Others,Normal/Others,1000000.0,2026-04-16T00:00:00.000Z,2026.0,0.0,Construction of community hall,Construction of community hall,,JYOTIRADITYA M. SCINDIA,,GUNA,Completed,1000000,2026-04-16T00:00:00.000Z,,,,,,,,,,,,Community Centers & Halls,Social Infrastructure
177248.0,6a932bb5cd94452437a1896c,Madhya Pradesh,Madhya Pradesh,GUNA,GUNA,GUNA(District Collector Guna_IDA),GUNA(District Collector Guna_IDA),Normal/Others,Normal/Others,999500.0,2026-02-06T00:00:00.000Z,2026.0,0.0,,,,JYOTIRADITYA M. SCINDIA,,GUNA,Completed,999500,2026-02-06T00:00:00.000Z,,,,,,,,,,,,Other Civil & Development Works,General Development & Maintenance
150205.0,6a932bb5cd94452437a17c06,Madhya Pradesh,Madhya Pradesh,SIDHI,SIDHI,SIDHI(DISTRICT COLLECTOR SIDHI_IDA),SIDHI(DISTRICT COLLECTOR SIDHI_IDA),Normal/Others,Normal/Others,259942.0,2025-11-08T00:00:00.000Z,2025.0,0.0,KUCHWAHI BUS STAND KE PAS,KUCHWAHI BUS STAND KE PAS,,DR. RAJESH MISHRA,,SIDHI,Completed,259942,2025-11-08T00:00:00.000Z,,,,,,,,,,,,Other Civil & Development Works,General Development & Maintenance
150207.0,6a932bb5cd94452437a17c08,Madhya Pradesh,Madhya Pradesh,SIDHI,SIDHI,SIDHI(DISTRICT COLLECTOR SIDHI_IDA),SIDHI(DISTRICT COLLECTOR SIDHI_IDA),Normal/Others,Normal/Others,259942.0,2025-11-08T00:00:00.000Z,2025.0,0.0,NAKJHAR KALA BUS STAND KE PAS,NAKJHAR KALA BUS STAND KE PAS,,DR. RAJESH MISHRA,,SIDHI,Completed,259942,2025-11-08T00:00:00.000Z,,,,,,,,,,,,Other Civil & Development Works,General Development & Maintenance
150209.0,6a932bb5cd94452437a17c0b,Madhya Pradesh,Madhya Pradesh,SIDHI,SIDHI,SIDHI(DISTRICT COLLECTOR SIDHI_IDA),SIDHI(DISTRICT COLLECTOR SIDHI_IDA),Normal/Others,Normal/Others,259942.0,2025-11-08T00:00:00.000Z,2025.0,0.0,RAMDIH BUS STAND KE PAS,RAMDIH BUS STAND KE PAS,,DR. RAJESH MISHRA,,SIDHI,Completed,259942,2025-11-08T00:00:00.000Z,,,,,,,,,,,,Other Civil & Development Works,General Development & Maintenance
150371.0,6a932bb5cd94452437a16969,Madhya Pradesh,Madhya Pradesh,SAGAR,SAGAR,SAGAR(DISTRICT COLLECTOR SAGAR_IDA),SAGAR(DISTRICT COLLECTOR SAGAR_IDA),Normal/Others,Normal/Others,500000.0,2025-10-15T00:00:00.000Z,2025.0,0.0,Gram Panchayat Jasraj Me Babulal ke Makan Se Bablu Ke Makan Ki or C.C. Road Nirman Hetu,Gram Panchayat Jasraj Me Babulal ke Makan Se Bablu Ke Makan Ki or C.C. Road Nirman Hetu,,DR. LATA WANKHEDE,,SAGAR,Completed,500000,2025-10-15T00:00:00.000Z,,,,,,,,,,,,Roads & Pathways,Physical Infrastructure
150374.0,6a932bb5cd94452437a16993,Madhya Pradesh,Madhya Pradesh,SAGAR,SAGAR,SAGAR(DISTRICT COLLECTOR SAGAR_IDA),SAGAR(DISTRICT COLLECTOR SAGAR_IDA),Normal/Others,Normal/Others,500000.0,2024-12-28T00:00:00.000Z,2024.0,0.0,Gram Panchayat Ishurwara Me Main Road Se Shishu Mandir Ki or C.C. Road Nirman Karya hetu,Gram Panchayat Ishurwara Me Main Road Se Shishu Mandir Ki or C.C. Road Nirman Karya hetu,,DR. LATA WANKHEDE,,SAGAR,Completed,500000,2024-12-28T00:00:00.000Z,,,,,,,,,,,,Roads & Pathways,Physical Infrastructure
150383.0,6a932bb5cd94452437a182a9,Madhya Pradesh,Madhya Pradesh,SAGAR,SAGAR,SAGAR(DISTRICT COLLECTOR SAGAR_IDA),SAGAR(DISTRICT COLLECTOR SAGAR_IDA),Normal/Others,Normal/Others,575000.0,2025-10-17T00:00:00.000Z,2025.0,0.0,Gram Panchayat Muhli Me Dhan Prasad Kurmi Ke Makan Se Neeraj Yadav Ke Makan Ki Or C.C. Road Nirman Karya Hetu.,Gram Panchayat Muhli Me Dhan Prasad Kurmi Ke Makan Se Neeraj Yadav Ke Makan Ki Or C.C. Road Nirman Karya Hetu.,,DR. LATA WANKHEDE,,SAGAR,Completed,575000,2025-10-17T00:00:00.000Z,,,,,,,,,,,,Roads & Pathways,Physical Infrastructure
151498.0,6a932bb5cd94452437a16ca4,Madhya Pradesh,Madhya Pradesh,GUNA,GUNA,ASHOKNAGAR(DISTRICT COLLECTOR ASHOKNAGAR_IDA),ASHOKNAGAR(DISTRICT COLLECTOR ASHOKNAGAR_IDA),Normal/Others,Normal/Others,1000000.0,2026-04-02T00:00:00.000Z,2026.0,0.0,,,,JYOTIRADITYA M. SCINDIA,,GUNA,Completed,1000000,2026-04-02T00:00:00.000Z,,,,,,,,,,,,Other Civil & Development Works,General Development & Maintenance
151500.0,6a932bb5cd94452437a16b93,Madhya Pradesh,Madhya Pradesh,GUNA,GUNA,ASHOKNAGAR(DISTRICT COLLECTOR ASHOKNAGAR_IDA),ASHOKNAGAR(DISTRICT COLLECTOR ASHOKNAGAR_IDA),Normal/Others,Normal/Others,999442.0,2025-10-10T00:00:00.000Z,2025.0,0.0,,,,JYOTIRADITYA M. SCINDIA,,GUNA,Completed,999442,2025-10-10T00:00:00.000Z,,,,,,,,,,,,Other Civil & Development Works,General Development & Maintenance
151502.0,6a932bb5cd94452437a16b92,Madhya Pradesh,Madhya Pradesh,GUNA,GUNA,ASHOKNAGAR(DISTRICT COLLECTOR ASHOKNAGAR_IDA),ASHOKNAGAR(DISTRICT COLLECTOR ASHOKNAGAR_IDA),Normal/Others,Normal/Others,1000000.0,2025-02-20T00:00:00.000Z,2025.0,0.0,,,,JYOTIRADITYA M. SCINDIA,,GUNA,Completed,1000000,2025-02-20T00:00:00.000Z,,,,,,,,,,,,Other Civil & Development Works,General Development & Maintenance
151651.0,6a932bb5cd94452437a16b59,Madhya Pradesh,Madhya Pradesh,CHHINDWARA,CHHINDWARA,CHHINDWARA(DISTRICT COLLECTOR CHHINDWARA_IDA),CHHINDWARA(DISTRICT COLLECTOR CHHINDWARA_IDA),Normal/Others,Normal/Others,150000.0,2026-01-30T00:00:00.000Z,2026.0,0.0,GP Gondra Ke Samarboh Main KalaMunch Main Teen shed Nirman,GP Gondra Ke Samarboh Main KalaMunch Main Teen shed Nirman,,BUNTY VIVEK SAHU,,CHHINDWARA,Completed,150000,2026-01-30T00:00:00.000Z,,,,,,,,,,,,Community Centers & Halls,Social Infrastructure
151835.0,6a932bb5cd94452437a18212,Madhya Pradesh,Madhya Pradesh,SAGAR,SAGAR,SAGAR(DISTRICT COLLECTOR SAGAR_IDA),SAGAR(DISTRICT COLLECTOR SAGAR_IDA),Normal/Others,Normal/Others,500000.0,2025-10-24T00:00:00.000Z,2025.0,0.0,Gram Panchayat Khajuriya Me Santosh Sahu ke Makan Se Rajkumar Sahu Ke Makan ki Our C.C. Road Karya Hetu,Gram Panchayat Khajuriya Me Santosh Sahu ke Makan Se Rajkumar Sahu Ke Makan ki Our C.C. Road Karya Hetu,,DR. LATA WANKHEDE,,SAGAR,Completed,500000,2025-10-24T00:00:00.000Z,,,,,,,,,,,,Roads & Pathways,Physical Infrastructure
151874.0,6a932bb5cd94452437a16bfb,Madhya Pradesh,Madhya Pradesh,SAGAR,SAGAR,SAGAR(DISTRICT COLLECTOR SAGAR_IDA),SAGAR(DISTRICT COLLECTOR SAGAR_IDA),Normal/Others,Normal/Others,700000.0,2025-10-17T00:00:00.000Z,2025.0,0.0,Gram Panchayat Semrahat Me Devi Mata Mandir Se Samshan Ghat Ki our C.C. Road Nirman Karya Hetu.,Gram Panchayat Semrahat Me Devi Mata Mandir Se Samshan Ghat Ki our C.C. Road Nirman Karya Hetu.,,DR. LATA WANKHEDE,,SAGAR,Completed,700000,2025-10-17T00:00:00.000Z,,,,,,,,,,,,Roads & Pathways,Physical Infrastructure
151956.0,6a932bb5cd94452437a16997,Madhya Pradesh,Madhya Pradesh,SAGAR,SAGAR,SAGAR(DISTRICT COLLECTOR SAGAR_IDA),SAGAR(DISTRICT COLLECTOR SAGAR_IDA),Normal/Others,Normal/Others,500000.0,2025-10-29T00:00:00.000Z,2025.0,0.0,Gram Panchayat Khiriya Nikhar Me Panchayat Bhavan Se Kanchhedi Ke Makan Tak C.C. Road Nirman Karya Hetu.,Gram Panchayat Khiriya Nikhar Me Panchayat Bhavan Se Kanchhedi Ke Makan Tak C.C. Road Nirman Karya Hetu.,,DR. LATA WANKHEDE,,SAGAR,Completed,500000,2025-10-29T00:00:00.000Z,,,,,,,,,,,,Roads & Pathways,Physical Infrastructure
152105.0,6a932bb5cd94452437a16bc8,Madhya Pradesh,Madhya Pradesh,DHAR,DHAR,DHAR(DISTRICT COLLECTOR DHAR_IDA),DHAR(DISTRICT COLLECTOR DHAR_IDA),Normal/Others,Normal/Others,166026.0,2025-08-05T00:00:00.000Z,2025.0,0.0,GI cotted water tank 5500 liter 900*20 tyres,GI cotted water tank 5500 liter 900*20 tyres,,SAVITRI THAKUR,,DHAR,Completed,166026,2025-08-05T00:00:00.000Z,,,,,,,,,,,,Drinking Water Supply,Public Health & Basic Amenities
152108.0,6a932bb5cd94452437a16bc6,Madhya Pradesh,Madhya Pradesh,DHAR,DHAR,DHAR(DISTRICT COLLECTOR DHAR_IDA),DHAR(DISTRICT COLLECTOR DHAR_IDA),Normal/Others,Normal/Others,166026.0,2025-08-05T00:00:00.000Z,2025.0,0.0,GI cotted water tank 5500 liter 900*20 tyres,GI cotted water tank 5500 liter 900*20 tyres,,SAVITRI THAKUR,,DHAR,Completed,166026,2025-08-05T00:00:00.000Z,,,,,,,,,,,,Drinking Water Supply,Public Health & Basic Amenities
152111.0,6a932bb5cd94452437a16bc4,Madhya Pradesh,Madhya Pradesh,DHAR,DHAR,DHAR(DISTRICT COLLECTOR DHAR_IDA),DHAR(DISTRICT COLLECTOR DHAR_IDA),Normal/Others,Normal/Others,166026.0,2025-08-05T00:00:00.000Z,2025.0,0.0,GI cotted water tank 5500 liter 900*20 tyres,GI cotted water tank 5500 liter 900*20 tyres,,SAVITRI THAKUR,,DHAR,Completed,166026,2025-08-05T00:00:00.000Z,,,,,,,,,,,,Drinking Water Supply,Public Health & Basic Amenities
152114.0,6a932bb5cd94452437a16bc2,Madhya Pradesh,Madhya Pradesh,DHAR,DHAR,DHAR(DISTRICT COLLECTOR DHAR_IDA),DHAR(DISTRICT COLLECTOR DHAR_IDA),Normal/Others,Normal/Others,166026.0,2025-08-05T00:00:00.000Z,2025.0,0.0,GI cotted water tank 5500 liter 900*20 tyres,GI cotted water tank 5500 liter 900*20 tyres,,SAVITRI THAKUR,,DHAR,Completed,166026,2025-08-05T00:00:00.000Z,,,,,,,,,,,,Drinking Water Supply,Public Health & Basic Amenities
152116.0,6a932bb5cd94452437a16bcb,Madhya Pradesh,Madhya Pradesh,DHAR,DHAR,DHAR(DISTRICT COLLECTOR DHAR_IDA),DHAR(DISTRICT COLLECTOR DHAR_IDA),Normal/Others,Normal/Others,166026.0,2025-08-05T00:00:00.000Z,2025.0,0.0,GI cotted water tank 5500 liter 900*20 tyres,GI cotted water tank 5500 liter 900*20 tyres,,SAVITRI THAKUR,,DHAR,Completed,166026,2025-08-05T00:00:00.000Z,,,,,,,,,,,,Drinking Water Supply,Public Health & Basic Amenities
152119.0,6a932bb5cd94452437a16bcd,Madhya Pradesh,Madhya Pradesh,DHAR,DHAR,DHAR(DISTRICT COLLECTOR DHAR_IDA),DHAR(DISTRICT COLLECTOR DHAR_IDA),Normal/Others,Normal/Others,166026.0,2025-08-05T00:00:00.000Z,2025.0,0.0,GI cotted water tank 5500 liter 900*20 tyres,GI cotted water tank 5500 liter 900*20 tyres,,SAVITRI THAKUR,,DHAR,Completed,166026,2025-08-05T00:00:00.000Z,,,,,,,,,,,,Drinking Water Supply,Public Health & Basic Amenities
152122.0,6a932bb5cd94452437a16bcf,Madhya Pradesh,Madhya Pradesh,DHAR,DHAR,DHAR(DISTRICT COLLECTOR DHAR_IDA),DHAR(DISTRICT COLLECTOR DHAR_IDA),Normal/Others,Normal/Others,166026.0,2025-08-05T00:00:00.000Z,2025.0,0.0,GI cotted water tank 5500 liter 900*20 tyres,GI cotted water tank 5500 liter 900*20 tyres,,SAVITRI THAKUR,,DHAR,Completed,166026,2025-08-05T00:00:00.000Z,,,,,,,,,,,,Drinking Water Supply,Public Health & Basic Amenities
152188.0,6a932bb5cd94452437a18301,Madhya Pradesh,Madhya Pradesh,HOSHANGABAD,HOSHANGABAD,NARMADAPURAM(DISTRICT COLLECTOR NARMADAPURAM_IDA),NARMADAPURAM(DISTRICT COLLECTOR NARMADAPURAM_IDA),Normal/Others,Normal/Others,95000.0,2026-01-19T00:00:00.000Z,2026.0,0.0,"beneficiary name sunita malviya d/o rameshwar malviya, having disability of 80%, address is gandhi nagar bala ji mandir ke pass shivpuri, itarsi, contact no 7400826180, 9617076848.","beneficiary name sunita malviya d/o rameshwar malviya, having disability of 80%, address is gandhi nagar bala ji mandir ke pass shivpuri, itarsi, contact no 7400826180, 9617076848.",,DARSHAN SINGH CHOUDHARY,,HOSHANGABAD,Completed,95000,2026-01-19T00:00:00.000Z,,,,,,,,,,,,Other Civil & Development Works,General Development & Maintenance
152192.0,6a932bb5cd94452437a182fe,Madhya Pradesh,Madhya Pradesh,HOSHANGABAD,HOSHANGABAD,NARMADAPURAM(DISTRICT COLLECTOR NARMADAPURAM_IDA),NARMADAPURAM(DISTRICT COLLECTOR NARMADAPURAM_IDA),Normal/Others,Normal/Others,95000.0,2026-01-27T00:00:00.000Z,2026.0,0.0,"beneficiary name halke veer kushwaha, having 70% disability, contact no 8827255112.","beneficiary name halke veer kushwaha, having 70% disability, contact no 8827255112.",,DARSHAN SINGH CHOUDHARY,,HOSHANGABAD,Completed,95000,2026-01-27T00:00:00.000Z,,,,,,,,,,,,Other Civil & Development Works,General Development & Maintenance
152324.0,6a932bb5cd94452437a182fd,Madhya Pradesh,Madhya Pradesh,HOSHANGABAD,HOSHANGABAD,NARMADAPURAM(DISTRICT COLLECTOR NARMADAPURAM_IDA),NARMADAPURAM(DISTRICT COLLECTOR NARMADAPURAM_IDA),Normal/Others,Normal/Others,95000.0,2026-01-27T00:00:00.000Z,2026.0,0.0,"beneficiary name vishram visvkarma s/o shankar lal vishvkarma, disability more then 40%, contact no 8962216181","beneficiary name vishram visvkarma s/o shankar lal vishvkarma, disability more then 40%, contact no 8962216181",,DARSHAN SINGH CHOUDHARY,,HOSHANGABAD,Completed,95000,2026-01-27T00:00:00.000Z,,,,,,,,,,,,Other Civil & Development Works,General Development & Maintenance
152326.0,6a932bb5cd94452437a182fa,Madhya Pradesh,Madhya Pradesh,HOSHANGABAD,HOSHANGABAD,NARMADAPURAM(DISTRICT COLLECTOR NARMADAPURAM_IDA),NARMADAPURAM(DISTRICT COLLECTOR NARMADAPURAM_IDA),Normal/Others,Normal/Others,95000.0,2026-01-22T00:00:00.000Z,2026.0,0.0,"beneficiary name rupsingh ahirwar s/o nannanhelal ahirwar , contact no 8269993657","beneficiary name rupsingh ahirwar s/o nannanhelal ahirwar , contact no 8269993657",,DARSHAN SINGH CHOUDHARY,,HOSHANGABAD,Completed,95000,2026-01-22T00:00:00.000Z,,,,,,,,,,,,Other Civil & Development Works,General Development & Maintenance
152328.0,6a932bb5cd94452437a182f8,Madhya Pradesh,Madhya Pradesh,HOSHANGABAD,HOSHANGABAD,NARMADAPURAM(DISTRICT COLLECTOR NARMADAPURAM_IDA),NARMADAPURAM(DISTRICT COLLECTOR NARMADAPURAM_IDA),Normal/Others,Normal/Others,95000.0,2026-01-20T00:00:00.000Z,2026.0,0.0,"beneficiary name aarti kuchbandiya d/o bablu, having disability more then 75% , contact no 9827615948","beneficiary name aarti kuchbandiya d/o bablu, having disability more then 75% , contact no 9827615948",,DARSHAN SINGH CHOUDHARY,,HOSHANGABAD,Completed,95000,2026-01-20T00:00:00.000Z,,,,,,,,,,,,Other Civil & Development Works,General Development & Maintenance
152378.0,6a932bb5cd94452437a1942c,Madhya Pradesh,Madhya Pradesh,TIKAMGARH,TIKAMGARH,TIKAMGARH(DISTRICT COLLECTOR TIKAMGARH_IDA),TIKAMGARH(DISTRICT COLLECTOR TIKAMGARH_IDA),Normal/Others,Normal/Others,249039.0,2025-11-06T00:00:00.000Z,2025.0,0.0,Paragarh Talaiya ke Ghaat Par Shed Nirman,Paragarh Talaiya ke Ghaat Par Shed Nirman,,Virendra Kumar,,TIKAMGARH,Completed,249039,2025-11-06T00:00:00.000Z,,,,,,,,,,,,Community Centers & Halls,Social Infrastructure
152514.0,6a932bb5cd94452437a16e9f,Madhya Pradesh,Madhya Pradesh,TIKAMGARH,TIKAMGARH,CHHATARPUR(District Collector Chhatarpur_IDA),CHHATARPUR(District Collector Chhatarpur_IDA),Normal/Others,Normal/Others,400000.0,2025-08-05T00:00:00.000Z,2025.0,0.0,Saansad Chaupal Dhilapur,Saansad Chaupal Dhilapur,,Virendra Kumar,,TIKAMGARH,Completed,400000,2025-08-05T00:00:00.000Z,,,,,,,,,,,,Other Civil & Development Works,General Development & Maintenance
152542.0,6a932bb5cd94452437a1a072,Madhya Pradesh,Madhya Pradesh,TIKAMGARH,TIKAMGARH,CHHATARPUR(District Collector Chhatarpur_IDA),CHHATARPUR(District Collector Chhatarpur_IDA),Normal/Others,Normal/Others,598599.0,2026-04-30T00:00:00.000Z,2026.0,0.0,Saansad Utsav Dham,Saansad Utsav Dham,,Virendra Kumar,,TIKAMGARH,Completed,598599,2026-04-30T00:00:00.000Z,,,,,,,,,,,,Other Civil & Development Works,General Development & Maintenance
152579.0,6a932bb5cd94452437a17e0f,Madhya Pradesh,Madhya Pradesh,TIKAMGARH,TIKAMGARH,CHHATARPUR(District Collector Chhatarpur_IDA),CHHATARPUR(District Collector Chhatarpur_IDA),Normal/Others,Normal/Others,400000.0,2025-12-30T00:00:00.000Z,2025.0,0.0,Saansad Chaupal - Patthar Kushwaha Ke Bagal Me,Saansad Chaupal - Patthar Kushwaha Ke Bagal Me,,Virendra Kumar,,TIKAMGARH,Completed,400000,2025-12-30T00:00:00.000Z,,,,,,,,,,,,Other Civil & Development Works,General Development & Maintenance
152594.0,6a932bb5cd94452437a182f5,Madhya Pradesh,Madhya Pradesh,HOSHANGABAD,HOSHANGABAD,NARMADAPURAM(DISTRICT COLLECTOR NARMADAPURAM_IDA),NARMADAPURAM(DISTRICT COLLECTOR NARMADAPURAM_IDA),Normal/Others,Normal/Others,95000.0,2026-01-19T00:00:00.000Z,2026.0,0.0,"beneficiary name kanhaiya mulgra s/o late sh balaram mulgra, having disability more then 65% , contact no 6260422973","beneficiary name kanhaiya mulgra s/o late sh balaram mulgra, having disability more then 65% , contact no 6260422973",,DARSHAN SINGH CHOUDHARY,,HOSHANGABAD,Completed,95000,2026-01-19T00:00:00.000Z,,,,,,,,,,,,Other Civil & Development Works,General Development & Maintenance
153172.0,6a932bb5cd94452437a182f3,Madhya Pradesh,Madhya Pradesh,HOSHANGABAD,HOSHANGABAD,NARMADAPURAM(DISTRICT COLLECTOR NARMADAPURAM_IDA),NARMADAPURAM(DISTRICT COLLECTOR NARMADAPURAM_IDA),Normal/Others,Normal/Others,95000.0,2026-01-16T00:00:00.000Z,2026.0,0.0,"beneficiary name sunil kahar s/o indrapal kahar , having disability more thgen55% contact person sarpanch anil kahar 9755886512","beneficiary name sunil kahar s/o indrapal kahar , having disability more thgen55% contact person sarpanch anil kahar 9755886512",,DARSHAN SINGH CHOUDHARY,,HOSHANGABAD,Completed,95000,2026-01-16T00:00:00.000Z,,,,,,,,,,,,Other Civil & Development Works,General Development & Maintenance
153258.0,6a932bb5cd94452437a16bd0,Madhya Pradesh,Madhya Pradesh,DHAR,DHAR,DHAR(DISTRICT COLLECTOR DHAR_IDA),DHAR(DISTRICT COLLECTOR DHAR_IDA),Normal/Others,Normal/Others,166026.0,2025-08-05T00:00:00.000Z,2025.0,0.0,"GI cotted water tank 5500 liter
900*20 tyre","GI cotted water tank 5500 liter
900*20 tyre",,SAVITRI THAKUR,,DHAR,Completed,166026,2025-08-05T00:00:00.000Z,,,,,,,,,,,,Drinking Water Supply,Public Health & Basic Amenities
153263.0,6a932bb5cd94452437a16bd2,Madhya Pradesh,Madhya Pradesh,DHAR,DHAR,DHAR(DISTRICT COLLECTOR DHAR_IDA),DHAR(DISTRICT COLLECTOR DHAR_IDA),Normal/Others,Normal/Others,166026.0,2025-08-05T00:00:00.000Z,2025.0,0.0,"water tank 5500 liter 
900*20 tyre","water tank 5500 liter 
900*20 tyre",,SAVITRI THAKUR,,DHAR,Completed,166026,2025-08-05T00:00:00.000Z,,,,,,,,,,,,Drinking Water Supply,Public Health & Basic Amenities
153266.0,6a932bb5cd94452437a16bd4,Madhya Pradesh,Madhya Pradesh,DHAR,DHAR,DHAR(DISTRICT COLLECTOR DHAR_IDA),DHAR(DISTRICT COLLECTOR DHAR_IDA),Normal/Others,Normal/Others,166026.0,2025-08-05T00:00:00.000Z,2025.0,0.0,"water tank 5500 liter 
900*20 tyre","water tank 5500 liter 
900*20 tyre",,SAVITRI THAKUR,,DHAR,Completed,166026,2025-08-05T00:00:00.000Z,,,,,,,,,,,,Drinking Water Supply,Public Health & Basic Amenities
153269.0,6a932bb5cd94452437a16bd6,Madhya Pradesh,Madhya Pradesh,DHAR,DHAR,DHAR(DISTRICT COLLECTOR DHAR_IDA),DHAR(DISTRICT COLLECTOR DHAR_IDA),Normal/Others,Normal/Others,166026.0,2025-08-05T00:00:00.000Z,2025.0,0.0,"water tank 5500 liter 
900*20 tyre","water tank 5500 liter 
900*20 tyre",,SAVITRI THAKUR,,DHAR,Completed,166026,2025-08-05T00:00:00.000Z,,,,,,,,,,,,Drinking Water Supply,Public Health & Basic Amenities
153273.0,6a932bb5cd94452437a16bd8,Madhya Pradesh,Madhya Pradesh,DHAR,DHAR,DHAR(DISTRICT COLLECTOR DHAR_IDA),DHAR(DISTRICT COLLECTOR DHAR_IDA),Normal/Others,Normal/Others,166026.0,2025-08-05T00:00:00.000Z,2025.0,0.0,"water tank 5500 liter 
900*20 tyre","water tank 5500 liter 
900*20 tyre",,SAVITRI THAKUR,,DHAR,Completed,166026,2025-08-05T00:00:00.000Z,,,,,,,,,,,,Drinking Water Supply,Public Health & Basic Amenities
153275.0,6a932bb5cd94452437a16bda,Madhya Pradesh,Madhya Pradesh,DHAR,DHAR,DHAR(DISTRICT COLLECTOR DHAR_IDA),DHAR(DISTRICT COLLECTOR DHAR_IDA),Normal/Others,Normal/Others,166026.0,2025-08-05T00:00:00.000Z,2025.0,0.0,"water tank 5500 liter 
900*20 tyre","water tank 5500 liter 
900*20 tyre",,SAVITRI THAKUR,,DHAR,Completed,166026,2025-08-05T00:00:00.000Z,,,,,,,,,,,,Drinking Water Supply,Public Health & Basic Amenities
153279.0,6a932bb5cd94452437a16bdc,Madhya Pradesh,Madhya Pradesh,DHAR,DHAR,DHAR(DISTRICT COLLECTOR DHAR_IDA),DHAR(DISTRICT COLLECTOR DHAR_IDA),Normal/Others,Normal/Others,166026.0,2025-08-05T00:00:00.000Z,2025.0,0.0,"water tank 5500 liter 
900*20 tyre","water tank 5500 liter 
900*20 tyre",,SAVITRI THAKUR,,DHAR,Completed,166026,2025-08-05T00:00:00.000Z,,,,,,,,,,,,Drinking Water Supply,Public Health & Basic Amenities
153281.0,6a932bb5cd94452437a16bde,Madhya Pradesh,Madhya Pradesh,DHAR,DHAR,DHAR(DISTRICT COLLECTOR DHAR_IDA),DHAR(DISTRICT COLLECTOR DHAR_IDA),Normal/Others,Normal/Others,166026.0,2025-08-05T00:00:00.000Z,2025.0,0.0,"water tank 5500 liter 
900*20 tyre","water tank 5500 liter 
900*20 tyre",,SAVITRI THAKUR,,DHAR,Completed,166026,2025-08-05T00:00:00.000Z,,,,,,,,,,,,Drinking Water Supply,Public Health & Basic Amenities
153283.0,6a932bb5cd94452437a16be0,Madhya Pradesh,Madhya Pradesh,DHAR,DHAR,DHAR(DISTRICT COLLECTOR DHAR_IDA),DHAR(DISTRICT COLLECTOR DHAR_IDA),Normal/Others,Normal/Others,166026.0,2025-08-05T00:00:00.000Z,2025.0,0.0,"water tank 5500 liter 
900*20 tyre","water tank 5500 liter 
900*20 tyre",,SAVITRI THAKUR,,DHAR,Completed,166026,2025-08-05T00:00:00.000Z,,,,,,,,,,,,Drinking Water Supply,Public Health & Basic Amenities
153285.0,6a932bb5cd94452437a16be2,Madhya Pradesh,Madhya Pradesh,DHAR,DHAR,DHAR(DISTRICT COLLECTOR DHAR_IDA),DHAR(DISTRICT COLLECTOR DHAR_IDA),Normal/Others,Normal/Others,166026.0,2025-08-05T00:00:00.000Z,2025.0,0.0,"water tank 5500 liter 
900*20 tyre","water tank 5500 liter 
900*20 tyre",,SAVITRI THAKUR,,DHAR,Completed,166026,2025-08-05T00:00:00.000Z,,,,,,,,,,,,Drinking Water Supply,Public Health & Basic Amenities
153857.0,6a932bb5cd94452437a16c68,Madhya Pradesh,Madhya Pradesh,KHARGONE,KHARGONE,BARWANI(DISTRICT COLLECTOR BADWANI_IDA),BARWANI(DISTRICT COLLECTOR BADWANI_IDA),Normal/Others,Normal/Others,166026.0,2026-01-22T00:00:00.000Z,2026.0,0.0,Purchase of mobile water tanker in village Palwat,Purchase of mobile water tanker in village Palwat,,Gajendra Singh Patel,,KHARGONE,Completed,166026,2026-01-22T00:00:00.000Z,,,,,,,,,,,,Drinking Water Supply,Public Health & Basic Amenities
153859.0,6a932bb5cd94452437a16c5d,Madhya Pradesh,Madhya Pradesh,KHARGONE,KHARGONE,BARWANI(DISTRICT COLLECTOR BADWANI_IDA),BARWANI(DISTRICT COLLECTOR BADWANI_IDA),Normal/Others,Normal/Others,166026.0,2026-01-22T00:00:00.000Z,2026.0,0.0,Purchase of mobile water tanker in village Ubadgrah,Purchase of mobile water tanker in village Ubadgrah,,Gajendra Singh Patel,,KHARGONE,Completed,166026,2026-01-22T00:00:00.000Z,,,,,,,,,,,,Drinking Water Supply,Public Health & Basic Amenities
178288.0,6a932bb5cd94452437a1775f,Madhya Pradesh,Madhya Pradesh,MORENA,MORENA,SHEOPUR(District Collector Sheopur_IDA),SHEOPUR(District Collector Sheopur_IDA),Normal/Others,Normal/Others,166026.0,2025-10-10T00:00:00.000Z,2025.0,0.0,"gram panchayat nerkheda, tahsil vijaypur, mai 1 gi water tanker","gram panchayat nerkheda, tahsil vijaypur, mai 1 gi water tanker",,SHIVMANGAL SINGH TOMAR,,MORENA,Completed,166026,2025-10-10T00:00:00.000Z,,,,,,,,,,,,Drinking Water Supply,Public Health & Basic Amenities
178290.0,6a932bb5cd94452437a17762,Madhya Pradesh,Madhya Pradesh,MORENA,MORENA,SHEOPUR(District Collector Sheopur_IDA),SHEOPUR(District Collector Sheopur_IDA),Normal/Others,Normal/Others,166026.0,2025-10-10T00:00:00.000Z,2025.0,0.0,"gram panchayat badagaon, tahsil veerpur, mai 1 gi water tanker","gram panchayat badagaon, tahsil veerpur, mai 1 gi water tanker",,SHIVMANGAL SINGH TOMAR,,MORENA,Completed,166026,2025-10-10T00:00:00.000Z,,,,,,,,,,,,Drinking Water Supply,Public Health & Basic Amenities
178292.0,6a932bb5cd94452437a17763,Madhya Pradesh,Madhya Pradesh,MORENA,MORENA,SHEOPUR(District Collector Sheopur_IDA),SHEOPUR(District Collector Sheopur_IDA),Normal/Others,Normal/Others,166026.0,2025-10-10T00:00:00.000Z,2025.0,0.0,"gram panchayat pancho, tahsil beerpur, mai 1 gi water tanker","gram panchayat pancho, tahsil beerpur, mai 1 gi water tanker",,SHIVMANGAL SINGH TOMAR,,MORENA,Completed,166026,2025-10-10T00:00:00.000Z,,,,,,,,,,,,Drinking Water Supply,Public Health & Basic Amenities
178294.0,6a932bb5cd94452437a17766,Madhya Pradesh,Madhya Pradesh,MORENA,MORENA,SHEOPUR(District Collector Sheopur_IDA),SHEOPUR(District Collector Sheopur_IDA),Normal/Others,Normal/Others,166026.0,2025-10-10T00:00:00.000Z,2025.0,0.0,"gram panchayat farara, tahsil vijaypur, mai 1 gi water tanker","gram panchayat farara, tahsil vijaypur, mai 1 gi water tanker",,SHIVMANGAL SINGH TOMAR,,MORENA,Completed,166026,2025-10-10T00:00:00.000Z,,,,,,,,,,,,Drinking Water Supply,Public Health & Basic Amenities
178296.0,6a932bb5cd94452437a17768,Madhya Pradesh,Madhya Pradesh,MORENA,MORENA,SHEOPUR(District Collector Sheopur_IDA),SHEOPUR(District Collector Sheopur_IDA),Normal/Others,Normal/Others,166026.0,2025-10-10T00:00:00.000Z,2025.0,0.0,"gram panchayat agara, tahsil  vijaypur, mai 1 gi water tanker","gram panchayat agara, tahsil  vijaypur, mai 1 gi water tanker",,SHIVMANGAL SINGH TOMAR,,MORENA,Completed,166026,2025-10-10T00:00:00.000Z,,,,,,,,,,,,Drinking Water Supply,Public Health & Basic Amenities
178298.0,6a932bb5cd94452437a1776a,Madhya Pradesh,Madhya Pradesh,MORENA,MORENA,SHEOPUR(District Collector Sheopur_IDA),SHEOPUR(District Collector Sheopur_IDA),Normal/Others,Normal/Others,166026.0,2025-10-10T00:00:00.000Z,2025.0,0.0,"gram panchayat paratwada, tahsil karahal, mai 1 gi water tanker","gram panchayat paratwada, tahsil karahal, mai 1 gi water tanker",,SHIVMANGAL SINGH TOMAR,,MORENA,Completed,166026,2025-10-10T00:00:00.000Z,,,,,,,,,,,,Drinking Water Supply,Public Health & Basic Amenities
178300.0,6a932bb5cd94452437a1776c,Madhya Pradesh,Madhya Pradesh,MORENA,MORENA,SHEOPUR(District Collector Sheopur_IDA),SHEOPUR(District Collector Sheopur_IDA),Normal/Others,Normal/Others,166026.0,2025-10-10T00:00:00.000Z,2025.0,0.0,"gram panchayat sesaipura, tahsil karahal mai 1 gi water tanker","gram panchayat sesaipura, tahsil karahal mai 1 gi water tanker",,SHIVMANGAL SINGH TOMAR,,MORENA,Completed,166026,2025-10-10T00:00:00.000Z,,,,,,,,,,,,Drinking Water Supply,Public Health & Basic Amenities
178302.0,6a932bb5cd94452437a1776e,Madhya Pradesh,Madhya Pradesh,MORENA,MORENA,SHEOPUR(District Collector Sheopur_IDA),SHEOPUR(District Collector Sheopur_IDA),Normal/Others,Normal/Others,166026.0,2025-10-10T00:00:00.000Z,2025.0,0.0,"gram panchayat salmanya, tahsil badoda, mai 1 gi water tanker","gram panchayat salmanya, tahsil badoda, mai 1 gi water tanker",,SHIVMANGAL SINGH TOMAR,,MORENA,Completed,166026,2025-10-10T00:00:00.000Z,,,,,,,,,,,,Drinking Water Supply,Public Health & Basic Amenities
178624.0,6a932bb5cd94452437a1854c,Madhya Pradesh,Madhya Pradesh,RATLAM,RATLAM,JHABUA(DISTRICT COLLECTOR JHABUA_IDA),JHABUA(DISTRICT COLLECTOR JHABUA_IDA),Normal/Others,Normal/Others,546000.0,2025-12-05T00:00:00.000Z,2025.0,0.0,Distt. Jhabua Block Meghanagar Ke Vard No 13 Vasunia Faliya me Navin Transfarmar Sthapit Karne Babad,Distt. Jhabua Block Meghanagar Ke Vard No 13 Vasunia Faliya me Navin Transfarmar Sthapit Karne Babad,,ANITA NAGARSINGH CHOUHAN,,RATLAM,Completed,546000,2025-12-05T00:00:00.000Z,,,,,,,,,,,,Other Civil & Development Works,General Development & Maintenance
178634.0,6a932bb5cd94452437a17d71,Madhya Pradesh,Madhya Pradesh,RATLAM,RATLAM,ALIRAJPUR(District Collector Alirajpur_IDA),ALIRAJPUR(District Collector Alirajpur_IDA),Normal/Others,Normal/Others,669000.0,2025-10-01T00:00:00.000Z,2025.0,0.0,Distt. Alirajpur Balock Jobat ki Gram Panhayat Chouti Hirapur ke Patel faliya Me Navin Vidhut Transfor Savikart,Distt. Alirajpur Balock Jobat ki Gram Panhayat Chouti Hirapur ke Patel faliya Me Navin Vidhut Transfor Savikart,,ANITA NAGARSINGH CHOUHAN,,RATLAM,Completed,669000,2025-10-01T00:00:00.000Z,,,,,,,,,,,,Other Civil & Development Works,General Development & Maintenance
178970.0,6a932bb5cd94452437a1b674,Madhya Pradesh,Madhya Pradesh,SHAHDOL,SHAHDOL,SHAHDOL(District Collector Shahdol_IDA),SHAHDOL(District Collector Shahdol_IDA),Normal/Others,Normal/Others,198723.0,2026-01-27T00:00:00.000Z,2026.0,0.0,"G.I. coated water tanker capacity 5000 liter with fire fighter pump. Implementing Agency - Manager, M.P. Agro Industries development corporation limited.","G.I. coated water tanker capacity 5000 liter with fire fighter pump. Implementing Agency - Manager, M.P. Agro Industries development corporation limited.",,Smt Himadri Singh,,SHAHDOL,Completed,198723,2026-01-27T00:00:00.000Z,,,,,,,,,,,,Drinking Water Supply,Public Health & Basic Amenities
178972.0,6a932bb5cd94452437a1b670,Madhya Pradesh,Madhya Pradesh,SHAHDOL,SHAHDOL,SHAHDOL(District Collector Shahdol_IDA),SHAHDOL(District Collector Shahdol_IDA),Normal/Others,Normal/Others,198723.0,2026-01-27T00:00:00.000Z,2026.0,0.0,"G.I. coated water tanker capacity 5000 liter with fire fighter pump. Implementing Agency - Manager, M.P. Agro Industries development corporation limited.","G.I. coated water tanker capacity 5000 liter with fire fighter pump. Implementing Agency - Manager, M.P. Agro Industries development corporation limited.",,Smt Himadri Singh,,SHAHDOL,Completed,198723,2026-01-27T00:00:00.000Z,,,,,,,,,,,,Drinking Water Supply,Public Health & Basic Amenities
178974.0,6a932bb5cd94452437a1b66f,Madhya Pradesh,Madhya Pradesh,SHAHDOL,SHAHDOL,SHAHDOL(District Collector Shahdol_IDA),SHAHDOL(District Collector Shahdol_IDA),Normal/Others,Normal/Others,198723.0,2026-01-27T00:00:00.000Z,2026.0,0.0,"G.I. coated water tanker capacity 5000 liter with fire fighter pump. Implementing Agency - Manager, M.P. Agro Industries development corporation limited.","G.I. coated water tanker capacity 5000 liter with fire fighter pump. Implementing Agency - Manager, M.P. Agro Industries development corporation limited.",,Smt Himadri Singh,,SHAHDOL,Completed,198723,2026-01-27T00:00:00.000Z,,,,,,,,,,,,Drinking Water Supply,Public Health & Basic Amenities
178976.0,6a932bb5cd94452437a1b66d,Madhya Pradesh,Madhya Pradesh,SHAHDOL,SHAHDOL,SHAHDOL(District Collector Shahdol_IDA),SHAHDOL(District Collector Shahdol_IDA),Normal/Others,Normal/Others,198723.0,2026-01-27T00:00:00.000Z,2026.0,0.0,"G.I. coated water tanker capacity 5000 liter with fire fighter pump. Implementing Agency - Manager, M.P. Agro Industries development corporation limited.","G.I. coated water tanker capacity 5000 liter with fire fighter pump. Implementing Agency - Manager, M.P. Agro Industries development corporation limited.",,Smt Himadri Singh,,SHAHDOL,Completed,198723,2026-01-27T00:00:00.000Z,,,,,,,,,,,,Drinking Water Supply,Public Health & Basic Amenities
179047.0,6a932bb5cd94452437a18639,Madhya Pradesh,Madhya Pradesh,INDORE,INDORE,INDORE(DISTRICT COLLECTOR INDORE_IDA),INDORE(DISTRICT COLLECTOR INDORE_IDA),Normal/Others,Normal/Others,160761.0,2025-06-13T00:00:00.000Z,2025.0,0.0,Providing GI Water Tanker  Capacity 5500 Liter Tyre 900X16 in GP Shivgrah JP Depalpur District Indore,Providing GI Water Tanker  Capacity 5500 Liter Tyre 900X16 in GP Shivgrah JP Depalpur District Indore,,Shankar Lalwani,,INDORE,Completed,160761,2025-06-13T00:00:00.000Z,,,,,,,,,,,,Drinking Water Supply,Public Health & Basic Amenities
179049.0,6a932bb5cd94452437a18638,Madhya Pradesh,Madhya Pradesh,INDORE,INDORE,INDORE(DISTRICT COLLECTOR INDORE_IDA),INDORE(DISTRICT COLLECTOR INDORE_IDA),Normal/Others,Normal/Others,160761.0,2025-06-13T00:00:00.000Z,2025.0,0.0,Providing GI Water Tanker Capacity 5500 Liter Tyre 900X16 in GP Ushapura  JP Depalpur District Indore,Providing GI Water Tanker Capacity 5500 Liter Tyre 900X16 in GP Ushapura  JP Depalpur District Indore,,Shankar Lalwani,,INDORE,Completed,160761,2025-06-13T00:00:00.000Z,,,,,,,,,,,,Drinking Water Supply,Public Health & Basic Amenities
179065.0,6a932bb5cd94452437a1870a,Madhya Pradesh,Madhya Pradesh,INDORE,INDORE,INDORE(DISTRICT COLLECTOR INDORE_IDA),INDORE(DISTRICT COLLECTOR INDORE_IDA),Normal/Others,Normal/Others,440558.0,2025-08-19T00:00:00.000Z,2025.0,0.0,Tube well mining with Motor pump installation including recharge pit for public use  in Ward 75 Infront of Shriram Nagar Main Road Vidhansabha Rau District Indore,Tube well mining with Motor pump installation including recharge pit for public use  in Ward 75 Infront of Shriram Nagar Main Road Vidhansabha Rau District Indore,,Shankar Lalwani,,INDORE,Completed,440558,2025-08-19T00:00:00.000Z,,,,,,,,,,,,Roads & Pathways,Physical Infrastructure
179070.0,6a932bb5cd94452437a1853d,Madhya Pradesh,Madhya Pradesh,INDORE,INDORE,INDORE(DISTRICT COLLECTOR INDORE_IDA),INDORE(DISTRICT COLLECTOR INDORE_IDA),Normal/Others,Normal/Others,432201.0,2025-08-19T00:00:00.000Z,2025.0,0.0,Tube well mining with Motor pump installation including recharge pit for public use in Ward 60  in street of  warehouse Pintu shukla  VS  Indore-03 District Indore,Tube well mining with Motor pump installation including recharge pit for public use in Ward 60  in street of  warehouse Pintu shukla  VS  Indore-03 District Indore,,Shankar Lalwani,,INDORE,Completed,432201,2025-08-19T00:00:00.000Z,,,,,,,,,,,,Drinking Water Supply,Public Health & Basic Amenities
179074.0,6a932bb5cd94452437a185ef,Madhya Pradesh,Madhya Pradesh,INDORE,INDORE,INDORE(DISTRICT COLLECTOR INDORE_IDA),INDORE(DISTRICT COLLECTOR INDORE_IDA),Normal/Others,Normal/Others,423058.0,2025-08-21T00:00:00.000Z,2025.0,0.0,Tube well mining with Motor pump installation including recharge pit for public use in Ward 62 in harijan Colony Vidhansabha Indore-03 District Indore,Tube well mining with Motor pump installation including recharge pit for public use in Ward 62 in harijan Colony Vidhansabha Indore-03 District Indore,,Shankar Lalwani,,INDORE,Completed,423058,2025-08-21T00:00:00.000Z,,,,,,,,,,,,Drinking Water Supply,Public Health & Basic Amenities
179084.0,6a932bb5cd94452437a19310,Madhya Pradesh,Madhya Pradesh,INDORE,INDORE,INDORE(DISTRICT COLLECTOR INDORE_IDA),INDORE(DISTRICT COLLECTOR INDORE_IDA),Normal/Others,Normal/Others,433019.0,2025-08-25T00:00:00.000Z,2025.0,0.0,Tube well mining with Motor pump installation including recharge pit for public use Near Mahaveer ka Bagicha  ward 64 in VS Indore-03 District Indore,Tube well mining with Motor pump installation including recharge pit for public use Near Mahaveer ka Bagicha  ward 64 in VS Indore-03 District Indore,,Shankar Lalwani,,INDORE,Completed,433019,2025-08-25T00:00:00.000Z,,,,,,,,,,,,Drinking Water Supply,Public Health & Basic Amenities
179087.0,6a932bb5cd94452437a1853f,Madhya Pradesh,Madhya Pradesh,INDORE,INDORE,INDORE(DISTRICT COLLECTOR INDORE_IDA),INDORE(DISTRICT COLLECTOR INDORE_IDA),Normal/Others,Normal/Others,432339.0,2025-08-19T00:00:00.000Z,2025.0,0.0,Tube well mining with Motor pump installation including recharge pit for public use in  Marathi Maohalla ward 58 in VS Indore-03 District Indore,Tube well mining with Motor pump installation including recharge pit for public use in  Marathi Maohalla ward 58 in VS Indore-03 District Indore,,Shankar Lalwani,,INDORE,Completed,432339,2025-08-19T00:00:00.000Z,,,,,,,,,,,,Drinking Water Supply,Public Health & Basic Amenities
179094.0,6a932bb5cd94452437a18557,Madhya Pradesh,Madhya Pradesh,INDORE,INDORE,INDORE(DISTRICT COLLECTOR INDORE_IDA),INDORE(DISTRICT COLLECTOR INDORE_IDA),Normal/Others,Normal/Others,427035.0,2025-08-19T00:00:00.000Z,2025.0,0.0,Tube well mining with Motor pump installation including recharge pit for public use in Abhinay nagar  ward 64 in VS Indore-03 District Indore,Tube well mining with Motor pump installation including recharge pit for public use in Abhinay nagar  ward 64 in VS Indore-03 District Indore,,Shankar Lalwani,,INDORE,Completed,427035,2025-08-19T00:00:00.000Z,,,,,,,,,,,,Drinking Water Supply,Public Health & Basic Amenities
179099.0,6a932bb5cd94452437a185f4,Madhya Pradesh,Madhya Pradesh,INDORE,INDORE,INDORE(DISTRICT COLLECTOR INDORE_IDA),INDORE(DISTRICT COLLECTOR INDORE_IDA),Normal/Others,Normal/Others,436546.0,2025-08-21T00:00:00.000Z,2025.0,0.0,Tube well mining with Motor pump installation including recharge pit for public use in Pawanpuri Colony Ramu Jaiswal Street ward 64  VS Indore-03 District Indore,Tube well mining with Motor pump installation including recharge pit for public use in Pawanpuri Colony Ramu Jaiswal Street ward 64  VS Indore-03 District Indore,,Shankar Lalwani,,INDORE,Completed,436546,2025-08-21T00:00:00.000Z,,,,,,,,,,,,Drinking Water Supply,Public Health & Basic Amenities
179162.0,6a932bb5cd94452437a184bd,Madhya Pradesh,Madhya Pradesh,INDORE,INDORE,INDORE(DISTRICT COLLECTOR INDORE_IDA),INDORE(DISTRICT COLLECTOR INDORE_IDA),Normal/Others,Normal/Others,422380.0,2025-07-14T00:00:00.000Z,2025.0,0.0,Tube well mining with Motor pump installation including recharge pit for public use in Ward 59 in  harsiddhi bablu rathore street  Vidhansabha Indore-03 District Indore,Tube well mining with Motor pump installation including recharge pit for public use in Ward 59 in  harsiddhi bablu rathore street  Vidhansabha Indore-03 District Indore,,Shankar Lalwani,,INDORE,Completed,422380,2025-07-14T00:00:00.000Z,,,,,,,,,,,,Drinking Water Supply,Public Health & Basic Amenities
179165.0,6a932bb5cd94452437a18526,Madhya Pradesh,Madhya Pradesh,INDORE,INDORE,INDORE(DISTRICT COLLECTOR INDORE_IDA),INDORE(DISTRICT COLLECTOR INDORE_IDA),Normal/Others,Normal/Others,447253.0,2025-08-21T00:00:00.000Z,2025.0,0.0,Tube well mining with Motor pump installation including recharge pit for public use near sadar bazar chouki Ward 58  vidhansabha Indore-03 District Indore,Tube well mining with Motor pump installation including recharge pit for public use near sadar bazar chouki Ward 58  vidhansabha Indore-03 District Indore,,Shankar Lalwani,,INDORE,Completed,447253,2025-08-21T00:00:00.000Z,,,,,,,,,,,,Drinking Water Supply,Public Health & Basic Amenities
179167.0,6a932bb5cd94452437a1922e,Madhya Pradesh,Madhya Pradesh,INDORE,INDORE,INDORE(DISTRICT COLLECTOR INDORE_IDA),INDORE(DISTRICT COLLECTOR INDORE_IDA),Normal/Others,Normal/Others,411888.0,2025-08-21T00:00:00.000Z,2025.0,0.0,Tube well mining with Motor pump installation including recharge pit for public use near TIN IMLI BUS STAND  Ward 64 vidhansabha Indore-03 District Indore,Tube well mining with Motor pump installation including recharge pit for public use near TIN IMLI BUS STAND  Ward 64 vidhansabha Indore-03 District Indore,,Shankar Lalwani,,INDORE,Completed,411888,2025-08-21T00:00:00.000Z,,,,,,,,,,,,Drinking Water Supply,Public Health & Basic Amenities
179169.0,6a932bb5cd94452437a19235,Madhya Pradesh,Madhya Pradesh,INDORE,INDORE,INDORE(DISTRICT COLLECTOR INDORE_IDA),INDORE(DISTRICT COLLECTOR INDORE_IDA),Normal/Others,Normal/Others,439646.0,2025-08-21T00:00:00.000Z,2025.0,0.0,Tube well mining with Motor pump installation including recharge pit for public use in Yashwant Road gali No.1  Ward 59 vidhansabha Indore-03 District Indore,Tube well mining with Motor pump installation including recharge pit for public use in Yashwant Road gali No.1  Ward 59 vidhansabha Indore-03 District Indore,,Shankar Lalwani,,INDORE,Completed,439646,2025-08-21T00:00:00.000Z,,,,,,,,,,,,Roads & Pathways,Physical Infrastructure
179171.0,6a932bb5cd94452437a185e6,Madhya Pradesh,Madhya Pradesh,INDORE,INDORE,INDORE(DISTRICT COLLECTOR INDORE_IDA),INDORE(DISTRICT COLLECTOR INDORE_IDA),Normal/Others,Normal/Others,436376.0,2025-08-21T00:00:00.000Z,2025.0,0.0,Tube well mining with Motor pump installation including recharge pit for public use near Moti Tabela Fire Brigade Ward 59 vidhansabha Indore-03 District Indore,Tube well mining with Motor pump installation including recharge pit for public use near Moti Tabela Fire Brigade Ward 59 vidhansabha Indore-03 District Indore,,Shankar Lalwani,,INDORE,Completed,436376,2025-08-21T00:00:00.000Z,,,,,,,,,,,,Drinking Water Supply,Public Health & Basic Amenities
179174.0,6a932bb5cd94452437a184b7,Madhya Pradesh,Madhya Pradesh,INDORE,INDORE,INDORE(DISTRICT COLLECTOR INDORE_IDA),INDORE(DISTRICT COLLECTOR INDORE_IDA),Normal/Others,Normal/Others,446154.0,2025-07-14T00:00:00.000Z,2025.0,0.0,Tube well mining with Motor pump installation including recharge pit for public use Near Kumhar Bhatti Ward 75  vidhansabha Rau District Indore,Tube well mining with Motor pump installation including recharge pit for public use Near Kumhar Bhatti Ward 75  vidhansabha Rau District Indore,,Shankar Lalwani,,INDORE,Completed,446154,2025-07-14T00:00:00.000Z,,,,,,,,,,,,Drinking Water Supply,Public Health & Basic Amenities
179176.0,6a932bb5cd94452437a1870d,Madhya Pradesh,Madhya Pradesh,INDORE,INDORE,INDORE(DISTRICT COLLECTOR INDORE_IDA),INDORE(DISTRICT COLLECTOR INDORE_IDA),Normal/Others,Normal/Others,436506.0,2025-08-19T00:00:00.000Z,2025.0,0.0,Tube well mining with Motor pump installation including recharge pit for public use in  Himmat Nagar infront Manohar kirana Ward 75 Vidhansabha Rau  District Indore,Tube well mining with Motor pump installation including recharge pit for public use in  Himmat Nagar infront Manohar kirana Ward 75 Vidhansabha Rau  District Indore,,Shankar Lalwani,,INDORE,Completed,436506,2025-08-19T00:00:00.000Z,,,,,,,,,,,,Drinking Water Supply,Public Health & Basic Amenities
179179.0,6a932bb5cd94452437a18524,Madhya Pradesh,Madhya Pradesh,INDORE,INDORE,INDORE(DISTRICT COLLECTOR INDORE_IDA),INDORE(DISTRICT COLLECTOR INDORE_IDA),Normal/Others,Normal/Others,415398.0,2025-08-21T00:00:00.000Z,2025.0,0.0,Tube well mining with Motor pump installation including recharge pit for public use in gaytri Nagar Infront of Sunny House Ward 75 Vidhansabha Rau District Indore,Tube well mining with Motor pump installation including recharge pit for public use in gaytri Nagar Infront of Sunny House Ward 75 Vidhansabha Rau District Indore,,Shankar Lalwani,,INDORE,Completed,415398,2025-08-21T00:00:00.000Z,,,,,,,,,,,,Drinking Water Supply,Public Health & Basic Amenities
179187.0,6a932bb5cd94452437a185eb,Madhya Pradesh,Madhya Pradesh,INDORE,INDORE,INDORE(DISTRICT COLLECTOR INDORE_IDA),INDORE(DISTRICT COLLECTOR INDORE_IDA),Normal/Others,Normal/Others,440441.0,2025-08-21T00:00:00.000Z,2025.0,0.0,Tube well mining with Motor pump installation including recharge pit for public use Near Malviya Dharmshala Ward 75 Vidhansabha Rau District Indore,Tube well mining with Motor pump installation including recharge pit for public use Near Malviya Dharmshala Ward 75 Vidhansabha Rau District Indore,,Shankar Lalwani,,INDORE,Completed,440441,2025-08-21T00:00:00.000Z,,,,,,,,,,,,Drinking Water Supply,Public Health & Basic Amenities
179190.0,6a932bb5cd94452437a184b4,Madhya Pradesh,Madhya Pradesh,INDORE,INDORE,INDORE(DISTRICT COLLECTOR INDORE_IDA),INDORE(DISTRICT COLLECTOR INDORE_IDA),Normal/Others,Normal/Others,422109.0,2025-07-14T00:00:00.000Z,2025.0,0.0,Tube well mining with Motor pump installation including recharge pit for public use in Udyog Nagar Basti on Main Road  Palda  Ward 75 Vidhansabha Rau District Indore,Tube well mining with Motor pump installation including recharge pit for public use in Udyog Nagar Basti on Main Road  Palda  Ward 75 Vidhansabha Rau District Indore,,Shankar Lalwani,,INDORE,Completed,422109,2025-07-14T00:00:00.000Z,,,,,,,,,,,,Roads & Pathways,Physical Infrastructure
179193.0,6a932bb5cd94452437a184bb,Madhya Pradesh,Madhya Pradesh,INDORE,INDORE,INDORE(DISTRICT COLLECTOR INDORE_IDA),INDORE(DISTRICT COLLECTOR INDORE_IDA),Normal/Others,Normal/Others,429448.0,2025-07-14T00:00:00.000Z,2025.0,0.0,Tube well mining with Motor pump installation including recharge pit for public use Near Ahir Khedi kankad  Ward 79 Vidhansabha Rau District Indore,Tube well mining with Motor pump installation including recharge pit for public use Near Ahir Khedi kankad  Ward 79 Vidhansabha Rau District Indore,,Shankar Lalwani,,INDORE,Completed,429448,2025-07-14T00:00:00.000Z,,,,,,,,,,,,Drinking Water Supply,Public Health & Basic Amenities
179199.0,6a932bb5cd94452437a18529,Madhya Pradesh,Madhya Pradesh,INDORE,INDORE,INDORE(DISTRICT COLLECTOR INDORE_IDA),INDORE(DISTRICT COLLECTOR INDORE_IDA),Normal/Others,Normal/Others,451360.0,2025-08-20T00:00:00.000Z,2025.0,0.0,Tube well mining with Motor pump installation including recharge pit for public use in Silicon City Block B Infront of Kashi bakery Ward 79 Vidhansabha Rau District Indore,Tube well mining with Motor pump installation including recharge pit for public use in Silicon City Block B Infront of Kashi bakery Ward 79 Vidhansabha Rau District Indore,,Shankar Lalwani,,INDORE,Completed,451360,2025-08-20T00:00:00.000Z,,,,,,,,,,,,Drinking Water Supply,Public Health & Basic Amenities
179205.0,6a932bb5cd94452437a1870e,Madhya Pradesh,Madhya Pradesh,INDORE,INDORE,INDORE(DISTRICT COLLECTOR INDORE_IDA),INDORE(DISTRICT COLLECTOR INDORE_IDA),Normal/Others,Normal/Others,442431.0,2025-08-19T00:00:00.000Z,2025.0,0.0,Tube well mining with Motor pump installation including recharge pit for public use in ChitraKut Nagar near Lodha Samaj  Bhawan  Ward 74 Vidhansabha Rau District Indore,Tube well mining with Motor pump installation including recharge pit for public use in ChitraKut Nagar near Lodha Samaj  Bhawan  Ward 74 Vidhansabha Rau District Indore,,Shankar Lalwani,,INDORE,Completed,442431,2025-08-19T00:00:00.000Z,,,,,,,,,,,,Drinking Water Supply,Public Health & Basic Amenities
179213.0,6a932bb5cd94452437a19309,Madhya Pradesh,Madhya Pradesh,INDORE,INDORE,INDORE(DISTRICT COLLECTOR INDORE_IDA),INDORE(DISTRICT COLLECTOR INDORE_IDA),Normal/Others,Normal/Others,426040.0,2025-08-25T00:00:00.000Z,2025.0,0.0,Tube well mining with Motor pump installation including recharge pit for public use in  Ahilyapuri Colony Vinay Verma Street Ward 79 Vidhansabha Rau District Indore,Tube well mining with Motor pump installation including recharge pit for public use in  Ahilyapuri Colony Vinay Verma Street Ward 79 Vidhansabha Rau District Indore,,Shankar Lalwani,,INDORE,Completed,426040,2025-08-25T00:00:00.000Z,,,,,,,,,,,,Drinking Water Supply,Public Health & Basic Amenities
179349.0,6a932bb5cd94452437a1863f,Madhya Pradesh,Madhya Pradesh,INDORE,INDORE,INDORE(DISTRICT COLLECTOR INDORE_IDA),INDORE(DISTRICT COLLECTOR INDORE_IDA),Normal/Others,Normal/Others,160761.0,2025-06-13T00:00:00.000Z,2025.0,0.0,Providing GI Water Tanker Capacity 5500 Liter tyre 900X16 in Gp Solsinda VS Sanwer District Indore,Providing GI Water Tanker Capacity 5500 Liter tyre 900X16 in Gp Solsinda VS Sanwer District Indore,,Shankar Lalwani,,INDORE,Completed,160761,2025-06-13T00:00:00.000Z,,,,,,,,,,,,Drinking Water Supply,Public Health & Basic Amenities
179351.0,6a932bb5cd94452437a1863e,Madhya Pradesh,Madhya Pradesh,INDORE,INDORE,INDORE(DISTRICT COLLECTOR INDORE_IDA),INDORE(DISTRICT COLLECTOR INDORE_IDA),Normal/Others,Normal/Others,160761.0,2025-06-13T00:00:00.000Z,2025.0,0.0,Providing GI Water Tanker Capacity 5500 Liter tyre 900X16 in Gp  Darjikaradiya VS Sanwer District Indore,Providing GI Water Tanker Capacity 5500 Liter tyre 900X16 in Gp  Darjikaradiya VS Sanwer District Indore,,Shankar Lalwani,,INDORE,Completed,160761,2025-06-13T00:00:00.000Z,,,,,,,,,,,,Drinking Water Supply,Public Health & Basic Amenities
179353.0,6a932bb5cd94452437a18645,Madhya Pradesh,Madhya Pradesh,INDORE,INDORE,INDORE(DISTRICT COLLECTOR INDORE_IDA),INDORE(DISTRICT COLLECTOR INDORE_IDA),Normal/Others,Normal/Others,160761.0,2025-06-13T00:00:00.000Z,2025.0,0.0,Providing GI Water Tanker Capacity 5500 Liter tyre 900X16 in Gp Chander   VS Depalpur  District Indore,Providing GI Water Tanker Capacity 5500 Liter tyre 900X16 in Gp Chander   VS Depalpur  District Indore,,Shankar Lalwani,,INDORE,Completed,160761,2025-06-13T00:00:00.000Z,,,,,,,,,,,,Drinking Water Supply,Public Health & Basic Amenities
179355.0,6a932bb5cd94452437a18646,Madhya Pradesh,Madhya Pradesh,INDORE,INDORE,INDORE(DISTRICT COLLECTOR INDORE_IDA),INDORE(DISTRICT COLLECTOR INDORE_IDA),Normal/Others,Normal/Others,160761.0,2025-06-13T00:00:00.000Z,2025.0,0.0,Providing GI Water Tanker Capacity 5500 Liter tyre 900X16 in Gp Khatipiplya VS Depalpur District Indore,Providing GI Water Tanker Capacity 5500 Liter tyre 900X16 in Gp Khatipiplya VS Depalpur District Indore,,Shankar Lalwani,,INDORE,Completed,160761,2025-06-13T00:00:00.000Z,,,,,,,,,,,,Drinking Water Supply,Public Health & Basic Amenities
179357.0,6a932bb5cd94452437a18644,Madhya Pradesh,Madhya Pradesh,INDORE,INDORE,INDORE(DISTRICT COLLECTOR INDORE_IDA),INDORE(DISTRICT COLLECTOR INDORE_IDA),Normal/Others,Normal/Others,160761.0,2025-06-13T00:00:00.000Z,2025.0,0.0,Providing GI Water Tanker Capacity 5500 Liter tyre 900X16 in Gp Dudar Gram Jamgoda VS Depalpur District Indore,Providing GI Water Tanker Capacity 5500 Liter tyre 900X16 in Gp Dudar Gram Jamgoda VS Depalpur District Indore,,Shankar Lalwani,,INDORE,Completed,160761,2025-06-13T00:00:00.000Z,,,,,,,,,,,,Drinking Water Supply,Public Health & Basic Amenities
179376.0,6a932bb5cd94452437a18650,Madhya Pradesh,Madhya Pradesh,INDORE,INDORE,INDORE(DISTRICT COLLECTOR INDORE_IDA),INDORE(DISTRICT COLLECTOR INDORE_IDA),Normal/Others,Normal/Others,160761.0,2025-06-13T00:00:00.000Z,2025.0,0.0,Providing GI Water tanker Capacity 5500 Liter Tyre 900X16 in Ward 16  VS Indore-01 District Indore,Providing GI Water tanker Capacity 5500 Liter Tyre 900X16 in Ward 16  VS Indore-01 District Indore,,Shankar Lalwani,,INDORE,Completed,160761,2025-06-13T00:00:00.000Z,,,,,,,,,,,,Drinking Water Supply,Public Health & Basic Amenities
179567.0,6a932bb5cd94452437a17de2,Madhya Pradesh,Madhya Pradesh,KHARGONE,KHARGONE,BARWANI(DISTRICT COLLECTOR BADWANI_IDA),BARWANI(DISTRICT COLLECTOR BADWANI_IDA),Normal/Others,Normal/Others,166026.0,2026-05-13T00:00:00.000Z,2026.0,0.0,Purchase of mobile water tanker for village Piplaj,Purchase of mobile water tanker for village Piplaj,,Gajendra Singh Patel,,KHARGONE,Completed,166026,2026-05-13T00:00:00.000Z,,,,,,,,,,,,Drinking Water Supply,Public Health & Basic Amenities
179570.0,6a932bb5cd94452437a17de5,Madhya Pradesh,Madhya Pradesh,KHARGONE,KHARGONE,BARWANI(DISTRICT COLLECTOR BADWANI_IDA),BARWANI(DISTRICT COLLECTOR BADWANI_IDA),Normal/Others,Normal/Others,166026.0,2026-05-13T00:00:00.000Z,2026.0,0.0,Purchase of mobile water tanker for village Jalgone,Purchase of mobile water tanker for village Jalgone,,Gajendra Singh Patel,,KHARGONE,Completed,166026,2026-05-13T00:00:00.000Z,,,,,,,,,,,,Drinking Water Supply,Public Health & Basic Amenities
179798.0,6a932bb5cd94452437a17f55,Madhya Pradesh,Madhya Pradesh,CHHINDWARA,CHHINDWARA,CHHINDWARA(DISTRICT COLLECTOR CHHINDWARA_IDA),CHHINDWARA(DISTRICT COLLECTOR CHHINDWARA_IDA),Normal/Others,Normal/Others,100000.0,2025-11-03T00:00:00.000Z,2025.0,0.0,Construction Of Rungmanch At Chouki tola Kalathuni,Construction Of Rungmanch At Chouki tola Kalathuni,,BUNTY VIVEK SAHU,,CHHINDWARA,Completed,100000,2025-11-03T00:00:00.000Z,,,,,,,,,,,,Other Civil & Development Works,General Development & Maintenance
179857.0,6a932bb5cd94452437a17f54,Madhya Pradesh,Madhya Pradesh,CHHINDWARA,CHHINDWARA,CHHINDWARA(DISTRICT COLLECTOR CHHINDWARA_IDA),CHHINDWARA(DISTRICT COLLECTOR CHHINDWARA_IDA),Normal/Others,Normal/Others,150000.0,2026-02-06T00:00:00.000Z,2026.0,0.0,Construction Of Rungmanch At Devgarh,Construction Of Rungmanch At Devgarh,,BUNTY VIVEK SAHU,,CHHINDWARA,Completed,150000,2026-02-06T00:00:00.000Z,,,,,,,,,,,,Other Civil & Development Works,General Development & Maintenance
179866.0,6a932bb5cd94452437a1bab8,Madhya Pradesh,Madhya Pradesh,CHHINDWARA,CHHINDWARA,Pandhurna(District Collector Pandhurna_IDA),Pandhurna(District Collector Pandhurna_IDA),Normal/Others,Normal/Others,150000.0,2026-04-23T00:00:00.000Z,2026.0,0.0,Construction Of Rungmanch At Kamthi Kalan,Construction Of Rungmanch At Kamthi Kalan,,BUNTY VIVEK SAHU,,CHHINDWARA,Completed,150000,2026-04-23T00:00:00.000Z,,,,,,,,,,,,Other Civil & Development Works,General Development & Maintenance
179895.0,6a932bb5cd94452437a18514,Madhya Pradesh,Madhya Pradesh,RAJGARH,RAJGARH,RAJGARH(DISTRICT COLLECTOR RAJGARH_IDA),RAJGARH(DISTRICT COLLECTOR RAJGARH_IDA),Normal/Others,Normal/Others,166026.0,2025-06-06T00:00:00.000Z,2025.0,0.0,purchase mobile water tanker,purchase mobile water tanker,,Rodmal Nagar ,,RAJGARH,Completed,166026,2025-06-06T00:00:00.000Z,,,,,,,,,,,,Drinking Water Supply,Public Health & Basic Amenities
179897.0,6a932bb5cd94452437a18517,Madhya Pradesh,Madhya Pradesh,RAJGARH,RAJGARH,RAJGARH(DISTRICT COLLECTOR RAJGARH_IDA),RAJGARH(DISTRICT COLLECTOR RAJGARH_IDA),Normal/Others,Normal/Others,166026.0,2025-06-06T00:00:00.000Z,2025.0,0.0,purchase mobile water tanker,purchase mobile water tanker,,Rodmal Nagar ,,RAJGARH,Completed,166026,2025-06-06T00:00:00.000Z,,,,,,,,,,,,Drinking Water Supply,Public Health & Basic Amenities
179899.0,6a932bb5cd94452437a1851e,Madhya Pradesh,Madhya Pradesh,RAJGARH,RAJGARH,RAJGARH(DISTRICT COLLECTOR RAJGARH_IDA),RAJGARH(DISTRICT COLLECTOR RAJGARH_IDA),Normal/Others,Normal/Others,166026.0,2025-06-06T00:00:00.000Z,2025.0,0.0,purchase mobile water tanker,purchase mobile water tanker,,Rodmal Nagar ,,RAJGARH,Completed,166026,2025-06-06T00:00:00.000Z,,,,,,,,,,,,Drinking Water Supply,Public Health & Basic Amenities
179901.0,6a932bb5cd94452437a1851c,Madhya Pradesh,Madhya Pradesh,RAJGARH,RAJGARH,RAJGARH(DISTRICT COLLECTOR RAJGARH_IDA),RAJGARH(DISTRICT COLLECTOR RAJGARH_IDA),Normal/Others,Normal/Others,166026.0,2025-06-06T00:00:00.000Z,2025.0,0.0,purchase mobile water tanker,purchase mobile water tanker,,Rodmal Nagar ,,RAJGARH,Completed,166026,2025-06-06T00:00:00.000Z,,,,,,,,,,,,Drinking Water Supply,Public Health & Basic Amenities
179903.0,6a932bb5cd94452437a18519,Madhya Pradesh,Madhya Pradesh,RAJGARH,RAJGARH,RAJGARH(DISTRICT COLLECTOR RAJGARH_IDA),RAJGARH(DISTRICT COLLECTOR RAJGARH_IDA),Normal/Others,Normal/Others,166026.0,2025-06-06T00:00:00.000Z,2025.0,0.0,purchase mobile water tanker,purchase mobile water tanker,,Rodmal Nagar ,,RAJGARH,Completed,166026,2025-06-06T00:00:00.000Z,,,,,,,,,,,,Drinking Water Supply,Public Health & Basic Amenities
180158.0,6a932bb5cd94452437a17f21,Madhya Pradesh,Madhya Pradesh,CHHINDWARA,CHHINDWARA,CHHINDWARA(DISTRICT COLLECTOR CHHINDWARA_IDA),CHHINDWARA(DISTRICT COLLECTOR CHHINDWARA_IDA),Normal/Others,Normal/Others,50000.0,2026-01-30T00:00:00.000Z,2026.0,0.0,Construction Of Rungmanch At Shivpuri Road Near wood Depo Sarna,Construction Of Rungmanch At Shivpuri Road Near wood Depo Sarna,,BUNTY VIVEK SAHU,,CHHINDWARA,Completed,50000,2026-01-30T00:00:00.000Z,,,,,,,,,,,,Roads & Pathways,Physical Infrastructure
180361.0,6a932bb5cd94452437a1b495,Madhya Pradesh,Madhya Pradesh,BALAGHAT,BALAGHAT,BALAGHAT(DISTRICT COLLECTOR BALAGHAT_IDA),BALAGHAT(DISTRICT COLLECTOR BALAGHAT_IDA),Normal/Others,Normal/Others,247537.0,2025-11-12T00:00:00.000Z,2025.0,0.0,PRAKASH VYAVSTHA HETU HIGH MASK LIGHT GRAM ATRI BLOCK LALBURRA MEN,PRAKASH VYAVSTHA HETU HIGH MASK LIGHT GRAM ATRI BLOCK LALBURRA MEN,,BHARTI PARDHI,,BALAGHAT,Completed,247537,2025-11-12T00:00:00.000Z,,,,,,,,,,,,"Electricity, Lighting & Solar Energy",Physical Infrastructure
180363.0,6a932bb5cd94452437a1b49a,Madhya Pradesh,Madhya Pradesh,BALAGHAT,BALAGHAT,BALAGHAT(DISTRICT COLLECTOR BALAGHAT_IDA),BALAGHAT(DISTRICT COLLECTOR BALAGHAT_IDA),Normal/Others,Normal/Others,247537.0,2025-11-12T00:00:00.000Z,2025.0,0.0,PRAKASH VYAVSTHA HETU HIGH MASK LIGHT GRAM SATONA BLOCK KHAIRLANJI,PRAKASH VYAVSTHA HETU HIGH MASK LIGHT GRAM SATONA BLOCK KHAIRLANJI,,BHARTI PARDHI,,BALAGHAT,Completed,247537,2025-11-12T00:00:00.000Z,,,,,,,,,,,,"Electricity, Lighting & Solar Energy",Physical Infrastructure
180365.0,6a932bb5cd94452437a1b49d,Madhya Pradesh,Madhya Pradesh,BALAGHAT,BALAGHAT,BALAGHAT(DISTRICT COLLECTOR BALAGHAT_IDA),BALAGHAT(DISTRICT COLLECTOR BALAGHAT_IDA),Normal/Others,Normal/Others,247537.0,2025-11-12T00:00:00.000Z,2025.0,0.0,PRAKASH VYAVSTHA HETU HIGH MASK LIGHT GRAM ATRI BLOCK BALAGHAT,PRAKASH VYAVSTHA HETU HIGH MASK LIGHT GRAM ATRI BLOCK BALAGHAT,,BHARTI PARDHI,,BALAGHAT,Completed,247537,2025-11-12T00:00:00.000Z,,,,,,,,,,,,"Electricity, Lighting & Solar Energy",Physical Infrastructure
180367.0,6a932bb5cd94452437a1b4a1,Madhya Pradesh,Madhya Pradesh,BALAGHAT,BALAGHAT,BALAGHAT(DISTRICT COLLECTOR BALAGHAT_IDA),BALAGHAT(DISTRICT COLLECTOR BALAGHAT_IDA),Normal/Others,Normal/Others,247537.0,2025-11-12T00:00:00.000Z,2025.0,0.0,PRAKASH VYAVSTHA HETU HIGH MASK LIGHT GRAM NEWARGAON BLOCK BALAGHAT,PRAKASH VYAVSTHA HETU HIGH MASK LIGHT GRAM NEWARGAON BLOCK BALAGHAT,,BHARTI PARDHI,,BALAGHAT,Completed,247537,2025-11-12T00:00:00.000Z,,,,,,,,,,,,"Electricity, Lighting & Solar Energy",Physical Infrastructure
180370.0,6a932bb5cd94452437a1b4a3,Madhya Pradesh,Madhya Pradesh,BALAGHAT,BALAGHAT,BALAGHAT(DISTRICT COLLECTOR BALAGHAT_IDA),BALAGHAT(DISTRICT COLLECTOR BALAGHAT_IDA),Normal/Others,Normal/Others,247537.0,2025-11-12T00:00:00.000Z,2025.0,0.0,PRAKASH VYAVSTHA HETU HIGH MASK LIGHT GRAM GHOTI BLOCK LALBURRA,PRAKASH VYAVSTHA HETU HIGH MASK LIGHT GRAM GHOTI BLOCK LALBURRA,,BHARTI PARDHI,,BALAGHAT,Completed,247537,2025-11-12T00:00:00.000Z,,,,,,,,,,,,"Electricity, Lighting & Solar Energy",Physical Infrastructure
180372.0,6a932bb5cd94452437a1b4a5,Madhya Pradesh,Madhya Pradesh,BALAGHAT,BALAGHAT,BALAGHAT(DISTRICT COLLECTOR BALAGHAT_IDA),BALAGHAT(DISTRICT COLLECTOR BALAGHAT_IDA),Normal/Others,Normal/Others,247537.0,2025-11-12T00:00:00.000Z,2025.0,0.0,PRAKASH VYAVSTHA HETU HIGH MASK LIGHT GRAM NAITRA BLOCK  LALBURRA,PRAKASH VYAVSTHA HETU HIGH MASK LIGHT GRAM NAITRA BLOCK  LALBURRA,,BHARTI PARDHI,,BALAGHAT,Completed,247537,2025-11-12T00:00:00.000Z,,,,,,,,,,,,"Electricity, Lighting & Solar Energy",Physical Infrastructure
180375.0,6a932bb5cd94452437a1b4a7,Madhya Pradesh,Madhya Pradesh,BALAGHAT,BALAGHAT,BALAGHAT(DISTRICT COLLECTOR BALAGHAT_IDA),BALAGHAT(DISTRICT COLLECTOR BALAGHAT_IDA),Normal/Others,Normal/Others,247537.0,2025-11-12T00:00:00.000Z,2025.0,0.0,PRAKASH VYAVSTHA HETU HIGH MASK LIGHT GRAM KHAMARIYA BLOCK LALBURRA,PRAKASH VYAVSTHA HETU HIGH MASK LIGHT GRAM KHAMARIYA BLOCK LALBURRA,,BHARTI PARDHI,,BALAGHAT,Completed,247537,2025-11-12T00:00:00.000Z,,,,,,,,,,,,"Electricity, Lighting & Solar Energy",Physical Infrastructure
180384.0,6a932bb5cd94452437a1b4ab,Madhya Pradesh,Madhya Pradesh,BALAGHAT,BALAGHAT,BALAGHAT(DISTRICT COLLECTOR BALAGHAT_IDA),BALAGHAT(DISTRICT COLLECTOR BALAGHAT_IDA),Normal/Others,Normal/Others,247537.0,2025-11-12T00:00:00.000Z,2025.0,0.0,PRAKASH VYAVSTHA HETU HIGH MASK LIGHT GRAM BORI (BLOCK LALBURRA),PRAKASH VYAVSTHA HETU HIGH MASK LIGHT GRAM BORI (BLOCK LALBURRA),,BHARTI PARDHI,,BALAGHAT,Completed,247537,2025-11-12T00:00:00.000Z,,,,,,,,,,,,"Electricity, Lighting & Solar Energy",Physical Infrastructure
180386.0,6a932bb5cd94452437a1b4af,Madhya Pradesh,Madhya Pradesh,BALAGHAT,BALAGHAT,BALAGHAT(DISTRICT COLLECTOR BALAGHAT_IDA),BALAGHAT(DISTRICT COLLECTOR BALAGHAT_IDA),Normal/Others,Normal/Others,247537.0,2025-11-12T00:00:00.000Z,2025.0,0.0,PRAKASH VYAVSTHA HETU HIGH MASK LIGHT GRAM DONGARGAON BLOCK WARASEONI,PRAKASH VYAVSTHA HETU HIGH MASK LIGHT GRAM DONGARGAON BLOCK WARASEONI,,BHARTI PARDHI,,BALAGHAT,Completed,247537,2025-11-12T00:00:00.000Z,,,,,,,,,,,,"Electricity, Lighting & Solar Energy",Physical Infrastructure
180388.0,6a932bb5cd94452437a18537,Madhya Pradesh,Madhya Pradesh,BALAGHAT,BALAGHAT,BALAGHAT(DISTRICT COLLECTOR BALAGHAT_IDA),BALAGHAT(DISTRICT COLLECTOR BALAGHAT_IDA),Normal/Others,Normal/Others,190546.0,2025-06-10T00:00:00.000Z,2025.0,0.0,GI WATER TANKER MOUNTED ON TWO WHEEL TRACTOR TRAILER CAPACITY 5000 LITER WITH FIRE FIGHTING PUMP AND 900 16 NEW TYRE,GI WATER TANKER MOUNTED ON TWO WHEEL TRACTOR TRAILER CAPACITY 5000 LITER WITH FIRE FIGHTING PUMP AND 900 16 NEW TYRE,,BHARTI PARDHI,,BALAGHAT,Completed,190546,2025-06-10T00:00:00.000Z,,,,,,,,,,,,Drinking Water Supply,Public Health & Basic Amenities
180391.0,6a932bb5cd94452437a1818c,Madhya Pradesh,Madhya Pradesh,BALAGHAT,BALAGHAT,BALAGHAT(DISTRICT COLLECTOR BALAGHAT_IDA),BALAGHAT(DISTRICT COLLECTOR BALAGHAT_IDA),Normal/Others,Normal/Others,190546.0,2025-05-22T00:00:00.000Z,2025.0,0.0,GI WATER TANKER MOUNTED ON TWO WHEEL TRACTOR TRAILER CAPACITY 5000 LITER WITH FIRE FIGHTING PUMP AND 900 16 NEW TYRE,GI WATER TANKER MOUNTED ON TWO WHEEL TRACTOR TRAILER CAPACITY 5000 LITER WITH FIRE FIGHTING PUMP AND 900 16 NEW TYRE,,BHARTI PARDHI,,BALAGHAT,Completed,190546,2025-05-22T00:00:00.000Z,,,,,,,,,,,,Drinking Water Supply,Public Health & Basic Amenities
180394.0,6a932bb5cd94452437a1818d,Madhya Pradesh,Madhya Pradesh,BALAGHAT,BALAGHAT,BALAGHAT(DISTRICT COLLECTOR BALAGHAT_IDA),BALAGHAT(DISTRICT COLLECTOR BALAGHAT_IDA),Normal/Others,Normal/Others,190546.0,2025-05-22T00:00:00.000Z,2025.0,0.0,GI WATER TANKER MOUNTED ON TWO WHEEL TRACTOR TRAILER CAPACITY 5000 LITER WITH FIRE FIGHTING PUMP AND 900 16 NEW TYRE,GI WATER TANKER MOUNTED ON TWO WHEEL TRACTOR TRAILER CAPACITY 5000 LITER WITH FIRE FIGHTING PUMP AND 900 16 NEW TYRE,,BHARTI PARDHI,,BALAGHAT,Completed,190546,2025-05-22T00:00:00.000Z,,,,,,,,,,,,Drinking Water Supply,Public Health & Basic Amenities
180396.0,6a932bb5cd94452437a1852d,Madhya Pradesh,Madhya Pradesh,BALAGHAT,BALAGHAT,BALAGHAT(DISTRICT COLLECTOR BALAGHAT_IDA),BALAGHAT(DISTRICT COLLECTOR BALAGHAT_IDA),Normal/Others,Normal/Others,190546.0,2025-06-10T00:00:00.000Z,2025.0,0.0,GI WATER TANKER MOUNTED ON TWO WHEEL TRACTOR TRAILER CAPACITY 5000 LITER WITH FIRE FIGHTING PUMP AND 900 16 NEW TYRE,GI WATER TANKER MOUNTED ON TWO WHEEL TRACTOR TRAILER CAPACITY 5000 LITER WITH FIRE FIGHTING PUMP AND 900 16 NEW TYRE,,BHARTI PARDHI,,BALAGHAT,Completed,190546,2025-06-10T00:00:00.000Z,,,,,,,,,,,,Drinking Water Supply,Public Health & Basic Amenities
180399.0,6a932bb5cd94452437a1852f,Madhya Pradesh,Madhya Pradesh,BALAGHAT,BALAGHAT,BALAGHAT(DISTRICT COLLECTOR BALAGHAT_IDA),BALAGHAT(DISTRICT COLLECTOR BALAGHAT_IDA),Normal/Others,Normal/Others,190546.0,2025-06-10T00:00:00.000Z,2025.0,0.0,GI WATER TANKER MOUNTED ON TWO WHEEL TRACTOR TRAILER CAPACITY 5000 LITER WITH FIRE FIGHTING PUMP AND 900 16 NEW TYRE,GI WATER TANKER MOUNTED ON TWO WHEEL TRACTOR TRAILER CAPACITY 5000 LITER WITH FIRE FIGHTING PUMP AND 900 16 NEW TYRE,,BHARTI PARDHI,,BALAGHAT,Completed,190546,2025-06-10T00:00:00.000Z,,,,,,,,,,,,Drinking Water Supply,Public Health & Basic Amenities
180402.0,6a932bb5cd94452437a18535,Madhya Pradesh,Madhya Pradesh,BALAGHAT,BALAGHAT,BALAGHAT(DISTRICT COLLECTOR BALAGHAT_IDA),BALAGHAT(DISTRICT COLLECTOR BALAGHAT_IDA),Normal/Others,Normal/Others,190546.0,2025-06-10T00:00:00.000Z,2025.0,0.0,GI WATER TANKER MOUNTED ON TWO WHEEL TRACTOR TRAILER CAPACITY 5000 LITER WITH FIRE FIGHTING PUMP AND 900 16 NEW TYRE AT GRAM RAJPUR RYT,GI WATER TANKER MOUNTED ON TWO WHEEL TRACTOR TRAILER CAPACITY 5000 LITER WITH FIRE FIGHTING PUMP AND 900 16 NEW TYRE AT GRAM RAJPUR RYT,,BHARTI PARDHI,,BALAGHAT,Completed,190546,2025-06-10T00:00:00.000Z,,,,,,,,,,,,Drinking Water Supply,Public Health & Basic Amenities
180405.0,6a932bb5cd94452437a181a3,Madhya Pradesh,Madhya Pradesh,BALAGHAT,BALAGHAT,BALAGHAT(DISTRICT COLLECTOR BALAGHAT_IDA),BALAGHAT(DISTRICT COLLECTOR BALAGHAT_IDA),Normal/Others,Normal/Others,190546.0,2025-05-22T00:00:00.000Z,2025.0,0.0,GI WATER TANKER MOUNTED ON TWO WHEEL TRACTOR TRAILER CAPACITY 5000 LITER WITH FIRE FIGHTING PUMP AND 900 16 NEW TYRE GRAM PANCHYAT PATHARGAON,GI WATER TANKER MOUNTED ON TWO WHEEL TRACTOR TRAILER CAPACITY 5000 LITER WITH FIRE FIGHTING PUMP AND 900 16 NEW TYRE GRAM PANCHYAT PATHARGAON,,BHARTI PARDHI,,BALAGHAT,Completed,190546,2025-05-22T00:00:00.000Z,,,,,,,,,,,,Drinking Water Supply,Public Health & Basic Amenities
180408.0,6a932bb5cd94452437a18199,Madhya Pradesh,Madhya Pradesh,BALAGHAT,BALAGHAT,BALAGHAT(DISTRICT COLLECTOR BALAGHAT_IDA),BALAGHAT(DISTRICT COLLECTOR BALAGHAT_IDA),Normal/Others,Normal/Others,190546.0,2025-05-22T00:00:00.000Z,2025.0,0.0,GI WATER TANKER MOUNTED ON TWO WHEEL TRACTOR TRAILER CAPACITY 5000 LITER WITH FIRE FIGHTING PUMP AND 900 16 NEW TYRE AT VILLAGE BENEGAON,GI WATER TANKER MOUNTED ON TWO WHEEL TRACTOR TRAILER CAPACITY 5000 LITER WITH FIRE FIGHTING PUMP AND 900 16 NEW TYRE AT VILLAGE BENEGAON,,BHARTI PARDHI,,BALAGHAT,Completed,190546,2025-05-22T00:00:00.000Z,,,,,,,,,,,,Drinking Water Supply,Public Health & Basic Amenities
180410.0,6a932bb5cd94452437a18198,Madhya Pradesh,Madhya Pradesh,BALAGHAT,BALAGHAT,BALAGHAT(DISTRICT COLLECTOR BALAGHAT_IDA),BALAGHAT(DISTRICT COLLECTOR BALAGHAT_IDA),Normal/Others,Normal/Others,190546.0,2025-05-22T00:00:00.000Z,2025.0,0.0,GI WATER TANKER MOUNTED ON TWO WHEEL TRACTOR TRAILER CAPACITY 5000 LITER WITH FIRE FIGHTING PUMP AND 900 16 NEW TYRE,GI WATER TANKER MOUNTED ON TWO WHEEL TRACTOR TRAILER CAPACITY 5000 LITER WITH FIRE FIGHTING PUMP AND 900 16 NEW TYRE,,BHARTI PARDHI,,BALAGHAT,Completed,190546,2025-05-22T00:00:00.000Z,,,,,,,,,,,,Drinking Water Supply,Public Health & Basic Amenities
180413.0,6a932bb5cd94452437a1819a,Madhya Pradesh,Madhya Pradesh,BALAGHAT,BALAGHAT,BALAGHAT(DISTRICT COLLECTOR BALAGHAT_IDA),BALAGHAT(DISTRICT COLLECTOR BALAGHAT_IDA),Normal/Others,Normal/Others,190546.0,2025-05-22T00:00:00.000Z,2025.0,0.0,GI WATER TANKER MOUNTED ON TWO WHEEL TRACTOR TRAILER CAPACITY 5000 LITER WITH FIRE FIGHTING PUMP AND 900 16 NEW TYRE AT VILLAGE GHOTI,GI WATER TANKER MOUNTED ON TWO WHEEL TRACTOR TRAILER CAPACITY 5000 LITER WITH FIRE FIGHTING PUMP AND 900 16 NEW TYRE AT VILLAGE GHOTI,,BHARTI PARDHI,,BALAGHAT,Completed,190546,2025-05-22T00:00:00.000Z,,,,,,,,,,,,Drinking Water Supply,Public Health & Basic Amenities
180418.0,6a932bb5cd94452437a19714,Madhya Pradesh,Madhya Pradesh,BALAGHAT,BALAGHAT,BALAGHAT(DISTRICT COLLECTOR BALAGHAT_IDA),BALAGHAT(DISTRICT COLLECTOR BALAGHAT_IDA),Normal/Others,Normal/Others,269850.0,2025-08-08T00:00:00.000Z,2025.0,0.0,YATRI PRATIKSHALAYA PRE BUS SELTER MODEL 4 WITH TWO 16 WATT LED SOLAR LIGHT,YATRI PRATIKSHALAYA PRE BUS SELTER MODEL 4 WITH TWO 16 WATT LED SOLAR LIGHT,,BHARTI PARDHI,,BALAGHAT,Completed,269850,2025-08-08T00:00:00.000Z,,,,,,,,,,,,"Electricity, Lighting & Solar Energy",Physical Infrastructure
180420.0,6a932bb5cd94452437a19727,Madhya Pradesh,Madhya Pradesh,BALAGHAT,BALAGHAT,BALAGHAT(DISTRICT COLLECTOR BALAGHAT_IDA),BALAGHAT(DISTRICT COLLECTOR BALAGHAT_IDA),Normal/Others,Normal/Others,269850.0,2025-08-08T00:00:00.000Z,2025.0,0.0,YATRI PRATIKSHALAYA PRE BUS SELTER MODEL 4 WITH TWO 16 WATT LED SOLAR LIGHT,YATRI PRATIKSHALAYA PRE BUS SELTER MODEL 4 WITH TWO 16 WATT LED SOLAR LIGHT,,BHARTI PARDHI,,BALAGHAT,Completed,269850,2025-08-08T00:00:00.000Z,,,,,,,,,,,,"Electricity, Lighting & Solar Energy",Physical Infrastructure
180422.0,6a932bb5cd94452437a1972a,Madhya Pradesh,Madhya Pradesh,BALAGHAT,BALAGHAT,BALAGHAT(DISTRICT COLLECTOR BALAGHAT_IDA),BALAGHAT(DISTRICT COLLECTOR BALAGHAT_IDA),Normal/Others,Normal/Others,269850.0,2025-08-08T00:00:00.000Z,2025.0,0.0,YATRI PRATIKSHALAYA PRE BUS SELTER MODEL 4 WITH TWO 16 WATT LED SOLAR LIGHT,YATRI PRATIKSHALAYA PRE BUS SELTER MODEL 4 WITH TWO 16 WATT LED SOLAR LIGHT,,BHARTI PARDHI,,BALAGHAT,Completed,269850,2025-08-08T00:00:00.000Z,,,,,,,,,,,,"Electricity, Lighting & Solar Energy",Physical Infrastructure
180424.0,6a932bb5cd94452437a19733,Madhya Pradesh,Madhya Pradesh,BALAGHAT,BALAGHAT,BALAGHAT(DISTRICT COLLECTOR BALAGHAT_IDA),BALAGHAT(DISTRICT COLLECTOR BALAGHAT_IDA),Normal/Others,Normal/Others,269850.0,2025-08-08T00:00:00.000Z,2025.0,0.0,YATRI PRATIKSHALAYA PRE BUS SELTER MODEL 4 WITH TWO 16 WATT LED SOLAR LIGHT,YATRI PRATIKSHALAYA PRE BUS SELTER MODEL 4 WITH TWO 16 WATT LED SOLAR LIGHT,,BHARTI PARDHI,,BALAGHAT,Completed,269850,2025-08-08T00:00:00.000Z,,,,,,,,,,,,"Electricity, Lighting & Solar Energy",Physical Infrastructure
180439.0,6a932bb5cd94452437a180d3,Madhya Pradesh,Madhya Pradesh,BALAGHAT,BALAGHAT,BALAGHAT(DISTRICT COLLECTOR BALAGHAT_IDA),BALAGHAT(DISTRICT COLLECTOR BALAGHAT_IDA),Normal/Others,Normal/Others,2499950.0,2026-03-18T00:00:00.000Z,2026.0,0.0,DADKASA MEIN BIJJHOLA NALA CHUIDODA MEIN STOP DAM NIRMAN KARYA,DADKASA MEIN BIJJHOLA NALA CHUIDODA MEIN STOP DAM NIRMAN KARYA,,BHARTI PARDHI,,BALAGHAT,Completed,2499950,2026-03-18T00:00:00.000Z,,,,,,,,,,,,Other Civil & Development Works,General Development & Maintenance
180441.0,6a932bb5cd94452437a18283,Madhya Pradesh,Madhya Pradesh,BALAGHAT,BALAGHAT,BALAGHAT(DISTRICT COLLECTOR BALAGHAT_IDA),BALAGHAT(DISTRICT COLLECTOR BALAGHAT_IDA),Normal/Others,Normal/Others,2499945.0,2026-04-08T00:00:00.000Z,2026.0,0.0,NH 30 SE JANGALI KHEDA MARG PAR SLAB PILIYA NIRMAN KARYA,NH 30 SE JANGALI KHEDA MARG PAR SLAB PILIYA NIRMAN KARYA,,BHARTI PARDHI,,BALAGHAT,Completed,2499945,2026-04-08T00:00:00.000Z,,,,,,,,,,,,Other Civil & Development Works,General Development & Maintenance
180443.0,6a932bb5cd94452437a1827f,Madhya Pradesh,Madhya Pradesh,BALAGHAT,BALAGHAT,BALAGHAT(DISTRICT COLLECTOR BALAGHAT_IDA),BALAGHAT(DISTRICT COLLECTOR BALAGHAT_IDA),Normal/Others,Normal/Others,2499909.0,2026-05-13T00:00:00.000Z,2026.0,0.0,MOHRAI SE JHIMRATOLA MARG PAR SLAB PULIYA NIRMAN KARYA,MOHRAI SE JHIMRATOLA MARG PAR SLAB PULIYA NIRMAN KARYA,,BHARTI PARDHI,,BALAGHAT,Completed,2499909,2026-05-13T00:00:00.000Z,,,,,,,,,,,,Other Civil & Development Works,General Development & Maintenance
180499.0,6a932bb5cd94452437a18458,Madhya Pradesh,Madhya Pradesh,CHHINDWARA,CHHINDWARA,CHHINDWARA(DISTRICT COLLECTOR CHHINDWARA_IDA),CHHINDWARA(DISTRICT COLLECTOR CHHINDWARA_IDA),Normal/Others,Normal/Others,125000.0,2025-06-11T00:00:00.000Z,2025.0,0.0,Purchase Water Tanker GP Salaiya Bulaki,Purchase Water Tanker GP Salaiya Bulaki,,BUNTY VIVEK SAHU,,CHHINDWARA,Completed,125000,2025-06-11T00:00:00.000Z,,,,,,,,,,,,Drinking Water Supply,Public Health & Basic Amenities
180501.0,6a932bb5cd94452437a18456,Madhya Pradesh,Madhya Pradesh,CHHINDWARA,CHHINDWARA,CHHINDWARA(DISTRICT COLLECTOR CHHINDWARA_IDA),CHHINDWARA(DISTRICT COLLECTOR CHHINDWARA_IDA),Normal/Others,Normal/Others,125000.0,2025-06-09T00:00:00.000Z,2025.0,0.0,Purchase Water Tanker GP Sukhapura,Purchase Water Tanker GP Sukhapura,,BUNTY VIVEK SAHU,,CHHINDWARA,Completed,125000,2025-06-09T00:00:00.000Z,,,,,,,,,,,,Drinking Water Supply,Public Health & Basic Amenities
180503.0,6a932bb5cd94452437a180c2,Madhya Pradesh,Madhya Pradesh,CHHINDWARA,CHHINDWARA,CHHINDWARA(DISTRICT COLLECTOR CHHINDWARA_IDA),CHHINDWARA(DISTRICT COLLECTOR CHHINDWARA_IDA),Normal/Others,Normal/Others,125000.0,2025-05-14T00:00:00.000Z,2025.0,0.0,Purchase Water Tanker GP Badela,Purchase Water Tanker GP Badela,,BUNTY VIVEK SAHU,,CHHINDWARA,Completed,125000,2025-05-14T00:00:00.000Z,,,,,,,,,,,,Drinking Water Supply,Public Health & Basic Amenities
180516.0,6a932bb5cd94452437a17f52,Madhya Pradesh,Madhya Pradesh,CHHINDWARA,CHHINDWARA,CHHINDWARA(DISTRICT COLLECTOR CHHINDWARA_IDA),CHHINDWARA(DISTRICT COLLECTOR CHHINDWARA_IDA),Normal/Others,Normal/Others,125000.0,2025-05-06T00:00:00.000Z,2025.0,0.0,Purchase Water Tanker GP Belkheda,Purchase Water Tanker GP Belkheda,,BUNTY VIVEK SAHU,,CHHINDWARA,Completed,125000,2025-05-06T00:00:00.000Z,,,,,,,,,,,,Drinking Water Supply,Public Health & Basic Amenities
180518.0,6a932bb5cd94452437a180c3,Madhya Pradesh,Madhya Pradesh,CHHINDWARA,CHHINDWARA,CHHINDWARA(DISTRICT COLLECTOR CHHINDWARA_IDA),CHHINDWARA(DISTRICT COLLECTOR CHHINDWARA_IDA),Normal/Others,Normal/Others,125000.0,2025-05-14T00:00:00.000Z,2025.0,0.0,Purchase Water Tanker GP Nandanwadi,Purchase Water Tanker GP Nandanwadi,,BUNTY VIVEK SAHU,,CHHINDWARA,Completed,125000,2025-05-14T00:00:00.000Z,,,,,,,,,,,,Drinking Water Supply,Public Health & Basic Amenities
180520.0,6a932bb5cd94452437a184a1,Madhya Pradesh,Madhya Pradesh,CHHINDWARA,CHHINDWARA,CHHINDWARA(DISTRICT COLLECTOR CHHINDWARA_IDA),CHHINDWARA(DISTRICT COLLECTOR CHHINDWARA_IDA),Normal/Others,Normal/Others,125000.0,2025-06-09T00:00:00.000Z,2025.0,0.0,Purchase Water Tanker GP Ghoghri,Purchase Water Tanker GP Ghoghri,,BUNTY VIVEK SAHU,,CHHINDWARA,Completed,125000,2025-06-09T00:00:00.000Z,,,,,,,,,,,,Drinking Water Supply,Public Health & Basic Amenities
180537.0,6a932bb5cd94452437a17bdf,Madhya Pradesh,Madhya Pradesh,CHHINDWARA,CHHINDWARA,CHHINDWARA(DISTRICT COLLECTOR CHHINDWARA_IDA),CHHINDWARA(DISTRICT COLLECTOR CHHINDWARA_IDA),Normal/Others,Normal/Others,50000.0,2026-01-24T00:00:00.000Z,2026.0,0.0,Construction Of Rung Manch Mandangarh,Construction Of Rung Manch Mandangarh,,BUNTY VIVEK SAHU,,CHHINDWARA,Completed,50000,2026-01-24T00:00:00.000Z,,,,,,,,,,,,Other Civil & Development Works,General Development & Maintenance
180544.0,6a932bb5cd94452437a197ad,Madhya Pradesh,Madhya Pradesh,CHHINDWARA,CHHINDWARA,CHHINDWARA(DISTRICT COLLECTOR CHHINDWARA_IDA),CHHINDWARA(DISTRICT COLLECTOR CHHINDWARA_IDA),Normal/Others,Normal/Others,125000.0,2025-08-13T00:00:00.000Z,2025.0,0.0,Dirinking Water Tanker For All Wards Amarwara NP 1 NOS,Dirinking Water Tanker For All Wards Amarwara NP 1 NOS,,BUNTY VIVEK SAHU,,CHHINDWARA,Completed,125000,2025-08-13T00:00:00.000Z,,,,,,,,,,,,Drinking Water Supply,Public Health & Basic Amenities
180951.0,6a932bb5cd94452437a19bf2,Madhya Pradesh,Madhya Pradesh,KHANDWA,KHANDWA,Khandwa (East Nimar)(DISTRICT COLLECTOR EAST NIMAR_IDA),Khandwa (East Nimar)(DISTRICT COLLECTOR EAST NIMAR_IDA),Normal/Others,Normal/Others,361248.0,2025-08-26T00:00:00.000Z,2025.0,0.0,8 solar street lights,8 solar street lights,,Gyaneshwar Patil,,KHANDWA,Completed,361248,2025-08-26T00:00:00.000Z,,,,,,,,,,,,"Electricity, Lighting & Solar Energy",Physical Infrastructure
180953.0,6a932bb5cd94452437a19bf1,Madhya Pradesh,Madhya Pradesh,KHANDWA,KHANDWA,Khandwa (East Nimar)(DISTRICT COLLECTOR EAST NIMAR_IDA),Khandwa (East Nimar)(DISTRICT COLLECTOR EAST NIMAR_IDA),Normal/Others,Normal/Others,361248.0,2025-08-26T00:00:00.000Z,2025.0,0.0,8 solar street lights,8 solar street lights,,Gyaneshwar Patil,,KHANDWA,Completed,361248,2025-08-26T00:00:00.000Z,,,,,,,,,,,,"Electricity, Lighting & Solar Energy",Physical Infrastructure
180955.0,6a932bb5cd94452437a19bf6,Madhya Pradesh,Madhya Pradesh,KHANDWA,KHANDWA,Khandwa (East Nimar)(DISTRICT COLLECTOR EAST NIMAR_IDA),Khandwa (East Nimar)(DISTRICT COLLECTOR EAST NIMAR_IDA),Normal/Others,Normal/Others,541872.0,2025-08-26T00:00:00.000Z,2025.0,0.0,12 solar street lights,12 solar street lights,,Gyaneshwar Patil,,KHANDWA,Completed,541872,2025-08-26T00:00:00.000Z,,,,,,,,,,,,"Electricity, Lighting & Solar Energy",Physical Infrastructure
181108.0,6a932bb5cd94452437a19215,Madhya Pradesh,Madhya Pradesh,SHAHDOL,SHAHDOL,ANUPPUR(DISTRICT COLLECTOR ANUPPUR_IDA),ANUPPUR(DISTRICT COLLECTOR ANUPPUR_IDA),Normal/Others,Normal/Others,198723.0,2025-12-11T00:00:00.000Z,2025.0,0.0,"G.I. coated water tanker capacity 5000 liter fire fighter pump. Implementing Agency - Manager, M.P. Agro Industries development corporation limited.","G.I. coated water tanker capacity 5000 liter fire fighter pump. Implementing Agency - Manager, M.P. Agro Industries development corporation limited.",,Smt Himadri Singh,,SHAHDOL,Completed,198723,2025-12-11T00:00:00.000Z,,,,,,,,,,,,Drinking Water Supply,Public Health & Basic Amenities
181110.0,6a932bb5cd94452437a1921c,Madhya Pradesh,Madhya Pradesh,SHAHDOL,SHAHDOL,ANUPPUR(DISTRICT COLLECTOR ANUPPUR_IDA),ANUPPUR(DISTRICT COLLECTOR ANUPPUR_IDA),Normal/Others,Normal/Others,198723.0,2025-12-11T00:00:00.000Z,2025.0,0.0,"G.I. coated water tanker capacity 5000 liter fire fighter pump. Implementing Agency - Manager, M.P. Agro Industries development corporation limited.","G.I. coated water tanker capacity 5000 liter fire fighter pump. Implementing Agency - Manager, M.P. Agro Industries development corporation limited.",,Smt Himadri Singh,,SHAHDOL,Completed,198723,2025-12-11T00:00:00.000Z,,,,,,,,,,,,Drinking Water Supply,Public Health & Basic Amenities
181112.0,6a932bb5cd94452437a1921a,Madhya Pradesh,Madhya Pradesh,SHAHDOL,SHAHDOL,ANUPPUR(DISTRICT COLLECTOR ANUPPUR_IDA),ANUPPUR(DISTRICT COLLECTOR ANUPPUR_IDA),Normal/Others,Normal/Others,198723.0,2025-12-11T00:00:00.000Z,2025.0,0.0,"G.I. coated water tanker capacity 5000 liter fire fighter pump. Implementing Agency - Manager, M.P. Agro Industries development corporation limited.","G.I. coated water tanker capacity 5000 liter fire fighter pump. Implementing Agency - Manager, M.P. Agro Industries development corporation limited.",,Smt Himadri Singh,,SHAHDOL,Completed,198723,2025-12-11T00:00:00.000Z,,,,,,,,,,,,Drinking Water Supply,Public Health & Basic Amenities
181114.0,6a932bb5cd94452437a19218,Madhya Pradesh,Madhya Pradesh,SHAHDOL,SHAHDOL,ANUPPUR(DISTRICT COLLECTOR ANUPPUR_IDA),ANUPPUR(DISTRICT COLLECTOR ANUPPUR_IDA),Normal/Others,Normal/Others,198723.0,2025-12-11T00:00:00.000Z,2025.0,0.0,"G.I. coated water tanker capacity 5000 liter fire fighter pump. Implementing Agency - Manager, M.P. Agro Industries development corporation limited.","G.I. coated water tanker capacity 5000 liter fire fighter pump. Implementing Agency - Manager, M.P. Agro Industries development corporation limited.",,Smt Himadri Singh,,SHAHDOL,Completed,198723,2025-12-11T00:00:00.000Z,,,,,,,,,,,,Drinking Water Supply,Public Health & Basic Amenities
181116.0,6a932bb5cd94452437a19216,Madhya Pradesh,Madhya Pradesh,SHAHDOL,SHAHDOL,ANUPPUR(DISTRICT COLLECTOR ANUPPUR_IDA),ANUPPUR(DISTRICT COLLECTOR ANUPPUR_IDA),Normal/Others,Normal/Others,198723.0,2025-12-11T00:00:00.000Z,2025.0,0.0,"G.I. coated water tanker capacity 5000 liter fire fighter pump. Implementing Agency - Manager, M.P. Agro Industries development corporation limited.","G.I. coated water tanker capacity 5000 liter fire fighter pump. Implementing Agency - Manager, M.P. Agro Industries development corporation limited.",,Smt Himadri Singh,,SHAHDOL,Completed,198723,2025-12-11T00:00:00.000Z,,,,,,,,,,,,Drinking Water Supply,Public Health & Basic Amenities
181396.0,6a932bb5cd94452437a180d8,Madhya Pradesh,Madhya Pradesh,GUNA,GUNA,SHIVPURI(District Collector Shivpuri_IDA),SHIVPURI(District Collector Shivpuri_IDA),Normal/Others,Normal/Others,1000000.0,2026-03-06T00:00:00.000Z,2026.0,0.0,Construction of Boundary wall and Paper Block and Park,Construction of Boundary wall and Paper Block and Park,,JYOTIRADITYA M. SCINDIA,,GUNA,Completed,1000000,2026-03-06T00:00:00.000Z,,,,,,,,,,,,Other Civil & Development Works,General Development & Maintenance
181424.0,6a932bb5cd94452437a180d9,Madhya Pradesh,Madhya Pradesh,GUNA,GUNA,SHIVPURI(District Collector Shivpuri_IDA),SHIVPURI(District Collector Shivpuri_IDA),Normal/Others,Normal/Others,1000000.0,2026-03-06T00:00:00.000Z,2026.0,0.0,Construction of CC Road in Manpur Village.,Construction of CC Road in Manpur Village.,,JYOTIRADITYA M. SCINDIA,,GUNA,Completed,1000000,2026-03-06T00:00:00.000Z,,,,,,,,,,,,Roads & Pathways,Physical Infrastructure
181581.0,6a932bb5cd94452437a17c80,Madhya Pradesh,Madhya Pradesh,SHAHDOL,SHAHDOL,ANUPPUR(DISTRICT COLLECTOR ANUPPUR_IDA),ANUPPUR(DISTRICT COLLECTOR ANUPPUR_IDA),Normal/Others,Normal/Others,1000000.0,2025-12-22T00:00:00.000Z,2025.0,0.0,Culvert construction work near Man Singh farm on Sakola road in Jogitola village. Implementing Agency - Gram Panchayat.,Culvert construction work near Man Singh farm on Sakola road in Jogitola village. Implementing Agency - Gram Panchayat.,,Smt Himadri Singh,,SHAHDOL,Completed,1000000,2025-12-22T00:00:00.000Z,,,,,,,,,,,,Roads & Pathways,Physical Infrastructure
181826.0,6a932bb5cd94452437a180c5,Madhya Pradesh,Madhya Pradesh,CHHINDWARA,CHHINDWARA,CHHINDWARA(DISTRICT COLLECTOR CHHINDWARA_IDA),CHHINDWARA(DISTRICT COLLECTOR CHHINDWARA_IDA),Normal/Others,Normal/Others,125000.0,2025-05-14T00:00:00.000Z,2025.0,0.0,Drinking Water Tanker For Bandra,Drinking Water Tanker For Bandra,,BUNTY VIVEK SAHU,,CHHINDWARA,Completed,125000,2025-05-14T00:00:00.000Z,,,,,,,,,,,,Drinking Water Supply,Public Health & Basic Amenities
181883.0,6a932bb5cd94452437a188e4,Madhya Pradesh,Madhya Pradesh,BALAGHAT,BALAGHAT,SEONI(District Collector Seoni_IDA),SEONI(District Collector Seoni_IDA),Normal/Others,Normal/Others,190546.0,2025-06-23T00:00:00.000Z,2025.0,0.0,G.I. WATER TANKER MOUNTED ON TWO WHEEL TRACTOR TRAILER CAPACITY 5000 LITER WITH FIRE FIGHTING PUMP AND 900 16 NEW TYRE AT VILLAGE SAGAR BLOCK SEONI,G.I. WATER TANKER MOUNTED ON TWO WHEEL TRACTOR TRAILER CAPACITY 5000 LITER WITH FIRE FIGHTING PUMP AND 900 16 NEW TYRE AT VILLAGE SAGAR BLOCK SEONI,,BHARTI PARDHI,,BALAGHAT,Completed,190546,2025-06-23T00:00:00.000Z,,,,,,,,,,,,Drinking Water Supply,Public Health & Basic Amenities
182169.0,6a932bb5cd94452437a1b101,Madhya Pradesh,Madhya Pradesh,KHANDWA,KHANDWA,Khandwa (East Nimar)(DISTRICT COLLECTOR EAST NIMAR_IDA),Khandwa (East Nimar)(DISTRICT COLLECTOR EAST NIMAR_IDA),Normal/Others,Normal/Others,364247.0,2025-11-21T00:00:00.000Z,2025.0,0.0,solar high mast-1,solar high mast-1,,Gyaneshwar Patil,,KHANDWA,Completed,364247,2025-11-21T00:00:00.000Z,,,,,,,,,,,,"Electricity, Lighting & Solar Energy",Physical Infrastructure
182337.0,6a932bb5cd94452437a17c6e,Madhya Pradesh,Madhya Pradesh,CHHINDWARA,CHHINDWARA,CHHINDWARA(DISTRICT COLLECTOR CHHINDWARA_IDA),CHHINDWARA(DISTRICT COLLECTOR CHHINDWARA_IDA),Normal/Others,Normal/Others,200000.0,2026-01-30T00:00:00.000Z,2026.0,0.0,Construction Of Kala Munch Near ButBraksh Durga Mandir Ke Pas Thawari Khurd,Construction Of Kala Munch Near ButBraksh Durga Mandir Ke Pas Thawari Khurd,,BUNTY VIVEK SAHU,,CHHINDWARA,Completed,200000,2026-01-30T00:00:00.000Z,,,,,,,,,,,,Other Civil & Development Works,General Development & Maintenance
182339.0,6a932bb5cd94452437a17c70,Madhya Pradesh,Madhya Pradesh,CHHINDWARA,CHHINDWARA,CHHINDWARA(DISTRICT COLLECTOR CHHINDWARA_IDA),CHHINDWARA(DISTRICT COLLECTOR CHHINDWARA_IDA),Normal/Others,Normal/Others,200000.0,2026-01-30T00:00:00.000Z,2026.0,0.0,Construction Of CC Road Chanhiya Khurd Hanuman Mandir Se Shri Dashrath Patel ke Ghar Tak,Construction Of CC Road Chanhiya Khurd Hanuman Mandir Se Shri Dashrath Patel ke Ghar Tak,,BUNTY VIVEK SAHU,,CHHINDWARA,Completed,200000,2026-01-30T00:00:00.000Z,,,,,,,,,,,,Roads & Pathways,Physical Infrastructure
182459.0,6a932bb5cd94452437a180a7,Madhya Pradesh,Madhya Pradesh,DHAR,DHAR,DHAR(DISTRICT COLLECTOR DHAR_IDA),DHAR(DISTRICT COLLECTOR DHAR_IDA),Normal/Others,Normal/Others,1000000.0,2025-10-08T00:00:00.000Z,2025.0,0.0,jamarapura nale par puliya nirman,jamarapura nale par puliya nirman,,SAVITRI THAKUR,,DHAR,Completed,1000000,2025-10-08T00:00:00.000Z,,,,,,,,,,,,Other Civil & Development Works,General Development & Maintenance
182504.0,6a932bb5cd94452437a1829e,Madhya Pradesh,Madhya Pradesh,DHAR,DHAR,DHAR(DISTRICT COLLECTOR DHAR_IDA),DHAR(DISTRICT COLLECTOR DHAR_IDA),Normal/Others,Normal/Others,500000.0,2025-10-14T00:00:00.000Z,2025.0,0.0,samudayek bhavan ke samne pevrs kary,samudayek bhavan ke samne pevrs kary,,SAVITRI THAKUR,,DHAR,Completed,500000,2025-10-14T00:00:00.000Z,,,,,,,,,,,,Community Centers & Halls,Social Infrastructure
182531.0,6a932bb5cd94452437a181af,Madhya Pradesh,Madhya Pradesh,DHAR,DHAR,DHAR(DISTRICT COLLECTOR DHAR_IDA),DHAR(DISTRICT COLLECTOR DHAR_IDA),Normal/Others,Normal/Others,988024.0,2025-12-16T00:00:00.000Z,2025.0,0.0,naye anganwadi bhavan ke pas puliya nirman,naye anganwadi bhavan ke pas puliya nirman,,SAVITRI THAKUR,,DHAR,Completed,988024,2025-12-16T00:00:00.000Z,,,,,,,,,,,,Education & School Infrastructure,Social Infrastructure
182539.0,6a932bb5cd94452437a185d3,Madhya Pradesh,Madhya Pradesh,DHAR,DHAR,DHAR(DISTRICT COLLECTOR DHAR_IDA),DHAR(DISTRICT COLLECTOR DHAR_IDA),Normal/Others,Normal/Others,1000000.0,2025-10-30T00:00:00.000Z,2025.0,0.0,gram baykheda me teju ke makan ke pas nale par puliya nirman,gram baykheda me teju ke makan ke pas nale par puliya nirman,,SAVITRI THAKUR,,DHAR,Completed,1000000,2025-10-30T00:00:00.000Z,,,,,,,,,,,,Other Civil & Development Works,General Development & Maintenance
183895.0,6a932bb5cd94452437a19591,Madhya Pradesh,Madhya Pradesh,CHHINDWARA,CHHINDWARA,CHHINDWARA(DISTRICT COLLECTOR CHHINDWARA_IDA),CHHINDWARA(DISTRICT COLLECTOR CHHINDWARA_IDA),Normal/Others,Normal/Others,600000.0,2025-11-12T00:00:00.000Z,2025.0,0.0,CC road at Badgona Joshi (Badgona Joshi to Salimeta),CC road at Badgona Joshi (Badgona Joshi to Salimeta),,BUNTY VIVEK SAHU,,CHHINDWARA,Completed,600000,2025-11-12T00:00:00.000Z,,,,,,,,,,,,Roads & Pathways,Physical Infrastructure
184550.0,6a932bb5cd94452437a17f20,Madhya Pradesh,Madhya Pradesh,CHHINDWARA,CHHINDWARA,CHHINDWARA(DISTRICT COLLECTOR CHHINDWARA_IDA),CHHINDWARA(DISTRICT COLLECTOR CHHINDWARA_IDA),Normal/Others,Normal/Others,50000.0,2026-01-30T00:00:00.000Z,2026.0,0.0,Construction Of Chabutra At Ward Naumber 17 Sarna In Front Tarun Vishwakarma House,Construction Of Chabutra At Ward Naumber 17 Sarna In Front Tarun Vishwakarma House,,BUNTY VIVEK SAHU,,CHHINDWARA,Completed,50000,2026-01-30T00:00:00.000Z,,,,,,,,,,,,Other Civil & Development Works,General Development & Maintenance
185499.0,6a932bb5cd94452437a1981f,Madhya Pradesh,Madhya Pradesh,BALAGHAT,BALAGHAT,BALAGHAT(DISTRICT COLLECTOR BALAGHAT_IDA),BALAGHAT(DISTRICT COLLECTOR BALAGHAT_IDA),Normal/Others,Normal/Others,772290.0,2025-08-13T00:00:00.000Z,2025.0,0.0,"Air swing walker, Leg Press, Surf Board, Rower, Cross Trainer, Seated Puller, Push-Up bar, Parallel Bar, Shoulder Builder, Sit Up Board, Standing and Seating Twister, Chest Puller.for Gram Atri Jp Lalbarra","Air swing walker, Leg Press, Surf Board, Rower, Cross Trainer, Seated Puller, Push-Up bar, Parallel Bar, Shoulder Builder, Sit Up Board, Standing and Seating Twister, Chest Puller.for Gram Atri Jp Lalbarra",,BHARTI PARDHI,,BALAGHAT,Completed,772290,2025-08-13T00:00:00.000Z,,,,,,,,,,,,Other Civil & Development Works,General Development & Maintenance
185506.0,6a932bb5cd94452437a19811,Madhya Pradesh,Madhya Pradesh,BALAGHAT,BALAGHAT,BALAGHAT(DISTRICT COLLECTOR BALAGHAT_IDA),BALAGHAT(DISTRICT COLLECTOR BALAGHAT_IDA),Normal/Others,Normal/Others,772290.0,2025-08-13T00:00:00.000Z,2025.0,0.0,"Air swing walker, Leg Press, Surf Board, Rower, Cross Trainer, Seated Puller, Push-Up bar, Parallel Bar, Shoulder Builder, Sit Up Board, Standing and Seating Twister, Chest Puller. for Gram Madanpur","Air swing walker, Leg Press, Surf Board, Rower, Cross Trainer, Seated Puller, Push-Up bar, Parallel Bar, Shoulder Builder, Sit Up Board, Standing and Seating Twister, Chest Puller. for Gram Madanpur",,BHARTI PARDHI,,BALAGHAT,Completed,772290,2025-08-13T00:00:00.000Z,,,,,,,,,,,,Other Civil & Development Works,General Development & Maintenance
185508.0,6a932bb5cd94452437a19eac,Madhya Pradesh,Madhya Pradesh,BALAGHAT,BALAGHAT,SEONI(District Collector Seoni_IDA),SEONI(District Collector Seoni_IDA),Normal/Others,Normal/Others,772290.0,2025-09-01T00:00:00.000Z,2025.0,0.0,"Air swing walker, Leg Press, Surf Board, Rower, Cross Trainer, Seated Puller, Push-Up bar, Parallel Bar, Shoulder Builder, Sit Up Board, Standing and Seating Twister, Chest Puller.","Air swing walker, Leg Press, Surf Board, Rower, Cross Trainer, Seated Puller, Push-Up bar, Parallel Bar, Shoulder Builder, Sit Up Board, Standing and Seating Twister, Chest Puller.",,BHARTI PARDHI,,BALAGHAT,Completed,772290,2025-09-01T00:00:00.000Z,,,,,,,,,,,,Other Civil & Development Works,General Development & Maintenance
185630.0,6a932bb5cd94452437a184a0,Madhya Pradesh,Madhya Pradesh,CHHINDWARA,CHHINDWARA,CHHINDWARA(DISTRICT COLLECTOR CHHINDWARA_IDA),CHHINDWARA(DISTRICT COLLECTOR CHHINDWARA_IDA),Normal/Others,Normal/Others,125000.0,2025-06-09T00:00:00.000Z,2025.0,0.0,Purchase Of mobile Water Tanker Bhod Chilak,Purchase Of mobile Water Tanker Bhod Chilak,,BUNTY VIVEK SAHU,,CHHINDWARA,Completed,125000,2025-06-09T00:00:00.000Z,,,,,,,,,,,,Drinking Water Supply,Public Health & Basic Amenities
185632.0,6a932bb5cd94452437a1849f,Madhya Pradesh,Madhya Pradesh,CHHINDWARA,CHHINDWARA,CHHINDWARA(DISTRICT COLLECTOR CHHINDWARA_IDA),CHHINDWARA(DISTRICT COLLECTOR CHHINDWARA_IDA),Normal/Others,Normal/Others,125000.0,2025-06-11T00:00:00.000Z,2025.0,0.0,Purchase Of Mobile Water Tanker ChuriKhurd,Purchase Of Mobile Water Tanker ChuriKhurd,,BUNTY VIVEK SAHU,,CHHINDWARA,Completed,125000,2025-06-11T00:00:00.000Z,,,,,,,,,,,,Drinking Water Supply,Public Health & Basic Amenities
185634.0,6a932bb5cd94452437a18553,Madhya Pradesh,Madhya Pradesh,CHHINDWARA,CHHINDWARA,CHHINDWARA(DISTRICT COLLECTOR CHHINDWARA_IDA),CHHINDWARA(DISTRICT COLLECTOR CHHINDWARA_IDA),Normal/Others,Normal/Others,125000.0,2025-06-12T00:00:00.000Z,2025.0,0.0,Purchase Of Mobile Water Tanker Bhoipar,Purchase Of Mobile Water Tanker Bhoipar,,BUNTY VIVEK SAHU,,CHHINDWARA,Completed,125000,2025-06-12T00:00:00.000Z,,,,,,,,,,,,Drinking Water Supply,Public Health & Basic Amenities
185642.0,6a932bb5cd94452437a186ea,Madhya Pradesh,Madhya Pradesh,CHHINDWARA,CHHINDWARA,CHHINDWARA(DISTRICT COLLECTOR CHHINDWARA_IDA),CHHINDWARA(DISTRICT COLLECTOR CHHINDWARA_IDA),Normal/Others,Normal/Others,150000.0,2026-04-07T00:00:00.000Z,2026.0,0.0,Construction Of Rungmanch At Nachna,Construction Of Rungmanch At Nachna,,BUNTY VIVEK SAHU,,CHHINDWARA,Completed,150000,2026-04-07T00:00:00.000Z,,,,,,,,,,,,Other Civil & Development Works,General Development & Maintenance
185644.0,6a932bb5cd94452437a186e1,Madhya Pradesh,Madhya Pradesh,CHHINDWARA,CHHINDWARA,CHHINDWARA(DISTRICT COLLECTOR CHHINDWARA_IDA),CHHINDWARA(DISTRICT COLLECTOR CHHINDWARA_IDA),Normal/Others,Normal/Others,100000.0,2026-04-07T00:00:00.000Z,2026.0,0.0,Construction Of Rungmanch At Khirda,Construction Of Rungmanch At Khirda,,BUNTY VIVEK SAHU,,CHHINDWARA,Completed,100000,2026-04-07T00:00:00.000Z,,,,,,,,,,,,Other Civil & Development Works,General Development & Maintenance
185649.0,6a932bb5cd94452437a184a4,Madhya Pradesh,Madhya Pradesh,CHHINDWARA,CHHINDWARA,CHHINDWARA(DISTRICT COLLECTOR CHHINDWARA_IDA),CHHINDWARA(DISTRICT COLLECTOR CHHINDWARA_IDA),Normal/Others,Normal/Others,125000.0,2025-06-11T00:00:00.000Z,2025.0,0.0,Purchase Of Mobile Water Tanker At Madhi,Purchase Of Mobile Water Tanker At Madhi,,BUNTY VIVEK SAHU,,CHHINDWARA,Completed,125000,2025-06-11T00:00:00.000Z,,,,,,,,,,,,Drinking Water Supply,Public Health & Basic Amenities
185679.0,6a932bb5cd94452437a1d7c4,Madhya Pradesh,Madhya Pradesh,JABALPUR,JABALPUR,JABALPUR(DISTRICT COLLECTOR JABALPUR_IDA),JABALPUR(DISTRICT COLLECTOR JABALPUR_IDA),Normal/Others,Normal/Others,221569.0,2026-04-15T00:00:00.000Z,2026.0,0.0,Construction of community hall .,Construction of community hall .,,ASHISH DUBEY,,JABALPUR,Completed,221569,2026-04-15T00:00:00.000Z,,,,,,,,,,,,Community Centers & Halls,Social Infrastructure
185720.0,6a932bb5cd94452437a1c24f,Madhya Pradesh,Madhya Pradesh,JABALPUR,JABALPUR,JABALPUR(DISTRICT COLLECTOR JABALPUR_IDA),JABALPUR(DISTRICT COLLECTOR JABALPUR_IDA),Normal/Others,Normal/Others,233459.0,2026-02-05T00:00:00.000Z,2026.0,0.0,"Construction of CC road from Mahabali Dubey house to Roshan Bhaijaan,Shankar Nagar.","Construction of CC road from Mahabali Dubey house to Roshan Bhaijaan,Shankar Nagar.",,ASHISH DUBEY,,JABALPUR,Completed,233459,2026-02-05T00:00:00.000Z,,,,,,,,,,,,Roads & Pathways,Physical Infrastructure
185723.0,6a932bb5cd94452437a1c160,Madhya Pradesh,Madhya Pradesh,JABALPUR,JABALPUR,JABALPUR(DISTRICT COLLECTOR JABALPUR_IDA),JABALPUR(DISTRICT COLLECTOR JABALPUR_IDA),Normal/Others,Normal/Others,232984.0,2026-02-05T00:00:00.000Z,2026.0,0.0,"Construction of CC road from Patel ji house to Harshit Kol house,Raksha Nagar.","Construction of CC road from Patel ji house to Harshit Kol house,Raksha Nagar.",,ASHISH DUBEY,,JABALPUR,Completed,232984,2026-02-05T00:00:00.000Z,,,,,,,,,,,,Roads & Pathways,Physical Infrastructure
185733.0,6a932bb5cd94452437a1dbea,Madhya Pradesh,Madhya Pradesh,JABALPUR,JABALPUR,JABALPUR(DISTRICT COLLECTOR JABALPUR_IDA),JABALPUR(DISTRICT COLLECTOR JABALPUR_IDA),Normal/Others,Normal/Others,197467.0,2026-04-09T00:00:00.000Z,2026.0,0.0,"Construction of community hall for cultural activity rangmanch, University Residential Colony.","Construction of community hall for cultural activity rangmanch, University Residential Colony.",,ASHISH DUBEY,,JABALPUR,Completed,197467,2026-04-09T00:00:00.000Z,,,,,,,,,,,,Community Centers & Halls,Social Infrastructure
185736.0,6a932bb5cd94452437a1d2f9,Madhya Pradesh,Madhya Pradesh,JABALPUR,JABALPUR,JABALPUR(DISTRICT COLLECTOR JABALPUR_IDA),JABALPUR(DISTRICT COLLECTOR JABALPUR_IDA),Normal/Others,Normal/Others,190174.0,2026-04-13T00:00:00.000Z,2026.0,0.0,Construction of  CC road from Katare ji house to Puliya.,Construction of  CC road from Katare ji house to Puliya.,,ASHISH DUBEY,,JABALPUR,Completed,190174,2026-04-13T00:00:00.000Z,,,,,,,,,,,,Roads & Pathways,Physical Infrastructure
185854.0,6a932bb5cd94452437a18e45,Madhya Pradesh,Madhya Pradesh,DAMOH,DAMOH,DAMOH(DISTRICT COLLECTOR DAMOH_IDA),DAMOH(DISTRICT COLLECTOR DAMOH_IDA),Normal/Others,Normal/Others,158036.0,2025-07-25T00:00:00.000Z,2025.0,0.0,GRAM PANCHAYAT NIBORA KALAN ME 5000 LTR PANI KE TENKAR KI KHAREED,GRAM PANCHAYAT NIBORA KALAN ME 5000 LTR PANI KE TENKAR KI KHAREED,,RAHUL SINGH LODHI,,DAMOH,Completed,158036,2025-07-25T00:00:00.000Z,,,,,,,,,,,,Other Civil & Development Works,General Development & Maintenance
185860.0,6a932bb5cd94452437a18e59,Madhya Pradesh,Madhya Pradesh,DAMOH,DAMOH,DAMOH(DISTRICT COLLECTOR DAMOH_IDA),DAMOH(DISTRICT COLLECTOR DAMOH_IDA),Normal/Others,Normal/Others,158036.0,2025-07-25T00:00:00.000Z,2025.0,0.0,GRAM PANCHAYAT REWNJHA KALAN ME 5000 LTR PANI KE TENKAR KI KHAREED,GRAM PANCHAYAT REWNJHA KALAN ME 5000 LTR PANI KE TENKAR KI KHAREED,,RAHUL SINGH LODHI,,DAMOH,Completed,158036,2025-07-25T00:00:00.000Z,,,,,,,,,,,,Other Civil & Development Works,General Development & Maintenance
185865.0,6a932bb5cd94452437a18d6a,Madhya Pradesh,Madhya Pradesh,DAMOH,DAMOH,DAMOH(DISTRICT COLLECTOR DAMOH_IDA),DAMOH(DISTRICT COLLECTOR DAMOH_IDA),Normal/Others,Normal/Others,158036.0,2025-07-25T00:00:00.000Z,2025.0,0.0,GRAM PANCHAYAT NONPANI ME 5000 LTR PANI KE TENKAR KI KHAREED,GRAM PANCHAYAT NONPANI ME 5000 LTR PANI KE TENKAR KI KHAREED,,RAHUL SINGH LODHI,,DAMOH,Completed,158036,2025-07-25T00:00:00.000Z,,,,,,,,,,,,Other Civil & Development Works,General Development & Maintenance
185872.0,6a932bb5cd94452437a18dfd,Madhya Pradesh,Madhya Pradesh,DAMOH,DAMOH,DAMOH(DISTRICT COLLECTOR DAMOH_IDA),DAMOH(DISTRICT COLLECTOR DAMOH_IDA),Normal/Others,Normal/Others,158036.0,2025-07-25T00:00:00.000Z,2025.0,0.0,GRAM PANCHAYAT DEORI FATEHPUR ME 5000 LTR PANI KE TENKAR KI KHAREED,GRAM PANCHAYAT DEORI FATEHPUR ME 5000 LTR PANI KE TENKAR KI KHAREED,,RAHUL SINGH LODHI,,DAMOH,Completed,158036,2025-07-25T00:00:00.000Z,,,,,,,,,,,,Other Civil & Development Works,General Development & Maintenance
185874.0,6a932bb5cd94452437a18e67,Madhya Pradesh,Madhya Pradesh,DAMOH,DAMOH,DAMOH(DISTRICT COLLECTOR DAMOH_IDA),DAMOH(DISTRICT COLLECTOR DAMOH_IDA),Normal/Others,Normal/Others,158036.0,2025-07-25T00:00:00.000Z,2025.0,0.0,GRAM PANCHAYAT SAILWADA MAL ME 5000 LTR PANI KE TENKAR KI KHAREED,GRAM PANCHAYAT SAILWADA MAL ME 5000 LTR PANI KE TENKAR KI KHAREED,,RAHUL SINGH LODHI,,DAMOH,Completed,158036,2025-07-25T00:00:00.000Z,,,,,,,,,,,,Other Civil & Development Works,General Development & Maintenance
186884.0,6a932bb5cd94452437a1983f,Madhya Pradesh,Madhya Pradesh,UJJAIN,UJJAIN,UJJAIN(DISTRICT COLLECTOR UJJAIN_IDA),UJJAIN(DISTRICT COLLECTOR UJJAIN_IDA),Normal/Others,Normal/Others,160761.0,2025-08-13T00:00:00.000Z,2025.0,0.0,"5500-Liter, Tyre 900x16 Water Tanker","5500-Liter, Tyre 900x16 Water Tanker",,Shri Anil Firojiya,,UJJAIN,Completed,160761,2025-08-13T00:00:00.000Z,,,,,,,,,,,,Drinking Water Supply,Public Health & Basic Amenities
186887.0,6a932bb5cd94452437a19cd7,Madhya Pradesh,Madhya Pradesh,UJJAIN,UJJAIN,UJJAIN(DISTRICT COLLECTOR UJJAIN_IDA),UJJAIN(DISTRICT COLLECTOR UJJAIN_IDA),Normal/Others,Normal/Others,160761.0,2025-08-28T00:00:00.000Z,2025.0,0.0,"5500-Liter, Tyre 900x16 Water Tanker","5500-Liter, Tyre 900x16 Water Tanker",,Shri Anil Firojiya,,UJJAIN,Completed,160761,2025-08-28T00:00:00.000Z,,,,,,,,,,,,Drinking Water Supply,Public Health & Basic Amenities
186890.0,6a932bb5cd94452437a1988f,Madhya Pradesh,Madhya Pradesh,UJJAIN,UJJAIN,UJJAIN(DISTRICT COLLECTOR UJJAIN_IDA),UJJAIN(DISTRICT COLLECTOR UJJAIN_IDA),Normal/Others,Normal/Others,160761.0,2025-08-14T00:00:00.000Z,2025.0,0.0,"5500-Liter, Tyre 900x16 Water Tanker","5500-Liter, Tyre 900x16 Water Tanker",,Shri Anil Firojiya,,UJJAIN,Completed,160761,2025-08-14T00:00:00.000Z,,,,,,,,,,,,Drinking Water Supply,Public Health & Basic Amenities
186893.0,6a932bb5cd94452437a18a57,Madhya Pradesh,Madhya Pradesh,UJJAIN,UJJAIN,UJJAIN(DISTRICT COLLECTOR UJJAIN_IDA),UJJAIN(DISTRICT COLLECTOR UJJAIN_IDA),Normal/Others,Normal/Others,160761.0,2025-06-29T00:00:00.000Z,2025.0,0.0,"5500-Liter, Tyre 900x16 Water Tanker","5500-Liter, Tyre 900x16 Water Tanker",,Shri Anil Firojiya,,UJJAIN,Completed,160761,2025-06-29T00:00:00.000Z,,,,,,,,,,,,Drinking Water Supply,Public Health & Basic Amenities
186895.0,6a932bb5cd94452437a18ab8,Madhya Pradesh,Madhya Pradesh,UJJAIN,UJJAIN,UJJAIN(DISTRICT COLLECTOR UJJAIN_IDA),UJJAIN(DISTRICT COLLECTOR UJJAIN_IDA),Normal/Others,Normal/Others,160761.0,2025-07-07T00:00:00.000Z,2025.0,0.0,"5500-Liter, Tyre 900x16 Water Tanker","5500-Liter, Tyre 900x16 Water Tanker",,Shri Anil Firojiya,,UJJAIN,Completed,160761,2025-07-07T00:00:00.000Z,,,,,,,,,,,,Drinking Water Supply,Public Health & Basic Amenities
186897.0,6a932bb5cd94452437a19269,Madhya Pradesh,Madhya Pradesh,UJJAIN,UJJAIN,UJJAIN(DISTRICT COLLECTOR UJJAIN_IDA),UJJAIN(DISTRICT COLLECTOR UJJAIN_IDA),Normal/Others,Normal/Others,160761.0,2025-07-22T00:00:00.000Z,2025.0,0.0,"5500-Liter, Tyre 900x16 Water Tanker","5500-Liter, Tyre 900x16 Water Tanker",,Shri Anil Firojiya,,UJJAIN,Completed,160761,2025-07-22T00:00:00.000Z,,,,,,,,,,,,Drinking Water Supply,Public Health & Basic Amenities
186899.0,6a932bb5cd94452437a19545,Madhya Pradesh,Madhya Pradesh,UJJAIN,UJJAIN,UJJAIN(DISTRICT COLLECTOR UJJAIN_IDA),UJJAIN(DISTRICT COLLECTOR UJJAIN_IDA),Normal/Others,Normal/Others,160761.0,2025-08-03T00:00:00.000Z,2025.0,0.0,"5500-Liter, Tyre 900x16 Water Tanker","5500-Liter, Tyre 900x16 Water Tanker",,Shri Anil Firojiya,,UJJAIN,Completed,160761,2025-08-03T00:00:00.000Z,,,,,,,,,,,,Drinking Water Supply,Public Health & Basic Amenities
186901.0,6a932bb5cd94452437a1928b,Madhya Pradesh,Madhya Pradesh,UJJAIN,UJJAIN,UJJAIN(DISTRICT COLLECTOR UJJAIN_IDA),UJJAIN(DISTRICT COLLECTOR UJJAIN_IDA),Normal/Others,Normal/Others,160761.0,2025-07-22T00:00:00.000Z,2025.0,0.0,"5500-Liter, Tyre 900x16 Water Tanker","5500-Liter, Tyre 900x16 Water Tanker",,Shri Anil Firojiya,,UJJAIN,Completed,160761,2025-07-22T00:00:00.000Z,,,,,,,,,,,,Drinking Water Supply,Public Health & Basic Amenities
186905.0,6a932bb5cd94452437a18ea8,Madhya Pradesh,Madhya Pradesh,UJJAIN,UJJAIN,RATLAM(District Collector Ratlam_IDA),RATLAM(District Collector Ratlam_IDA),Normal/Others,Normal/Others,159212.0,2025-07-15T00:00:00.000Z,2025.0,0.0,"5500-Liter, Tyre 900x16 Water Tanker","5500-Liter, Tyre 900x16 Water Tanker",,Shri Anil Firojiya,,UJJAIN,Completed,159212,2025-07-15T00:00:00.000Z,,,,,,,,,,,,Drinking Water Supply,Public Health & Basic Amenities
187015.0,6a932bb5cd94452437a1926d,Madhya Pradesh,Madhya Pradesh,UJJAIN,UJJAIN,UJJAIN(DISTRICT COLLECTOR UJJAIN_IDA),UJJAIN(DISTRICT COLLECTOR UJJAIN_IDA),Normal/Others,Normal/Others,160761.0,2025-07-22T00:00:00.000Z,2025.0,0.0,5500 lt GI water tanker,5500 lt GI water tanker,,Shri Anil Firojiya,,UJJAIN,Completed,160761,2025-07-22T00:00:00.000Z,,,,,,,,,,,,Drinking Water Supply,Public Health & Basic Amenities
187017.0,6a932bb5cd94452437a19291,Madhya Pradesh,Madhya Pradesh,UJJAIN,UJJAIN,UJJAIN(DISTRICT COLLECTOR UJJAIN_IDA),UJJAIN(DISTRICT COLLECTOR UJJAIN_IDA),Normal/Others,Normal/Others,160761.0,2025-07-22T00:00:00.000Z,2025.0,0.0,5500 lt GI water tanker,5500 lt GI water tanker,,Shri Anil Firojiya,,UJJAIN,Completed,160761,2025-07-22T00:00:00.000Z,,,,,,,,,,,,Drinking Water Supply,Public Health & Basic Amenities
187035.0,6a932bb5cd94452437a1d2fc,Madhya Pradesh,Madhya Pradesh,JABALPUR,JABALPUR,JABALPUR(DISTRICT COLLECTOR JABALPUR_IDA),JABALPUR(DISTRICT COLLECTOR JABALPUR_IDA),Normal/Others,Normal/Others,175401.0,2026-04-13T00:00:00.000Z,2026.0,0.0,Construction of CC road from Arvind Thakur house till Anjali Parlour.,Construction of CC road from Arvind Thakur house till Anjali Parlour.,,ASHISH DUBEY,,JABALPUR,Completed,175401,2026-04-13T00:00:00.000Z,,,,,,,,,,,,Roads & Pathways,Physical Infrastructure
187054.0,6a932bb5cd94452437a19548,Madhya Pradesh,Madhya Pradesh,UJJAIN,UJJAIN,UJJAIN(DISTRICT COLLECTOR UJJAIN_IDA),UJJAIN(DISTRICT COLLECTOR UJJAIN_IDA),Normal/Others,Normal/Others,160761.0,2025-08-03T00:00:00.000Z,2025.0,0.0,5500 lt GI water tankers,5500 lt GI water tankers,,Shri Anil Firojiya,,UJJAIN,Completed,160761,2025-08-03T00:00:00.000Z,,,,,,,,,,,,Drinking Water Supply,Public Health & Basic Amenities
187056.0,6a932bb5cd94452437a1954a,Madhya Pradesh,Madhya Pradesh,UJJAIN,UJJAIN,UJJAIN(DISTRICT COLLECTOR UJJAIN_IDA),UJJAIN(DISTRICT COLLECTOR UJJAIN_IDA),Normal/Others,Normal/Others,160761.0,2025-08-03T00:00:00.000Z,2025.0,0.0,5500 lt GI water tankers,5500 lt GI water tankers,,Shri Anil Firojiya,,UJJAIN,Completed,160761,2025-08-03T00:00:00.000Z,,,,,,,,,,,,Drinking Water Supply,Public Health & Basic Amenities
187069.0,6a932bb5cd94452437a1954c,Madhya Pradesh,Madhya Pradesh,UJJAIN,UJJAIN,UJJAIN(DISTRICT COLLECTOR UJJAIN_IDA),UJJAIN(DISTRICT COLLECTOR UJJAIN_IDA),Normal/Others,Normal/Others,160761.0,2025-08-03T00:00:00.000Z,2025.0,0.0,5500 lt GI water tankers,5500 lt GI water tankers,,Shri Anil Firojiya,,UJJAIN,Completed,160761,2025-08-03T00:00:00.000Z,,,,,,,,,,,,Drinking Water Supply,Public Health & Basic Amenities
187071.0,6a932bb5cd94452437a1954f,Madhya Pradesh,Madhya Pradesh,UJJAIN,UJJAIN,UJJAIN(DISTRICT COLLECTOR UJJAIN_IDA),UJJAIN(DISTRICT COLLECTOR UJJAIN_IDA),Normal/Others,Normal/Others,160761.0,2025-08-03T00:00:00.000Z,2025.0,0.0,5500 lt GI water tankers,5500 lt GI water tankers,,Shri Anil Firojiya,,UJJAIN,Completed,160761,2025-08-03T00:00:00.000Z,,,,,,,,,,,,Drinking Water Supply,Public Health & Basic Amenities
187075.0,6a932bb5cd94452437a1954e,Madhya Pradesh,Madhya Pradesh,UJJAIN,UJJAIN,UJJAIN(DISTRICT COLLECTOR UJJAIN_IDA),UJJAIN(DISTRICT COLLECTOR UJJAIN_IDA),Normal/Others,Normal/Others,160761.0,2025-08-03T00:00:00.000Z,2025.0,0.0,5500 lt GI water tankers,5500 lt GI water tankers,,Shri Anil Firojiya,,UJJAIN,Completed,160761,2025-08-03T00:00:00.000Z,,,,,,,,,,,,Drinking Water Supply,Public Health & Basic Amenities
187084.0,6a932bb5cd94452437a19ccf,Madhya Pradesh,Madhya Pradesh,UJJAIN,UJJAIN,UJJAIN(DISTRICT COLLECTOR UJJAIN_IDA),UJJAIN(DISTRICT COLLECTOR UJJAIN_IDA),Normal/Others,Normal/Others,160761.0,2025-08-28T00:00:00.000Z,2025.0,0.0,5500 lt GI water tankers,5500 lt GI water tankers,,Shri Anil Firojiya,,UJJAIN,Completed,160761,2025-08-28T00:00:00.000Z,,,,,,,,,,,,Drinking Water Supply,Public Health & Basic Amenities
187093.0,6a932bb5cd94452437a17d84,Madhya Pradesh,Madhya Pradesh,UJJAIN,UJJAIN,UJJAIN(DISTRICT COLLECTOR UJJAIN_IDA),UJJAIN(DISTRICT COLLECTOR UJJAIN_IDA),Normal/Others,Normal/Others,300000.0,2026-02-04T00:00:00.000Z,2026.0,0.0,gram bhilkheda panchayat bhawan ke samne pevar block,gram bhilkheda panchayat bhawan ke samne pevar block,,Shri Anil Firojiya,,UJJAIN,Completed,300000,2026-02-04T00:00:00.000Z,,,,,,,,,,,,Community Centers & Halls,Social Infrastructure
187099.0,6a932bb5cd94452437a1816a,Madhya Pradesh,Madhya Pradesh,UJJAIN,UJJAIN,UJJAIN(DISTRICT COLLECTOR UJJAIN_IDA),UJJAIN(DISTRICT COLLECTOR UJJAIN_IDA),Normal/Others,Normal/Others,741449.0,2026-01-27T00:00:00.000Z,2026.0,0.0,1 25 KVA hetu transformer sthapna work Gram runkheda,1 25 KVA hetu transformer sthapna work Gram runkheda,,Shri Anil Firojiya,,UJJAIN,Completed,741449,2026-01-27T00:00:00.000Z,,,,,,,,,,,,"Electricity, Lighting & Solar Energy",Physical Infrastructure
187107.0,6a932bb5cd94452437a19146,Madhya Pradesh,Madhya Pradesh,UJJAIN,UJJAIN,RATLAM(District Collector Ratlam_IDA),RATLAM(District Collector Ratlam_IDA),Normal/Others,Normal/Others,159212.0,2025-07-18T00:00:00.000Z,2025.0,0.0,5500 lt GI water tankers,5500 lt GI water tankers,,Shri Anil Firojiya,,UJJAIN,Completed,159212,2025-07-18T00:00:00.000Z,,,,,,,,,,,,Drinking Water Supply,Public Health & Basic Amenities
187109.0,6a932bb5cd94452437a1914a,Madhya Pradesh,Madhya Pradesh,UJJAIN,UJJAIN,RATLAM(District Collector Ratlam_IDA),RATLAM(District Collector Ratlam_IDA),Normal/Others,Normal/Others,159212.0,2025-07-18T00:00:00.000Z,2025.0,0.0,5500 lt GI water tankers,5500 lt GI water tankers,,Shri Anil Firojiya,,UJJAIN,Completed,159212,2025-07-18T00:00:00.000Z,,,,,,,,,,,,Drinking Water Supply,Public Health & Basic Amenities
187334.0,6a932bb5cd94452437a17fe4,Madhya Pradesh,Madhya Pradesh,SHAHDOL,SHAHDOL,ANUPPUR(DISTRICT COLLECTOR ANUPPUR_IDA),ANUPPUR(DISTRICT COLLECTOR ANUPPUR_IDA),Normal/Others,Normal/Others,498100.0,2025-12-22T00:00:00.000Z,2025.0,0.0,Culvert construction work on Kurrihatola road. Implementing Agency - Gram Panchayat,Culvert construction work on Kurrihatola road. Implementing Agency - Gram Panchayat,,Smt Himadri Singh,,SHAHDOL,Completed,498100,2025-12-22T00:00:00.000Z,,,,,,,,,,,,Roads & Pathways,Physical Infrastructure
187590.0,6a932bb5cd94452437a18692,Madhya Pradesh,Madhya Pradesh,UJJAIN,UJJAIN,UJJAIN(DISTRICT COLLECTOR UJJAIN_IDA),UJJAIN(DISTRICT COLLECTOR UJJAIN_IDA),Normal/Others,Normal/Others,97830.0,2026-04-07T00:00:00.000Z,2026.0,0.0,Govt girls U Middle school TARANA,Govt girls U Middle school TARANA,,Shri Anil Firojiya,,UJJAIN,Completed,97830,2026-04-07T00:00:00.000Z,,,,,,,,,,,,Education & School Infrastructure,Social Infrastructure
187592.0,6a932bb5cd94452437a18695,Madhya Pradesh,Madhya Pradesh,UJJAIN,UJJAIN,UJJAIN(DISTRICT COLLECTOR UJJAIN_IDA),UJJAIN(DISTRICT COLLECTOR UJJAIN_IDA),Normal/Others,Normal/Others,97829.0,2026-04-07T00:00:00.000Z,2026.0,0.0,C M rise U middle school jalsewa niketan Ujjain,C M rise U middle school jalsewa niketan Ujjain,,Shri Anil Firojiya,,UJJAIN,Completed,97829,2026-04-07T00:00:00.000Z,,,,,,,,,,,,Education & School Infrastructure,Social Infrastructure
187594.0,6a932bb5cd94452437a18694,Madhya Pradesh,Madhya Pradesh,UJJAIN,UJJAIN,UJJAIN(DISTRICT COLLECTOR UJJAIN_IDA),UJJAIN(DISTRICT COLLECTOR UJJAIN_IDA),Normal/Others,Normal/Others,97829.0,2026-04-07T00:00:00.000Z,2026.0,0.0,Govt girls U middle school kshirsagar Ujjain,Govt girls U middle school kshirsagar Ujjain,,Shri Anil Firojiya,,UJJAIN,Completed,97829,2026-04-07T00:00:00.000Z,,,,,,,,,,,,Education & School Infrastructure,Social Infrastructure
187749.0,6a932bb5cd94452437a18775,Madhya Pradesh,Madhya Pradesh,VIDISHA,VIDISHA,SEHORE(DISTRICT COLLECTOR SEHORE_IDA),SEHORE(DISTRICT COLLECTOR SEHORE_IDA),Normal/Others,Normal/Others,600000.0,2025-12-22T00:00:00.000Z,2025.0,0.0,cc road,cc road,,SHIVRAJ SINGH CHOUHAN,,VIDISHA,Completed,600000,2025-12-22T00:00:00.000Z,,,,,,,,,,,,Roads & Pathways,Physical Infrastructure
187760.0,6a932bb5cd94452437a1bd18,Madhya Pradesh,Madhya Pradesh,VIDISHA,VIDISHA,SEHORE(DISTRICT COLLECTOR SEHORE_IDA),SEHORE(DISTRICT COLLECTOR SEHORE_IDA),Normal/Others,Normal/Others,1250000.0,2026-03-17T00:00:00.000Z,2026.0,0.0,work sheds,work sheds,,SHIVRAJ SINGH CHOUHAN,,VIDISHA,Completed,1250000,2026-03-17T00:00:00.000Z,,,,,,,,,,,,Other Civil & Development Works,General Development & Maintenance
187770.0,6a932bb5cd94452437a18f59,Madhya Pradesh,Madhya Pradesh,VIDISHA,VIDISHA,VIDISHA(District Collector Vidisha_IDA),VIDISHA(District Collector Vidisha_IDA),Normal/Others,Normal/Others,500000.0,2026-02-26T00:00:00.000Z,2026.0,0.0,CC road,CC road,,SHIVRAJ SINGH CHOUHAN,,VIDISHA,Completed,500000,2026-02-26T00:00:00.000Z,,,,,,,,,,,,Roads & Pathways,Physical Infrastructure
187778.0,6a932bb5cd94452437a185ea,Madhya Pradesh,Madhya Pradesh,VIDISHA,VIDISHA,VIDISHA(District Collector Vidisha_IDA),VIDISHA(District Collector Vidisha_IDA),Normal/Others,Normal/Others,500000.0,2026-02-13T00:00:00.000Z,2026.0,0.0,cc road,cc road,,SHIVRAJ SINGH CHOUHAN,,VIDISHA,Completed,500000,2026-02-13T00:00:00.000Z,,,,,,,,,,,,Roads & Pathways,Physical Infrastructure
187780.0,6a932bb5cd94452437a185e8,Madhya Pradesh,Madhya Pradesh,VIDISHA,VIDISHA,VIDISHA(District Collector Vidisha_IDA),VIDISHA(District Collector Vidisha_IDA),Normal/Others,Normal/Others,500000.0,2025-10-30T00:00:00.000Z,2025.0,0.0,CCC road,CCC road,,SHIVRAJ SINGH CHOUHAN,,VIDISHA,Completed,500000,2025-10-30T00:00:00.000Z,,,,,,,,,,,,Roads & Pathways,Physical Infrastructure
189550.0,6a932bb5cd94452437a17f63,Madhya Pradesh,Madhya Pradesh,DEWAS,DEWAS,Agar-Malwa(District Collector Agar Malwa_IDA),Agar-Malwa(District Collector Agar Malwa_IDA),Normal/Others,Normal/Others,1000000.0,2025-11-14T00:00:00.000Z,2025.0,0.0,gram panchayt asandhya badod ke gram bhanoti me ritraning wall nirman hetu ...,gram panchayt asandhya badod ke gram bhanoti me ritraning wall nirman hetu ...,,Mahendra Singh Solanky,,DEWAS,Completed,1000000,2025-11-14T00:00:00.000Z,,,,,,,,,,,,Other Civil & Development Works,General Development & Maintenance
189919.0,6a932bb5cd94452437a1d9de,Madhya Pradesh,Madhya Pradesh,RATLAM,RATLAM,ALIRAJPUR(District Collector Alirajpur_IDA),ALIRAJPUR(District Collector Alirajpur_IDA),Normal/Others,Normal/Others,159212.0,2026-03-18T00:00:00.000Z,2026.0,0.0,Water Tenkar 5500 liter GP Darja,Water Tenkar 5500 liter GP Darja,,ANITA NAGARSINGH CHOUHAN,,RATLAM,Completed,159212,2026-03-18T00:00:00.000Z,,,,,,,,,,,,Drinking Water Supply,Public Health & Basic Amenities
189921.0,6a932bb5cd94452437a1d9e7,Madhya Pradesh,Madhya Pradesh,RATLAM,RATLAM,ALIRAJPUR(District Collector Alirajpur_IDA),ALIRAJPUR(District Collector Alirajpur_IDA),Normal/Others,Normal/Others,159212.0,2026-03-18T00:00:00.000Z,2026.0,0.0,Water Tenkar GP 5500 Liter PanMahudi,Water Tenkar GP 5500 Liter PanMahudi,,ANITA NAGARSINGH CHOUHAN,,RATLAM,Completed,159212,2026-03-18T00:00:00.000Z,,,,,,,,,,,,Drinking Water Supply,Public Health & Basic Amenities
189923.0,6a932bb5cd94452437a1d9eb,Madhya Pradesh,Madhya Pradesh,RATLAM,RATLAM,ALIRAJPUR(District Collector Alirajpur_IDA),ALIRAJPUR(District Collector Alirajpur_IDA),Normal/Others,Normal/Others,159212.0,2026-03-18T00:00:00.000Z,2026.0,0.0,Water Tenkar GP 5500 Liter Andharkanch Mundali Faliya,Water Tenkar GP 5500 Liter Andharkanch Mundali Faliya,,ANITA NAGARSINGH CHOUHAN,,RATLAM,Completed,159212,2026-03-18T00:00:00.000Z,,,,,,,,,,,,Drinking Water Supply,Public Health & Basic Amenities
189925.0,6a932bb5cd94452437a1d9f2,Madhya Pradesh,Madhya Pradesh,RATLAM,RATLAM,ALIRAJPUR(District Collector Alirajpur_IDA),ALIRAJPUR(District Collector Alirajpur_IDA),Normal/Others,Normal/Others,159212.0,2026-03-18T00:00:00.000Z,2026.0,0.0,Water Tenkar 5500 Liter GP Nichawas Villege Kel,Water Tenkar 5500 Liter GP Nichawas Villege Kel,,ANITA NAGARSINGH CHOUHAN,,RATLAM,Completed,159212,2026-03-18T00:00:00.000Z,,,,,,,,,,,,Drinking Water Supply,Public Health & Basic Amenities
189927.0,6a932bb5cd94452437a1d9f5,Madhya Pradesh,Madhya Pradesh,RATLAM,RATLAM,ALIRAJPUR(District Collector Alirajpur_IDA),ALIRAJPUR(District Collector Alirajpur_IDA),Normal/Others,Normal/Others,159212.0,2026-03-18T00:00:00.000Z,2026.0,0.0,Water Tenkar 5500 Liter GP Sorwa Sorvi Faliya,Water Tenkar 5500 Liter GP Sorwa Sorvi Faliya,,ANITA NAGARSINGH CHOUHAN,,RATLAM,Completed,159212,2026-03-18T00:00:00.000Z,,,,,,,,,,,,Drinking Water Supply,Public Health & Basic Amenities
189975.0,6a932bb5cd94452437a1a6ec,Madhya Pradesh,Madhya Pradesh,HOSHANGABAD,HOSHANGABAD,Narsimhapur(DISTRICT COLLECTOR NARSINGHPUR_IDA),Narsimhapur(DISTRICT COLLECTOR NARSINGHPUR_IDA),Normal/Others,Normal/Others,120000.0,2026-05-13T00:00:00.000Z,2026.0,0.0,transformer establishment at village contact person sh. abhilash mishra mobile no 8770867316,transformer establishment at village contact person sh. abhilash mishra mobile no 8770867316,,DARSHAN SINGH CHOUDHARY,,HOSHANGABAD,Completed,120000,2026-05-13T00:00:00.000Z,,,,,,,,,,,,"Electricity, Lighting & Solar Energy",Physical Infrastructure
190149.0,6a932bb5cd94452437a18eaa,Madhya Pradesh,Madhya Pradesh,DEWAS,DEWAS,DEWAS(DISTRICT COLLECTOR DEWAS_IDA),DEWAS(DISTRICT COLLECTOR DEWAS_IDA),Normal/Others,Normal/Others,500000.0,2026-01-08T00:00:00.000Z,2026.0,0.0,gram panchayt bavlya ke gram tilyakhedi me collage ke paas sthai shed nirman hetu,gram panchayt bavlya ke gram tilyakhedi me collage ke paas sthai shed nirman hetu,,Mahendra Singh Solanky,,DEWAS,Completed,500000,2026-01-08T00:00:00.000Z,,,,,,,,,,,,Community Centers & Halls,Social Infrastructure
192356.0,6a932bb5cd94452437a1a8dd,Madhya Pradesh,Madhya Pradesh,DAMOH,DAMOH,DAMOH(DISTRICT COLLECTOR DAMOH_IDA),DAMOH(DISTRICT COLLECTOR DAMOH_IDA),Normal/Others,Normal/Others,259942.0,2025-09-30T00:00:00.000Z,2025.0,0.0,GRAM PANCHAYAT MAHUA KHEDA ME YATRI PRITICHALAY MODOLE NO 03 KI KHAREED,GRAM PANCHAYAT MAHUA KHEDA ME YATRI PRITICHALAY MODOLE NO 03 KI KHAREED,,RAHUL SINGH LODHI,,DAMOH,Completed,259942,2025-09-30T00:00:00.000Z,,,,,,,,,,,,Other Civil & Development Works,General Development & Maintenance
192359.0,6a932bb5cd94452437a1a8d0,Madhya Pradesh,Madhya Pradesh,DAMOH,DAMOH,DAMOH(DISTRICT COLLECTOR DAMOH_IDA),DAMOH(DISTRICT COLLECTOR DAMOH_IDA),Normal/Others,Normal/Others,259942.0,2025-09-30T00:00:00.000Z,2025.0,0.0,GRAM PANCHAYAT PIPRIYA TIKRI ME YATRI PRITICHALAY MODOLE 03 KI KHAREED,GRAM PANCHAYAT PIPRIYA TIKRI ME YATRI PRITICHALAY MODOLE 03 KI KHAREED,,RAHUL SINGH LODHI,,DAMOH,Completed,259942,2025-09-30T00:00:00.000Z,,,,,,,,,,,,Other Civil & Development Works,General Development & Maintenance
192361.0,6a932bb5cd94452437a1a8cb,Madhya Pradesh,Madhya Pradesh,DAMOH,DAMOH,DAMOH(DISTRICT COLLECTOR DAMOH_IDA),DAMOH(DISTRICT COLLECTOR DAMOH_IDA),Normal/Others,Normal/Others,259942.0,2025-09-30T00:00:00.000Z,2025.0,0.0,GRAM PANCHAYAT ADHROTA ME YATRI PRITICHALAY MODOLE 03 KI KHAREED,GRAM PANCHAYAT ADHROTA ME YATRI PRITICHALAY MODOLE 03 KI KHAREED,,RAHUL SINGH LODHI,,DAMOH,Completed,259942,2025-09-30T00:00:00.000Z,,,,,,,,,,,,Other Civil & Development Works,General Development & Maintenance
192365.0,6a932bb5cd94452437a1a764,Madhya Pradesh,Madhya Pradesh,DAMOH,DAMOH,DAMOH(DISTRICT COLLECTOR DAMOH_IDA),DAMOH(DISTRICT COLLECTOR DAMOH_IDA),Normal/Others,Normal/Others,259942.0,2025-09-28T00:00:00.000Z,2025.0,0.0,GRAM PANCHAYAT SAGONI KALAN ME YATRI PRITICHALAY MODOLE 03 KI KHAREED,GRAM PANCHAYAT SAGONI KALAN ME YATRI PRITICHALAY MODOLE 03 KI KHAREED,,RAHUL SINGH LODHI,,DAMOH,Completed,259942,2025-09-28T00:00:00.000Z,,,,,,,,,,,,Other Civil & Development Works,General Development & Maintenance
193406.0,6a932bb5cd94452437a18521,Madhya Pradesh,Madhya Pradesh,BHOPAL,BHOPAL,BHOPAL(DISTRICT COLLECTOR BHOPAL_IDA),BHOPAL(DISTRICT COLLECTOR BHOPAL_IDA),Trust and Society,Trust and Society,1100000.0,2025-08-12T00:00:00.000Z,2025.0,0.0,Construction of 2 Additional Room at Tulsi Manas Pratishtan,Construction of 2 Additional Room at Tulsi Manas Pratishtan,,ALOK SHARMA,,BHOPAL,Completed,1100000,2025-08-12T00:00:00.000Z,,,,,,,,,,,,Other Civil & Development Works,General Development & Maintenance
194348.0,6a932bb5cd94452437a18e78,Madhya Pradesh,Madhya Pradesh,MANDSOUR,MANDSOUR,MANDSAUR(DISTRICT COLLECTOR MANDSAUR_IDA),MANDSAUR(DISTRICT COLLECTOR MANDSAUR_IDA),Normal/Others,Normal/Others,800000.0,2026-01-22T00:00:00.000Z,2026.0,0.0,hall for cultural activity,hall for cultural activity,,Shri Sudheer Gupta ,,MANDSOUR,Completed,800000,2026-01-22T00:00:00.000Z,,,,,,,,,,,,Community Centers & Halls,Social Infrastructure
194836.0,6a932bb5cd94452437a1e07e,Madhya Pradesh,Madhya Pradesh,KHANDWA,KHANDWA,BURHANPUR(District Collector Burhanpur_IDA),BURHANPUR(District Collector Burhanpur_IDA),Normal/Others,Normal/Others,2450000.0,2026-04-15T00:00:00.000Z,2026.0,0.0,icchapur mandir k pas 35 kw ongrid solar system development,icchapur mandir k pas 35 kw ongrid solar system development,,Gyaneshwar Patil,,KHANDWA,Completed,2450000,2026-04-15T00:00:00.000Z,,,,,,,,,,,,"Electricity, Lighting & Solar Energy",Physical Infrastructure
195054.0,6a932bb5cd94452437a191ba,Madhya Pradesh,Madhya Pradesh,UJJAIN,UJJAIN,UJJAIN(DISTRICT COLLECTOR UJJAIN_IDA),UJJAIN(DISTRICT COLLECTOR UJJAIN_IDA),Normal/Others,Normal/Others,1000000.0,2026-02-17T00:00:00.000Z,2026.0,0.0,gram devli me cc road ranchhoddas ke ghar se ishwar singh ke ghar tak,gram devli me cc road ranchhoddas ke ghar se ishwar singh ke ghar tak,,Shri Anil Firojiya,,UJJAIN,Completed,1000000,2026-02-17T00:00:00.000Z,,,,,,,,,,,,Roads & Pathways,Physical Infrastructure
195099.0,6a932bb5cd94452437a1a077,Madhya Pradesh,Madhya Pradesh,UJJAIN,UJJAIN,UJJAIN(DISTRICT COLLECTOR UJJAIN_IDA),UJJAIN(DISTRICT COLLECTOR UJJAIN_IDA),Normal/Others,Normal/Others,800000.0,2026-04-30T00:00:00.000Z,2026.0,0.0,gram tankariya kazi me shed for workers,gram tankariya kazi me shed for workers,,Shri Anil Firojiya,,UJJAIN,Completed,800000,2026-04-30T00:00:00.000Z,,,,,,,,,,,,Community Centers & Halls,Social Infrastructure
195609.0,6a932bb5cd94452437a1974a,Madhya Pradesh,Madhya Pradesh,CHHINDWARA,CHHINDWARA,CHHINDWARA(DISTRICT COLLECTOR CHHINDWARA_IDA),CHHINDWARA(DISTRICT COLLECTOR CHHINDWARA_IDA),Normal/Others,Normal/Others,500000.0,2026-03-14T00:00:00.000Z,2026.0,0.0,Construction Two Additional Room in Govt HSS Ridhora,Construction Two Additional Room in Govt HSS Ridhora,,BUNTY VIVEK SAHU,,CHHINDWARA,Completed,500000,2026-03-14T00:00:00.000Z,,,,,,,,,,,,Other Civil & Development Works,General Development & Maintenance
195670.0,6a932bb5cd94452437a18a3a,Madhya Pradesh,Madhya Pradesh,SATNA,SATNA,SATNA(DISTRICT COLLECTOR SATNA_IDA),SATNA(DISTRICT COLLECTOR SATNA_IDA),Normal/Others,Normal/Others,163424.0,2026-03-28T00:00:00.000Z,2026.0,0.0,Gram Panchayat me Pani tankers hetu,Gram Panchayat me Pani tankers hetu,,Ganesh Singh,,SATNA,Completed,163424,2026-03-28T00:00:00.000Z,,,,,,,,,,,,Other Civil & Development Works,General Development & Maintenance
195672.0,6a932bb5cd94452437a18a3d,Madhya Pradesh,Madhya Pradesh,SATNA,SATNA,SATNA(DISTRICT COLLECTOR SATNA_IDA),SATNA(DISTRICT COLLECTOR SATNA_IDA),Normal/Others,Normal/Others,163424.0,2026-03-28T00:00:00.000Z,2026.0,0.0,Gram Panchayat me Pani tankers hetu,Gram Panchayat me Pani tankers hetu,,Ganesh Singh,,SATNA,Completed,163424,2026-03-28T00:00:00.000Z,,,,,,,,,,,,Other Civil & Development Works,General Development & Maintenance
195674.0,6a932bb5cd94452437a18eea,Madhya Pradesh,Madhya Pradesh,SATNA,SATNA,SATNA(DISTRICT COLLECTOR SATNA_IDA),SATNA(DISTRICT COLLECTOR SATNA_IDA),Normal/Others,Normal/Others,163424.0,2026-03-27T00:00:00.000Z,2026.0,0.0,Gram Panchayat me Pani tankers hetu,Gram Panchayat me Pani tankers hetu,,Ganesh Singh,,SATNA,Completed,163424,2026-03-27T00:00:00.000Z,,,,,,,,,,,,Other Civil & Development Works,General Development & Maintenance
195677.0,6a932bb5cd94452437a18ef5,Madhya Pradesh,Madhya Pradesh,SATNA,SATNA,SATNA(DISTRICT COLLECTOR SATNA_IDA),SATNA(DISTRICT COLLECTOR SATNA_IDA),Normal/Others,Normal/Others,163424.0,2026-03-27T00:00:00.000Z,2026.0,0.0,Gram panchayat me pani tankers hetu,Gram panchayat me pani tankers hetu,,Ganesh Singh,,SATNA,Completed,163424,2026-03-27T00:00:00.000Z,,,,,,,,,,,,Other Civil & Development Works,General Development & Maintenance
195679.0,6a932bb5cd94452437a18ef3,Madhya Pradesh,Madhya Pradesh,SATNA,SATNA,SATNA(DISTRICT COLLECTOR SATNA_IDA),SATNA(DISTRICT COLLECTOR SATNA_IDA),Normal/Others,Normal/Others,163424.0,2026-03-27T00:00:00.000Z,2026.0,0.0,Gram panchayat me pani tankers hetu,Gram panchayat me pani tankers hetu,,Ganesh Singh,,SATNA,Completed,163424,2026-03-27T00:00:00.000Z,,,,,,,,,,,,Other Civil & Development Works,General Development & Maintenance
195681.0,6a932bb5cd94452437a18ef1,Madhya Pradesh,Madhya Pradesh,SATNA,SATNA,SATNA(DISTRICT COLLECTOR SATNA_IDA),SATNA(DISTRICT COLLECTOR SATNA_IDA),Normal/Others,Normal/Others,163424.0,2026-03-28T00:00:00.000Z,2026.0,0.0,Gram panchayat me pani tankers hetu,Gram panchayat me pani tankers hetu,,Ganesh Singh,,SATNA,Completed,163424,2026-03-28T00:00:00.000Z,,,,,,,,,,,,Other Civil & Development Works,General Development & Maintenance
195683.0,6a932bb5cd94452437a18eef,Madhya Pradesh,Madhya Pradesh,SATNA,SATNA,SATNA(DISTRICT COLLECTOR SATNA_IDA),SATNA(DISTRICT COLLECTOR SATNA_IDA),Normal/Others,Normal/Others,163424.0,2026-03-28T00:00:00.000Z,2026.0,0.0,Gram panchayat me pani tankers hetu,Gram panchayat me pani tankers hetu,,Ganesh Singh,,SATNA,Completed,163424,2026-03-28T00:00:00.000Z,,,,,,,,,,,,Other Civil & Development Works,General Development & Maintenance
195687.0,6a932bb5cd94452437a18fc8,Madhya Pradesh,Madhya Pradesh,SATNA,SATNA,SATNA(DISTRICT COLLECTOR SATNA_IDA),SATNA(DISTRICT COLLECTOR SATNA_IDA),Normal/Others,Normal/Others,163424.0,2026-03-28T00:00:00.000Z,2026.0,0.0,Gram panchayat me pani tankers hetu,Gram panchayat me pani tankers hetu,,Ganesh Singh,,SATNA,Completed,163424,2026-03-28T00:00:00.000Z,,,,,,,,,,,,Other Civil & Development Works,General Development & Maintenance
195690.0,6a932bb5cd94452437a18ca6,Madhya Pradesh,Madhya Pradesh,SATNA,SATNA,SATNA(DISTRICT COLLECTOR SATNA_IDA),SATNA(DISTRICT COLLECTOR SATNA_IDA),Normal/Others,Normal/Others,163424.0,2026-03-28T00:00:00.000Z,2026.0,0.0,Gram panchayat me pani tankers hetu,Gram panchayat me pani tankers hetu,,Ganesh Singh,,SATNA,Completed,163424,2026-03-28T00:00:00.000Z,,,,,,,,,,,,Other Civil & Development Works,General Development & Maintenance
195692.0,6a932bb5cd94452437a19118,Madhya Pradesh,Madhya Pradesh,SATNA,SATNA,SATNA(DISTRICT COLLECTOR SATNA_IDA),SATNA(DISTRICT COLLECTOR SATNA_IDA),Normal/Others,Normal/Others,163424.0,2026-03-26T00:00:00.000Z,2026.0,0.0,Gram panchayat me pani tankers hetu,Gram panchayat me pani tankers hetu,,Ganesh Singh,,SATNA,Completed,163424,2026-03-26T00:00:00.000Z,,,,,,,,,,,,Other Civil & Development Works,General Development & Maintenance
195694.0,6a932bb5cd94452437a19112,Madhya Pradesh,Madhya Pradesh,SATNA,SATNA,SATNA(DISTRICT COLLECTOR SATNA_IDA),SATNA(DISTRICT COLLECTOR SATNA_IDA),Normal/Others,Normal/Others,163424.0,2026-03-28T00:00:00.000Z,2026.0,0.0,Gram panchayat me pani tankers hetu,Gram panchayat me pani tankers hetu,,Ganesh Singh,,SATNA,Completed,163424,2026-03-28T00:00:00.000Z,,,,,,,,,,,,Other Civil & Development Works,General Development & Maintenance
195696.0,6a932bb5cd94452437a18ca3,Madhya Pradesh,Madhya Pradesh,SATNA,SATNA,SATNA(DISTRICT COLLECTOR SATNA_IDA),SATNA(DISTRICT COLLECTOR SATNA_IDA),Normal/Others,Normal/Others,163424.0,2026-03-27T00:00:00.000Z,2026.0,0.0,Gram panchayat me pani tankers hetu,Gram panchayat me pani tankers hetu,,Ganesh Singh,,SATNA,Completed,163424,2026-03-27T00:00:00.000Z,,,,,,,,,,,,Other Civil & Development Works,General Development & Maintenance
195698.0,6a932bb5cd94452437a18ca4,Madhya Pradesh,Madhya Pradesh,SATNA,SATNA,SATNA(DISTRICT COLLECTOR SATNA_IDA),SATNA(DISTRICT COLLECTOR SATNA_IDA),Normal/Others,Normal/Others,163424.0,2026-03-27T00:00:00.000Z,2026.0,0.0,Gram panchayat me pani tankers hetu,Gram panchayat me pani tankers hetu,,Ganesh Singh,,SATNA,Completed,163424,2026-03-27T00:00:00.000Z,,,,,,,,,,,,Other Civil & Development Works,General Development & Maintenance
195700.0,6a932bb5cd94452437a18cab,Madhya Pradesh,Madhya Pradesh,SATNA,SATNA,SATNA(DISTRICT COLLECTOR SATNA_IDA),SATNA(DISTRICT COLLECTOR SATNA_IDA),Normal/Others,Normal/Others,163424.0,2026-03-27T00:00:00.000Z,2026.0,0.0,Gram panchayat me pani tankers hetu,Gram panchayat me pani tankers hetu,,Ganesh Singh,,SATNA,Completed,163424,2026-03-27T00:00:00.000Z,,,,,,,,,,,,Other Civil & Development Works,General Development & Maintenance
195702.0,6a932bb5cd94452437a18cb1,Madhya Pradesh,Madhya Pradesh,SATNA,SATNA,SATNA(DISTRICT COLLECTOR SATNA_IDA),SATNA(DISTRICT COLLECTOR SATNA_IDA),Normal/Others,Normal/Others,163424.0,2026-03-27T00:00:00.000Z,2026.0,0.0,Gram panchayat me pani tankers hetu,Gram panchayat me pani tankers hetu,,Ganesh Singh,,SATNA,Completed,163424,2026-03-27T00:00:00.000Z,,,,,,,,,,,,Other Civil & Development Works,General Development & Maintenance
195704.0,6a932bb5cd94452437a1912b,Madhya Pradesh,Madhya Pradesh,SATNA,SATNA,SATNA(DISTRICT COLLECTOR SATNA_IDA),SATNA(DISTRICT COLLECTOR SATNA_IDA),Normal/Others,Normal/Others,163424.0,2026-03-27T00:00:00.000Z,2026.0,0.0,Gram panchayat me pani tankers hetu,Gram panchayat me pani tankers hetu,,Ganesh Singh,,SATNA,Completed,163424,2026-03-27T00:00:00.000Z,,,,,,,,,,,,Other Civil & Development Works,General Development & Maintenance
195706.0,6a932bb5cd94452437a19124,Madhya Pradesh,Madhya Pradesh,SATNA,SATNA,SATNA(DISTRICT COLLECTOR SATNA_IDA),SATNA(DISTRICT COLLECTOR SATNA_IDA),Normal/Others,Normal/Others,163424.0,2026-03-27T00:00:00.000Z,2026.0,0.0,Gram panchayat me pani tankers hetu,Gram panchayat me pani tankers hetu,,Ganesh Singh,,SATNA,Completed,163424,2026-03-27T00:00:00.000Z,,,,,,,,,,,,Other Civil & Development Works,General Development & Maintenance
195708.0,6a932bb5cd94452437a1911d,Madhya Pradesh,Madhya Pradesh,SATNA,SATNA,SATNA(DISTRICT COLLECTOR SATNA_IDA),SATNA(DISTRICT COLLECTOR SATNA_IDA),Normal/Others,Normal/Others,163424.0,2026-03-27T00:00:00.000Z,2026.0,0.0,Gram panchayat me pani tankers hetu,Gram panchayat me pani tankers hetu,,Ganesh Singh,,SATNA,Completed,163424,2026-03-27T00:00:00.000Z,,,,,,,,,,,,Other Civil & Development Works,General Development & Maintenance
195710.0,6a932bb5cd94452437a1911b,Madhya Pradesh,Madhya Pradesh,SATNA,SATNA,SATNA(DISTRICT COLLECTOR SATNA_IDA),SATNA(DISTRICT COLLECTOR SATNA_IDA),Normal/Others,Normal/Others,163424.0,2026-03-27T00:00:00.000Z,2026.0,0.0,Gram panchayat me pani tankers hetu,Gram panchayat me pani tankers hetu,,Ganesh Singh,,SATNA,Completed,163424,2026-03-27T00:00:00.000Z,,,,,,,,,,,,Other Civil & Development Works,General Development & Maintenance
195712.0,6a932bb5cd94452437a1922f,Madhya Pradesh,Madhya Pradesh,SATNA,SATNA,SATNA(DISTRICT COLLECTOR SATNA_IDA),SATNA(DISTRICT COLLECTOR SATNA_IDA),Normal/Others,Normal/Others,163424.0,2026-03-27T00:00:00.000Z,2026.0,0.0,Nagar panchayat me pani tankers hetu,Nagar panchayat me pani tankers hetu,,Ganesh Singh,,SATNA,Completed,163424,2026-03-27T00:00:00.000Z,,,,,,,,,,,,Other Civil & Development Works,General Development & Maintenance
195714.0,6a932bb5cd94452437a1923a,Madhya Pradesh,Madhya Pradesh,SATNA,SATNA,SATNA(DISTRICT COLLECTOR SATNA_IDA),SATNA(DISTRICT COLLECTOR SATNA_IDA),Normal/Others,Normal/Others,163424.0,2026-03-27T00:00:00.000Z,2026.0,0.0,Nagar panchayat me pani tankers hetu,Nagar panchayat me pani tankers hetu,,Ganesh Singh,,SATNA,Completed,163424,2026-03-27T00:00:00.000Z,,,,,,,,,,,,Other Civil & Development Works,General Development & Maintenance
195716.0,6a932bb5cd94452437a1923f,Madhya Pradesh,Madhya Pradesh,SATNA,SATNA,SATNA(DISTRICT COLLECTOR SATNA_IDA),SATNA(DISTRICT COLLECTOR SATNA_IDA),Normal/Others,Normal/Others,163424.0,2026-03-27T00:00:00.000Z,2026.0,0.0,Nagar panchayat me pani tankers hetu,Nagar panchayat me pani tankers hetu,,Ganesh Singh,,SATNA,Completed,163424,2026-03-27T00:00:00.000Z,,,,,,,,,,,,Other Civil & Development Works,General Development & Maintenance
195805.0,6a932bb5cd94452437a1895c,Madhya Pradesh,Madhya Pradesh,SAGAR,SAGAR,SAGAR(DISTRICT COLLECTOR SAGAR_IDA),SAGAR(DISTRICT COLLECTOR SAGAR_IDA),Normal/Others,Normal/Others,2599420.0,2025-06-24T00:00:00.000Z,2025.0,0.0,as per recommendation letter attached,as per recommendation letter attached,,DR. LATA WANKHEDE,,SAGAR,Completed,2599420,2025-06-24T00:00:00.000Z,,,,,,,,,,,,Other Civil & Development Works,General Development & Maintenance
195926.0,6a932bb5cd94452437a1b925,Madhya Pradesh,Madhya Pradesh,SATNA,SATNA,Maihar(District Collector Maihar_IDA),Maihar(District Collector Maihar_IDA),Normal/Others,Normal/Others,163424.0,2026-03-28T00:00:00.000Z,2026.0,0.0,Gram panchayat me pani tankers hetu,Gram panchayat me pani tankers hetu,,Ganesh Singh,,SATNA,Completed,163424,2026-03-28T00:00:00.000Z,,,,,,,,,,,,Other Civil & Development Works,General Development & Maintenance
195928.0,6a932bb5cd94452437a1b634,Madhya Pradesh,Madhya Pradesh,SATNA,SATNA,Maihar(District Collector Maihar_IDA),Maihar(District Collector Maihar_IDA),Normal/Others,Normal/Others,163424.0,2026-03-28T00:00:00.000Z,2026.0,0.0,Gram panchayat me pani tankers hetu,Gram panchayat me pani tankers hetu,,Ganesh Singh,,SATNA,Completed,163424,2026-03-28T00:00:00.000Z,,,,,,,,,,,,Other Civil & Development Works,General Development & Maintenance
195932.0,6a932bb5cd94452437a1b636,Madhya Pradesh,Madhya Pradesh,SATNA,SATNA,Maihar(District Collector Maihar_IDA),Maihar(District Collector Maihar_IDA),Normal/Others,Normal/Others,163424.0,2026-03-28T00:00:00.000Z,2026.0,0.0,Gram panchayat me pani tankers hetu,Gram panchayat me pani tankers hetu,,Ganesh Singh,,SATNA,Completed,163424,2026-03-28T00:00:00.000Z,,,,,,,,,,,,Other Civil & Development Works,General Development & Maintenance
195934.0,6a932bb5cd94452437a1b639,Madhya Pradesh,Madhya Pradesh,SATNA,SATNA,Maihar(District Collector Maihar_IDA),Maihar(District Collector Maihar_IDA),Normal/Others,Normal/Others,163424.0,2026-03-28T00:00:00.000Z,2026.0,0.0,Gram panchayat me pani tankers hetu,Gram panchayat me pani tankers hetu,,Ganesh Singh,,SATNA,Completed,163424,2026-03-28T00:00:00.000Z,,,,,,,,,,,,Other Civil & Development Works,General Development & Maintenance
195943.0,6a932bb5cd94452437a19370,Madhya Pradesh,Madhya Pradesh,SATNA,SATNA,Maihar(District Collector Maihar_IDA),Maihar(District Collector Maihar_IDA),Normal/Others,Normal/Others,160761.0,2026-03-28T00:00:00.000Z,2026.0,0.0,Gram panchayat me pani tankers hetu,Gram panchayat me pani tankers hetu,,Ganesh Singh,,SATNA,Completed,160761,2026-03-28T00:00:00.000Z,,,,,,,,,,,,Other Civil & Development Works,General Development & Maintenance
195945.0,6a932bb5cd94452437a19232,Madhya Pradesh,Madhya Pradesh,SATNA,SATNA,SATNA(DISTRICT COLLECTOR SATNA_IDA),SATNA(DISTRICT COLLECTOR SATNA_IDA),Normal/Others,Normal/Others,159200.0,2026-03-28T00:00:00.000Z,2026.0,0.0,Gram panchayat me pani tankers hetu,Gram panchayat me pani tankers hetu,,Ganesh Singh,,SATNA,Completed,159200,2026-03-28T00:00:00.000Z,,,,,,,,,,,,Other Civil & Development Works,General Development & Maintenance
195947.0,6a932bb5cd94452437a19237,Madhya Pradesh,Madhya Pradesh,SATNA,SATNA,SATNA(DISTRICT COLLECTOR SATNA_IDA),SATNA(DISTRICT COLLECTOR SATNA_IDA),Normal/Others,Normal/Others,159200.0,2026-03-28T00:00:00.000Z,2026.0,0.0,Gram panchayat me pani tankers hetu,Gram panchayat me pani tankers hetu,,Ganesh Singh,,SATNA,Completed,159200,2026-03-28T00:00:00.000Z,,,,,,,,,,,,Other Civil & Development Works,General Development & Maintenance
196076.0,6a932bb5cd94452437a192d3,Madhya Pradesh,Madhya Pradesh,INDORE,INDORE,INDORE(DISTRICT COLLECTOR INDORE_IDA),INDORE(DISTRICT COLLECTOR INDORE_IDA),Normal/Others,Normal/Others,435023.0,2025-08-25T00:00:00.000Z,2025.0,0.0,Tube well mining with Motor pump installation including recharge pit for public use in Vyenktesh nagar  back side of hanuman Mandir  Ward 16 Vidhansabha Indore-01 District Indore,Tube well mining with Motor pump installation including recharge pit for public use in Vyenktesh nagar  back side of hanuman Mandir  Ward 16 Vidhansabha Indore-01 District Indore,,Shankar Lalwani,,INDORE,Completed,435023,2025-08-25T00:00:00.000Z,,,,,,,,,,,,Drinking Water Supply,Public Health & Basic Amenities
196083.0,6a932bb5cd94452437a19f48,Madhya Pradesh,Madhya Pradesh,INDORE,INDORE,INDORE(DISTRICT COLLECTOR INDORE_IDA),INDORE(DISTRICT COLLECTOR INDORE_IDA),Normal/Others,Normal/Others,434331.0,2025-11-07T00:00:00.000Z,2025.0,0.0,Tube well mining with Motor pump installation including recharge pit for public use near Gurudwara Baba Munda Sahib in Tejaji Nagar VS Rau District Indore,Tube well mining with Motor pump installation including recharge pit for public use near Gurudwara Baba Munda Sahib in Tejaji Nagar VS Rau District Indore,,Shankar Lalwani,,INDORE,Completed,434331,2025-11-07T00:00:00.000Z,,,,,,,,,,,,Drinking Water Supply,Public Health & Basic Amenities
196553.0,6a932bb5cd94452437a1b640,Madhya Pradesh,Madhya Pradesh,SATNA,SATNA,Maihar(District Collector Maihar_IDA),Maihar(District Collector Maihar_IDA),Normal/Others,Normal/Others,163424.0,2026-03-28T00:00:00.000Z,2026.0,0.0,Gram panchayat me pani tankers hetu,Gram panchayat me pani tankers hetu,,Ganesh Singh,,SATNA,Completed,163424,2026-03-28T00:00:00.000Z,,,,,,,,,,,,Other Civil & Development Works,General Development & Maintenance
196569.0,6a932bb5cd94452437a18cbc,Madhya Pradesh,Madhya Pradesh,SATNA,SATNA,SATNA(DISTRICT COLLECTOR SATNA_IDA),SATNA(DISTRICT COLLECTOR SATNA_IDA),Normal/Others,Normal/Others,499900.0,2026-01-29T00:00:00.000Z,2026.0,0.0,Gram panchayat ghughchihai me PCC Road hetu,Gram panchayat ghughchihai me PCC Road hetu,,Ganesh Singh,,SATNA,Completed,499900,2026-01-29T00:00:00.000Z,,,,,,,,,,,,Roads & Pathways,Physical Infrastructure
196572.0,6a932bb5cd94452437a1c77c,Madhya Pradesh,Madhya Pradesh,SATNA,SATNA,SATNA(DISTRICT COLLECTOR SATNA_IDA),SATNA(DISTRICT COLLECTOR SATNA_IDA),Normal/Others,Normal/Others,499800.0,2026-02-17T00:00:00.000Z,2026.0,0.0,Gram panchayat me PCC Road hetu,Gram panchayat me PCC Road hetu,,Ganesh Singh,,SATNA,Completed,499800,2026-02-17T00:00:00.000Z,,,,,,,,,,,,Roads & Pathways,Physical Infrastructure
196575.0,6a932bb5cd94452437a1922a,Madhya Pradesh,Madhya Pradesh,SATNA,SATNA,Maihar(District Collector Maihar_IDA),Maihar(District Collector Maihar_IDA),Normal/Others,Normal/Others,499600.0,2025-11-10T00:00:00.000Z,2025.0,0.0,Gram panchayat  me PCC Road hetu,Gram panchayat  me PCC Road hetu,,Ganesh Singh,,SATNA,Completed,499600,2025-11-10T00:00:00.000Z,,,,,,,,,,,,Roads & Pathways,Physical Infrastructure
197425.0,6a932bb5cd94452437a1a074,Madhya Pradesh,Madhya Pradesh,CHHINDWARA,CHHINDWARA,Pandhurna(District Collector Pandhurna_IDA),Pandhurna(District Collector Pandhurna_IDA),Normal/Others,Normal/Others,1000000.0,2026-01-12T00:00:00.000Z,2026.0,0.0,Construction Of Samudaik Bhavan (Pawar Samaj Sangathan) BadChicholi Pandhurna,Construction Of Samudaik Bhavan (Pawar Samaj Sangathan) BadChicholi Pandhurna,,BUNTY VIVEK SAHU,,CHHINDWARA,Completed,1000000,2026-01-12T00:00:00.000Z,,,,,,,,,,,,Community Centers & Halls,Social Infrastructure
197888.0,6a932bb5cd94452437a1a18e,Madhya Pradesh,Madhya Pradesh,UJJAIN,UJJAIN,UJJAIN(DISTRICT COLLECTOR UJJAIN_IDA),UJJAIN(DISTRICT COLLECTOR UJJAIN_IDA),Normal/Others,Normal/Others,159212.0,2025-09-11T00:00:00.000Z,2025.0,0.0,gram sohad gp doulatpur me GI water tankers 5500 leter 900 16,gram sohad gp doulatpur me GI water tankers 5500 leter 900 16,,Shri Anil Firojiya,,UJJAIN,Completed,159212,2025-09-11T00:00:00.000Z,,,,,,,,,,,,Drinking Water Supply,Public Health & Basic Amenities
197890.0,6a932bb5cd94452437a1a1fd,Madhya Pradesh,Madhya Pradesh,UJJAIN,UJJAIN,UJJAIN(DISTRICT COLLECTOR UJJAIN_IDA),UJJAIN(DISTRICT COLLECTOR UJJAIN_IDA),Normal/Others,Normal/Others,159212.0,2025-09-12T00:00:00.000Z,2025.0,0.0,gram bamora me GI water tankers 5500 leter 900 16,gram bamora me GI water tankers 5500 leter 900 16,,Shri Anil Firojiya,,UJJAIN,Completed,159212,2025-09-12T00:00:00.000Z,,,,,,,,,,,,Drinking Water Supply,Public Health & Basic Amenities
197892.0,6a932bb5cd94452437a1a1f9,Madhya Pradesh,Madhya Pradesh,UJJAIN,UJJAIN,UJJAIN(DISTRICT COLLECTOR UJJAIN_IDA),UJJAIN(DISTRICT COLLECTOR UJJAIN_IDA),Normal/Others,Normal/Others,159212.0,2025-09-12T00:00:00.000Z,2025.0,0.0,gram raghopiplya me GI water tankers 5500 leter 900 16,gram raghopiplya me GI water tankers 5500 leter 900 16,,Shri Anil Firojiya,,UJJAIN,Completed,159212,2025-09-12T00:00:00.000Z,,,,,,,,,,,,Drinking Water Supply,Public Health & Basic Amenities
197894.0,6a932bb5cd94452437a1a1f5,Madhya Pradesh,Madhya Pradesh,UJJAIN,UJJAIN,UJJAIN(DISTRICT COLLECTOR UJJAIN_IDA),UJJAIN(DISTRICT COLLECTOR UJJAIN_IDA),Normal/Others,Normal/Others,159212.0,2025-09-12T00:00:00.000Z,2025.0,0.0,gram kokalkhedi gp jamalpura me GI water tankers 5500 leter 900 16,gram kokalkhedi gp jamalpura me GI water tankers 5500 leter 900 16,,Shri Anil Firojiya,,UJJAIN,Completed,159212,2025-09-12T00:00:00.000Z,,,,,,,,,,,,Drinking Water Supply,Public Health & Basic Amenities
197897.0,6a932bb5cd94452437a1a249,Madhya Pradesh,Madhya Pradesh,UJJAIN,UJJAIN,UJJAIN(DISTRICT COLLECTOR UJJAIN_IDA),UJJAIN(DISTRICT COLLECTOR UJJAIN_IDA),Normal/Others,Normal/Others,159212.0,2025-09-15T00:00:00.000Z,2025.0,0.0,gram devrakhedi gp akasoda me GI water tankers 5500 leter 900 16,gram devrakhedi gp akasoda me GI water tankers 5500 leter 900 16,,Shri Anil Firojiya,,UJJAIN,Completed,159212,2025-09-15T00:00:00.000Z,,,,,,,,,,,,Drinking Water Supply,Public Health & Basic Amenities
197899.0,6a932bb5cd94452437a1a240,Madhya Pradesh,Madhya Pradesh,UJJAIN,UJJAIN,UJJAIN(DISTRICT COLLECTOR UJJAIN_IDA),UJJAIN(DISTRICT COLLECTOR UJJAIN_IDA),Normal/Others,Normal/Others,159212.0,2025-09-15T00:00:00.000Z,2025.0,0.0,gram gondiya me GI water tankers 5500 leter 900 16,gram gondiya me GI water tankers 5500 leter 900 16,,Shri Anil Firojiya,,UJJAIN,Completed,159212,2025-09-15T00:00:00.000Z,,,,,,,,,,,,Drinking Water Supply,Public Health & Basic Amenities
197904.0,6a932bb5cd94452437a199c6,Madhya Pradesh,Madhya Pradesh,UJJAIN,UJJAIN,UJJAIN(DISTRICT COLLECTOR UJJAIN_IDA),UJJAIN(DISTRICT COLLECTOR UJJAIN_IDA),Normal/Others,Normal/Others,159212.0,2025-08-20T00:00:00.000Z,2025.0,0.0,gram baghera me GI water tankers 5500 leter 900 16,gram baghera me GI water tankers 5500 leter 900 16,,Shri Anil Firojiya,,UJJAIN,Completed,159212,2025-08-20T00:00:00.000Z,,,,,,,,,,,,Drinking Water Supply,Public Health & Basic Amenities
197906.0,6a932bb5cd94452437a199ca,Madhya Pradesh,Madhya Pradesh,UJJAIN,UJJAIN,UJJAIN(DISTRICT COLLECTOR UJJAIN_IDA),UJJAIN(DISTRICT COLLECTOR UJJAIN_IDA),Normal/Others,Normal/Others,159212.0,2025-08-20T00:00:00.000Z,2025.0,0.0,gram limbadit me GI water tankers 5500 leter 900 16,gram limbadit me GI water tankers 5500 leter 900 16,,Shri Anil Firojiya,,UJJAIN,Completed,159212,2025-08-20T00:00:00.000Z,,,,,,,,,,,,Drinking Water Supply,Public Health & Basic Amenities
197908.0,6a932bb5cd94452437a199cd,Madhya Pradesh,Madhya Pradesh,UJJAIN,UJJAIN,UJJAIN(DISTRICT COLLECTOR UJJAIN_IDA),UJJAIN(DISTRICT COLLECTOR UJJAIN_IDA),Normal/Others,Normal/Others,159212.0,2025-08-20T00:00:00.000Z,2025.0,0.0,gram rawankhedi me GI water tankers 5500 leter 900 16,gram rawankhedi me GI water tankers 5500 leter 900 16,,Shri Anil Firojiya,,UJJAIN,Completed,159212,2025-08-20T00:00:00.000Z,,,,,,,,,,,,Drinking Water Supply,Public Health & Basic Amenities
197910.0,6a932bb5cd94452437a199d0,Madhya Pradesh,Madhya Pradesh,UJJAIN,UJJAIN,UJJAIN(DISTRICT COLLECTOR UJJAIN_IDA),UJJAIN(DISTRICT COLLECTOR UJJAIN_IDA),Normal/Others,Normal/Others,159212.0,2025-08-20T00:00:00.000Z,2025.0,0.0,gram khambukhedi me GI water tankers 5500 leter 900 16,gram khambukhedi me GI water tankers 5500 leter 900 16,,Shri Anil Firojiya,,UJJAIN,Completed,159212,2025-08-20T00:00:00.000Z,,,,,,,,,,,,Drinking Water Supply,Public Health & Basic Amenities
197925.0,6a932bb5cd94452437a199bc,Madhya Pradesh,Madhya Pradesh,UJJAIN,UJJAIN,UJJAIN(DISTRICT COLLECTOR UJJAIN_IDA),UJJAIN(DISTRICT COLLECTOR UJJAIN_IDA),Normal/Others,Normal/Others,159212.0,2025-08-20T00:00:00.000Z,2025.0,0.0,gram harsodan me GI water tankers 5500 leter 900 16,gram harsodan me GI water tankers 5500 leter 900 16,,Shri Anil Firojiya,,UJJAIN,Completed,159212,2025-08-20T00:00:00.000Z,,,,,,,,,,,,Drinking Water Supply,Public Health & Basic Amenities
197927.0,6a932bb5cd94452437a1cb00,Madhya Pradesh,Madhya Pradesh,UJJAIN,UJJAIN,UJJAIN(DISTRICT COLLECTOR UJJAIN_IDA),UJJAIN(DISTRICT COLLECTOR UJJAIN_IDA),Normal/Others,Normal/Others,159212.0,2026-01-29T00:00:00.000Z,2026.0,0.0,gram parmarkhedi me GI water tankers 5500 leter 900 16,gram parmarkhedi me GI water tankers 5500 leter 900 16,,Shri Anil Firojiya,,UJJAIN,Completed,159212,2026-01-29T00:00:00.000Z,,,,,,,,,,,,Drinking Water Supply,Public Health & Basic Amenities
197929.0,6a932bb5cd94452437a1b9b8,Madhya Pradesh,Madhya Pradesh,UJJAIN,UJJAIN,UJJAIN(DISTRICT COLLECTOR UJJAIN_IDA),UJJAIN(DISTRICT COLLECTOR UJJAIN_IDA),Normal/Others,Normal/Others,159212.0,2025-11-28T00:00:00.000Z,2025.0,0.0,gram nandiyasi me GI water tankers 5500 leter 900 16,gram nandiyasi me GI water tankers 5500 leter 900 16,,Shri Anil Firojiya,,UJJAIN,Completed,159212,2025-11-28T00:00:00.000Z,,,,,,,,,,,,Drinking Water Supply,Public Health & Basic Amenities
197931.0,6a932bb5cd94452437a1a196,Madhya Pradesh,Madhya Pradesh,UJJAIN,UJJAIN,UJJAIN(DISTRICT COLLECTOR UJJAIN_IDA),UJJAIN(DISTRICT COLLECTOR UJJAIN_IDA),Normal/Others,Normal/Others,159212.0,2025-09-11T00:00:00.000Z,2025.0,0.0,gram banbani me GI water tankers 5500 leter 900 16,gram banbani me GI water tankers 5500 leter 900 16,,Shri Anil Firojiya,,UJJAIN,Completed,159212,2025-09-11T00:00:00.000Z,,,,,,,,,,,,Drinking Water Supply,Public Health & Basic Amenities
198006.0,6a932bb5cd94452437a18cb3,Madhya Pradesh,Madhya Pradesh,SHAHDOL,SHAHDOL,ANUPPUR(DISTRICT COLLECTOR ANUPPUR_IDA),ANUPPUR(DISTRICT COLLECTOR ANUPPUR_IDA),Normal/Others,Normal/Others,999700.0,2026-08-24T00:00:00.000Z,2026.0,0.0,RCC culvert construction work near Nanda Gond farm on the main road Deori to Jamgaon road. Implementing agency - Gram Panchayat,RCC culvert construction work near Nanda Gond farm on the main road Deori to Jamgaon road. Implementing agency - Gram Panchayat,,Smt Himadri Singh,,SHAHDOL,Completed,999700,2026-08-24T00:00:00.000Z,,,,,,,,,,,,Roads & Pathways,Physical Infrastructure
198036.0,6a932bb5cd94452437a19164,Madhya Pradesh,Madhya Pradesh,UJJAIN,UJJAIN,RATLAM(District Collector Ratlam_IDA),RATLAM(District Collector Ratlam_IDA),Normal/Others,Normal/Others,159212.0,2025-07-18T00:00:00.000Z,2025.0,0.0,gram jhangariya gp gulbalod me GI water tankers 5500 leter 900 16,gram jhangariya gp gulbalod me GI water tankers 5500 leter 900 16,,Shri Anil Firojiya,,UJJAIN,Completed,159212,2025-07-18T00:00:00.000Z,,,,,,,,,,,,Drinking Water Supply,Public Health & Basic Amenities
198155.0,6a932bb5cd94452437a18a7d,Madhya Pradesh,Madhya Pradesh,SATNA,SATNA,SATNA(DISTRICT COLLECTOR SATNA_IDA),SATNA(DISTRICT COLLECTOR SATNA_IDA),Normal/Others,Normal/Others,500000.0,2026-03-17T00:00:00.000Z,2026.0,0.0,Gram Panchayat PCC Road  Nirman hetu,Gram Panchayat PCC Road  Nirman hetu,,Ganesh Singh,,SATNA,Completed,500000,2026-03-17T00:00:00.000Z,,,,,,,,,,,,Roads & Pathways,Physical Infrastructure
198158.0,6a932bb5cd94452437a1a867,Madhya Pradesh,Madhya Pradesh,SATNA,SATNA,SATNA(DISTRICT COLLECTOR SATNA_IDA),SATNA(DISTRICT COLLECTOR SATNA_IDA),Normal/Others,Normal/Others,500000.0,2026-05-13T00:00:00.000Z,2026.0,0.0,Gram Panchayat PCC Road Nirman hetu,Gram Panchayat PCC Road Nirman hetu,,Ganesh Singh,,SATNA,Completed,500000,2026-05-13T00:00:00.000Z,,,,,,,,,,,,Roads & Pathways,Physical Infrastructure
198460.0,6a932bb5cd94452437a18ea1,Madhya Pradesh,Madhya Pradesh,DHAR,DHAR,DHAR(DISTRICT COLLECTOR DHAR_IDA),DHAR(DISTRICT COLLECTOR DHAR_IDA),Normal/Others,Normal/Others,1000000.0,2025-10-04T00:00:00.000Z,2025.0,0.0,gram bamanda me ajaja basti me cc road nirman,gram bamanda me ajaja basti me cc road nirman,,SAVITRI THAKUR,,DHAR,Completed,1000000,2025-10-04T00:00:00.000Z,,,,,,,,,,,,Roads & Pathways,Physical Infrastructure
198464.0,6a932bb5cd94452437a19ce1,Madhya Pradesh,Madhya Pradesh,DHAR,DHAR,DHAR(DISTRICT COLLECTOR DHAR_IDA),DHAR(DISTRICT COLLECTOR DHAR_IDA),Normal/Others,Normal/Others,1500000.0,2025-12-19T00:00:00.000Z,2025.0,0.0,mohan ke khet ke pas puliya nirman,mohan ke khet ke pas puliya nirman,,SAVITRI THAKUR,,DHAR,Completed,1500000,2025-12-19T00:00:00.000Z,,,,,,,,,,,,Other Civil & Development Works,General Development & Maintenance
198653.0,6a932bb5cd94452437a1990c,Madhya Pradesh,Madhya Pradesh,DHAR,DHAR,DHAR(DISTRICT COLLECTOR DHAR_IDA),DHAR(DISTRICT COLLECTOR DHAR_IDA),Normal/Others,Normal/Others,297243.0,2026-03-07T00:00:00.000Z,2026.0,0.0,street light work nadi graund gandhwani,street light work nadi graund gandhwani,,SAVITRI THAKUR,,DHAR,Completed,297243,2026-03-07T00:00:00.000Z,,,,,,,,,,,,"Electricity, Lighting & Solar Energy",Physical Infrastructure
198655.0,6a932bb5cd94452437a1990d,Madhya Pradesh,Madhya Pradesh,DHAR,DHAR,DHAR(DISTRICT COLLECTOR DHAR_IDA),DHAR(DISTRICT COLLECTOR DHAR_IDA),Normal/Others,Normal/Others,293973.0,2026-03-07T00:00:00.000Z,2026.0,0.0,street light work balwari chouraha gandhwani,street light work balwari chouraha gandhwani,,SAVITRI THAKUR,,DHAR,Completed,293973,2026-03-07T00:00:00.000Z,,,,,,,,,,,,"Electricity, Lighting & Solar Energy",Physical Infrastructure
198911.0,6a932bb5cd94452437a1c2d0,Madhya Pradesh,Madhya Pradesh,BALAGHAT,BALAGHAT,BALAGHAT(DISTRICT COLLECTOR BALAGHAT_IDA),BALAGHAT(DISTRICT COLLECTOR BALAGHAT_IDA),Normal/Others,Normal/Others,618024.0,2025-12-31T00:00:00.000Z,2025.0,0.0,GRAM KHAIRA (LAMTA) MEIN VIDYUTIKARAN KARYA,GRAM KHAIRA (LAMTA) MEIN VIDYUTIKARAN KARYA,,BHARTI PARDHI,,BALAGHAT,Completed,618024,2025-12-31T00:00:00.000Z,,,,,,,,,,,,Other Civil & Development Works,General Development & Maintenance
199813.0,6a932bb5cd94452437a19d67,Madhya Pradesh,Madhya Pradesh,SATNA,SATNA,SATNA(DISTRICT COLLECTOR SATNA_IDA),SATNA(DISTRICT COLLECTOR SATNA_IDA),Normal/Others,Normal/Others,500000.0,2026-02-07T00:00:00.000Z,2026.0,0.0,Gram panchayat me PCC Road Nrman hetu,Gram panchayat me PCC Road Nrman hetu,,Ganesh Singh,,SATNA,Completed,500000,2026-02-07T00:00:00.000Z,,,,,,,,,,,,Roads & Pathways,Physical Infrastructure
199884.0,6a932bb5cd94452437a19902,Madhya Pradesh,Madhya Pradesh,GUNA,GUNA,SHIVPURI(District Collector Shivpuri_IDA),SHIVPURI(District Collector Shivpuri_IDA),Normal/Others,Normal/Others,997056.0,2026-03-13T00:00:00.000Z,2026.0,0.0,CC road construction,CC road construction,,JYOTIRADITYA M. SCINDIA,,GUNA,Completed,997056,2026-03-13T00:00:00.000Z,,,,,,,,,,,,Roads & Pathways,Physical Infrastructure
199886.0,6a932bb5cd94452437a19c0a,Madhya Pradesh,Madhya Pradesh,GUNA,GUNA,SHIVPURI(District Collector Shivpuri_IDA),SHIVPURI(District Collector Shivpuri_IDA),Normal/Others,Normal/Others,1000000.0,2026-01-20T00:00:00.000Z,2026.0,0.0,CC road construction,CC road construction,,JYOTIRADITYA M. SCINDIA,,GUNA,Completed,1000000,2026-01-20T00:00:00.000Z,,,,,,,,,,,,Roads & Pathways,Physical Infrastructure
199888.0,6a932bb5cd94452437a1896f,Madhya Pradesh,Madhya Pradesh,GUNA,GUNA,SHIVPURI(District Collector Shivpuri_IDA),SHIVPURI(District Collector Shivpuri_IDA),Normal/Others,Normal/Others,997937.0,2026-08-14T00:00:00.000Z,2026.0,0.0,CC road construction,CC road construction,,JYOTIRADITYA M. SCINDIA,,GUNA,Completed,997937,2026-08-14T00:00:00.000Z,,,,,,,,,,,,Roads & Pathways,Physical Infrastructure
199891.0,6a932bb5cd94452437a198bc,Madhya Pradesh,Madhya Pradesh,GUNA,GUNA,SHIVPURI(District Collector Shivpuri_IDA),SHIVPURI(District Collector Shivpuri_IDA),Normal/Others,Normal/Others,996291.0,2026-08-19T00:00:00.000Z,2026.0,0.0,CC road construction,CC road construction,,JYOTIRADITYA M. SCINDIA,,GUNA,Completed,996291,2026-08-19T00:00:00.000Z,,,,,,,,,,,,Roads & Pathways,Physical Infrastructure
199893.0,6a932bb5cd94452437a1b1e6,Madhya Pradesh,Madhya Pradesh,BETUL,BETUL,BETUL(DISTRICT COLLECTOR BETUL_IDA),BETUL(DISTRICT COLLECTOR BETUL_IDA),Normal/Others,Normal/Others,259942.0,2026-01-21T00:00:00.000Z,2026.0,0.0,Betul Block ke Gram Panchayat me Yatri prtikshalaya,Betul Block ke Gram Panchayat me Yatri prtikshalaya,,Durga Das Uikey ,,BETUL,Completed,259942,2026-01-21T00:00:00.000Z,,,,,,,,,,,,Other Civil & Development Works,General Development & Maintenance
199895.0,6a932bb5cd94452437a1b1f7,Madhya Pradesh,Madhya Pradesh,BETUL,BETUL,BETUL(DISTRICT COLLECTOR BETUL_IDA),BETUL(DISTRICT COLLECTOR BETUL_IDA),Normal/Others,Normal/Others,259942.0,2026-01-21T00:00:00.000Z,2026.0,0.0,Betul Block ke Gram Panchayat me Yatri prtikshalaya,Betul Block ke Gram Panchayat me Yatri prtikshalaya,,Durga Das Uikey ,,BETUL,Completed,259942,2026-01-21T00:00:00.000Z,,,,,,,,,,,,Other Civil & Development Works,General Development & Maintenance
199897.0,6a932bb5cd94452437a1b1e8,Madhya Pradesh,Madhya Pradesh,BETUL,BETUL,BETUL(DISTRICT COLLECTOR BETUL_IDA),BETUL(DISTRICT COLLECTOR BETUL_IDA),Normal/Others,Normal/Others,259942.0,2026-01-21T00:00:00.000Z,2026.0,0.0,Betul Block ke Gram Panchayat me Yatri prtikshalaya,Betul Block ke Gram Panchayat me Yatri prtikshalaya,,Durga Das Uikey ,,BETUL,Completed,259942,2026-01-21T00:00:00.000Z,,,,,,,,,,,,Other Civil & Development Works,General Development & Maintenance
199899.0,6a932bb5cd94452437a1b1ef,Madhya Pradesh,Madhya Pradesh,BETUL,BETUL,BETUL(DISTRICT COLLECTOR BETUL_IDA),BETUL(DISTRICT COLLECTOR BETUL_IDA),Normal/Others,Normal/Others,259942.0,2026-01-21T00:00:00.000Z,2026.0,0.0,Betul Block ke Gram Panchayat me Yatri prtikshalaya,Betul Block ke Gram Panchayat me Yatri prtikshalaya,,Durga Das Uikey ,,BETUL,Completed,259942,2026-01-21T00:00:00.000Z,,,,,,,,,,,,Other Civil & Development Works,General Development & Maintenance
199902.0,6a932bb5cd94452437a1b21a,Madhya Pradesh,Madhya Pradesh,SATNA,SATNA,SATNA(DISTRICT COLLECTOR SATNA_IDA),SATNA(DISTRICT COLLECTOR SATNA_IDA),Normal/Others,Normal/Others,499600.0,2026-01-27T00:00:00.000Z,2026.0,0.0,Gram panchayat me PCC Road Nirman hetu,Gram panchayat me PCC Road Nirman hetu,,Ganesh Singh,,SATNA,Completed,499600,2026-01-27T00:00:00.000Z,,,,,,,,,,,,Roads & Pathways,Physical Infrastructure
199940.0,6a932bb5cd94452437a1b21f,Madhya Pradesh,Madhya Pradesh,BETUL,BETUL,BETUL(DISTRICT COLLECTOR BETUL_IDA),BETUL(DISTRICT COLLECTOR BETUL_IDA),Normal/Others,Normal/Others,259942.0,2026-01-21T00:00:00.000Z,2026.0,0.0,Block Bhimpur ki Gram Panchayto me Yatri Prtikshalaya ks nirman,Block Bhimpur ki Gram Panchayto me Yatri Prtikshalaya ks nirman,,Durga Das Uikey ,,BETUL,Completed,259942,2026-01-21T00:00:00.000Z,,,,,,,,,,,,Other Civil & Development Works,General Development & Maintenance
199942.0,6a932bb5cd94452437a1c1c2,Madhya Pradesh,Madhya Pradesh,BETUL,BETUL,BETUL(DISTRICT COLLECTOR BETUL_IDA),BETUL(DISTRICT COLLECTOR BETUL_IDA),Normal/Others,Normal/Others,259942.0,2026-01-05T00:00:00.000Z,2026.0,0.0,Block Bhimpur ki Gram Panchayto me Yatri Prtikshalaya ks nirman,Block Bhimpur ki Gram Panchayto me Yatri Prtikshalaya ks nirman,,Durga Das Uikey ,,BETUL,Completed,259942,2026-01-05T00:00:00.000Z,,,,,,,,,,,,Other Civil & Development Works,General Development & Maintenance
199947.0,6a932bb5cd94452437a1b1cb,Madhya Pradesh,Madhya Pradesh,BETUL,BETUL,BETUL(DISTRICT COLLECTOR BETUL_IDA),BETUL(DISTRICT COLLECTOR BETUL_IDA),Normal/Others,Normal/Others,259942.0,2026-01-06T00:00:00.000Z,2026.0,0.0,YATRI PRTIKSHALAYA,YATRI PRTIKSHALAYA,,Durga Das Uikey ,,BETUL,Completed,259942,2026-01-06T00:00:00.000Z,,,,,,,,,,,,Other Civil & Development Works,General Development & Maintenance
199949.0,6a932bb5cd94452437a1b1ee,Madhya Pradesh,Madhya Pradesh,BETUL,BETUL,BETUL(DISTRICT COLLECTOR BETUL_IDA),BETUL(DISTRICT COLLECTOR BETUL_IDA),Normal/Others,Normal/Others,259942.0,2026-01-16T00:00:00.000Z,2026.0,0.0,YATRI PRTIKSHALAYA,YATRI PRTIKSHALAYA,,Durga Das Uikey ,,BETUL,Completed,259942,2026-01-16T00:00:00.000Z,,,,,,,,,,,,Other Civil & Development Works,General Development & Maintenance
199951.0,6a932bb5cd94452437a1b221,Madhya Pradesh,Madhya Pradesh,BETUL,BETUL,BETUL(DISTRICT COLLECTOR BETUL_IDA),BETUL(DISTRICT COLLECTOR BETUL_IDA),Normal/Others,Normal/Others,259942.0,2026-01-06T00:00:00.000Z,2026.0,0.0,YATRI PRTIKSHALAYA,YATRI PRTIKSHALAYA,,Durga Das Uikey ,,BETUL,Completed,259942,2026-01-06T00:00:00.000Z,,,,,,,,,,,,Other Civil & Development Works,General Development & Maintenance
199961.0,6a932bb5cd94452437a1b219,Madhya Pradesh,Madhya Pradesh,BETUL,BETUL,BETUL(DISTRICT COLLECTOR BETUL_IDA),BETUL(DISTRICT COLLECTOR BETUL_IDA),Normal/Others,Normal/Others,259942.0,2026-01-21T00:00:00.000Z,2026.0,0.0,Yatri Prtikshalaya,Yatri Prtikshalaya,,Durga Das Uikey ,,BETUL,Completed,259942,2026-01-21T00:00:00.000Z,,,,,,,,,,,,Other Civil & Development Works,General Development & Maintenance
199965.0,6a932bb5cd94452437a1b1fd,Madhya Pradesh,Madhya Pradesh,BETUL,BETUL,BETUL(DISTRICT COLLECTOR BETUL_IDA),BETUL(DISTRICT COLLECTOR BETUL_IDA),Normal/Others,Normal/Others,259942.0,2026-01-05T00:00:00.000Z,2026.0,0.0,Yatri Pratikshlaya,Yatri Pratikshlaya,,Durga Das Uikey ,,BETUL,Completed,259942,2026-01-05T00:00:00.000Z,,,,,,,,,,,,Other Civil & Development Works,General Development & Maintenance
199968.0,6a932bb5cd94452437a1b216,Madhya Pradesh,Madhya Pradesh,BETUL,BETUL,BETUL(DISTRICT COLLECTOR BETUL_IDA),BETUL(DISTRICT COLLECTOR BETUL_IDA),Normal/Others,Normal/Others,259942.0,2026-01-21T00:00:00.000Z,2026.0,0.0,Yatri Pratikshlaya,Yatri Pratikshlaya,,Durga Das Uikey ,,BETUL,Completed,259942,2026-01-21T00:00:00.000Z,,,,,,,,,,,,Other Civil & Development Works,General Development & Maintenance
199970.0,6a932bb5cd94452437a1b212,Madhya Pradesh,Madhya Pradesh,BETUL,BETUL,BETUL(DISTRICT COLLECTOR BETUL_IDA),BETUL(DISTRICT COLLECTOR BETUL_IDA),Normal/Others,Normal/Others,259942.0,2026-01-21T00:00:00.000Z,2026.0,0.0,Yatri Pratikshlaya,Yatri Pratikshlaya,,Durga Das Uikey ,,BETUL,Completed,259942,2026-01-21T00:00:00.000Z,,,,,,,,,,,,Other Civil & Development Works,General Development & Maintenance
199972.0,6a932bb5cd94452437a1c1c4,Madhya Pradesh,Madhya Pradesh,BETUL,BETUL,BETUL(DISTRICT COLLECTOR BETUL_IDA),BETUL(DISTRICT COLLECTOR BETUL_IDA),Normal/Others,Normal/Others,259942.0,2026-01-05T00:00:00.000Z,2026.0,0.0,Yatri Pratikshlaya,Yatri Pratikshlaya,,Durga Das Uikey ,,BETUL,Completed,259942,2026-01-05T00:00:00.000Z,,,,,,,,,,,,Other Civil & Development Works,General Development & Maintenance
200003.0,6a932bb5cd94452437a1da55,Madhya Pradesh,Madhya Pradesh,BETUL,BETUL,BETUL(DISTRICT COLLECTOR BETUL_IDA),BETUL(DISTRICT COLLECTOR BETUL_IDA),Normal/Others,Normal/Others,190546.0,2026-05-14T00:00:00.000Z,2026.0,0.0,Water Tenkar,Water Tenkar,,Durga Das Uikey ,,BETUL,Completed,190546,2026-05-14T00:00:00.000Z,,,,,,,,,,,,Drinking Water Supply,Public Health & Basic Amenities
200005.0,6a932bb5cd94452437a1da0b,Madhya Pradesh,Madhya Pradesh,BETUL,BETUL,BETUL(DISTRICT COLLECTOR BETUL_IDA),BETUL(DISTRICT COLLECTOR BETUL_IDA),Normal/Others,Normal/Others,190546.0,2026-05-14T00:00:00.000Z,2026.0,0.0,Water Tenkar,Water Tenkar,,Durga Das Uikey ,,BETUL,Completed,190546,2026-05-14T00:00:00.000Z,,,,,,,,,,,,Drinking Water Supply,Public Health & Basic Amenities
200007.0,6a932bb5cd94452437a1da4b,Madhya Pradesh,Madhya Pradesh,BETUL,BETUL,BETUL(DISTRICT COLLECTOR BETUL_IDA),BETUL(DISTRICT COLLECTOR BETUL_IDA),Normal/Others,Normal/Others,190546.0,2026-05-14T00:00:00.000Z,2026.0,0.0,Water Tenkar,Water Tenkar,,Durga Das Uikey ,,BETUL,Completed,190546,2026-05-14T00:00:00.000Z,,,,,,,,,,,,Drinking Water Supply,Public Health & Basic Amenities
200009.0,6a932bb5cd94452437a1da10,Madhya Pradesh,Madhya Pradesh,BETUL,BETUL,BETUL(DISTRICT COLLECTOR BETUL_IDA),BETUL(DISTRICT COLLECTOR BETUL_IDA),Normal/Others,Normal/Others,190546.0,2026-05-14T00:00:00.000Z,2026.0,0.0,Water Tenkar,Water Tenkar,,Durga Das Uikey ,,BETUL,Completed,190546,2026-05-14T00:00:00.000Z,,,,,,,,,,,,Drinking Water Supply,Public Health & Basic Amenities
200011.0,6a932bb5cd94452437a1da04,Madhya Pradesh,Madhya Pradesh,BETUL,BETUL,BETUL(DISTRICT COLLECTOR BETUL_IDA),BETUL(DISTRICT COLLECTOR BETUL_IDA),Normal/Others,Normal/Others,190546.0,2026-05-14T00:00:00.000Z,2026.0,0.0,Water Tenkar,Water Tenkar,,Durga Das Uikey ,,BETUL,Completed,190546,2026-05-14T00:00:00.000Z,,,,,,,,,,,,Drinking Water Supply,Public Health & Basic Amenities
200019.0,6a932bb5cd94452437a1d9ff,Madhya Pradesh,Madhya Pradesh,BETUL,BETUL,BETUL(DISTRICT COLLECTOR BETUL_IDA),BETUL(DISTRICT COLLECTOR BETUL_IDA),Normal/Others,Normal/Others,190546.0,2026-05-14T00:00:00.000Z,2026.0,0.0,tenkar,tenkar,,Durga Das Uikey ,,BETUL,Completed,190546,2026-05-14T00:00:00.000Z,,,,,,,,,,,,Other Civil & Development Works,General Development & Maintenance
200175.0,6a932bb5cd94452437a1d794,Madhya Pradesh,Madhya Pradesh,BETUL,BETUL,BETUL(DISTRICT COLLECTOR BETUL_IDA),BETUL(DISTRICT COLLECTOR BETUL_IDA),Normal/Others,Normal/Others,190546.0,2026-05-07T00:00:00.000Z,2026.0,0.0,Water Tenkar,Water Tenkar,,Durga Das Uikey ,,BETUL,Completed,190546,2026-05-07T00:00:00.000Z,,,,,,,,,,,,Drinking Water Supply,Public Health & Basic Amenities
200177.0,6a932bb5cd94452437a1d9ee,Madhya Pradesh,Madhya Pradesh,BETUL,BETUL,BETUL(DISTRICT COLLECTOR BETUL_IDA),BETUL(DISTRICT COLLECTOR BETUL_IDA),Normal/Others,Normal/Others,190546.0,2026-05-14T00:00:00.000Z,2026.0,0.0,Water Tenkar,Water Tenkar,,Durga Das Uikey ,,BETUL,Completed,190546,2026-05-14T00:00:00.000Z,,,,,,,,,,,,Drinking Water Supply,Public Health & Basic Amenities
200179.0,6a932bb5cd94452437a1d9f8,Madhya Pradesh,Madhya Pradesh,BETUL,BETUL,BETUL(DISTRICT COLLECTOR BETUL_IDA),BETUL(DISTRICT COLLECTOR BETUL_IDA),Normal/Others,Normal/Others,190546.0,2026-05-14T00:00:00.000Z,2026.0,0.0,Water Tenkar,Water Tenkar,,Durga Das Uikey ,,BETUL,Completed,190546,2026-05-14T00:00:00.000Z,,,,,,,,,,,,Drinking Water Supply,Public Health & Basic Amenities
200181.0,6a932bb5cd94452437a1d9f3,Madhya Pradesh,Madhya Pradesh,BETUL,BETUL,BETUL(DISTRICT COLLECTOR BETUL_IDA),BETUL(DISTRICT COLLECTOR BETUL_IDA),Normal/Others,Normal/Others,190546.0,2026-05-14T00:00:00.000Z,2026.0,0.0,Water Tenkar,Water Tenkar,,Durga Das Uikey ,,BETUL,Completed,190546,2026-05-14T00:00:00.000Z,,,,,,,,,,,,Drinking Water Supply,Public Health & Basic Amenities
200183.0,6a932bb5cd94452437a1da6b,Madhya Pradesh,Madhya Pradesh,BETUL,BETUL,BETUL(DISTRICT COLLECTOR BETUL_IDA),BETUL(DISTRICT COLLECTOR BETUL_IDA),Normal/Others,Normal/Others,190546.0,2026-05-13T00:00:00.000Z,2026.0,0.0,Water Tenkar,Water Tenkar,,Durga Das Uikey ,,BETUL,Completed,190546,2026-05-13T00:00:00.000Z,,,,,,,,,,,,Drinking Water Supply,Public Health & Basic Amenities
200185.0,6a932bb5cd94452437a1d9e0,Madhya Pradesh,Madhya Pradesh,BETUL,BETUL,BETUL(DISTRICT COLLECTOR BETUL_IDA),BETUL(DISTRICT COLLECTOR BETUL_IDA),Normal/Others,Normal/Others,190546.0,2026-05-13T00:00:00.000Z,2026.0,0.0,Water Tenkar,Water Tenkar,,Durga Das Uikey ,,BETUL,Completed,190546,2026-05-13T00:00:00.000Z,,,,,,,,,,,,Drinking Water Supply,Public Health & Basic Amenities
200187.0,6a932bb5cd94452437a1d9e9,Madhya Pradesh,Madhya Pradesh,BETUL,BETUL,BETUL(DISTRICT COLLECTOR BETUL_IDA),BETUL(DISTRICT COLLECTOR BETUL_IDA),Normal/Others,Normal/Others,190546.0,2026-05-13T00:00:00.000Z,2026.0,0.0,Water Tenkar,Water Tenkar,,Durga Das Uikey ,,BETUL,Completed,190546,2026-05-13T00:00:00.000Z,,,,,,,,,,,,Drinking Water Supply,Public Health & Basic Amenities
200189.0,6a932bb5cd94452437a1d7ce,Madhya Pradesh,Madhya Pradesh,BETUL,BETUL,BETUL(DISTRICT COLLECTOR BETUL_IDA),BETUL(DISTRICT COLLECTOR BETUL_IDA),Normal/Others,Normal/Others,190546.0,2026-05-13T00:00:00.000Z,2026.0,0.0,Water Tenkar,Water Tenkar,,Durga Das Uikey ,,BETUL,Completed,190546,2026-05-13T00:00:00.000Z,,,,,,,,,,,,Drinking Water Supply,Public Health & Basic Amenities
200191.0,6a932bb5cd94452437a1d832,Madhya Pradesh,Madhya Pradesh,BETUL,BETUL,BETUL(DISTRICT COLLECTOR BETUL_IDA),BETUL(DISTRICT COLLECTOR BETUL_IDA),Normal/Others,Normal/Others,190546.0,2026-05-13T00:00:00.000Z,2026.0,0.0,Water Tenkar,Water Tenkar,,Durga Das Uikey ,,BETUL,Completed,190546,2026-05-13T00:00:00.000Z,,,,,,,,,,,,Drinking Water Supply,Public Health & Basic Amenities
200193.0,6a932bb5cd94452437a1d833,Madhya Pradesh,Madhya Pradesh,BETUL,BETUL,BETUL(DISTRICT COLLECTOR BETUL_IDA),BETUL(DISTRICT COLLECTOR BETUL_IDA),Normal/Others,Normal/Others,190546.0,2026-05-13T00:00:00.000Z,2026.0,0.0,Water Tenkar,Water Tenkar,,Durga Das Uikey ,,BETUL,Completed,190546,2026-05-13T00:00:00.000Z,,,,,,,,,,,,Drinking Water Supply,Public Health & Basic Amenities
200196.0,6a932bb5cd94452437a1d82c,Madhya Pradesh,Madhya Pradesh,BETUL,BETUL,BETUL(DISTRICT COLLECTOR BETUL_IDA),BETUL(DISTRICT COLLECTOR BETUL_IDA),Normal/Others,Normal/Others,190546.0,2026-05-13T00:00:00.000Z,2026.0,0.0,Water Tenkar,Water Tenkar,,Durga Das Uikey ,,BETUL,Completed,190546,2026-05-13T00:00:00.000Z,,,,,,,,,,,,Drinking Water Supply,Public Health & Basic Amenities
200198.0,6a932bb5cd94452437a1d7f8,Madhya Pradesh,Madhya Pradesh,BETUL,BETUL,BETUL(DISTRICT COLLECTOR BETUL_IDA),BETUL(DISTRICT COLLECTOR BETUL_IDA),Normal/Others,Normal/Others,190546.0,2026-05-13T00:00:00.000Z,2026.0,0.0,Water Tenkar,Water Tenkar,,Durga Das Uikey ,,BETUL,Completed,190546,2026-05-13T00:00:00.000Z,,,,,,,,,,,,Drinking Water Supply,Public Health & Basic Amenities
200200.0,6a932bb5cd94452437a1d82a,Madhya Pradesh,Madhya Pradesh,BETUL,BETUL,BETUL(DISTRICT COLLECTOR BETUL_IDA),BETUL(DISTRICT COLLECTOR BETUL_IDA),Normal/Others,Normal/Others,190546.0,2026-05-13T00:00:00.000Z,2026.0,0.0,Water Tenkar,Water Tenkar,,Durga Das Uikey ,,BETUL,Completed,190546,2026-05-13T00:00:00.000Z,,,,,,,,,,,,Drinking Water Supply,Public Health & Basic Amenities
200202.0,6a932bb5cd94452437a1d7eb,Madhya Pradesh,Madhya Pradesh,BETUL,BETUL,BETUL(DISTRICT COLLECTOR BETUL_IDA),BETUL(DISTRICT COLLECTOR BETUL_IDA),Normal/Others,Normal/Others,190546.0,2026-05-13T00:00:00.000Z,2026.0,0.0,Water Tenkar,Water Tenkar,,Durga Das Uikey ,,BETUL,Completed,190546,2026-05-13T00:00:00.000Z,,,,,,,,,,,,Drinking Water Supply,Public Health & Basic Amenities
200204.0,6a932bb5cd94452437a1d7ea,Madhya Pradesh,Madhya Pradesh,BETUL,BETUL,BETUL(DISTRICT COLLECTOR BETUL_IDA),BETUL(DISTRICT COLLECTOR BETUL_IDA),Normal/Others,Normal/Others,190546.0,2026-05-13T00:00:00.000Z,2026.0,0.0,Water Tenkar,Water Tenkar,,Durga Das Uikey ,,BETUL,Completed,190546,2026-05-13T00:00:00.000Z,,,,,,,,,,,,Drinking Water Supply,Public Health & Basic Amenities
200206.0,6a932bb5cd94452437a1d82e,Madhya Pradesh,Madhya Pradesh,BETUL,BETUL,BETUL(DISTRICT COLLECTOR BETUL_IDA),BETUL(DISTRICT COLLECTOR BETUL_IDA),Normal/Others,Normal/Others,190546.0,2026-05-13T00:00:00.000Z,2026.0,0.0,Water Tenkar,Water Tenkar,,Durga Das Uikey ,,BETUL,Completed,190546,2026-05-13T00:00:00.000Z,,,,,,,,,,,,Drinking Water Supply,Public Health & Basic Amenities
200208.0,6a932bb5cd94452437a1d7d1,Madhya Pradesh,Madhya Pradesh,BETUL,BETUL,BETUL(DISTRICT COLLECTOR BETUL_IDA),BETUL(DISTRICT COLLECTOR BETUL_IDA),Normal/Others,Normal/Others,190546.0,2026-05-13T00:00:00.000Z,2026.0,0.0,Water Tenkar,Water Tenkar,,Durga Das Uikey ,,BETUL,Completed,190546,2026-05-13T00:00:00.000Z,,,,,,,,,,,,Drinking Water Supply,Public Health & Basic Amenities
200210.0,6a932bb5cd94452437a1d7d7,Madhya Pradesh,Madhya Pradesh,BETUL,BETUL,BETUL(DISTRICT COLLECTOR BETUL_IDA),BETUL(DISTRICT COLLECTOR BETUL_IDA),Normal/Others,Normal/Others,190546.0,2026-05-13T00:00:00.000Z,2026.0,0.0,Water Tenkar,Water Tenkar,,Durga Das Uikey ,,BETUL,Completed,190546,2026-05-13T00:00:00.000Z,,,,,,,,,,,,Drinking Water Supply,Public Health & Basic Amenities
200213.0,6a932bb5cd94452437a1d7c7,Madhya Pradesh,Madhya Pradesh,BETUL,BETUL,BETUL(DISTRICT COLLECTOR BETUL_IDA),BETUL(DISTRICT COLLECTOR BETUL_IDA),Normal/Others,Normal/Others,190546.0,2026-05-13T00:00:00.000Z,2026.0,0.0,Water Tenkar,Water Tenkar,,Durga Das Uikey ,,BETUL,Completed,190546,2026-05-13T00:00:00.000Z,,,,,,,,,,,,Drinking Water Supply,Public Health & Basic Amenities
200215.0,6a932bb5cd94452437a1d838,Madhya Pradesh,Madhya Pradesh,BETUL,BETUL,BETUL(DISTRICT COLLECTOR BETUL_IDA),BETUL(DISTRICT COLLECTOR BETUL_IDA),Normal/Others,Normal/Others,190546.0,2026-05-13T00:00:00.000Z,2026.0,0.0,Water Tenkar,Water Tenkar,,Durga Das Uikey ,,BETUL,Completed,190546,2026-05-13T00:00:00.000Z,,,,,,,,,,,,Drinking Water Supply,Public Health & Basic Amenities
200217.0,6a932bb5cd94452437a1d7c3,Madhya Pradesh,Madhya Pradesh,BETUL,BETUL,BETUL(DISTRICT COLLECTOR BETUL_IDA),BETUL(DISTRICT COLLECTOR BETUL_IDA),Normal/Others,Normal/Others,190546.0,2026-05-12T00:00:00.000Z,2026.0,0.0,Water Tenkar,Water Tenkar,,Durga Das Uikey ,,BETUL,Completed,190546,2026-05-12T00:00:00.000Z,,,,,,,,,,,,Drinking Water Supply,Public Health & Basic Amenities
200219.0,6a932bb5cd94452437a1d79d,Madhya Pradesh,Madhya Pradesh,BETUL,BETUL,BETUL(DISTRICT COLLECTOR BETUL_IDA),BETUL(DISTRICT COLLECTOR BETUL_IDA),Normal/Others,Normal/Others,190546.0,2026-05-12T00:00:00.000Z,2026.0,0.0,Water Tenkar,Water Tenkar,,Durga Das Uikey ,,BETUL,Completed,190546,2026-05-12T00:00:00.000Z,,,,,,,,,,,,Drinking Water Supply,Public Health & Basic Amenities
200235.0,6a932bb5cd94452437a19253,Madhya Pradesh,Madhya Pradesh,BETUL,BETUL,HARDA(District Collector Harda_IDA),HARDA(District Collector Harda_IDA),Normal/Others,Normal/Others,259942.0,2026-03-10T00:00:00.000Z,2026.0,0.0,water Tenkar,water Tenkar,,Durga Das Uikey ,,BETUL,Completed,259942,2026-03-10T00:00:00.000Z,,,,,,,,,,,,Drinking Water Supply,Public Health & Basic Amenities
200237.0,6a932bb5cd94452437a1925c,Madhya Pradesh,Madhya Pradesh,BETUL,BETUL,HARDA(District Collector Harda_IDA),HARDA(District Collector Harda_IDA),Normal/Others,Normal/Others,259942.0,2026-03-10T00:00:00.000Z,2026.0,0.0,water Tenkar,water Tenkar,,Durga Das Uikey ,,BETUL,Completed,259942,2026-03-10T00:00:00.000Z,,,,,,,,,,,,Drinking Water Supply,Public Health & Basic Amenities
200243.0,6a932bb5cd94452437a19251,Madhya Pradesh,Madhya Pradesh,BETUL,BETUL,HARDA(District Collector Harda_IDA),HARDA(District Collector Harda_IDA),Normal/Others,Normal/Others,259942.0,2026-01-08T00:00:00.000Z,2026.0,0.0,Yatri Prtikshalaya,Yatri Prtikshalaya,,Durga Das Uikey ,,BETUL,Completed,259942,2026-01-08T00:00:00.000Z,,,,,,,,,,,,Other Civil & Development Works,General Development & Maintenance
200245.0,6a932bb5cd94452437a1927a,Madhya Pradesh,Madhya Pradesh,BETUL,BETUL,HARDA(District Collector Harda_IDA),HARDA(District Collector Harda_IDA),Normal/Others,Normal/Others,259942.0,2026-01-08T00:00:00.000Z,2026.0,0.0,Yatri Prtikshalaya,Yatri Prtikshalaya,,Durga Das Uikey ,,BETUL,Completed,259942,2026-01-08T00:00:00.000Z,,,,,,,,,,,,Other Civil & Development Works,General Development & Maintenance
200247.0,6a932bb5cd94452437a19262,Madhya Pradesh,Madhya Pradesh,BETUL,BETUL,HARDA(District Collector Harda_IDA),HARDA(District Collector Harda_IDA),Normal/Others,Normal/Others,259942.0,2026-01-07T00:00:00.000Z,2026.0,0.0,Yatri Prtikshalaya,Yatri Prtikshalaya,,Durga Das Uikey ,,BETUL,Completed,259942,2026-01-07T00:00:00.000Z,,,,,,,,,,,,Other Civil & Development Works,General Development & Maintenance
200249.0,6a932bb5cd94452437a19260,Madhya Pradesh,Madhya Pradesh,BETUL,BETUL,HARDA(District Collector Harda_IDA),HARDA(District Collector Harda_IDA),Normal/Others,Normal/Others,259942.0,2026-01-07T00:00:00.000Z,2026.0,0.0,Yatri Prtikshalaya,Yatri Prtikshalaya,,Durga Das Uikey ,,BETUL,Completed,259942,2026-01-07T00:00:00.000Z,,,,,,,,,,,,Other Civil & Development Works,General Development & Maintenance
200251.0,6a932bb5cd94452437a1927d,Madhya Pradesh,Madhya Pradesh,BETUL,BETUL,HARDA(District Collector Harda_IDA),HARDA(District Collector Harda_IDA),Normal/Others,Normal/Others,259942.0,2026-01-08T00:00:00.000Z,2026.0,0.0,Yatri Prtikshalaya,Yatri Prtikshalaya,,Durga Das Uikey ,,BETUL,Completed,259942,2026-01-08T00:00:00.000Z,,,,,,,,,,,,Other Civil & Development Works,General Development & Maintenance
200253.0,6a932bb5cd94452437a1927e,Madhya Pradesh,Madhya Pradesh,BETUL,BETUL,HARDA(District Collector Harda_IDA),HARDA(District Collector Harda_IDA),Normal/Others,Normal/Others,259942.0,2026-01-08T00:00:00.000Z,2026.0,0.0,Yatri Pratikshalaya,Yatri Pratikshalaya,,Durga Das Uikey ,,BETUL,Completed,259942,2026-01-08T00:00:00.000Z,,,,,,,,,,,,Other Civil & Development Works,General Development & Maintenance
200258.0,6a932bb5cd94452437a191fb,Madhya Pradesh,Madhya Pradesh,BETUL,BETUL,HARDA(District Collector Harda_IDA),HARDA(District Collector Harda_IDA),Normal/Others,Normal/Others,364247.0,2026-02-05T00:00:00.000Z,2026.0,0.0,Solar Hi mask light Instalation,Solar Hi mask light Instalation,,Durga Das Uikey ,,BETUL,Completed,364247,2026-02-05T00:00:00.000Z,,,,,,,,,,,,"Electricity, Lighting & Solar Energy",Physical Infrastructure
200260.0,6a932bb5cd94452437a191f9,Madhya Pradesh,Madhya Pradesh,BETUL,BETUL,HARDA(District Collector Harda_IDA),HARDA(District Collector Harda_IDA),Normal/Others,Normal/Others,364247.0,2026-02-05T00:00:00.000Z,2026.0,0.0,Solar Hi mask light Instalation,Solar Hi mask light Instalation,,Durga Das Uikey ,,BETUL,Completed,364247,2026-02-05T00:00:00.000Z,,,,,,,,,,,,"Electricity, Lighting & Solar Energy",Physical Infrastructure
200262.0,6a932bb5cd94452437a191f7,Madhya Pradesh,Madhya Pradesh,BETUL,BETUL,HARDA(District Collector Harda_IDA),HARDA(District Collector Harda_IDA),Normal/Others,Normal/Others,364247.0,2026-02-05T00:00:00.000Z,2026.0,0.0,Solar Hi mask light Instalation,Solar Hi mask light Instalation,,Durga Das Uikey ,,BETUL,Completed,364247,2026-02-05T00:00:00.000Z,,,,,,,,,,,,"Electricity, Lighting & Solar Energy",Physical Infrastructure
200264.0,6a932bb5cd94452437a19201,Madhya Pradesh,Madhya Pradesh,BETUL,BETUL,HARDA(District Collector Harda_IDA),HARDA(District Collector Harda_IDA),Normal/Others,Normal/Others,364247.0,2026-02-05T00:00:00.000Z,2026.0,0.0,Solar Hi mask light Instalation,Solar Hi mask light Instalation,,Durga Das Uikey ,,BETUL,Completed,364247,2026-02-05T00:00:00.000Z,,,,,,,,,,,,"Electricity, Lighting & Solar Energy",Physical Infrastructure
200266.0,6a932bb5cd94452437a19200,Madhya Pradesh,Madhya Pradesh,BETUL,BETUL,HARDA(District Collector Harda_IDA),HARDA(District Collector Harda_IDA),Normal/Others,Normal/Others,364247.0,2026-02-05T00:00:00.000Z,2026.0,0.0,Solar Hi mask light Instalation,Solar Hi mask light Instalation,,Durga Das Uikey ,,BETUL,Completed,364247,2026-02-05T00:00:00.000Z,,,,,,,,,,,,"Electricity, Lighting & Solar Energy",Physical Infrastructure
200268.0,6a932bb5cd94452437a191fd,Madhya Pradesh,Madhya Pradesh,BETUL,BETUL,HARDA(District Collector Harda_IDA),HARDA(District Collector Harda_IDA),Normal/Others,Normal/Others,364247.0,2026-02-05T00:00:00.000Z,2026.0,0.0,Solar Hi mask light Instalation,Solar Hi mask light Instalation,,Durga Das Uikey ,,BETUL,Completed,364247,2026-02-05T00:00:00.000Z,,,,,,,,,,,,"Electricity, Lighting & Solar Energy",Physical Infrastructure
200275.0,6a932bb5cd94452437a19281,Madhya Pradesh,Madhya Pradesh,BETUL,BETUL,HARDA(District Collector Harda_IDA),HARDA(District Collector Harda_IDA),Normal/Others,Normal/Others,190930.0,2026-02-05T00:00:00.000Z,2026.0,0.0,Water Tenkar,Water Tenkar,,Durga Das Uikey ,,BETUL,Completed,190930,2026-02-05T00:00:00.000Z,,,,,,,,,,,,Drinking Water Supply,Public Health & Basic Amenities
200293.0,6a932bb5cd94452437a192d5,Madhya Pradesh,Madhya Pradesh,BETUL,BETUL,HARDA(District Collector Harda_IDA),HARDA(District Collector Harda_IDA),Normal/Others,Normal/Others,190930.0,2026-02-18T00:00:00.000Z,2026.0,0.0,Water Tenkar,Water Tenkar,,Durga Das Uikey ,,BETUL,Completed,190930,2026-02-18T00:00:00.000Z,,,,,,,,,,,,Drinking Water Supply,Public Health & Basic Amenities
200295.0,6a932bb5cd94452437a192b9,Madhya Pradesh,Madhya Pradesh,BETUL,BETUL,HARDA(District Collector Harda_IDA),HARDA(District Collector Harda_IDA),Normal/Others,Normal/Others,190930.0,2026-02-18T00:00:00.000Z,2026.0,0.0,Water Tenkar,Water Tenkar,,Durga Das Uikey ,,BETUL,Completed,190930,2026-02-18T00:00:00.000Z,,,,,,,,,,,,Drinking Water Supply,Public Health & Basic Amenities
200848.0,6a932bb5cd94452437a18b05,Madhya Pradesh,Madhya Pradesh,UJJAIN,UJJAIN,UJJAIN(DISTRICT COLLECTOR UJJAIN_IDA),UJJAIN(DISTRICT COLLECTOR UJJAIN_IDA),Normal/Others,Normal/Others,500000.0,2026-01-23T00:00:00.000Z,2026.0,0.0,gram nawada me gram abadi me cement concrit road nirman,gram nawada me gram abadi me cement concrit road nirman,,Shri Anil Firojiya,,UJJAIN,Completed,500000,2026-01-23T00:00:00.000Z,,,,,,,,,,,,Roads & Pathways,Physical Infrastructure
200940.0,6a932bb5cd94452437a1bd3b,Madhya Pradesh,Madhya Pradesh,SATNA,SATNA,Maihar(District Collector Maihar_IDA),Maihar(District Collector Maihar_IDA),Normal/Others,Normal/Others,500000.0,2026-01-27T00:00:00.000Z,2026.0,0.0,Gram Panchayat me PCC Road Nirman hetu,Gram Panchayat me PCC Road Nirman hetu,,Ganesh Singh,,SATNA,Completed,500000,2026-01-27T00:00:00.000Z,,,,,,,,,,,,Roads & Pathways,Physical Infrastructure
201341.0,6a932bb5cd94452437a19205,Madhya Pradesh,Madhya Pradesh,UJJAIN,UJJAIN,RATLAM(District Collector Ratlam_IDA),RATLAM(District Collector Ratlam_IDA),Normal/Others,Normal/Others,159212.0,2025-10-09T00:00:00.000Z,2025.0,0.0,gram chaplakhedi me GI Water tanker 5500 lt,gram chaplakhedi me GI Water tanker 5500 lt,,Shri Anil Firojiya,,UJJAIN,Completed,159212,2025-10-09T00:00:00.000Z,,,,,,,,,,,,Drinking Water Supply,Public Health & Basic Amenities
201414.0,6a932bb5cd94452437a19ecc,Madhya Pradesh,Madhya Pradesh,BHIND,BHIND,BHIND(DISTRICT COLLECTOR BHIND_IDA),BHIND(DISTRICT COLLECTOR BHIND_IDA),Normal/Others,Normal/Others,199604.0,2025-12-18T00:00:00.000Z,2025.0,0.0,GI FIREFIGHTER TANKER WATER SYSTEM CAPACITY 5000 LITERS,GI FIREFIGHTER TANKER WATER SYSTEM CAPACITY 5000 LITERS,,Smt Sandhya Ray,,BHIND,Completed,199604,2025-12-18T00:00:00.000Z,,,,,,,,,,,,Drinking Water Supply,Public Health & Basic Amenities
201416.0,6a932bb5cd94452437a19ece,Madhya Pradesh,Madhya Pradesh,BHIND,BHIND,BHIND(DISTRICT COLLECTOR BHIND_IDA),BHIND(DISTRICT COLLECTOR BHIND_IDA),Normal/Others,Normal/Others,199604.0,2025-12-18T00:00:00.000Z,2025.0,0.0,GI FIREFIGHTER TANKER WATER SYSTEM CAPACITY 5000 LITERS,GI FIREFIGHTER TANKER WATER SYSTEM CAPACITY 5000 LITERS,,Smt Sandhya Ray,,BHIND,Completed,199604,2025-12-18T00:00:00.000Z,,,,,,,,,,,,Drinking Water Supply,Public Health & Basic Amenities
201419.0,6a932bb5cd94452437a19ed7,Madhya Pradesh,Madhya Pradesh,BHIND,BHIND,BHIND(DISTRICT COLLECTOR BHIND_IDA),BHIND(DISTRICT COLLECTOR BHIND_IDA),Normal/Others,Normal/Others,199604.0,2025-12-18T00:00:00.000Z,2025.0,0.0,GI FIREFIGHTER TANKER WATER SYSTEM CAPACITY 5000 LITERS,GI FIREFIGHTER TANKER WATER SYSTEM CAPACITY 5000 LITERS,,Smt Sandhya Ray,,BHIND,Completed,199604,2025-12-18T00:00:00.000Z,,,,,,,,,,,,Drinking Water Supply,Public Health & Basic Amenities
201421.0,6a932bb5cd94452437a19ed4,Madhya Pradesh,Madhya Pradesh,BHIND,BHIND,BHIND(DISTRICT COLLECTOR BHIND_IDA),BHIND(DISTRICT COLLECTOR BHIND_IDA),Normal/Others,Normal/Others,199604.0,2025-12-18T00:00:00.000Z,2025.0,0.0,GI FIREFIGHTER TANKER WATER SYSTEM CAPACITY 5000 LITERS,GI FIREFIGHTER TANKER WATER SYSTEM CAPACITY 5000 LITERS,,Smt Sandhya Ray,,BHIND,Completed,199604,2025-12-18T00:00:00.000Z,,,,,,,,,,,,Drinking Water Supply,Public Health & Basic Amenities
201423.0,6a932bb5cd94452437a19edb,Madhya Pradesh,Madhya Pradesh,BHIND,BHIND,BHIND(DISTRICT COLLECTOR BHIND_IDA),BHIND(DISTRICT COLLECTOR BHIND_IDA),Normal/Others,Normal/Others,199604.0,2025-12-18T00:00:00.000Z,2025.0,0.0,GI FIREFIGHTER TANKER WATER SYSTEM CAPACITY 5000 LITERS,GI FIREFIGHTER TANKER WATER SYSTEM CAPACITY 5000 LITERS,,Smt Sandhya Ray,,BHIND,Completed,199604,2025-12-18T00:00:00.000Z,,,,,,,,,,,,Drinking Water Supply,Public Health & Basic Amenities
201425.0,6a932bb5cd94452437a19edc,Madhya Pradesh,Madhya Pradesh,BHIND,BHIND,BHIND(DISTRICT COLLECTOR BHIND_IDA),BHIND(DISTRICT COLLECTOR BHIND_IDA),Normal/Others,Normal/Others,199604.0,2025-12-18T00:00:00.000Z,2025.0,0.0,GI FIREFIGHTER TANKER WATER SYSTEM CAPACITY 5000 LITERS,GI FIREFIGHTER TANKER WATER SYSTEM CAPACITY 5000 LITERS,,Smt Sandhya Ray,,BHIND,Completed,199604,2025-12-18T00:00:00.000Z,,,,,,,,,,,,Drinking Water Supply,Public Health & Basic Amenities
201428.0,6a932bb5cd94452437a19ee3,Madhya Pradesh,Madhya Pradesh,BHIND,BHIND,BHIND(DISTRICT COLLECTOR BHIND_IDA),BHIND(DISTRICT COLLECTOR BHIND_IDA),Normal/Others,Normal/Others,199604.0,2025-12-18T00:00:00.000Z,2025.0,0.0,GI FIREFIGHTER TANKER WATER SYSTEM CAPACITY 5000 LITERS,GI FIREFIGHTER TANKER WATER SYSTEM CAPACITY 5000 LITERS,,Smt Sandhya Ray,,BHIND,Completed,199604,2025-12-18T00:00:00.000Z,,,,,,,,,,,,Drinking Water Supply,Public Health & Basic Amenities
201430.0,6a932bb5cd94452437a19edf,Madhya Pradesh,Madhya Pradesh,BHIND,BHIND,BHIND(DISTRICT COLLECTOR BHIND_IDA),BHIND(DISTRICT COLLECTOR BHIND_IDA),Normal/Others,Normal/Others,199604.0,2025-12-18T00:00:00.000Z,2025.0,0.0,GI FIREFIGHTER TANKER WATER SYSTEM CAPACITY 5000 LITERS,GI FIREFIGHTER TANKER WATER SYSTEM CAPACITY 5000 LITERS,,Smt Sandhya Ray,,BHIND,Completed,199604,2025-12-18T00:00:00.000Z,,,,,,,,,,,,Drinking Water Supply,Public Health & Basic Amenities
201449.0,6a932bb5cd94452437a1a131,Madhya Pradesh,Madhya Pradesh,BHIND,BHIND,BHIND(DISTRICT COLLECTOR BHIND_IDA),BHIND(DISTRICT COLLECTOR BHIND_IDA),Normal/Others,Normal/Others,199604.0,2025-12-18T00:00:00.000Z,2025.0,0.0,GI FIREFIGHTER TANKER WATER SYSTEM CAPACITY 5000 LITERS,GI FIREFIGHTER TANKER WATER SYSTEM CAPACITY 5000 LITERS,,Smt Sandhya Ray,,BHIND,Completed,199604,2025-12-18T00:00:00.000Z,,,,,,,,,,,,Drinking Water Supply,Public Health & Basic Amenities
201451.0,6a932bb5cd94452437a1a12e,Madhya Pradesh,Madhya Pradesh,BHIND,BHIND,BHIND(DISTRICT COLLECTOR BHIND_IDA),BHIND(DISTRICT COLLECTOR BHIND_IDA),Normal/Others,Normal/Others,199604.0,2025-12-18T00:00:00.000Z,2025.0,0.0,GI FIREFIGHTER TANKER WATER SYSTEM CAPACITY 5000 LITERS,GI FIREFIGHTER TANKER WATER SYSTEM CAPACITY 5000 LITERS,,Smt Sandhya Ray,,BHIND,Completed,199604,2025-12-18T00:00:00.000Z,,,,,,,,,,,,Drinking Water Supply,Public Health & Basic Amenities
201453.0,6a932bb5cd94452437a1a134,Madhya Pradesh,Madhya Pradesh,BHIND,BHIND,BHIND(DISTRICT COLLECTOR BHIND_IDA),BHIND(DISTRICT COLLECTOR BHIND_IDA),Normal/Others,Normal/Others,199604.0,2025-12-18T00:00:00.000Z,2025.0,0.0,GI FIREFIGHTER TANKER WATER SYSTEM CAPACITY 5000 LITERS,GI FIREFIGHTER TANKER WATER SYSTEM CAPACITY 5000 LITERS,,Smt Sandhya Ray,,BHIND,Completed,199604,2025-12-18T00:00:00.000Z,,,,,,,,,,,,Drinking Water Supply,Public Health & Basic Amenities
201494.0,6a932bb5cd94452437a1a13a,Madhya Pradesh,Madhya Pradesh,BHIND,BHIND,BHIND(DISTRICT COLLECTOR BHIND_IDA),BHIND(DISTRICT COLLECTOR BHIND_IDA),Normal/Others,Normal/Others,199604.0,2025-12-18T00:00:00.000Z,2025.0,0.0,GI FIREFIGHTER TANKER WATER SYSTEM CAPACITY 5000 LITERS,GI FIREFIGHTER TANKER WATER SYSTEM CAPACITY 5000 LITERS,,Smt Sandhya Ray,,BHIND,Completed,199604,2025-12-18T00:00:00.000Z,,,,,,,,,,,,Drinking Water Supply,Public Health & Basic Amenities
201496.0,6a932bb5cd94452437a1a138,Madhya Pradesh,Madhya Pradesh,BHIND,BHIND,BHIND(DISTRICT COLLECTOR BHIND_IDA),BHIND(DISTRICT COLLECTOR BHIND_IDA),Normal/Others,Normal/Others,199604.0,2025-12-18T00:00:00.000Z,2025.0,0.0,GI FIREFIGHTER TANKER WATER SYSTEM CAPACITY 5000 LITERS,GI FIREFIGHTER TANKER WATER SYSTEM CAPACITY 5000 LITERS,,Smt Sandhya Ray,,BHIND,Completed,199604,2025-12-18T00:00:00.000Z,,,,,,,,,,,,Drinking Water Supply,Public Health & Basic Amenities
201498.0,6a932bb5cd94452437a1a136,Madhya Pradesh,Madhya Pradesh,BHIND,BHIND,BHIND(DISTRICT COLLECTOR BHIND_IDA),BHIND(DISTRICT COLLECTOR BHIND_IDA),Normal/Others,Normal/Others,199604.0,2025-12-18T00:00:00.000Z,2025.0,0.0,GI FIREFIGHTER TANKER WATER SYSTEM CAPACITY 5000 LITERS,GI FIREFIGHTER TANKER WATER SYSTEM CAPACITY 5000 LITERS,,Smt Sandhya Ray,,BHIND,Completed,199604,2025-12-18T00:00:00.000Z,,,,,,,,,,,,Drinking Water Supply,Public Health & Basic Amenities
201500.0,6a932bb5cd94452437a1a142,Madhya Pradesh,Madhya Pradesh,BHIND,BHIND,BHIND(DISTRICT COLLECTOR BHIND_IDA),BHIND(DISTRICT COLLECTOR BHIND_IDA),Normal/Others,Normal/Others,199604.0,2025-12-18T00:00:00.000Z,2025.0,0.0,GI FIREFIGHTER TANKER WATER SYSTEM CAPACITY 5000 LITERS,GI FIREFIGHTER TANKER WATER SYSTEM CAPACITY 5000 LITERS,,Smt Sandhya Ray,,BHIND,Completed,199604,2025-12-18T00:00:00.000Z,,,,,,,,,,,,Drinking Water Supply,Public Health & Basic Amenities
201502.0,6a932bb5cd94452437a1a140,Madhya Pradesh,Madhya Pradesh,BHIND,BHIND,BHIND(DISTRICT COLLECTOR BHIND_IDA),BHIND(DISTRICT COLLECTOR BHIND_IDA),Normal/Others,Normal/Others,199604.0,2025-12-18T00:00:00.000Z,2025.0,0.0,GI FIREFIGHTER TANKER WATER SYSTEM CAPACITY 5000 LITERS,GI FIREFIGHTER TANKER WATER SYSTEM CAPACITY 5000 LITERS,,Smt Sandhya Ray,,BHIND,Completed,199604,2025-12-18T00:00:00.000Z,,,,,,,,,,,,Drinking Water Supply,Public Health & Basic Amenities
201505.0,6a932bb5cd94452437a1a13d,Madhya Pradesh,Madhya Pradesh,BHIND,BHIND,BHIND(DISTRICT COLLECTOR BHIND_IDA),BHIND(DISTRICT COLLECTOR BHIND_IDA),Normal/Others,Normal/Others,199604.0,2025-12-18T00:00:00.000Z,2025.0,0.0,GI FIREFIGHTER TANKER WATER SYSTEM CAPACITY 5000 LITERS,GI FIREFIGHTER TANKER WATER SYSTEM CAPACITY 5000 LITERS,,Smt Sandhya Ray,,BHIND,Completed,199604,2025-12-18T00:00:00.000Z,,,,,,,,,,,,Drinking Water Supply,Public Health & Basic Amenities
201507.0,6a932bb5cd94452437a1a147,Madhya Pradesh,Madhya Pradesh,BHIND,BHIND,BHIND(DISTRICT COLLECTOR BHIND_IDA),BHIND(DISTRICT COLLECTOR BHIND_IDA),Normal/Others,Normal/Others,199604.0,2025-12-18T00:00:00.000Z,2025.0,0.0,GI FIREFIGHTER TANKER WATER SYSTEM CAPACITY 5000 LITERS,GI FIREFIGHTER TANKER WATER SYSTEM CAPACITY 5000 LITERS,,Smt Sandhya Ray,,BHIND,Completed,199604,2025-12-18T00:00:00.000Z,,,,,,,,,,,,Drinking Water Supply,Public Health & Basic Amenities
201509.0,6a932bb5cd94452437a1a144,Madhya Pradesh,Madhya Pradesh,BHIND,BHIND,BHIND(DISTRICT COLLECTOR BHIND_IDA),BHIND(DISTRICT COLLECTOR BHIND_IDA),Normal/Others,Normal/Others,199604.0,2025-12-18T00:00:00.000Z,2025.0,0.0,GI FIREFIGHTER TANKER WATER SYSTEM CAPACITY 5000 LITERS,GI FIREFIGHTER TANKER WATER SYSTEM CAPACITY 5000 LITERS,,Smt Sandhya Ray,,BHIND,Completed,199604,2025-12-18T00:00:00.000Z,,,,,,,,,,,,Drinking Water Supply,Public Health & Basic Amenities
203466.0,6a932bb5cd94452437a19e58,Madhya Pradesh,Madhya Pradesh,SAGAR,SAGAR,VIDISHA(District Collector Vidisha_IDA),VIDISHA(District Collector Vidisha_IDA),Normal/Others,Normal/Others,2599420.0,2025-09-01T00:00:00.000Z,2025.0,0.0,as per recommendation letter attached,as per recommendation letter attached,,DR. LATA WANKHEDE,,SAGAR,Completed,2599420,2025-09-01T00:00:00.000Z,,,,,,,,,,,,Other Civil & Development Works,General Development & Maintenance
203609.0,6a932bb5cd94452437a1aed5,Madhya Pradesh,Madhya Pradesh,DEWAS,DEWAS,SHAJAPUR(District Collector Shajapur_IDA),SHAJAPUR(District Collector Shajapur_IDA),Normal/Others,Normal/Others,1200000.0,2026-02-12T00:00:00.000Z,2026.0,0.0,GRAM CHILOCHA KETHLAY PRTHANMANTRI SADAK SE SHREE JASAVANT JEE HADA KE MKAN TAK CC SADAK NIRMAN HETU ..,GRAM CHILOCHA KETHLAY PRTHANMANTRI SADAK SE SHREE JASAVANT JEE HADA KE MKAN TAK CC SADAK NIRMAN HETU ..,,Mahendra Singh Solanky,,DEWAS,Completed,1200000,2026-02-12T00:00:00.000Z,,,,,,,,,,,,Other Civil & Development Works,General Development & Maintenance
204000.0,6a932bb5cd94452437a1a509,Madhya Pradesh,Madhya Pradesh,INDORE,INDORE,INDORE(DISTRICT COLLECTOR INDORE_IDA),INDORE(DISTRICT COLLECTOR INDORE_IDA),Normal/Others,Normal/Others,891639.0,2025-11-07T00:00:00.000Z,2025.0,0.0,Lighting of 05  different Public Space in the Main Route of Gram Kalaria District Indore,Lighting of 05  different Public Space in the Main Route of Gram Kalaria District Indore,,Shankar Lalwani,,INDORE,Completed,891639,2025-11-07T00:00:00.000Z,,,,,,,,,,,,Other Civil & Development Works,General Development & Maintenance
204678.0,6a932bb5cd94452437a19482,Madhya Pradesh,Madhya Pradesh,HOSHANGABAD,HOSHANGABAD,NARMADAPURAM(DISTRICT COLLECTOR NARMADAPURAM_IDA),NARMADAPURAM(DISTRICT COLLECTOR NARMADAPURAM_IDA),Normal/Others,Normal/Others,95000.0,2026-01-22T00:00:00.000Z,2026.0,0.0,beneficiary name sushree chandni kushwaha daughter of sh dalchand kushwaha mobile no 7909641442 having disability 85 percentage.,beneficiary name sushree chandni kushwaha daughter of sh dalchand kushwaha mobile no 7909641442 having disability 85 percentage.,,DARSHAN SINGH CHOUDHARY,,HOSHANGABAD,Completed,95000,2026-01-22T00:00:00.000Z,,,,,,,,,,,,Other Civil & Development Works,General Development & Maintenance
206140.0,6a932bb5cd94452437a191ff,Madhya Pradesh,Madhya Pradesh,UJJAIN,UJJAIN,UJJAIN(DISTRICT COLLECTOR UJJAIN_IDA),UJJAIN(DISTRICT COLLECTOR UJJAIN_IDA),Normal/Others,Normal/Others,800000.0,2026-02-12T00:00:00.000Z,2026.0,0.0,gram suneda me sc basti me workers hetu common work shed nirman,gram suneda me sc basti me workers hetu common work shed nirman,,Shri Anil Firojiya,,UJJAIN,Completed,800000,2026-02-12T00:00:00.000Z,,,,,,,,,,,,Community Centers & Halls,Social Infrastructure
206644.0,6a932bb5cd94452437a1d659,Madhya Pradesh,Madhya Pradesh,INDORE,INDORE,INDORE(DISTRICT COLLECTOR INDORE_IDA),INDORE(DISTRICT COLLECTOR INDORE_IDA),Normal/Others,Normal/Others,873589.0,2026-04-14T00:00:00.000Z,2026.0,0.0,Providing and Installation of CCTV Cameras System for Public Security and Safety Near Govt. School in Sansad Adarsh Gram Panchayat Kalariya JP Indore VS- Rau District Indore,Providing and Installation of CCTV Cameras System for Public Security and Safety Near Govt. School in Sansad Adarsh Gram Panchayat Kalariya JP Indore VS- Rau District Indore,,Shankar Lalwani,,INDORE,Completed,873589,2026-04-14T00:00:00.000Z,,,,,,,,,,,,Education & School Infrastructure,Social Infrastructure
206920.0,6a932bb5cd94452437a1aaab,Madhya Pradesh,Madhya Pradesh,UJJAIN,UJJAIN,UJJAIN(DISTRICT COLLECTOR UJJAIN_IDA),UJJAIN(DISTRICT COLLECTOR UJJAIN_IDA),Normal/Others,Normal/Others,1000000.0,2025-11-14T00:00:00.000Z,2025.0,0.0,Stopdem nirman gram guradiya dongar nale per gp lasuldiya bechar,Stopdem nirman gram guradiya dongar nale per gp lasuldiya bechar,,Shri Anil Firojiya,,UJJAIN,Completed,1000000,2025-11-14T00:00:00.000Z,,,,,,,,,,,,Other Civil & Development Works,General Development & Maintenance
206938.0,6a932bb5cd94452437a1967b,Madhya Pradesh,Madhya Pradesh,SIDHI,SIDHI,SINGRAULI(District Collector Singrauli_IDA),SINGRAULI(District Collector Singrauli_IDA),Normal/Others,Normal/Others,2495850.0,2025-09-09T00:00:00.000Z,2025.0,0.0,GOVT HSS KUSHAHI ME LAB SETUP INSTALLATION,GOVT HSS KUSHAHI ME LAB SETUP INSTALLATION,,DR. RAJESH MISHRA,,SIDHI,Completed,2495850,2025-09-09T00:00:00.000Z,,,,,,,,,,,,Education & School Infrastructure,Social Infrastructure
206940.0,6a932bb5cd94452437a1970b,Madhya Pradesh,Madhya Pradesh,SIDHI,SIDHI,SINGRAULI(District Collector Singrauli_IDA),SINGRAULI(District Collector Singrauli_IDA),Normal/Others,Normal/Others,2495850.0,2025-09-09T00:00:00.000Z,2025.0,0.0,GOVT GIRLS HSS CHITRANGI ME LAB SETUP INSTALLATION,GOVT GIRLS HSS CHITRANGI ME LAB SETUP INSTALLATION,,DR. RAJESH MISHRA,,SIDHI,Completed,2495850,2025-09-09T00:00:00.000Z,,,,,,,,,,,,Education & School Infrastructure,Social Infrastructure
206942.0,6a932bb5cd94452437a19712,Madhya Pradesh,Madhya Pradesh,SIDHI,SIDHI,SINGRAULI(District Collector Singrauli_IDA),SINGRAULI(District Collector Singrauli_IDA),Normal/Others,Normal/Others,2495850.0,2025-09-09T00:00:00.000Z,2025.0,0.0,GOVT HSS GOPLA ME LAB SETUP INSTALLATION,GOVT HSS GOPLA ME LAB SETUP INSTALLATION,,DR. RAJESH MISHRA,,SIDHI,Completed,2495850,2025-09-09T00:00:00.000Z,,,,,,,,,,,,Education & School Infrastructure,Social Infrastructure
206944.0,6a932bb5cd94452437a19710,Madhya Pradesh,Madhya Pradesh,SIDHI,SIDHI,SINGRAULI(District Collector Singrauli_IDA),SINGRAULI(District Collector Singrauli_IDA),Normal/Others,Normal/Others,2495850.0,2025-09-09T00:00:00.000Z,2025.0,0.0,GOVT HSS NIWAS ME LAB SETUP INSTALLATION,GOVT HSS NIWAS ME LAB SETUP INSTALLATION,,DR. RAJESH MISHRA,,SIDHI,Completed,2495850,2025-09-09T00:00:00.000Z,,,,,,,,,,,,Education & School Infrastructure,Social Infrastructure
206946.0,6a932bb5cd94452437a1970e,Madhya Pradesh,Madhya Pradesh,SIDHI,SIDHI,SINGRAULI(District Collector Singrauli_IDA),SINGRAULI(District Collector Singrauli_IDA),Normal/Others,Normal/Others,2495850.0,2025-09-09T00:00:00.000Z,2025.0,0.0,GOVT EXCELLENCE HSS DEOSAR ME LAB SETUP INSTALLATION,GOVT EXCELLENCE HSS DEOSAR ME LAB SETUP INSTALLATION,,DR. RAJESH MISHRA,,SIDHI,Completed,2495850,2025-09-09T00:00:00.000Z,,,,,,,,,,,,Education & School Infrastructure,Social Infrastructure
206948.0,6a932bb5cd94452437a1970c,Madhya Pradesh,Madhya Pradesh,SIDHI,SIDHI,SINGRAULI(District Collector Singrauli_IDA),SINGRAULI(District Collector Singrauli_IDA),Normal/Others,Normal/Others,2495850.0,2025-09-09T00:00:00.000Z,2025.0,0.0,GOVT HSS KARDA ME LAB SETUP INSTALLATION,GOVT HSS KARDA ME LAB SETUP INSTALLATION,,DR. RAJESH MISHRA,,SIDHI,Completed,2495850,2025-09-09T00:00:00.000Z,,,,,,,,,,,,Education & School Infrastructure,Social Infrastructure
207521.0,6a932bb5cd94452437a1a2ff,Madhya Pradesh,Madhya Pradesh,MANDLA,MANDLA,SEONI(District Collector Seoni_IDA),SEONI(District Collector Seoni_IDA),Normal/Others,Normal/Others,495000.0,2025-10-10T00:00:00.000Z,2025.0,0.0,"Gram Jogigupham, gram panchayat jogigupha, janpad panchayat lakhnadon, seoni me  shanti dham ke pas puliya nirman karya","Gram Jogigupham, gram panchayat jogigupha, janpad panchayat lakhnadon, seoni me  shanti dham ke pas puliya nirman karya",,Faggan Singh Kulaste,,MANDLA,Completed,495000,2025-10-10T00:00:00.000Z,,,,,,,,,,,,Other Civil & Development Works,General Development & Maintenance
208524.0,6a932bb5cd94452437a19ff6,Madhya Pradesh,Madhya Pradesh,BHIND,BHIND,DATIA(District Collector Datia_IDA),DATIA(District Collector Datia_IDA),Normal/Others,Normal/Others,199604.0,2026-02-02T00:00:00.000Z,2026.0,0.0,GI FIREFIGHTER WATER SYSTEM CAPACITY 5000 LET.,GI FIREFIGHTER WATER SYSTEM CAPACITY 5000 LET.,,Smt Sandhya Ray,,BHIND,Completed,199604,2026-02-02T00:00:00.000Z,,,,,,,,,,,,Drinking Water Supply,Public Health & Basic Amenities
208526.0,6a932bb5cd94452437a19ffb,Madhya Pradesh,Madhya Pradesh,BHIND,BHIND,DATIA(District Collector Datia_IDA),DATIA(District Collector Datia_IDA),Normal/Others,Normal/Others,199604.0,2026-02-02T00:00:00.000Z,2026.0,0.0,GI FIREFIGHTER WATER SYSTEM CAPACITY 5000 LET.,GI FIREFIGHTER WATER SYSTEM CAPACITY 5000 LET.,,Smt Sandhya Ray,,BHIND,Completed,199604,2026-02-02T00:00:00.000Z,,,,,,,,,,,,Drinking Water Supply,Public Health & Basic Amenities
208528.0,6a932bb5cd94452437a19ff9,Madhya Pradesh,Madhya Pradesh,BHIND,BHIND,DATIA(District Collector Datia_IDA),DATIA(District Collector Datia_IDA),Normal/Others,Normal/Others,199604.0,2026-02-02T00:00:00.000Z,2026.0,0.0,GI FIREFIGHTER WATER SYSTEM CAPACITY 5000 LET.,GI FIREFIGHTER WATER SYSTEM CAPACITY 5000 LET.,,Smt Sandhya Ray,,BHIND,Completed,199604,2026-02-02T00:00:00.000Z,,,,,,,,,,,,Drinking Water Supply,Public Health & Basic Amenities
208530.0,6a932bb5cd94452437a19ff8,Madhya Pradesh,Madhya Pradesh,BHIND,BHIND,DATIA(District Collector Datia_IDA),DATIA(District Collector Datia_IDA),Normal/Others,Normal/Others,199604.0,2026-02-02T00:00:00.000Z,2026.0,0.0,GI FIREFIGHTER WATER SYSTEM CAPACITY 5000 LET.,GI FIREFIGHTER WATER SYSTEM CAPACITY 5000 LET.,,Smt Sandhya Ray,,BHIND,Completed,199604,2026-02-02T00:00:00.000Z,,,,,,,,,,,,Drinking Water Supply,Public Health & Basic Amenities
208532.0,6a932bb5cd94452437a1a0ab,Madhya Pradesh,Madhya Pradesh,BHIND,BHIND,DATIA(District Collector Datia_IDA),DATIA(District Collector Datia_IDA),Normal/Others,Normal/Others,199604.0,2026-02-02T00:00:00.000Z,2026.0,0.0,GI FIREFIGHTER WATER SYSTEM CAPACITY 5000 LET.,GI FIREFIGHTER WATER SYSTEM CAPACITY 5000 LET.,,Smt Sandhya Ray,,BHIND,Completed,199604,2026-02-02T00:00:00.000Z,,,,,,,,,,,,Drinking Water Supply,Public Health & Basic Amenities
210481.0,6a932bb5cd94452437a1986d,Madhya Pradesh,Madhya Pradesh,DHAR,DHAR,DHAR(DISTRICT COLLECTOR DHAR_IDA),DHAR(DISTRICT COLLECTOR DHAR_IDA),Normal/Others,Normal/Others,159212.0,2026-02-19T00:00:00.000Z,2026.0,0.0,GI cotted water tanker 5500 liter tyre 900x16 New,GI cotted water tanker 5500 liter tyre 900x16 New,,SAVITRI THAKUR,,DHAR,Completed,159212,2026-02-19T00:00:00.000Z,,,,,,,,,,,,Drinking Water Supply,Public Health & Basic Amenities
210483.0,6a932bb5cd94452437a19873,Madhya Pradesh,Madhya Pradesh,DHAR,DHAR,DHAR(DISTRICT COLLECTOR DHAR_IDA),DHAR(DISTRICT COLLECTOR DHAR_IDA),Normal/Others,Normal/Others,159212.0,2026-02-19T00:00:00.000Z,2026.0,0.0,GI cotted water tanker 5500 liter tyre 900x16 New,GI cotted water tanker 5500 liter tyre 900x16 New,,SAVITRI THAKUR,,DHAR,Completed,159212,2026-02-19T00:00:00.000Z,,,,,,,,,,,,Drinking Water Supply,Public Health & Basic Amenities
210485.0,6a932bb5cd94452437a19875,Madhya Pradesh,Madhya Pradesh,DHAR,DHAR,DHAR(DISTRICT COLLECTOR DHAR_IDA),DHAR(DISTRICT COLLECTOR DHAR_IDA),Normal/Others,Normal/Others,159212.0,2026-02-19T00:00:00.000Z,2026.0,0.0,GI cotted water tanker 5500 liter tyre 900x16 New,GI cotted water tanker 5500 liter tyre 900x16 New,,SAVITRI THAKUR,,DHAR,Completed,159212,2026-02-19T00:00:00.000Z,,,,,,,,,,,,Drinking Water Supply,Public Health & Basic Amenities
210488.0,6a932bb5cd94452437a19879,Madhya Pradesh,Madhya Pradesh,DHAR,DHAR,DHAR(DISTRICT COLLECTOR DHAR_IDA),DHAR(DISTRICT COLLECTOR DHAR_IDA),Normal/Others,Normal/Others,159212.0,2026-02-19T00:00:00.000Z,2026.0,0.0,GI cotted water tanker 5500 liter tyre 900x16 New,GI cotted water tanker 5500 liter tyre 900x16 New,,SAVITRI THAKUR,,DHAR,Completed,159212,2026-02-19T00:00:00.000Z,,,,,,,,,,,,Drinking Water Supply,Public Health & Basic Amenities
210490.0,6a932bb5cd94452437a1987f,Madhya Pradesh,Madhya Pradesh,DHAR,DHAR,DHAR(DISTRICT COLLECTOR DHAR_IDA),DHAR(DISTRICT COLLECTOR DHAR_IDA),Normal/Others,Normal/Others,159212.0,2026-02-19T00:00:00.000Z,2026.0,0.0,GI cotted water tanker 5500 liter tyre 900x16 New,GI cotted water tanker 5500 liter tyre 900x16 New,,SAVITRI THAKUR,,DHAR,Completed,159212,2026-02-19T00:00:00.000Z,,,,,,,,,,,,Drinking Water Supply,Public Health & Basic Amenities
210493.0,6a932bb5cd94452437a19881,Madhya Pradesh,Madhya Pradesh,DHAR,DHAR,DHAR(DISTRICT COLLECTOR DHAR_IDA),DHAR(DISTRICT COLLECTOR DHAR_IDA),Normal/Others,Normal/Others,159212.0,2026-02-19T00:00:00.000Z,2026.0,0.0,GI cotted water tanker 5500 liter tyre 900x16 New,GI cotted water tanker 5500 liter tyre 900x16 New,,SAVITRI THAKUR,,DHAR,Completed,159212,2026-02-19T00:00:00.000Z,,,,,,,,,,,,Drinking Water Supply,Public Health & Basic Amenities
210498.0,6a932bb5cd94452437a19884,Madhya Pradesh,Madhya Pradesh,DHAR,DHAR,DHAR(DISTRICT COLLECTOR DHAR_IDA),DHAR(DISTRICT COLLECTOR DHAR_IDA),Normal/Others,Normal/Others,159212.0,2026-02-19T00:00:00.000Z,2026.0,0.0,GI cotted water tanker 5500 liter tyre 900x16 New,GI cotted water tanker 5500 liter tyre 900x16 New,,SAVITRI THAKUR,,DHAR,Completed,159212,2026-02-19T00:00:00.000Z,,,,,,,,,,,,Drinking Water Supply,Public Health & Basic Amenities
210500.0,6a932bb5cd94452437a19888,Madhya Pradesh,Madhya Pradesh,DHAR,DHAR,DHAR(DISTRICT COLLECTOR DHAR_IDA),DHAR(DISTRICT COLLECTOR DHAR_IDA),Normal/Others,Normal/Others,159212.0,2026-02-19T00:00:00.000Z,2026.0,0.0,GI cotted water tanker 5500 liter tyre 900x16 New,GI cotted water tanker 5500 liter tyre 900x16 New,,SAVITRI THAKUR,,DHAR,Completed,159212,2026-02-19T00:00:00.000Z,,,,,,,,,,,,Drinking Water Supply,Public Health & Basic Amenities
210502.0,6a932bb5cd94452437a1988a,Madhya Pradesh,Madhya Pradesh,DHAR,DHAR,DHAR(DISTRICT COLLECTOR DHAR_IDA),DHAR(DISTRICT COLLECTOR DHAR_IDA),Normal/Others,Normal/Others,159212.0,2026-02-19T00:00:00.000Z,2026.0,0.0,GI cotted water tanker 5500 liter tyre 900x16 New,GI cotted water tanker 5500 liter tyre 900x16 New,,SAVITRI THAKUR,,DHAR,Completed,159212,2026-02-19T00:00:00.000Z,,,,,,,,,,,,Drinking Water Supply,Public Health & Basic Amenities
210789.0,6a932bb5cd94452437a1db24,Madhya Pradesh,Madhya Pradesh,MANDSOUR,MANDSOUR,MANDSAUR(DISTRICT COLLECTOR MANDSAUR_IDA),MANDSAUR(DISTRICT COLLECTOR MANDSAUR_IDA),Normal/Others,Normal/Others,200000.0,2026-08-09T00:00:00.000Z,2026.0,0.0,Providing drains and gutters for public drainage,Providing drains and gutters for public drainage,,Shri Sudheer Gupta ,,MANDSOUR,Completed,200000,2026-08-09T00:00:00.000Z,,,,,,,,,,,,Roads & Pathways,Physical Infrastructure
210845.0,6a932bb5cd94452437a19b49,Madhya Pradesh,Madhya Pradesh,DHAR,DHAR,DHAR(DISTRICT COLLECTOR DHAR_IDA),DHAR(DISTRICT COLLECTOR DHAR_IDA),Normal/Others,Normal/Others,800000.0,2025-12-21T00:00:00.000Z,2025.0,0.0,Gram kalikiray me mataji ke chouk se galsingh kishore ke ghar tak c.c.road nirman,Gram kalikiray me mataji ke chouk se galsingh kishore ke ghar tak c.c.road nirman,,SAVITRI THAKUR,,DHAR,Completed,800000,2025-12-21T00:00:00.000Z,,,,,,,,,,,,Roads & Pathways,Physical Infrastructure
210859.0,6a932bb5cd94452437a19b47,Madhya Pradesh,Madhya Pradesh,DHAR,DHAR,DHAR(DISTRICT COLLECTOR DHAR_IDA),DHAR(DISTRICT COLLECTOR DHAR_IDA),Normal/Others,Normal/Others,300000.0,2025-12-21T00:00:00.000Z,2025.0,0.0,Gram kalikiray me dariyav ke makan se  shivram ke makan tak c.c.road nirman,Gram kalikiray me dariyav ke makan se  shivram ke makan tak c.c.road nirman,,SAVITRI THAKUR,,DHAR,Completed,300000,2025-12-21T00:00:00.000Z,,,,,,,,,,,,Roads & Pathways,Physical Infrastructure
210874.0,6a932bb5cd94452437a19892,Madhya Pradesh,Madhya Pradesh,DHAR,DHAR,DHAR(DISTRICT COLLECTOR DHAR_IDA),DHAR(DISTRICT COLLECTOR DHAR_IDA),Normal/Others,Normal/Others,159212.0,2026-02-19T00:00:00.000Z,2026.0,0.0,GI cotted water Tanker 5500 liter tyre 900x16 new,GI cotted water Tanker 5500 liter tyre 900x16 new,,SAVITRI THAKUR,,DHAR,Completed,159212,2026-02-19T00:00:00.000Z,,,,,,,,,,,,Drinking Water Supply,Public Health & Basic Amenities
210878.0,6a932bb5cd94452437a19894,Madhya Pradesh,Madhya Pradesh,DHAR,DHAR,DHAR(DISTRICT COLLECTOR DHAR_IDA),DHAR(DISTRICT COLLECTOR DHAR_IDA),Normal/Others,Normal/Others,159212.0,2026-02-19T00:00:00.000Z,2026.0,0.0,GI cotted water Tanker 5500 liter tyre 900x16 new,GI cotted water Tanker 5500 liter tyre 900x16 new,,SAVITRI THAKUR,,DHAR,Completed,159212,2026-02-19T00:00:00.000Z,,,,,,,,,,,,Drinking Water Supply,Public Health & Basic Amenities
210880.0,6a932bb5cd94452437a19898,Madhya Pradesh,Madhya Pradesh,DHAR,DHAR,DHAR(DISTRICT COLLECTOR DHAR_IDA),DHAR(DISTRICT COLLECTOR DHAR_IDA),Normal/Others,Normal/Others,159212.0,2026-02-19T00:00:00.000Z,2026.0,0.0,GI cotted water Tanker 5500 liter tyre 900x16 new,GI cotted water Tanker 5500 liter tyre 900x16 new,,SAVITRI THAKUR,,DHAR,Completed,159212,2026-02-19T00:00:00.000Z,,,,,,,,,,,,Drinking Water Supply,Public Health & Basic Amenities
211421.0,6a932bb5cd94452437a19be8,Madhya Pradesh,Madhya Pradesh,DHAR,DHAR,DHAR(DISTRICT COLLECTOR DHAR_IDA),DHAR(DISTRICT COLLECTOR DHAR_IDA),Normal/Others,Normal/Others,259942.0,2025-10-01T00:00:00.000Z,2025.0,0.0,gardawad,gardawad,,SAVITRI THAKUR,,DHAR,Completed,259942,2025-10-01T00:00:00.000Z,,,,,,,,,,,,Other Civil & Development Works,General Development & Maintenance
211424.0,6a932bb5cd94452437a19be4,Madhya Pradesh,Madhya Pradesh,DHAR,DHAR,DHAR(DISTRICT COLLECTOR DHAR_IDA),DHAR(DISTRICT COLLECTOR DHAR_IDA),Normal/Others,Normal/Others,259942.0,2025-10-01T00:00:00.000Z,2025.0,0.0,foody hotal chourahe par AB road,foody hotal chourahe par AB road,,SAVITRI THAKUR,,DHAR,Completed,259942,2025-10-01T00:00:00.000Z,,,,,,,,,,,,Roads & Pathways,Physical Infrastructure
211427.0,6a932bb5cd94452437a19be0,Madhya Pradesh,Madhya Pradesh,DHAR,DHAR,DHAR(DISTRICT COLLECTOR DHAR_IDA),DHAR(DISTRICT COLLECTOR DHAR_IDA),Normal/Others,Normal/Others,259942.0,2025-10-01T00:00:00.000Z,2025.0,0.0,bajrang colony tanda,bajrang colony tanda,,SAVITRI THAKUR,,DHAR,Completed,259942,2025-10-01T00:00:00.000Z,,,,,,,,,,,,Other Civil & Development Works,General Development & Maintenance
211434.0,6a932bb5cd94452437a19bdc,Madhya Pradesh,Madhya Pradesh,DHAR,DHAR,DHAR(DISTRICT COLLECTOR DHAR_IDA),DHAR(DISTRICT COLLECTOR DHAR_IDA),Normal/Others,Normal/Others,259942.0,2026-02-03T00:00:00.000Z,2026.0,0.0,gogava fata,gogava fata,,SAVITRI THAKUR,,DHAR,Completed,259942,2026-02-03T00:00:00.000Z,,,,,,,,,,,,Other Civil & Development Works,General Development & Maintenance
211439.0,6a932bb5cd94452437a19bd9,Madhya Pradesh,Madhya Pradesh,DHAR,DHAR,DHAR(DISTRICT COLLECTOR DHAR_IDA),DHAR(DISTRICT COLLECTOR DHAR_IDA),Normal/Others,Normal/Others,259942.0,2025-10-01T00:00:00.000Z,2025.0,0.0,ralamandal fate par,ralamandal fate par,,SAVITRI THAKUR,,DHAR,Completed,259942,2025-10-01T00:00:00.000Z,,,,,,,,,,,,Other Civil & Development Works,General Development & Maintenance
211446.0,6a932bb5cd94452437a19be1,Madhya Pradesh,Madhya Pradesh,DHAR,DHAR,DHAR(DISTRICT COLLECTOR DHAR_IDA),DHAR(DISTRICT COLLECTOR DHAR_IDA),Normal/Others,Normal/Others,259942.0,2025-10-01T00:00:00.000Z,2025.0,0.0,hanumatya,hanumatya,,SAVITRI THAKUR,,DHAR,Completed,259942,2025-10-01T00:00:00.000Z,,,,,,,,,,,,Other Civil & Development Works,General Development & Maintenance
211461.0,6a932bb5cd94452437a19bea,Madhya Pradesh,Madhya Pradesh,DHAR,DHAR,DHAR(DISTRICT COLLECTOR DHAR_IDA),DHAR(DISTRICT COLLECTOR DHAR_IDA),Normal/Others,Normal/Others,259942.0,2025-10-01T00:00:00.000Z,2025.0,0.0,ambapura chourahe par,ambapura chourahe par,,SAVITRI THAKUR,,DHAR,Completed,259942,2025-10-01T00:00:00.000Z,,,,,,,,,,,,Other Civil & Development Works,General Development & Maintenance
211990.0,6a932bb5cd94452437a192a3,Madhya Pradesh,Madhya Pradesh,MANDLA,MANDLA,MANDLA(DISTRICT COLLECTOR MANDLA_IDA),MANDLA(DISTRICT COLLECTOR MANDLA_IDA),Normal/Others,Normal/Others,500000.0,2026-02-04T00:00:00.000Z,2026.0,0.0,"Kahuwa Nala Gram Panchayat Manjhipur, Janpad Panchayat Bichhiya me Puliya  nirman karya","Kahuwa Nala Gram Panchayat Manjhipur, Janpad Panchayat Bichhiya me Puliya  nirman karya",,Faggan Singh Kulaste,,MANDLA,Completed,500000,2026-02-04T00:00:00.000Z,,,,,,,,,,,,Other Civil & Development Works,General Development & Maintenance
213630.0,6a932bb5cd94452437a1acba,Madhya Pradesh,Madhya Pradesh,SATNA,SATNA,SATNA(DISTRICT COLLECTOR SATNA_IDA),SATNA(DISTRICT COLLECTOR SATNA_IDA),Normal/Others,Normal/Others,2941600.0,2026-03-26T00:00:00.000Z,2026.0,0.0,"18 Gram panchayat bardadih, Gadwa khurd, khamhariya, karhi kalan, Itaur, devmau daldal, Devguna, Bichwa, Sahijana ubari, Tushgawan, Parasmaniya, Itaha khokharra, Usrar, Mankahri, Sitpura, Sohas, Pachhit, Chuwa me Tankar hetu","18 Gram panchayat bardadih, Gadwa khurd, khamhariya, karhi kalan, Itaur, devmau daldal, Devguna, Bichwa, Sahijana ubari, Tushgawan, Parasmaniya, Itaha khokharra, Usrar, Mankahri, Sitpura, Sohas, Pachhit, Chuwa me Tankar hetu",,Ganesh Singh,,SATNA,Completed,2941600,2026-03-26T00:00:00.000Z,,,,,,,,,,,,Other Civil & Development Works,General Development & Maintenance
216093.0,6a932bb5cd94452437a1bd35,Madhya Pradesh,Madhya Pradesh,SATNA,SATNA,Maihar(District Collector Maihar_IDA),Maihar(District Collector Maihar_IDA),Normal/Others,Normal/Others,579000.0,2025-12-31T00:00:00.000Z,2025.0,0.0,Rajy sahkari vipnan sangh bhandaran kendra Ramnagar me kishan Vishram shed nirman hetu,Rajy sahkari vipnan sangh bhandaran kendra Ramnagar me kishan Vishram shed nirman hetu,,Ganesh Singh,,SATNA,Completed,579000,2025-12-31T00:00:00.000Z,,,,,,,,,,,,Community Centers & Halls,Social Infrastructure
217948.0,6a932bb5cd94452437a1a675,Madhya Pradesh,Madhya Pradesh,SIDHI,SIDHI,SIDHI(DISTRICT COLLECTOR SIDHI_IDA),SIDHI(DISTRICT COLLECTOR SIDHI_IDA),Normal/Others,Normal/Others,1499438.0,2026-03-16T00:00:00.000Z,2026.0,0.0,GRAM PANCHAYAT KURRWAH ANTARGAT MADHURI PAWAI ME CM RISE SCHOOL SE PUSHPRAJ SINGH KE GHAR TAK NAVEEN SADAK NIRMAN KARYA,GRAM PANCHAYAT KURRWAH ANTARGAT MADHURI PAWAI ME CM RISE SCHOOL SE PUSHPRAJ SINGH KE GHAR TAK NAVEEN SADAK NIRMAN KARYA,,DR. RAJESH MISHRA,,SIDHI,Completed,1499438,2026-03-16T00:00:00.000Z,,,,,,,,,,,,Education & School Infrastructure,Social Infrastructure
218710.0,6a932bb5cd94452437a1afb8,Madhya Pradesh,Madhya Pradesh,DHAR,DHAR,DHAR(DISTRICT COLLECTOR DHAR_IDA),DHAR(DISTRICT COLLECTOR DHAR_IDA),Normal/Others,Normal/Others,500000.0,2025-10-24T00:00:00.000Z,2025.0,0.0,gram hirapur me goushala ke pas shed nirman,gram hirapur me goushala ke pas shed nirman,,SAVITRI THAKUR,,DHAR,Completed,500000,2025-10-24T00:00:00.000Z,,,,,,,,,,,,Community Centers & Halls,Social Infrastructure
219070.0,6a932bb5cd94452437a1b8be,Madhya Pradesh,Madhya Pradesh,UJJAIN,UJJAIN,UJJAIN(DISTRICT COLLECTOR UJJAIN_IDA),UJJAIN(DISTRICT COLLECTOR UJJAIN_IDA),Normal/Others,Normal/Others,500000.0,2026-01-20T00:00:00.000Z,2026.0,0.0,gram lasuldiya dhandhu se kheda nagji cement concrit road nirman,gram lasuldiya dhandhu se kheda nagji cement concrit road nirman,,Shri Anil Firojiya,,UJJAIN,Completed,500000,2026-01-20T00:00:00.000Z,,,,,,,,,,,,Roads & Pathways,Physical Infrastructure
219072.0,6a932bb5cd94452437a1c519,Madhya Pradesh,Madhya Pradesh,UJJAIN,UJJAIN,UJJAIN(DISTRICT COLLECTOR UJJAIN_IDA),UJJAIN(DISTRICT COLLECTOR UJJAIN_IDA),Normal/Others,Normal/Others,1000000.0,2026-04-22T00:00:00.000Z,2026.0,0.0,gram tankariyapanth bhoi mohalla me cement concrit road nirman,gram tankariyapanth bhoi mohalla me cement concrit road nirman,,Shri Anil Firojiya,,UJJAIN,Completed,1000000,2026-04-22T00:00:00.000Z,,,,,,,,,,,,Roads & Pathways,Physical Infrastructure
219114.0,6a932bb5cd94452437a1ab12,Madhya Pradesh,Madhya Pradesh,UJJAIN,UJJAIN,RATLAM(District Collector Ratlam_IDA),RATLAM(District Collector Ratlam_IDA),Normal/Others,Normal/Others,500000.0,2026-04-10T00:00:00.000Z,2026.0,0.0,gram rewas me hanuman mandir se kachru chandrawanshi ke ghar ki aur cement concrit road nirman,gram rewas me hanuman mandir se kachru chandrawanshi ke ghar ki aur cement concrit road nirman,,Shri Anil Firojiya,,UJJAIN,Completed,500000,2026-04-10T00:00:00.000Z,,,,,,,,,,,,Roads & Pathways,Physical Infrastructure
220158.0,6a932bb5cd94452437a1d541,Madhya Pradesh,Madhya Pradesh,RATLAM,RATLAM,RATLAM(District Collector Ratlam_IDA),RATLAM(District Collector Ratlam_IDA),Trust and Society,Trust and Society,2499466.0,2026-03-02T00:00:00.000Z,2026.0,0.0,Ratlam Ward No 14 Katju Nagar Shaikchanik bhavan nirman Rs 25 lack Svikrat ki gai Sansad nidhi se,Ratlam Ward No 14 Katju Nagar Shaikchanik bhavan nirman Rs 25 lack Svikrat ki gai Sansad nidhi se,,ANITA NAGARSINGH CHOUHAN,,RATLAM,Completed,2499466,2026-03-02T00:00:00.000Z,,,,,,,,,,,,Community Centers & Halls,Social Infrastructure
222597.0,6a932bb5cd94452437a1c3cd,Madhya Pradesh,Madhya Pradesh,DHAR,DHAR,DHAR(DISTRICT COLLECTOR DHAR_IDA),DHAR(DISTRICT COLLECTOR DHAR_IDA),Normal/Others,Normal/Others,197456.0,2026-05-08T00:00:00.000Z,2026.0,0.0,kabaddi khel samagri,kabaddi khel samagri,,SAVITRI THAKUR,,DHAR,Completed,197456,2026-05-08T00:00:00.000Z,,,,,,,,,,,,Other Civil & Development Works,General Development & Maintenance
222836.0,6a932bb5cd94452437a1bd5c,Madhya Pradesh,Madhya Pradesh,SAGAR,SAGAR,SAGAR(DISTRICT COLLECTOR SAGAR_IDA),SAGAR(DISTRICT COLLECTOR SAGAR_IDA),Normal/Others,Normal/Others,500000.0,2026-02-19T00:00:00.000Z,2026.0,0.0,G.P. Aeran ke gram Khiriya me mahadev ke ghar se school tak C.C. Road,G.P. Aeran ke gram Khiriya me mahadev ke ghar se school tak C.C. Road,,DR. LATA WANKHEDE,,SAGAR,Completed,500000,2026-02-19T00:00:00.000Z,,,,,,,,,,,,Roads & Pathways,Physical Infrastructure
222838.0,6a932bb5cd94452437a1b45b,Madhya Pradesh,Madhya Pradesh,SAGAR,SAGAR,SAGAR(DISTRICT COLLECTOR SAGAR_IDA),SAGAR(DISTRICT COLLECTOR SAGAR_IDA),Normal/Others,Normal/Others,499400.0,2026-02-19T00:00:00.000Z,2026.0,0.0,G.P. Nivodiya ke gram Sonpur me Pahlad Chadar ke ghar se shantidham ki or C.C. Road,G.P. Nivodiya ke gram Sonpur me Pahlad Chadar ke ghar se shantidham ki or C.C. Road,,DR. LATA WANKHEDE,,SAGAR,Completed,499400,2026-02-19T00:00:00.000Z,,,,,,,,,,,,Roads & Pathways,Physical Infrastructure
222840.0,6a932bb5cd94452437a1ae47,Madhya Pradesh,Madhya Pradesh,SAGAR,SAGAR,SAGAR(DISTRICT COLLECTOR SAGAR_IDA),SAGAR(DISTRICT COLLECTOR SAGAR_IDA),Normal/Others,Normal/Others,500000.0,2026-02-27T00:00:00.000Z,2026.0,0.0,G.P. Hirankheda me sagor khan se noor khan ke ghar ki our C.C. Road,G.P. Hirankheda me sagor khan se noor khan ke ghar ki our C.C. Road,,DR. LATA WANKHEDE,,SAGAR,Completed,500000,2026-02-27T00:00:00.000Z,,,,,,,,,,,,Roads & Pathways,Physical Infrastructure
224542.0,6a932bb5cd94452437a1bdf7,Madhya Pradesh,Madhya Pradesh,BALAGHAT,BALAGHAT,SEONI(District Collector Seoni_IDA),SEONI(District Collector Seoni_IDA),Normal/Others,Normal/Others,1000000.0,2026-05-11T00:00:00.000Z,2026.0,0.0,GRAM PANCHAYAT SUKLA TEH BARGHAT KE LAMYA MEIN GHAT NIRMAN KARYA.,GRAM PANCHAYAT SUKLA TEH BARGHAT KE LAMYA MEIN GHAT NIRMAN KARYA.,,BHARTI PARDHI,,BALAGHAT,Completed,1000000,2026-05-11T00:00:00.000Z,,,,,,,,,,,,Other Civil & Development Works,General Development & Maintenance
224685.0,6a932bb5cd94452437a1c427,Madhya Pradesh,Madhya Pradesh,INDORE,INDORE,INDORE(DISTRICT COLLECTOR INDORE_IDA),INDORE(DISTRICT COLLECTOR INDORE_IDA),Normal/Others,Normal/Others,65762.0,2026-03-30T00:00:00.000Z,2026.0,0.0,1 Water tank 5000 Liter with  Stand near  Guruji Sewa Nyas located at Back side of Bombay Hospital  Basant Hospital Ward 31 VS- Indore 5  District Indore,1 Water tank 5000 Liter with  Stand near  Guruji Sewa Nyas located at Back side of Bombay Hospital  Basant Hospital Ward 31 VS- Indore 5  District Indore,,Shankar Lalwani,,INDORE,Completed,65762,2026-03-30T00:00:00.000Z,,,,,,,,,,,,Drinking Water Supply,Public Health & Basic Amenities
224731.0,6a932bb5cd94452437a1c424,Madhya Pradesh,Madhya Pradesh,INDORE,INDORE,INDORE(DISTRICT COLLECTOR INDORE_IDA),INDORE(DISTRICT COLLECTOR INDORE_IDA),Normal/Others,Normal/Others,437469.0,2026-03-30T00:00:00.000Z,2026.0,0.0,Tube well mining with Motor pump installation including recharge pit for public use near  House No. 111  shanti nagar located in Chhota Bangarda  Ward 16 VS Indore-1 District Indore,Tube well mining with Motor pump installation including recharge pit for public use near  House No. 111  shanti nagar located in Chhota Bangarda  Ward 16 VS Indore-1 District Indore,,Shankar Lalwani,,INDORE,Completed,437469,2026-03-30T00:00:00.000Z,,,,,,,,,,,,Drinking Water Supply,Public Health & Basic Amenities
224738.0,6a932bb5cd94452437a1c421,Madhya Pradesh,Madhya Pradesh,INDORE,INDORE,INDORE(DISTRICT COLLECTOR INDORE_IDA),INDORE(DISTRICT COLLECTOR INDORE_IDA),Normal/Others,Normal/Others,426985.0,2026-04-09T00:00:00.000Z,2026.0,0.0,Tube well mining with Motor pump installation including recharge pit for public use near  Shyamaprasad Mukharji Park located at Mahalakshmi Nagar  Ward 37 VS Indore-5 District Indore,Tube well mining with Motor pump installation including recharge pit for public use near  Shyamaprasad Mukharji Park located at Mahalakshmi Nagar  Ward 37 VS Indore-5 District Indore,,Shankar Lalwani,,INDORE,Completed,426985,2026-04-09T00:00:00.000Z,,,,,,,,,,,,Drinking Water Supply,Public Health & Basic Amenities
224742.0,6a932bb5cd94452437a1c694,Madhya Pradesh,Madhya Pradesh,INDORE,INDORE,INDORE(DISTRICT COLLECTOR INDORE_IDA),INDORE(DISTRICT COLLECTOR INDORE_IDA),Normal/Others,Normal/Others,437059.0,2026-04-14T00:00:00.000Z,2026.0,0.0,Tube well mining with Motor pump installation including recharge pit for public use  Near Triveni Garden located at  Jagjivan Ram Nagar   ward 44 VS Indore-5 District Indore,Tube well mining with Motor pump installation including recharge pit for public use  Near Triveni Garden located at  Jagjivan Ram Nagar   ward 44 VS Indore-5 District Indore,,Shankar Lalwani,,INDORE,Completed,437059,2026-04-14T00:00:00.000Z,,,,,,,,,,,,Drinking Water Supply,Public Health & Basic Amenities
224747.0,6a932bb5cd94452437a1d4f8,Madhya Pradesh,Madhya Pradesh,INDORE,INDORE,INDORE(DISTRICT COLLECTOR INDORE_IDA),INDORE(DISTRICT COLLECTOR INDORE_IDA),Normal/Others,Normal/Others,429614.0,2026-04-13T00:00:00.000Z,2026.0,0.0,Tube well mining with Motor pump installation including recharge pit for public use Near Govt. School priydarshini Colony  Khajrana Ward 42 VS Indore-5 District Indore,Tube well mining with Motor pump installation including recharge pit for public use Near Govt. School priydarshini Colony  Khajrana Ward 42 VS Indore-5 District Indore,,Shankar Lalwani,,INDORE,Completed,429614,2026-04-13T00:00:00.000Z,,,,,,,,,,,,Drinking Water Supply,Public Health & Basic Amenities
224751.0,6a932bb5cd94452437a1c696,Madhya Pradesh,Madhya Pradesh,INDORE,INDORE,INDORE(DISTRICT COLLECTOR INDORE_IDA),INDORE(DISTRICT COLLECTOR INDORE_IDA),Normal/Others,Normal/Others,435848.0,2026-04-14T00:00:00.000Z,2026.0,0.0,"Tube well mining with Motor pump installation including recharge pit for public use  Between Gali no. 4, 5, 6 Babulal Nagar  Ward 51 VS Indore-5 District Indore","Tube well mining with Motor pump installation including recharge pit for public use  Between Gali no. 4, 5, 6 Babulal Nagar  Ward 51 VS Indore-5 District Indore",,Shankar Lalwani,,INDORE,Completed,435848,2026-04-14T00:00:00.000Z,,,,,,,,,,,,Drinking Water Supply,Public Health & Basic Amenities
224785.0,6a932bb5cd94452437a1c6b8,Madhya Pradesh,Madhya Pradesh,INDORE,INDORE,INDORE(DISTRICT COLLECTOR INDORE_IDA),INDORE(DISTRICT COLLECTOR INDORE_IDA),Normal/Others,Normal/Others,442178.0,2026-04-14T00:00:00.000Z,2026.0,0.0,Tube well mining with Motor pump installation including recharge pit for public use near  Malwa Mil Chhatri Pancham ki Fale  Ward 46 VS Indore-5 District Indore,Tube well mining with Motor pump installation including recharge pit for public use near  Malwa Mil Chhatri Pancham ki Fale  Ward 46 VS Indore-5 District Indore,,Shankar Lalwani,,INDORE,Completed,442178,2026-04-14T00:00:00.000Z,,,,,,,,,,,,Drinking Water Supply,Public Health & Basic Amenities
208593.0,6a932bb5cd94452437a1b1d0,Madhya Pradesh,Madhya Pradesh,KHANDWA,KHANDWA,BURHANPUR(District Collector Burhanpur_IDA),BURHANPUR(District Collector Burhanpur_IDA),Normal/Others,Normal/Others,225780.0,2026-01-07T00:00:00.000Z,2026.0,0.0,solar street lights-5,solar street lights-5,,Gyaneshwar Patil,,KHANDWA,Completed,225780,2026-01-07T00:00:00.000Z,,,,,,,,,,,,"Electricity, Lighting & Solar Energy",Physical Infrastructure
208595.0,6a932bb5cd94452437a1b1d4,Madhya Pradesh,Madhya Pradesh,KHANDWA,KHANDWA,BURHANPUR(District Collector Burhanpur_IDA),BURHANPUR(District Collector Burhanpur_IDA),Normal/Others,Normal/Others,225780.0,2026-01-07T00:00:00.000Z,2026.0,0.0,solar street lights-5,solar street lights-5,,Gyaneshwar Patil,,KHANDWA,Completed,225780,2026-01-07T00:00:00.000Z,,,,,,,,,,,,"Electricity, Lighting & Solar Energy",Physical Infrastructure
208597.0,6a932bb5cd94452437a1b1d5,Madhya Pradesh,Madhya Pradesh,KHANDWA,KHANDWA,BURHANPUR(District Collector Burhanpur_IDA),BURHANPUR(District Collector Burhanpur_IDA),Normal/Others,Normal/Others,135468.0,2026-01-07T00:00:00.000Z,2026.0,0.0,solar street lights-3,solar street lights-3,,Gyaneshwar Patil,,KHANDWA,Completed,135468,2026-01-07T00:00:00.000Z,,,,,,,,,,,,"Electricity, Lighting & Solar Energy",Physical Infrastructure
208613.0,6a932bb5cd94452437a1b0f3,Madhya Pradesh,Madhya Pradesh,KHANDWA,KHANDWA,Khandwa (East Nimar)(DISTRICT COLLECTOR EAST NIMAR_IDA),Khandwa (East Nimar)(DISTRICT COLLECTOR EAST NIMAR_IDA),Normal/Others,Normal/Others,632184.0,2025-12-18T00:00:00.000Z,2025.0,0.0,14 street lights,14 street lights,,Gyaneshwar Patil,,KHANDWA,Completed,632184,2025-12-18T00:00:00.000Z,,,,,,,,,,,,Other Civil & Development Works,General Development & Maintenance
208615.0,6a932bb5cd94452437a1b0f4,Madhya Pradesh,Madhya Pradesh,KHANDWA,KHANDWA,Khandwa (East Nimar)(DISTRICT COLLECTOR EAST NIMAR_IDA),Khandwa (East Nimar)(DISTRICT COLLECTOR EAST NIMAR_IDA),Normal/Others,Normal/Others,451560.0,2025-12-18T00:00:00.000Z,2025.0,0.0,10-street lights,10-street lights,,Gyaneshwar Patil,,KHANDWA,Completed,451560,2025-12-18T00:00:00.000Z,,,,,,,,,,,,Other Civil & Development Works,General Development & Maintenance
208617.0,6a932bb5cd94452437a1b0f5,Madhya Pradesh,Madhya Pradesh,KHANDWA,KHANDWA,Khandwa (East Nimar)(DISTRICT COLLECTOR EAST NIMAR_IDA),Khandwa (East Nimar)(DISTRICT COLLECTOR EAST NIMAR_IDA),Normal/Others,Normal/Others,451560.0,2025-12-18T00:00:00.000Z,2025.0,0.0,10-street lights,10-street lights,,Gyaneshwar Patil,,KHANDWA,Completed,451560,2025-12-18T00:00:00.000Z,,,,,,,,,,,,Other Civil & Development Works,General Development & Maintenance
208619.0,6a932bb5cd94452437a1b0f8,Madhya Pradesh,Madhya Pradesh,KHANDWA,KHANDWA,Khandwa (East Nimar)(DISTRICT COLLECTOR EAST NIMAR_IDA),Khandwa (East Nimar)(DISTRICT COLLECTOR EAST NIMAR_IDA),Normal/Others,Normal/Others,451560.0,2025-12-18T00:00:00.000Z,2025.0,0.0,10-street lights,10-street lights,,Gyaneshwar Patil,,KHANDWA,Completed,451560,2025-12-18T00:00:00.000Z,,,,,,,,,,,,Other Civil & Development Works,General Development & Maintenance
208621.0,6a932bb5cd94452437a1b0f9,Madhya Pradesh,Madhya Pradesh,KHANDWA,KHANDWA,Khandwa (East Nimar)(DISTRICT COLLECTOR EAST NIMAR_IDA),Khandwa (East Nimar)(DISTRICT COLLECTOR EAST NIMAR_IDA),Normal/Others,Normal/Others,451560.0,2025-12-18T00:00:00.000Z,2025.0,0.0,10-street lights,10-street lights,,Gyaneshwar Patil,,KHANDWA,Completed,451560,2025-12-18T00:00:00.000Z,,,,,,,,,,,,Other Civil & Development Works,General Development & Maintenance
208623.0,6a932bb5cd94452437a1b0fb,Madhya Pradesh,Madhya Pradesh,KHANDWA,KHANDWA,Khandwa (East Nimar)(DISTRICT COLLECTOR EAST NIMAR_IDA),Khandwa (East Nimar)(DISTRICT COLLECTOR EAST NIMAR_IDA),Normal/Others,Normal/Others,541872.0,2025-12-18T00:00:00.000Z,2025.0,0.0,12-street ligts,12-street ligts,,Gyaneshwar Patil,,KHANDWA,Completed,541872,2025-12-18T00:00:00.000Z,,,,,,,,,,,,Other Civil & Development Works,General Development & Maintenance
208625.0,6a932bb5cd94452437a1b0f0,Madhya Pradesh,Madhya Pradesh,KHANDWA,KHANDWA,Khandwa (East Nimar)(DISTRICT COLLECTOR EAST NIMAR_IDA),Khandwa (East Nimar)(DISTRICT COLLECTOR EAST NIMAR_IDA),Normal/Others,Normal/Others,541872.0,2025-12-18T00:00:00.000Z,2025.0,0.0,12-street ligts,12-street ligts,,Gyaneshwar Patil,,KHANDWA,Completed,541872,2025-12-18T00:00:00.000Z,,,,,,,,,,,,Other Civil & Development Works,General Development & Maintenance
208627.0,6a932bb5cd94452437a1b0fd,Madhya Pradesh,Madhya Pradesh,KHANDWA,KHANDWA,Khandwa (East Nimar)(DISTRICT COLLECTOR EAST NIMAR_IDA),Khandwa (East Nimar)(DISTRICT COLLECTOR EAST NIMAR_IDA),Normal/Others,Normal/Others,541872.0,2025-12-18T00:00:00.000Z,2025.0,0.0,12-street ligts,12-street ligts,,Gyaneshwar Patil,,KHANDWA,Completed,541872,2025-12-18T00:00:00.000Z,,,,,,,,,,,,Other Civil & Development Works,General Development & Maintenance
208629.0,6a932bb5cd94452437a1b0fa,Madhya Pradesh,Madhya Pradesh,KHANDWA,KHANDWA,Khandwa (East Nimar)(DISTRICT COLLECTOR EAST NIMAR_IDA),Khandwa (East Nimar)(DISTRICT COLLECTOR EAST NIMAR_IDA),Normal/Others,Normal/Others,361248.0,2025-12-18T00:00:00.000Z,2025.0,0.0,8 street lights,8 street lights,,Gyaneshwar Patil,,KHANDWA,Completed,361248,2025-12-18T00:00:00.000Z,,,,,,,,,,,,Other Civil & Development Works,General Development & Maintenance
208682.0,6a932bb5cd94452437a19e4c,Madhya Pradesh,Madhya Pradesh,SAGAR,SAGAR,SAGAR(DISTRICT COLLECTOR SAGAR_IDA),SAGAR(DISTRICT COLLECTOR SAGAR_IDA),Normal/Others,Normal/Others,500000.0,2026-02-19T00:00:00.000Z,2026.0,0.0,G.P. Mirkhedi Me Manoj Soni ke ghar se School Ki Our C.C. Road Nirman Hetu.,G.P. Mirkhedi Me Manoj Soni ke ghar se School Ki Our C.C. Road Nirman Hetu.,,DR. LATA WANKHEDE,,SAGAR,Completed,500000,2026-02-19T00:00:00.000Z,,,,,,,,,,,,Roads & Pathways,Physical Infrastructure
208690.0,6a932bb5cd94452437a1b0e3,Madhya Pradesh,Madhya Pradesh,KHANDWA,KHANDWA,Khandwa (East Nimar)(DISTRICT COLLECTOR EAST NIMAR_IDA),Khandwa (East Nimar)(DISTRICT COLLECTOR EAST NIMAR_IDA),Normal/Others,Normal/Others,364247.0,2026-01-21T00:00:00.000Z,2026.0,0.0,solar high mast,solar high mast,,Gyaneshwar Patil,,KHANDWA,Completed,364247,2026-01-21T00:00:00.000Z,,,,,,,,,,,,"Electricity, Lighting & Solar Energy",Physical Infrastructure
208692.0,6a932bb5cd94452437a1b0d7,Madhya Pradesh,Madhya Pradesh,KHANDWA,KHANDWA,Khandwa (East Nimar)(DISTRICT COLLECTOR EAST NIMAR_IDA),Khandwa (East Nimar)(DISTRICT COLLECTOR EAST NIMAR_IDA),Normal/Others,Normal/Others,364247.0,2026-01-21T00:00:00.000Z,2026.0,0.0,solar high mast,solar high mast,,Gyaneshwar Patil,,KHANDWA,Completed,364247,2026-01-21T00:00:00.000Z,,,,,,,,,,,,"Electricity, Lighting & Solar Energy",Physical Infrastructure
208694.0,6a932bb5cd94452437a1b0d4,Madhya Pradesh,Madhya Pradesh,KHANDWA,KHANDWA,Khandwa (East Nimar)(DISTRICT COLLECTOR EAST NIMAR_IDA),Khandwa (East Nimar)(DISTRICT COLLECTOR EAST NIMAR_IDA),Normal/Others,Normal/Others,364247.0,2026-01-21T00:00:00.000Z,2026.0,0.0,solar high mast,solar high mast,,Gyaneshwar Patil,,KHANDWA,Completed,364247,2026-01-21T00:00:00.000Z,,,,,,,,,,,,"Electricity, Lighting & Solar Energy",Physical Infrastructure
208696.0,6a932bb5cd94452437a1b0d5,Madhya Pradesh,Madhya Pradesh,KHANDWA,KHANDWA,Khandwa (East Nimar)(DISTRICT COLLECTOR EAST NIMAR_IDA),Khandwa (East Nimar)(DISTRICT COLLECTOR EAST NIMAR_IDA),Normal/Others,Normal/Others,364247.0,2026-01-21T00:00:00.000Z,2026.0,0.0,solar high mast,solar high mast,,Gyaneshwar Patil,,KHANDWA,Completed,364247,2026-01-21T00:00:00.000Z,,,,,,,,,,,,"Electricity, Lighting & Solar Energy",Physical Infrastructure
208698.0,6a932bb5cd94452437a1b0d8,Madhya Pradesh,Madhya Pradesh,KHANDWA,KHANDWA,Khandwa (East Nimar)(DISTRICT COLLECTOR EAST NIMAR_IDA),Khandwa (East Nimar)(DISTRICT COLLECTOR EAST NIMAR_IDA),Normal/Others,Normal/Others,364247.0,2026-01-21T00:00:00.000Z,2026.0,0.0,solar high mast,solar high mast,,Gyaneshwar Patil,,KHANDWA,Completed,364247,2026-01-21T00:00:00.000Z,,,,,,,,,,,,"Electricity, Lighting & Solar Energy",Physical Infrastructure
208700.0,6a932bb5cd94452437a1b0df,Madhya Pradesh,Madhya Pradesh,KHANDWA,KHANDWA,Khandwa (East Nimar)(DISTRICT COLLECTOR EAST NIMAR_IDA),Khandwa (East Nimar)(DISTRICT COLLECTOR EAST NIMAR_IDA),Normal/Others,Normal/Others,364247.0,2026-01-21T00:00:00.000Z,2026.0,0.0,solar high mast,solar high mast,,Gyaneshwar Patil,,KHANDWA,Completed,364247,2026-01-21T00:00:00.000Z,,,,,,,,,,,,"Electricity, Lighting & Solar Energy",Physical Infrastructure
208702.0,6a932bb5cd94452437a1b0dc,Madhya Pradesh,Madhya Pradesh,KHANDWA,KHANDWA,Khandwa (East Nimar)(DISTRICT COLLECTOR EAST NIMAR_IDA),Khandwa (East Nimar)(DISTRICT COLLECTOR EAST NIMAR_IDA),Normal/Others,Normal/Others,364247.0,2026-01-21T00:00:00.000Z,2026.0,0.0,solar high mast,solar high mast,,Gyaneshwar Patil,,KHANDWA,Completed,364247,2026-01-21T00:00:00.000Z,,,,,,,,,,,,"Electricity, Lighting & Solar Energy",Physical Infrastructure
208704.0,6a932bb5cd94452437a1b0d9,Madhya Pradesh,Madhya Pradesh,KHANDWA,KHANDWA,Khandwa (East Nimar)(DISTRICT COLLECTOR EAST NIMAR_IDA),Khandwa (East Nimar)(DISTRICT COLLECTOR EAST NIMAR_IDA),Normal/Others,Normal/Others,364247.0,2026-01-21T00:00:00.000Z,2026.0,0.0,solar high mast,solar high mast,,Gyaneshwar Patil,,KHANDWA,Completed,364247,2026-01-21T00:00:00.000Z,,,,,,,,,,,,"Electricity, Lighting & Solar Energy",Physical Infrastructure
208706.0,6a932bb5cd94452437a1b0db,Madhya Pradesh,Madhya Pradesh,KHANDWA,KHANDWA,Khandwa (East Nimar)(DISTRICT COLLECTOR EAST NIMAR_IDA),Khandwa (East Nimar)(DISTRICT COLLECTOR EAST NIMAR_IDA),Normal/Others,Normal/Others,364247.0,2026-01-21T00:00:00.000Z,2026.0,0.0,solar high mast,solar high mast,,Gyaneshwar Patil,,KHANDWA,Completed,364247,2026-01-21T00:00:00.000Z,,,,,,,,,,,,"Electricity, Lighting & Solar Energy",Physical Infrastructure
208708.0,6a932bb5cd94452437a1b0e8,Madhya Pradesh,Madhya Pradesh,KHANDWA,KHANDWA,Khandwa (East Nimar)(DISTRICT COLLECTOR EAST NIMAR_IDA),Khandwa (East Nimar)(DISTRICT COLLECTOR EAST NIMAR_IDA),Normal/Others,Normal/Others,364247.0,2026-01-21T00:00:00.000Z,2026.0,0.0,solar high mast,solar high mast,,Gyaneshwar Patil,,KHANDWA,Completed,364247,2026-01-21T00:00:00.000Z,,,,,,,,,,,,"Electricity, Lighting & Solar Energy",Physical Infrastructure
208710.0,6a932bb5cd94452437a1b0e6,Madhya Pradesh,Madhya Pradesh,KHANDWA,KHANDWA,Khandwa (East Nimar)(DISTRICT COLLECTOR EAST NIMAR_IDA),Khandwa (East Nimar)(DISTRICT COLLECTOR EAST NIMAR_IDA),Normal/Others,Normal/Others,364247.0,2026-01-21T00:00:00.000Z,2026.0,0.0,solar high mast,solar high mast,,Gyaneshwar Patil,,KHANDWA,Completed,364247,2026-01-21T00:00:00.000Z,,,,,,,,,,,,"Electricity, Lighting & Solar Energy",Physical Infrastructure
208712.0,6a932bb5cd94452437a1b0e5,Madhya Pradesh,Madhya Pradesh,KHANDWA,KHANDWA,Khandwa (East Nimar)(DISTRICT COLLECTOR EAST NIMAR_IDA),Khandwa (East Nimar)(DISTRICT COLLECTOR EAST NIMAR_IDA),Normal/Others,Normal/Others,364247.0,2026-01-21T00:00:00.000Z,2026.0,0.0,solar high mast,solar high mast,,Gyaneshwar Patil,,KHANDWA,Completed,364247,2026-01-21T00:00:00.000Z,,,,,,,,,,,,"Electricity, Lighting & Solar Energy",Physical Infrastructure
208714.0,6a932bb5cd94452437a1b0dd,Madhya Pradesh,Madhya Pradesh,KHANDWA,KHANDWA,Khandwa (East Nimar)(DISTRICT COLLECTOR EAST NIMAR_IDA),Khandwa (East Nimar)(DISTRICT COLLECTOR EAST NIMAR_IDA),Normal/Others,Normal/Others,364247.0,2026-01-21T00:00:00.000Z,2026.0,0.0,solar high mast,solar high mast,,Gyaneshwar Patil,,KHANDWA,Completed,364247,2026-01-21T00:00:00.000Z,,,,,,,,,,,,"Electricity, Lighting & Solar Energy",Physical Infrastructure
208716.0,6a932bb5cd94452437a1b0ff,Madhya Pradesh,Madhya Pradesh,KHANDWA,KHANDWA,Khandwa (East Nimar)(DISTRICT COLLECTOR EAST NIMAR_IDA),Khandwa (East Nimar)(DISTRICT COLLECTOR EAST NIMAR_IDA),Normal/Others,Normal/Others,364247.0,2026-01-21T00:00:00.000Z,2026.0,0.0,solar high mast,solar high mast,,Gyaneshwar Patil,,KHANDWA,Completed,364247,2026-01-21T00:00:00.000Z,,,,,,,,,,,,"Electricity, Lighting & Solar Energy",Physical Infrastructure
208718.0,6a932bb5cd94452437a1b0ec,Madhya Pradesh,Madhya Pradesh,KHANDWA,KHANDWA,Khandwa (East Nimar)(DISTRICT COLLECTOR EAST NIMAR_IDA),Khandwa (East Nimar)(DISTRICT COLLECTOR EAST NIMAR_IDA),Normal/Others,Normal/Others,364247.0,2026-01-21T00:00:00.000Z,2026.0,0.0,solar high mast,solar high mast,,Gyaneshwar Patil,,KHANDWA,Completed,364247,2026-01-21T00:00:00.000Z,,,,,,,,,,,,"Electricity, Lighting & Solar Energy",Physical Infrastructure
208720.0,6a932bb5cd94452437a1b0eb,Madhya Pradesh,Madhya Pradesh,KHANDWA,KHANDWA,Khandwa (East Nimar)(DISTRICT COLLECTOR EAST NIMAR_IDA),Khandwa (East Nimar)(DISTRICT COLLECTOR EAST NIMAR_IDA),Normal/Others,Normal/Others,728494.0,2026-01-21T00:00:00.000Z,2026.0,0.0,1 solar high mast,1 solar high mast,,Gyaneshwar Patil,,KHANDWA,Completed,728494,2026-01-21T00:00:00.000Z,,,,,,,,,,,,"Electricity, Lighting & Solar Energy",Physical Infrastructure
208793.0,6a932bb5cd94452437a1b2b4,Madhya Pradesh,Madhya Pradesh,KHANDWA,KHANDWA,DEWAS(DISTRICT COLLECTOR DEWAS_IDA),DEWAS(DISTRICT COLLECTOR DEWAS_IDA),Normal/Others,Normal/Others,190930.0,2026-02-23T00:00:00.000Z,2026.0,0.0,water tanker -5000Litre,water tanker -5000Litre,,Gyaneshwar Patil,,KHANDWA,Completed,190930,2026-02-23T00:00:00.000Z,,,,,,,,,,,,Drinking Water Supply,Public Health & Basic Amenities
208795.0,6a932bb5cd94452437a1b2b2,Madhya Pradesh,Madhya Pradesh,KHANDWA,KHANDWA,DEWAS(DISTRICT COLLECTOR DEWAS_IDA),DEWAS(DISTRICT COLLECTOR DEWAS_IDA),Normal/Others,Normal/Others,190930.0,2026-02-23T00:00:00.000Z,2026.0,0.0,water tanker -5000Litre,water tanker -5000Litre,,Gyaneshwar Patil,,KHANDWA,Completed,190930,2026-02-23T00:00:00.000Z,,,,,,,,,,,,Drinking Water Supply,Public Health & Basic Amenities
208797.0,6a932bb5cd94452437a1b2b0,Madhya Pradesh,Madhya Pradesh,KHANDWA,KHANDWA,DEWAS(DISTRICT COLLECTOR DEWAS_IDA),DEWAS(DISTRICT COLLECTOR DEWAS_IDA),Normal/Others,Normal/Others,190930.0,2026-02-23T00:00:00.000Z,2026.0,0.0,water tanker -5000Litre,water tanker -5000Litre,,Gyaneshwar Patil,,KHANDWA,Completed,190930,2026-02-23T00:00:00.000Z,,,,,,,,,,,,Drinking Water Supply,Public Health & Basic Amenities
208799.0,6a932bb5cd94452437a1b2be,Madhya Pradesh,Madhya Pradesh,KHANDWA,KHANDWA,DEWAS(DISTRICT COLLECTOR DEWAS_IDA),DEWAS(DISTRICT COLLECTOR DEWAS_IDA),Normal/Others,Normal/Others,190930.0,2026-02-23T00:00:00.000Z,2026.0,0.0,water tanker -5000Litre,water tanker -5000Litre,,Gyaneshwar Patil,,KHANDWA,Completed,190930,2026-02-23T00:00:00.000Z,,,,,,,,,,,,Drinking Water Supply,Public Health & Basic Amenities
208801.0,6a932bb5cd94452437a1b2bb,Madhya Pradesh,Madhya Pradesh,KHANDWA,KHANDWA,DEWAS(DISTRICT COLLECTOR DEWAS_IDA),DEWAS(DISTRICT COLLECTOR DEWAS_IDA),Normal/Others,Normal/Others,190930.0,2026-02-23T00:00:00.000Z,2026.0,0.0,water tanker -5000Litre,water tanker -5000Litre,,Gyaneshwar Patil,,KHANDWA,Completed,190930,2026-02-23T00:00:00.000Z,,,,,,,,,,,,Drinking Water Supply,Public Health & Basic Amenities
208803.0,6a932bb5cd94452437a1b2b8,Madhya Pradesh,Madhya Pradesh,KHANDWA,KHANDWA,DEWAS(DISTRICT COLLECTOR DEWAS_IDA),DEWAS(DISTRICT COLLECTOR DEWAS_IDA),Normal/Others,Normal/Others,190930.0,2026-02-23T00:00:00.000Z,2026.0,0.0,water tanker -5000Litre,water tanker -5000Litre,,Gyaneshwar Patil,,KHANDWA,Completed,190930,2026-02-23T00:00:00.000Z,,,,,,,,,,,,Drinking Water Supply,Public Health & Basic Amenities
208805.0,6a932bb5cd94452437a1b2b6,Madhya Pradesh,Madhya Pradesh,KHANDWA,KHANDWA,DEWAS(DISTRICT COLLECTOR DEWAS_IDA),DEWAS(DISTRICT COLLECTOR DEWAS_IDA),Normal/Others,Normal/Others,190930.0,2026-02-23T00:00:00.000Z,2026.0,0.0,water tanker -5000Litre,water tanker -5000Litre,,Gyaneshwar Patil,,KHANDWA,Completed,190930,2026-02-23T00:00:00.000Z,,,,,,,,,,,,Drinking Water Supply,Public Health & Basic Amenities
208999.0,6a932bb5cd94452437a1bdaa,Madhya Pradesh,Madhya Pradesh,DEWAS,DEWAS,DEWAS(DISTRICT COLLECTOR DEWAS_IDA),DEWAS(DISTRICT COLLECTOR DEWAS_IDA),Normal/Others,Normal/Others,483894.0,2026-03-24T00:00:00.000Z,2026.0,0.0,GRAM PANCHAYAT SINGAVDA ME CHOUHAN DHARMSHALA KE PASSSHASKIY BHUMI PARN 25 KV TRANSFAERMER POL AUR TAAR VYVSTHA HETU,GRAM PANCHAYAT SINGAVDA ME CHOUHAN DHARMSHALA KE PASSSHASKIY BHUMI PARN 25 KV TRANSFAERMER POL AUR TAAR VYVSTHA HETU,,Mahendra Singh Solanky,,DEWAS,Completed,483894,2026-03-24T00:00:00.000Z,,,,,,,,,,,,Other Civil & Development Works,General Development & Maintenance
209005.0,6a932bb5cd94452437a1bda9,Madhya Pradesh,Madhya Pradesh,DEWAS,DEWAS,DEWAS(DISTRICT COLLECTOR DEWAS_IDA),DEWAS(DISTRICT COLLECTOR DEWAS_IDA),Normal/Others,Normal/Others,604315.0,2026-03-24T00:00:00.000Z,2026.0,0.0,GRAM PANCHAYAT KHAJURIYA KE GANV  KARNAKHEDI ME MEHRBAAN BADREELAL JE KE GHAR KE PASS SHASKIY BHUMI PAR 25KV TRANSFAERMER POL AUR TAAR VYVSTHA HETU,GRAM PANCHAYAT KHAJURIYA KE GANV  KARNAKHEDI ME MEHRBAAN BADREELAL JE KE GHAR KE PASS SHASKIY BHUMI PAR 25KV TRANSFAERMER POL AUR TAAR VYVSTHA HETU,,Mahendra Singh Solanky,,DEWAS,Completed,604315,2026-03-24T00:00:00.000Z,,,,,,,,,,,,Other Civil & Development Works,General Development & Maintenance
210298.0,6a932bb5cd94452437a1979a,Madhya Pradesh,Madhya Pradesh,DHAR,DHAR,DHAR(DISTRICT COLLECTOR DHAR_IDA),DHAR(DISTRICT COLLECTOR DHAR_IDA),Normal/Others,Normal/Others,159212.0,2026-02-19T00:00:00.000Z,2026.0,0.0,GI cotted water tankar 5500 liter tayar 900x16 new,GI cotted water tankar 5500 liter tayar 900x16 new,,SAVITRI THAKUR,,DHAR,Completed,159212,2026-02-19T00:00:00.000Z,,,,,,,,,,,,Drinking Water Supply,Public Health & Basic Amenities
210301.0,6a932bb5cd94452437a19797,Madhya Pradesh,Madhya Pradesh,DHAR,DHAR,DHAR(DISTRICT COLLECTOR DHAR_IDA),DHAR(DISTRICT COLLECTOR DHAR_IDA),Normal/Others,Normal/Others,159212.0,2026-02-19T00:00:00.000Z,2026.0,0.0,GI cotted water tankar 5500 liter tayar 900x16 new,GI cotted water tankar 5500 liter tayar 900x16 new,,SAVITRI THAKUR,,DHAR,Completed,159212,2026-02-19T00:00:00.000Z,,,,,,,,,,,,Drinking Water Supply,Public Health & Basic Amenities
210303.0,6a932bb5cd94452437a19792,Madhya Pradesh,Madhya Pradesh,DHAR,DHAR,DHAR(DISTRICT COLLECTOR DHAR_IDA),DHAR(DISTRICT COLLECTOR DHAR_IDA),Normal/Others,Normal/Others,159212.0,2026-02-19T00:00:00.000Z,2026.0,0.0,GI cotted water tankar 5500 liter tayar 900x16 new,GI cotted water tankar 5500 liter tayar 900x16 new,,SAVITRI THAKUR,,DHAR,Completed,159212,2026-02-19T00:00:00.000Z,,,,,,,,,,,,Drinking Water Supply,Public Health & Basic Amenities
210305.0,6a932bb5cd94452437a19790,Madhya Pradesh,Madhya Pradesh,DHAR,DHAR,DHAR(DISTRICT COLLECTOR DHAR_IDA),DHAR(DISTRICT COLLECTOR DHAR_IDA),Normal/Others,Normal/Others,159212.0,2026-02-19T00:00:00.000Z,2026.0,0.0,GI cotted water tankar 5500 liter tayar 900x16 new,GI cotted water tankar 5500 liter tayar 900x16 new,,SAVITRI THAKUR,,DHAR,Completed,159212,2026-02-19T00:00:00.000Z,,,,,,,,,,,,Drinking Water Supply,Public Health & Basic Amenities
210309.0,6a932bb5cd94452437a1978d,Madhya Pradesh,Madhya Pradesh,DHAR,DHAR,DHAR(DISTRICT COLLECTOR DHAR_IDA),DHAR(DISTRICT COLLECTOR DHAR_IDA),Normal/Others,Normal/Others,159212.0,2026-02-19T00:00:00.000Z,2026.0,0.0,GI cotted water tankar 5500 liter tayar 900x16 new,GI cotted water tankar 5500 liter tayar 900x16 new,,SAVITRI THAKUR,,DHAR,Completed,159212,2026-02-19T00:00:00.000Z,,,,,,,,,,,,Drinking Water Supply,Public Health & Basic Amenities
225236.0,6a932bb5cd94452437a1c3f3,Madhya Pradesh,Madhya Pradesh,UJJAIN,UJJAIN,UJJAIN(DISTRICT COLLECTOR UJJAIN_IDA),UJJAIN(DISTRICT COLLECTOR UJJAIN_IDA),Normal/Others,Normal/Others,800000.0,2026-04-24T00:00:00.000Z,2026.0,0.0,Gram Bholdiya sc basti me puliya nirman,Gram Bholdiya sc basti me puliya nirman,,Shri Anil Firojiya,,UJJAIN,Completed,800000,2026-04-24T00:00:00.000Z,,,,,,,,,,,,Other Civil & Development Works,General Development & Maintenance
226813.0,6a932bb5cd94452437a1a14a,Madhya Pradesh,Madhya Pradesh,BHIND,BHIND,BHIND(DISTRICT COLLECTOR BHIND_IDA),BHIND(DISTRICT COLLECTOR BHIND_IDA),Normal/Others,Normal/Others,199604.0,2025-12-18T00:00:00.000Z,2025.0,0.0,GI FIREGHTER WATER SYSTEM CAPACITY 5000 LIT.,GI FIREGHTER WATER SYSTEM CAPACITY 5000 LIT.,,Smt Sandhya Ray,,BHIND,Completed,199604,2025-12-18T00:00:00.000Z,,,,,,,,,,,,Drinking Water Supply,Public Health & Basic Amenities
226815.0,6a932bb5cd94452437a1a151,Madhya Pradesh,Madhya Pradesh,BHIND,BHIND,BHIND(DISTRICT COLLECTOR BHIND_IDA),BHIND(DISTRICT COLLECTOR BHIND_IDA),Normal/Others,Normal/Others,199604.0,2025-12-18T00:00:00.000Z,2025.0,0.0,GI FIREGHTER WATER SYSTEM CAPACITY 5000 LIT.,GI FIREGHTER WATER SYSTEM CAPACITY 5000 LIT.,,Smt Sandhya Ray,,BHIND,Completed,199604,2025-12-18T00:00:00.000Z,,,,,,,,,,,,Drinking Water Supply,Public Health & Basic Amenities
226817.0,6a932bb5cd94452437a1a14d,Madhya Pradesh,Madhya Pradesh,BHIND,BHIND,BHIND(DISTRICT COLLECTOR BHIND_IDA),BHIND(DISTRICT COLLECTOR BHIND_IDA),Normal/Others,Normal/Others,199604.0,2025-12-18T00:00:00.000Z,2025.0,0.0,GI FIREGHTER WATER SYSTEM CAPACITY 5000 LIT.,GI FIREGHTER WATER SYSTEM CAPACITY 5000 LIT.,,Smt Sandhya Ray,,BHIND,Completed,199604,2025-12-18T00:00:00.000Z,,,,,,,,,,,,Drinking Water Supply,Public Health & Basic Amenities
226819.0,6a932bb5cd94452437a1a155,Madhya Pradesh,Madhya Pradesh,BHIND,BHIND,BHIND(DISTRICT COLLECTOR BHIND_IDA),BHIND(DISTRICT COLLECTOR BHIND_IDA),Normal/Others,Normal/Others,199604.0,2025-12-18T00:00:00.000Z,2025.0,0.0,GI FIREGHTER WATER SYSTEM CAPACITY 5000 LIT.,GI FIREGHTER WATER SYSTEM CAPACITY 5000 LIT.,,Smt Sandhya Ray,,BHIND,Completed,199604,2025-12-18T00:00:00.000Z,,,,,,,,,,,,Drinking Water Supply,Public Health & Basic Amenities
226821.0,6a932bb5cd94452437a1a153,Madhya Pradesh,Madhya Pradesh,BHIND,BHIND,BHIND(DISTRICT COLLECTOR BHIND_IDA),BHIND(DISTRICT COLLECTOR BHIND_IDA),Normal/Others,Normal/Others,199604.0,2025-12-18T00:00:00.000Z,2025.0,0.0,GI FIREGHTER WATER SYSTEM CAPACITY 5000 LIT.,GI FIREGHTER WATER SYSTEM CAPACITY 5000 LIT.,,Smt Sandhya Ray,,BHIND,Completed,199604,2025-12-18T00:00:00.000Z,,,,,,,,,,,,Drinking Water Supply,Public Health & Basic Amenities
226823.0,6a932bb5cd94452437a1a156,Madhya Pradesh,Madhya Pradesh,BHIND,BHIND,BHIND(DISTRICT COLLECTOR BHIND_IDA),BHIND(DISTRICT COLLECTOR BHIND_IDA),Normal/Others,Normal/Others,199604.0,2025-12-18T00:00:00.000Z,2025.0,0.0,GI FIREGHTER WATER SYSTEM CAPACITY 5000 LIT.,GI FIREGHTER WATER SYSTEM CAPACITY 5000 LIT.,,Smt Sandhya Ray,,BHIND,Completed,199604,2025-12-18T00:00:00.000Z,,,,,,,,,,,,Drinking Water Supply,Public Health & Basic Amenities
227167.0,6a932bb5cd94452437a1d4d7,Madhya Pradesh,Madhya Pradesh,INDORE,INDORE,INDORE(DISTRICT COLLECTOR INDORE_IDA),INDORE(DISTRICT COLLECTOR INDORE_IDA),Normal/Others,Normal/Others,428937.0,2026-04-13T00:00:00.000Z,2026.0,0.0,Tube well mining with Motor pump installation including recharge pit for public use near sita shree apartment  Ward 4 VS Indore-1 District Indore,Tube well mining with Motor pump installation including recharge pit for public use near sita shree apartment  Ward 4 VS Indore-1 District Indore,,Shankar Lalwani,,INDORE,Completed,428937,2026-04-13T00:00:00.000Z,,,,,,,,,,,,Drinking Water Supply,Public Health & Basic Amenities
227170.0,6a932bb5cd94452437a1d680,Madhya Pradesh,Madhya Pradesh,INDORE,INDORE,INDORE(DISTRICT COLLECTOR INDORE_IDA),INDORE(DISTRICT COLLECTOR INDORE_IDA),Normal/Others,Normal/Others,432211.0,2026-04-14T00:00:00.000Z,2026.0,0.0,Tube well mining with Motor pump installation including recharge pit for public use near Street of Pawan Bhawsar Hukumchand Colony Ward 6 VS Indore-1 District Indore,Tube well mining with Motor pump installation including recharge pit for public use near Street of Pawan Bhawsar Hukumchand Colony Ward 6 VS Indore-1 District Indore,,Shankar Lalwani,,INDORE,Completed,432211,2026-04-14T00:00:00.000Z,,,,,,,,,,,,Drinking Water Supply,Public Health & Basic Amenities
227172.0,6a932bb5cd94452437a1d686,Madhya Pradesh,Madhya Pradesh,INDORE,INDORE,INDORE(DISTRICT COLLECTOR INDORE_IDA),INDORE(DISTRICT COLLECTOR INDORE_IDA),Normal/Others,Normal/Others,431309.0,2026-04-14T00:00:00.000Z,2026.0,0.0,Tube well mining with Motor pump installation including recharge pit for public use near  Nagar Book Stall Malhar ganj Ward 8 VS Indore-1 District Indore,Tube well mining with Motor pump installation including recharge pit for public use near  Nagar Book Stall Malhar ganj Ward 8 VS Indore-1 District Indore,,Shankar Lalwani,,INDORE,Completed,431309,2026-04-14T00:00:00.000Z,,,,,,,,,,,,Drinking Water Supply,Public Health & Basic Amenities
227175.0,6a932bb5cd94452437a1d4ca,Madhya Pradesh,Madhya Pradesh,INDORE,INDORE,INDORE(DISTRICT COLLECTOR INDORE_IDA),INDORE(DISTRICT COLLECTOR INDORE_IDA),Normal/Others,Normal/Others,429196.0,2026-04-14T00:00:00.000Z,2026.0,0.0,Tube well mining with Motor pump installation including recharge pit for public use near  Vishal Nagar street Ward 10 VS Indore-1 District Indore,Tube well mining with Motor pump installation including recharge pit for public use near  Vishal Nagar street Ward 10 VS Indore-1 District Indore,,Shankar Lalwani,,INDORE,Completed,429196,2026-04-14T00:00:00.000Z,,,,,,,,,,,,Drinking Water Supply,Public Health & Basic Amenities
227179.0,6a932bb5cd94452437a1d4d0,Madhya Pradesh,Madhya Pradesh,INDORE,INDORE,INDORE(DISTRICT COLLECTOR INDORE_IDA),INDORE(DISTRICT COLLECTOR INDORE_IDA),Normal/Others,Normal/Others,439391.0,2026-04-13T00:00:00.000Z,2026.0,0.0,Tube well mining with Motor pump installation including recharge pit for public use infront of Lakshman pura Mohit kiranas Street Ward 13 VS Indore-1 District Indore,Tube well mining with Motor pump installation including recharge pit for public use infront of Lakshman pura Mohit kiranas Street Ward 13 VS Indore-1 District Indore,,Shankar Lalwani,,INDORE,Completed,439391,2026-04-13T00:00:00.000Z,,,,,,,,,,,,Drinking Water Supply,Public Health & Basic Amenities
227188.0,6a932bb5cd94452437a1d4e2,Madhya Pradesh,Madhya Pradesh,INDORE,INDORE,INDORE(DISTRICT COLLECTOR INDORE_IDA),INDORE(DISTRICT COLLECTOR INDORE_IDA),Normal/Others,Normal/Others,429956.0,2026-04-13T00:00:00.000Z,2026.0,0.0,Tube well mining with Motor pump installation including recharge pit for public use in narmada jewellers lane sector C kushvaah nagar Ward 17 VS Indore-1 District Indore,Tube well mining with Motor pump installation including recharge pit for public use in narmada jewellers lane sector C kushvaah nagar Ward 17 VS Indore-1 District Indore,,Shankar Lalwani,,INDORE,Completed,429956,2026-04-13T00:00:00.000Z,,,,,,,,,,,,Drinking Water Supply,Public Health & Basic Amenities
227355.0,6a932bb5cd94452437a1bbda,Madhya Pradesh,Madhya Pradesh,RAJGARH,RAJGARH,RAJGARH(DISTRICT COLLECTOR RAJGARH_IDA),RAJGARH(DISTRICT COLLECTOR RAJGARH_IDA),Normal/Others,Normal/Others,480213.0,2026-03-06T00:00:00.000Z,2026.0,0.0,G.I. water tanker capacity 5000 liter with chiller and filter plant,G.I. water tanker capacity 5000 liter with chiller and filter plant,,Rodmal Nagar ,,RAJGARH,Completed,480213,2026-03-06T00:00:00.000Z,,,,,,,,,,,,Drinking Water Supply,Public Health & Basic Amenities
227357.0,6a932bb5cd94452437a1bbdb,Madhya Pradesh,Madhya Pradesh,RAJGARH,RAJGARH,RAJGARH(DISTRICT COLLECTOR RAJGARH_IDA),RAJGARH(DISTRICT COLLECTOR RAJGARH_IDA),Normal/Others,Normal/Others,480213.0,2026-03-06T00:00:00.000Z,2026.0,0.0,G.I. water tanker capacity 5000 liter with chiller and filter plant,G.I. water tanker capacity 5000 liter with chiller and filter plant,,Rodmal Nagar ,,RAJGARH,Completed,480213,2026-03-06T00:00:00.000Z,,,,,,,,,,,,Drinking Water Supply,Public Health & Basic Amenities
227359.0,6a932bb5cd94452437a1bbdd,Madhya Pradesh,Madhya Pradesh,RAJGARH,RAJGARH,RAJGARH(DISTRICT COLLECTOR RAJGARH_IDA),RAJGARH(DISTRICT COLLECTOR RAJGARH_IDA),Normal/Others,Normal/Others,480213.0,2026-03-06T00:00:00.000Z,2026.0,0.0,G.I. water tanker capacity 5000 liter with chiller and filter plant,G.I. water tanker capacity 5000 liter with chiller and filter plant,,Rodmal Nagar ,,RAJGARH,Completed,480213,2026-03-06T00:00:00.000Z,,,,,,,,,,,,Drinking Water Supply,Public Health & Basic Amenities
228939.0,6a932bb5cd94452437a1b103,Madhya Pradesh,Madhya Pradesh,KHARGONE,KHARGONE,Khargone (West Nimar)(DISTRICT COLLECTOR KHARGONE_IDA),Khargone (West Nimar)(DISTRICT COLLECTOR KHARGONE_IDA),Normal/Others,Normal/Others,400000.0,2025-12-08T00:00:00.000Z,2025.0,0.0,Construction of community hall in village Bhilgaon at Raj Nagar,Construction of community hall in village Bhilgaon at Raj Nagar,,Gajendra Singh Patel,,KHARGONE,Completed,400000,2025-12-08T00:00:00.000Z,,,,,,,,,,,,Community Centers & Halls,Social Infrastructure
229575.0,6a932bb5cd94452437a1bd63,Madhya Pradesh,Madhya Pradesh,DAMOH,DAMOH,DAMOH(DISTRICT COLLECTOR DAMOH_IDA),DAMOH(DISTRICT COLLECTOR DAMOH_IDA),Normal/Others,Normal/Others,45156.0,2025-12-11T00:00:00.000Z,2025.0,0.0,Gram Panchayat bamohri me Estimat for Installation of 1 No.40 W Semi Integrated solar Light on 6 m G.I.Pole ki khareed,Gram Panchayat bamohri me Estimat for Installation of 1 No.40 W Semi Integrated solar Light on 6 m G.I.Pole ki khareed,,RAHUL SINGH LODHI,,DAMOH,Completed,45156,2025-12-11T00:00:00.000Z,,,,,,,,,,,,"Electricity, Lighting & Solar Energy",Physical Infrastructure
229577.0,6a932bb5cd94452437a1bd65,Madhya Pradesh,Madhya Pradesh,DAMOH,DAMOH,DAMOH(DISTRICT COLLECTOR DAMOH_IDA),DAMOH(DISTRICT COLLECTOR DAMOH_IDA),Normal/Others,Normal/Others,90312.0,2025-12-11T00:00:00.000Z,2025.0,0.0,Gram Panchayat pipriya sahni me Estimat for Installation of 1 No.40 W Semi Integrated solar Light on 6 m G.I.Pole ki khareed,Gram Panchayat pipriya sahni me Estimat for Installation of 1 No.40 W Semi Integrated solar Light on 6 m G.I.Pole ki khareed,,RAHUL SINGH LODHI,,DAMOH,Completed,90312,2025-12-11T00:00:00.000Z,,,,,,,,,,,,"Electricity, Lighting & Solar Energy",Physical Infrastructure
229597.0,6a932bb5cd94452437a1bd67,Madhya Pradesh,Madhya Pradesh,DAMOH,DAMOH,DAMOH(DISTRICT COLLECTOR DAMOH_IDA),DAMOH(DISTRICT COLLECTOR DAMOH_IDA),Normal/Others,Normal/Others,225780.0,2025-12-11T00:00:00.000Z,2025.0,0.0,Gram Panchayat Abhana me Estimat for Installation of 1 No.40 W Semi Integrated solar Light on 6 m G.I.Pole ki khareed,Gram Panchayat Abhana me Estimat for Installation of 1 No.40 W Semi Integrated solar Light on 6 m G.I.Pole ki khareed,,RAHUL SINGH LODHI,,DAMOH,Completed,225780,2025-12-11T00:00:00.000Z,,,,,,,,,,,,"Electricity, Lighting & Solar Energy",Physical Infrastructure
229599.0,6a932bb5cd94452437a1bd71,Madhya Pradesh,Madhya Pradesh,DAMOH,DAMOH,DAMOH(DISTRICT COLLECTOR DAMOH_IDA),DAMOH(DISTRICT COLLECTOR DAMOH_IDA),Normal/Others,Normal/Others,90312.0,2025-12-11T00:00:00.000Z,2025.0,0.0,damoh Gramin Gram Panchayat samanna me Estimat for Installation of 1 No.40 W Semi Integrated solar Light on 6 m G.I.Pole ki khareed,damoh Gramin Gram Panchayat samanna me Estimat for Installation of 1 No.40 W Semi Integrated solar Light on 6 m G.I.Pole ki khareed,,RAHUL SINGH LODHI,,DAMOH,Completed,90312,2025-12-11T00:00:00.000Z,,,,,,,,,,,,"Electricity, Lighting & Solar Energy",Physical Infrastructure
229601.0,6a932bb5cd94452437a1bd6a,Madhya Pradesh,Madhya Pradesh,DAMOH,DAMOH,DAMOH(DISTRICT COLLECTOR DAMOH_IDA),DAMOH(DISTRICT COLLECTOR DAMOH_IDA),Normal/Others,Normal/Others,90312.0,2025-12-11T00:00:00.000Z,2025.0,0.0,Gram Panchayat salaiya me Estimat for Installation of 1 No.40 W Semi Integrated solar Light on 6 m G.I.Pole ki khareed,Gram Panchayat salaiya me Estimat for Installation of 1 No.40 W Semi Integrated solar Light on 6 m G.I.Pole ki khareed,,RAHUL SINGH LODHI,,DAMOH,Completed,90312,2025-12-11T00:00:00.000Z,,,,,,,,,,,,"Electricity, Lighting & Solar Energy",Physical Infrastructure
229605.0,6a932bb5cd94452437a1bd6c,Madhya Pradesh,Madhya Pradesh,DAMOH,DAMOH,DAMOH(DISTRICT COLLECTOR DAMOH_IDA),DAMOH(DISTRICT COLLECTOR DAMOH_IDA),Normal/Others,Normal/Others,90312.0,2025-12-11T00:00:00.000Z,2025.0,0.0,Gram Panchayat Anoo me Estimat for Installation of 1 No.40 W Semi Integrated solar Light on 6 m G.I.Pole ki khareed,Gram Panchayat Anoo me Estimat for Installation of 1 No.40 W Semi Integrated solar Light on 6 m G.I.Pole ki khareed,,RAHUL SINGH LODHI,,DAMOH,Completed,90312,2025-12-11T00:00:00.000Z,,,,,,,,,,,,"Electricity, Lighting & Solar Energy",Physical Infrastructure
229607.0,6a932bb5cd94452437a1bd6e,Madhya Pradesh,Madhya Pradesh,DAMOH,DAMOH,DAMOH(DISTRICT COLLECTOR DAMOH_IDA),DAMOH(DISTRICT COLLECTOR DAMOH_IDA),Normal/Others,Normal/Others,90312.0,2025-12-11T00:00:00.000Z,2025.0,0.0,Gram Panchayat Riyana me Estimat for Installation of 1 No.40 W Semi Integrated solar Light on 6 m G.I.Pole ki khareed,Gram Panchayat Riyana me Estimat for Installation of 1 No.40 W Semi Integrated solar Light on 6 m G.I.Pole ki khareed,,RAHUL SINGH LODHI,,DAMOH,Completed,90312,2025-12-11T00:00:00.000Z,,,,,,,,,,,,"Electricity, Lighting & Solar Energy",Physical Infrastructure
229609.0,6a932bb5cd94452437a1bd70,Madhya Pradesh,Madhya Pradesh,DAMOH,DAMOH,DAMOH(DISTRICT COLLECTOR DAMOH_IDA),DAMOH(DISTRICT COLLECTOR DAMOH_IDA),Normal/Others,Normal/Others,90312.0,2025-12-11T00:00:00.000Z,2025.0,0.0,Gram Panchayat kham kheda me Estimat for Installation of 1 No.40 W Semi Integrated solar Light on 6 m G.I.Pole ki khareed,Gram Panchayat kham kheda me Estimat for Installation of 1 No.40 W Semi Integrated solar Light on 6 m G.I.Pole ki khareed,,RAHUL SINGH LODHI,,DAMOH,Completed,90312,2025-12-11T00:00:00.000Z,,,,,,,,,,,,"Electricity, Lighting & Solar Energy",Physical Infrastructure
229617.0,6a932bb5cd94452437a1bd41,Madhya Pradesh,Madhya Pradesh,DAMOH,DAMOH,DAMOH(DISTRICT COLLECTOR DAMOH_IDA),DAMOH(DISTRICT COLLECTOR DAMOH_IDA),Normal/Others,Normal/Others,135468.0,2025-12-11T00:00:00.000Z,2025.0,0.0,Gram Panchayat sihera me Estimat for Installation of 1 No.40 W Semi Integrated solar Light on 6 m G.I.Pole ki khareed,Gram Panchayat sihera me Estimat for Installation of 1 No.40 W Semi Integrated solar Light on 6 m G.I.Pole ki khareed,,RAHUL SINGH LODHI,,DAMOH,Completed,135468,2025-12-11T00:00:00.000Z,,,,,,,,,,,,"Electricity, Lighting & Solar Energy",Physical Infrastructure
229619.0,6a932bb5cd94452437a1bd45,Madhya Pradesh,Madhya Pradesh,DAMOH,DAMOH,DAMOH(DISTRICT COLLECTOR DAMOH_IDA),DAMOH(DISTRICT COLLECTOR DAMOH_IDA),Normal/Others,Normal/Others,90312.0,2025-12-11T00:00:00.000Z,2025.0,0.0,Gram Panchayat Pthariya me Estimat for Installation of 1 No.40 W Semi Integrated solar Light on 6 m G.I.Pole ki khareed,Gram Panchayat Pthariya me Estimat for Installation of 1 No.40 W Semi Integrated solar Light on 6 m G.I.Pole ki khareed,,RAHUL SINGH LODHI,,DAMOH,Completed,90312,2025-12-11T00:00:00.000Z,,,,,,,,,,,,"Electricity, Lighting & Solar Energy",Physical Infrastructure
229621.0,6a932bb5cd94452437a1bd54,Madhya Pradesh,Madhya Pradesh,DAMOH,DAMOH,DAMOH(DISTRICT COLLECTOR DAMOH_IDA),DAMOH(DISTRICT COLLECTOR DAMOH_IDA),Normal/Others,Normal/Others,90312.0,2025-12-11T00:00:00.000Z,2025.0,0.0,Gram Panchayat mangron me Estimat for Installation of 1 No.40 W Semi Integrated solar Light on 6 m G.I.Pole ki khareed,Gram Panchayat mangron me Estimat for Installation of 1 No.40 W Semi Integrated solar Light on 6 m G.I.Pole ki khareed,,RAHUL SINGH LODHI,,DAMOH,Completed,90312,2025-12-11T00:00:00.000Z,,,,,,,,,,,,"Electricity, Lighting & Solar Energy",Physical Infrastructure
229631.0,6a932bb5cd94452437a1bd11,Madhya Pradesh,Madhya Pradesh,DAMOH,DAMOH,DAMOH(DISTRICT COLLECTOR DAMOH_IDA),DAMOH(DISTRICT COLLECTOR DAMOH_IDA),Normal/Others,Normal/Others,90312.0,2025-12-11T00:00:00.000Z,2025.0,0.0,Gram Panchayat singrampur me Estimat for Installation of 1 No.40 W Semi Integrated solar Light on 6 m G.I.Pole ki khareed,Gram Panchayat singrampur me Estimat for Installation of 1 No.40 W Semi Integrated solar Light on 6 m G.I.Pole ki khareed,,RAHUL SINGH LODHI,,DAMOH,Completed,90312,2025-12-11T00:00:00.000Z,,,,,,,,,,,,"Electricity, Lighting & Solar Energy",Physical Infrastructure
229633.0,6a932bb5cd94452437a1bd27,Madhya Pradesh,Madhya Pradesh,DAMOH,DAMOH,DAMOH(DISTRICT COLLECTOR DAMOH_IDA),DAMOH(DISTRICT COLLECTOR DAMOH_IDA),Normal/Others,Normal/Others,90312.0,2025-12-11T00:00:00.000Z,2025.0,0.0,Gram Panchayat simri jalam me Estimat for Installation of 1 No.40 W Semi Integrated solar Light on 6 m G.I.Pole ki khareed,Gram Panchayat simri jalam me Estimat for Installation of 1 No.40 W Semi Integrated solar Light on 6 m G.I.Pole ki khareed,,RAHUL SINGH LODHI,,DAMOH,Completed,90312,2025-12-11T00:00:00.000Z,,,,,,,,,,,,"Electricity, Lighting & Solar Energy",Physical Infrastructure
229635.0,6a932bb5cd94452437a1bd31,Madhya Pradesh,Madhya Pradesh,DAMOH,DAMOH,DAMOH(DISTRICT COLLECTOR DAMOH_IDA),DAMOH(DISTRICT COLLECTOR DAMOH_IDA),Normal/Others,Normal/Others,90312.0,2025-12-11T00:00:00.000Z,2025.0,0.0,Gram Panchayat bija Dongri me Estimat for Installation of 1 No.40 W Semi Integrated solar Light on 6 m G.I.Pole ki khareed,Gram Panchayat bija Dongri me Estimat for Installation of 1 No.40 W Semi Integrated solar Light on 6 m G.I.Pole ki khareed,,RAHUL SINGH LODHI,,DAMOH,Completed,90312,2025-12-11T00:00:00.000Z,,,,,,,,,,,,"Electricity, Lighting & Solar Energy",Physical Infrastructure
229637.0,6a932bb5cd94452437a1bd34,Madhya Pradesh,Madhya Pradesh,DAMOH,DAMOH,DAMOH(DISTRICT COLLECTOR DAMOH_IDA),DAMOH(DISTRICT COLLECTOR DAMOH_IDA),Normal/Others,Normal/Others,90312.0,2025-12-11T00:00:00.000Z,2025.0,0.0,Gram panchayat Rond me Estimat for Installation of 1 No.40 W Semi Integrated solar Light on 6 m G.I.Pole ki khareed,Gram panchayat Rond me Estimat for Installation of 1 No.40 W Semi Integrated solar Light on 6 m G.I.Pole ki khareed,,RAHUL SINGH LODHI,,DAMOH,Completed,90312,2025-12-11T00:00:00.000Z,,,,,,,,,,,,"Electricity, Lighting & Solar Energy",Physical Infrastructure
229646.0,6a932bb5cd94452437a1bd73,Madhya Pradesh,Madhya Pradesh,DAMOH,DAMOH,DAMOH(DISTRICT COLLECTOR DAMOH_IDA),DAMOH(DISTRICT COLLECTOR DAMOH_IDA),Normal/Others,Normal/Others,90312.0,2025-12-11T00:00:00.000Z,2025.0,0.0,Gram Gunji me Estimat for Installation of 1 No.40 W Semi Integrated solar Light on 6 m G.I.Pole ki khareed,Gram Gunji me Estimat for Installation of 1 No.40 W Semi Integrated solar Light on 6 m G.I.Pole ki khareed,,RAHUL SINGH LODHI,,DAMOH,Completed,90312,2025-12-11T00:00:00.000Z,,,,,,,,,,,,"Electricity, Lighting & Solar Energy",Physical Infrastructure
229648.0,6a932bb5cd94452437a1bd75,Madhya Pradesh,Madhya Pradesh,DAMOH,DAMOH,DAMOH(DISTRICT COLLECTOR DAMOH_IDA),DAMOH(DISTRICT COLLECTOR DAMOH_IDA),Normal/Others,Normal/Others,90312.0,2025-12-11T00:00:00.000Z,2025.0,0.0,Gram Panchayat majholi Estimat for Installation of 1 No.40 W Semi Integrated solar Light on 6 m G.I.Pole ki khareed,Gram Panchayat majholi Estimat for Installation of 1 No.40 W Semi Integrated solar Light on 6 m G.I.Pole ki khareed,,RAHUL SINGH LODHI,,DAMOH,Completed,90312,2025-12-11T00:00:00.000Z,,,,,,,,,,,,"Electricity, Lighting & Solar Energy",Physical Infrastructure
229650.0,6a932bb5cd94452437a1bd77,Madhya Pradesh,Madhya Pradesh,DAMOH,DAMOH,DAMOH(DISTRICT COLLECTOR DAMOH_IDA),DAMOH(DISTRICT COLLECTOR DAMOH_IDA),Normal/Others,Normal/Others,90312.0,2025-12-11T00:00:00.000Z,2025.0,0.0,Gram Panchayat dadpur Estimat for Installation of 1 No.40 W Semi Integrated solar Light on 6 m G.I.Pole ki khareed,Gram Panchayat dadpur Estimat for Installation of 1 No.40 W Semi Integrated solar Light on 6 m G.I.Pole ki khareed,,RAHUL SINGH LODHI,,DAMOH,Completed,90312,2025-12-11T00:00:00.000Z,,,,,,,,,,,,"Electricity, Lighting & Solar Energy",Physical Infrastructure
229652.0,6a932bb5cd94452437a1bd79,Madhya Pradesh,Madhya Pradesh,DAMOH,DAMOH,DAMOH(DISTRICT COLLECTOR DAMOH_IDA),DAMOH(DISTRICT COLLECTOR DAMOH_IDA),Normal/Others,Normal/Others,90312.0,2025-12-11T00:00:00.000Z,2025.0,0.0,Gram Panchayat kudai me Estimat for Installation of 1 No.40 W Semi Integrated solar Light on 6 m G.I.Pole ki khareed,Gram Panchayat kudai me Estimat for Installation of 1 No.40 W Semi Integrated solar Light on 6 m G.I.Pole ki khareed,,RAHUL SINGH LODHI,,DAMOH,Completed,90312,2025-12-11T00:00:00.000Z,,,,,,,,,,,,"Electricity, Lighting & Solar Energy",Physical Infrastructure
229654.0,6a932bb5cd94452437a1bd7a,Madhya Pradesh,Madhya Pradesh,DAMOH,DAMOH,DAMOH(DISTRICT COLLECTOR DAMOH_IDA),DAMOH(DISTRICT COLLECTOR DAMOH_IDA),Normal/Others,Normal/Others,90312.0,2025-12-11T00:00:00.000Z,2025.0,0.0,Nagar palika hatta ke Aajad ward me Estimat for Installation of 1 No.40 W Semi Integrated solar Light on 6 m G.I.Pole ki khareed,Nagar palika hatta ke Aajad ward me Estimat for Installation of 1 No.40 W Semi Integrated solar Light on 6 m G.I.Pole ki khareed,,RAHUL SINGH LODHI,,DAMOH,Completed,90312,2025-12-11T00:00:00.000Z,,,,,,,,,,,,"Electricity, Lighting & Solar Energy",Physical Infrastructure
229656.0,6a932bb5cd94452437a1bd7d,Madhya Pradesh,Madhya Pradesh,DAMOH,DAMOH,DAMOH(DISTRICT COLLECTOR DAMOH_IDA),DAMOH(DISTRICT COLLECTOR DAMOH_IDA),Normal/Others,Normal/Others,90312.0,2025-12-11T00:00:00.000Z,2025.0,0.0,Nagar Palika hatta ke navodaya ward me Estimat for Installation of 1 No.40 W Semi Integrated solar Light on 6 m G.I.Pole ki khareed,Nagar Palika hatta ke navodaya ward me Estimat for Installation of 1 No.40 W Semi Integrated solar Light on 6 m G.I.Pole ki khareed,,RAHUL SINGH LODHI,,DAMOH,Completed,90312,2025-12-11T00:00:00.000Z,,,,,,,,,,,,"Electricity, Lighting & Solar Energy",Physical Infrastructure
229751.0,6a932bb5cd94452437a1ae98,Madhya Pradesh,Madhya Pradesh,SAGAR,SAGAR,SAGAR(DISTRICT COLLECTOR SAGAR_IDA),SAGAR(DISTRICT COLLECTOR SAGAR_IDA),Normal/Others,Normal/Others,2599420.0,2025-10-16T00:00:00.000Z,2025.0,0.0,as par ateched,as par ateched,,DR. LATA WANKHEDE,,SAGAR,Completed,2599420,2025-10-16T00:00:00.000Z,,,,,,,,,,,,Other Civil & Development Works,General Development & Maintenance
229753.0,6a932bb5cd94452437a1a2da,Madhya Pradesh,Madhya Pradesh,SAGAR,SAGAR,SAGAR(DISTRICT COLLECTOR SAGAR_IDA),SAGAR(DISTRICT COLLECTOR SAGAR_IDA),Normal/Others,Normal/Others,500000.0,2026-03-24T00:00:00.000Z,2026.0,0.0,Gram Panchayat Mudra Jaruwakhede me Station Road Se  Akhlesh Jain ki kuliya ki ore C.C. Road Nirman Karya Hetu.,Gram Panchayat Mudra Jaruwakhede me Station Road Se  Akhlesh Jain ki kuliya ki ore C.C. Road Nirman Karya Hetu.,,DR. LATA WANKHEDE,,SAGAR,Completed,500000,2026-03-24T00:00:00.000Z,,,,,,,,,,,,Roads & Pathways,Physical Infrastructure
230198.0,6a932bb5cd94452437a1b912,Madhya Pradesh,Madhya Pradesh,UJJAIN,UJJAIN,UJJAIN(DISTRICT COLLECTOR UJJAIN_IDA),UJJAIN(DISTRICT COLLECTOR UJJAIN_IDA),Normal/Others,Normal/Others,500000.0,2026-04-17T00:00:00.000Z,2026.0,0.0,Gram khedachitawalya me gopal patidar ke khet ke pass puliya nirman,Gram khedachitawalya me gopal patidar ke khet ke pass puliya nirman,,Shri Anil Firojiya,,UJJAIN,Completed,500000,2026-04-17T00:00:00.000Z,,,,,,,,,,,,Other Civil & Development Works,General Development & Maintenance
230475.0,6a932bb5cd94452437a1b0ca,Madhya Pradesh,Madhya Pradesh,DEWAS,DEWAS,Agar-Malwa(District Collector Agar Malwa_IDA),Agar-Malwa(District Collector Agar Malwa_IDA),Normal/Others,Normal/Others,500000.0,2026-03-16T00:00:00.000Z,2026.0,0.0,gram panchayt hadai ke santidham me pevar block nirman hetu,gram panchayt hadai ke santidham me pevar block nirman hetu,,Mahendra Singh Solanky,,DEWAS,Completed,500000,2026-03-16T00:00:00.000Z,,,,,,,,,,,,Other Civil & Development Works,General Development & Maintenance
230680.0,6a932bb5cd94452437a1b411,Madhya Pradesh,Madhya Pradesh,SHAHDOL,SHAHDOL,KATNI(District Collector Katni_IDA),KATNI(District Collector Katni_IDA),Normal/Others,Normal/Others,400000.0,2026-02-23T00:00:00.000Z,2026.0,0.0,Construction of Community Building in Kumhar Mohalla. Implementing Agency - Gram Panchayat,Construction of Community Building in Kumhar Mohalla. Implementing Agency - Gram Panchayat,,Smt Himadri Singh,,SHAHDOL,Completed,400000,2026-02-23T00:00:00.000Z,,,,,,,,,,,,Community Centers & Halls,Social Infrastructure
232220.0,6a932bb5cd94452437a1c48b,Madhya Pradesh,Madhya Pradesh,JABALPUR,JABALPUR,SEONI(District Collector Seoni_IDA),SEONI(District Collector Seoni_IDA),Normal/Others,Normal/Others,999986.0,2026-01-06T00:00:00.000Z,2026.0,0.0,Providing drains and gutters for public drainage in Hanuman ward.,Providing drains and gutters for public drainage in Hanuman ward.,,ASHISH DUBEY,,JABALPUR,Completed,999986,2026-01-06T00:00:00.000Z,,,,,,,,,,,,Roads & Pathways,Physical Infrastructure
233295.0,6a932bb5cd94452437a1b8fa,Madhya Pradesh,Madhya Pradesh,BHOPAL,BHOPAL,BHOPAL(DISTRICT COLLECTOR BHOPAL_IDA),BHOPAL(DISTRICT COLLECTOR BHOPAL_IDA),Normal/Others,Normal/Others,910000.0,2026-02-04T00:00:00.000Z,2026.0,0.0,purchase of ambulance for medication in ward 47,purchase of ambulance for medication in ward 47,,ALOK SHARMA,,BHOPAL,Completed,910000,2026-02-04T00:00:00.000Z,,,,,,,,,,,,"Health, Sanitation & Public Hygiene",Public Health & Basic Amenities
235723.0,6a932bb5cd94452437a1d987,Madhya Pradesh,Madhya Pradesh,BALAGHAT,BALAGHAT,SEONI(District Collector Seoni_IDA),SEONI(District Collector Seoni_IDA),Normal/Others,Normal/Others,2499999.0,2026-03-16T00:00:00.000Z,2026.0,0.0,GRAM PANCHAYAT IMALIYA RYT KE GRAM IMALIYA MEIN SE TENDANI KI OR GREWAL ROAD NIRMAN.,GRAM PANCHAYAT IMALIYA RYT KE GRAM IMALIYA MEIN SE TENDANI KI OR GREWAL ROAD NIRMAN.,,BHARTI PARDHI,,BALAGHAT,Completed,2499999,2026-03-16T00:00:00.000Z,,,,,,,,,,,,Roads & Pathways,Physical Infrastructure
236620.0,6a932bb5cd94452437a1bb38,Madhya Pradesh,Madhya Pradesh,TIKAMGARH,TIKAMGARH,CHHATARPUR(District Collector Chhatarpur_IDA),CHHATARPUR(District Collector Chhatarpur_IDA),Normal/Others,Normal/Others,300000.0,2026-02-24T00:00:00.000Z,2026.0,0.0,Boundary Wall Nirman,Boundary Wall Nirman,,Virendra Kumar,,TIKAMGARH,Completed,300000,2026-02-24T00:00:00.000Z,,,,,,,,,,,,Other Civil & Development Works,General Development & Maintenance
236754.0,6a932bb5cd94452437a1b8cb,Madhya Pradesh,Madhya Pradesh,INDORE,INDORE,INDORE(DISTRICT COLLECTOR INDORE_IDA),INDORE(DISTRICT COLLECTOR INDORE_IDA),Normal/Others,Normal/Others,159212.0,2025-12-01T00:00:00.000Z,2025.0,0.0,Providing GI Water Tanker Capacity 5500 Liter Tyre 900X16 in GP Rajoda JP Sanwer District Indore,Providing GI Water Tanker Capacity 5500 Liter Tyre 900X16 in GP Rajoda JP Sanwer District Indore,,Shankar Lalwani,,INDORE,Completed,159212,2025-12-01T00:00:00.000Z,,,,,,,,,,,,Drinking Water Supply,Public Health & Basic Amenities
236756.0,6a932bb5cd94452437a1b8d4,Madhya Pradesh,Madhya Pradesh,INDORE,INDORE,INDORE(DISTRICT COLLECTOR INDORE_IDA),INDORE(DISTRICT COLLECTOR INDORE_IDA),Normal/Others,Normal/Others,159212.0,2025-12-01T00:00:00.000Z,2025.0,0.0,Providing GI Water Tanker Capacity 5500 Liter Tyre 900X16 in GP Muradpura JP Sanwer District Indore,Providing GI Water Tanker Capacity 5500 Liter Tyre 900X16 in GP Muradpura JP Sanwer District Indore,,Shankar Lalwani,,INDORE,Completed,159212,2025-12-01T00:00:00.000Z,,,,,,,,,,,,Drinking Water Supply,Public Health & Basic Amenities
236758.0,6a932bb5cd94452437a1b8d0,Madhya Pradesh,Madhya Pradesh,INDORE,INDORE,INDORE(DISTRICT COLLECTOR INDORE_IDA),INDORE(DISTRICT COLLECTOR INDORE_IDA),Normal/Others,Normal/Others,159212.0,2025-12-01T00:00:00.000Z,2025.0,0.0,Providing GI Water Tanker Capacity 5500 Liter Tyre 900X16 in GP Dhan khedi JP Sanwer District Indore,Providing GI Water Tanker Capacity 5500 Liter Tyre 900X16 in GP Dhan khedi JP Sanwer District Indore,,Shankar Lalwani,,INDORE,Completed,159212,2025-12-01T00:00:00.000Z,,,,,,,,,,,,Drinking Water Supply,Public Health & Basic Amenities
236760.0,6a932bb5cd94452437a1b8cc,Madhya Pradesh,Madhya Pradesh,INDORE,INDORE,INDORE(DISTRICT COLLECTOR INDORE_IDA),INDORE(DISTRICT COLLECTOR INDORE_IDA),Normal/Others,Normal/Others,159212.0,2025-12-01T00:00:00.000Z,2025.0,0.0,Providing GI Water Tanker Capacity 5500 Liter Tyre 900X16 in GP   faraspur JP Sanwer District Indore,Providing GI Water Tanker Capacity 5500 Liter Tyre 900X16 in GP   faraspur JP Sanwer District Indore,,Shankar Lalwani,,INDORE,Completed,159212,2025-12-01T00:00:00.000Z,,,,,,,,,,,,Drinking Water Supply,Public Health & Basic Amenities
236762.0,6a932bb5cd94452437a1b8ce,Madhya Pradesh,Madhya Pradesh,INDORE,INDORE,INDORE(DISTRICT COLLECTOR INDORE_IDA),INDORE(DISTRICT COLLECTOR INDORE_IDA),Normal/Others,Normal/Others,159212.0,2025-12-01T00:00:00.000Z,2025.0,0.0,Providing GI Water Tanker Capacity 5500 Liter Tyre 900X16 in GP Piplya kayasth  JP Sanwer District Indore,Providing GI Water Tanker Capacity 5500 Liter Tyre 900X16 in GP Piplya kayasth  JP Sanwer District Indore,,Shankar Lalwani,,INDORE,Completed,159212,2025-12-01T00:00:00.000Z,,,,,,,,,,,,Drinking Water Supply,Public Health & Basic Amenities
236764.0,6a932bb5cd94452437a1b8cf,Madhya Pradesh,Madhya Pradesh,INDORE,INDORE,INDORE(DISTRICT COLLECTOR INDORE_IDA),INDORE(DISTRICT COLLECTOR INDORE_IDA),Normal/Others,Normal/Others,159212.0,2025-12-01T00:00:00.000Z,2025.0,0.0,Providing GI Water Tanker Capacity 5500 Liter Tyre 900X16 in GP Rinjlay JP Indore VS Rau District Indore,Providing GI Water Tanker Capacity 5500 Liter Tyre 900X16 in GP Rinjlay JP Indore VS Rau District Indore,,Shankar Lalwani,,INDORE,Completed,159212,2025-12-01T00:00:00.000Z,,,,,,,,,,,,Drinking Water Supply,Public Health & Basic Amenities
242477.0,6a932bb5cd94452437a1b254,Madhya Pradesh,Madhya Pradesh,GWALIOR,GWALIOR,SHIVPURI(District Collector Shivpuri_IDA),SHIVPURI(District Collector Shivpuri_IDA),Normal/Others,Normal/Others,491425.0,2026-04-07T00:00:00.000Z,2026.0,0.0,vipdan sangh ke pohari stithi godam parisar me krashk vishram shed (farmer shed) ka nirman karya,vipdan sangh ke pohari stithi godam parisar me krashk vishram shed (farmer shed) ka nirman karya,,BHARAT SINGH KUSHWAH,,GWALIOR,Completed,491425,2026-04-07T00:00:00.000Z,,,,,,,,,,,,Community Centers & Halls,Social Infrastructure
244225.0,6a932bb5cd94452437a1cdf2,Madhya Pradesh,Madhya Pradesh,CHHINDWARA,CHHINDWARA,CHHINDWARA(DISTRICT COLLECTOR CHHINDWARA_IDA),CHHINDWARA(DISTRICT COLLECTOR CHHINDWARA_IDA),Normal/Others,Normal/Others,300000.0,2026-03-24T00:00:00.000Z,2026.0,0.0,Construction of CC road In Paunar Toward sri Bholekhan House to Sri Rajkuar House,Construction of CC road In Paunar Toward sri Bholekhan House to Sri Rajkuar House,,BUNTY VIVEK SAHU,,CHHINDWARA,Completed,300000,2026-03-24T00:00:00.000Z,,,,,,,,,,,,Roads & Pathways,Physical Infrastructure
244323.0,6a932bb5cd94452437a1b999,Madhya Pradesh,Madhya Pradesh,INDORE,INDORE,INDORE(DISTRICT COLLECTOR INDORE_IDA),INDORE(DISTRICT COLLECTOR INDORE_IDA),Normal/Others,Normal/Others,159212.0,2025-12-01T00:00:00.000Z,2025.0,0.0,Providing GI Water Tanker Capacity 5500 Liter Tyre 900X16 in GP Ahir Khedi JP Depalpur District Indore,Providing GI Water Tanker Capacity 5500 Liter Tyre 900X16 in GP Ahir Khedi JP Depalpur District Indore,,Shankar Lalwani,,INDORE,Completed,159212,2025-12-01T00:00:00.000Z,,,,,,,,,,,,Drinking Water Supply,Public Health & Basic Amenities
244325.0,6a932bb5cd94452437a1b992,Madhya Pradesh,Madhya Pradesh,INDORE,INDORE,INDORE(DISTRICT COLLECTOR INDORE_IDA),INDORE(DISTRICT COLLECTOR INDORE_IDA),Normal/Others,Normal/Others,159212.0,2025-12-01T00:00:00.000Z,2025.0,0.0,Providing GI Water Tanker Capacity 5500 Liter Tyre 900X16 in GP Agra Tahsil Hatod JP Depalpur District Indore,Providing GI Water Tanker Capacity 5500 Liter Tyre 900X16 in GP Agra Tahsil Hatod JP Depalpur District Indore,,Shankar Lalwani,,INDORE,Completed,159212,2025-12-01T00:00:00.000Z,,,,,,,,,,,,Drinking Water Supply,Public Health & Basic Amenities
244327.0,6a932bb5cd94452437a1b99c,Madhya Pradesh,Madhya Pradesh,INDORE,INDORE,INDORE(DISTRICT COLLECTOR INDORE_IDA),INDORE(DISTRICT COLLECTOR INDORE_IDA),Normal/Others,Normal/Others,159212.0,2025-12-01T00:00:00.000Z,2025.0,0.0,Providing GI Water Tanker Capacity 5500 Liter Tyre 900X16 in GP Doltabad JP Depalpur District Indore,Providing GI Water Tanker Capacity 5500 Liter Tyre 900X16 in GP Doltabad JP Depalpur District Indore,,Shankar Lalwani,,INDORE,Completed,159212,2025-12-01T00:00:00.000Z,,,,,,,,,,,,Drinking Water Supply,Public Health & Basic Amenities
244329.0,6a932bb5cd94452437a1b98e,Madhya Pradesh,Madhya Pradesh,INDORE,INDORE,INDORE(DISTRICT COLLECTOR INDORE_IDA),INDORE(DISTRICT COLLECTOR INDORE_IDA),Normal/Others,Normal/Others,477636.0,2025-12-01T00:00:00.000Z,2025.0,0.0,Providing  03 GI Water Tanker Capacity 5500 Liter Tyre 900X16 in Ward 15   Nagra Nigam Indore VS Indore-01  District Indore,Providing  03 GI Water Tanker Capacity 5500 Liter Tyre 900X16 in Ward 15   Nagra Nigam Indore VS Indore-01  District Indore,,Shankar Lalwani,,INDORE,Completed,477636,2025-12-01T00:00:00.000Z,,,,,,,,,,,,Drinking Water Supply,Public Health & Basic Amenities
244331.0,6a932bb5cd94452437a1b99b,Madhya Pradesh,Madhya Pradesh,INDORE,INDORE,INDORE(DISTRICT COLLECTOR INDORE_IDA),INDORE(DISTRICT COLLECTOR INDORE_IDA),Normal/Others,Normal/Others,159212.0,2025-12-01T00:00:00.000Z,2025.0,0.0,Providing GI Water Tanker Capacity 5500 Liter Tyre 900X16 in GP Rajpura tahsil  mhow District Indore,Providing GI Water Tanker Capacity 5500 Liter Tyre 900X16 in GP Rajpura tahsil  mhow District Indore,,Shankar Lalwani,,INDORE,Completed,159212,2025-12-01T00:00:00.000Z,,,,,,,,,,,,Drinking Water Supply,Public Health & Basic Amenities
244410.0,6a932bb5cd94452437a1c9c0,Madhya Pradesh,Madhya Pradesh,SIDHI,SIDHI,SIDHI(DISTRICT COLLECTOR SIDHI_IDA),SIDHI(DISTRICT COLLECTOR SIDHI_IDA),Normal/Others,Normal/Others,996950.0,2026-05-07T00:00:00.000Z,2026.0,0.0,GRAM PANCHAYAT BHAGOHAR ANTARGAT GRAM SUKHI CHAURAHA SE SENDURA TAK NAVEEN SADAK NIRMAN KARYA,GRAM PANCHAYAT BHAGOHAR ANTARGAT GRAM SUKHI CHAURAHA SE SENDURA TAK NAVEEN SADAK NIRMAN KARYA,,DR. RAJESH MISHRA,,SIDHI,Completed,996950,2026-05-07T00:00:00.000Z,,,,,,,,,,,,Other Civil & Development Works,General Development & Maintenance
244921.0,6a932bb5cd94452437a1c9bf,Madhya Pradesh,Madhya Pradesh,MANDSOUR,MANDSOUR,MANDSAUR(DISTRICT COLLECTOR MANDSAUR_IDA),MANDSAUR(DISTRICT COLLECTOR MANDSAUR_IDA),Normal/Others,Normal/Others,250000.0,2026-08-04T00:00:00.000Z,2026.0,0.0,construction of cc road,construction of cc road,,Shri Sudheer Gupta ,,MANDSOUR,Completed,250000,2026-08-04T00:00:00.000Z,,,,,,,,,,,,Roads & Pathways,Physical Infrastructure
246611.0,6a932bb5cd94452437a1ccd4,Madhya Pradesh,Madhya Pradesh,SIDHI,SIDHI,SIDHI(DISTRICT COLLECTOR SIDHI_IDA),SIDHI(DISTRICT COLLECTOR SIDHI_IDA),Normal/Others,Normal/Others,703185.0,2026-02-03T00:00:00.000Z,2026.0,0.0,15 NAG 40 WATT SOLAR STREET LIGHT KI STHAPANA,15 NAG 40 WATT SOLAR STREET LIGHT KI STHAPANA,,DR. RAJESH MISHRA,,SIDHI,Completed,703185,2026-02-03T00:00:00.000Z,,,,,,,,,,,,"Electricity, Lighting & Solar Energy",Physical Infrastructure
246613.0,6a932bb5cd94452437a1cce1,Madhya Pradesh,Madhya Pradesh,SIDHI,SIDHI,SIDHI(DISTRICT COLLECTOR SIDHI_IDA),SIDHI(DISTRICT COLLECTOR SIDHI_IDA),Normal/Others,Normal/Others,703185.0,2026-02-03T00:00:00.000Z,2026.0,0.0,15 NAG 40 WATT SOLAR STREET LIGHT KI STHAPANA,15 NAG 40 WATT SOLAR STREET LIGHT KI STHAPANA,,DR. RAJESH MISHRA,,SIDHI,Completed,703185,2026-02-03T00:00:00.000Z,,,,,,,,,,,,"Electricity, Lighting & Solar Energy",Physical Infrastructure
246615.0,6a932bb5cd94452437a1ccdc,Madhya Pradesh,Madhya Pradesh,SIDHI,SIDHI,SIDHI(DISTRICT COLLECTOR SIDHI_IDA),SIDHI(DISTRICT COLLECTOR SIDHI_IDA),Normal/Others,Normal/Others,703185.0,2026-02-03T00:00:00.000Z,2026.0,0.0,15 NAG 40 WATT SOLAR STREET LIGHT KI STHAPANA,15 NAG 40 WATT SOLAR STREET LIGHT KI STHAPANA,,DR. RAJESH MISHRA,,SIDHI,Completed,703185,2026-02-03T00:00:00.000Z,,,,,,,,,,,,"Electricity, Lighting & Solar Energy",Physical Infrastructure
246617.0,6a932bb5cd94452437a1ccef,Madhya Pradesh,Madhya Pradesh,SIDHI,SIDHI,SIDHI(DISTRICT COLLECTOR SIDHI_IDA),SIDHI(DISTRICT COLLECTOR SIDHI_IDA),Normal/Others,Normal/Others,703185.0,2026-02-03T00:00:00.000Z,2026.0,0.0,15 NAG 40 WATT SOLAR STREET LIGHT KI STHAPANA,15 NAG 40 WATT SOLAR STREET LIGHT KI STHAPANA,,DR. RAJESH MISHRA,,SIDHI,Completed,703185,2026-02-03T00:00:00.000Z,,,,,,,,,,,,"Electricity, Lighting & Solar Energy",Physical Infrastructure
246619.0,6a932bb5cd94452437a1cceb,Madhya Pradesh,Madhya Pradesh,SIDHI,SIDHI,SIDHI(DISTRICT COLLECTOR SIDHI_IDA),SIDHI(DISTRICT COLLECTOR SIDHI_IDA),Normal/Others,Normal/Others,703185.0,2026-02-03T00:00:00.000Z,2026.0,0.0,15 NAG 40 WATT SOLAR STREET LIGHT KI STHAPANA,15 NAG 40 WATT SOLAR STREET LIGHT KI STHAPANA,,DR. RAJESH MISHRA,,SIDHI,Completed,703185,2026-02-03T00:00:00.000Z,,,,,,,,,,,,"Electricity, Lighting & Solar Energy",Physical Infrastructure
246621.0,6a932bb5cd94452437a1cce7,Madhya Pradesh,Madhya Pradesh,SIDHI,SIDHI,SIDHI(DISTRICT COLLECTOR SIDHI_IDA),SIDHI(DISTRICT COLLECTOR SIDHI_IDA),Normal/Others,Normal/Others,703185.0,2026-02-03T00:00:00.000Z,2026.0,0.0,15 NAG 40 WATT SOLAR STREET LIGHT KI STHAPANA,15 NAG 40 WATT SOLAR STREET LIGHT KI STHAPANA,,DR. RAJESH MISHRA,,SIDHI,Completed,703185,2026-02-03T00:00:00.000Z,,,,,,,,,,,,"Electricity, Lighting & Solar Energy",Physical Infrastructure
246623.0,6a932bb5cd94452437a1cce4,Madhya Pradesh,Madhya Pradesh,SIDHI,SIDHI,SIDHI(DISTRICT COLLECTOR SIDHI_IDA),SIDHI(DISTRICT COLLECTOR SIDHI_IDA),Normal/Others,Normal/Others,703185.0,2026-02-03T00:00:00.000Z,2026.0,0.0,15 NAG 40 WATT SOLAR STREET LIGHT KI STHAPANA,15 NAG 40 WATT SOLAR STREET LIGHT KI STHAPANA,,DR. RAJESH MISHRA,,SIDHI,Completed,703185,2026-02-03T00:00:00.000Z,,,,,,,,,,,,"Electricity, Lighting & Solar Energy",Physical Infrastructure
246625.0,6a932bb5cd94452437a1ccf3,Madhya Pradesh,Madhya Pradesh,SIDHI,SIDHI,SIDHI(DISTRICT COLLECTOR SIDHI_IDA),SIDHI(DISTRICT COLLECTOR SIDHI_IDA),Normal/Others,Normal/Others,703185.0,2026-02-03T00:00:00.000Z,2026.0,0.0,15 NAG 40 WATT SOLAR STREET LIGHT KI STHAPANA,15 NAG 40 WATT SOLAR STREET LIGHT KI STHAPANA,,DR. RAJESH MISHRA,,SIDHI,Completed,703185,2026-02-03T00:00:00.000Z,,,,,,,,,,,,"Electricity, Lighting & Solar Energy",Physical Infrastructure
247968.0,6a932bb5cd94452437a1c926,Madhya Pradesh,Madhya Pradesh,UJJAIN,UJJAIN,UJJAIN(DISTRICT COLLECTOR UJJAIN_IDA),UJJAIN(DISTRICT COLLECTOR UJJAIN_IDA),Normal/Others,Normal/Others,500000.0,2026-04-09T00:00:00.000Z,2026.0,0.0,Gram barkheda kaytha me hakamsingh ke ghar se main road ki aur cement concrit road nirman,Gram barkheda kaytha me hakamsingh ke ghar se main road ki aur cement concrit road nirman,,Shri Anil Firojiya,,UJJAIN,Completed,500000,2026-04-09T00:00:00.000Z,,,,,,,,,,,,Roads & Pathways,Physical Infrastructure
249648.0,6a932bb5cd94452437a1cda1,Madhya Pradesh,Madhya Pradesh,BETUL,BETUL,HARDA(District Collector Harda_IDA),HARDA(District Collector Harda_IDA),Normal/Others,Normal/Others,259942.0,2026-03-10T00:00:00.000Z,2026.0,0.0,Gram Panchayat Sohagpur me Yatri Pratikshalay Nirman L.No. 184 dt.07.10.2024,Gram Panchayat Sohagpur me Yatri Pratikshalay Nirman L.No. 184 dt.07.10.2024,,Durga Das Uikey ,,BETUL,Completed,259942,2026-03-10T00:00:00.000Z,,,,,,,,,,,,Other Civil & Development Works,General Development & Maintenance
249902.0,6a932bb5cd94452437a1c562,Madhya Pradesh,Madhya Pradesh,SAGAR,SAGAR,SAGAR(DISTRICT COLLECTOR SAGAR_IDA),SAGAR(DISTRICT COLLECTOR SAGAR_IDA),Normal/Others,Normal/Others,500000.0,2026-03-10T00:00:00.000Z,2026.0,0.0,Gram Panchayat Manesiya Ke shamshan Ghat me Shed Evam Tar fenshing Karya hetu.,Gram Panchayat Manesiya Ke shamshan Ghat me Shed Evam Tar fenshing Karya hetu.,,DR. LATA WANKHEDE,,SAGAR,Completed,500000,2026-03-10T00:00:00.000Z,,,,,,,,,,,,Community Centers & Halls,Social Infrastructure
251047.0,6a932bb5cd94452437a1d9ce,Madhya Pradesh,Madhya Pradesh,CHHINDWARA,CHHINDWARA,CHHINDWARA(DISTRICT COLLECTOR CHHINDWARA_IDA),CHHINDWARA(DISTRICT COLLECTOR CHHINDWARA_IDA),Normal/Others,Normal/Others,50000.0,2026-03-17T00:00:00.000Z,2026.0,0.0,Construction Of Rungmanch At Near Khedapati Temple Gram Latgaon,Construction Of Rungmanch At Near Khedapati Temple Gram Latgaon,,BUNTY VIVEK SAHU,,CHHINDWARA,Completed,50000,2026-03-17T00:00:00.000Z,,,,,,,,,,,,Other Civil & Development Works,General Development & Maintenance
251100.0,6a932bb5cd94452437a1e13c,Madhya Pradesh,Madhya Pradesh,CHHINDWARA,CHHINDWARA,CHHINDWARA(DISTRICT COLLECTOR CHHINDWARA_IDA),CHHINDWARA(DISTRICT COLLECTOR CHHINDWARA_IDA),Normal/Others,Normal/Others,50000.0,2026-04-21T00:00:00.000Z,2026.0,0.0,Construction Of Rungmanch At Bus Stand Saradar Patel Chouk Gp Badegaon,Construction Of Rungmanch At Bus Stand Saradar Patel Chouk Gp Badegaon,,BUNTY VIVEK SAHU,,CHHINDWARA,Completed,50000,2026-04-21T00:00:00.000Z,,,,,,,,,,,,Other Civil & Development Works,General Development & Maintenance
251103.0,6a932bb5cd94452437a1e13b,Madhya Pradesh,Madhya Pradesh,CHHINDWARA,CHHINDWARA,CHHINDWARA(DISTRICT COLLECTOR CHHINDWARA_IDA),CHHINDWARA(DISTRICT COLLECTOR CHHINDWARA_IDA),Normal/Others,Normal/Others,50000.0,2026-04-21T00:00:00.000Z,2026.0,0.0,Construction Of Rungmanch At Near pani Tanki Gp babai,Construction Of Rungmanch At Near pani Tanki Gp babai,,BUNTY VIVEK SAHU,,CHHINDWARA,Completed,50000,2026-04-21T00:00:00.000Z,,,,,,,,,,,,Other Civil & Development Works,General Development & Maintenance
251160.0,6a932bb5cd94452437a1d4b0,Madhya Pradesh,Madhya Pradesh,KHARGONE,KHARGONE,BARWANI(DISTRICT COLLECTOR BADWANI_IDA),BARWANI(DISTRICT COLLECTOR BADWANI_IDA),Normal/Others,Normal/Others,159212.0,2026-07-27T00:00:00.000Z,2026.0,0.0,Purchase of mobile water tanker for Village Chilariya,Purchase of mobile water tanker for Village Chilariya,,Gajendra Singh Patel,,KHARGONE,Completed,159212,2026-07-27T00:00:00.000Z,,,,,,,,,,,,Drinking Water Supply,Public Health & Basic Amenities
251163.0,6a932bb5cd94452437a1d4a7,Madhya Pradesh,Madhya Pradesh,KHARGONE,KHARGONE,BARWANI(DISTRICT COLLECTOR BADWANI_IDA),BARWANI(DISTRICT COLLECTOR BADWANI_IDA),Normal/Others,Normal/Others,159212.0,2026-07-27T00:00:00.000Z,2026.0,0.0,urchase of mobile water tanker for Village Takyapani,urchase of mobile water tanker for Village Takyapani,,Gajendra Singh Patel,,KHARGONE,Completed,159212,2026-07-27T00:00:00.000Z,,,,,,,,,,,,Drinking Water Supply,Public Health & Basic Amenities
251165.0,6a932bb5cd94452437a1d4a8,Madhya Pradesh,Madhya Pradesh,KHARGONE,KHARGONE,BARWANI(DISTRICT COLLECTOR BADWANI_IDA),BARWANI(DISTRICT COLLECTOR BADWANI_IDA),Normal/Others,Normal/Others,159212.0,2026-07-27T00:00:00.000Z,2026.0,0.0,urchase of mobile water tanker for Village Badiyapani,urchase of mobile water tanker for Village Badiyapani,,Gajendra Singh Patel,,KHARGONE,Completed,159212,2026-07-27T00:00:00.000Z,,,,,,,,,,,,Drinking Water Supply,Public Health & Basic Amenities
251168.0,6a932bb5cd94452437a1d4b1,Madhya Pradesh,Madhya Pradesh,KHARGONE,KHARGONE,BARWANI(DISTRICT COLLECTOR BADWANI_IDA),BARWANI(DISTRICT COLLECTOR BADWANI_IDA),Normal/Others,Normal/Others,159212.0,2026-07-27T00:00:00.000Z,2026.0,0.0,urchase of mobile water tanker for Village Thigli,urchase of mobile water tanker for Village Thigli,,Gajendra Singh Patel,,KHARGONE,Completed,159212,2026-07-27T00:00:00.000Z,,,,,,,,,,,,Drinking Water Supply,Public Health & Basic Amenities
251175.0,6a932bb5cd94452437a1d4b5,Madhya Pradesh,Madhya Pradesh,KHARGONE,KHARGONE,BARWANI(DISTRICT COLLECTOR BADWANI_IDA),BARWANI(DISTRICT COLLECTOR BADWANI_IDA),Normal/Others,Normal/Others,159212.0,2026-07-27T00:00:00.000Z,2026.0,0.0,urchase of mobile water tanker for Village Inayaki,urchase of mobile water tanker for Village Inayaki,,Gajendra Singh Patel,,KHARGONE,Completed,159212,2026-07-27T00:00:00.000Z,,,,,,,,,,,,Drinking Water Supply,Public Health & Basic Amenities
251177.0,6a932bb5cd94452437a1d4b4,Madhya Pradesh,Madhya Pradesh,KHARGONE,KHARGONE,BARWANI(DISTRICT COLLECTOR BADWANI_IDA),BARWANI(DISTRICT COLLECTOR BADWANI_IDA),Normal/Others,Normal/Others,159212.0,2026-07-27T00:00:00.000Z,2026.0,0.0,urchase of mobile water tanker for Village Mohanpura,urchase of mobile water tanker for Village Mohanpura,,Gajendra Singh Patel,,KHARGONE,Completed,159212,2026-07-27T00:00:00.000Z,,,,,,,,,,,,Drinking Water Supply,Public Health & Basic Amenities
252530.0,6a932bb5cd94452437a1c54c,Madhya Pradesh,Madhya Pradesh,DAMOH,DAMOH,SAGAR(DISTRICT COLLECTOR SAGAR_IDA),SAGAR(DISTRICT COLLECTOR SAGAR_IDA),Normal/Others,Normal/Others,999980.0,2026-08-04T00:00:00.000Z,2026.0,0.0,GRAM PANCHAYAT BELAI ME SAMUDAYIK NIRMAN KARY,GRAM PANCHAYAT BELAI ME SAMUDAYIK NIRMAN KARY,,RAHUL SINGH LODHI,,DAMOH,Completed,999980,2026-08-04T00:00:00.000Z,,,,,,,,,,,,Community Centers & Halls,Social Infrastructure
254754.0,6a932bb5cd94452437a1cde1,Madhya Pradesh,Madhya Pradesh,DHAR,DHAR,DHAR(DISTRICT COLLECTOR DHAR_IDA),DHAR(DISTRICT COLLECTOR DHAR_IDA),Normal/Others,Normal/Others,159212.0,2026-04-28T00:00:00.000Z,2026.0,0.0,GI cotted water tankar 5500liter tyre 900x16,GI cotted water tankar 5500liter tyre 900x16,,SAVITRI THAKUR,,DHAR,Completed,159212,2026-04-28T00:00:00.000Z,,,,,,,,,,,,Drinking Water Supply,Public Health & Basic Amenities
254756.0,6a932bb5cd94452437a1cde3,Madhya Pradesh,Madhya Pradesh,DHAR,DHAR,DHAR(DISTRICT COLLECTOR DHAR_IDA),DHAR(DISTRICT COLLECTOR DHAR_IDA),Normal/Others,Normal/Others,159212.0,2026-04-28T00:00:00.000Z,2026.0,0.0,GI cotted water tankar 5500liter tyre 900x16,GI cotted water tankar 5500liter tyre 900x16,,SAVITRI THAKUR,,DHAR,Completed,159212,2026-04-28T00:00:00.000Z,,,,,,,,,,,,Drinking Water Supply,Public Health & Basic Amenities
255625.0,6a932bb5cd94452437a1c8a2,Madhya Pradesh,Madhya Pradesh,SAGAR,SAGAR,SAGAR(DISTRICT COLLECTOR SAGAR_IDA),SAGAR(DISTRICT COLLECTOR SAGAR_IDA),Normal/Others,Normal/Others,750000.0,2026-04-06T00:00:00.000Z,2026.0,0.0,Gram Panchayat Guraiya me Morwari road par Nirbhay ke khet ke pass Puliya nirman karya hetu.,Gram Panchayat Guraiya me Morwari road par Nirbhay ke khet ke pass Puliya nirman karya hetu.,,DR. LATA WANKHEDE,,SAGAR,Completed,750000,2026-04-06T00:00:00.000Z,,,,,,,,,,,,Roads & Pathways,Physical Infrastructure
255686.0,6a932bb5cd94452437a1d0bd,Madhya Pradesh,Madhya Pradesh,RAJGARH,RAJGARH,RAJGARH(DISTRICT COLLECTOR RAJGARH_IDA),RAJGARH(DISTRICT COLLECTOR RAJGARH_IDA),Normal/Others,Normal/Others,127270.0,2026-02-13T00:00:00.000Z,2026.0,0.0,pre cost concreat re inforced bench with arm rest three seeter,pre cost concreat re inforced bench with arm rest three seeter,,Rodmal Nagar ,,RAJGARH,Completed,127270,2026-02-13T00:00:00.000Z,,,,,,,,,,,,Other Civil & Development Works,General Development & Maintenance
255688.0,6a932bb5cd94452437a1d0c5,Madhya Pradesh,Madhya Pradesh,RAJGARH,RAJGARH,RAJGARH(DISTRICT COLLECTOR RAJGARH_IDA),RAJGARH(DISTRICT COLLECTOR RAJGARH_IDA),Normal/Others,Normal/Others,127270.0,2026-02-13T00:00:00.000Z,2026.0,0.0,pre cost concreat re inforced bench with arm rest three seeter,pre cost concreat re inforced bench with arm rest three seeter,,Rodmal Nagar ,,RAJGARH,Completed,127270,2026-02-13T00:00:00.000Z,,,,,,,,,,,,Other Civil & Development Works,General Development & Maintenance
256113.0,6a932bb5cd94452437a1d0d9,Madhya Pradesh,Madhya Pradesh,KHARGONE,KHARGONE,BARWANI(DISTRICT COLLECTOR BADWANI_IDA),BARWANI(DISTRICT COLLECTOR BADWANI_IDA),Normal/Others,Normal/Others,159212.0,2026-07-16T00:00:00.000Z,2026.0,0.0,Purchase of mobile water tanker for Mehatgaon,Purchase of mobile water tanker for Mehatgaon,,Gajendra Singh Patel,,KHARGONE,Completed,159212,2026-07-16T00:00:00.000Z,,,,,,,,,,,,Drinking Water Supply,Public Health & Basic Amenities
258030.0,6a932bb5cd94452437a1de9a,Madhya Pradesh,Madhya Pradesh,DAMOH,DAMOH,SAGAR(DISTRICT COLLECTOR SAGAR_IDA),SAGAR(DISTRICT COLLECTOR SAGAR_IDA),Normal/Others,Normal/Others,199604.0,2026-04-03T00:00:00.000Z,2026.0,0.0,GRAM PANCHAYAT PAHLA ME 5000 LRT PANEE TENKAR KI KHAREED,GRAM PANCHAYAT PAHLA ME 5000 LRT PANEE TENKAR KI KHAREED,,RAHUL SINGH LODHI,,DAMOH,Completed,199604,2026-04-03T00:00:00.000Z,,,,,,,,,,,,Other Civil & Development Works,General Development & Maintenance
258032.0,6a932bb5cd94452437a1de98,Madhya Pradesh,Madhya Pradesh,DAMOH,DAMOH,SAGAR(DISTRICT COLLECTOR SAGAR_IDA),SAGAR(DISTRICT COLLECTOR SAGAR_IDA),Normal/Others,Normal/Others,199604.0,2026-04-03T00:00:00.000Z,2026.0,0.0,GRAM PANCHAYAT KHAKARIYA ME 5000 LRT PANEE TENKAR KI KHAREED,GRAM PANCHAYAT KHAKARIYA ME 5000 LRT PANEE TENKAR KI KHAREED,,RAHUL SINGH LODHI,,DAMOH,Completed,199604,2026-04-03T00:00:00.000Z,,,,,,,,,,,,Other Civil & Development Works,General Development & Maintenance
258034.0,6a932bb5cd94452437a1e1a1,Madhya Pradesh,Madhya Pradesh,DAMOH,DAMOH,SAGAR(DISTRICT COLLECTOR SAGAR_IDA),SAGAR(DISTRICT COLLECTOR SAGAR_IDA),Normal/Others,Normal/Others,199604.0,2026-04-22T00:00:00.000Z,2026.0,0.0,GRAM PANCHAYAT PATHARIYA ME 5000 LRT PANEE KE TENKAR KI KHAREED,GRAM PANCHAYAT PATHARIYA ME 5000 LRT PANEE KE TENKAR KI KHAREED,,RAHUL SINGH LODHI,,DAMOH,Completed,199604,2026-04-22T00:00:00.000Z,,,,,,,,,,,,Other Civil & Development Works,General Development & Maintenance
258036.0,6a932bb5cd94452437a1de95,Madhya Pradesh,Madhya Pradesh,DAMOH,DAMOH,SAGAR(DISTRICT COLLECTOR SAGAR_IDA),SAGAR(DISTRICT COLLECTOR SAGAR_IDA),Normal/Others,Normal/Others,199604.0,2026-04-22T00:00:00.000Z,2026.0,0.0,GRAM PANCHAYAT SUJANPUR ME 5000 LRT PANEE TENKAR KI KHAREED,GRAM PANCHAYAT SUJANPUR ME 5000 LRT PANEE TENKAR KI KHAREED,,RAHUL SINGH LODHI,,DAMOH,Completed,199604,2026-04-22T00:00:00.000Z,,,,,,,,,,,,Other Civil & Development Works,General Development & Maintenance
258038.0,6a932bb5cd94452437a1de93,Madhya Pradesh,Madhya Pradesh,DAMOH,DAMOH,SAGAR(DISTRICT COLLECTOR SAGAR_IDA),SAGAR(DISTRICT COLLECTOR SAGAR_IDA),Normal/Others,Normal/Others,199604.0,2026-04-22T00:00:00.000Z,2026.0,0.0,GRAM PANCHAYAT TULSIPUR ME 5000 LRT PANEE TENKAR KI KHAREED,GRAM PANCHAYAT TULSIPUR ME 5000 LRT PANEE TENKAR KI KHAREED,,RAHUL SINGH LODHI,,DAMOH,Completed,199604,2026-04-22T00:00:00.000Z,,,,,,,,,,,,Other Civil & Development Works,General Development & Maintenance
258043.0,6a932bb5cd94452437a1de91,Madhya Pradesh,Madhya Pradesh,DAMOH,DAMOH,SAGAR(DISTRICT COLLECTOR SAGAR_IDA),SAGAR(DISTRICT COLLECTOR SAGAR_IDA),Normal/Others,Normal/Others,199604.0,2026-04-03T00:00:00.000Z,2026.0,0.0,GRAM PANCHAYAT SALAIYA KALAN  ME 5000 LRT TENKAR KI KHAREED,GRAM PANCHAYAT SALAIYA KALAN  ME 5000 LRT TENKAR KI KHAREED,,RAHUL SINGH LODHI,,DAMOH,Completed,199604,2026-04-03T00:00:00.000Z,,,,,,,,,,,,Other Civil & Development Works,General Development & Maintenance
258045.0,6a932bb5cd94452437a1e199,Madhya Pradesh,Madhya Pradesh,DAMOH,DAMOH,SAGAR(DISTRICT COLLECTOR SAGAR_IDA),SAGAR(DISTRICT COLLECTOR SAGAR_IDA),Normal/Others,Normal/Others,199604.0,2026-04-22T00:00:00.000Z,2026.0,0.0,GRAM PANCHAYAT LARETHI ME 5000 LRT PANEE KE TENKAR KI KHAREED,GRAM PANCHAYAT LARETHI ME 5000 LRT PANEE KE TENKAR KI KHAREED,,RAHUL SINGH LODHI,,DAMOH,Completed,199604,2026-04-22T00:00:00.000Z,,,,,,,,,,,,Other Civil & Development Works,General Development & Maintenance
258047.0,6a932bb5cd94452437a1e19b,Madhya Pradesh,Madhya Pradesh,DAMOH,DAMOH,SAGAR(DISTRICT COLLECTOR SAGAR_IDA),SAGAR(DISTRICT COLLECTOR SAGAR_IDA),Normal/Others,Normal/Others,199604.0,2026-04-22T00:00:00.000Z,2026.0,0.0,GRAM PANCHAYAT BUDHAKHERA ME 5000 LRT PANEE TENKAR KI KHAREED,GRAM PANCHAYAT BUDHAKHERA ME 5000 LRT PANEE TENKAR KI KHAREED,,RAHUL SINGH LODHI,,DAMOH,Completed,199604,2026-04-22T00:00:00.000Z,,,,,,,,,,,,Other Civil & Development Works,General Development & Maintenance
258049.0,6a932bb5cd94452437a1e1a0,Madhya Pradesh,Madhya Pradesh,DAMOH,DAMOH,SAGAR(DISTRICT COLLECTOR SAGAR_IDA),SAGAR(DISTRICT COLLECTOR SAGAR_IDA),Normal/Others,Normal/Others,199604.0,2026-04-22T00:00:00.000Z,2026.0,0.0,GRAM PANCHAYAT NARWA ME 5000 LRT PANEE TENKAR KI KHAREED,GRAM PANCHAYAT NARWA ME 5000 LRT PANEE TENKAR KI KHAREED,,RAHUL SINGH LODHI,,DAMOH,Completed,199604,2026-04-22T00:00:00.000Z,,,,,,,,,,,,Other Civil & Development Works,General Development & Maintenance
258051.0,6a932bb5cd94452437a1e19d,Madhya Pradesh,Madhya Pradesh,DAMOH,DAMOH,SAGAR(DISTRICT COLLECTOR SAGAR_IDA),SAGAR(DISTRICT COLLECTOR SAGAR_IDA),Normal/Others,Normal/Others,199604.0,2026-04-22T00:00:00.000Z,2026.0,0.0,GRAM PANCHAYAT BASONA ME 5000 LRT PANEE TENKAR KI KHAREED,GRAM PANCHAYAT BASONA ME 5000 LRT PANEE TENKAR KI KHAREED,,RAHUL SINGH LODHI,,DAMOH,Completed,199604,2026-04-22T00:00:00.000Z,,,,,,,,,,,,Other Civil & Development Works,General Development & Maintenance
258060.0,6a932bb5cd94452437a1cdf7,Madhya Pradesh,Madhya Pradesh,DAMOH,DAMOH,CHHATARPUR(District Collector Chhatarpur_IDA),CHHATARPUR(District Collector Chhatarpur_IDA),Normal/Others,Normal/Others,199604.0,2026-07-16T00:00:00.000Z,2026.0,0.0,GRAM PANCHAYAT DEVPUR PRATHAM ME 5000 LRT PANEE TENKAR KI KHAREED,GRAM PANCHAYAT DEVPUR PRATHAM ME 5000 LRT PANEE TENKAR KI KHAREED,,RAHUL SINGH LODHI,,DAMOH,Completed,199604,2026-07-16T00:00:00.000Z,,,,,,,,,,,,Other Civil & Development Works,General Development & Maintenance
258062.0,6a932bb5cd94452437a1cdfd,Madhya Pradesh,Madhya Pradesh,DAMOH,DAMOH,CHHATARPUR(District Collector Chhatarpur_IDA),CHHATARPUR(District Collector Chhatarpur_IDA),Normal/Others,Normal/Others,199604.0,2026-07-16T00:00:00.000Z,2026.0,0.0,GRAM PANCHAYAT KUNWARPURA KALAN ME 5000 LRT PANEE TENKAR KI KHAREED,GRAM PANCHAYAT KUNWARPURA KALAN ME 5000 LRT PANEE TENKAR KI KHAREED,,RAHUL SINGH LODHI,,DAMOH,Completed,199604,2026-07-16T00:00:00.000Z,,,,,,,,,,,,Other Civil & Development Works,General Development & Maintenance
258064.0,6a932bb5cd94452437a1cdf8,Madhya Pradesh,Madhya Pradesh,DAMOH,DAMOH,CHHATARPUR(District Collector Chhatarpur_IDA),CHHATARPUR(District Collector Chhatarpur_IDA),Normal/Others,Normal/Others,199604.0,2026-07-16T00:00:00.000Z,2026.0,0.0,GRAM PANCHAYAT BIRAMPURA ME 5000 LRT PANEE TENKAR KI KHAREED,GRAM PANCHAYAT BIRAMPURA ME 5000 LRT PANEE TENKAR KI KHAREED,,RAHUL SINGH LODHI,,DAMOH,Completed,199604,2026-07-16T00:00:00.000Z,,,,,,,,,,,,Other Civil & Development Works,General Development & Maintenance
258066.0,6a932bb5cd94452437a1cdfa,Madhya Pradesh,Madhya Pradesh,DAMOH,DAMOH,CHHATARPUR(District Collector Chhatarpur_IDA),CHHATARPUR(District Collector Chhatarpur_IDA),Normal/Others,Normal/Others,199604.0,2026-07-16T00:00:00.000Z,2026.0,0.0,GRAM PANCHAYAT CHAURAI ME 5000 LRT PANEE TENKAR KI KHAREED,GRAM PANCHAYAT CHAURAI ME 5000 LRT PANEE TENKAR KI KHAREED,,RAHUL SINGH LODHI,,DAMOH,Completed,199604,2026-07-16T00:00:00.000Z,,,,,,,,,,,,Other Civil & Development Works,General Development & Maintenance
258169.0,6a932bb5cd94452437a1ca93,Madhya Pradesh,Madhya Pradesh,RATLAM,RATLAM,JHABUA(DISTRICT COLLECTOR JHABUA_IDA),JHABUA(DISTRICT COLLECTOR JHABUA_IDA),Normal/Others,Normal/Others,159200.0,2026-05-08T00:00:00.000Z,2026.0,0.0,janpad panchayat petlawad ki gram panchayat jhaknavda me pani ka tenkar savikrat kiya gaya,janpad panchayat petlawad ki gram panchayat jhaknavda me pani ka tenkar savikrat kiya gaya,,ANITA NAGARSINGH CHOUHAN,,RATLAM,Completed,159200,2026-05-08T00:00:00.000Z,,,,,,,,,,,,Other Civil & Development Works,General Development & Maintenance
258171.0,6a932bb5cd94452437a1ca97,Madhya Pradesh,Madhya Pradesh,RATLAM,RATLAM,JHABUA(DISTRICT COLLECTOR JHABUA_IDA),JHABUA(DISTRICT COLLECTOR JHABUA_IDA),Normal/Others,Normal/Others,159200.0,2026-05-08T00:00:00.000Z,2026.0,0.0,janpad panchayat rama ki gram panchayat umarkot me pani ka tenkar savikrat kiya gaya,janpad panchayat rama ki gram panchayat umarkot me pani ka tenkar savikrat kiya gaya,,ANITA NAGARSINGH CHOUHAN,,RATLAM,Completed,159200,2026-05-08T00:00:00.000Z,,,,,,,,,,,,Other Civil & Development Works,General Development & Maintenance
258173.0,6a932bb5cd94452437a1ca9b,Madhya Pradesh,Madhya Pradesh,RATLAM,RATLAM,JHABUA(DISTRICT COLLECTOR JHABUA_IDA),JHABUA(DISTRICT COLLECTOR JHABUA_IDA),Normal/Others,Normal/Others,159200.0,2026-05-08T00:00:00.000Z,2026.0,0.0,janpad panchayat petlawad ki gram panchayat bamaniya me pani ka tenkar savikrat kiya gaya,janpad panchayat petlawad ki gram panchayat bamaniya me pani ka tenkar savikrat kiya gaya,,ANITA NAGARSINGH CHOUHAN,,RATLAM,Completed,159200,2026-05-08T00:00:00.000Z,,,,,,,,,,,,Other Civil & Development Works,General Development & Maintenance
258175.0,6a932bb5cd94452437a1ca9d,Madhya Pradesh,Madhya Pradesh,RATLAM,RATLAM,JHABUA(DISTRICT COLLECTOR JHABUA_IDA),JHABUA(DISTRICT COLLECTOR JHABUA_IDA),Normal/Others,Normal/Others,159200.0,2026-05-08T00:00:00.000Z,2026.0,0.0,janpad panchayat petlawad ki gram panchayat raipuriya me pani ka tenkar savikrat kiya gaya,janpad panchayat petlawad ki gram panchayat raipuriya me pani ka tenkar savikrat kiya gaya,,ANITA NAGARSINGH CHOUHAN,,RATLAM,Completed,159200,2026-05-08T00:00:00.000Z,,,,,,,,,,,,Other Civil & Development Works,General Development & Maintenance
258177.0,6a932bb5cd94452437a1ca99,Madhya Pradesh,Madhya Pradesh,RATLAM,RATLAM,JHABUA(DISTRICT COLLECTOR JHABUA_IDA),JHABUA(DISTRICT COLLECTOR JHABUA_IDA),Normal/Others,Normal/Others,159200.0,2026-05-08T00:00:00.000Z,2026.0,0.0,janpad panchayat petlawad ki gram panchayat karwad me pani ka tenkar savikrat kiya gaya,janpad panchayat petlawad ki gram panchayat karwad me pani ka tenkar savikrat kiya gaya,,ANITA NAGARSINGH CHOUHAN,,RATLAM,Completed,159200,2026-05-08T00:00:00.000Z,,,,,,,,,,,,Other Civil & Development Works,General Development & Maintenance
258179.0,6a932bb5cd94452437a1ca92,Madhya Pradesh,Madhya Pradesh,RATLAM,RATLAM,JHABUA(DISTRICT COLLECTOR JHABUA_IDA),JHABUA(DISTRICT COLLECTOR JHABUA_IDA),Normal/Others,Normal/Others,159200.0,2026-05-08T00:00:00.000Z,2026.0,0.0,janpad panchayat rama ki gram panchayat para me pani ka tenkar savikrat kiya gaya,janpad panchayat rama ki gram panchayat para me pani ka tenkar savikrat kiya gaya,,ANITA NAGARSINGH CHOUHAN,,RATLAM,Completed,159200,2026-05-08T00:00:00.000Z,,,,,,,,,,,,Other Civil & Development Works,General Development & Maintenance
258181.0,6a932bb5cd94452437a1ca90,Madhya Pradesh,Madhya Pradesh,RATLAM,RATLAM,JHABUA(DISTRICT COLLECTOR JHABUA_IDA),JHABUA(DISTRICT COLLECTOR JHABUA_IDA),Normal/Others,Normal/Others,159200.0,2026-05-08T00:00:00.000Z,2026.0,0.0,janpad panchayat rama ki gram panchayat kharadu badi me pani ka tenkar savikrat kiya gaya,janpad panchayat rama ki gram panchayat kharadu badi me pani ka tenkar savikrat kiya gaya,,ANITA NAGARSINGH CHOUHAN,,RATLAM,Completed,159200,2026-05-08T00:00:00.000Z,,,,,,,,,,,,Other Civil & Development Works,General Development & Maintenance
258183.0,6a932bb5cd94452437a1ca82,Madhya Pradesh,Madhya Pradesh,RATLAM,RATLAM,JHABUA(DISTRICT COLLECTOR JHABUA_IDA),JHABUA(DISTRICT COLLECTOR JHABUA_IDA),Normal/Others,Normal/Others,159200.0,2026-05-08T00:00:00.000Z,2026.0,0.0,janpad panchayat meghanagar ki gram panchayat harinagar me pani ka tenkar savikrat kiya gaya,janpad panchayat meghanagar ki gram panchayat harinagar me pani ka tenkar savikrat kiya gaya,,ANITA NAGARSINGH CHOUHAN,,RATLAM,Completed,159200,2026-05-08T00:00:00.000Z,,,,,,,,,,,,Other Civil & Development Works,General Development & Maintenance
258185.0,6a932bb5cd94452437a1ca8d,Madhya Pradesh,Madhya Pradesh,RATLAM,RATLAM,JHABUA(DISTRICT COLLECTOR JHABUA_IDA),JHABUA(DISTRICT COLLECTOR JHABUA_IDA),Normal/Others,Normal/Others,159200.0,2026-05-08T00:00:00.000Z,2026.0,0.0,janpad panchayat thandla ki gram panchayat khawasa me pani ka tenkar savikrat kiya gaya,janpad panchayat thandla ki gram panchayat khawasa me pani ka tenkar savikrat kiya gaya,,ANITA NAGARSINGH CHOUHAN,,RATLAM,Completed,159200,2026-05-08T00:00:00.000Z,,,,,,,,,,,,Other Civil & Development Works,General Development & Maintenance
258187.0,6a932bb5cd94452437a1ca8a,Madhya Pradesh,Madhya Pradesh,RATLAM,RATLAM,JHABUA(DISTRICT COLLECTOR JHABUA_IDA),JHABUA(DISTRICT COLLECTOR JHABUA_IDA),Normal/Others,Normal/Others,159200.0,2026-05-08T00:00:00.000Z,2026.0,0.0,janpad panchayat meghanagar ki gram panchayat khachhartodi me pani ka tenkar savikrat kiya gaya,janpad panchayat meghanagar ki gram panchayat khachhartodi me pani ka tenkar savikrat kiya gaya,,ANITA NAGARSINGH CHOUHAN,,RATLAM,Completed,159200,2026-05-08T00:00:00.000Z,,,,,,,,,,,,Other Civil & Development Works,General Development & Maintenance
258189.0,6a932bb5cd94452437a1ca84,Madhya Pradesh,Madhya Pradesh,RATLAM,RATLAM,JHABUA(DISTRICT COLLECTOR JHABUA_IDA),JHABUA(DISTRICT COLLECTOR JHABUA_IDA),Normal/Others,Normal/Others,159200.0,2026-05-08T00:00:00.000Z,2026.0,0.0,janpad panchayat meghanagar ki gram panchayat agral me pani ka tenkar savikrat kiya gaya,janpad panchayat meghanagar ki gram panchayat agral me pani ka tenkar savikrat kiya gaya,,ANITA NAGARSINGH CHOUHAN,,RATLAM,Completed,159200,2026-05-08T00:00:00.000Z,,,,,,,,,,,,Other Civil & Development Works,General Development & Maintenance
258191.0,6a932bb5cd94452437a1ca89,Madhya Pradesh,Madhya Pradesh,RATLAM,RATLAM,JHABUA(DISTRICT COLLECTOR JHABUA_IDA),JHABUA(DISTRICT COLLECTOR JHABUA_IDA),Normal/Others,Normal/Others,159200.0,2026-05-08T00:00:00.000Z,2026.0,0.0,janpad panchayat meghanagar ki gram panchayat ghosliya me pani ka tenkar savikrat kiya gaya,janpad panchayat meghanagar ki gram panchayat ghosliya me pani ka tenkar savikrat kiya gaya,,ANITA NAGARSINGH CHOUHAN,,RATLAM,Completed,159200,2026-05-08T00:00:00.000Z,,,,,,,,,,,,Other Civil & Development Works,General Development & Maintenance
258193.0,6a932bb5cd94452437a1ca86,Madhya Pradesh,Madhya Pradesh,RATLAM,RATLAM,JHABUA(DISTRICT COLLECTOR JHABUA_IDA),JHABUA(DISTRICT COLLECTOR JHABUA_IDA),Normal/Others,Normal/Others,159200.0,2026-05-08T00:00:00.000Z,2026.0,0.0,janpad panchayat ranapur ki gram panchayat samoi me pani ka tenkar savikrat kiya gaya,janpad panchayat ranapur ki gram panchayat samoi me pani ka tenkar savikrat kiya gaya,,ANITA NAGARSINGH CHOUHAN,,RATLAM,Completed,159200,2026-05-08T00:00:00.000Z,,,,,,,,,,,,Other Civil & Development Works,General Development & Maintenance
258195.0,6a932bb5cd94452437a1ca88,Madhya Pradesh,Madhya Pradesh,RATLAM,RATLAM,JHABUA(DISTRICT COLLECTOR JHABUA_IDA),JHABUA(DISTRICT COLLECTOR JHABUA_IDA),Normal/Others,Normal/Others,159200.0,2026-05-08T00:00:00.000Z,2026.0,0.0,janpad panchayat petlawad ki gram panchayat dekalda me pani ka tenkar savikrat kiya gaya,janpad panchayat petlawad ki gram panchayat dekalda me pani ka tenkar savikrat kiya gaya,,ANITA NAGARSINGH CHOUHAN,,RATLAM,Completed,159200,2026-05-08T00:00:00.000Z,,,,,,,,,,,,Other Civil & Development Works,General Development & Maintenance
262886.0,6a932bb5cd94452437a1cfe8,Madhya Pradesh,Madhya Pradesh,GUNA,GUNA,SHIVPURI(District Collector Shivpuri_IDA),SHIVPURI(District Collector Shivpuri_IDA),Normal/Others,Normal/Others,60000.0,2026-02-11T00:00:00.000Z,2026.0,0.0,E-cycle demand,E-cycle demand,,JYOTIRADITYA M. SCINDIA,,GUNA,Completed,60000,2026-02-11T00:00:00.000Z,,,,,,,,,,,,Other Civil & Development Works,General Development & Maintenance
266821.0,6a932bb5cd94452437a1d2be,Madhya Pradesh,Madhya Pradesh,DHAR,DHAR,DHAR(DISTRICT COLLECTOR DHAR_IDA),DHAR(DISTRICT COLLECTOR DHAR_IDA),Normal/Others,Normal/Others,159212.0,2026-04-28T00:00:00.000Z,2026.0,0.0,GI cotted water Tankar 5500 liter Tyre 900x16  new tyre,GI cotted water Tankar 5500 liter Tyre 900x16  new tyre,,SAVITRI THAKUR,,DHAR,Completed,159212,2026-04-28T00:00:00.000Z,,,,,,,,,,,,Drinking Water Supply,Public Health & Basic Amenities
266824.0,6a932bb5cd94452437a1d2c0,Madhya Pradesh,Madhya Pradesh,DHAR,DHAR,DHAR(DISTRICT COLLECTOR DHAR_IDA),DHAR(DISTRICT COLLECTOR DHAR_IDA),Normal/Others,Normal/Others,159212.0,2026-04-28T00:00:00.000Z,2026.0,0.0,GI cotted water Tankar 5500 liter Tyre 900x16  new tyre,GI cotted water Tankar 5500 liter Tyre 900x16  new tyre,,SAVITRI THAKUR,,DHAR,Completed,159212,2026-04-28T00:00:00.000Z,,,,,,,,,,,,Drinking Water Supply,Public Health & Basic Amenities
266826.0,6a932bb5cd94452437a1d2c4,Madhya Pradesh,Madhya Pradesh,DHAR,DHAR,DHAR(DISTRICT COLLECTOR DHAR_IDA),DHAR(DISTRICT COLLECTOR DHAR_IDA),Normal/Others,Normal/Others,159212.0,2026-04-28T00:00:00.000Z,2026.0,0.0,GI cotted water Tankar 5500 liter Tyre 900x16  new tyre,GI cotted water Tankar 5500 liter Tyre 900x16  new tyre,,SAVITRI THAKUR,,DHAR,Completed,159212,2026-04-28T00:00:00.000Z,,,,,,,,,,,,Drinking Water Supply,Public Health & Basic Amenities
266829.0,6a932bb5cd94452437a1d2c7,Madhya Pradesh,Madhya Pradesh,DHAR,DHAR,DHAR(DISTRICT COLLECTOR DHAR_IDA),DHAR(DISTRICT COLLECTOR DHAR_IDA),Normal/Others,Normal/Others,159212.0,2026-04-28T00:00:00.000Z,2026.0,0.0,GI cotted water Tankar 5500 liter Tyre 900x16  new tyre,GI cotted water Tankar 5500 liter Tyre 900x16  new tyre,,SAVITRI THAKUR,,DHAR,Completed,159212,2026-04-28T00:00:00.000Z,,,,,,,,,,,,Drinking Water Supply,Public Health & Basic Amenities
266832.0,6a932bb5cd94452437a1d2cb,Madhya Pradesh,Madhya Pradesh,DHAR,DHAR,DHAR(DISTRICT COLLECTOR DHAR_IDA),DHAR(DISTRICT COLLECTOR DHAR_IDA),Normal/Others,Normal/Others,159212.0,2026-04-28T00:00:00.000Z,2026.0,0.0,GI cotted water Tankar 5500 liter Tyre 900x16  new tyre,GI cotted water Tankar 5500 liter Tyre 900x16  new tyre,,SAVITRI THAKUR,,DHAR,Completed,159212,2026-04-28T00:00:00.000Z,,,,,,,,,,,,Drinking Water Supply,Public Health & Basic Amenities
269409.0,6a932bb5cd94452437a1e194,Madhya Pradesh,Madhya Pradesh,SAGAR,SAGAR,SAGAR(DISTRICT COLLECTOR SAGAR_IDA),SAGAR(DISTRICT COLLECTOR SAGAR_IDA),Normal/Others,Normal/Others,1502290.0,2026-04-22T00:00:00.000Z,2026.0,0.0,As par Atech,As par Atech,,DR. LATA WANKHEDE,,SAGAR,Completed,1502290,2026-04-22T00:00:00.000Z,,,,,,,,,,,,Other Civil & Development Works,General Development & Maintenance
287214.0,6a932bb5cd94452437a1e9a1,Madhya Pradesh,Madhya Pradesh,SAGAR,SAGAR,SAGAR(DISTRICT COLLECTOR SAGAR_IDA),SAGAR(DISTRICT COLLECTOR SAGAR_IDA),Normal/Others,Normal/Others,150229.0,2026-08-21T00:00:00.000Z,2026.0,0.0,Gram Panchayat Sarkhadi me O1 piece Water Tenkar 900X16 New tyre tube Sahit capacity 5000 Liter,Gram Panchayat Sarkhadi me O1 piece Water Tenkar 900X16 New tyre tube Sahit capacity 5000 Liter,,DR. LATA WANKHEDE,,SAGAR,Completed,150229,2026-08-21T00:00:00.000Z,,,,,,,,,,,,Drinking Water Supply,Public Health & Basic Amenities
287216.0,6a932bb5cd94452437a1e99f,Madhya Pradesh,Madhya Pradesh,SAGAR,SAGAR,SAGAR(DISTRICT COLLECTOR SAGAR_IDA),SAGAR(DISTRICT COLLECTOR SAGAR_IDA),Normal/Others,Normal/Others,150229.0,2026-08-24T00:00:00.000Z,2026.0,0.0,Gram Panchayat Dhagarniya me O1 piece Water Tenkar 900X16 New tyre tube Sahit capacity 5000 Liter,Gram Panchayat Dhagarniya me O1 piece Water Tenkar 900X16 New tyre tube Sahit capacity 5000 Liter,,DR. LATA WANKHEDE,,SAGAR,Completed,150229,2026-08-24T00:00:00.000Z,,,,,,,,,,,,Drinking Water Supply,Public Health & Basic Amenities
287218.0,6a932bb5cd94452437a1e9a4,Madhya Pradesh,Madhya Pradesh,SAGAR,SAGAR,SAGAR(DISTRICT COLLECTOR SAGAR_IDA),SAGAR(DISTRICT COLLECTOR SAGAR_IDA),Normal/Others,Normal/Others,150229.0,2026-08-24T00:00:00.000Z,2026.0,0.0,Gram Panchayat Bichpuri me O1 piece Water Tenkar 900X16 New tyre tube Sahit capacity 5000 Liter,Gram Panchayat Bichpuri me O1 piece Water Tenkar 900X16 New tyre tube Sahit capacity 5000 Liter,,DR. LATA WANKHEDE,,SAGAR,Completed,150229,2026-08-24T00:00:00.000Z,,,,,,,,,,,,Drinking Water Supply,Public Health & Basic Amenities
287220.0,6a932bb5cd94452437a1e9a2,Madhya Pradesh,Madhya Pradesh,SAGAR,SAGAR,SAGAR(DISTRICT COLLECTOR SAGAR_IDA),SAGAR(DISTRICT COLLECTOR SAGAR_IDA),Normal/Others,Normal/Others,150229.0,2026-08-19T00:00:00.000Z,2026.0,0.0,Gram Panchayat Baroda Sagar me O1 piece Water Tenkar 900X16 New tyre tube Sahit capacity 5000 Liter,Gram Panchayat Baroda Sagar me O1 piece Water Tenkar 900X16 New tyre tube Sahit capacity 5000 Liter,,DR. LATA WANKHEDE,,SAGAR,Completed,150229,2026-08-19T00:00:00.000Z,,,,,,,,,,,,Drinking Water Supply,Public Health & Basic Amenities
287222.0,6a932bb5cd94452437a1e9a7,Madhya Pradesh,Madhya Pradesh,SAGAR,SAGAR,SAGAR(DISTRICT COLLECTOR SAGAR_IDA),SAGAR(DISTRICT COLLECTOR SAGAR_IDA),Normal/Others,Normal/Others,150229.0,2026-08-23T00:00:00.000Z,2026.0,0.0,Gram Panchayat Berkheri Guru me O1 piece Water Tenkar 900X16 New tyre tube Sahit capacity 5000 Liter,Gram Panchayat Berkheri Guru me O1 piece Water Tenkar 900X16 New tyre tube Sahit capacity 5000 Liter,,DR. LATA WANKHEDE,,SAGAR,Completed,150229,2026-08-23T00:00:00.000Z,,,,,,,,,,,,Drinking Water Supply,Public Health & Basic Amenities
