work_id,_id,state,state_hi,district,district_hi,location,location_hi,category,category_hi,cost,completion_date,completion_year,beneficiaries,work_description,work_description_hi,mp_id,mp_name,mp_house,mp_constituency,status,standard_cost,work_date,workId,estimated_cost,status_hi,recommended_date,recommended_year,house,lsTerm,expected_beneficiaries,hasPayments,totalPaid,paymentCount,standard_category,sector
135772.0,6a932bb5cd94452437a18059,Andhra Pradesh,Andhra Pradesh,KADAPA,KADAPA,Y.S.R. Kadapa(DISTRICT COLLECTOR CUDDAPAH_IDA),Y.S.R. Kadapa(DISTRICT COLLECTOR CUDDAPAH_IDA),Normal/Others,Normal/Others,980399.0,2025-05-11T00:00:00.000Z,2025.0,0.0,"Completion of Incomplete community Hall in 4th ward in Vempalli (V &M), YSR District.","Completion of Incomplete community Hall in 4th ward in Vempalli (V &M), YSR District.",,Y S Avinash Reddy,,KADAPA,Completed,980399,2025-05-11T00:00:00.000Z,,,,,,,,,,,,Community Centers & Halls,Social Infrastructure
138858.0,6a932bb5cd94452437a1d532,Andhra Pradesh,Andhra Pradesh,AMALAPURAM,AMALAPURAM,Dr. B.R. Ambedkar Konaseema(DISTRICT COLLECTOR Dr B R AMBEDKAR KONASEEMA_IDA),Dr. B.R. Ambedkar Konaseema(DISTRICT COLLECTOR Dr B R AMBEDKAR KONASEEMA_IDA),Normal/Others,Normal/Others,3507771.0,2026-02-27T00:00:00.000Z,2026.0,0.0,Construction of OC Community hall at Machara,Construction of OC Community hall at Machara,,GM Harish Balayogi,,AMALAPURAM,Completed,3507771,2026-02-27T00:00:00.000Z,,,,,,,,,,,,Community Centers & Halls,Social Infrastructure
157521.0,6a932bb5cd94452437a193fe,Andhra Pradesh,Andhra Pradesh,ANANTAPUR,ANANTAPUR,Ananthapuramu(DISTRICT COLLECTOR ANANTAPUR_IDA),Ananthapuramu(DISTRICT COLLECTOR ANANTAPUR_IDA),Normal/Others,Normal/Others,481796.0,2025-07-28T00:00:00.000Z,2025.0,0.0,Construction of Community Hall at Appajipeta village of  Pamidi Mandal,Construction of Community Hall at Appajipeta village of  Pamidi Mandal,,AMBICA G LAKSHMINARAYANA VALMIKI,,ANANTAPUR,Completed,481796,2025-07-28T00:00:00.000Z,,,,,,,,,,,,Community Centers & Halls,Social Infrastructure
147047.0,6a932bb5cd94452437a1cf31,Andhra Pradesh,Andhra Pradesh,RAJAMPET,RAJAMPET,Annamayya(DISTRICT COLLECTOR ANNAMAYYA_IDA),Annamayya(DISTRICT COLLECTOR ANNAMAYYA_IDA),Normal/Others,Normal/Others,1499728.0,2026-02-12T00:00:00.000Z,2026.0,0.0,Construction of Community Hall in Ramasamudram (V&G.P),Construction of Community Hall in Ramasamudram (V&G.P),,Midhun Reddy,,RAJAMPET,Completed,1499728,2026-02-12T00:00:00.000Z,,,,,,,,,,,,Community Centers & Halls,Social Infrastructure
168686.0,6a932bb5cd94452437a19d45,Andhra Pradesh,Andhra Pradesh,SRIKAKULAM,SRIKAKULAM,SRIKAKULAM(District Collector Srikakulam_IDA),SRIKAKULAM(District Collector Srikakulam_IDA),Normal/Others,Normal/Others,499598.0,2026-04-22T00:00:00.000Z,2026.0,0.0,Construction of Community Hall at Lollaputtuga Village of B.G.Puttuga GP of Kacviti mandal,Construction of Community Hall at Lollaputtuga Village of B.G.Puttuga GP of Kacviti mandal,,Kinjarapu Ram Mohan Naidu,,SRIKAKULAM,Completed,499598,2026-04-22T00:00:00.000Z,,,,,,,,,,,,Community Centers & Halls,Social Infrastructure
168690.0,6a932bb5cd94452437a1b02a,Andhra Pradesh,Andhra Pradesh,SRIKAKULAM,SRIKAKULAM,SRIKAKULAM(District Collector Srikakulam_IDA),SRIKAKULAM(District Collector Srikakulam_IDA),Normal/Others,Normal/Others,471605.0,2025-10-25T00:00:00.000Z,2025.0,0.0,Construction of Community Hall at Gokarnapuram village and GP of Kanchili mandal,Construction of Community Hall at Gokarnapuram village and GP of Kanchili mandal,,Kinjarapu Ram Mohan Naidu,,SRIKAKULAM,Completed,471605,2025-10-25T00:00:00.000Z,,,,,,,,,,,,Community Centers & Halls,Social Infrastructure
168701.0,6a932bb5cd94452437a1c62b,Andhra Pradesh,Andhra Pradesh,SRIKAKULAM,SRIKAKULAM,SRIKAKULAM(District Collector Srikakulam_IDA),SRIKAKULAM(District Collector Srikakulam_IDA),Normal/Others,Normal/Others,490311.0,2026-04-13T00:00:00.000Z,2026.0,0.0,Construction of Community Hall at RH Colony of Loddaputti Village and GP of Ichapuram mandal,Construction of Community Hall at RH Colony of Loddaputti Village and GP of Ichapuram mandal,,Kinjarapu Ram Mohan Naidu,,SRIKAKULAM,Completed,490311,2026-04-13T00:00:00.000Z,,,,,,,,,,,,Community Centers & Halls,Social Infrastructure
157521.0,6a932bb5cd94452437a193fe,Andhra Pradesh,Andhra Pradesh,ANANTAPUR,ANANTAPUR,Ananthapuramu(DISTRICT COLLECTOR ANANTAPUR_IDA),Ananthapuramu(DISTRICT COLLECTOR ANANTAPUR_IDA),Normal/Others,Normal/Others,481796.0,2025-07-28T00:00:00.000Z,2025.0,0.0,Construction of Community Hall at Appajipeta village of  Pamidi Mandal,Construction of Community Hall at Appajipeta village of  Pamidi Mandal,,AMBICA G LAKSHMINARAYANA VALMIKI,,ANANTAPUR,Completed,481796,2025-07-28T00:00:00.000Z,,,,,,,,,,,,Community Centers & Halls,Social Infrastructure
168690.0,6a932bb5cd94452437a1b02a,Andhra Pradesh,Andhra Pradesh,SRIKAKULAM,SRIKAKULAM,SRIKAKULAM(District Collector Srikakulam_IDA),SRIKAKULAM(District Collector Srikakulam_IDA),Normal/Others,Normal/Others,471605.0,2025-10-25T00:00:00.000Z,2025.0,0.0,Construction of Community Hall at Gokarnapuram village and GP of Kanchili mandal,Construction of Community Hall at Gokarnapuram village and GP of Kanchili mandal,,Kinjarapu Ram Mohan Naidu,,SRIKAKULAM,Completed,471605,2025-10-25T00:00:00.000Z,,,,,,,,,,,,Community Centers & Halls,Social Infrastructure
168701.0,6a932bb5cd94452437a1c62b,Andhra Pradesh,Andhra Pradesh,SRIKAKULAM,SRIKAKULAM,SRIKAKULAM(District Collector Srikakulam_IDA),SRIKAKULAM(District Collector Srikakulam_IDA),Normal/Others,Normal/Others,490311.0,2026-04-13T00:00:00.000Z,2026.0,0.0,Construction of Community Hall at RH Colony of Loddaputti Village and GP of Ichapuram mandal,Construction of Community Hall at RH Colony of Loddaputti Village and GP of Ichapuram mandal,,Kinjarapu Ram Mohan Naidu,,SRIKAKULAM,Completed,490311,2026-04-13T00:00:00.000Z,,,,,,,,,,,,Community Centers & Halls,Social Infrastructure
157521.0,6a932bb5cd94452437a193fe,Andhra Pradesh,Andhra Pradesh,ANANTAPUR,ANANTAPUR,Ananthapuramu(DISTRICT COLLECTOR ANANTAPUR_IDA),Ananthapuramu(DISTRICT COLLECTOR ANANTAPUR_IDA),Normal/Others,Normal/Others,481796.0,2025-07-28T00:00:00.000Z,2025.0,0.0,Construction of Community Hall at Appajipeta village of  Pamidi Mandal,Construction of Community Hall at Appajipeta village of  Pamidi Mandal,,AMBICA G LAKSHMINARAYANA VALMIKI,,ANANTAPUR,Completed,481796,2025-07-28T00:00:00.000Z,,,,,,,,,,,,Community Centers & Halls,Social Infrastructure
172277.0,6a932bb5cd94452437a1d39a,Andhra Pradesh,Andhra Pradesh,ANANTAPUR,ANANTAPUR,Ananthapuramu(DISTRICT COLLECTOR ANANTAPUR_IDA),Ananthapuramu(DISTRICT COLLECTOR ANANTAPUR_IDA),Normal/Others,Normal/Others,475150.0,2026-02-21T00:00:00.000Z,2026.0,0.0,"Construction of Compound Wall to Community Hall at Mamuduru (V), Gooty (M)","Construction of Compound Wall to Community Hall at Mamuduru (V), Gooty (M)",,AMBICA G LAKSHMINARAYANA VALMIKI,,ANANTAPUR,Completed,475150,2026-02-21T00:00:00.000Z,,,,,,,,,,,,Community Centers & Halls,Social Infrastructure
172286.0,6a932bb5cd94452437a18568,Andhra Pradesh,Andhra Pradesh,ANANTAPUR,ANANTAPUR,Ananthapuramu(DISTRICT COLLECTOR ANANTAPUR_IDA),Ananthapuramu(DISTRICT COLLECTOR ANANTAPUR_IDA),Repair and Renovation,Repair and Renovation,500000.0,2025-06-10T00:00:00.000Z,2025.0,0.0,"Providing Roof slab to Community Hall at 39th Division, Anantapur","Providing Roof slab to Community Hall at 39th Division, Anantapur",,AMBICA G LAKSHMINARAYANA VALMIKI,,ANANTAPUR,Completed,500000,2025-06-10T00:00:00.000Z,,,,,,,,,,,,Community Centers & Halls,Social Infrastructure
163130.0,6a932bb5cd94452437a1d609,Andhra Pradesh,Andhra Pradesh,SRIKAKULAM,SRIKAKULAM,SRIKAKULAM(District Collector Srikakulam_IDA),SRIKAKULAM(District Collector Srikakulam_IDA),Normal/Others,Normal/Others,699159.0,2026-04-13T00:00:00.000Z,2026.0,0.0,"Construction of community hall at Chinabadam, Ward 7 of Palasa  Kasibugga Municipality","Construction of community hall at Chinabadam, Ward 7 of Palasa  Kasibugga Municipality",,Kinjarapu Ram Mohan Naidu,,SRIKAKULAM,Completed,699159,2026-04-13T00:00:00.000Z,,,,,,,,,,,,Community Centers & Halls,Social Infrastructure
148600.0,6a932bb5cd94452437a1805c,Andhra Pradesh,Andhra Pradesh,KADAPA,KADAPA,Y.S.R. Kadapa(DISTRICT COLLECTOR CUDDAPAH_IDA),Y.S.R. Kadapa(DISTRICT COLLECTOR CUDDAPAH_IDA),Normal/Others,Normal/Others,495402.0,2025-05-11T00:00:00.000Z,2025.0,0.0,Improvements to Community Hall (Beside Ramalayam) in Peddajuturu (V&GP) of Vemula Mandal,Improvements to Community Hall (Beside Ramalayam) in Peddajuturu (V&GP) of Vemula Mandal,,Y S Avinash Reddy,,KADAPA,Completed,495402,2025-05-11T00:00:00.000Z,,,,,,,,,,,,Community Centers & Halls,Social Infrastructure
148602.0,6a932bb5cd94452437a1805d,Andhra Pradesh,Andhra Pradesh,KADAPA,KADAPA,Y.S.R. Kadapa(DISTRICT COLLECTOR CUDDAPAH_IDA),Y.S.R. Kadapa(DISTRICT COLLECTOR CUDDAPAH_IDA),Normal/Others,Normal/Others,493712.0,2025-05-11T00:00:00.000Z,2025.0,0.0,Improvements to Community Hall (Near Subramanyam Setty House) in Peddajuturu (V&GP) of Vemula Mandal,Improvements to Community Hall (Near Subramanyam Setty House) in Peddajuturu (V&GP) of Vemula Mandal,,Y S Avinash Reddy,,KADAPA,Completed,493712,2025-05-11T00:00:00.000Z,,,,,,,,,,,,Community Centers & Halls,Social Infrastructure
135772.0,6a932bb5cd94452437a18059,Andhra Pradesh,Andhra Pradesh,KADAPA,KADAPA,Y.S.R. Kadapa(DISTRICT COLLECTOR CUDDAPAH_IDA),Y.S.R. Kadapa(DISTRICT COLLECTOR CUDDAPAH_IDA),Normal/Others,Normal/Others,980399.0,2025-05-11T00:00:00.000Z,2025.0,0.0,"Completion of Incomplete community Hall in 4th ward in Vempalli (V &M), YSR District.","Completion of Incomplete community Hall in 4th ward in Vempalli (V &M), YSR District.",,Y S Avinash Reddy,,KADAPA,Completed,980399,2025-05-11T00:00:00.000Z,,,,,,,,,,,,Community Centers & Halls,Social Infrastructure
138858.0,6a932bb5cd94452437a1d532,Andhra Pradesh,Andhra Pradesh,AMALAPURAM,AMALAPURAM,Dr. B.R. Ambedkar Konaseema(DISTRICT COLLECTOR Dr B R AMBEDKAR KONASEEMA_IDA),Dr. B.R. Ambedkar Konaseema(DISTRICT COLLECTOR Dr B R AMBEDKAR KONASEEMA_IDA),Normal/Others,Normal/Others,3507771.0,2026-02-27T00:00:00.000Z,2026.0,0.0,Construction of OC Community hall at Machara,Construction of OC Community hall at Machara,,GM Harish Balayogi,,AMALAPURAM,Completed,3507771,2026-02-27T00:00:00.000Z,,,,,,,,,,,,Community Centers & Halls,Social Infrastructure
138858.0,6a932bb5cd94452437a1d532,Andhra Pradesh,Andhra Pradesh,AMALAPURAM,AMALAPURAM,Dr. B.R. Ambedkar Konaseema(DISTRICT COLLECTOR Dr B R AMBEDKAR KONASEEMA_IDA),Dr. B.R. Ambedkar Konaseema(DISTRICT COLLECTOR Dr B R AMBEDKAR KONASEEMA_IDA),Normal/Others,Normal/Others,3507771.0,2026-02-27T00:00:00.000Z,2026.0,0.0,Construction of OC Community hall at Machara,Construction of OC Community hall at Machara,,GM Harish Balayogi,,AMALAPURAM,Completed,3507771,2026-02-27T00:00:00.000Z,,,,,,,,,,,,Community Centers & Halls,Social Infrastructure
163130.0,6a932bb5cd94452437a1d609,Andhra Pradesh,Andhra Pradesh,SRIKAKULAM,SRIKAKULAM,SRIKAKULAM(District Collector Srikakulam_IDA),SRIKAKULAM(District Collector Srikakulam_IDA),Normal/Others,Normal/Others,699159.0,2026-04-13T00:00:00.000Z,2026.0,0.0,"Construction of community hall at Chinabadam, Ward 7 of Palasa  Kasibugga Municipality","Construction of community hall at Chinabadam, Ward 7 of Palasa  Kasibugga Municipality",,Kinjarapu Ram Mohan Naidu,,SRIKAKULAM,Completed,699159,2026-04-13T00:00:00.000Z,,,,,,,,,,,,Community Centers & Halls,Social Infrastructure
148600.0,6a932bb5cd94452437a1805c,Andhra Pradesh,Andhra Pradesh,KADAPA,KADAPA,Y.S.R. Kadapa(DISTRICT COLLECTOR CUDDAPAH_IDA),Y.S.R. Kadapa(DISTRICT COLLECTOR CUDDAPAH_IDA),Normal/Others,Normal/Others,495402.0,2025-05-11T00:00:00.000Z,2025.0,0.0,Improvements to Community Hall (Beside Ramalayam) in Peddajuturu (V&GP) of Vemula Mandal,Improvements to Community Hall (Beside Ramalayam) in Peddajuturu (V&GP) of Vemula Mandal,,Y S Avinash Reddy,,KADAPA,Completed,495402,2025-05-11T00:00:00.000Z,,,,,,,,,,,,Community Centers & Halls,Social Infrastructure
194244.0,6a932bb5cd94452437a1c480,Andhra Pradesh,Andhra Pradesh,ARAKU,ARAKU,Alluri Sitharama Raju(DISTRICT COLLECTOR ALLURI SITHARAMARAJU_IDA),Alluri Sitharama Raju(DISTRICT COLLECTOR ALLURI SITHARAMARAJU_IDA),Normal/Others,Normal/Others,482583.0,2026-01-06T00:00:00.000Z,2026.0,0.0,"Construction of Community Shed at Primary Health Centre, Minumuluru, Paderu Mandal","Construction of Community Shed at Primary Health Centre, Minumuluru, Paderu Mandal",,Gumma Thanuja Rani,,ARAKU,Completed,482583,2026-01-06T00:00:00.000Z,,,,,,,,,,,,Community Centers & Halls,Social Infrastructure
148602.0,6a932bb5cd94452437a1805d,Andhra Pradesh,Andhra Pradesh,KADAPA,KADAPA,Y.S.R. Kadapa(DISTRICT COLLECTOR CUDDAPAH_IDA),Y.S.R. Kadapa(DISTRICT COLLECTOR CUDDAPAH_IDA),Normal/Others,Normal/Others,493712.0,2025-05-11T00:00:00.000Z,2025.0,0.0,Improvements to Community Hall (Near Subramanyam Setty House) in Peddajuturu (V&GP) of Vemula Mandal,Improvements to Community Hall (Near Subramanyam Setty House) in Peddajuturu (V&GP) of Vemula Mandal,,Y S Avinash Reddy,,KADAPA,Completed,493712,2025-05-11T00:00:00.000Z,,,,,,,,,,,,Community Centers & Halls,Social Infrastructure
135772.0,6a932bb5cd94452437a18059,Andhra Pradesh,Andhra Pradesh,KADAPA,KADAPA,Y.S.R. Kadapa(DISTRICT COLLECTOR CUDDAPAH_IDA),Y.S.R. Kadapa(DISTRICT COLLECTOR CUDDAPAH_IDA),Normal/Others,Normal/Others,980399.0,2025-05-11T00:00:00.000Z,2025.0,0.0,"Completion of Incomplete community Hall in 4th ward in Vempalli (V &M), YSR District.","Completion of Incomplete community Hall in 4th ward in Vempalli (V &M), YSR District.",,Y S Avinash Reddy,,KADAPA,Completed,980399,2025-05-11T00:00:00.000Z,,,,,,,,,,,,Community Centers & Halls,Social Infrastructure
172277.0,6a932bb5cd94452437a1d39a,Andhra Pradesh,Andhra Pradesh,ANANTAPUR,ANANTAPUR,Ananthapuramu(DISTRICT COLLECTOR ANANTAPUR_IDA),Ananthapuramu(DISTRICT COLLECTOR ANANTAPUR_IDA),Normal/Others,Normal/Others,475150.0,2026-02-21T00:00:00.000Z,2026.0,0.0,"Construction of Compound Wall to Community Hall at Mamuduru (V), Gooty (M)","Construction of Compound Wall to Community Hall at Mamuduru (V), Gooty (M)",,AMBICA G LAKSHMINARAYANA VALMIKI,,ANANTAPUR,Completed,475150,2026-02-21T00:00:00.000Z,,,,,,,,,,,,Community Centers & Halls,Social Infrastructure
172286.0,6a932bb5cd94452437a18568,Andhra Pradesh,Andhra Pradesh,ANANTAPUR,ANANTAPUR,Ananthapuramu(DISTRICT COLLECTOR ANANTAPUR_IDA),Ananthapuramu(DISTRICT COLLECTOR ANANTAPUR_IDA),Repair and Renovation,Repair and Renovation,500000.0,2025-06-10T00:00:00.000Z,2025.0,0.0,"Providing Roof slab to Community Hall at 39th Division, Anantapur","Providing Roof slab to Community Hall at 39th Division, Anantapur",,AMBICA G LAKSHMINARAYANA VALMIKI,,ANANTAPUR,Completed,500000,2025-06-10T00:00:00.000Z,,,,,,,,,,,,Community Centers & Halls,Social Infrastructure
147047.0,6a932bb5cd94452437a1cf31,Andhra Pradesh,Andhra Pradesh,RAJAMPET,RAJAMPET,Annamayya(DISTRICT COLLECTOR ANNAMAYYA_IDA),Annamayya(DISTRICT COLLECTOR ANNAMAYYA_IDA),Normal/Others,Normal/Others,1499728.0,2026-02-12T00:00:00.000Z,2026.0,0.0,Construction of Community Hall in Ramasamudram (V&G.P),Construction of Community Hall in Ramasamudram (V&G.P),,Midhun Reddy,,RAJAMPET,Completed,1499728,2026-02-12T00:00:00.000Z,,,,,,,,,,,,Community Centers & Halls,Social Infrastructure
148600.0,6a932bb5cd94452437a1805c,Andhra Pradesh,Andhra Pradesh,KADAPA,KADAPA,Y.S.R. Kadapa(DISTRICT COLLECTOR CUDDAPAH_IDA),Y.S.R. Kadapa(DISTRICT COLLECTOR CUDDAPAH_IDA),Normal/Others,Normal/Others,495402.0,2025-05-11T00:00:00.000Z,2025.0,0.0,Improvements to Community Hall (Beside Ramalayam) in Peddajuturu (V&GP) of Vemula Mandal,Improvements to Community Hall (Beside Ramalayam) in Peddajuturu (V&GP) of Vemula Mandal,,Y S Avinash Reddy,,KADAPA,Completed,495402,2025-05-11T00:00:00.000Z,,,,,,,,,,,,Community Centers & Halls,Social Infrastructure
148602.0,6a932bb5cd94452437a1805d,Andhra Pradesh,Andhra Pradesh,KADAPA,KADAPA,Y.S.R. Kadapa(DISTRICT COLLECTOR CUDDAPAH_IDA),Y.S.R. Kadapa(DISTRICT COLLECTOR CUDDAPAH_IDA),Normal/Others,Normal/Others,493712.0,2025-05-11T00:00:00.000Z,2025.0,0.0,Improvements to Community Hall (Near Subramanyam Setty House) in Peddajuturu (V&GP) of Vemula Mandal,Improvements to Community Hall (Near Subramanyam Setty House) in Peddajuturu (V&GP) of Vemula Mandal,,Y S Avinash Reddy,,KADAPA,Completed,493712,2025-05-11T00:00:00.000Z,,,,,,,,,,,,Community Centers & Halls,Social Infrastructure
135772.0,6a932bb5cd94452437a18059,Andhra Pradesh,Andhra Pradesh,KADAPA,KADAPA,Y.S.R. Kadapa(DISTRICT COLLECTOR CUDDAPAH_IDA),Y.S.R. Kadapa(DISTRICT COLLECTOR CUDDAPAH_IDA),Normal/Others,Normal/Others,980399.0,2025-05-11T00:00:00.000Z,2025.0,0.0,"Completion of Incomplete community Hall in 4th ward in Vempalli (V &M), YSR District.","Completion of Incomplete community Hall in 4th ward in Vempalli (V &M), YSR District.",,Y S Avinash Reddy,,KADAPA,Completed,980399,2025-05-11T00:00:00.000Z,,,,,,,,,,,,Community Centers & Halls,Social Infrastructure
138858.0,6a932bb5cd94452437a1d532,Andhra Pradesh,Andhra Pradesh,AMALAPURAM,AMALAPURAM,Dr. B.R. Ambedkar Konaseema(DISTRICT COLLECTOR Dr B R AMBEDKAR KONASEEMA_IDA),Dr. B.R. Ambedkar Konaseema(DISTRICT COLLECTOR Dr B R AMBEDKAR KONASEEMA_IDA),Normal/Others,Normal/Others,3507771.0,2026-02-27T00:00:00.000Z,2026.0,0.0,Construction of OC Community hall at Machara,Construction of OC Community hall at Machara,,GM Harish Balayogi,,AMALAPURAM,Completed,3507771,2026-02-27T00:00:00.000Z,,,,,,,,,,,,Community Centers & Halls,Social Infrastructure
163130.0,6a932bb5cd94452437a1d609,Andhra Pradesh,Andhra Pradesh,SRIKAKULAM,SRIKAKULAM,SRIKAKULAM(District Collector Srikakulam_IDA),SRIKAKULAM(District Collector Srikakulam_IDA),Normal/Others,Normal/Others,699159.0,2026-04-13T00:00:00.000Z,2026.0,0.0,"Construction of community hall at Chinabadam, Ward 7 of Palasa  Kasibugga Municipality","Construction of community hall at Chinabadam, Ward 7 of Palasa  Kasibugga Municipality",,Kinjarapu Ram Mohan Naidu,,SRIKAKULAM,Completed,699159,2026-04-13T00:00:00.000Z,,,,,,,,,,,,Community Centers & Halls,Social Infrastructure
225997.0,6a932bb5cd94452437a1aca4,Arunachal Pradesh,Arunachal Pradesh,ARUNACHAL WEST,ARUNACHAL WEST,UPPER SUBANSIRI(Deputy Commisioner Upper Subansiri_IDA),UPPER SUBANSIRI(Deputy Commisioner Upper Subansiri_IDA),Normal/Others,Normal/Others,500000.0,2025-10-13T00:00:00.000Z,2025.0,0.0,Construction of Community Toilet Agi Nirin Village,Construction of Community Toilet Agi Nirin Village,,Kiren Rijiju,,ARUNACHAL WEST,Completed,500000,2025-10-13T00:00:00.000Z,,,,,,,,,,,,Community Centers & Halls,Social Infrastructure
226014.0,6a932bb5cd94452437a1b464,Arunachal Pradesh,Arunachal Pradesh,ARUNACHAL EAST,ARUNACHAL EAST,LOHIT(DEPUTY COMMISSIONER LOHIT_IDA),LOHIT(DEPUTY COMMISSIONER LOHIT_IDA),Normal/Others,Normal/Others,1499867.0,2025-11-19T00:00:00.000Z,2025.0,0.0,Construction of Cultural Hall at Dree Ground at Tezu in Lohit District,Construction of Cultural Hall at Dree Ground at Tezu in Lohit District,,Shri Tapir Gao,,ARUNACHAL EAST,Completed,1499867,2025-11-19T00:00:00.000Z,,,,,,,,,,,,Community Centers & Halls,Social Infrastructure
226062.0,6a932bb5cd94452437a1c2b1,Arunachal Pradesh,Arunachal Pradesh,ARUNACHAL WEST,ARUNACHAL WEST,"WEST SIANG(DEPUTY COMMISSIONER, WEST SIANG (IDA))","WEST SIANG(DEPUTY COMMISSIONER, WEST SIANG (IDA))",Normal/Others,Normal/Others,500000.0,2026-02-02T00:00:00.000Z,2026.0,0.0,Construction of community Toilet at Yomcha village,Construction of community Toilet at Yomcha village,,Kiren Rijiju,,ARUNACHAL WEST,Completed,500000,2026-02-02T00:00:00.000Z,,,,,,,,,,,,Community Centers & Halls,Social Infrastructure
257274.0,6a932bb5cd94452437a1e2c6,Andhra Pradesh,Andhra Pradesh,KADAPA,KADAPA,Y.S.R. Kadapa(DISTRICT COLLECTOR CUDDAPAH_IDA),Y.S.R. Kadapa(DISTRICT COLLECTOR CUDDAPAH_IDA),Normal/Others,Normal/Others,199285.0,2026-05-05T00:00:00.000Z,2026.0,0.0,"Construction of slab for community hall, at Aklisha penthu kost sangam, Prakash Nagar, D No  43 42 in 14th Division of Kadapa MC","Construction of slab for community hall, at Aklisha penthu kost sangam, Prakash Nagar, D No  43 42 in 14th Division of Kadapa MC",,Y S Avinash Reddy,,KADAPA,Completed,199285,2026-05-05T00:00:00.000Z,,,,,,,,,,,,Community Centers & Halls,Social Infrastructure
182165.0,6a932bb5cd94452437a1be61,Andhra Pradesh,Andhra Pradesh,KAKINADA,KAKINADA,Kakinada(DISTRICT COLLECTOR KAKINADA_IDA),Kakinada(DISTRICT COLLECTOR KAKINADA_IDA),Normal/Others,Normal/Others,820164.0,2025-12-16T00:00:00.000Z,2025.0,0.0,Construction of Community Hall at 14th ward,Construction of Community Hall at 14th ward,,TANGELLA UDAY SRINIVAS,,KAKINADA,Completed,820164,2025-12-16T00:00:00.000Z,,,,,,,,,,,,Community Centers & Halls,Social Infrastructure
147047.0,6a932bb5cd94452437a1cf31,Andhra Pradesh,Andhra Pradesh,RAJAMPET,RAJAMPET,Annamayya(DISTRICT COLLECTOR ANNAMAYYA_IDA),Annamayya(DISTRICT COLLECTOR ANNAMAYYA_IDA),Normal/Others,Normal/Others,1499728.0,2026-02-12T00:00:00.000Z,2026.0,0.0,Construction of Community Hall in Ramasamudram (V&G.P),Construction of Community Hall in Ramasamudram (V&G.P),,Midhun Reddy,,RAJAMPET,Completed,1499728,2026-02-12T00:00:00.000Z,,,,,,,,,,,,Community Centers & Halls,Social Infrastructure
138687.0,6a932bb5cd94452437a175bb,Arunachal Pradesh,Arunachal Pradesh,ARUNACHAL EAST,ARUNACHAL EAST,"UPPER SIANG(DISTRICT PLANNING OFFICER,YINGKIONG)","UPPER SIANG(DISTRICT PLANNING OFFICER,YINGKIONG)",Normal/Others,Normal/Others,2000000.0,2025-03-17T00:00:00.000Z,2025.0,0.0,Development of land near Bitin Patuk Community Hall at Lower Dalbing in Upper Siang District,Development of land near Bitin Patuk Community Hall at Lower Dalbing in Upper Siang District,,Shri Tapir Gao,,ARUNACHAL EAST,Completed,2000000,2025-03-17T00:00:00.000Z,,,,,,,,,,,,Community Centers & Halls,Social Infrastructure
147014.0,6a932bb5cd94452437a171a0,Assam,Assam,GUWAHATI,GUWAHATI,GOALPARA(Deputy Commissioner Goalpara_IDA),GOALPARA(Deputy Commissioner Goalpara_IDA),Normal/Others,Normal/Others,350000.0,2026-04-27T00:00:00.000Z,2026.0,0.0,"Construction of community hall at Tharka Bazar near kalimandir , Joyramkhusi","Construction of community hall at Tharka Bazar near kalimandir , Joyramkhusi",,BIJULI KALITA MEDHI,,GUWAHATI,Completed,350000,2026-04-27T00:00:00.000Z,,,,,,,,,,,,Community Centers & Halls,Social Infrastructure
147021.0,6a932bb5cd94452437a16ea7,Assam,Assam,GUWAHATI,GUWAHATI,GOALPARA(Deputy Commissioner Goalpara_IDA),GOALPARA(Deputy Commissioner Goalpara_IDA),Normal/Others,Normal/Others,500000.0,2026-04-27T00:00:00.000Z,2026.0,0.0,"Construction of open community hall at Sri Sri Niranjan Mahaprubhu Pith , Bakaitari.","Construction of open community hall at Sri Sri Niranjan Mahaprubhu Pith , Bakaitari.",,BIJULI KALITA MEDHI,,GUWAHATI,Completed,500000,2026-04-27T00:00:00.000Z,,,,,,,,,,,,Community Centers & Halls,Social Infrastructure
148301.0,6a932bb5cd94452437a19503,Assam,Assam,JORHAT,JORHAT,CHARAIDEO(Deputy Commissioner Charaideo_IDA),CHARAIDEO(Deputy Commissioner Charaideo_IDA),Normal/Others,Normal/Others,199863.0,2026-01-21T00:00:00.000Z,2026.0,0.0,"Construction of Community Centre Garkush Habi Gaon near Hari Mandir, Nagahat, Garkush Habi Gaon, Sonali GP","Construction of Community Centre Garkush Habi Gaon near Hari Mandir, Nagahat, Garkush Habi Gaon, Sonali GP",,GAURAV GOGOI,,JORHAT,Completed,199863,2026-01-21T00:00:00.000Z,,,,,,,,,,,,Community Centers & Halls,Social Infrastructure
153297.0,6a932bb5cd94452437a16c84,Assam,Assam,Diphu,Diphu,KARBI ANGLONG(DEPUTY COMMISSIONER KARBI ANGLONG_IDA),KARBI ANGLONG(DEPUTY COMMISSIONER KARBI ANGLONG_IDA),Normal/Others,Normal/Others,496993.0,2025-08-27T00:00:00.000Z,2025.0,0.0,"Construction of Waiting Shed near DIG Office Complex, Diphu","Construction of Waiting Shed near DIG Office Complex, Diphu",,AMARSING TISSO,,Diphu,Completed,496993,2025-08-27T00:00:00.000Z,,,,,,,,,,,,Community Centers & Halls,Social Infrastructure
154278.0,6a932bb5cd94452437a17839,Assam,Assam,Diphu,Diphu,KARBI ANGLONG(DEPUTY COMMISSIONER KARBI ANGLONG_IDA),KARBI ANGLONG(DEPUTY COMMISSIONER KARBI ANGLONG_IDA),Normal/Others,Normal/Others,1499178.0,2025-12-11T00:00:00.000Z,2025.0,0.0,Construction of community fishery at Bithiphang No. 2 Dili Terang Gaon,Construction of community fishery at Bithiphang No. 2 Dili Terang Gaon,,AMARSING TISSO,,Diphu,Completed,1499178,2025-12-11T00:00:00.000Z,,,,,,,,,,,,Community Centers & Halls,Social Infrastructure
161011.0,6a932bb5cd94452437a1a2ed,Assam,Assam,JORHAT,JORHAT,"MAJULI(District Commissioner, Majuli)","MAJULI(District Commissioner, Majuli)",Normal/Others,Normal/Others,151895.0,2026-08-26T00:00:00.000Z,2026.0,0.0,"Construction of Waiting Shed at Garamur Pitambar Dev Civil Hospital, Garamur Satra, Garamur GP","Construction of Waiting Shed at Garamur Pitambar Dev Civil Hospital, Garamur Satra, Garamur GP",,GAURAV GOGOI,,JORHAT,Completed,151895,2026-08-26T00:00:00.000Z,,,,,,,,,,,,Community Centers & Halls,Social Infrastructure
161043.0,6a932bb5cd94452437a1a5a0,Assam,Assam,JORHAT,JORHAT,"MAJULI(District Commissioner, Majuli)","MAJULI(District Commissioner, Majuli)",Normal/Others,Normal/Others,148632.0,2026-08-18T00:00:00.000Z,2026.0,0.0,"Construction of Waiting Shed at Chapori Gaon, Chapori Gaon, Panikhati, Luitporia GP","Construction of Waiting Shed at Chapori Gaon, Chapori Gaon, Panikhati, Luitporia GP",,GAURAV GOGOI,,JORHAT,Completed,148632,2026-08-18T00:00:00.000Z,,,,,,,,,,,,Community Centers & Halls,Social Infrastructure
162641.0,6a932bb5cd94452437a18abb,Assam,Assam,LAKHIMPUR,LAKHIMPUR,DHEMAJI(DEPUTY COMMISSIONER DHEMAJI_IDA),DHEMAJI(DEPUTY COMMISSIONER DHEMAJI_IDA),Normal/Others,Normal/Others,499787.0,2025-08-30T00:00:00.000Z,2025.0,0.0,"Const. of Community hall near Deogharbari Aai Than, Nagaon, Bordoloni, for the year 2024-25","Const. of Community hall near Deogharbari Aai Than, Nagaon, Bordoloni, for the year 2024-25",,Pradan Baruah,,LAKHIMPUR,Completed,499787,2025-08-30T00:00:00.000Z,,,,,,,,,,,,Community Centers & Halls,Social Infrastructure
163853.0,6a932bb5cd94452437a18968,Assam,Assam,JORHAT,JORHAT,JORHAT(DEPUTY COMMISSIONER JORHAT_IDA),JORHAT(DEPUTY COMMISSIONER JORHAT_IDA),Normal/Others,Normal/Others,250000.0,2025-08-12T00:00:00.000Z,2025.0,0.0,"Construction of Pithakhuwa Gaon Youth Sangha Club Community Hall, Pithakhuwa,Selengat, Deogharia, 13. No Seleng GP","Construction of Pithakhuwa Gaon Youth Sangha Club Community Hall, Pithakhuwa,Selengat, Deogharia, 13. No Seleng GP",,GAURAV GOGOI,,JORHAT,Completed,250000,2025-08-12T00:00:00.000Z,,,,,,,,,,,,Community Centers & Halls,Social Infrastructure
163857.0,6a932bb5cd94452437a19717,Assam,Assam,JORHAT,JORHAT,JORHAT(DEPUTY COMMISSIONER JORHAT_IDA),JORHAT(DEPUTY COMMISSIONER JORHAT_IDA),Normal/Others,Normal/Others,250000.0,2025-10-06T00:00:00.000Z,2025.0,0.0,"Development of Puthinadi Ranga Mancha Community Hall, Puthinadi,Chungi Lahing, Nakachar, 17 No Pub Nakachari GP","Development of Puthinadi Ranga Mancha Community Hall, Puthinadi,Chungi Lahing, Nakachar, 17 No Pub Nakachari GP",,GAURAV GOGOI,,JORHAT,Completed,250000,2025-10-06T00:00:00.000Z,,,,,,,,,,,,Community Centers & Halls,Social Infrastructure
164861.0,6a932bb5cd94452437a1c971,Assam,Assam,Sonitpur,Sonitpur,"SONITPUR(Deputy Commissioner Sonitpur, Tezpur)","SONITPUR(Deputy Commissioner Sonitpur, Tezpur)",Repair and Renovation,Repair and Renovation,490768.0,2026-01-21T00:00:00.000Z,2026.0,0.0,"Repairing of Community Hall at Saikia Chuburi Namghar Campus, Majgaon, Tezpur","Repairing of Community Hall at Saikia Chuburi Namghar Campus, Majgaon, Tezpur",,RANJIT DUTTA,,Sonitpur,Completed,490768,2026-01-21T00:00:00.000Z,,,,,,,,,,,,Community Centers & Halls,Social Infrastructure
170397.0,6a932bb5cd94452437a1afee,Assam,Assam,Sonitpur,Sonitpur,"SONITPUR(Deputy Commissioner Sonitpur, Tezpur)","SONITPUR(Deputy Commissioner Sonitpur, Tezpur)",Normal/Others,Normal/Others,499959.0,2025-10-24T00:00:00.000Z,2025.0,0.0,"Construction of Community Hall at Kundarabari, Near Kundarabari Ranga Mancha","Construction of Community Hall at Kundarabari, Near Kundarabari Ranga Mancha",,RANJIT DUTTA,,Sonitpur,Completed,499959,2025-10-24T00:00:00.000Z,,,,,,,,,,,,Community Centers & Halls,Social Infrastructure
171032.0,6a932bb5cd94452437a1b424,Assam,Assam,DIBRUGARH,DIBRUGARH,TINSUKIA(DC Tinsukia),TINSUKIA(DC Tinsukia),Normal/Others,Normal/Others,940219.0,2026-05-08T00:00:00.000Z,2026.0,0.0,"Construction of Community Hall at Gellapukhuri Tea Estate 14 no. Line, Gellapukhuri Gaon","Construction of Community Hall at Gellapukhuri Tea Estate 14 no. Line, Gellapukhuri Gaon",,Shri Sarbananda Sonowal (18LS),,DIBRUGARH,Completed,940219,2026-05-08T00:00:00.000Z,,,,,,,,,,,,Community Centers & Halls,Social Infrastructure
173480.0,6a932bb5cd94452437a19322,Assam,Assam,Diphu,Diphu,KARBI ANGLONG(DEPUTY COMMISSIONER KARBI ANGLONG_IDA),KARBI ANGLONG(DEPUTY COMMISSIONER KARBI ANGLONG_IDA),Normal/Others,Normal/Others,1498825.0,2025-07-25T00:00:00.000Z,2025.0,0.0,"Construction of Open Stage at Phonglangso, Diphu","Construction of Open Stage at Phonglangso, Diphu",,AMARSING TISSO,,Diphu,Completed,1498825,2025-07-25T00:00:00.000Z,,,,,,,,,,,,Community Centers & Halls,Social Infrastructure
176687.0,6a932bb5cd94452437a19c7a,Assam,Assam,Sonitpur,Sonitpur,"SONITPUR(Deputy Commissioner Sonitpur, Tezpur)","SONITPUR(Deputy Commissioner Sonitpur, Tezpur)",Normal/Others,Normal/Others,1866320.0,2025-08-28T00:00:00.000Z,2025.0,0.0,"LED display system at D.C.  Conference Hall-II, Sonitpur, Tezpur","LED display system at D.C.  Conference Hall-II, Sonitpur, Tezpur",,RANJIT DUTTA,,Sonitpur,Completed,1866320,2025-08-28T00:00:00.000Z,,,,,,,,,,,,Community Centers & Halls,Social Infrastructure
138858.0,6a932bb5cd94452437a1d532,Andhra Pradesh,Andhra Pradesh,AMALAPURAM,AMALAPURAM,Dr. B.R. Ambedkar Konaseema(DISTRICT COLLECTOR Dr B R AMBEDKAR KONASEEMA_IDA),Dr. B.R. Ambedkar Konaseema(DISTRICT COLLECTOR Dr B R AMBEDKAR KONASEEMA_IDA),Normal/Others,Normal/Others,3507771.0,2026-02-27T00:00:00.000Z,2026.0,0.0,Construction of OC Community hall at Machara,Construction of OC Community hall at Machara,,GM Harish Balayogi,,AMALAPURAM,Completed,3507771,2026-02-27T00:00:00.000Z,,,,,,,,,,,,Community Centers & Halls,Social Infrastructure
182036.0,6a932bb5cd94452437a1885b,Assam,Assam,Sonitpur,Sonitpur,Biswanath(Deputy Commissioner Biswanath_IDA),Biswanath(Deputy Commissioner Biswanath_IDA),Normal/Others,Normal/Others,500000.0,2026-03-30T00:00:00.000Z,2026.0,0.0,Construction of Community Hall at Rangchali Sadhubasti Center,Construction of Community Hall at Rangchali Sadhubasti Center,,RANJIT DUTTA,,Sonitpur,Completed,500000,2026-03-30T00:00:00.000Z,,,,,,,,,,,,Community Centers & Halls,Social Infrastructure
184245.0,6a932bb5cd94452437a1c641,Assam,Assam,JORHAT,JORHAT,JORHAT(DEPUTY COMMISSIONER JORHAT_IDA),JORHAT(DEPUTY COMMISSIONER JORHAT_IDA),Normal/Others,Normal/Others,150000.0,2026-02-11T00:00:00.000Z,2026.0,0.0,"Construction of Community Centre near at Kali Mandir, Dehingia Para TE, Kathalguri GP","Construction of Community Centre near at Kali Mandir, Dehingia Para TE, Kathalguri GP",,GAURAV GOGOI,,JORHAT,Completed,150000,2026-02-11T00:00:00.000Z,,,,,,,,,,,,Community Centers & Halls,Social Infrastructure
196924.0,6a932bb5cd94452437a19f3f,Assam,Assam,LAKHIMPUR,LAKHIMPUR,DHEMAJI(DEPUTY COMMISSIONER DHEMAJI_IDA),DHEMAJI(DEPUTY COMMISSIONER DHEMAJI_IDA),Normal/Others,Normal/Others,300000.0,2025-09-03T00:00:00.000Z,2025.0,0.0,"Const. of community hall near Shri Shri Kath Bapu Satra, Sissiborgaon LAC under MPLADS, FY 2025-26","Const. of community hall near Shri Shri Kath Bapu Satra, Sissiborgaon LAC under MPLADS, FY 2025-26",,Pradan Baruah,,LAKHIMPUR,Completed,300000,2025-09-03T00:00:00.000Z,,,,,,,,,,,,Community Centers & Halls,Social Infrastructure
196926.0,6a932bb5cd94452437a19779,Assam,Assam,LAKHIMPUR,LAKHIMPUR,DHEMAJI(DEPUTY COMMISSIONER DHEMAJI_IDA),DHEMAJI(DEPUTY COMMISSIONER DHEMAJI_IDA),Normal/Others,Normal/Others,300000.0,2025-08-11T00:00:00.000Z,2025.0,0.0,"Const. of community hall near Dhunaguri Kalita Gaon Harimandir, Amguri GP under MPLADS, FY 2025-26","Const. of community hall near Dhunaguri Kalita Gaon Harimandir, Amguri GP under MPLADS, FY 2025-26",,Pradan Baruah,,LAKHIMPUR,Completed,300000,2025-08-11T00:00:00.000Z,,,,,,,,,,,,Community Centers & Halls,Social Infrastructure
196928.0,6a932bb5cd94452437a19d55,Assam,Assam,LAKHIMPUR,LAKHIMPUR,DHEMAJI(DEPUTY COMMISSIONER DHEMAJI_IDA),DHEMAJI(DEPUTY COMMISSIONER DHEMAJI_IDA),Normal/Others,Normal/Others,300000.0,2025-08-29T00:00:00.000Z,2025.0,0.0,"Const. of community hall near Namoni Chowkhamting Namghar, Sissiborgaon LAC under MPLADS, for the year 2025-26","Const. of community hall near Namoni Chowkhamting Namghar, Sissiborgaon LAC under MPLADS, for the year 2025-26",,Pradan Baruah,,LAKHIMPUR,Completed,300000,2025-08-29T00:00:00.000Z,,,,,,,,,,,,Community Centers & Halls,Social Infrastructure
226078.0,6a932bb5cd94452437a1d14f,Arunachal Pradesh,Arunachal Pradesh,ARUNACHAL WEST,ARUNACHAL WEST,SIANG(Deputy Commisioner Siang_IDA),SIANG(Deputy Commisioner Siang_IDA),Normal/Others,Normal/Others,500000.0,2026-03-28T00:00:00.000Z,2026.0,0.0,Construction of Community Toilet at Village Jomo,Construction of Community Toilet at Village Jomo,,Kiren Rijiju,,ARUNACHAL WEST,Completed,500000,2026-03-28T00:00:00.000Z,,,,,,,,,,,,Community Centers & Halls,Social Infrastructure
148602.0,6a932bb5cd94452437a1805d,Andhra Pradesh,Andhra Pradesh,KADAPA,KADAPA,Y.S.R. Kadapa(DISTRICT COLLECTOR CUDDAPAH_IDA),Y.S.R. Kadapa(DISTRICT COLLECTOR CUDDAPAH_IDA),Normal/Others,Normal/Others,493712.0,2025-05-11T00:00:00.000Z,2025.0,0.0,Improvements to Community Hall (Near Subramanyam Setty House) in Peddajuturu (V&GP) of Vemula Mandal,Improvements to Community Hall (Near Subramanyam Setty House) in Peddajuturu (V&GP) of Vemula Mandal,,Y S Avinash Reddy,,KADAPA,Completed,493712,2025-05-11T00:00:00.000Z,,,,,,,,,,,,Community Centers & Halls,Social Infrastructure
260029.0,6a932bb5cd94452437a1dba4,Arunachal Pradesh,Arunachal Pradesh,ARUNACHAL WEST,ARUNACHAL WEST,WEST KAMENG(Deputy Commisioner West Kameng_IDA),WEST KAMENG(Deputy Commisioner West Kameng_IDA),Normal/Others,Normal/Others,500000.0,2026-03-23T00:00:00.000Z,2026.0,0.0,Construction of of Waiting Shed at Chingdang Phungking at Najang Village,Construction of of Waiting Shed at Chingdang Phungking at Najang Village,,Kiren Rijiju,,ARUNACHAL WEST,Completed,500000,2026-03-23T00:00:00.000Z,,,,,,,,,,,,Community Centers & Halls,Social Infrastructure
135772.0,6a932bb5cd94452437a18059,Andhra Pradesh,Andhra Pradesh,KADAPA,KADAPA,Y.S.R. Kadapa(DISTRICT COLLECTOR CUDDAPAH_IDA),Y.S.R. Kadapa(DISTRICT COLLECTOR CUDDAPAH_IDA),Normal/Others,Normal/Others,980399.0,2025-05-11T00:00:00.000Z,2025.0,0.0,"Completion of Incomplete community Hall in 4th ward in Vempalli (V &M), YSR District.","Completion of Incomplete community Hall in 4th ward in Vempalli (V &M), YSR District.",,Y S Avinash Reddy,,KADAPA,Completed,980399,2025-05-11T00:00:00.000Z,,,,,,,,,,,,Community Centers & Halls,Social Infrastructure
137588.0,6a932bb5cd94452437a18793,Assam,Assam,Diphu,Diphu,KARBI ANGLONG(DEPUTY COMMISSIONER KARBI ANGLONG_IDA),KARBI ANGLONG(DEPUTY COMMISSIONER KARBI ANGLONG_IDA),Normal/Others,Normal/Others,1499859.0,2025-12-10T00:00:00.000Z,2025.0,0.0,Construction of Community Hall at Jawlian under Singhason MAC Constituency,Construction of Community Hall at Jawlian under Singhason MAC Constituency,,AMARSING TISSO,,Diphu,Completed,1499859,2025-12-10T00:00:00.000Z,,,,,,,,,,,,Community Centers & Halls,Social Infrastructure
137591.0,6a932bb5cd94452437a17399,Assam,Assam,Diphu,Diphu,KARBI ANGLONG(DEPUTY COMMISSIONER KARBI ANGLONG_IDA),KARBI ANGLONG(DEPUTY COMMISSIONER KARBI ANGLONG_IDA),Normal/Others,Normal/Others,999363.0,2025-12-10T00:00:00.000Z,2025.0,0.0,Construction of waiting shed at Minbung under Singhason MAC Constituency,Construction of waiting shed at Minbung under Singhason MAC Constituency,,AMARSING TISSO,,Diphu,Completed,999363,2025-12-10T00:00:00.000Z,,,,,,,,,,,,Community Centers & Halls,Social Infrastructure
137594.0,6a932bb5cd94452437a1698a,Assam,Assam,Diphu,Diphu,KARBI ANGLONG(DEPUTY COMMISSIONER KARBI ANGLONG_IDA),KARBI ANGLONG(DEPUTY COMMISSIONER KARBI ANGLONG_IDA),Normal/Others,Normal/Others,499329.0,2025-12-10T00:00:00.000Z,2025.0,0.0,"Construction of community fishery at Rongkimi, Diphu","Construction of community fishery at Rongkimi, Diphu",,AMARSING TISSO,,Diphu,Completed,499329,2025-12-10T00:00:00.000Z,,,,,,,,,,,,Community Centers & Halls,Social Infrastructure
137596.0,6a932bb5cd94452437a16b56,Assam,Assam,Diphu,Diphu,KARBI ANGLONG(DEPUTY COMMISSIONER KARBI ANGLONG_IDA),KARBI ANGLONG(DEPUTY COMMISSIONER KARBI ANGLONG_IDA),Repair and Renovation,Repair and Renovation,499190.0,2024-12-23T00:00:00.000Z,2024.0,0.0,"Improvement of open stage at Govt. Boys Higher Secondary playground, Diphu","Improvement of open stage at Govt. Boys Higher Secondary playground, Diphu",,AMARSING TISSO,,Diphu,Completed,499190,2024-12-23T00:00:00.000Z,,,,,,,,,,,,Community Centers & Halls,Social Infrastructure
206800.0,6a932bb5cd94452437a1b5fe,Assam,Assam,Sonitpur,Sonitpur,"SONITPUR(Deputy Commissioner Sonitpur, Tezpur)","SONITPUR(Deputy Commissioner Sonitpur, Tezpur)",Normal/Others,Normal/Others,499597.0,2025-11-17T00:00:00.000Z,2025.0,0.0,"Renovation or Construction of Community Hall at Barika Chuburi Smasan, Madhya Barika Chuburi, Tezpur","Renovation or Construction of Community Hall at Barika Chuburi Smasan, Madhya Barika Chuburi, Tezpur",,RANJIT DUTTA,,Sonitpur,Completed,499597,2025-11-17T00:00:00.000Z,,,,,,,,,,,,Community Centers & Halls,Social Infrastructure
207099.0,6a932bb5cd94452437a19d24,Assam,Assam,BARPETA,BARPETA,NALBARI(DEPUTY COMMISSIONER NALBARI_IDA),NALBARI(DEPUTY COMMISSIONER NALBARI_IDA),Normal/Others,Normal/Others,1000000.0,2026-02-05T00:00:00.000Z,2026.0,0.0,"Construction of Dining Hall near Sri Sri Shiva Mandir, Shantidham Nalbari","Construction of Dining Hall near Sri Sri Shiva Mandir, Shantidham Nalbari",,PHANI BHUSAN CHOUDHURY,,BARPETA,Completed,1000000,2026-02-05T00:00:00.000Z,,,,,,,,,,,,Community Centers & Halls,Social Infrastructure
211185.0,6a932bb5cd94452437a1bf9e,Assam,Assam,KOKRAJHAR,KOKRAJHAR,KOKRAJHAR(DEPUTY COMMISSIONER KOKRAJHAR_IDA),KOKRAJHAR(DEPUTY COMMISSIONER KOKRAJHAR_IDA),Normal/Others,Normal/Others,998502.0,2025-12-19T00:00:00.000Z,2025.0,0.0,Construction of Community hall at Narabari village under Nepalpara VCDC,Construction of Community hall at Narabari village under Nepalpara VCDC,,JOYANTA BASUMATARY,,KOKRAJHAR,Completed,998502,2025-12-19T00:00:00.000Z,,,,,,,,,,,,Community Centers & Halls,Social Infrastructure
223891.0,6a932bb5cd94452437a1b376,Assam,Assam,Darrang-Udalguri,Darrang-Udalguri,UDALGURI(DEPUTY COMMISSIONER Udalguri_IDA),UDALGURI(DEPUTY COMMISSIONER Udalguri_IDA),Normal/Others,Normal/Others,400000.0,2026-02-17T00:00:00.000Z,2026.0,0.0,"Construction of Community Hall near Kadamguri Burha Gohain Than,No.2 Purani Bhergaon","Construction of Community Hall near Kadamguri Burha Gohain Than,No.2 Purani Bhergaon",,Dilip Saikia,,Darrang-Udalguri,Completed,400000,2026-02-17T00:00:00.000Z,,,,,,,,,,,,Community Centers & Halls,Social Infrastructure
223974.0,6a932bb5cd94452437a1c23c,Assam,Assam,Darrang-Udalguri,Darrang-Udalguri,UDALGURI(DEPUTY COMMISSIONER Udalguri_IDA),UDALGURI(DEPUTY COMMISSIONER Udalguri_IDA),Normal/Others,Normal/Others,400000.0,2026-03-02T00:00:00.000Z,2026.0,0.0,Const. of Community Hall at Kalaigaon Press Guild.,Const. of Community Hall at Kalaigaon Press Guild.,,Dilip Saikia,,Darrang-Udalguri,Completed,400000,2026-03-02T00:00:00.000Z,,,,,,,,,,,,Community Centers & Halls,Social Infrastructure
245635.0,6a932bb5cd94452437a1d54a,Assam,Assam,LAKHIMPUR,LAKHIMPUR,DHEMAJI(DEPUTY COMMISSIONER DHEMAJI_IDA),DHEMAJI(DEPUTY COMMISSIONER DHEMAJI_IDA),Normal/Others,Normal/Others,299985.0,2026-02-27T00:00:00.000Z,2026.0,0.0,"Const. of community hall near Kalpanapur Namghar, Sissiborgaon LAC","Const. of community hall near Kalpanapur Namghar, Sissiborgaon LAC",,Pradan Baruah,,LAKHIMPUR,Completed,299985,2026-02-27T00:00:00.000Z,,,,,,,,,,,,Community Centers & Halls,Social Infrastructure
245637.0,6a932bb5cd94452437a1dd57,Assam,Assam,LAKHIMPUR,LAKHIMPUR,DHEMAJI(DEPUTY COMMISSIONER DHEMAJI_IDA),DHEMAJI(DEPUTY COMMISSIONER DHEMAJI_IDA),Normal/Others,Normal/Others,297000.0,2026-03-31T00:00:00.000Z,2026.0,0.0,"Const. of community hall near Garmarah Bhakati Roshan Prathamik Hakha Namghar, Sissiborgaon LAC under MPLADS, FY 2025-26","Const. of community hall near Garmarah Bhakati Roshan Prathamik Hakha Namghar, Sissiborgaon LAC under MPLADS, FY 2025-26",,Pradan Baruah,,LAKHIMPUR,Completed,297000,2026-03-31T00:00:00.000Z,,,,,,,,,,,,Community Centers & Halls,Social Infrastructure
134702.0,6a932bb5cd94452437a16a87,Bihar,Bihar,PURVI CHAMPARAN,PURVI CHAMPARAN,PURBI CHAMPARAN(DISTRICT PLANNING OFFICER MOTHIHARI EAST CHAMPARAN_IDA),PURBI CHAMPARAN(DISTRICT PLANNING OFFICER MOTHIHARI EAST CHAMPARAN_IDA),Normal/Others,Normal/Others,1363504.0,2024-12-16T00:00:00.000Z,2024.0,0.0,SANGRAMPUR BAJAR ME SHEDYUKT CHABUTARA KE AAGE SHED KA NIRMAN.,SANGRAMPUR BAJAR ME SHEDYUKT CHABUTARA KE AAGE SHED KA NIRMAN.,,Radha Mohan Singh,,PURVI CHAMPARAN,Completed,1363504,2024-12-16T00:00:00.000Z,,,,,,,,,,,,Community Centers & Halls,Social Infrastructure
135979.0,6a932bb5cd94452437a16a89,Bihar,Bihar,PURVI CHAMPARAN,PURVI CHAMPARAN,PURBI CHAMPARAN(DISTRICT PLANNING OFFICER MOTHIHARI EAST CHAMPARAN_IDA),PURBI CHAMPARAN(DISTRICT PLANNING OFFICER MOTHIHARI EAST CHAMPARAN_IDA),Normal/Others,Normal/Others,1495894.0,2025-04-26T00:00:00.000Z,2025.0,0.0,MOTIHARI NAGAR KE LUMBINI BHAWAN KE PICCHE BUDDH VIHAR PARISAR ME CHABUTARA KA NIRMAN KARYA.,MOTIHARI NAGAR KE LUMBINI BHAWAN KE PICCHE BUDDH VIHAR PARISAR ME CHABUTARA KA NIRMAN KARYA.,,Radha Mohan Singh,,PURVI CHAMPARAN,Completed,1495894,2025-04-26T00:00:00.000Z,,,,,,,,,,,,Community Centers & Halls,Social Infrastructure
168686.0,6a932bb5cd94452437a19d45,Andhra Pradesh,Andhra Pradesh,SRIKAKULAM,SRIKAKULAM,SRIKAKULAM(District Collector Srikakulam_IDA),SRIKAKULAM(District Collector Srikakulam_IDA),Normal/Others,Normal/Others,499598.0,2026-04-22T00:00:00.000Z,2026.0,0.0,Construction of Community Hall at Lollaputtuga Village of B.G.Puttuga GP of Kacviti mandal,Construction of Community Hall at Lollaputtuga Village of B.G.Puttuga GP of Kacviti mandal,,Kinjarapu Ram Mohan Naidu,,SRIKAKULAM,Completed,499598,2026-04-22T00:00:00.000Z,,,,,,,,,,,,Community Centers & Halls,Social Infrastructure
136944.0,6a932bb5cd94452437a16d8f,Bihar,Bihar,BUXAR,BUXAR,KAIMUR (BHABUA)(DISTRICT PLANNING OFFICER KAIMUR BHABUA_IDA),KAIMUR (BHABUA)(DISTRICT PLANNING OFFICER KAIMUR BHABUA_IDA),Normal/Others,Normal/Others,796448.0,2025-03-24T00:00:00.000Z,2025.0,0.0,construction of community hall at gorar(Durgawati),construction of community hall at gorar(Durgawati),,SUDHAKAR SINGH,,BUXAR,Completed,796448,2025-03-24T00:00:00.000Z,,,,,,,,,,,,Community Centers & Halls,Social Infrastructure
168690.0,6a932bb5cd94452437a1b02a,Andhra Pradesh,Andhra Pradesh,SRIKAKULAM,SRIKAKULAM,SRIKAKULAM(District Collector Srikakulam_IDA),SRIKAKULAM(District Collector Srikakulam_IDA),Normal/Others,Normal/Others,471605.0,2025-10-25T00:00:00.000Z,2025.0,0.0,Construction of Community Hall at Gokarnapuram village and GP of Kanchili mandal,Construction of Community Hall at Gokarnapuram village and GP of Kanchili mandal,,Kinjarapu Ram Mohan Naidu,,SRIKAKULAM,Completed,471605,2025-10-25T00:00:00.000Z,,,,,,,,,,,,Community Centers & Halls,Social Infrastructure
137003.0,6a932bb5cd94452437a17d7e,Bihar,Bihar,BUXAR,BUXAR,ROHTAS(District Planning Officer Rohtas_IDA),ROHTAS(District Planning Officer Rohtas_IDA),Normal/Others,Normal/Others,1488054.0,2025-12-08T00:00:00.000Z,2025.0,0.0,Construction of community hall including toilet in campus of bhaluni,Construction of community hall including toilet in campus of bhaluni,,SUDHAKAR SINGH,,BUXAR,Completed,1488054,2025-12-08T00:00:00.000Z,,,,,,,,,,,,Community Centers & Halls,Social Infrastructure
137006.0,6a932bb5cd94452437a1873b,Bihar,Bihar,BUXAR,BUXAR,BUXAR(DISTRICT PLANNING OFFICER BUXAR_IDA),BUXAR(DISTRICT PLANNING OFFICER BUXAR_IDA),Normal/Others,Normal/Others,1488976.0,2026-02-02T00:00:00.000Z,2026.0,0.0,Construction of community building in campus of Disabled Rehabilitation Center,Construction of community building in campus of Disabled Rehabilitation Center,,SUDHAKAR SINGH,,BUXAR,Completed,1488976,2026-02-02T00:00:00.000Z,,,,,,,,,,,,Community Centers & Halls,Social Infrastructure
168701.0,6a932bb5cd94452437a1c62b,Andhra Pradesh,Andhra Pradesh,SRIKAKULAM,SRIKAKULAM,SRIKAKULAM(District Collector Srikakulam_IDA),SRIKAKULAM(District Collector Srikakulam_IDA),Normal/Others,Normal/Others,490311.0,2026-04-13T00:00:00.000Z,2026.0,0.0,Construction of Community Hall at RH Colony of Loddaputti Village and GP of Ichapuram mandal,Construction of Community Hall at RH Colony of Loddaputti Village and GP of Ichapuram mandal,,Kinjarapu Ram Mohan Naidu,,SRIKAKULAM,Completed,490311,2026-04-13T00:00:00.000Z,,,,,,,,,,,,Community Centers & Halls,Social Infrastructure
137686.0,6a932bb5cd94452437a17e22,Bihar,Bihar,PATNA SAHIB,PATNA SAHIB,PATNA(DISTRICT PLANNING OFFICER PATNA_IDA),PATNA(DISTRICT PLANNING OFFICER PATNA_IDA),Normal/Others,Normal/Others,1326673.0,2025-04-29T00:00:00.000Z,2025.0,0.0,Construction work of community hall near Bhagwati place in Kandap village of Sampatchak block under Fatua Legislative Assembly.,Construction work of community hall near Bhagwati place in Kandap village of Sampatchak block under Fatua Legislative Assembly.,,Ravi Shankar Prasad,,PATNA SAHIB,Completed,1326673,2025-04-29T00:00:00.000Z,,,,,,,,,,,,Community Centers & Halls,Social Infrastructure
137930.0,6a932bb5cd94452437a16a88,Bihar,Bihar,PURVI CHAMPARAN,PURVI CHAMPARAN,PURBI CHAMPARAN(DISTRICT PLANNING OFFICER MOTHIHARI EAST CHAMPARAN_IDA),PURBI CHAMPARAN(DISTRICT PLANNING OFFICER MOTHIHARI EAST CHAMPARAN_IDA),Normal/Others,Normal/Others,858756.0,2024-12-16T00:00:00.000Z,2024.0,0.0,Sangrampur block ke bazar me shedyukt chabutara ke samane shed ka nirman karya part-2,Sangrampur block ke bazar me shedyukt chabutara ke samane shed ka nirman karya part-2,,Radha Mohan Singh,,PURVI CHAMPARAN,Completed,858756,2024-12-16T00:00:00.000Z,,,,,,,,,,,,Community Centers & Halls,Social Infrastructure
182165.0,6a932bb5cd94452437a1be61,Andhra Pradesh,Andhra Pradesh,KAKINADA,KAKINADA,Kakinada(DISTRICT COLLECTOR KAKINADA_IDA),Kakinada(DISTRICT COLLECTOR KAKINADA_IDA),Normal/Others,Normal/Others,820164.0,2025-12-16T00:00:00.000Z,2025.0,0.0,Construction of Community Hall at 14th ward,Construction of Community Hall at 14th ward,,TANGELLA UDAY SRINIVAS,,KAKINADA,Completed,820164,2025-12-16T00:00:00.000Z,,,,,,,,,,,,Community Centers & Halls,Social Infrastructure
147047.0,6a932bb5cd94452437a1cf31,Andhra Pradesh,Andhra Pradesh,RAJAMPET,RAJAMPET,Annamayya(DISTRICT COLLECTOR ANNAMAYYA_IDA),Annamayya(DISTRICT COLLECTOR ANNAMAYYA_IDA),Normal/Others,Normal/Others,1499728.0,2026-02-12T00:00:00.000Z,2026.0,0.0,Construction of Community Hall in Ramasamudram (V&G.P),Construction of Community Hall in Ramasamudram (V&G.P),,Midhun Reddy,,RAJAMPET,Completed,1499728,2026-02-12T00:00:00.000Z,,,,,,,,,,,,Community Centers & Halls,Social Infrastructure
143624.0,6a932bb5cd94452437a1a4bf,Bihar,Bihar,BUXAR,BUXAR,KAIMUR (BHABUA)(DISTRICT PLANNING OFFICER KAIMUR BHABUA_IDA),KAIMUR (BHABUA)(DISTRICT PLANNING OFFICER KAIMUR BHABUA_IDA),Normal/Others,Normal/Others,296036.0,2025-09-23T00:00:00.000Z,2025.0,0.0,Construction of common shed and sitting area at Gandhi Ji Memorial Chowk Baruna(Kota),Construction of common shed and sitting area at Gandhi Ji Memorial Chowk Baruna(Kota),,SUDHAKAR SINGH,,BUXAR,Completed,296036,2025-09-23T00:00:00.000Z,,,,,,,,,,,,Community Centers & Halls,Social Infrastructure
143626.0,6a932bb5cd94452437a17345,Bihar,Bihar,BUXAR,BUXAR,KAIMUR (BHABUA)(DISTRICT PLANNING OFFICER KAIMUR BHABUA_IDA),KAIMUR (BHABUA)(DISTRICT PLANNING OFFICER KAIMUR BHABUA_IDA),Normal/Others,Normal/Others,926359.0,2025-11-18T00:00:00.000Z,2025.0,0.0,Construction of community hall with toilet near Ram Janki pond at Nuaon,Construction of community hall with toilet near Ram Janki pond at Nuaon,,SUDHAKAR SINGH,,BUXAR,Completed,926359,2025-11-18T00:00:00.000Z,,,,,,,,,,,,Community Centers & Halls,Social Infrastructure
145370.0,6a932bb5cd94452437a173c2,Bihar,Bihar,MADHUBANI,MADHUBANI,MADHUBANI(DISTRICT PLANNING OFFICER MADHUBANI_IDA),MADHUBANI(DISTRICT PLANNING OFFICER MADHUBANI_IDA),Normal/Others,Normal/Others,933991.0,2025-07-14T00:00:00.000Z,2025.0,0.0,"Construction of community halls
near Shapur durga mandir 
block: Pandaul panchayat:Sripur Hati south.","Construction of community halls
near Shapur durga mandir 
block: Pandaul panchayat:Sripur Hati south.",,Ashok Kumar Yadav ,,MADHUBANI,Completed,933991,2025-07-14T00:00:00.000Z,,,,,,,,,,,,Community Centers & Halls,Social Infrastructure
146127.0,6a932bb5cd94452437a18053,Bihar,Bihar,KISHANGANJ,KISHANGANJ,PURNIA(DISTRICT PLANNING OFFICER PURNIA_IDA),PURNIA(DISTRICT PLANNING OFFICER PURNIA_IDA),Normal/Others,Normal/Others,635000.0,2025-05-10T00:00:00.000Z,2025.0,0.0,DAGARUWA PRAKHAND ANTARGART KOHILA PANCHAYAT KE PANCHAYAT BHAWAN KE PASS (12 METER) HIGH MAST LIGHT,DAGARUWA PRAKHAND ANTARGART KOHILA PANCHAYAT KE PANCHAYAT BHAWAN KE PASS (12 METER) HIGH MAST LIGHT,,Dr Mohammad Jawed,,KISHANGANJ,Completed,635000,2025-05-10T00:00:00.000Z,,,,,,,,,,,,Community Centers & Halls,Social Infrastructure
172277.0,6a932bb5cd94452437a1d39a,Andhra Pradesh,Andhra Pradesh,ANANTAPUR,ANANTAPUR,Ananthapuramu(DISTRICT COLLECTOR ANANTAPUR_IDA),Ananthapuramu(DISTRICT COLLECTOR ANANTAPUR_IDA),Normal/Others,Normal/Others,475150.0,2026-02-21T00:00:00.000Z,2026.0,0.0,"Construction of Compound Wall to Community Hall at Mamuduru (V), Gooty (M)","Construction of Compound Wall to Community Hall at Mamuduru (V), Gooty (M)",,AMBICA G LAKSHMINARAYANA VALMIKI,,ANANTAPUR,Completed,475150,2026-02-21T00:00:00.000Z,,,,,,,,,,,,Community Centers & Halls,Social Infrastructure
146139.0,6a932bb5cd94452437a18055,Bihar,Bihar,KISHANGANJ,KISHANGANJ,PURNIA(DISTRICT PLANNING OFFICER PURNIA_IDA),PURNIA(DISTRICT PLANNING OFFICER PURNIA_IDA),Normal/Others,Normal/Others,635000.0,2025-05-10T00:00:00.000Z,2025.0,0.0,BAISI PRAKHAND ANTARGART CHOPRA PANCHAYAT KE CHOPRA PANCHAYAT BHAWAN MASJID AND MADARSA KE NIKAT ME (12 METER) HIGH MAST LIGHT,BAISI PRAKHAND ANTARGART CHOPRA PANCHAYAT KE CHOPRA PANCHAYAT BHAWAN MASJID AND MADARSA KE NIKAT ME (12 METER) HIGH MAST LIGHT,,Dr Mohammad Jawed,,KISHANGANJ,Completed,635000,2025-05-10T00:00:00.000Z,,,,,,,,,,,,Community Centers & Halls,Social Infrastructure
172286.0,6a932bb5cd94452437a18568,Andhra Pradesh,Andhra Pradesh,ANANTAPUR,ANANTAPUR,Ananthapuramu(DISTRICT COLLECTOR ANANTAPUR_IDA),Ananthapuramu(DISTRICT COLLECTOR ANANTAPUR_IDA),Repair and Renovation,Repair and Renovation,500000.0,2025-06-10T00:00:00.000Z,2025.0,0.0,"Providing Roof slab to Community Hall at 39th Division, Anantapur","Providing Roof slab to Community Hall at 39th Division, Anantapur",,AMBICA G LAKSHMINARAYANA VALMIKI,,ANANTAPUR,Completed,500000,2025-06-10T00:00:00.000Z,,,,,,,,,,,,Community Centers & Halls,Social Infrastructure
157521.0,6a932bb5cd94452437a193fe,Andhra Pradesh,Andhra Pradesh,ANANTAPUR,ANANTAPUR,Ananthapuramu(DISTRICT COLLECTOR ANANTAPUR_IDA),Ananthapuramu(DISTRICT COLLECTOR ANANTAPUR_IDA),Normal/Others,Normal/Others,481796.0,2025-07-28T00:00:00.000Z,2025.0,0.0,Construction of Community Hall at Appajipeta village of  Pamidi Mandal,Construction of Community Hall at Appajipeta village of  Pamidi Mandal,,AMBICA G LAKSHMINARAYANA VALMIKI,,ANANTAPUR,Completed,481796,2025-07-28T00:00:00.000Z,,,,,,,,,,,,Community Centers & Halls,Social Infrastructure
154849.0,6a932bb5cd94452437a172c5,Bihar,Bihar,PURVI CHAMPARAN,PURVI CHAMPARAN,PURBI CHAMPARAN(DISTRICT PLANNING OFFICER MOTHIHARI EAST CHAMPARAN_IDA),PURBI CHAMPARAN(DISTRICT PLANNING OFFICER MOTHIHARI EAST CHAMPARAN_IDA),Normal/Others,Normal/Others,1488002.0,2025-05-30T00:00:00.000Z,2025.0,0.0,Motihari Police adhikshak ke aawas me bairak (community building)ka nirman kary.,Motihari Police adhikshak ke aawas me bairak (community building)ka nirman kary.,,Radha Mohan Singh,,PURVI CHAMPARAN,Completed,1488002,2025-05-30T00:00:00.000Z,,,,,,,,,,,,Community Centers & Halls,Social Infrastructure
155590.0,6a932bb5cd94452437a1880f,Bihar,Bihar,VALMIKI NAGAR,VALMIKI NAGAR,PASHCHIM CHAMPARAN(DISTRICT PLANNING OFFICER WEST CHAMPARANBETTIAH_IDA),PASHCHIM CHAMPARAN(DISTRICT PLANNING OFFICER WEST CHAMPARANBETTIAH_IDA),Normal/Others,Normal/Others,797864.0,2025-12-19T00:00:00.000Z,2025.0,0.0,prakhand bagaha1 panchayat lagunaha chautarwa antargat kot maai sthan ke bagal me samudayik bhawan ka nirman kary,prakhand bagaha1 panchayat lagunaha chautarwa antargat kot maai sthan ke bagal me samudayik bhawan ka nirman kary,,Sunil Kumar ,,VALMIKI NAGAR,Completed,797864,2025-12-19T00:00:00.000Z,,,,,,,,,,,,Community Centers & Halls,Social Infrastructure
155627.0,6a932bb5cd94452437a1bf19,Bihar,Bihar,VALMIKI NAGAR,VALMIKI NAGAR,PASHCHIM CHAMPARAN(DISTRICT PLANNING OFFICER WEST CHAMPARANBETTIAH_IDA),PASHCHIM CHAMPARAN(DISTRICT PLANNING OFFICER WEST CHAMPARANBETTIAH_IDA),Normal/Others,Normal/Others,790862.0,2026-08-07T00:00:00.000Z,2026.0,0.0,parkhand bagha 2  panchayat jimri nautanwa antrgat srswati shishu  gyan mandir  ke bagal me  sarvjnik bhumi par samudayik bhawan ka nirman,parkhand bagha 2  panchayat jimri nautanwa antrgat srswati shishu  gyan mandir  ke bagal me  sarvjnik bhumi par samudayik bhawan ka nirman,,Sunil Kumar ,,VALMIKI NAGAR,Completed,790862,2026-08-07T00:00:00.000Z,,,,,,,,,,,,Community Centers & Halls,Social Infrastructure
155637.0,6a932bb5cd94452437a1c5e5,Bihar,Bihar,VALMIKI NAGAR,VALMIKI NAGAR,PASHCHIM CHAMPARAN(DISTRICT PLANNING OFFICER WEST CHAMPARANBETTIAH_IDA),PASHCHIM CHAMPARAN(DISTRICT PLANNING OFFICER WEST CHAMPARANBETTIAH_IDA),Normal/Others,Normal/Others,790199.0,2026-01-22T00:00:00.000Z,2026.0,0.0,prakhand madhubani panchayat daunaha gram murgahwa me thakur sri ram janki madur ke bagal me samudayik bhawan ka nirman kary,prakhand madhubani panchayat daunaha gram murgahwa me thakur sri ram janki madur ke bagal me samudayik bhawan ka nirman kary,,Sunil Kumar ,,VALMIKI NAGAR,Completed,790199,2026-01-22T00:00:00.000Z,,,,,,,,,,,,Community Centers & Halls,Social Infrastructure
155649.0,6a932bb5cd94452437a18828,Bihar,Bihar,VALMIKI NAGAR,VALMIKI NAGAR,PASHCHIM CHAMPARAN(DISTRICT PLANNING OFFICER WEST CHAMPARANBETTIAH_IDA),PASHCHIM CHAMPARAN(DISTRICT PLANNING OFFICER WEST CHAMPARANBETTIAH_IDA),Normal/Others,Normal/Others,895129.0,2026-01-28T00:00:00.000Z,2026.0,0.0,prakhand thakraha panchayat srinagar ward 15 me baliram prasad ke ghar ke pass samudayik bhavan ka nirman kary,prakhand thakraha panchayat srinagar ward 15 me baliram prasad ke ghar ke pass samudayik bhavan ka nirman kary,,Sunil Kumar ,,VALMIKI NAGAR,Completed,895129,2026-01-28T00:00:00.000Z,,,,,,,,,,,,Community Centers & Halls,Social Infrastructure
156908.0,6a932bb5cd94452437a175f6,Bihar,Bihar,MADHUBANI,MADHUBANI,DARBHANGA(DISTRICT PLANNING OFFICER DARBANGA_IDA),DARBHANGA(DISTRICT PLANNING OFFICER DARBANGA_IDA),Normal/Others,Normal/Others,495000.0,2025-03-19T00:00:00.000Z,2025.0,0.0,AT Nanaura Community Hall near Kath tree block Keoti darbhanga,AT Nanaura Community Hall near Kath tree block Keoti darbhanga,,Ashok Kumar Yadav ,,MADHUBANI,Completed,495000,2025-03-19T00:00:00.000Z,,,,,,,,,,,,Community Centers & Halls,Social Infrastructure
158967.0,6a932bb5cd94452437a18946,Bihar,Bihar,BANKA,BANKA,BANKA(DISTRICT PLANNING OFFICER BANKA_IDA),BANKA(DISTRICT PLANNING OFFICER BANKA_IDA),Normal/Others,Normal/Others,1334000.0,2025-06-24T00:00:00.000Z,2025.0,0.0,Phulidumar Prakhand antargat Panchayat Saidpur me Surha Mor par SS Yatri Shed ka nirman.,Phulidumar Prakhand antargat Panchayat Saidpur me Surha Mor par SS Yatri Shed ka nirman.,,Giridhari Yadav,,BANKA,Completed,1334000,2025-06-24T00:00:00.000Z,,,,,,,,,,,,Community Centers & Halls,Social Infrastructure
158969.0,6a932bb5cd94452437a18944,Bihar,Bihar,BANKA,BANKA,BANKA(DISTRICT PLANNING OFFICER BANKA_IDA),BANKA(DISTRICT PLANNING OFFICER BANKA_IDA),Normal/Others,Normal/Others,1334000.0,2025-06-24T00:00:00.000Z,2025.0,0.0,Phulidumar Prakhand antargat Panchayat Bhitiya Beat office ke pass SS Yatri Shed ka nirman.,Phulidumar Prakhand antargat Panchayat Bhitiya Beat office ke pass SS Yatri Shed ka nirman.,,Giridhari Yadav,,BANKA,Completed,1334000,2025-06-24T00:00:00.000Z,,,,,,,,,,,,Community Centers & Halls,Social Infrastructure
158971.0,6a932bb5cd94452437a18943,Bihar,Bihar,BANKA,BANKA,BANKA(DISTRICT PLANNING OFFICER BANKA_IDA),BANKA(DISTRICT PLANNING OFFICER BANKA_IDA),Normal/Others,Normal/Others,1334000.0,2025-06-24T00:00:00.000Z,2025.0,0.0,Phulidumar Prakhand antargat Panchayat Rata ke graam purani rata mey nahar pul ke pass SS Yatri Shed ka nirman.,Phulidumar Prakhand antargat Panchayat Rata ke graam purani rata mey nahar pul ke pass SS Yatri Shed ka nirman.,,Giridhari Yadav,,BANKA,Completed,1334000,2025-06-24T00:00:00.000Z,,,,,,,,,,,,Community Centers & Halls,Social Infrastructure
158990.0,6a932bb5cd94452437a18940,Bihar,Bihar,BANKA,BANKA,BANKA(DISTRICT PLANNING OFFICER BANKA_IDA),BANKA(DISTRICT PLANNING OFFICER BANKA_IDA),Normal/Others,Normal/Others,1334000.0,2025-06-24T00:00:00.000Z,2025.0,0.0,Belhar Prakhand antargat Panchayat Basmatta ke graam Basmatta mey SS Yatri Shed ka nirman.,Belhar Prakhand antargat Panchayat Basmatta ke graam Basmatta mey SS Yatri Shed ka nirman.,,Giridhari Yadav,,BANKA,Completed,1334000,2025-06-24T00:00:00.000Z,,,,,,,,,,,,Community Centers & Halls,Social Infrastructure
158992.0,6a932bb5cd94452437a1893d,Bihar,Bihar,BANKA,BANKA,BANKA(DISTRICT PLANNING OFFICER BANKA_IDA),BANKA(DISTRICT PLANNING OFFICER BANKA_IDA),Normal/Others,Normal/Others,1334000.0,2025-06-24T00:00:00.000Z,2025.0,0.0,Belhar Prakhand antargat Panchayat taraiya ke taraiya mor ke pass SS Yatri Shed ka nirman.,Belhar Prakhand antargat Panchayat taraiya ke taraiya mor ke pass SS Yatri Shed ka nirman.,,Giridhari Yadav,,BANKA,Completed,1334000,2025-06-24T00:00:00.000Z,,,,,,,,,,,,Community Centers & Halls,Social Infrastructure
158994.0,6a932bb5cd94452437a1893c,Bihar,Bihar,BANKA,BANKA,BANKA(DISTRICT PLANNING OFFICER BANKA_IDA),BANKA(DISTRICT PLANNING OFFICER BANKA_IDA),Normal/Others,Normal/Others,1334000.0,2025-06-24T00:00:00.000Z,2025.0,0.0,Belhar Prakhand antargat Panchayat Rajpur ke graam Kharouda mey SS Yatri Shed ka nirman.,Belhar Prakhand antargat Panchayat Rajpur ke graam Kharouda mey SS Yatri Shed ka nirman.,,Giridhari Yadav,,BANKA,Completed,1334000,2025-06-24T00:00:00.000Z,,,,,,,,,,,,Community Centers & Halls,Social Infrastructure
257274.0,6a932bb5cd94452437a1e2c6,Andhra Pradesh,Andhra Pradesh,KADAPA,KADAPA,Y.S.R. Kadapa(DISTRICT COLLECTOR CUDDAPAH_IDA),Y.S.R. Kadapa(DISTRICT COLLECTOR CUDDAPAH_IDA),Normal/Others,Normal/Others,199285.0,2026-05-05T00:00:00.000Z,2026.0,0.0,"Construction of slab for community hall, at Aklisha penthu kost sangam, Prakash Nagar, D No  43 42 in 14th Division of Kadapa MC","Construction of slab for community hall, at Aklisha penthu kost sangam, Prakash Nagar, D No  43 42 in 14th Division of Kadapa MC",,Y S Avinash Reddy,,KADAPA,Completed,199285,2026-05-05T00:00:00.000Z,,,,,,,,,,,,Community Centers & Halls,Social Infrastructure
159774.0,6a932bb5cd94452437a16b8e,Bihar,Bihar,JHANJHARPUR,JHANJHARPUR,MADHUBANI(DISTRICT PLANNING OFFICER MADHUBANI_IDA),MADHUBANI(DISTRICT PLANNING OFFICER MADHUBANI_IDA),Normal/Others,Normal/Others,1487210.0,2025-03-01T00:00:00.000Z,2025.0,0.0,"village durgipatti ,post hudra panchayat durgipatti block khutouna disst madhubani sthith mukhya sadak se panchayat sarkar bhawan tk pcc sadak ka nirman karya.","village durgipatti ,post hudra panchayat durgipatti block khutouna disst madhubani sthith mukhya sadak se panchayat sarkar bhawan tk pcc sadak ka nirman karya.",,Ramprit Mandal,,JHANJHARPUR,Completed,1487210,2025-03-01T00:00:00.000Z,,,,,,,,,,,,Community Centers & Halls,Social Infrastructure
182165.0,6a932bb5cd94452437a1be61,Andhra Pradesh,Andhra Pradesh,KAKINADA,KAKINADA,Kakinada(DISTRICT COLLECTOR KAKINADA_IDA),Kakinada(DISTRICT COLLECTOR KAKINADA_IDA),Normal/Others,Normal/Others,820164.0,2025-12-16T00:00:00.000Z,2025.0,0.0,Construction of Community Hall at 14th ward,Construction of Community Hall at 14th ward,,TANGELLA UDAY SRINIVAS,,KAKINADA,Completed,820164,2025-12-16T00:00:00.000Z,,,,,,,,,,,,Community Centers & Halls,Social Infrastructure
163618.0,6a932bb5cd94452437a1881b,Bihar,Bihar,VALMIKI NAGAR,VALMIKI NAGAR,PASHCHIM CHAMPARAN(DISTRICT PLANNING OFFICER WEST CHAMPARANBETTIAH_IDA),PASHCHIM CHAMPARAN(DISTRICT PLANNING OFFICER WEST CHAMPARANBETTIAH_IDA),Normal/Others,Normal/Others,1371677.0,2026-08-24T00:00:00.000Z,2026.0,0.0,block   piprasi  mudadih panchayt ke vill  ghodhawa me 2 kmra vala samudayik broom with tolet,block   piprasi  mudadih panchayt ke vill  ghodhawa me 2 kmra vala samudayik broom with tolet,,Sunil Kumar ,,VALMIKI NAGAR,Completed,1371677,2026-08-24T00:00:00.000Z,,,,,,,,,,,,Community Centers & Halls,Social Infrastructure
147047.0,6a932bb5cd94452437a1cf31,Andhra Pradesh,Andhra Pradesh,RAJAMPET,RAJAMPET,Annamayya(DISTRICT COLLECTOR ANNAMAYYA_IDA),Annamayya(DISTRICT COLLECTOR ANNAMAYYA_IDA),Normal/Others,Normal/Others,1499728.0,2026-02-12T00:00:00.000Z,2026.0,0.0,Construction of Community Hall in Ramasamudram (V&G.P),Construction of Community Hall in Ramasamudram (V&G.P),,Midhun Reddy,,RAJAMPET,Completed,1499728,2026-02-12T00:00:00.000Z,,,,,,,,,,,,Community Centers & Halls,Social Infrastructure
138687.0,6a932bb5cd94452437a175bb,Arunachal Pradesh,Arunachal Pradesh,ARUNACHAL EAST,ARUNACHAL EAST,"UPPER SIANG(DISTRICT PLANNING OFFICER,YINGKIONG)","UPPER SIANG(DISTRICT PLANNING OFFICER,YINGKIONG)",Normal/Others,Normal/Others,2000000.0,2025-03-17T00:00:00.000Z,2025.0,0.0,Development of land near Bitin Patuk Community Hall at Lower Dalbing in Upper Siang District,Development of land near Bitin Patuk Community Hall at Lower Dalbing in Upper Siang District,,Shri Tapir Gao,,ARUNACHAL EAST,Completed,2000000,2025-03-17T00:00:00.000Z,,,,,,,,,,,,Community Centers & Halls,Social Infrastructure
157308.0,6a932bb5cd94452437a1759c,Arunachal Pradesh,Arunachal Pradesh,ARUNACHAL EAST,ARUNACHAL EAST,LOWER SIANG(Deputy Commisioner Lower Siang_IDA),LOWER SIANG(Deputy Commisioner Lower Siang_IDA),Repair and Renovation,Repair and Renovation,1000000.0,2025-03-17T00:00:00.000Z,2025.0,0.0,Maintenance of Community Hall at Tabi Ripo in Lower Siang District,Maintenance of Community Hall at Tabi Ripo in Lower Siang District,,Shri Tapir Gao,,ARUNACHAL EAST,Completed,1000000,2025-03-17T00:00:00.000Z,,,,,,,,,,,,Community Centers & Halls,Social Infrastructure
169390.0,6a932bb5cd94452437a19e86,Bihar,Bihar,PURVI CHAMPARAN,PURVI CHAMPARAN,PURBI CHAMPARAN(DISTRICT PLANNING OFFICER MOTHIHARI EAST CHAMPARAN_IDA),PURBI CHAMPARAN(DISTRICT PLANNING OFFICER MOTHIHARI EAST CHAMPARAN_IDA),Normal/Others,Normal/Others,1494221.0,2025-09-13T00:00:00.000Z,2025.0,0.0,MOTIHARI NAGAR NIGAM KE CHARKHA PARK KE PICHHE SAMUDAYIK BHAWAN KE PASS SABHAGAR KA NIRMAN KARYA.,MOTIHARI NAGAR NIGAM KE CHARKHA PARK KE PICHHE SAMUDAYIK BHAWAN KE PASS SABHAGAR KA NIRMAN KARYA.,,Radha Mohan Singh,,PURVI CHAMPARAN,Completed,1494221,2025-09-13T00:00:00.000Z,,,,,,,,,,,,Community Centers & Halls,Social Infrastructure
226014.0,6a932bb5cd94452437a1b464,Arunachal Pradesh,Arunachal Pradesh,ARUNACHAL EAST,ARUNACHAL EAST,LOHIT(DEPUTY COMMISSIONER LOHIT_IDA),LOHIT(DEPUTY COMMISSIONER LOHIT_IDA),Normal/Others,Normal/Others,1499867.0,2025-11-19T00:00:00.000Z,2025.0,0.0,Construction of Cultural Hall at Dree Ground at Tezu in Lohit District,Construction of Cultural Hall at Dree Ground at Tezu in Lohit District,,Shri Tapir Gao,,ARUNACHAL EAST,Completed,1499867,2025-11-19T00:00:00.000Z,,,,,,,,,,,,Community Centers & Halls,Social Infrastructure
174600.0,6a932bb5cd94452437a1c1b1,Bihar,Bihar,KARAKAT,KARAKAT,AURANGABAD(DISTRICT PLANNING OFFICER AURANGABAD_IDA),AURANGABAD(DISTRICT PLANNING OFFICER AURANGABAD_IDA),Normal/Others,Normal/Others,393075.0,2026-01-14T00:00:00.000Z,2026.0,0.0,Bigan Rajwara ke ghar se Samudayik Bhawan hote hue naala ki or nala nirman,Bigan Rajwara ke ghar se Samudayik Bhawan hote hue naala ki or nala nirman,,RAJA RAM SINGH,,KARAKAT,Completed,393075,2026-01-14T00:00:00.000Z,,,,,,,,,,,,Community Centers & Halls,Social Infrastructure
176167.0,6a932bb5cd94452437a19f6e,Bihar,Bihar,KARAKAT,KARAKAT,ROHTAS(District Planning Officer Rohtas_IDA),ROHTAS(District Planning Officer Rohtas_IDA),Normal/Others,Normal/Others,717919.0,2026-03-11T00:00:00.000Z,2026.0,0.0,"Narayan Singh ke ghar ke pass samudayik bhavan. Khata - 230, plot - 203","Narayan Singh ke ghar ke pass samudayik bhavan. Khata - 230, plot - 203",,RAJA RAM SINGH,,KARAKAT,Completed,717919,2026-03-11T00:00:00.000Z,,,,,,,,,,,,Community Centers & Halls,Social Infrastructure
176170.0,6a932bb5cd94452437a1c79e,Bihar,Bihar,KARAKAT,KARAKAT,ROHTAS(District Planning Officer Rohtas_IDA),ROHTAS(District Planning Officer Rohtas_IDA),Normal/Others,Normal/Others,488328.0,2026-04-08T00:00:00.000Z,2026.0,0.0,"Bhadkudia men Pustkalaya bhavan ka nirman, khata - 164, plot- 1108","Bhadkudia men Pustkalaya bhavan ka nirman, khata - 164, plot- 1108",,RAJA RAM SINGH,,KARAKAT,Completed,488328,2026-04-08T00:00:00.000Z,,,,,,,,,,,,Community Centers & Halls,Social Infrastructure
226062.0,6a932bb5cd94452437a1c2b1,Arunachal Pradesh,Arunachal Pradesh,ARUNACHAL WEST,ARUNACHAL WEST,"WEST SIANG(DEPUTY COMMISSIONER, WEST SIANG (IDA))","WEST SIANG(DEPUTY COMMISSIONER, WEST SIANG (IDA))",Normal/Others,Normal/Others,500000.0,2026-02-02T00:00:00.000Z,2026.0,0.0,Construction of community Toilet at Yomcha village,Construction of community Toilet at Yomcha village,,Kiren Rijiju,,ARUNACHAL WEST,Completed,500000,2026-02-02T00:00:00.000Z,,,,,,,,,,,,Community Centers & Halls,Social Infrastructure
177098.0,6a932bb5cd94452437a1c44f,Bihar,Bihar,ARRAH,ARRAH,BHOJPUR(DISTRICT PLANNING OFFICER BHOJPUR ARRAH_IDA),BHOJPUR(DISTRICT PLANNING OFFICER BHOJPUR ARRAH_IDA),Normal/Others,Normal/Others,538072.0,2026-01-05T00:00:00.000Z,2026.0,0.0,"Construction of a community building in Dom Toli near Nawada police station, Ward-41.","Construction of a community building in Dom Toli near Nawada police station, Ward-41.",,SUDAMA PRASAD,,ARRAH,Completed,538072,2026-01-05T00:00:00.000Z,,,,,,,,,,,,Community Centers & Halls,Social Infrastructure
194244.0,6a932bb5cd94452437a1c480,Andhra Pradesh,Andhra Pradesh,ARAKU,ARAKU,Alluri Sitharama Raju(DISTRICT COLLECTOR ALLURI SITHARAMARAJU_IDA),Alluri Sitharama Raju(DISTRICT COLLECTOR ALLURI SITHARAMARAJU_IDA),Normal/Others,Normal/Others,482583.0,2026-01-06T00:00:00.000Z,2026.0,0.0,"Construction of Community Shed at Primary Health Centre, Minumuluru, Paderu Mandal","Construction of Community Shed at Primary Health Centre, Minumuluru, Paderu Mandal",,Gumma Thanuja Rani,,ARAKU,Completed,482583,2026-01-06T00:00:00.000Z,,,,,,,,,,,,Community Centers & Halls,Social Infrastructure
226078.0,6a932bb5cd94452437a1d14f,Arunachal Pradesh,Arunachal Pradesh,ARUNACHAL WEST,ARUNACHAL WEST,SIANG(Deputy Commisioner Siang_IDA),SIANG(Deputy Commisioner Siang_IDA),Normal/Others,Normal/Others,500000.0,2026-03-28T00:00:00.000Z,2026.0,0.0,Construction of Community Toilet at Village Jomo,Construction of Community Toilet at Village Jomo,,Kiren Rijiju,,ARUNACHAL WEST,Completed,500000,2026-03-28T00:00:00.000Z,,,,,,,,,,,,Community Centers & Halls,Social Infrastructure
148602.0,6a932bb5cd94452437a1805d,Andhra Pradesh,Andhra Pradesh,KADAPA,KADAPA,Y.S.R. Kadapa(DISTRICT COLLECTOR CUDDAPAH_IDA),Y.S.R. Kadapa(DISTRICT COLLECTOR CUDDAPAH_IDA),Normal/Others,Normal/Others,493712.0,2025-05-11T00:00:00.000Z,2025.0,0.0,Improvements to Community Hall (Near Subramanyam Setty House) in Peddajuturu (V&GP) of Vemula Mandal,Improvements to Community Hall (Near Subramanyam Setty House) in Peddajuturu (V&GP) of Vemula Mandal,,Y S Avinash Reddy,,KADAPA,Completed,493712,2025-05-11T00:00:00.000Z,,,,,,,,,,,,Community Centers & Halls,Social Infrastructure
260029.0,6a932bb5cd94452437a1dba4,Arunachal Pradesh,Arunachal Pradesh,ARUNACHAL WEST,ARUNACHAL WEST,WEST KAMENG(Deputy Commisioner West Kameng_IDA),WEST KAMENG(Deputy Commisioner West Kameng_IDA),Normal/Others,Normal/Others,500000.0,2026-03-23T00:00:00.000Z,2026.0,0.0,Construction of of Waiting Shed at Chingdang Phungking at Najang Village,Construction of of Waiting Shed at Chingdang Phungking at Najang Village,,Kiren Rijiju,,ARUNACHAL WEST,Completed,500000,2026-03-23T00:00:00.000Z,,,,,,,,,,,,Community Centers & Halls,Social Infrastructure
135772.0,6a932bb5cd94452437a18059,Andhra Pradesh,Andhra Pradesh,KADAPA,KADAPA,Y.S.R. Kadapa(DISTRICT COLLECTOR CUDDAPAH_IDA),Y.S.R. Kadapa(DISTRICT COLLECTOR CUDDAPAH_IDA),Normal/Others,Normal/Others,980399.0,2025-05-11T00:00:00.000Z,2025.0,0.0,"Completion of Incomplete community Hall in 4th ward in Vempalli (V &M), YSR District.","Completion of Incomplete community Hall in 4th ward in Vempalli (V &M), YSR District.",,Y S Avinash Reddy,,KADAPA,Completed,980399,2025-05-11T00:00:00.000Z,,,,,,,,,,,,Community Centers & Halls,Social Infrastructure
188197.0,6a932bb5cd94452437a1a3b8,Bihar,Bihar,BEGUSARAI,BEGUSARAI,BEGUSARAI(DISTRICT PLANNING OFFICER BEGUSARAI_IDA),BEGUSARAI(DISTRICT PLANNING OFFICER BEGUSARAI_IDA),Normal/Others,Normal/Others,1391533.0,2025-12-16T00:00:00.000Z,2025.0,0.0,Construction of community building near Ghagra Panchayat Mahavir Sthan - Ghagra,Construction of community building near Ghagra Panchayat Mahavir Sthan - Ghagra,,Giriraj Singh,,BEGUSARAI,Completed,1391533,2025-12-16T00:00:00.000Z,,,,,,,,,,,,Community Centers & Halls,Social Infrastructure
188200.0,6a932bb5cd94452437a1b83c,Bihar,Bihar,BEGUSARAI,BEGUSARAI,BEGUSARAI(DISTRICT PLANNING OFFICER BEGUSARAI_IDA),BEGUSARAI(DISTRICT PLANNING OFFICER BEGUSARAI_IDA),Normal/Others,Normal/Others,986375.0,2025-11-24T00:00:00.000Z,2025.0,0.0,repair work of dilapidated community building in ward number 1 of Gram Panchayat Sanha Purba.,repair work of dilapidated community building in ward number 1 of Gram Panchayat Sanha Purba.,,Giriraj Singh,,BEGUSARAI,Completed,986375,2025-11-24T00:00:00.000Z,,,,,,,,,,,,Community Centers & Halls,Social Infrastructure
188213.0,6a932bb5cd94452437a1c857,Bihar,Bihar,BEGUSARAI,BEGUSARAI,BEGUSARAI(DISTRICT PLANNING OFFICER BEGUSARAI_IDA),BEGUSARAI(DISTRICT PLANNING OFFICER BEGUSARAI_IDA),Normal/Others,Normal/Others,1390075.0,2026-01-17T00:00:00.000Z,2026.0,0.0,Matihani Milk Producers Co-operative Society Ltd. Construction of assembly hall on the upper floor of the building- Matihani,Matihani Milk Producers Co-operative Society Ltd. Construction of assembly hall on the upper floor of the building- Matihani,,Giriraj Singh,,BEGUSARAI,Completed,1390075,2026-01-17T00:00:00.000Z,,,,,,,,,,,,Community Centers & Halls,Social Infrastructure
191523.0,6a932bb5cd94452437a1c1c3,Bihar,Bihar,PATNA SAHIB,PATNA SAHIB,PATNA(DISTRICT PLANNING OFFICER PATNA_IDA),PATNA(DISTRICT PLANNING OFFICER PATNA_IDA),Normal/Others,Normal/Others,1484200.0,2025-12-24T00:00:00.000Z,2025.0,0.0,"Construction work of hall on the first floor of community building in front of Panch Mandir in ward no. 21, Daroga Rai Path, under Digha assembly constituency.","Construction work of hall on the first floor of community building in front of Panch Mandir in ward no. 21, Daroga Rai Path, under Digha assembly constituency.",,Ravi Shankar Prasad,,PATNA SAHIB,Completed,1484200,2025-12-24T00:00:00.000Z,,,,,,,,,,,,Community Centers & Halls,Social Infrastructure
191525.0,6a932bb5cd94452437a1c1be,Bihar,Bihar,PATNA SAHIB,PATNA SAHIB,PATNA(DISTRICT PLANNING OFFICER PATNA_IDA),PATNA(DISTRICT PLANNING OFFICER PATNA_IDA),Normal/Others,Normal/Others,1483100.0,2025-12-24T00:00:00.000Z,2025.0,0.0,"Construction work of stairs in the southern part of the first floor of the community building in front of Panch Mandir in Ward No. 21, Daroga Rai Path, under Digha Legislative Assembly.","Construction work of stairs in the southern part of the first floor of the community building in front of Panch Mandir in Ward No. 21, Daroga Rai Path, under Digha Legislative Assembly.",,Ravi Shankar Prasad,,PATNA SAHIB,Completed,1483100,2025-12-24T00:00:00.000Z,,,,,,,,,,,,Community Centers & Halls,Social Infrastructure
137588.0,6a932bb5cd94452437a18793,Assam,Assam,Diphu,Diphu,KARBI ANGLONG(DEPUTY COMMISSIONER KARBI ANGLONG_IDA),KARBI ANGLONG(DEPUTY COMMISSIONER KARBI ANGLONG_IDA),Normal/Others,Normal/Others,1499859.0,2025-12-10T00:00:00.000Z,2025.0,0.0,Construction of Community Hall at Jawlian under Singhason MAC Constituency,Construction of Community Hall at Jawlian under Singhason MAC Constituency,,AMARSING TISSO,,Diphu,Completed,1499859,2025-12-10T00:00:00.000Z,,,,,,,,,,,,Community Centers & Halls,Social Infrastructure
137591.0,6a932bb5cd94452437a17399,Assam,Assam,Diphu,Diphu,KARBI ANGLONG(DEPUTY COMMISSIONER KARBI ANGLONG_IDA),KARBI ANGLONG(DEPUTY COMMISSIONER KARBI ANGLONG_IDA),Normal/Others,Normal/Others,999363.0,2025-12-10T00:00:00.000Z,2025.0,0.0,Construction of waiting shed at Minbung under Singhason MAC Constituency,Construction of waiting shed at Minbung under Singhason MAC Constituency,,AMARSING TISSO,,Diphu,Completed,999363,2025-12-10T00:00:00.000Z,,,,,,,,,,,,Community Centers & Halls,Social Infrastructure
137594.0,6a932bb5cd94452437a1698a,Assam,Assam,Diphu,Diphu,KARBI ANGLONG(DEPUTY COMMISSIONER KARBI ANGLONG_IDA),KARBI ANGLONG(DEPUTY COMMISSIONER KARBI ANGLONG_IDA),Normal/Others,Normal/Others,499329.0,2025-12-10T00:00:00.000Z,2025.0,0.0,"Construction of community fishery at Rongkimi, Diphu","Construction of community fishery at Rongkimi, Diphu",,AMARSING TISSO,,Diphu,Completed,499329,2025-12-10T00:00:00.000Z,,,,,,,,,,,,Community Centers & Halls,Social Infrastructure
137596.0,6a932bb5cd94452437a16b56,Assam,Assam,Diphu,Diphu,KARBI ANGLONG(DEPUTY COMMISSIONER KARBI ANGLONG_IDA),KARBI ANGLONG(DEPUTY COMMISSIONER KARBI ANGLONG_IDA),Repair and Renovation,Repair and Renovation,499190.0,2024-12-23T00:00:00.000Z,2024.0,0.0,"Improvement of open stage at Govt. Boys Higher Secondary playground, Diphu","Improvement of open stage at Govt. Boys Higher Secondary playground, Diphu",,AMARSING TISSO,,Diphu,Completed,499190,2024-12-23T00:00:00.000Z,,,,,,,,,,,,Community Centers & Halls,Social Infrastructure
192402.0,6a932bb5cd94452437a1b8ac,Bihar,Bihar,BUXAR,BUXAR,ROHTAS(District Planning Officer Rohtas_IDA),ROHTAS(District Planning Officer Rohtas_IDA),Normal/Others,Normal/Others,1491693.0,2026-05-07T00:00:00.000Z,2026.0,0.0,construction of community hall with toilet for vishwakarma society at Bhaluni Dham,construction of community hall with toilet for vishwakarma society at Bhaluni Dham,,SUDHAKAR SINGH,,BUXAR,Completed,1491693,2026-05-07T00:00:00.000Z,,,,,,,,,,,,Community Centers & Halls,Social Infrastructure
193545.0,6a932bb5cd94452437a1c7ed,Bihar,Bihar,DARBHANGA,DARBHANGA,DARBHANGA(DISTRICT PLANNING OFFICER DARBANGA_IDA),DARBHANGA(DISTRICT PLANNING OFFICER DARBANGA_IDA),Repair and Renovation,Repair and Renovation,200798.0,2026-03-19T00:00:00.000Z,2026.0,0.0,samaharnalya darbhanga ke nikat samudayik bhawan sah karmchari vishram grih bhawan ka marammati evam navinikaran karya,samaharnalya darbhanga ke nikat samudayik bhawan sah karmchari vishram grih bhawan ka marammati evam navinikaran karya,,Mr Gopal Jee Thakur,,DARBHANGA,Completed,200798,2026-03-19T00:00:00.000Z,,,,,,,,,,,,Community Centers & Halls,Social Infrastructure
147014.0,6a932bb5cd94452437a171a0,Assam,Assam,GUWAHATI,GUWAHATI,GOALPARA(Deputy Commissioner Goalpara_IDA),GOALPARA(Deputy Commissioner Goalpara_IDA),Normal/Others,Normal/Others,350000.0,2026-04-27T00:00:00.000Z,2026.0,0.0,"Construction of community hall at Tharka Bazar near kalimandir , Joyramkhusi","Construction of community hall at Tharka Bazar near kalimandir , Joyramkhusi",,BIJULI KALITA MEDHI,,GUWAHATI,Completed,350000,2026-04-27T00:00:00.000Z,,,,,,,,,,,,Community Centers & Halls,Social Infrastructure
147021.0,6a932bb5cd94452437a16ea7,Assam,Assam,GUWAHATI,GUWAHATI,GOALPARA(Deputy Commissioner Goalpara_IDA),GOALPARA(Deputy Commissioner Goalpara_IDA),Normal/Others,Normal/Others,500000.0,2026-04-27T00:00:00.000Z,2026.0,0.0,"Construction of open community hall at Sri Sri Niranjan Mahaprubhu Pith , Bakaitari.","Construction of open community hall at Sri Sri Niranjan Mahaprubhu Pith , Bakaitari.",,BIJULI KALITA MEDHI,,GUWAHATI,Completed,500000,2026-04-27T00:00:00.000Z,,,,,,,,,,,,Community Centers & Halls,Social Infrastructure
148301.0,6a932bb5cd94452437a19503,Assam,Assam,JORHAT,JORHAT,CHARAIDEO(Deputy Commissioner Charaideo_IDA),CHARAIDEO(Deputy Commissioner Charaideo_IDA),Normal/Others,Normal/Others,199863.0,2026-01-21T00:00:00.000Z,2026.0,0.0,"Construction of Community Centre Garkush Habi Gaon near Hari Mandir, Nagahat, Garkush Habi Gaon, Sonali GP","Construction of Community Centre Garkush Habi Gaon near Hari Mandir, Nagahat, Garkush Habi Gaon, Sonali GP",,GAURAV GOGOI,,JORHAT,Completed,199863,2026-01-21T00:00:00.000Z,,,,,,,,,,,,Community Centers & Halls,Social Infrastructure
153297.0,6a932bb5cd94452437a16c84,Assam,Assam,Diphu,Diphu,KARBI ANGLONG(DEPUTY COMMISSIONER KARBI ANGLONG_IDA),KARBI ANGLONG(DEPUTY COMMISSIONER KARBI ANGLONG_IDA),Normal/Others,Normal/Others,496993.0,2025-08-27T00:00:00.000Z,2025.0,0.0,"Construction of Waiting Shed near DIG Office Complex, Diphu","Construction of Waiting Shed near DIG Office Complex, Diphu",,AMARSING TISSO,,Diphu,Completed,496993,2025-08-27T00:00:00.000Z,,,,,,,,,,,,Community Centers & Halls,Social Infrastructure
154278.0,6a932bb5cd94452437a17839,Assam,Assam,Diphu,Diphu,KARBI ANGLONG(DEPUTY COMMISSIONER KARBI ANGLONG_IDA),KARBI ANGLONG(DEPUTY COMMISSIONER KARBI ANGLONG_IDA),Normal/Others,Normal/Others,1499178.0,2025-12-11T00:00:00.000Z,2025.0,0.0,Construction of community fishery at Bithiphang No. 2 Dili Terang Gaon,Construction of community fishery at Bithiphang No. 2 Dili Terang Gaon,,AMARSING TISSO,,Diphu,Completed,1499178,2025-12-11T00:00:00.000Z,,,,,,,,,,,,Community Centers & Halls,Social Infrastructure
161011.0,6a932bb5cd94452437a1a2ed,Assam,Assam,JORHAT,JORHAT,"MAJULI(District Commissioner, Majuli)","MAJULI(District Commissioner, Majuli)",Normal/Others,Normal/Others,151895.0,2026-08-26T00:00:00.000Z,2026.0,0.0,"Construction of Waiting Shed at Garamur Pitambar Dev Civil Hospital, Garamur Satra, Garamur GP","Construction of Waiting Shed at Garamur Pitambar Dev Civil Hospital, Garamur Satra, Garamur GP",,GAURAV GOGOI,,JORHAT,Completed,151895,2026-08-26T00:00:00.000Z,,,,,,,,,,,,Community Centers & Halls,Social Infrastructure
161043.0,6a932bb5cd94452437a1a5a0,Assam,Assam,JORHAT,JORHAT,"MAJULI(District Commissioner, Majuli)","MAJULI(District Commissioner, Majuli)",Normal/Others,Normal/Others,148632.0,2026-08-18T00:00:00.000Z,2026.0,0.0,"Construction of Waiting Shed at Chapori Gaon, Chapori Gaon, Panikhati, Luitporia GP","Construction of Waiting Shed at Chapori Gaon, Chapori Gaon, Panikhati, Luitporia GP",,GAURAV GOGOI,,JORHAT,Completed,148632,2026-08-18T00:00:00.000Z,,,,,,,,,,,,Community Centers & Halls,Social Infrastructure
162641.0,6a932bb5cd94452437a18abb,Assam,Assam,LAKHIMPUR,LAKHIMPUR,DHEMAJI(DEPUTY COMMISSIONER DHEMAJI_IDA),DHEMAJI(DEPUTY COMMISSIONER DHEMAJI_IDA),Normal/Others,Normal/Others,499787.0,2025-08-30T00:00:00.000Z,2025.0,0.0,"Const. of Community hall near Deogharbari Aai Than, Nagaon, Bordoloni, for the year 2024-25","Const. of Community hall near Deogharbari Aai Than, Nagaon, Bordoloni, for the year 2024-25",,Pradan Baruah,,LAKHIMPUR,Completed,499787,2025-08-30T00:00:00.000Z,,,,,,,,,,,,Community Centers & Halls,Social Infrastructure
163853.0,6a932bb5cd94452437a18968,Assam,Assam,JORHAT,JORHAT,JORHAT(DEPUTY COMMISSIONER JORHAT_IDA),JORHAT(DEPUTY COMMISSIONER JORHAT_IDA),Normal/Others,Normal/Others,250000.0,2025-08-12T00:00:00.000Z,2025.0,0.0,"Construction of Pithakhuwa Gaon Youth Sangha Club Community Hall, Pithakhuwa,Selengat, Deogharia, 13. No Seleng GP","Construction of Pithakhuwa Gaon Youth Sangha Club Community Hall, Pithakhuwa,Selengat, Deogharia, 13. No Seleng GP",,GAURAV GOGOI,,JORHAT,Completed,250000,2025-08-12T00:00:00.000Z,,,,,,,,,,,,Community Centers & Halls,Social Infrastructure
163857.0,6a932bb5cd94452437a19717,Assam,Assam,JORHAT,JORHAT,JORHAT(DEPUTY COMMISSIONER JORHAT_IDA),JORHAT(DEPUTY COMMISSIONER JORHAT_IDA),Normal/Others,Normal/Others,250000.0,2025-10-06T00:00:00.000Z,2025.0,0.0,"Development of Puthinadi Ranga Mancha Community Hall, Puthinadi,Chungi Lahing, Nakachar, 17 No Pub Nakachari GP","Development of Puthinadi Ranga Mancha Community Hall, Puthinadi,Chungi Lahing, Nakachar, 17 No Pub Nakachari GP",,GAURAV GOGOI,,JORHAT,Completed,250000,2025-10-06T00:00:00.000Z,,,,,,,,,,,,Community Centers & Halls,Social Infrastructure
164861.0,6a932bb5cd94452437a1c971,Assam,Assam,Sonitpur,Sonitpur,"SONITPUR(Deputy Commissioner Sonitpur, Tezpur)","SONITPUR(Deputy Commissioner Sonitpur, Tezpur)",Repair and Renovation,Repair and Renovation,490768.0,2026-01-21T00:00:00.000Z,2026.0,0.0,"Repairing of Community Hall at Saikia Chuburi Namghar Campus, Majgaon, Tezpur","Repairing of Community Hall at Saikia Chuburi Namghar Campus, Majgaon, Tezpur",,RANJIT DUTTA,,Sonitpur,Completed,490768,2026-01-21T00:00:00.000Z,,,,,,,,,,,,Community Centers & Halls,Social Infrastructure
196487.0,6a932bb5cd94452437a1b9f2,Bihar,Bihar,PURVI CHAMPARAN,PURVI CHAMPARAN,PURBI CHAMPARAN(DISTRICT PLANNING OFFICER MOTHIHARI EAST CHAMPARAN_IDA),PURBI CHAMPARAN(DISTRICT PLANNING OFFICER MOTHIHARI EAST CHAMPARAN_IDA),Normal/Others,Normal/Others,1498840.0,2025-12-11T00:00:00.000Z,2025.0,0.0,Motihari Nagar Nigam Antargart Sri Krishan Sinha Mahila Mahavidhyala Ke Parishar Me Shed Ka Nirman Karya.,Motihari Nagar Nigam Antargart Sri Krishan Sinha Mahila Mahavidhyala Ke Parishar Me Shed Ka Nirman Karya.,,Radha Mohan Singh,,PURVI CHAMPARAN,Completed,1498840,2025-12-11T00:00:00.000Z,,,,,,,,,,,,Community Centers & Halls,Social Infrastructure
170397.0,6a932bb5cd94452437a1afee,Assam,Assam,Sonitpur,Sonitpur,"SONITPUR(Deputy Commissioner Sonitpur, Tezpur)","SONITPUR(Deputy Commissioner Sonitpur, Tezpur)",Normal/Others,Normal/Others,499959.0,2025-10-24T00:00:00.000Z,2025.0,0.0,"Construction of Community Hall at Kundarabari, Near Kundarabari Ranga Mancha","Construction of Community Hall at Kundarabari, Near Kundarabari Ranga Mancha",,RANJIT DUTTA,,Sonitpur,Completed,499959,2025-10-24T00:00:00.000Z,,,,,,,,,,,,Community Centers & Halls,Social Infrastructure
171032.0,6a932bb5cd94452437a1b424,Assam,Assam,DIBRUGARH,DIBRUGARH,TINSUKIA(DC Tinsukia),TINSUKIA(DC Tinsukia),Normal/Others,Normal/Others,940219.0,2026-05-08T00:00:00.000Z,2026.0,0.0,"Construction of Community Hall at Gellapukhuri Tea Estate 14 no. Line, Gellapukhuri Gaon","Construction of Community Hall at Gellapukhuri Tea Estate 14 no. Line, Gellapukhuri Gaon",,Shri Sarbananda Sonowal (18LS),,DIBRUGARH,Completed,940219,2026-05-08T00:00:00.000Z,,,,,,,,,,,,Community Centers & Halls,Social Infrastructure
173480.0,6a932bb5cd94452437a19322,Assam,Assam,Diphu,Diphu,KARBI ANGLONG(DEPUTY COMMISSIONER KARBI ANGLONG_IDA),KARBI ANGLONG(DEPUTY COMMISSIONER KARBI ANGLONG_IDA),Normal/Others,Normal/Others,1498825.0,2025-07-25T00:00:00.000Z,2025.0,0.0,"Construction of Open Stage at Phonglangso, Diphu","Construction of Open Stage at Phonglangso, Diphu",,AMARSING TISSO,,Diphu,Completed,1498825,2025-07-25T00:00:00.000Z,,,,,,,,,,,,Community Centers & Halls,Social Infrastructure
176687.0,6a932bb5cd94452437a19c7a,Assam,Assam,Sonitpur,Sonitpur,"SONITPUR(Deputy Commissioner Sonitpur, Tezpur)","SONITPUR(Deputy Commissioner Sonitpur, Tezpur)",Normal/Others,Normal/Others,1866320.0,2025-08-28T00:00:00.000Z,2025.0,0.0,"LED display system at D.C.  Conference Hall-II, Sonitpur, Tezpur","LED display system at D.C.  Conference Hall-II, Sonitpur, Tezpur",,RANJIT DUTTA,,Sonitpur,Completed,1866320,2025-08-28T00:00:00.000Z,,,,,,,,,,,,Community Centers & Halls,Social Infrastructure
138858.0,6a932bb5cd94452437a1d532,Andhra Pradesh,Andhra Pradesh,AMALAPURAM,AMALAPURAM,Dr. B.R. Ambedkar Konaseema(DISTRICT COLLECTOR Dr B R AMBEDKAR KONASEEMA_IDA),Dr. B.R. Ambedkar Konaseema(DISTRICT COLLECTOR Dr B R AMBEDKAR KONASEEMA_IDA),Normal/Others,Normal/Others,3507771.0,2026-02-27T00:00:00.000Z,2026.0,0.0,Construction of OC Community hall at Machara,Construction of OC Community hall at Machara,,GM Harish Balayogi,,AMALAPURAM,Completed,3507771,2026-02-27T00:00:00.000Z,,,,,,,,,,,,Community Centers & Halls,Social Infrastructure
182036.0,6a932bb5cd94452437a1885b,Assam,Assam,Sonitpur,Sonitpur,Biswanath(Deputy Commissioner Biswanath_IDA),Biswanath(Deputy Commissioner Biswanath_IDA),Normal/Others,Normal/Others,500000.0,2026-03-30T00:00:00.000Z,2026.0,0.0,Construction of Community Hall at Rangchali Sadhubasti Center,Construction of Community Hall at Rangchali Sadhubasti Center,,RANJIT DUTTA,,Sonitpur,Completed,500000,2026-03-30T00:00:00.000Z,,,,,,,,,,,,Community Centers & Halls,Social Infrastructure
184245.0,6a932bb5cd94452437a1c641,Assam,Assam,JORHAT,JORHAT,JORHAT(DEPUTY COMMISSIONER JORHAT_IDA),JORHAT(DEPUTY COMMISSIONER JORHAT_IDA),Normal/Others,Normal/Others,150000.0,2026-02-11T00:00:00.000Z,2026.0,0.0,"Construction of Community Centre near at Kali Mandir, Dehingia Para TE, Kathalguri GP","Construction of Community Centre near at Kali Mandir, Dehingia Para TE, Kathalguri GP",,GAURAV GOGOI,,JORHAT,Completed,150000,2026-02-11T00:00:00.000Z,,,,,,,,,,,,Community Centers & Halls,Social Infrastructure
196924.0,6a932bb5cd94452437a19f3f,Assam,Assam,LAKHIMPUR,LAKHIMPUR,DHEMAJI(DEPUTY COMMISSIONER DHEMAJI_IDA),DHEMAJI(DEPUTY COMMISSIONER DHEMAJI_IDA),Normal/Others,Normal/Others,300000.0,2025-09-03T00:00:00.000Z,2025.0,0.0,"Const. of community hall near Shri Shri Kath Bapu Satra, Sissiborgaon LAC under MPLADS, FY 2025-26","Const. of community hall near Shri Shri Kath Bapu Satra, Sissiborgaon LAC under MPLADS, FY 2025-26",,Pradan Baruah,,LAKHIMPUR,Completed,300000,2025-09-03T00:00:00.000Z,,,,,,,,,,,,Community Centers & Halls,Social Infrastructure
196926.0,6a932bb5cd94452437a19779,Assam,Assam,LAKHIMPUR,LAKHIMPUR,DHEMAJI(DEPUTY COMMISSIONER DHEMAJI_IDA),DHEMAJI(DEPUTY COMMISSIONER DHEMAJI_IDA),Normal/Others,Normal/Others,300000.0,2025-08-11T00:00:00.000Z,2025.0,0.0,"Const. of community hall near Dhunaguri Kalita Gaon Harimandir, Amguri GP under MPLADS, FY 2025-26","Const. of community hall near Dhunaguri Kalita Gaon Harimandir, Amguri GP under MPLADS, FY 2025-26",,Pradan Baruah,,LAKHIMPUR,Completed,300000,2025-08-11T00:00:00.000Z,,,,,,,,,,,,Community Centers & Halls,Social Infrastructure
196928.0,6a932bb5cd94452437a19d55,Assam,Assam,LAKHIMPUR,LAKHIMPUR,DHEMAJI(DEPUTY COMMISSIONER DHEMAJI_IDA),DHEMAJI(DEPUTY COMMISSIONER DHEMAJI_IDA),Normal/Others,Normal/Others,300000.0,2025-08-29T00:00:00.000Z,2025.0,0.0,"Const. of community hall near Namoni Chowkhamting Namghar, Sissiborgaon LAC under MPLADS, for the year 2025-26","Const. of community hall near Namoni Chowkhamting Namghar, Sissiborgaon LAC under MPLADS, for the year 2025-26",,Pradan Baruah,,LAKHIMPUR,Completed,300000,2025-08-29T00:00:00.000Z,,,,,,,,,,,,Community Centers & Halls,Social Infrastructure
206800.0,6a932bb5cd94452437a1b5fe,Assam,Assam,Sonitpur,Sonitpur,"SONITPUR(Deputy Commissioner Sonitpur, Tezpur)","SONITPUR(Deputy Commissioner Sonitpur, Tezpur)",Normal/Others,Normal/Others,499597.0,2025-11-17T00:00:00.000Z,2025.0,0.0,"Renovation or Construction of Community Hall at Barika Chuburi Smasan, Madhya Barika Chuburi, Tezpur","Renovation or Construction of Community Hall at Barika Chuburi Smasan, Madhya Barika Chuburi, Tezpur",,RANJIT DUTTA,,Sonitpur,Completed,499597,2025-11-17T00:00:00.000Z,,,,,,,,,,,,Community Centers & Halls,Social Infrastructure
207099.0,6a932bb5cd94452437a19d24,Assam,Assam,BARPETA,BARPETA,NALBARI(DEPUTY COMMISSIONER NALBARI_IDA),NALBARI(DEPUTY COMMISSIONER NALBARI_IDA),Normal/Others,Normal/Others,1000000.0,2026-02-05T00:00:00.000Z,2026.0,0.0,"Construction of Dining Hall near Sri Sri Shiva Mandir, Shantidham Nalbari","Construction of Dining Hall near Sri Sri Shiva Mandir, Shantidham Nalbari",,PHANI BHUSAN CHOUDHURY,,BARPETA,Completed,1000000,2026-02-05T00:00:00.000Z,,,,,,,,,,,,Community Centers & Halls,Social Infrastructure
211185.0,6a932bb5cd94452437a1bf9e,Assam,Assam,KOKRAJHAR,KOKRAJHAR,KOKRAJHAR(DEPUTY COMMISSIONER KOKRAJHAR_IDA),KOKRAJHAR(DEPUTY COMMISSIONER KOKRAJHAR_IDA),Normal/Others,Normal/Others,998502.0,2025-12-19T00:00:00.000Z,2025.0,0.0,Construction of Community hall at Narabari village under Nepalpara VCDC,Construction of Community hall at Narabari village under Nepalpara VCDC,,JOYANTA BASUMATARY,,KOKRAJHAR,Completed,998502,2025-12-19T00:00:00.000Z,,,,,,,,,,,,Community Centers & Halls,Social Infrastructure
223891.0,6a932bb5cd94452437a1b376,Assam,Assam,Darrang-Udalguri,Darrang-Udalguri,UDALGURI(DEPUTY COMMISSIONER Udalguri_IDA),UDALGURI(DEPUTY COMMISSIONER Udalguri_IDA),Normal/Others,Normal/Others,400000.0,2026-02-17T00:00:00.000Z,2026.0,0.0,"Construction of Community Hall near Kadamguri Burha Gohain Than,No.2 Purani Bhergaon","Construction of Community Hall near Kadamguri Burha Gohain Than,No.2 Purani Bhergaon",,Dilip Saikia,,Darrang-Udalguri,Completed,400000,2026-02-17T00:00:00.000Z,,,,,,,,,,,,Community Centers & Halls,Social Infrastructure
223974.0,6a932bb5cd94452437a1c23c,Assam,Assam,Darrang-Udalguri,Darrang-Udalguri,UDALGURI(DEPUTY COMMISSIONER Udalguri_IDA),UDALGURI(DEPUTY COMMISSIONER Udalguri_IDA),Normal/Others,Normal/Others,400000.0,2026-03-02T00:00:00.000Z,2026.0,0.0,Const. of Community Hall at Kalaigaon Press Guild.,Const. of Community Hall at Kalaigaon Press Guild.,,Dilip Saikia,,Darrang-Udalguri,Completed,400000,2026-03-02T00:00:00.000Z,,,,,,,,,,,,Community Centers & Halls,Social Infrastructure
245635.0,6a932bb5cd94452437a1d54a,Assam,Assam,LAKHIMPUR,LAKHIMPUR,DHEMAJI(DEPUTY COMMISSIONER DHEMAJI_IDA),DHEMAJI(DEPUTY COMMISSIONER DHEMAJI_IDA),Normal/Others,Normal/Others,299985.0,2026-02-27T00:00:00.000Z,2026.0,0.0,"Const. of community hall near Kalpanapur Namghar, Sissiborgaon LAC","Const. of community hall near Kalpanapur Namghar, Sissiborgaon LAC",,Pradan Baruah,,LAKHIMPUR,Completed,299985,2026-02-27T00:00:00.000Z,,,,,,,,,,,,Community Centers & Halls,Social Infrastructure
245637.0,6a932bb5cd94452437a1dd57,Assam,Assam,LAKHIMPUR,LAKHIMPUR,DHEMAJI(DEPUTY COMMISSIONER DHEMAJI_IDA),DHEMAJI(DEPUTY COMMISSIONER DHEMAJI_IDA),Normal/Others,Normal/Others,297000.0,2026-03-31T00:00:00.000Z,2026.0,0.0,"Const. of community hall near Garmarah Bhakati Roshan Prathamik Hakha Namghar, Sissiborgaon LAC under MPLADS, FY 2025-26","Const. of community hall near Garmarah Bhakati Roshan Prathamik Hakha Namghar, Sissiborgaon LAC under MPLADS, FY 2025-26",,Pradan Baruah,,LAKHIMPUR,Completed,297000,2026-03-31T00:00:00.000Z,,,,,,,,,,,,Community Centers & Halls,Social Infrastructure
134702.0,6a932bb5cd94452437a16a87,Bihar,Bihar,PURVI CHAMPARAN,PURVI CHAMPARAN,PURBI CHAMPARAN(DISTRICT PLANNING OFFICER MOTHIHARI EAST CHAMPARAN_IDA),PURBI CHAMPARAN(DISTRICT PLANNING OFFICER MOTHIHARI EAST CHAMPARAN_IDA),Normal/Others,Normal/Others,1363504.0,2024-12-16T00:00:00.000Z,2024.0,0.0,SANGRAMPUR BAJAR ME SHEDYUKT CHABUTARA KE AAGE SHED KA NIRMAN.,SANGRAMPUR BAJAR ME SHEDYUKT CHABUTARA KE AAGE SHED KA NIRMAN.,,Radha Mohan Singh,,PURVI CHAMPARAN,Completed,1363504,2024-12-16T00:00:00.000Z,,,,,,,,,,,,Community Centers & Halls,Social Infrastructure
135979.0,6a932bb5cd94452437a16a89,Bihar,Bihar,PURVI CHAMPARAN,PURVI CHAMPARAN,PURBI CHAMPARAN(DISTRICT PLANNING OFFICER MOTHIHARI EAST CHAMPARAN_IDA),PURBI CHAMPARAN(DISTRICT PLANNING OFFICER MOTHIHARI EAST CHAMPARAN_IDA),Normal/Others,Normal/Others,1495894.0,2025-04-26T00:00:00.000Z,2025.0,0.0,MOTIHARI NAGAR KE LUMBINI BHAWAN KE PICCHE BUDDH VIHAR PARISAR ME CHABUTARA KA NIRMAN KARYA.,MOTIHARI NAGAR KE LUMBINI BHAWAN KE PICCHE BUDDH VIHAR PARISAR ME CHABUTARA KA NIRMAN KARYA.,,Radha Mohan Singh,,PURVI CHAMPARAN,Completed,1495894,2025-04-26T00:00:00.000Z,,,,,,,,,,,,Community Centers & Halls,Social Infrastructure
168686.0,6a932bb5cd94452437a19d45,Andhra Pradesh,Andhra Pradesh,SRIKAKULAM,SRIKAKULAM,SRIKAKULAM(District Collector Srikakulam_IDA),SRIKAKULAM(District Collector Srikakulam_IDA),Normal/Others,Normal/Others,499598.0,2026-04-22T00:00:00.000Z,2026.0,0.0,Construction of Community Hall at Lollaputtuga Village of B.G.Puttuga GP of Kacviti mandal,Construction of Community Hall at Lollaputtuga Village of B.G.Puttuga GP of Kacviti mandal,,Kinjarapu Ram Mohan Naidu,,SRIKAKULAM,Completed,499598,2026-04-22T00:00:00.000Z,,,,,,,,,,,,Community Centers & Halls,Social Infrastructure
136944.0,6a932bb5cd94452437a16d8f,Bihar,Bihar,BUXAR,BUXAR,KAIMUR (BHABUA)(DISTRICT PLANNING OFFICER KAIMUR BHABUA_IDA),KAIMUR (BHABUA)(DISTRICT PLANNING OFFICER KAIMUR BHABUA_IDA),Normal/Others,Normal/Others,796448.0,2025-03-24T00:00:00.000Z,2025.0,0.0,construction of community hall at gorar(Durgawati),construction of community hall at gorar(Durgawati),,SUDHAKAR SINGH,,BUXAR,Completed,796448,2025-03-24T00:00:00.000Z,,,,,,,,,,,,Community Centers & Halls,Social Infrastructure
168690.0,6a932bb5cd94452437a1b02a,Andhra Pradesh,Andhra Pradesh,SRIKAKULAM,SRIKAKULAM,SRIKAKULAM(District Collector Srikakulam_IDA),SRIKAKULAM(District Collector Srikakulam_IDA),Normal/Others,Normal/Others,471605.0,2025-10-25T00:00:00.000Z,2025.0,0.0,Construction of Community Hall at Gokarnapuram village and GP of Kanchili mandal,Construction of Community Hall at Gokarnapuram village and GP of Kanchili mandal,,Kinjarapu Ram Mohan Naidu,,SRIKAKULAM,Completed,471605,2025-10-25T00:00:00.000Z,,,,,,,,,,,,Community Centers & Halls,Social Infrastructure
137003.0,6a932bb5cd94452437a17d7e,Bihar,Bihar,BUXAR,BUXAR,ROHTAS(District Planning Officer Rohtas_IDA),ROHTAS(District Planning Officer Rohtas_IDA),Normal/Others,Normal/Others,1488054.0,2025-12-08T00:00:00.000Z,2025.0,0.0,Construction of community hall including toilet in campus of bhaluni,Construction of community hall including toilet in campus of bhaluni,,SUDHAKAR SINGH,,BUXAR,Completed,1488054,2025-12-08T00:00:00.000Z,,,,,,,,,,,,Community Centers & Halls,Social Infrastructure
168701.0,6a932bb5cd94452437a1c62b,Andhra Pradesh,Andhra Pradesh,SRIKAKULAM,SRIKAKULAM,SRIKAKULAM(District Collector Srikakulam_IDA),SRIKAKULAM(District Collector Srikakulam_IDA),Normal/Others,Normal/Others,490311.0,2026-04-13T00:00:00.000Z,2026.0,0.0,Construction of Community Hall at RH Colony of Loddaputti Village and GP of Ichapuram mandal,Construction of Community Hall at RH Colony of Loddaputti Village and GP of Ichapuram mandal,,Kinjarapu Ram Mohan Naidu,,SRIKAKULAM,Completed,490311,2026-04-13T00:00:00.000Z,,,,,,,,,,,,Community Centers & Halls,Social Infrastructure
137686.0,6a932bb5cd94452437a17e22,Bihar,Bihar,PATNA SAHIB,PATNA SAHIB,PATNA(DISTRICT PLANNING OFFICER PATNA_IDA),PATNA(DISTRICT PLANNING OFFICER PATNA_IDA),Normal/Others,Normal/Others,1326673.0,2025-04-29T00:00:00.000Z,2025.0,0.0,Construction work of community hall near Bhagwati place in Kandap village of Sampatchak block under Fatua Legislative Assembly.,Construction work of community hall near Bhagwati place in Kandap village of Sampatchak block under Fatua Legislative Assembly.,,Ravi Shankar Prasad,,PATNA SAHIB,Completed,1326673,2025-04-29T00:00:00.000Z,,,,,,,,,,,,Community Centers & Halls,Social Infrastructure
137930.0,6a932bb5cd94452437a16a88,Bihar,Bihar,PURVI CHAMPARAN,PURVI CHAMPARAN,PURBI CHAMPARAN(DISTRICT PLANNING OFFICER MOTHIHARI EAST CHAMPARAN_IDA),PURBI CHAMPARAN(DISTRICT PLANNING OFFICER MOTHIHARI EAST CHAMPARAN_IDA),Normal/Others,Normal/Others,858756.0,2024-12-16T00:00:00.000Z,2024.0,0.0,Sangrampur block ke bazar me shedyukt chabutara ke samane shed ka nirman karya part-2,Sangrampur block ke bazar me shedyukt chabutara ke samane shed ka nirman karya part-2,,Radha Mohan Singh,,PURVI CHAMPARAN,Completed,858756,2024-12-16T00:00:00.000Z,,,,,,,,,,,,Community Centers & Halls,Social Infrastructure
212356.0,6a932bb5cd94452437a1c583,Bihar,Bihar,HAJIPUR,HAJIPUR,VAISHALI(DISTRICT PLANNING OFFICER VAISHALI_IDA),VAISHALI(DISTRICT PLANNING OFFICER VAISHALI_IDA),Repair and Renovation,Repair and Renovation,984031.0,2026-01-12T00:00:00.000Z,2026.0,0.0,Lalganj Nagar Parishad Ke Ward No. 6 Me Sharda Sadan Pustakalaya Bhawan Ka Jirnodhar,Lalganj Nagar Parishad Ke Ward No. 6 Me Sharda Sadan Pustakalaya Bhawan Ka Jirnodhar,,CHIRAG PASWAN,,HAJIPUR,Completed,984031,2026-01-12T00:00:00.000Z,,,,,,,,,,,,Community Centers & Halls,Social Infrastructure
212912.0,6a932bb5cd94452437a1af51,Bihar,Bihar,MAHARAJGANJ,MAHARAJGANJ,SIWAN(DISTRICT PLANNING OFFICER SIWAN_IDA),SIWAN(DISTRICT PLANNING OFFICER SIWAN_IDA),Normal/Others,Normal/Others,635830.0,2025-10-18T00:00:00.000Z,2025.0,0.0,Maharajganj Nagar Panchayat Antargat Gorakh Singh Mahavidyalaya Campus me Prashasnik Bhawan ke Samne Wali Sadak ka PCC Nirman,Maharajganj Nagar Panchayat Antargat Gorakh Singh Mahavidyalaya Campus me Prashasnik Bhawan ke Samne Wali Sadak ka PCC Nirman,,Shri Janardan Singh Sigriwal ,,MAHARAJGANJ,Completed,635830,2025-10-18T00:00:00.000Z,,,,,,,,,,,,Community Centers & Halls,Social Infrastructure
157521.0,6a932bb5cd94452437a193fe,Andhra Pradesh,Andhra Pradesh,ANANTAPUR,ANANTAPUR,Ananthapuramu(DISTRICT COLLECTOR ANANTAPUR_IDA),Ananthapuramu(DISTRICT COLLECTOR ANANTAPUR_IDA),Normal/Others,Normal/Others,481796.0,2025-07-28T00:00:00.000Z,2025.0,0.0,Construction of Community Hall at Appajipeta village of  Pamidi Mandal,Construction of Community Hall at Appajipeta village of  Pamidi Mandal,,AMBICA G LAKSHMINARAYANA VALMIKI,,ANANTAPUR,Completed,481796,2025-07-28T00:00:00.000Z,,,,,,,,,,,,Community Centers & Halls,Social Infrastructure
220601.0,6a932bb5cd94452437a1bf98,Bihar,Bihar,PURVI CHAMPARAN,PURVI CHAMPARAN,PURBI CHAMPARAN(DISTRICT PLANNING OFFICER MOTHIHARI EAST CHAMPARAN_IDA),PURBI CHAMPARAN(DISTRICT PLANNING OFFICER MOTHIHARI EAST CHAMPARAN_IDA),Normal/Others,Normal/Others,1495024.0,2025-12-30T00:00:00.000Z,2025.0,0.0,CHARKHA PARK KE NAJDIK YATRI SHED KA NIRMAN.,CHARKHA PARK KE NAJDIK YATRI SHED KA NIRMAN.,,Radha Mohan Singh,,PURVI CHAMPARAN,Completed,1495024,2025-12-30T00:00:00.000Z,,,,,,,,,,,,Community Centers & Halls,Social Infrastructure
221399.0,6a932bb5cd94452437a1c7f2,Bihar,Bihar,MAHARAJGANJ,MAHARAJGANJ,SIWAN(DISTRICT PLANNING OFFICER SIWAN_IDA),SIWAN(DISTRICT PLANNING OFFICER SIWAN_IDA),Normal/Others,Normal/Others,533778.0,2026-01-15T00:00:00.000Z,2026.0,0.0,Goraiyakothi Prakhand ke Panchayat Barhoga Purushotam Antargat Gram Barhoga Yadu me Panchayt Bhawan and Anganwari Kendra ka Chahardiwari Nirman Karya,Goraiyakothi Prakhand ke Panchayat Barhoga Purushotam Antargat Gram Barhoga Yadu me Panchayt Bhawan and Anganwari Kendra ka Chahardiwari Nirman Karya,,Shri Janardan Singh Sigriwal ,,MAHARAJGANJ,Completed,533778,2026-01-15T00:00:00.000Z,,,,,,,,,,,,Community Centers & Halls,Social Infrastructure
214114.0,6a932bb5cd94452437a18c2e,Bihar,Bihar,BANKA,BANKA,BANKA(DISTRICT PLANNING OFFICER BANKA_IDA),BANKA(DISTRICT PLANNING OFFICER BANKA_IDA),Normal/Others,Normal/Others,1334000.0,2025-07-07T00:00:00.000Z,2025.0,0.0,Construction of SS bus shed,Construction of SS bus shed,,Giridhari Yadav,,BANKA,Completed,1334000,2025-07-07T00:00:00.000Z,,,,,,,,,,,,Community Centers & Halls,Social Infrastructure
215039.0,6a932bb5cd94452437a1e125,Bihar,Bihar,NALANDA,NALANDA,NALANDA(DISTRICT PLANNING OFFICER NALANDA_IDA),NALANDA(DISTRICT PLANNING OFFICER NALANDA_IDA),Normal/Others,Normal/Others,432750.0,2026-04-20T00:00:00.000Z,2026.0,0.0,Giriyak block ke gram gajipur me khata 500 khesra 891 par samudaik bhawan ka nirman.,Giriyak block ke gram gajipur me khata 500 khesra 891 par samudaik bhawan ka nirman.,,Kaushalendra Kumar,,NALANDA,Completed,432750,2026-04-20T00:00:00.000Z,,,,,,,,,,,,Community Centers & Halls,Social Infrastructure
215152.0,6a932bb5cd94452437a18c29,Bihar,Bihar,BANKA,BANKA,BANKA(DISTRICT PLANNING OFFICER BANKA_IDA),BANKA(DISTRICT PLANNING OFFICER BANKA_IDA),Normal/Others,Normal/Others,1334000.0,2025-07-07T00:00:00.000Z,2025.0,0.0,Katoriya Nagar panchayat Ward No- 6 ke gram Bhairopur Kali Mandir ke pass SS Yatri Shed (Steel) ka nirman.,Katoriya Nagar panchayat Ward No- 6 ke gram Bhairopur Kali Mandir ke pass SS Yatri Shed (Steel) ka nirman.,,Giridhari Yadav,,BANKA,Completed,1334000,2025-07-07T00:00:00.000Z,,,,,,,,,,,,Community Centers & Halls,Social Infrastructure
215516.0,6a932bb5cd94452437a1dc55,Bihar,Bihar,BEGUSARAI,BEGUSARAI,BEGUSARAI(DISTRICT PLANNING OFFICER BEGUSARAI_IDA),BEGUSARAI(DISTRICT PLANNING OFFICER BEGUSARAI_IDA),Normal/Others,Normal/Others,1390459.0,2026-03-25T00:00:00.000Z,2026.0,0.0,community hall ward no 3 rajkrit wani vilas sanskrit uchh Vidhyalay,community hall ward no 3 rajkrit wani vilas sanskrit uchh Vidhyalay,,Giriraj Singh,,BEGUSARAI,Completed,1390459,2026-03-25T00:00:00.000Z,,,,,,,,,,,,Community Centers & Halls,Social Infrastructure
234011.0,6a932bb5cd94452437a1dd0b,Bihar,Bihar,PURVI CHAMPARAN,PURVI CHAMPARAN,PURBI CHAMPARAN(DISTRICT PLANNING OFFICER MOTHIHARI EAST CHAMPARAN_IDA),PURBI CHAMPARAN(DISTRICT PLANNING OFFICER MOTHIHARI EAST CHAMPARAN_IDA),Repair and Renovation,Repair and Renovation,497619.0,2026-05-08T00:00:00.000Z,2026.0,0.0,MOTIHARI NAGAR NIGAM KE GAYATRI  MANDIR KE SAMNE SAMUDAAYIK BHAWAN KA MARMATTI EWAM VIKAS KARYA.,MOTIHARI NAGAR NIGAM KE GAYATRI  MANDIR KE SAMNE SAMUDAAYIK BHAWAN KA MARMATTI EWAM VIKAS KARYA.,,Radha Mohan Singh,,PURVI CHAMPARAN,Completed,497619,2026-05-08T00:00:00.000Z,,,,,,,,,,,,Community Centers & Halls,Social Infrastructure
236703.0,6a932bb5cd94452437a1e82b,Bihar,Bihar,SITAMARHI,SITAMARHI,SITAMARHI(DISTRICT PLANNING OFFICER SITAMARHI_IDA),SITAMARHI(DISTRICT PLANNING OFFICER SITAMARHI_IDA),Normal/Others,Normal/Others,360000.0,2026-07-27T00:00:00.000Z,2026.0,0.0,"A 9-meter high, 36-watt Fourlims solar LED semi mast equipped with an L1 P04 battery and mounted on an octagonal pole has been installed near Samarharnalay Chowk, close to Vakalat Khan Hall, located in Ward No. 43, Dumra, Sitamarhi district.","A 9-meter high, 36-watt Fourlims solar LED semi mast equipped with an L1 P04 battery and mounted on an octagonal pole has been installed near Samarharnalay Chowk, close to Vakalat Khan Hall, located in Ward No. 43, Dumra, Sitamarhi district.",,DEVESH CHANDRA THAKUR,,SITAMARHI,Completed,360000,2026-07-27T00:00:00.000Z,,,,,,,,,,,,Community Centers & Halls,Social Infrastructure
172277.0,6a932bb5cd94452437a1d39a,Andhra Pradesh,Andhra Pradesh,ANANTAPUR,ANANTAPUR,Ananthapuramu(DISTRICT COLLECTOR ANANTAPUR_IDA),Ananthapuramu(DISTRICT COLLECTOR ANANTAPUR_IDA),Normal/Others,Normal/Others,475150.0,2026-02-21T00:00:00.000Z,2026.0,0.0,"Construction of Compound Wall to Community Hall at Mamuduru (V), Gooty (M)","Construction of Compound Wall to Community Hall at Mamuduru (V), Gooty (M)",,AMBICA G LAKSHMINARAYANA VALMIKI,,ANANTAPUR,Completed,475150,2026-02-21T00:00:00.000Z,,,,,,,,,,,,Community Centers & Halls,Social Infrastructure
146139.0,6a932bb5cd94452437a18055,Bihar,Bihar,KISHANGANJ,KISHANGANJ,PURNIA(DISTRICT PLANNING OFFICER PURNIA_IDA),PURNIA(DISTRICT PLANNING OFFICER PURNIA_IDA),Normal/Others,Normal/Others,635000.0,2025-05-10T00:00:00.000Z,2025.0,0.0,BAISI PRAKHAND ANTARGART CHOPRA PANCHAYAT KE CHOPRA PANCHAYAT BHAWAN MASJID AND MADARSA KE NIKAT ME (12 METER) HIGH MAST LIGHT,BAISI PRAKHAND ANTARGART CHOPRA PANCHAYAT KE CHOPRA PANCHAYAT BHAWAN MASJID AND MADARSA KE NIKAT ME (12 METER) HIGH MAST LIGHT,,Dr Mohammad Jawed,,KISHANGANJ,Completed,635000,2025-05-10T00:00:00.000Z,,,,,,,,,,,,Community Centers & Halls,Social Infrastructure
172286.0,6a932bb5cd94452437a18568,Andhra Pradesh,Andhra Pradesh,ANANTAPUR,ANANTAPUR,Ananthapuramu(DISTRICT COLLECTOR ANANTAPUR_IDA),Ananthapuramu(DISTRICT COLLECTOR ANANTAPUR_IDA),Repair and Renovation,Repair and Renovation,500000.0,2025-06-10T00:00:00.000Z,2025.0,0.0,"Providing Roof slab to Community Hall at 39th Division, Anantapur","Providing Roof slab to Community Hall at 39th Division, Anantapur",,AMBICA G LAKSHMINARAYANA VALMIKI,,ANANTAPUR,Completed,500000,2025-06-10T00:00:00.000Z,,,,,,,,,,,,Community Centers & Halls,Social Infrastructure
143624.0,6a932bb5cd94452437a1a4bf,Bihar,Bihar,BUXAR,BUXAR,KAIMUR (BHABUA)(DISTRICT PLANNING OFFICER KAIMUR BHABUA_IDA),KAIMUR (BHABUA)(DISTRICT PLANNING OFFICER KAIMUR BHABUA_IDA),Normal/Others,Normal/Others,296036.0,2025-09-23T00:00:00.000Z,2025.0,0.0,Construction of common shed and sitting area at Gandhi Ji Memorial Chowk Baruna(Kota),Construction of common shed and sitting area at Gandhi Ji Memorial Chowk Baruna(Kota),,SUDHAKAR SINGH,,BUXAR,Completed,296036,2025-09-23T00:00:00.000Z,,,,,,,,,,,,Community Centers & Halls,Social Infrastructure
143626.0,6a932bb5cd94452437a17345,Bihar,Bihar,BUXAR,BUXAR,KAIMUR (BHABUA)(DISTRICT PLANNING OFFICER KAIMUR BHABUA_IDA),KAIMUR (BHABUA)(DISTRICT PLANNING OFFICER KAIMUR BHABUA_IDA),Normal/Others,Normal/Others,926359.0,2025-11-18T00:00:00.000Z,2025.0,0.0,Construction of community hall with toilet near Ram Janki pond at Nuaon,Construction of community hall with toilet near Ram Janki pond at Nuaon,,SUDHAKAR SINGH,,BUXAR,Completed,926359,2025-11-18T00:00:00.000Z,,,,,,,,,,,,Community Centers & Halls,Social Infrastructure
145370.0,6a932bb5cd94452437a173c2,Bihar,Bihar,MADHUBANI,MADHUBANI,MADHUBANI(DISTRICT PLANNING OFFICER MADHUBANI_IDA),MADHUBANI(DISTRICT PLANNING OFFICER MADHUBANI_IDA),Normal/Others,Normal/Others,933991.0,2025-07-14T00:00:00.000Z,2025.0,0.0,"Construction of community halls
near Shapur durga mandir 
block: Pandaul panchayat:Sripur Hati south.","Construction of community halls
near Shapur durga mandir 
block: Pandaul panchayat:Sripur Hati south.",,Ashok Kumar Yadav ,,MADHUBANI,Completed,933991,2025-07-14T00:00:00.000Z,,,,,,,,,,,,Community Centers & Halls,Social Infrastructure
154849.0,6a932bb5cd94452437a172c5,Bihar,Bihar,PURVI CHAMPARAN,PURVI CHAMPARAN,PURBI CHAMPARAN(DISTRICT PLANNING OFFICER MOTHIHARI EAST CHAMPARAN_IDA),PURBI CHAMPARAN(DISTRICT PLANNING OFFICER MOTHIHARI EAST CHAMPARAN_IDA),Normal/Others,Normal/Others,1488002.0,2025-05-30T00:00:00.000Z,2025.0,0.0,Motihari Police adhikshak ke aawas me bairak (community building)ka nirman kary.,Motihari Police adhikshak ke aawas me bairak (community building)ka nirman kary.,,Radha Mohan Singh,,PURVI CHAMPARAN,Completed,1488002,2025-05-30T00:00:00.000Z,,,,,,,,,,,,Community Centers & Halls,Social Infrastructure
267574.0,6a932bb5cd94452437a1df97,Bihar,Bihar,MADHEPURA,MADHEPURA,SAHARSA(DISTRICT PLANNING OFFICER SAHARSA_IDA),SAHARSA(DISTRICT PLANNING OFFICER SAHARSA_IDA),Normal/Others,Normal/Others,697000.0,2026-05-06T00:00:00.000Z,2026.0,0.0,Saurbazar Prakhand antargat Nado Panchayat ke ward no-13 nado mey Panchayat Bhawan ke nikat High Mast Light ka adhishthapan.,Saurbazar Prakhand antargat Nado Panchayat ke ward no-13 nado mey Panchayat Bhawan ke nikat High Mast Light ka adhishthapan.,,Dinesh Chandra Yadav,,MADHEPURA,Completed,697000,2026-05-06T00:00:00.000Z,,,,,,,,,,,,Community Centers & Halls,Social Infrastructure
155590.0,6a932bb5cd94452437a1880f,Bihar,Bihar,VALMIKI NAGAR,VALMIKI NAGAR,PASHCHIM CHAMPARAN(DISTRICT PLANNING OFFICER WEST CHAMPARANBETTIAH_IDA),PASHCHIM CHAMPARAN(DISTRICT PLANNING OFFICER WEST CHAMPARANBETTIAH_IDA),Normal/Others,Normal/Others,797864.0,2025-12-19T00:00:00.000Z,2025.0,0.0,prakhand bagaha1 panchayat lagunaha chautarwa antargat kot maai sthan ke bagal me samudayik bhawan ka nirman kary,prakhand bagaha1 panchayat lagunaha chautarwa antargat kot maai sthan ke bagal me samudayik bhawan ka nirman kary,,Sunil Kumar ,,VALMIKI NAGAR,Completed,797864,2025-12-19T00:00:00.000Z,,,,,,,,,,,,Community Centers & Halls,Social Infrastructure
155627.0,6a932bb5cd94452437a1bf19,Bihar,Bihar,VALMIKI NAGAR,VALMIKI NAGAR,PASHCHIM CHAMPARAN(DISTRICT PLANNING OFFICER WEST CHAMPARANBETTIAH_IDA),PASHCHIM CHAMPARAN(DISTRICT PLANNING OFFICER WEST CHAMPARANBETTIAH_IDA),Normal/Others,Normal/Others,790862.0,2026-08-07T00:00:00.000Z,2026.0,0.0,parkhand bagha 2  panchayat jimri nautanwa antrgat srswati shishu  gyan mandir  ke bagal me  sarvjnik bhumi par samudayik bhawan ka nirman,parkhand bagha 2  panchayat jimri nautanwa antrgat srswati shishu  gyan mandir  ke bagal me  sarvjnik bhumi par samudayik bhawan ka nirman,,Sunil Kumar ,,VALMIKI NAGAR,Completed,790862,2026-08-07T00:00:00.000Z,,,,,,,,,,,,Community Centers & Halls,Social Infrastructure
155637.0,6a932bb5cd94452437a1c5e5,Bihar,Bihar,VALMIKI NAGAR,VALMIKI NAGAR,PASHCHIM CHAMPARAN(DISTRICT PLANNING OFFICER WEST CHAMPARANBETTIAH_IDA),PASHCHIM CHAMPARAN(DISTRICT PLANNING OFFICER WEST CHAMPARANBETTIAH_IDA),Normal/Others,Normal/Others,790199.0,2026-01-22T00:00:00.000Z,2026.0,0.0,prakhand madhubani panchayat daunaha gram murgahwa me thakur sri ram janki madur ke bagal me samudayik bhawan ka nirman kary,prakhand madhubani panchayat daunaha gram murgahwa me thakur sri ram janki madur ke bagal me samudayik bhawan ka nirman kary,,Sunil Kumar ,,VALMIKI NAGAR,Completed,790199,2026-01-22T00:00:00.000Z,,,,,,,,,,,,Community Centers & Halls,Social Infrastructure
155649.0,6a932bb5cd94452437a18828,Bihar,Bihar,VALMIKI NAGAR,VALMIKI NAGAR,PASHCHIM CHAMPARAN(DISTRICT PLANNING OFFICER WEST CHAMPARANBETTIAH_IDA),PASHCHIM CHAMPARAN(DISTRICT PLANNING OFFICER WEST CHAMPARANBETTIAH_IDA),Normal/Others,Normal/Others,895129.0,2026-01-28T00:00:00.000Z,2026.0,0.0,prakhand thakraha panchayat srinagar ward 15 me baliram prasad ke ghar ke pass samudayik bhavan ka nirman kary,prakhand thakraha panchayat srinagar ward 15 me baliram prasad ke ghar ke pass samudayik bhavan ka nirman kary,,Sunil Kumar ,,VALMIKI NAGAR,Completed,895129,2026-01-28T00:00:00.000Z,,,,,,,,,,,,Community Centers & Halls,Social Infrastructure
232686.0,6a932bb5cd94452437a1c4a1,Chandigarh,Chandigarh,CHANDIGARH,CHANDIGARH,CHANDIGARH(DEPUTY COMMISSIONER ZILLA PARISHAD CHANDIGARH_IDA),CHANDIGARH(DEPUTY COMMISSIONER ZILLA PARISHAD CHANDIGARH_IDA),Normal/Others,Normal/Others,237956.0,2026-02-05T00:00:00.000Z,2026.0,0.0,"For construction of temporary shed in Labour Chowk, Sector 44, Ward No. 32, Chandigarh.","For construction of temporary shed in Labour Chowk, Sector 44, Ward No. 32, Chandigarh.",,MANISH TEWARI,,CHANDIGARH,Completed,237956,2026-02-05T00:00:00.000Z,,,,,,,,,,,,Community Centers & Halls,Social Infrastructure
134661.0,6a932bb5cd94452437a1674d,Chhattisgarh,Chhattisgarh,JANJGIR CHAMPA,JANJGIR CHAMPA,SAKTI(COLLECTOR SAKTI_IDA),SAKTI(COLLECTOR SAKTI_IDA),Normal/Others,Normal/Others,500000.0,2025-02-19T00:00:00.000Z,2025.0,0.0,Gram-kanchanpur me sarvajanik samudaik bhavan (patel mohalla me)Ahata nirmaran,Gram-kanchanpur me sarvajanik samudaik bhavan (patel mohalla me)Ahata nirmaran,,KAMLESH JANGDE,,JANJGIR CHAMPA,Completed,500000,2025-02-19T00:00:00.000Z,,,,,,,,,,,,Community Centers & Halls,Social Infrastructure
134670.0,6a932bb5cd94452437a165c3,Chhattisgarh,Chhattisgarh,JANJGIR CHAMPA,JANJGIR CHAMPA,JANJGIR-CHAMPA(DISTRICT COLLECTOR JANJGIR CHAMPA_IDA),JANJGIR-CHAMPA(DISTRICT COLLECTOR JANJGIR CHAMPA_IDA),Normal/Others,Normal/Others,598982.0,2024-11-14T00:00:00.000Z,2024.0,0.0,Construction of community building in the Muslim locality.,Construction of community building in the Muslim locality.,,KAMLESH JANGDE,,JANJGIR CHAMPA,Completed,598982,2024-11-14T00:00:00.000Z,,,,,,,,,,,,Community Centers & Halls,Social Infrastructure
140544.0,6a932bb5cd94452437a16828,Chhattisgarh,Chhattisgarh,KORBA,KORBA,Gaurela-Pendra-Marwahi(Collector GPM_IDA),Gaurela-Pendra-Marwahi(Collector GPM_IDA),Normal/Others,Normal/Others,499992.0,2026-05-13T00:00:00.000Z,2026.0,0.0,"Samudayik Bhawan construction at Anjani, Gram Panchayat - Anjani, Vikas Khand - Gaurela","Samudayik Bhawan construction at Anjani, Gram Panchayat - Anjani, Vikas Khand - Gaurela",,Jyotsna Charandas Mahant ,,KORBA,Completed,499992,2026-05-13T00:00:00.000Z,,,,,,,,,,,,Community Centers & Halls,Social Infrastructure
140677.0,6a932bb5cd94452437a166c3,Chhattisgarh,Chhattisgarh,KORBA,KORBA,Gaurela-Pendra-Marwahi(Collector GPM_IDA),Gaurela-Pendra-Marwahi(Collector GPM_IDA),Normal/Others,Normal/Others,499839.0,2026-02-16T00:00:00.000Z,2026.0,0.0,"Samudayik Bhawan Construction at Sadak Para, Gram Panchayat - Amarpur, Vikas Khand - Pedra","Samudayik Bhawan Construction at Sadak Para, Gram Panchayat - Amarpur, Vikas Khand - Pedra",,Jyotsna Charandas Mahant ,,KORBA,Completed,499839,2026-02-16T00:00:00.000Z,,,,,,,,,,,,Community Centers & Halls,Social Infrastructure
140683.0,6a932bb5cd94452437a166cc,Chhattisgarh,Chhattisgarh,KORBA,KORBA,Gaurela-Pendra-Marwahi(Collector GPM_IDA),Gaurela-Pendra-Marwahi(Collector GPM_IDA),Normal/Others,Normal/Others,199559.0,2025-12-11T00:00:00.000Z,2025.0,0.0,"Shed construction at Gram Panchayat Deori Kalan, Janpad - Pendra","Shed construction at Gram Panchayat Deori Kalan, Janpad - Pendra",,Jyotsna Charandas Mahant ,,KORBA,Completed,199559,2025-12-11T00:00:00.000Z,,,,,,,,,,,,Community Centers & Halls,Social Infrastructure
140687.0,6a932bb5cd94452437a166c4,Chhattisgarh,Chhattisgarh,KORBA,KORBA,Gaurela-Pendra-Marwahi(Collector GPM_IDA),Gaurela-Pendra-Marwahi(Collector GPM_IDA),Normal/Others,Normal/Others,199651.0,2025-11-06T00:00:00.000Z,2025.0,0.0,"Shed construction in Gram Panchayat - Latkoni, Janpad - Pendra","Shed construction in Gram Panchayat - Latkoni, Janpad - Pendra",,Jyotsna Charandas Mahant ,,KORBA,Completed,199651,2025-11-06T00:00:00.000Z,,,,,,,,,,,,Community Centers & Halls,Social Infrastructure
143351.0,6a932bb5cd94452437a166a1,Chhattisgarh,Chhattisgarh,KORBA,KORBA,Gaurela-Pendra-Marwahi(Collector GPM_IDA),Gaurela-Pendra-Marwahi(Collector GPM_IDA),Normal/Others,Normal/Others,398989.0,2026-01-09T00:00:00.000Z,2026.0,0.0,"Construction of shed near Rashan Dukan at Gram Panchayat - Ghaghra, Vikas Khand - Pendra.","Construction of shed near Rashan Dukan at Gram Panchayat - Ghaghra, Vikas Khand - Pendra.",,Jyotsna Charandas Mahant ,,KORBA,Completed,398989,2026-01-09T00:00:00.000Z,,,,,,,,,,,,Community Centers & Halls,Social Infrastructure
146728.0,6a932bb5cd94452437a16954,Chhattisgarh,Chhattisgarh,KORBA,KORBA,Gaurela-Pendra-Marwahi(Collector GPM_IDA),Gaurela-Pendra-Marwahi(Collector GPM_IDA),Normal/Others,Normal/Others,299836.0,2025-11-06T00:00:00.000Z,2025.0,0.0,"Construction of shed at Chauratola Bachaha Para in Gram Panchayat - Basantpur, Vikas Khand - Pendra","Construction of shed at Chauratola Bachaha Para in Gram Panchayat - Basantpur, Vikas Khand - Pendra",,Jyotsna Charandas Mahant ,,KORBA,Completed,299836,2025-11-06T00:00:00.000Z,,,,,,,,,,,,Community Centers & Halls,Social Infrastructure
146734.0,6a932bb5cd94452437a167a7,Chhattisgarh,Chhattisgarh,KORBA,KORBA,KORBA(Collector-Korba),KORBA(Collector-Korba),Normal/Others,Normal/Others,300000.0,2026-01-29T00:00:00.000Z,2026.0,0.0,"Chhatdaar Manch construction near Angan Badi Bhawan in Gram Panchayat - Salihabhata, Vikas Khand - Kartala","Chhatdaar Manch construction near Angan Badi Bhawan in Gram Panchayat - Salihabhata, Vikas Khand - Kartala",,Jyotsna Charandas Mahant ,,KORBA,Completed,300000,2026-01-29T00:00:00.000Z,,,,,,,,,,,,Community Centers & Halls,Social Infrastructure
147583.0,6a932bb5cd94452437a16b24,Chhattisgarh,Chhattisgarh,RAIPUR,RAIPUR,RAIPUR(DISTRICT COLLECTOR RAIPUR_IDA),RAIPUR(DISTRICT COLLECTOR RAIPUR_IDA),Normal/Others,Normal/Others,500000.0,2025-06-09T00:00:00.000Z,2025.0,0.0,AAHTA NIRMAN- GRAM PANCHAYAT DEORI KE PDS BHAWAN ME AAHTA NIRMAN,AAHTA NIRMAN- GRAM PANCHAYAT DEORI KE PDS BHAWAN ME AAHTA NIRMAN,,BRIJMOHAN AGRAWAL,,RAIPUR,Completed,500000,2025-06-09T00:00:00.000Z,,,,,,,,,,,,Community Centers & Halls,Social Infrastructure
147585.0,6a932bb5cd94452437a169e9,Chhattisgarh,Chhattisgarh,RAIPUR,RAIPUR,RAIPUR(DISTRICT COLLECTOR RAIPUR_IDA),RAIPUR(DISTRICT COLLECTOR RAIPUR_IDA),Normal/Others,Normal/Others,671255.0,2026-01-21T00:00:00.000Z,2026.0,0.0,SAMUDAYIK BHAWAN NIRMAN- GRAM KHAPRIDIH KHURD (CHINGARI) ME SAMUDAYIK BHAWAN NIRMAN,SAMUDAYIK BHAWAN NIRMAN- GRAM KHAPRIDIH KHURD (CHINGARI) ME SAMUDAYIK BHAWAN NIRMAN,,BRIJMOHAN AGRAWAL,,RAIPUR,Completed,671255,2026-01-21T00:00:00.000Z,,,,,,,,,,,,Community Centers & Halls,Social Infrastructure
156908.0,6a932bb5cd94452437a175f6,Bihar,Bihar,MADHUBANI,MADHUBANI,DARBHANGA(DISTRICT PLANNING OFFICER DARBANGA_IDA),DARBHANGA(DISTRICT PLANNING OFFICER DARBANGA_IDA),Normal/Others,Normal/Others,495000.0,2025-03-19T00:00:00.000Z,2025.0,0.0,AT Nanaura Community Hall near Kath tree block Keoti darbhanga,AT Nanaura Community Hall near Kath tree block Keoti darbhanga,,Ashok Kumar Yadav ,,MADHUBANI,Completed,495000,2025-03-19T00:00:00.000Z,,,,,,,,,,,,Community Centers & Halls,Social Infrastructure
200492.0,6a932bb5cd94452437a1a91c,Chhattisgarh,Chhattisgarh,KORBA,KORBA,Manendragarh-Chirmiri-Bharatpur(M C B)(Collector MCB_IDA),Manendragarh-Chirmiri-Bharatpur(M C B)(Collector MCB_IDA),Normal/Others,Normal/Others,300000.0,2026-02-25T00:00:00.000Z,2026.0,0.0,"Shed construction near Dhan Kharidi Kendra in Village Bardar, Khadgawan.","Shed construction near Dhan Kharidi Kendra in Village Bardar, Khadgawan.",,Jyotsna Charandas Mahant ,,KORBA,Completed,300000,2026-02-25T00:00:00.000Z,,,,,,,,,,,,Community Centers & Halls,Social Infrastructure
205673.0,6a932bb5cd94452437a1c224,Chhattisgarh,Chhattisgarh,KORBA,KORBA,Gaurela-Pendra-Marwahi(Collector GPM_IDA),Gaurela-Pendra-Marwahi(Collector GPM_IDA),Normal/Others,Normal/Others,250000.0,2026-02-28T00:00:00.000Z,2026.0,0.0,"Shed construction at Govt Rashan Dukan at Kotkharra, Marwahi","Shed construction at Govt Rashan Dukan at Kotkharra, Marwahi",,Jyotsna Charandas Mahant ,,KORBA,Completed,250000,2026-02-28T00:00:00.000Z,,,,,,,,,,,,Community Centers & Halls,Social Infrastructure
205675.0,6a932bb5cd94452437a1cb3e,Chhattisgarh,Chhattisgarh,KORBA,KORBA,Gaurela-Pendra-Marwahi(Collector GPM_IDA),Gaurela-Pendra-Marwahi(Collector GPM_IDA),Normal/Others,Normal/Others,249570.0,2026-02-28T00:00:00.000Z,2026.0,0.0,"Shed construction at Govt Rashan Dukan at Meduka Gram Panchayat, Marwahi","Shed construction at Govt Rashan Dukan at Meduka Gram Panchayat, Marwahi",,Jyotsna Charandas Mahant ,,KORBA,Completed,249570,2026-02-28T00:00:00.000Z,,,,,,,,,,,,Community Centers & Halls,Social Infrastructure
205679.0,6a932bb5cd94452437a1cb3d,Chhattisgarh,Chhattisgarh,KORBA,KORBA,Gaurela-Pendra-Marwahi(Collector GPM_IDA),Gaurela-Pendra-Marwahi(Collector GPM_IDA),Normal/Others,Normal/Others,250000.0,2026-02-28T00:00:00.000Z,2026.0,0.0,Shed Construction,Shed Construction,,Jyotsna Charandas Mahant ,,KORBA,Completed,250000,2026-02-28T00:00:00.000Z,,,,,,,,,,,,Community Centers & Halls,Social Infrastructure
206569.0,6a932bb5cd94452437a190e6,Chhattisgarh,Chhattisgarh,MAHASAMUND,MAHASAMUND,DHAMTARI(DISTRICT COLLECTOR DHAMTARI_IDA),DHAMTARI(DISTRICT COLLECTOR DHAMTARI_IDA),Normal/Others,Normal/Others,699727.0,2025-10-03T00:00:00.000Z,2025.0,0.0,SAHU BHAWAN KE PASS SAMUDAYIK WORK SHED NIRMAN KARYA,SAHU BHAWAN KE PASS SAMUDAYIK WORK SHED NIRMAN KARYA,,ROOP KUMARI CHOUDHARY,,MAHASAMUND,Completed,699727,2025-10-03T00:00:00.000Z,,,,,,,,,,,,Community Centers & Halls,Social Infrastructure
206571.0,6a932bb5cd94452437a190e3,Chhattisgarh,Chhattisgarh,MAHASAMUND,MAHASAMUND,DHAMTARI(DISTRICT COLLECTOR DHAMTARI_IDA),DHAMTARI(DISTRICT COLLECTOR DHAMTARI_IDA),Normal/Others,Normal/Others,500000.0,2026-07-15T00:00:00.000Z,2026.0,0.0,SAHU BHAWAN SE MANBODH GHAR KI OR PAKKI NALI NIRMAN KARYA,SAHU BHAWAN SE MANBODH GHAR KI OR PAKKI NALI NIRMAN KARYA,,ROOP KUMARI CHOUDHARY,,MAHASAMUND,Completed,500000,2026-07-15T00:00:00.000Z,,,,,,,,,,,,Community Centers & Halls,Social Infrastructure
206574.0,6a932bb5cd94452437a19684,Chhattisgarh,Chhattisgarh,MAHASAMUND,MAHASAMUND,DHAMTARI(DISTRICT COLLECTOR DHAMTARI_IDA),DHAMTARI(DISTRICT COLLECTOR DHAMTARI_IDA),Normal/Others,Normal/Others,999746.0,2025-10-03T00:00:00.000Z,2025.0,0.0,SATNAMI PARA KE PASS TINA SHED NIRMAN KARYA,SATNAMI PARA KE PASS TINA SHED NIRMAN KARYA,,ROOP KUMARI CHOUDHARY,,MAHASAMUND,Completed,999746,2025-10-03T00:00:00.000Z,,,,,,,,,,,,Community Centers & Halls,Social Infrastructure
149050.0,6a932bb5cd94452437a167c8,Chhattisgarh,Chhattisgarh,RAJNANDGAON,RAJNANDGAON,RAJNANDGAON(DISTRICT COLLECTOR RAJNANDGAON_IDA),RAJNANDGAON(DISTRICT COLLECTOR RAJNANDGAON_IDA),Normal/Others,Normal/Others,600000.0,2026-02-05T00:00:00.000Z,2026.0,0.0,Samudayik Bhavan Nirman (Shitlapara),Samudayik Bhavan Nirman (Shitlapara),,Santosh Pandey,,RAJNANDGAON,Completed,600000,2026-02-05T00:00:00.000Z,,,,,,,,,,,,Community Centers & Halls,Social Infrastructure
150745.0,6a932bb5cd94452437a16df9,Chhattisgarh,Chhattisgarh,RAIGARH,RAIGARH,RAIGARH(DISTRICT COLLECTOR RAIGARH_IDA),RAIGARH(DISTRICT COLLECTOR RAIGARH_IDA),Normal/Others,Normal/Others,700000.0,2026-01-29T00:00:00.000Z,2026.0,0.0,Construction of shed,Construction of shed,,RADHE SHYAM RATHIYA,,RAIGARH,Completed,700000,2026-01-29T00:00:00.000Z,,,,,,,,,,,,Community Centers & Halls,Social Infrastructure
150804.0,6a932bb5cd94452437a16c0c,Chhattisgarh,Chhattisgarh,RAIGARH,RAIGARH,Sarangarh-Bilaigarh(Collector SB_IDA),Sarangarh-Bilaigarh(Collector SB_IDA),Normal/Others,Normal/Others,998398.0,2026-07-11T00:00:00.000Z,2026.0,0.0,Construction of Community building,Construction of Community building,,RADHE SHYAM RATHIYA,,RAIGARH,Completed,998398,2026-07-11T00:00:00.000Z,,,,,,,,,,,,Community Centers & Halls,Social Infrastructure
151032.0,6a932bb5cd94452437a1808f,Chhattisgarh,Chhattisgarh,RAIGARH,RAIGARH,JASHPUR(DISTRICT COLLECTOR JASHPUR_IDA),JASHPUR(DISTRICT COLLECTOR JASHPUR_IDA),Normal/Others,Normal/Others,200000.0,2025-11-04T00:00:00.000Z,2025.0,0.0,Construction of Cultural stage,Construction of Cultural stage,,RADHE SHYAM RATHIYA,,RAIGARH,Completed,200000,2025-11-04T00:00:00.000Z,,,,,,,,,,,,Community Centers & Halls,Social Infrastructure
151163.0,6a932bb5cd94452437a16963,Chhattisgarh,Chhattisgarh,MAHASAMUND,MAHASAMUND,MAHASAMUND(DISTRICT COLLECTOR MAHASAMUND_IDA),MAHASAMUND(DISTRICT COLLECTOR MAHASAMUND_IDA),Normal/Others,Normal/Others,1500000.0,2025-06-03T00:00:00.000Z,2025.0,0.0,KARIGARON KE LIYE SAMANYA WORK SHED NIRMAN,KARIGARON KE LIYE SAMANYA WORK SHED NIRMAN,,ROOP KUMARI CHOUDHARY,,MAHASAMUND,Completed,1500000,2025-06-03T00:00:00.000Z,,,,,,,,,,,,Community Centers & Halls,Social Infrastructure
151723.0,6a932bb5cd94452437a16934,Chhattisgarh,Chhattisgarh,KORBA,KORBA,KORBA(Collector-Korba),KORBA(Collector-Korba),Normal/Others,Normal/Others,398411.0,2026-02-06T00:00:00.000Z,2026.0,0.0,"Shed construction in Dhavaiya Para in Gram - Nawapara, Vikaskhand - Pali","Shed construction in Dhavaiya Para in Gram - Nawapara, Vikaskhand - Pali",,Jyotsna Charandas Mahant ,,KORBA,Completed,398411,2026-02-06T00:00:00.000Z,,,,,,,,,,,,Community Centers & Halls,Social Infrastructure
152161.0,6a932bb5cd94452437a17b55,Chhattisgarh,Chhattisgarh,BILASPUR,BILASPUR,BILASPUR(DISTRICT COLLECTOR BILASPUR_IDA),BILASPUR(DISTRICT COLLECTOR BILASPUR_IDA),Normal/Others,Normal/Others,500000.0,2025-12-16T00:00:00.000Z,2025.0,0.0,Shed Nirman Govt.H.S.S. Banabel,Shed Nirman Govt.H.S.S. Banabel,,TOKHAN SAHU,,BILASPUR,Completed,500000,2025-12-16T00:00:00.000Z,,,,,,,,,,,,Community Centers & Halls,Social Infrastructure
152167.0,6a932bb5cd94452437a16b04,Chhattisgarh,Chhattisgarh,BILASPUR,BILASPUR,BILASPUR(DISTRICT COLLECTOR BILASPUR_IDA),BILASPUR(DISTRICT COLLECTOR BILASPUR_IDA),Normal/Others,Normal/Others,1000000.0,2025-05-27T00:00:00.000Z,2025.0,0.0,Sanskritik Bhawan Nirman Shitla Mandir ke Paas,Sanskritik Bhawan Nirman Shitla Mandir ke Paas,,TOKHAN SAHU,,BILASPUR,Completed,1000000,2025-05-27T00:00:00.000Z,,,,,,,,,,,,Community Centers & Halls,Social Infrastructure
152910.0,6a932bb5cd94452437a17d39,Chhattisgarh,Chhattisgarh,RAIGARH,RAIGARH,RAIGARH(DISTRICT COLLECTOR RAIGARH_IDA),RAIGARH(DISTRICT COLLECTOR RAIGARH_IDA),Normal/Others,Normal/Others,192159.0,2026-01-19T00:00:00.000Z,2026.0,0.0,Construction of Chowk Stage,Construction of Chowk Stage,,RADHE SHYAM RATHIYA,,RAIGARH,Completed,192159,2026-01-19T00:00:00.000Z,,,,,,,,,,,,Community Centers & Halls,Social Infrastructure
158967.0,6a932bb5cd94452437a18946,Bihar,Bihar,BANKA,BANKA,BANKA(DISTRICT PLANNING OFFICER BANKA_IDA),BANKA(DISTRICT PLANNING OFFICER BANKA_IDA),Normal/Others,Normal/Others,1334000.0,2025-06-24T00:00:00.000Z,2025.0,0.0,Phulidumar Prakhand antargat Panchayat Saidpur me Surha Mor par SS Yatri Shed ka nirman.,Phulidumar Prakhand antargat Panchayat Saidpur me Surha Mor par SS Yatri Shed ka nirman.,,Giridhari Yadav,,BANKA,Completed,1334000,2025-06-24T00:00:00.000Z,,,,,,,,,,,,Community Centers & Halls,Social Infrastructure
153822.0,6a932bb5cd94452437a16b1e,Chhattisgarh,Chhattisgarh,MAHASAMUND,MAHASAMUND,MAHASAMUND(DISTRICT COLLECTOR MAHASAMUND_IDA),MAHASAMUND(DISTRICT COLLECTOR MAHASAMUND_IDA),Normal/Others,Normal/Others,1000000.0,2025-10-06T00:00:00.000Z,2025.0,0.0,KARIGARON KE LIYE WORK SHED NIRMAN,KARIGARON KE LIYE WORK SHED NIRMAN,,ROOP KUMARI CHOUDHARY,,MAHASAMUND,Completed,1000000,2025-10-06T00:00:00.000Z,,,,,,,,,,,,Community Centers & Halls,Social Infrastructure
158990.0,6a932bb5cd94452437a18940,Bihar,Bihar,BANKA,BANKA,BANKA(DISTRICT PLANNING OFFICER BANKA_IDA),BANKA(DISTRICT PLANNING OFFICER BANKA_IDA),Normal/Others,Normal/Others,1334000.0,2025-06-24T00:00:00.000Z,2025.0,0.0,Belhar Prakhand antargat Panchayat Basmatta ke graam Basmatta mey SS Yatri Shed ka nirman.,Belhar Prakhand antargat Panchayat Basmatta ke graam Basmatta mey SS Yatri Shed ka nirman.,,Giridhari Yadav,,BANKA,Completed,1334000,2025-06-24T00:00:00.000Z,,,,,,,,,,,,Community Centers & Halls,Social Infrastructure
154929.0,6a932bb5cd94452437a1694b,Chhattisgarh,Chhattisgarh,RAJNANDGAON,RAJNANDGAON,RAJNANDGAON(DISTRICT COLLECTOR RAJNANDGAON_IDA),RAJNANDGAON(DISTRICT COLLECTOR RAJNANDGAON_IDA),Repair and Renovation,Repair and Renovation,200000.0,2025-06-18T00:00:00.000Z,2025.0,0.0,Samudayik Bhavan Nirman (Adiwasi para) Tiles Work,Samudayik Bhavan Nirman (Adiwasi para) Tiles Work,,Santosh Pandey,,RAJNANDGAON,Completed,200000,2025-06-18T00:00:00.000Z,,,,,,,,,,,,Community Centers & Halls,Social Infrastructure
158992.0,6a932bb5cd94452437a1893d,Bihar,Bihar,BANKA,BANKA,BANKA(DISTRICT PLANNING OFFICER BANKA_IDA),BANKA(DISTRICT PLANNING OFFICER BANKA_IDA),Normal/Others,Normal/Others,1334000.0,2025-06-24T00:00:00.000Z,2025.0,0.0,Belhar Prakhand antargat Panchayat taraiya ke taraiya mor ke pass SS Yatri Shed ka nirman.,Belhar Prakhand antargat Panchayat taraiya ke taraiya mor ke pass SS Yatri Shed ka nirman.,,Giridhari Yadav,,BANKA,Completed,1334000,2025-06-24T00:00:00.000Z,,,,,,,,,,,,Community Centers & Halls,Social Infrastructure
155509.0,6a932bb5cd94452437a16c43,Chhattisgarh,Chhattisgarh,KORBA,KORBA,Gaurela-Pendra-Marwahi(Collector GPM_IDA),Gaurela-Pendra-Marwahi(Collector GPM_IDA),Normal/Others,Normal/Others,500000.0,2026-03-10T00:00:00.000Z,2026.0,0.0,"Shed and manch construction at Gram Panchayat - Jhabar , Vikaskhand - Pendra","Shed and manch construction at Gram Panchayat - Jhabar , Vikaskhand - Pendra",,Jyotsna Charandas Mahant ,,KORBA,Completed,500000,2026-03-10T00:00:00.000Z,,,,,,,,,,,,Community Centers & Halls,Social Infrastructure
158994.0,6a932bb5cd94452437a1893c,Bihar,Bihar,BANKA,BANKA,BANKA(DISTRICT PLANNING OFFICER BANKA_IDA),BANKA(DISTRICT PLANNING OFFICER BANKA_IDA),Normal/Others,Normal/Others,1334000.0,2025-06-24T00:00:00.000Z,2025.0,0.0,Belhar Prakhand antargat Panchayat Rajpur ke graam Kharouda mey SS Yatri Shed ka nirman.,Belhar Prakhand antargat Panchayat Rajpur ke graam Kharouda mey SS Yatri Shed ka nirman.,,Giridhari Yadav,,BANKA,Completed,1334000,2025-06-24T00:00:00.000Z,,,,,,,,,,,,Community Centers & Halls,Social Infrastructure
257274.0,6a932bb5cd94452437a1e2c6,Andhra Pradesh,Andhra Pradesh,KADAPA,KADAPA,Y.S.R. Kadapa(DISTRICT COLLECTOR CUDDAPAH_IDA),Y.S.R. Kadapa(DISTRICT COLLECTOR CUDDAPAH_IDA),Normal/Others,Normal/Others,199285.0,2026-05-05T00:00:00.000Z,2026.0,0.0,"Construction of slab for community hall, at Aklisha penthu kost sangam, Prakash Nagar, D No  43 42 in 14th Division of Kadapa MC","Construction of slab for community hall, at Aklisha penthu kost sangam, Prakash Nagar, D No  43 42 in 14th Division of Kadapa MC",,Y S Avinash Reddy,,KADAPA,Completed,199285,2026-05-05T00:00:00.000Z,,,,,,,,,,,,Community Centers & Halls,Social Infrastructure
156453.0,6a932bb5cd94452437a16df8,Chhattisgarh,Chhattisgarh,RAIPUR,RAIPUR,RAIPUR(DISTRICT COLLECTOR RAIPUR_IDA),RAIPUR(DISTRICT COLLECTOR RAIPUR_IDA),Normal/Others,Normal/Others,1000000.0,2026-03-24T00:00:00.000Z,2026.0,0.0,"SAMUDAYIK BHAWAN NIRMAN- GRAM PANCHAYAT KOHKA, BLOCK TILDA, RAIPUR","SAMUDAYIK BHAWAN NIRMAN- GRAM PANCHAYAT KOHKA, BLOCK TILDA, RAIPUR",,BRIJMOHAN AGRAWAL,,RAIPUR,Completed,1000000,2026-03-24T00:00:00.000Z,,,,,,,,,,,,Community Centers & Halls,Social Infrastructure
159774.0,6a932bb5cd94452437a16b8e,Bihar,Bihar,JHANJHARPUR,JHANJHARPUR,MADHUBANI(DISTRICT PLANNING OFFICER MADHUBANI_IDA),MADHUBANI(DISTRICT PLANNING OFFICER MADHUBANI_IDA),Normal/Others,Normal/Others,1487210.0,2025-03-01T00:00:00.000Z,2025.0,0.0,"village durgipatti ,post hudra panchayat durgipatti block khutouna disst madhubani sthith mukhya sadak se panchayat sarkar bhawan tk pcc sadak ka nirman karya.","village durgipatti ,post hudra panchayat durgipatti block khutouna disst madhubani sthith mukhya sadak se panchayat sarkar bhawan tk pcc sadak ka nirman karya.",,Ramprit Mandal,,JHANJHARPUR,Completed,1487210,2025-03-01T00:00:00.000Z,,,,,,,,,,,,Community Centers & Halls,Social Infrastructure
156834.0,6a932bb5cd94452437a169c4,Chhattisgarh,Chhattisgarh,KORBA,KORBA,KORBA(Collector-Korba),KORBA(Collector-Korba),Normal/Others,Normal/Others,300000.0,2025-09-17T00:00:00.000Z,2025.0,0.0,"Construction of shed at Kadampara of Gram Panchayat - Dhukupathra , Vikas khand - Pali","Construction of shed at Kadampara of Gram Panchayat - Dhukupathra , Vikas khand - Pali",,Jyotsna Charandas Mahant ,,KORBA,Completed,300000,2025-09-17T00:00:00.000Z,,,,,,,,,,,,Community Centers & Halls,Social Infrastructure
156840.0,6a932bb5cd94452437a16b4c,Chhattisgarh,Chhattisgarh,KORBA,KORBA,KORBA(Collector-Korba),KORBA(Collector-Korba),Normal/Others,Normal/Others,400000.0,2026-08-07T00:00:00.000Z,2026.0,0.0,"Shed construction at Bastipara in Gram Panchayat - Rangole, Vikas Khand - Pali","Shed construction at Bastipara in Gram Panchayat - Rangole, Vikas Khand - Pali",,Jyotsna Charandas Mahant ,,KORBA,Completed,400000,2026-08-07T00:00:00.000Z,,,,,,,,,,,,Community Centers & Halls,Social Infrastructure
157132.0,6a932bb5cd94452437a16ddd,Chhattisgarh,Chhattisgarh,RAIPUR,RAIPUR,Balodabazar-Bhatapara(Collector Baloda Bazar_IDA),Balodabazar-Bhatapara(Collector Baloda Bazar_IDA),Normal/Others,Normal/Others,1000000.0,2025-11-04T00:00:00.000Z,2025.0,0.0,SAMUDAYIK BHAWAN NIRMAN - GRAM PANCHAYAT MALDI BLOCK BHATAPARA DIST BALODABAZAR,SAMUDAYIK BHAWAN NIRMAN - GRAM PANCHAYAT MALDI BLOCK BHATAPARA DIST BALODABAZAR,,BRIJMOHAN AGRAWAL,,RAIPUR,Completed,1000000,2025-11-04T00:00:00.000Z,,,,,,,,,,,,Community Centers & Halls,Social Infrastructure
157135.0,6a932bb5cd94452437a16d93,Chhattisgarh,Chhattisgarh,RAIPUR,RAIPUR,Balodabazar-Bhatapara(Collector Baloda Bazar_IDA),Balodabazar-Bhatapara(Collector Baloda Bazar_IDA),Normal/Others,Normal/Others,637082.0,2025-07-02T00:00:00.000Z,2025.0,0.0,"SAMUDAYIK BHAWAN NIRMAN - GRAM PANCHAYAT DONGARIYA, BLOCK SIMGA, DIST BALODABAZAR","SAMUDAYIK BHAWAN NIRMAN - GRAM PANCHAYAT DONGARIYA, BLOCK SIMGA, DIST BALODABAZAR",,BRIJMOHAN AGRAWAL,,RAIPUR,Completed,637082,2025-07-02T00:00:00.000Z,,,,,,,,,,,,Community Centers & Halls,Social Infrastructure
157308.0,6a932bb5cd94452437a1759c,Arunachal Pradesh,Arunachal Pradesh,ARUNACHAL EAST,ARUNACHAL EAST,LOWER SIANG(Deputy Commisioner Lower Siang_IDA),LOWER SIANG(Deputy Commisioner Lower Siang_IDA),Repair and Renovation,Repair and Renovation,1000000.0,2025-03-17T00:00:00.000Z,2025.0,0.0,Maintenance of Community Hall at Tabi Ripo in Lower Siang District,Maintenance of Community Hall at Tabi Ripo in Lower Siang District,,Shri Tapir Gao,,ARUNACHAL EAST,Completed,1000000,2025-03-17T00:00:00.000Z,,,,,,,,,,,,Community Centers & Halls,Social Infrastructure
210564.0,6a932bb5cd94452437a1a502,Chhattisgarh,Chhattisgarh,JANJGIR CHAMPA,JANJGIR CHAMPA,SAKTI(COLLECTOR SAKTI_IDA),SAKTI(COLLECTOR SAKTI_IDA),Normal/Others,Normal/Others,200000.0,2026-02-02T00:00:00.000Z,2026.0,0.0,BORADA ME BOR KHANAN AVM MOTAR PUMP PRATISTHAPANA KARYA (URANV MOHALLA MANGAL BHAWAN KE PASS),BORADA ME BOR KHANAN AVM MOTAR PUMP PRATISTHAPANA KARYA (URANV MOHALLA MANGAL BHAWAN KE PASS),,KAMLESH JANGDE,,JANJGIR CHAMPA,Completed,200000,2026-02-02T00:00:00.000Z,,,,,,,,,,,,Community Centers & Halls,Social Infrastructure
211550.0,6a932bb5cd94452437a1b457,Chhattisgarh,Chhattisgarh,KORBA,KORBA,KOREA(Collector Korea_IDA),KOREA(Collector Korea_IDA),Normal/Others,Normal/Others,491556.0,2026-05-05T00:00:00.000Z,2026.0,0.0,"Shed Construction near TejBali House, Shivaji Ward.","Shed Construction near TejBali House, Shivaji Ward.",,Jyotsna Charandas Mahant ,,KORBA,Completed,491556,2026-05-05T00:00:00.000Z,,,,,,,,,,,,Community Centers & Halls,Social Infrastructure
213002.0,6a932bb5cd94452437a19d04,Chhattisgarh,Chhattisgarh,MAHASAMUND,MAHASAMUND,DHAMTARI(DISTRICT COLLECTOR DHAMTARI_IDA),DHAMTARI(DISTRICT COLLECTOR DHAMTARI_IDA),Normal/Others,Normal/Others,994683.0,2026-03-18T00:00:00.000Z,2026.0,0.0,ABADI PARA ME TINA SHED NIRMAN KARYA,ABADI PARA ME TINA SHED NIRMAN KARYA,,ROOP KUMARI CHOUDHARY,,MAHASAMUND,Completed,994683,2026-03-18T00:00:00.000Z,,,,,,,,,,,,Community Centers & Halls,Social Infrastructure
162505.0,6a932bb5cd94452437a18fc6,Bihar,Bihar,PURNEA,PURNEA,PURNIA(DISTRICT PLANNING OFFICER PURNIA_IDA),PURNIA(DISTRICT PLANNING OFFICER PURNIA_IDA),Normal/Others,Normal/Others,801197.0,2025-07-17T00:00:00.000Z,2025.0,0.0,"WARD NO.- 14, SHANTI BHAWAN SE SHAMBHU KE GHAR HOTE HUE NALA TAK P.C.C. SADAK NIRMAN KARY","WARD NO.- 14, SHANTI BHAWAN SE SHAMBHU KE GHAR HOTE HUE NALA TAK P.C.C. SADAK NIRMAN KARY",,RAJESH RANJAN ALIAS PAPPU YADAV,,PURNEA,Completed,801197,2025-07-17T00:00:00.000Z,,,,,,,,,,,,Community Centers & Halls,Social Infrastructure
182165.0,6a932bb5cd94452437a1be61,Andhra Pradesh,Andhra Pradesh,KAKINADA,KAKINADA,Kakinada(DISTRICT COLLECTOR KAKINADA_IDA),Kakinada(DISTRICT COLLECTOR KAKINADA_IDA),Normal/Others,Normal/Others,820164.0,2025-12-16T00:00:00.000Z,2025.0,0.0,Construction of Community Hall at 14th ward,Construction of Community Hall at 14th ward,,TANGELLA UDAY SRINIVAS,,KAKINADA,Completed,820164,2025-12-16T00:00:00.000Z,,,,,,,,,,,,Community Centers & Halls,Social Infrastructure
163618.0,6a932bb5cd94452437a1881b,Bihar,Bihar,VALMIKI NAGAR,VALMIKI NAGAR,PASHCHIM CHAMPARAN(DISTRICT PLANNING OFFICER WEST CHAMPARANBETTIAH_IDA),PASHCHIM CHAMPARAN(DISTRICT PLANNING OFFICER WEST CHAMPARANBETTIAH_IDA),Normal/Others,Normal/Others,1371677.0,2026-08-24T00:00:00.000Z,2026.0,0.0,block   piprasi  mudadih panchayt ke vill  ghodhawa me 2 kmra vala samudayik broom with tolet,block   piprasi  mudadih panchayt ke vill  ghodhawa me 2 kmra vala samudayik broom with tolet,,Sunil Kumar ,,VALMIKI NAGAR,Completed,1371677,2026-08-24T00:00:00.000Z,,,,,,,,,,,,Community Centers & Halls,Social Infrastructure
147047.0,6a932bb5cd94452437a1cf31,Andhra Pradesh,Andhra Pradesh,RAJAMPET,RAJAMPET,Annamayya(DISTRICT COLLECTOR ANNAMAYYA_IDA),Annamayya(DISTRICT COLLECTOR ANNAMAYYA_IDA),Normal/Others,Normal/Others,1499728.0,2026-02-12T00:00:00.000Z,2026.0,0.0,Construction of Community Hall in Ramasamudram (V&G.P),Construction of Community Hall in Ramasamudram (V&G.P),,Midhun Reddy,,RAJAMPET,Completed,1499728,2026-02-12T00:00:00.000Z,,,,,,,,,,,,Community Centers & Halls,Social Infrastructure
176882.0,6a932bb5cd94452437a1bc1d,Chhattisgarh,Chhattisgarh,KANKER,KANKER,Uttar Bastar Kanker(DISTRICT COLLECTOR KANKER_IDA),Uttar Bastar Kanker(DISTRICT COLLECTOR KANKER_IDA),Normal/Others,Normal/Others,982742.0,2026-04-09T00:00:00.000Z,2026.0,0.0,Comman work Shed Hatkongera Kalar Samaj Bhawan ke pass,Comman work Shed Hatkongera Kalar Samaj Bhawan ke pass,,BHOJRAJ NAG,,KANKER,Completed,982742,2026-04-09T00:00:00.000Z,,,,,,,,,,,,Community Centers & Halls,Social Infrastructure
179258.0,6a932bb5cd94452437a1854f,Chhattisgarh,Chhattisgarh,KANKER,KANKER,DHAMTARI(DISTRICT COLLECTOR DHAMTARI_IDA),DHAMTARI(DISTRICT COLLECTOR DHAMTARI_IDA),Normal/Others,Normal/Others,999933.0,2026-04-16T00:00:00.000Z,2026.0,0.0,Construction of community centers (samudayik bhawan) nirmanniraimata mandir ke pas nirai,Construction of community centers (samudayik bhawan) nirmanniraimata mandir ke pas nirai,,BHOJRAJ NAG,,KANKER,Completed,999933,2026-04-16T00:00:00.000Z,,,,,,,,,,,,Community Centers & Halls,Social Infrastructure
179358.0,6a932bb5cd94452437a18a31,Chhattisgarh,Chhattisgarh,KANKER,KANKER,BALOD(Collector Balod_IDA),BALOD(Collector Balod_IDA),Normal/Others,Normal/Others,693300.0,2026-02-27T00:00:00.000Z,2026.0,0.0,samudayik bhawan,samudayik bhawan,,BHOJRAJ NAG,,KANKER,Completed,693300,2026-02-27T00:00:00.000Z,,,,,,,,,,,,Community Centers & Halls,Social Infrastructure
179389.0,6a932bb5cd94452437a18ab6,Chhattisgarh,Chhattisgarh,KANKER,KANKER,BALOD(Collector Balod_IDA),BALOD(Collector Balod_IDA),Normal/Others,Normal/Others,700000.0,2025-12-12T00:00:00.000Z,2025.0,0.0,Construction of community center samudayik bhawan nirman,Construction of community center samudayik bhawan nirman,,BHOJRAJ NAG,,KANKER,Completed,700000,2025-12-12T00:00:00.000Z,,,,,,,,,,,,Community Centers & Halls,Social Infrastructure
180451.0,6a932bb5cd94452437a1854e,Chhattisgarh,Chhattisgarh,KANKER,KANKER,DHAMTARI(DISTRICT COLLECTOR DHAMTARI_IDA),DHAMTARI(DISTRICT COLLECTOR DHAMTARI_IDA),Normal/Others,Normal/Others,500000.0,2025-10-29T00:00:00.000Z,2025.0,0.0,common work sheds(tina shed)lader,common work sheds(tina shed)lader,,BHOJRAJ NAG,,KANKER,Completed,500000,2025-10-29T00:00:00.000Z,,,,,,,,,,,,Community Centers & Halls,Social Infrastructure
181637.0,6a932bb5cd94452437a1e03a,Chhattisgarh,Chhattisgarh,BILASPUR,BILASPUR,BILASPUR(DISTRICT COLLECTOR BILASPUR_IDA),BILASPUR(DISTRICT COLLECTOR BILASPUR_IDA),Normal/Others,Normal/Others,999061.0,2026-04-13T00:00:00.000Z,2026.0,0.0,Ward No.16 I Tulja Bhawani Samudayik Bhawan me Atirikt Kaksh Nirman Kary,Ward No.16 I Tulja Bhawani Samudayik Bhawan me Atirikt Kaksh Nirman Kary,,TOKHAN SAHU,,BILASPUR,Completed,999061,2026-04-13T00:00:00.000Z,,,,,,,,,,,,Community Centers & Halls,Social Infrastructure
181652.0,6a932bb5cd94452437a18773,Chhattisgarh,Chhattisgarh,BILASPUR,BILASPUR,BILASPUR(DISTRICT COLLECTOR BILASPUR_IDA),BILASPUR(DISTRICT COLLECTOR BILASPUR_IDA),Normal/Others,Normal/Others,500000.0,2026-02-25T00:00:00.000Z,2026.0,0.0,SAMUDAYIK BHAWAN NIRMAN BAJRANGBALI MANDIR KE PAAS DARRIGHAT,SAMUDAYIK BHAWAN NIRMAN BAJRANGBALI MANDIR KE PAAS DARRIGHAT,,TOKHAN SAHU,,BILASPUR,Completed,500000,2026-02-25T00:00:00.000Z,,,,,,,,,,,,Community Centers & Halls,Social Infrastructure
138687.0,6a932bb5cd94452437a175bb,Arunachal Pradesh,Arunachal Pradesh,ARUNACHAL EAST,ARUNACHAL EAST,"UPPER SIANG(DISTRICT PLANNING OFFICER,YINGKIONG)","UPPER SIANG(DISTRICT PLANNING OFFICER,YINGKIONG)",Normal/Others,Normal/Others,2000000.0,2025-03-17T00:00:00.000Z,2025.0,0.0,Development of land near Bitin Patuk Community Hall at Lower Dalbing in Upper Siang District,Development of land near Bitin Patuk Community Hall at Lower Dalbing in Upper Siang District,,Shri Tapir Gao,,ARUNACHAL EAST,Completed,2000000,2025-03-17T00:00:00.000Z,,,,,,,,,,,,Community Centers & Halls,Social Infrastructure
221476.0,6a932bb5cd94452437a1a63d,Chhattisgarh,Chhattisgarh,JANJGIR CHAMPA,JANJGIR CHAMPA,JANJGIR-CHAMPA(DISTRICT COLLECTOR JANJGIR CHAMPA_IDA),JANJGIR-CHAMPA(DISTRICT COLLECTOR JANJGIR CHAMPA_IDA),Normal/Others,Normal/Others,1000000.0,2025-12-26T00:00:00.000Z,2025.0,0.0,GRAM-LAKHALI ME AHATA NIRMARAN (SAMUDAIK BHAWAN  KALI CHAUK ME ),GRAM-LAKHALI ME AHATA NIRMARAN (SAMUDAIK BHAWAN  KALI CHAUK ME ),,KAMLESH JANGDE,,JANJGIR CHAMPA,Completed,1000000,2025-12-26T00:00:00.000Z,,,,,,,,,,,,Community Centers & Halls,Social Infrastructure
221724.0,6a932bb5cd94452437a1ccc2,Chhattisgarh,Chhattisgarh,BASTAR,BASTAR,KONDAGAON(DISTRICT COLLECTOR KONDAGAON_IDA),KONDAGAON(DISTRICT COLLECTOR KONDAGAON_IDA),Normal/Others,Normal/Others,497860.0,2026-08-04T00:00:00.000Z,2026.0,0.0,gram guhaborand me budhakot ke samip shed nirman karya,gram guhaborand me budhakot ke samip shed nirman karya,,MAHESH KASHYAP,,BASTAR,Completed,497860,2026-08-04T00:00:00.000Z,,,,,,,,,,,,Community Centers & Halls,Social Infrastructure
169390.0,6a932bb5cd94452437a19e86,Bihar,Bihar,PURVI CHAMPARAN,PURVI CHAMPARAN,PURBI CHAMPARAN(DISTRICT PLANNING OFFICER MOTHIHARI EAST CHAMPARAN_IDA),PURBI CHAMPARAN(DISTRICT PLANNING OFFICER MOTHIHARI EAST CHAMPARAN_IDA),Normal/Others,Normal/Others,1494221.0,2025-09-13T00:00:00.000Z,2025.0,0.0,MOTIHARI NAGAR NIGAM KE CHARKHA PARK KE PICHHE SAMUDAYIK BHAWAN KE PASS SABHAGAR KA NIRMAN KARYA.,MOTIHARI NAGAR NIGAM KE CHARKHA PARK KE PICHHE SAMUDAYIK BHAWAN KE PASS SABHAGAR KA NIRMAN KARYA.,,Radha Mohan Singh,,PURVI CHAMPARAN,Completed,1494221,2025-09-13T00:00:00.000Z,,,,,,,,,,,,Community Centers & Halls,Social Infrastructure
225997.0,6a932bb5cd94452437a1aca4,Arunachal Pradesh,Arunachal Pradesh,ARUNACHAL WEST,ARUNACHAL WEST,UPPER SUBANSIRI(Deputy Commisioner Upper Subansiri_IDA),UPPER SUBANSIRI(Deputy Commisioner Upper Subansiri_IDA),Normal/Others,Normal/Others,500000.0,2025-10-13T00:00:00.000Z,2025.0,0.0,Construction of Community Toilet Agi Nirin Village,Construction of Community Toilet Agi Nirin Village,,Kiren Rijiju,,ARUNACHAL WEST,Completed,500000,2025-10-13T00:00:00.000Z,,,,,,,,,,,,Community Centers & Halls,Social Infrastructure
229052.0,6a932bb5cd94452437a1acee,Chhattisgarh,Chhattisgarh,KORBA,KORBA,Gaurela-Pendra-Marwahi(Collector GPM_IDA),Gaurela-Pendra-Marwahi(Collector GPM_IDA),Normal/Others,Normal/Others,299078.0,2025-12-11T00:00:00.000Z,2025.0,0.0,Manch with shed construction.,Manch with shed construction.,,Jyotsna Charandas Mahant ,,KORBA,Completed,299078,2025-12-11T00:00:00.000Z,,,,,,,,,,,,Community Centers & Halls,Social Infrastructure
231649.0,6a932bb5cd94452437a1b5bc,Chhattisgarh,Chhattisgarh,KORBA,KORBA,Gaurela-Pendra-Marwahi(Collector GPM_IDA),Gaurela-Pendra-Marwahi(Collector GPM_IDA),Normal/Others,Normal/Others,350000.0,2025-12-26T00:00:00.000Z,2025.0,0.0,"Samudayik Manch construction at Village Panchayat - Tendumuda, Near Siriyatola","Samudayik Manch construction at Village Panchayat - Tendumuda, Near Siriyatola",,Jyotsna Charandas Mahant ,,KORBA,Completed,350000,2025-12-26T00:00:00.000Z,,,,,,,,,,,,Community Centers & Halls,Social Infrastructure
235971.0,6a932bb5cd94452437a1ba8a,Chhattisgarh,Chhattisgarh,KORBA,KORBA,Gaurela-Pendra-Marwahi(Collector GPM_IDA),Gaurela-Pendra-Marwahi(Collector GPM_IDA),Normal/Others,Normal/Others,300000.0,2026-03-02T00:00:00.000Z,2026.0,0.0,Shed and Manch construction,Shed and Manch construction,,Jyotsna Charandas Mahant ,,KORBA,Completed,300000,2026-03-02T00:00:00.000Z,,,,,,,,,,,,Community Centers & Halls,Social Infrastructure
235973.0,6a932bb5cd94452437a1c4dd,Chhattisgarh,Chhattisgarh,KORBA,KORBA,Gaurela-Pendra-Marwahi(Collector GPM_IDA),Gaurela-Pendra-Marwahi(Collector GPM_IDA),Normal/Others,Normal/Others,300000.0,2026-04-01T00:00:00.000Z,2026.0,0.0,Shed and Manch construction,Shed and Manch construction,,Jyotsna Charandas Mahant ,,KORBA,Completed,300000,2026-04-01T00:00:00.000Z,,,,,,,,,,,,Community Centers & Halls,Social Infrastructure
226014.0,6a932bb5cd94452437a1b464,Arunachal Pradesh,Arunachal Pradesh,ARUNACHAL EAST,ARUNACHAL EAST,LOHIT(DEPUTY COMMISSIONER LOHIT_IDA),LOHIT(DEPUTY COMMISSIONER LOHIT_IDA),Normal/Others,Normal/Others,1499867.0,2025-11-19T00:00:00.000Z,2025.0,0.0,Construction of Cultural Hall at Dree Ground at Tezu in Lohit District,Construction of Cultural Hall at Dree Ground at Tezu in Lohit District,,Shri Tapir Gao,,ARUNACHAL EAST,Completed,1499867,2025-11-19T00:00:00.000Z,,,,,,,,,,,,Community Centers & Halls,Social Infrastructure
244723.0,6a932bb5cd94452437a1c0a5,Chhattisgarh,Chhattisgarh,RAIGARH,RAIGARH,Sarangarh-Bilaigarh(Collector SB_IDA),Sarangarh-Bilaigarh(Collector SB_IDA),Normal/Others,Normal/Others,100000.0,2026-04-17T00:00:00.000Z,2026.0,0.0,construction of stage,construction of stage,,RADHE SHYAM RATHIYA,,RAIGARH,Completed,100000,2026-04-17T00:00:00.000Z,,,,,,,,,,,,Community Centers & Halls,Social Infrastructure
246857.0,6a932bb5cd94452437a1c47e,Chhattisgarh,Chhattisgarh,KORBA,KORBA,KORBA(Collector-Korba),KORBA(Collector-Korba),Normal/Others,Normal/Others,299735.0,2026-08-11T00:00:00.000Z,2026.0,0.0,Shed at Muktidham in Binjhapara in Gram Panchayat - Baksahi,Shed at Muktidham in Binjhapara in Gram Panchayat - Baksahi,,Jyotsna Charandas Mahant ,,KORBA,Completed,299735,2026-08-11T00:00:00.000Z,,,,,,,,,,,,Community Centers & Halls,Social Infrastructure
174600.0,6a932bb5cd94452437a1c1b1,Bihar,Bihar,KARAKAT,KARAKAT,AURANGABAD(DISTRICT PLANNING OFFICER AURANGABAD_IDA),AURANGABAD(DISTRICT PLANNING OFFICER AURANGABAD_IDA),Normal/Others,Normal/Others,393075.0,2026-01-14T00:00:00.000Z,2026.0,0.0,Bigan Rajwara ke ghar se Samudayik Bhawan hote hue naala ki or nala nirman,Bigan Rajwara ke ghar se Samudayik Bhawan hote hue naala ki or nala nirman,,RAJA RAM SINGH,,KARAKAT,Completed,393075,2026-01-14T00:00:00.000Z,,,,,,,,,,,,Community Centers & Halls,Social Infrastructure
176167.0,6a932bb5cd94452437a19f6e,Bihar,Bihar,KARAKAT,KARAKAT,ROHTAS(District Planning Officer Rohtas_IDA),ROHTAS(District Planning Officer Rohtas_IDA),Normal/Others,Normal/Others,717919.0,2026-03-11T00:00:00.000Z,2026.0,0.0,"Narayan Singh ke ghar ke pass samudayik bhavan. Khata - 230, plot - 203","Narayan Singh ke ghar ke pass samudayik bhavan. Khata - 230, plot - 203",,RAJA RAM SINGH,,KARAKAT,Completed,717919,2026-03-11T00:00:00.000Z,,,,,,,,,,,,Community Centers & Halls,Social Infrastructure
176170.0,6a932bb5cd94452437a1c79e,Bihar,Bihar,KARAKAT,KARAKAT,ROHTAS(District Planning Officer Rohtas_IDA),ROHTAS(District Planning Officer Rohtas_IDA),Normal/Others,Normal/Others,488328.0,2026-04-08T00:00:00.000Z,2026.0,0.0,"Bhadkudia men Pustkalaya bhavan ka nirman, khata - 164, plot- 1108","Bhadkudia men Pustkalaya bhavan ka nirman, khata - 164, plot- 1108",,RAJA RAM SINGH,,KARAKAT,Completed,488328,2026-04-08T00:00:00.000Z,,,,,,,,,,,,Community Centers & Halls,Social Infrastructure
271501.0,6a932bb5cd94452437a1dc58,Chhattisgarh,Chhattisgarh,RAJNANDGAON,RAJNANDGAON,RAJNANDGAON(DISTRICT COLLECTOR RAJNANDGAON_IDA),RAJNANDGAON(DISTRICT COLLECTOR RAJNANDGAON_IDA),Normal/Others,Normal/Others,300000.0,2026-07-17T00:00:00.000Z,2026.0,0.0,Tin Shed Nirman(kumbhkar para ke samudayik bhavan ke pas),Tin Shed Nirman(kumbhkar para ke samudayik bhavan ke pas),,Santosh Pandey,,RAJNANDGAON,Completed,300000,2026-07-17T00:00:00.000Z,,,,,,,,,,,,Community Centers & Halls,Social Infrastructure
226062.0,6a932bb5cd94452437a1c2b1,Arunachal Pradesh,Arunachal Pradesh,ARUNACHAL WEST,ARUNACHAL WEST,"WEST SIANG(DEPUTY COMMISSIONER, WEST SIANG (IDA))","WEST SIANG(DEPUTY COMMISSIONER, WEST SIANG (IDA))",Normal/Others,Normal/Others,500000.0,2026-02-02T00:00:00.000Z,2026.0,0.0,Construction of community Toilet at Yomcha village,Construction of community Toilet at Yomcha village,,Kiren Rijiju,,ARUNACHAL WEST,Completed,500000,2026-02-02T00:00:00.000Z,,,,,,,,,,,,Community Centers & Halls,Social Infrastructure
177098.0,6a932bb5cd94452437a1c44f,Bihar,Bihar,ARRAH,ARRAH,BHOJPUR(DISTRICT PLANNING OFFICER BHOJPUR ARRAH_IDA),BHOJPUR(DISTRICT PLANNING OFFICER BHOJPUR ARRAH_IDA),Normal/Others,Normal/Others,538072.0,2026-01-05T00:00:00.000Z,2026.0,0.0,"Construction of a community building in Dom Toli near Nawada police station, Ward-41.","Construction of a community building in Dom Toli near Nawada police station, Ward-41.",,SUDAMA PRASAD,,ARRAH,Completed,538072,2026-01-05T00:00:00.000Z,,,,,,,,,,,,Community Centers & Halls,Social Infrastructure
148600.0,6a932bb5cd94452437a1805c,Andhra Pradesh,Andhra Pradesh,KADAPA,KADAPA,Y.S.R. Kadapa(DISTRICT COLLECTOR CUDDAPAH_IDA),Y.S.R. Kadapa(DISTRICT COLLECTOR CUDDAPAH_IDA),Normal/Others,Normal/Others,495402.0,2025-05-11T00:00:00.000Z,2025.0,0.0,Improvements to Community Hall (Beside Ramalayam) in Peddajuturu (V&GP) of Vemula Mandal,Improvements to Community Hall (Beside Ramalayam) in Peddajuturu (V&GP) of Vemula Mandal,,Y S Avinash Reddy,,KADAPA,Completed,495402,2025-05-11T00:00:00.000Z,,,,,,,,,,,,Community Centers & Halls,Social Infrastructure
194244.0,6a932bb5cd94452437a1c480,Andhra Pradesh,Andhra Pradesh,ARAKU,ARAKU,Alluri Sitharama Raju(DISTRICT COLLECTOR ALLURI SITHARAMARAJU_IDA),Alluri Sitharama Raju(DISTRICT COLLECTOR ALLURI SITHARAMARAJU_IDA),Normal/Others,Normal/Others,482583.0,2026-01-06T00:00:00.000Z,2026.0,0.0,"Construction of Community Shed at Primary Health Centre, Minumuluru, Paderu Mandal","Construction of Community Shed at Primary Health Centre, Minumuluru, Paderu Mandal",,Gumma Thanuja Rani,,ARAKU,Completed,482583,2026-01-06T00:00:00.000Z,,,,,,,,,,,,Community Centers & Halls,Social Infrastructure
226078.0,6a932bb5cd94452437a1d14f,Arunachal Pradesh,Arunachal Pradesh,ARUNACHAL WEST,ARUNACHAL WEST,SIANG(Deputy Commisioner Siang_IDA),SIANG(Deputy Commisioner Siang_IDA),Normal/Others,Normal/Others,500000.0,2026-03-28T00:00:00.000Z,2026.0,0.0,Construction of Community Toilet at Village Jomo,Construction of Community Toilet at Village Jomo,,Kiren Rijiju,,ARUNACHAL WEST,Completed,500000,2026-03-28T00:00:00.000Z,,,,,,,,,,,,Community Centers & Halls,Social Infrastructure
148602.0,6a932bb5cd94452437a1805d,Andhra Pradesh,Andhra Pradesh,KADAPA,KADAPA,Y.S.R. Kadapa(DISTRICT COLLECTOR CUDDAPAH_IDA),Y.S.R. Kadapa(DISTRICT COLLECTOR CUDDAPAH_IDA),Normal/Others,Normal/Others,493712.0,2025-05-11T00:00:00.000Z,2025.0,0.0,Improvements to Community Hall (Near Subramanyam Setty House) in Peddajuturu (V&GP) of Vemula Mandal,Improvements to Community Hall (Near Subramanyam Setty House) in Peddajuturu (V&GP) of Vemula Mandal,,Y S Avinash Reddy,,KADAPA,Completed,493712,2025-05-11T00:00:00.000Z,,,,,,,,,,,,Community Centers & Halls,Social Infrastructure
260029.0,6a932bb5cd94452437a1dba4,Arunachal Pradesh,Arunachal Pradesh,ARUNACHAL WEST,ARUNACHAL WEST,WEST KAMENG(Deputy Commisioner West Kameng_IDA),WEST KAMENG(Deputy Commisioner West Kameng_IDA),Normal/Others,Normal/Others,500000.0,2026-03-23T00:00:00.000Z,2026.0,0.0,Construction of of Waiting Shed at Chingdang Phungking at Najang Village,Construction of of Waiting Shed at Chingdang Phungking at Najang Village,,Kiren Rijiju,,ARUNACHAL WEST,Completed,500000,2026-03-23T00:00:00.000Z,,,,,,,,,,,,Community Centers & Halls,Social Infrastructure
245599.0,6a932bb5cd94452437a1e582,Delhi,Delhi,NORTH WEST DELHI,NORTH WEST DELHI,NORTH WEST(COMMISSIONER NORTH WEST),NORTH WEST(COMMISSIONER NORTH WEST),Normal/Others,Normal/Others,921748.0,2026-08-05T00:00:00.000Z,2026.0,0.0,"Installation of 5 Nos. semi high mast poles with LED lights at MPL Park near MCPS Shahbad Daulatpur, 2) Mpl. Park in Sai Nath APartment, 3) Shamshan Ghat CHowk, Khera Garhi Village, 4) Near Community Centre Khera Garhi Village in Ward No.29, Pooth Khurd under Narela Zone","Installation of 5 Nos. semi high mast poles with LED lights at MPL Park near MCPS Shahbad Daulatpur, 2) Mpl. Park in Sai Nath APartment, 3) Shamshan Ghat CHowk, Khera Garhi Village, 4) Near Community Centre Khera Garhi Village in Ward No.29, Pooth Khurd under Narela Zone",,Yogendra Chandoliya,,NORTH WEST DELHI,Completed,921748,2026-08-05T00:00:00.000Z,,,,,,,,,,,,Community Centers & Halls,Social Infrastructure
135772.0,6a932bb5cd94452437a18059,Andhra Pradesh,Andhra Pradesh,KADAPA,KADAPA,Y.S.R. Kadapa(DISTRICT COLLECTOR CUDDAPAH_IDA),Y.S.R. Kadapa(DISTRICT COLLECTOR CUDDAPAH_IDA),Normal/Others,Normal/Others,980399.0,2025-05-11T00:00:00.000Z,2025.0,0.0,"Completion of Incomplete community Hall in 4th ward in Vempalli (V &M), YSR District.","Completion of Incomplete community Hall in 4th ward in Vempalli (V &M), YSR District.",,Y S Avinash Reddy,,KADAPA,Completed,980399,2025-05-11T00:00:00.000Z,,,,,,,,,,,,Community Centers & Halls,Social Infrastructure
188197.0,6a932bb5cd94452437a1a3b8,Bihar,Bihar,BEGUSARAI,BEGUSARAI,BEGUSARAI(DISTRICT PLANNING OFFICER BEGUSARAI_IDA),BEGUSARAI(DISTRICT PLANNING OFFICER BEGUSARAI_IDA),Normal/Others,Normal/Others,1391533.0,2025-12-16T00:00:00.000Z,2025.0,0.0,Construction of community building near Ghagra Panchayat Mahavir Sthan - Ghagra,Construction of community building near Ghagra Panchayat Mahavir Sthan - Ghagra,,Giriraj Singh,,BEGUSARAI,Completed,1391533,2025-12-16T00:00:00.000Z,,,,,,,,,,,,Community Centers & Halls,Social Infrastructure
188200.0,6a932bb5cd94452437a1b83c,Bihar,Bihar,BEGUSARAI,BEGUSARAI,BEGUSARAI(DISTRICT PLANNING OFFICER BEGUSARAI_IDA),BEGUSARAI(DISTRICT PLANNING OFFICER BEGUSARAI_IDA),Normal/Others,Normal/Others,986375.0,2025-11-24T00:00:00.000Z,2025.0,0.0,repair work of dilapidated community building in ward number 1 of Gram Panchayat Sanha Purba.,repair work of dilapidated community building in ward number 1 of Gram Panchayat Sanha Purba.,,Giriraj Singh,,BEGUSARAI,Completed,986375,2025-11-24T00:00:00.000Z,,,,,,,,,,,,Community Centers & Halls,Social Infrastructure
188213.0,6a932bb5cd94452437a1c857,Bihar,Bihar,BEGUSARAI,BEGUSARAI,BEGUSARAI(DISTRICT PLANNING OFFICER BEGUSARAI_IDA),BEGUSARAI(DISTRICT PLANNING OFFICER BEGUSARAI_IDA),Normal/Others,Normal/Others,1390075.0,2026-01-17T00:00:00.000Z,2026.0,0.0,Matihani Milk Producers Co-operative Society Ltd. Construction of assembly hall on the upper floor of the building- Matihani,Matihani Milk Producers Co-operative Society Ltd. Construction of assembly hall on the upper floor of the building- Matihani,,Giriraj Singh,,BEGUSARAI,Completed,1390075,2026-01-17T00:00:00.000Z,,,,,,,,,,,,Community Centers & Halls,Social Infrastructure
156022.0,6a932bb5cd94452437a1c9f1,Gujarat,Gujarat,KACHCHH,KACHCHH,KACHCHH(DISTRICT COLLECTOR KUTCH_IDA),KACHCHH(DISTRICT COLLECTOR KUTCH_IDA),Normal/Others,Normal/Others,400000.0,2026-01-23T00:00:00.000Z,2026.0,0.0,mandvi talukana ludva game grujar meghval  vistar sanskrutik hall,mandvi talukana ludva game grujar meghval  vistar sanskrutik hall,,Vinod Chavda,,KACHCHH,Completed,400000,2026-01-23T00:00:00.000Z,,,,,,,,,,,,Community Centers & Halls,Social Infrastructure
156611.0,6a932bb5cd94452437a17e6a,Gujarat,Gujarat,VADODARA,VADODARA,VADODARA(DISTRICT COLLECTOR VADODARA_IDA),VADODARA(DISTRICT COLLECTOR VADODARA_IDA),Normal/Others,Normal/Others,500000.0,2025-04-30T00:00:00.000Z,2025.0,0.0,Jarod kumar parthmik sada ma shed banavva ni kamgiri,Jarod kumar parthmik sada ma shed banavva ni kamgiri,,DR. HEMANG JOSHI,,VADODARA,Completed,500000,2025-04-30T00:00:00.000Z,,,,,,,,,,,,Community Centers & Halls,Social Infrastructure
193545.0,6a932bb5cd94452437a1c7ed,Bihar,Bihar,DARBHANGA,DARBHANGA,DARBHANGA(DISTRICT PLANNING OFFICER DARBANGA_IDA),DARBHANGA(DISTRICT PLANNING OFFICER DARBANGA_IDA),Repair and Renovation,Repair and Renovation,200798.0,2026-03-19T00:00:00.000Z,2026.0,0.0,samaharnalya darbhanga ke nikat samudayik bhawan sah karmchari vishram grih bhawan ka marammati evam navinikaran karya,samaharnalya darbhanga ke nikat samudayik bhawan sah karmchari vishram grih bhawan ka marammati evam navinikaran karya,,Mr Gopal Jee Thakur,,DARBHANGA,Completed,200798,2026-03-19T00:00:00.000Z,,,,,,,,,,,,Community Centers & Halls,Social Infrastructure
147014.0,6a932bb5cd94452437a171a0,Assam,Assam,GUWAHATI,GUWAHATI,GOALPARA(Deputy Commissioner Goalpara_IDA),GOALPARA(Deputy Commissioner Goalpara_IDA),Normal/Others,Normal/Others,350000.0,2026-04-27T00:00:00.000Z,2026.0,0.0,"Construction of community hall at Tharka Bazar near kalimandir , Joyramkhusi","Construction of community hall at Tharka Bazar near kalimandir , Joyramkhusi",,BIJULI KALITA MEDHI,,GUWAHATI,Completed,350000,2026-04-27T00:00:00.000Z,,,,,,,,,,,,Community Centers & Halls,Social Infrastructure
147021.0,6a932bb5cd94452437a16ea7,Assam,Assam,GUWAHATI,GUWAHATI,GOALPARA(Deputy Commissioner Goalpara_IDA),GOALPARA(Deputy Commissioner Goalpara_IDA),Normal/Others,Normal/Others,500000.0,2026-04-27T00:00:00.000Z,2026.0,0.0,"Construction of open community hall at Sri Sri Niranjan Mahaprubhu Pith , Bakaitari.","Construction of open community hall at Sri Sri Niranjan Mahaprubhu Pith , Bakaitari.",,BIJULI KALITA MEDHI,,GUWAHATI,Completed,500000,2026-04-27T00:00:00.000Z,,,,,,,,,,,,Community Centers & Halls,Social Infrastructure
148301.0,6a932bb5cd94452437a19503,Assam,Assam,JORHAT,JORHAT,CHARAIDEO(Deputy Commissioner Charaideo_IDA),CHARAIDEO(Deputy Commissioner Charaideo_IDA),Normal/Others,Normal/Others,199863.0,2026-01-21T00:00:00.000Z,2026.0,0.0,"Construction of Community Centre Garkush Habi Gaon near Hari Mandir, Nagahat, Garkush Habi Gaon, Sonali GP","Construction of Community Centre Garkush Habi Gaon near Hari Mandir, Nagahat, Garkush Habi Gaon, Sonali GP",,GAURAV GOGOI,,JORHAT,Completed,199863,2026-01-21T00:00:00.000Z,,,,,,,,,,,,Community Centers & Halls,Social Infrastructure
136563.0,6a932bb5cd94452437a1ae37,Gujarat,Gujarat,KACHCHH,KACHCHH,KACHCHH(DISTRICT COLLECTOR KUTCH_IDA),KACHCHH(DISTRICT COLLECTOR KUTCH_IDA),Normal/Others,Normal/Others,500000.0,2025-10-15T00:00:00.000Z,2025.0,0.0,Nakhtrana talukana vibhapar patidara samaj viastar karigar koman work shed,Nakhtrana talukana vibhapar patidara samaj viastar karigar koman work shed,,Vinod Chavda,,KACHCHH,Completed,500000,2025-10-15T00:00:00.000Z,,,,,,,,,,,,Community Centers & Halls,Social Infrastructure
136565.0,6a932bb5cd94452437a171be,Gujarat,Gujarat,KACHCHH,KACHCHH,KACHCHH(DISTRICT COLLECTOR KUTCH_IDA),KACHCHH(DISTRICT COLLECTOR KUTCH_IDA),Normal/Others,Normal/Others,500000.0,2025-02-18T00:00:00.000Z,2025.0,0.0,Anjar talukana jaroo gaame  Ahir vistar samaj karigar commen work shed,Anjar talukana jaroo gaame  Ahir vistar samaj karigar commen work shed,,Vinod Chavda,,KACHCHH,Completed,500000,2025-02-18T00:00:00.000Z,,,,,,,,,,,,Community Centers & Halls,Social Infrastructure
145285.0,6a932bb5cd94452437a1aea5,Gujarat,Gujarat,BARDOLI,BARDOLI,SURAT(DISTRICT COLLECTOR SURAT_IDA),SURAT(DISTRICT COLLECTOR SURAT_IDA),Normal/Others,Normal/Others,490000.0,2025-11-03T00:00:00.000Z,2025.0,0.0,"Construction of Shed at Hindu Cemetery at Laskana Village, Taluka Kamrej, District Surat","Construction of Shed at Hindu Cemetery at Laskana Village, Taluka Kamrej, District Surat",,Prabhubhai Nagarbhai Vasava,,BARDOLI,Completed,490000,2025-11-03T00:00:00.000Z,,,,,,,,,,,,Community Centers & Halls,Social Infrastructure
191523.0,6a932bb5cd94452437a1c1c3,Bihar,Bihar,PATNA SAHIB,PATNA SAHIB,PATNA(DISTRICT PLANNING OFFICER PATNA_IDA),PATNA(DISTRICT PLANNING OFFICER PATNA_IDA),Normal/Others,Normal/Others,1484200.0,2025-12-24T00:00:00.000Z,2025.0,0.0,"Construction work of hall on the first floor of community building in front of Panch Mandir in ward no. 21, Daroga Rai Path, under Digha assembly constituency.","Construction work of hall on the first floor of community building in front of Panch Mandir in ward no. 21, Daroga Rai Path, under Digha assembly constituency.",,Ravi Shankar Prasad,,PATNA SAHIB,Completed,1484200,2025-12-24T00:00:00.000Z,,,,,,,,,,,,Community Centers & Halls,Social Infrastructure
191525.0,6a932bb5cd94452437a1c1be,Bihar,Bihar,PATNA SAHIB,PATNA SAHIB,PATNA(DISTRICT PLANNING OFFICER PATNA_IDA),PATNA(DISTRICT PLANNING OFFICER PATNA_IDA),Normal/Others,Normal/Others,1483100.0,2025-12-24T00:00:00.000Z,2025.0,0.0,"Construction work of stairs in the southern part of the first floor of the community building in front of Panch Mandir in Ward No. 21, Daroga Rai Path, under Digha Legislative Assembly.","Construction work of stairs in the southern part of the first floor of the community building in front of Panch Mandir in Ward No. 21, Daroga Rai Path, under Digha Legislative Assembly.",,Ravi Shankar Prasad,,PATNA SAHIB,Completed,1483100,2025-12-24T00:00:00.000Z,,,,,,,,,,,,Community Centers & Halls,Social Infrastructure
137588.0,6a932bb5cd94452437a18793,Assam,Assam,Diphu,Diphu,KARBI ANGLONG(DEPUTY COMMISSIONER KARBI ANGLONG_IDA),KARBI ANGLONG(DEPUTY COMMISSIONER KARBI ANGLONG_IDA),Normal/Others,Normal/Others,1499859.0,2025-12-10T00:00:00.000Z,2025.0,0.0,Construction of Community Hall at Jawlian under Singhason MAC Constituency,Construction of Community Hall at Jawlian under Singhason MAC Constituency,,AMARSING TISSO,,Diphu,Completed,1499859,2025-12-10T00:00:00.000Z,,,,,,,,,,,,Community Centers & Halls,Social Infrastructure
137591.0,6a932bb5cd94452437a17399,Assam,Assam,Diphu,Diphu,KARBI ANGLONG(DEPUTY COMMISSIONER KARBI ANGLONG_IDA),KARBI ANGLONG(DEPUTY COMMISSIONER KARBI ANGLONG_IDA),Normal/Others,Normal/Others,999363.0,2025-12-10T00:00:00.000Z,2025.0,0.0,Construction of waiting shed at Minbung under Singhason MAC Constituency,Construction of waiting shed at Minbung under Singhason MAC Constituency,,AMARSING TISSO,,Diphu,Completed,999363,2025-12-10T00:00:00.000Z,,,,,,,,,,,,Community Centers & Halls,Social Infrastructure
137594.0,6a932bb5cd94452437a1698a,Assam,Assam,Diphu,Diphu,KARBI ANGLONG(DEPUTY COMMISSIONER KARBI ANGLONG_IDA),KARBI ANGLONG(DEPUTY COMMISSIONER KARBI ANGLONG_IDA),Normal/Others,Normal/Others,499329.0,2025-12-10T00:00:00.000Z,2025.0,0.0,"Construction of community fishery at Rongkimi, Diphu","Construction of community fishery at Rongkimi, Diphu",,AMARSING TISSO,,Diphu,Completed,499329,2025-12-10T00:00:00.000Z,,,,,,,,,,,,Community Centers & Halls,Social Infrastructure
137596.0,6a932bb5cd94452437a16b56,Assam,Assam,Diphu,Diphu,KARBI ANGLONG(DEPUTY COMMISSIONER KARBI ANGLONG_IDA),KARBI ANGLONG(DEPUTY COMMISSIONER KARBI ANGLONG_IDA),Repair and Renovation,Repair and Renovation,499190.0,2024-12-23T00:00:00.000Z,2024.0,0.0,"Improvement of open stage at Govt. Boys Higher Secondary playground, Diphu","Improvement of open stage at Govt. Boys Higher Secondary playground, Diphu",,AMARSING TISSO,,Diphu,Completed,499190,2024-12-23T00:00:00.000Z,,,,,,,,,,,,Community Centers & Halls,Social Infrastructure
192402.0,6a932bb5cd94452437a1b8ac,Bihar,Bihar,BUXAR,BUXAR,ROHTAS(District Planning Officer Rohtas_IDA),ROHTAS(District Planning Officer Rohtas_IDA),Normal/Others,Normal/Others,1491693.0,2026-05-07T00:00:00.000Z,2026.0,0.0,construction of community hall with toilet for vishwakarma society at Bhaluni Dham,construction of community hall with toilet for vishwakarma society at Bhaluni Dham,,SUDHAKAR SINGH,,BUXAR,Completed,1491693,2026-05-07T00:00:00.000Z,,,,,,,,,,,,Community Centers & Halls,Social Infrastructure
152521.0,6a932bb5cd94452437a1ae32,Gujarat,Gujarat,SABARKANTHA,SABARKANTHA,SABAR KANTHA(DISTRICT COLLECTOR SABARKANTHA_IDA),SABAR KANTHA(DISTRICT COLLECTOR SABARKANTHA_IDA),Normal/Others,Normal/Others,500000.0,2025-11-08T00:00:00.000Z,2025.0,0.0,Construction of hall near Vahanvati temple in village Barodara At Barodara,Construction of hall near Vahanvati temple in village Barodara At Barodara,,SHOBHANABEN MAHENDRASINH BARAIYA,,SABARKANTHA,Completed,500000,2025-11-08T00:00:00.000Z,,,,,,,,,,,,Community Centers & Halls,Social Infrastructure
153297.0,6a932bb5cd94452437a16c84,Assam,Assam,Diphu,Diphu,KARBI ANGLONG(DEPUTY COMMISSIONER KARBI ANGLONG_IDA),KARBI ANGLONG(DEPUTY COMMISSIONER KARBI ANGLONG_IDA),Normal/Others,Normal/Others,496993.0,2025-08-27T00:00:00.000Z,2025.0,0.0,"Construction of Waiting Shed near DIG Office Complex, Diphu","Construction of Waiting Shed near DIG Office Complex, Diphu",,AMARSING TISSO,,Diphu,Completed,496993,2025-08-27T00:00:00.000Z,,,,,,,,,,,,Community Centers & Halls,Social Infrastructure
157159.0,6a932bb5cd94452437a17e82,Gujarat,Gujarat,BHARUCH,BHARUCH,BHARUCH(DISTRICT COLLECTOR BROACH_IDA),BHARUCH(DISTRICT COLLECTOR BROACH_IDA),Normal/Others,Normal/Others,299869.0,2025-07-08T00:00:00.000Z,2025.0,0.0,ankot gam comunity hall na pachal na bhage dival nu kam,ankot gam comunity hall na pachal na bhage dival nu kam,,Mansukhbhai Dhanjibhai Vasava,,BHARUCH,Completed,299869,2025-07-08T00:00:00.000Z,,,,,,,,,,,,Community Centers & Halls,Social Infrastructure
154278.0,6a932bb5cd94452437a17839,Assam,Assam,Diphu,Diphu,KARBI ANGLONG(DEPUTY COMMISSIONER KARBI ANGLONG_IDA),KARBI ANGLONG(DEPUTY COMMISSIONER KARBI ANGLONG_IDA),Normal/Others,Normal/Others,1499178.0,2025-12-11T00:00:00.000Z,2025.0,0.0,Construction of community fishery at Bithiphang No. 2 Dili Terang Gaon,Construction of community fishery at Bithiphang No. 2 Dili Terang Gaon,,AMARSING TISSO,,Diphu,Completed,1499178,2025-12-11T00:00:00.000Z,,,,,,,,,,,,Community Centers & Halls,Social Infrastructure
161011.0,6a932bb5cd94452437a1a2ed,Assam,Assam,JORHAT,JORHAT,"MAJULI(District Commissioner, Majuli)","MAJULI(District Commissioner, Majuli)",Normal/Others,Normal/Others,151895.0,2026-08-26T00:00:00.000Z,2026.0,0.0,"Construction of Waiting Shed at Garamur Pitambar Dev Civil Hospital, Garamur Satra, Garamur GP","Construction of Waiting Shed at Garamur Pitambar Dev Civil Hospital, Garamur Satra, Garamur GP",,GAURAV GOGOI,,JORHAT,Completed,151895,2026-08-26T00:00:00.000Z,,,,,,,,,,,,Community Centers & Halls,Social Infrastructure
161043.0,6a932bb5cd94452437a1a5a0,Assam,Assam,JORHAT,JORHAT,"MAJULI(District Commissioner, Majuli)","MAJULI(District Commissioner, Majuli)",Normal/Others,Normal/Others,148632.0,2026-08-18T00:00:00.000Z,2026.0,0.0,"Construction of Waiting Shed at Chapori Gaon, Chapori Gaon, Panikhati, Luitporia GP","Construction of Waiting Shed at Chapori Gaon, Chapori Gaon, Panikhati, Luitporia GP",,GAURAV GOGOI,,JORHAT,Completed,148632,2026-08-18T00:00:00.000Z,,,,,,,,,,,,Community Centers & Halls,Social Infrastructure
157557.0,6a932bb5cd94452437a17dc7,Gujarat,Gujarat,SABARKANTHA,SABARKANTHA,SABAR KANTHA(DISTRICT COLLECTOR SABARKANTHA_IDA),SABAR KANTHA(DISTRICT COLLECTOR SABARKANTHA_IDA),Normal/Others,Normal/Others,500000.0,2025-07-07T00:00:00.000Z,2025.0,0.0,Forty-two villages in Vavadi village are being built near Guru Gadi Hanumanji temple for the construction of a new shed.,Forty-two villages in Vavadi village are being built near Guru Gadi Hanumanji temple for the construction of a new shed.,,SHOBHANABEN MAHENDRASINH BARAIYA,,SABARKANTHA,Completed,500000,2025-07-07T00:00:00.000Z,,,,,,,,,,,,Community Centers & Halls,Social Infrastructure
158464.0,6a932bb5cd94452437a1dafe,Gujarat,Gujarat,KACHCHH,KACHCHH,KACHCHH(DISTRICT COLLECTOR KUTCH_IDA),KACHCHH(DISTRICT COLLECTOR KUTCH_IDA),Normal/Others,Normal/Others,350000.0,2026-03-20T00:00:00.000Z,2026.0,0.0,Mandvi talukana mota layja gaane muslim jamat vistar community hall,Mandvi talukana mota layja gaane muslim jamat vistar community hall,,Vinod Chavda,,KACHCHH,Completed,350000,2026-03-20T00:00:00.000Z,,,,,,,,,,,,Community Centers & Halls,Social Infrastructure
158943.0,6a932bb5cd94452437a1d5ae,Gujarat,Gujarat,KACHCHH,KACHCHH,KACHCHH(DISTRICT COLLECTOR KUTCH_IDA),KACHCHH(DISTRICT COLLECTOR KUTCH_IDA),Normal/Others,Normal/Others,400000.0,2026-03-02T00:00:00.000Z,2026.0,0.0,Rapar talukana Rav moti ravechinagar shiv mandir paase sanskrutik hall,Rapar talukana Rav moti ravechinagar shiv mandir paase sanskrutik hall,,Vinod Chavda,,KACHCHH,Completed,400000,2026-03-02T00:00:00.000Z,,,,,,,,,,,,Community Centers & Halls,Social Infrastructure
163853.0,6a932bb5cd94452437a18968,Assam,Assam,JORHAT,JORHAT,JORHAT(DEPUTY COMMISSIONER JORHAT_IDA),JORHAT(DEPUTY COMMISSIONER JORHAT_IDA),Normal/Others,Normal/Others,250000.0,2025-08-12T00:00:00.000Z,2025.0,0.0,"Construction of Pithakhuwa Gaon Youth Sangha Club Community Hall, Pithakhuwa,Selengat, Deogharia, 13. No Seleng GP","Construction of Pithakhuwa Gaon Youth Sangha Club Community Hall, Pithakhuwa,Selengat, Deogharia, 13. No Seleng GP",,GAURAV GOGOI,,JORHAT,Completed,250000,2025-08-12T00:00:00.000Z,,,,,,,,,,,,Community Centers & Halls,Social Infrastructure
160173.0,6a932bb5cd94452437a18065,Gujarat,Gujarat,PATAN,PATAN,BANAS KANTHA(DISTRICT COLLECTOR BANAS KANTHA_IDA),BANAS KANTHA(DISTRICT COLLECTOR BANAS KANTHA_IDA),Normal/Others,Normal/Others,500000.0,2025-05-11T00:00:00.000Z,2025.0,0.0,bukoli game bena vasma shed nu kam,bukoli game bena vasma shed nu kam,,Bharatsinhji Shankarji Dabhi,,PATAN,Completed,500000,2025-05-11T00:00:00.000Z,,,,,,,,,,,,Community Centers & Halls,Social Infrastructure
163857.0,6a932bb5cd94452437a19717,Assam,Assam,JORHAT,JORHAT,JORHAT(DEPUTY COMMISSIONER JORHAT_IDA),JORHAT(DEPUTY COMMISSIONER JORHAT_IDA),Normal/Others,Normal/Others,250000.0,2025-10-06T00:00:00.000Z,2025.0,0.0,"Development of Puthinadi Ranga Mancha Community Hall, Puthinadi,Chungi Lahing, Nakachar, 17 No Pub Nakachari GP","Development of Puthinadi Ranga Mancha Community Hall, Puthinadi,Chungi Lahing, Nakachar, 17 No Pub Nakachari GP",,GAURAV GOGOI,,JORHAT,Completed,250000,2025-10-06T00:00:00.000Z,,,,,,,,,,,,Community Centers & Halls,Social Infrastructure
164861.0,6a932bb5cd94452437a1c971,Assam,Assam,Sonitpur,Sonitpur,"SONITPUR(Deputy Commissioner Sonitpur, Tezpur)","SONITPUR(Deputy Commissioner Sonitpur, Tezpur)",Repair and Renovation,Repair and Renovation,490768.0,2026-01-21T00:00:00.000Z,2026.0,0.0,"Repairing of Community Hall at Saikia Chuburi Namghar Campus, Majgaon, Tezpur","Repairing of Community Hall at Saikia Chuburi Namghar Campus, Majgaon, Tezpur",,RANJIT DUTTA,,Sonitpur,Completed,490768,2026-01-21T00:00:00.000Z,,,,,,,,,,,,Community Centers & Halls,Social Infrastructure
196487.0,6a932bb5cd94452437a1b9f2,Bihar,Bihar,PURVI CHAMPARAN,PURVI CHAMPARAN,PURBI CHAMPARAN(DISTRICT PLANNING OFFICER MOTHIHARI EAST CHAMPARAN_IDA),PURBI CHAMPARAN(DISTRICT PLANNING OFFICER MOTHIHARI EAST CHAMPARAN_IDA),Normal/Others,Normal/Others,1498840.0,2025-12-11T00:00:00.000Z,2025.0,0.0,Motihari Nagar Nigam Antargart Sri Krishan Sinha Mahila Mahavidhyala Ke Parishar Me Shed Ka Nirman Karya.,Motihari Nagar Nigam Antargart Sri Krishan Sinha Mahila Mahavidhyala Ke Parishar Me Shed Ka Nirman Karya.,,Radha Mohan Singh,,PURVI CHAMPARAN,Completed,1498840,2025-12-11T00:00:00.000Z,,,,,,,,,,,,Community Centers & Halls,Social Infrastructure
170397.0,6a932bb5cd94452437a1afee,Assam,Assam,Sonitpur,Sonitpur,"SONITPUR(Deputy Commissioner Sonitpur, Tezpur)","SONITPUR(Deputy Commissioner Sonitpur, Tezpur)",Normal/Others,Normal/Others,499959.0,2025-10-24T00:00:00.000Z,2025.0,0.0,"Construction of Community Hall at Kundarabari, Near Kundarabari Ranga Mancha","Construction of Community Hall at Kundarabari, Near Kundarabari Ranga Mancha",,RANJIT DUTTA,,Sonitpur,Completed,499959,2025-10-24T00:00:00.000Z,,,,,,,,,,,,Community Centers & Halls,Social Infrastructure
171032.0,6a932bb5cd94452437a1b424,Assam,Assam,DIBRUGARH,DIBRUGARH,TINSUKIA(DC Tinsukia),TINSUKIA(DC Tinsukia),Normal/Others,Normal/Others,940219.0,2026-05-08T00:00:00.000Z,2026.0,0.0,"Construction of Community Hall at Gellapukhuri Tea Estate 14 no. Line, Gellapukhuri Gaon","Construction of Community Hall at Gellapukhuri Tea Estate 14 no. Line, Gellapukhuri Gaon",,Shri Sarbananda Sonowal (18LS),,DIBRUGARH,Completed,940219,2026-05-08T00:00:00.000Z,,,,,,,,,,,,Community Centers & Halls,Social Infrastructure
162795.0,6a932bb5cd94452437a183e3,Gujarat,Gujarat,ANAND,ANAND,ANAND(District Collector ANAND_IDA),ANAND(District Collector ANAND_IDA),Normal/Others,Normal/Others,140000.0,2025-12-05T00:00:00.000Z,2025.0,0.0,Bhetasi (Vanta) Game Vagharivas (Ranchhodpura) Vistarma Shed Karvanu Kam.,Bhetasi (Vanta) Game Vagharivas (Ranchhodpura) Vistarma Shed Karvanu Kam.,,Mitesh Rameshbhai Bakabhai Patel,,ANAND,Completed,140000,2025-12-05T00:00:00.000Z,,,,,,,,,,,,Community Centers & Halls,Social Infrastructure
166321.0,6a932bb5cd94452437a18d14,Gujarat,Gujarat,BHAVNAGAR,BHAVNAGAR,BHAVNAGAR(DISTRICT COLLECTOR BHAVNAGAR_IDA),BHAVNAGAR(DISTRICT COLLECTOR BHAVNAGAR_IDA),Normal/Others,Normal/Others,300000.0,2025-07-10T00:00:00.000Z,2025.0,0.0,To construct a shed at the cremation ground at Jamanvav Gram Panchayat,To construct a shed at the cremation ground at Jamanvav Gram Panchayat,,NIMUBEN JAYANTIBHAI BAMBHANIYA,,BHAVNAGAR,Completed,300000,2025-07-10T00:00:00.000Z,,,,,,,,,,,,Community Centers & Halls,Social Infrastructure
166324.0,6a932bb5cd94452437a18b1d,Gujarat,Gujarat,BHAVNAGAR,BHAVNAGAR,BHAVNAGAR(DISTRICT COLLECTOR BHAVNAGAR_IDA),BHAVNAGAR(DISTRICT COLLECTOR BHAVNAGAR_IDA),Normal/Others,Normal/Others,200000.0,2025-07-03T00:00:00.000Z,2025.0,0.0,To construct a shed at the cremation ground at Jaliya (Khara) Shree Bahadurgadh Gram Panchayat,To construct a shed at the cremation ground at Jaliya (Khara) Shree Bahadurgadh Gram Panchayat,,NIMUBEN JAYANTIBHAI BAMBHANIYA,,BHAVNAGAR,Completed,200000,2025-07-03T00:00:00.000Z,,,,,,,,,,,,Community Centers & Halls,Social Infrastructure
166343.0,6a932bb5cd94452437a1d6ca,Gujarat,Gujarat,BHAVNAGAR,BHAVNAGAR,BHAVNAGAR(DISTRICT COLLECTOR BHAVNAGAR_IDA),BHAVNAGAR(DISTRICT COLLECTOR BHAVNAGAR_IDA),Normal/Others,Normal/Others,499808.0,2026-03-06T00:00:00.000Z,2026.0,0.0,Construction of community hall (Ambedkar Bhawan) at Pipaliya Village (Sihor),Construction of community hall (Ambedkar Bhawan) at Pipaliya Village (Sihor),,NIMUBEN JAYANTIBHAI BAMBHANIYA,,BHAVNAGAR,Completed,499808,2026-03-06T00:00:00.000Z,,,,,,,,,,,,Community Centers & Halls,Social Infrastructure
173480.0,6a932bb5cd94452437a19322,Assam,Assam,Diphu,Diphu,KARBI ANGLONG(DEPUTY COMMISSIONER KARBI ANGLONG_IDA),KARBI ANGLONG(DEPUTY COMMISSIONER KARBI ANGLONG_IDA),Normal/Others,Normal/Others,1498825.0,2025-07-25T00:00:00.000Z,2025.0,0.0,"Construction of Open Stage at Phonglangso, Diphu","Construction of Open Stage at Phonglangso, Diphu",,AMARSING TISSO,,Diphu,Completed,1498825,2025-07-25T00:00:00.000Z,,,,,,,,,,,,Community Centers & Halls,Social Infrastructure
176687.0,6a932bb5cd94452437a19c7a,Assam,Assam,Sonitpur,Sonitpur,"SONITPUR(Deputy Commissioner Sonitpur, Tezpur)","SONITPUR(Deputy Commissioner Sonitpur, Tezpur)",Normal/Others,Normal/Others,1866320.0,2025-08-28T00:00:00.000Z,2025.0,0.0,"LED display system at D.C.  Conference Hall-II, Sonitpur, Tezpur","LED display system at D.C.  Conference Hall-II, Sonitpur, Tezpur",,RANJIT DUTTA,,Sonitpur,Completed,1866320,2025-08-28T00:00:00.000Z,,,,,,,,,,,,Community Centers & Halls,Social Infrastructure
162904.0,6a932bb5cd94452437a1be84,Gujarat,Gujarat,MAHESANA,MAHESANA,MAHESANA(DISTRICT COLLECTOR MAHESANA_IDA),MAHESANA(DISTRICT COLLECTOR MAHESANA_IDA),Normal/Others,Normal/Others,200000.0,2025-12-17T00:00:00.000Z,2025.0,0.0,Construction of a Shed at old dalit vas (SC),Construction of a Shed at old dalit vas (SC),,HARIBHAI PATEL,,MAHESANA,Completed,200000,2025-12-17T00:00:00.000Z,,,,,,,,,,,,Community Centers & Halls,Social Infrastructure
138858.0,6a932bb5cd94452437a1d532,Andhra Pradesh,Andhra Pradesh,AMALAPURAM,AMALAPURAM,Dr. B.R. Ambedkar Konaseema(DISTRICT COLLECTOR Dr B R AMBEDKAR KONASEEMA_IDA),Dr. B.R. Ambedkar Konaseema(DISTRICT COLLECTOR Dr B R AMBEDKAR KONASEEMA_IDA),Normal/Others,Normal/Others,3507771.0,2026-02-27T00:00:00.000Z,2026.0,0.0,Construction of OC Community hall at Machara,Construction of OC Community hall at Machara,,GM Harish Balayogi,,AMALAPURAM,Completed,3507771,2026-02-27T00:00:00.000Z,,,,,,,,,,,,Community Centers & Halls,Social Infrastructure
182036.0,6a932bb5cd94452437a1885b,Assam,Assam,Sonitpur,Sonitpur,Biswanath(Deputy Commissioner Biswanath_IDA),Biswanath(Deputy Commissioner Biswanath_IDA),Normal/Others,Normal/Others,500000.0,2026-03-30T00:00:00.000Z,2026.0,0.0,Construction of Community Hall at Rangchali Sadhubasti Center,Construction of Community Hall at Rangchali Sadhubasti Center,,RANJIT DUTTA,,Sonitpur,Completed,500000,2026-03-30T00:00:00.000Z,,,,,,,,,,,,Community Centers & Halls,Social Infrastructure
184245.0,6a932bb5cd94452437a1c641,Assam,Assam,JORHAT,JORHAT,JORHAT(DEPUTY COMMISSIONER JORHAT_IDA),JORHAT(DEPUTY COMMISSIONER JORHAT_IDA),Normal/Others,Normal/Others,150000.0,2026-02-11T00:00:00.000Z,2026.0,0.0,"Construction of Community Centre near at Kali Mandir, Dehingia Para TE, Kathalguri GP","Construction of Community Centre near at Kali Mandir, Dehingia Para TE, Kathalguri GP",,GAURAV GOGOI,,JORHAT,Completed,150000,2026-02-11T00:00:00.000Z,,,,,,,,,,,,Community Centers & Halls,Social Infrastructure
196924.0,6a932bb5cd94452437a19f3f,Assam,Assam,LAKHIMPUR,LAKHIMPUR,DHEMAJI(DEPUTY COMMISSIONER DHEMAJI_IDA),DHEMAJI(DEPUTY COMMISSIONER DHEMAJI_IDA),Normal/Others,Normal/Others,300000.0,2025-09-03T00:00:00.000Z,2025.0,0.0,"Const. of community hall near Shri Shri Kath Bapu Satra, Sissiborgaon LAC under MPLADS, FY 2025-26","Const. of community hall near Shri Shri Kath Bapu Satra, Sissiborgaon LAC under MPLADS, FY 2025-26",,Pradan Baruah,,LAKHIMPUR,Completed,300000,2025-09-03T00:00:00.000Z,,,,,,,,,,,,Community Centers & Halls,Social Infrastructure
196926.0,6a932bb5cd94452437a19779,Assam,Assam,LAKHIMPUR,LAKHIMPUR,DHEMAJI(DEPUTY COMMISSIONER DHEMAJI_IDA),DHEMAJI(DEPUTY COMMISSIONER DHEMAJI_IDA),Normal/Others,Normal/Others,300000.0,2025-08-11T00:00:00.000Z,2025.0,0.0,"Const. of community hall near Dhunaguri Kalita Gaon Harimandir, Amguri GP under MPLADS, FY 2025-26","Const. of community hall near Dhunaguri Kalita Gaon Harimandir, Amguri GP under MPLADS, FY 2025-26",,Pradan Baruah,,LAKHIMPUR,Completed,300000,2025-08-11T00:00:00.000Z,,,,,,,,,,,,Community Centers & Halls,Social Infrastructure
196928.0,6a932bb5cd94452437a19d55,Assam,Assam,LAKHIMPUR,LAKHIMPUR,DHEMAJI(DEPUTY COMMISSIONER DHEMAJI_IDA),DHEMAJI(DEPUTY COMMISSIONER DHEMAJI_IDA),Normal/Others,Normal/Others,300000.0,2025-08-29T00:00:00.000Z,2025.0,0.0,"Const. of community hall near Namoni Chowkhamting Namghar, Sissiborgaon LAC under MPLADS, for the year 2025-26","Const. of community hall near Namoni Chowkhamting Namghar, Sissiborgaon LAC under MPLADS, for the year 2025-26",,Pradan Baruah,,LAKHIMPUR,Completed,300000,2025-08-29T00:00:00.000Z,,,,,,,,,,,,Community Centers & Halls,Social Infrastructure
206800.0,6a932bb5cd94452437a1b5fe,Assam,Assam,Sonitpur,Sonitpur,"SONITPUR(Deputy Commissioner Sonitpur, Tezpur)","SONITPUR(Deputy Commissioner Sonitpur, Tezpur)",Normal/Others,Normal/Others,499597.0,2025-11-17T00:00:00.000Z,2025.0,0.0,"Renovation or Construction of Community Hall at Barika Chuburi Smasan, Madhya Barika Chuburi, Tezpur","Renovation or Construction of Community Hall at Barika Chuburi Smasan, Madhya Barika Chuburi, Tezpur",,RANJIT DUTTA,,Sonitpur,Completed,499597,2025-11-17T00:00:00.000Z,,,,,,,,,,,,Community Centers & Halls,Social Infrastructure
207099.0,6a932bb5cd94452437a19d24,Assam,Assam,BARPETA,BARPETA,NALBARI(DEPUTY COMMISSIONER NALBARI_IDA),NALBARI(DEPUTY COMMISSIONER NALBARI_IDA),Normal/Others,Normal/Others,1000000.0,2026-02-05T00:00:00.000Z,2026.0,0.0,"Construction of Dining Hall near Sri Sri Shiva Mandir, Shantidham Nalbari","Construction of Dining Hall near Sri Sri Shiva Mandir, Shantidham Nalbari",,PHANI BHUSAN CHOUDHURY,,BARPETA,Completed,1000000,2026-02-05T00:00:00.000Z,,,,,,,,,,,,Community Centers & Halls,Social Infrastructure
211185.0,6a932bb5cd94452437a1bf9e,Assam,Assam,KOKRAJHAR,KOKRAJHAR,KOKRAJHAR(DEPUTY COMMISSIONER KOKRAJHAR_IDA),KOKRAJHAR(DEPUTY COMMISSIONER KOKRAJHAR_IDA),Normal/Others,Normal/Others,998502.0,2025-12-19T00:00:00.000Z,2025.0,0.0,Construction of Community hall at Narabari village under Nepalpara VCDC,Construction of Community hall at Narabari village under Nepalpara VCDC,,JOYANTA BASUMATARY,,KOKRAJHAR,Completed,998502,2025-12-19T00:00:00.000Z,,,,,,,,,,,,Community Centers & Halls,Social Infrastructure
245635.0,6a932bb5cd94452437a1d54a,Assam,Assam,LAKHIMPUR,LAKHIMPUR,DHEMAJI(DEPUTY COMMISSIONER DHEMAJI_IDA),DHEMAJI(DEPUTY COMMISSIONER DHEMAJI_IDA),Normal/Others,Normal/Others,299985.0,2026-02-27T00:00:00.000Z,2026.0,0.0,"Const. of community hall near Kalpanapur Namghar, Sissiborgaon LAC","Const. of community hall near Kalpanapur Namghar, Sissiborgaon LAC",,Pradan Baruah,,LAKHIMPUR,Completed,299985,2026-02-27T00:00:00.000Z,,,,,,,,,,,,Community Centers & Halls,Social Infrastructure
175788.0,6a932bb5cd94452437a1ad00,Gujarat,Gujarat,NAVSARI,NAVSARI,NAVSARI(DISTRICT COLLECTOR NAVSARI_IDA),NAVSARI(DISTRICT COLLECTOR NAVSARI_IDA),Normal/Others,Normal/Others,250000.0,2025-10-13T00:00:00.000Z,2025.0,0.0,For Community Hall in Naher faliya at Kanbad Village,For Community Hall in Naher faliya at Kanbad Village,,C R Patil,,NAVSARI,Completed,250000,2025-10-13T00:00:00.000Z,,,,,,,,,,,,Community Centers & Halls,Social Infrastructure
245637.0,6a932bb5cd94452437a1dd57,Assam,Assam,LAKHIMPUR,LAKHIMPUR,DHEMAJI(DEPUTY COMMISSIONER DHEMAJI_IDA),DHEMAJI(DEPUTY COMMISSIONER DHEMAJI_IDA),Normal/Others,Normal/Others,297000.0,2026-03-31T00:00:00.000Z,2026.0,0.0,"Const. of community hall near Garmarah Bhakati Roshan Prathamik Hakha Namghar, Sissiborgaon LAC under MPLADS, FY 2025-26","Const. of community hall near Garmarah Bhakati Roshan Prathamik Hakha Namghar, Sissiborgaon LAC under MPLADS, FY 2025-26",,Pradan Baruah,,LAKHIMPUR,Completed,297000,2026-03-31T00:00:00.000Z,,,,,,,,,,,,Community Centers & Halls,Social Infrastructure
214110.0,6a932bb5cd94452437a18c2c,Bihar,Bihar,BANKA,BANKA,BANKA(DISTRICT PLANNING OFFICER BANKA_IDA),BANKA(DISTRICT PLANNING OFFICER BANKA_IDA),Normal/Others,Normal/Others,1334000.0,2025-07-07T00:00:00.000Z,2025.0,0.0,Construction of SS bus shed,Construction of SS bus shed,,Giridhari Yadav,,BANKA,Completed,1334000,2025-07-07T00:00:00.000Z,,,,,,,,,,,,Community Centers & Halls,Social Infrastructure
214112.0,6a932bb5cd94452437a18c2b,Bihar,Bihar,BANKA,BANKA,BANKA(DISTRICT PLANNING OFFICER BANKA_IDA),BANKA(DISTRICT PLANNING OFFICER BANKA_IDA),Normal/Others,Normal/Others,1334000.0,2025-07-07T00:00:00.000Z,2025.0,0.0,Construction of SS bus shed,Construction of SS bus shed,,Giridhari Yadav,,BANKA,Completed,1334000,2025-07-07T00:00:00.000Z,,,,,,,,,,,,Community Centers & Halls,Social Infrastructure
214114.0,6a932bb5cd94452437a18c2e,Bihar,Bihar,BANKA,BANKA,BANKA(DISTRICT PLANNING OFFICER BANKA_IDA),BANKA(DISTRICT PLANNING OFFICER BANKA_IDA),Normal/Others,Normal/Others,1334000.0,2025-07-07T00:00:00.000Z,2025.0,0.0,Construction of SS bus shed,Construction of SS bus shed,,Giridhari Yadav,,BANKA,Completed,1334000,2025-07-07T00:00:00.000Z,,,,,,,,,,,,Community Centers & Halls,Social Infrastructure
190905.0,6a932bb5cd94452437a1b5f2,Gujarat,Gujarat,KACHCHH,KACHCHH,KACHCHH(DISTRICT COLLECTOR KUTCH_IDA),KACHCHH(DISTRICT COLLECTOR KUTCH_IDA),Normal/Others,Normal/Others,400000.0,2025-11-17T00:00:00.000Z,2025.0,0.0,Lakhapat talukana siyot gaame dayabaapa mandir pase karigar common work shed,Lakhapat talukana siyot gaame dayabaapa mandir pase karigar common work shed,,Vinod Chavda,,KACHCHH,Completed,400000,2025-11-17T00:00:00.000Z,,,,,,,,,,,,Community Centers & Halls,Social Infrastructure
190907.0,6a932bb5cd94452437a1cf6e,Gujarat,Gujarat,KACHCHH,KACHCHH,KACHCHH(DISTRICT COLLECTOR KUTCH_IDA),KACHCHH(DISTRICT COLLECTOR KUTCH_IDA),Normal/Others,Normal/Others,400000.0,2026-02-10T00:00:00.000Z,2026.0,0.0,Bhuj talukana tharavada nana gaame maheshvari samajvaadi pase karigar common work shed,Bhuj talukana tharavada nana gaame maheshvari samajvaadi pase karigar common work shed,,Vinod Chavda,,KACHCHH,Completed,400000,2026-02-10T00:00:00.000Z,,,,,,,,,,,,Community Centers & Halls,Social Infrastructure
215039.0,6a932bb5cd94452437a1e125,Bihar,Bihar,NALANDA,NALANDA,NALANDA(DISTRICT PLANNING OFFICER NALANDA_IDA),NALANDA(DISTRICT PLANNING OFFICER NALANDA_IDA),Normal/Others,Normal/Others,432750.0,2026-04-20T00:00:00.000Z,2026.0,0.0,Giriyak block ke gram gajipur me khata 500 khesra 891 par samudaik bhawan ka nirman.,Giriyak block ke gram gajipur me khata 500 khesra 891 par samudaik bhawan ka nirman.,,Kaushalendra Kumar,,NALANDA,Completed,432750,2026-04-20T00:00:00.000Z,,,,,,,,,,,,Community Centers & Halls,Social Infrastructure
193719.0,6a932bb5cd94452437a1af03,Gujarat,Gujarat,AHMEDABAD EAST,AHMEDABAD EAST,GANDHINAGAR(DISTRICT COLLECTOR GANDHINAGAR_IDA),GANDHINAGAR(DISTRICT COLLECTOR GANDHINAGAR_IDA),Normal/Others,Normal/Others,399660.0,2025-11-03T00:00:00.000Z,2025.0,0.0,Construction of Shed at Main Hall of Hathijan Village,Construction of Shed at Main Hall of Hathijan Village,,Hasmukh Bhai Soma Bhai Patel,,AHMEDABAD EAST,Completed,399660,2025-11-03T00:00:00.000Z,,,,,,,,,,,,Community Centers & Halls,Social Infrastructure
193750.0,6a932bb5cd94452437a1cacb,Gujarat,Gujarat,KACHCHH,KACHCHH,KACHCHH(DISTRICT COLLECTOR KUTCH_IDA),KACHCHH(DISTRICT COLLECTOR KUTCH_IDA),Normal/Others,Normal/Others,400000.0,2026-02-02T00:00:00.000Z,2026.0,0.0,Abdasa talukana Karodiya mota gaame charan samajvadi khutta shed nu kaam common work shed,Abdasa talukana Karodiya mota gaame charan samajvadi khutta shed nu kaam common work shed,,Vinod Chavda,,KACHCHH,Completed,400000,2026-02-02T00:00:00.000Z,,,,,,,,,,,,Community Centers & Halls,Social Infrastructure
215152.0,6a932bb5cd94452437a18c29,Bihar,Bihar,BANKA,BANKA,BANKA(DISTRICT PLANNING OFFICER BANKA_IDA),BANKA(DISTRICT PLANNING OFFICER BANKA_IDA),Normal/Others,Normal/Others,1334000.0,2025-07-07T00:00:00.000Z,2025.0,0.0,Katoriya Nagar panchayat Ward No- 6 ke gram Bhairopur Kali Mandir ke pass SS Yatri Shed (Steel) ka nirman.,Katoriya Nagar panchayat Ward No- 6 ke gram Bhairopur Kali Mandir ke pass SS Yatri Shed (Steel) ka nirman.,,Giridhari Yadav,,BANKA,Completed,1334000,2025-07-07T00:00:00.000Z,,,,,,,,,,,,Community Centers & Halls,Social Infrastructure
215516.0,6a932bb5cd94452437a1dc55,Bihar,Bihar,BEGUSARAI,BEGUSARAI,BEGUSARAI(DISTRICT PLANNING OFFICER BEGUSARAI_IDA),BEGUSARAI(DISTRICT PLANNING OFFICER BEGUSARAI_IDA),Normal/Others,Normal/Others,1390459.0,2026-03-25T00:00:00.000Z,2026.0,0.0,community hall ward no 3 rajkrit wani vilas sanskrit uchh Vidhyalay,community hall ward no 3 rajkrit wani vilas sanskrit uchh Vidhyalay,,Giriraj Singh,,BEGUSARAI,Completed,1390459,2026-03-25T00:00:00.000Z,,,,,,,,,,,,Community Centers & Halls,Social Infrastructure
135979.0,6a932bb5cd94452437a16a89,Bihar,Bihar,PURVI CHAMPARAN,PURVI CHAMPARAN,PURBI CHAMPARAN(DISTRICT PLANNING OFFICER MOTHIHARI EAST CHAMPARAN_IDA),PURBI CHAMPARAN(DISTRICT PLANNING OFFICER MOTHIHARI EAST CHAMPARAN_IDA),Normal/Others,Normal/Others,1495894.0,2025-04-26T00:00:00.000Z,2025.0,0.0,MOTIHARI NAGAR KE LUMBINI BHAWAN KE PICCHE BUDDH VIHAR PARISAR ME CHABUTARA KA NIRMAN KARYA.,MOTIHARI NAGAR KE LUMBINI BHAWAN KE PICCHE BUDDH VIHAR PARISAR ME CHABUTARA KA NIRMAN KARYA.,,Radha Mohan Singh,,PURVI CHAMPARAN,Completed,1495894,2025-04-26T00:00:00.000Z,,,,,,,,,,,,Community Centers & Halls,Social Infrastructure
168686.0,6a932bb5cd94452437a19d45,Andhra Pradesh,Andhra Pradesh,SRIKAKULAM,SRIKAKULAM,SRIKAKULAM(District Collector Srikakulam_IDA),SRIKAKULAM(District Collector Srikakulam_IDA),Normal/Others,Normal/Others,499598.0,2026-04-22T00:00:00.000Z,2026.0,0.0,Construction of Community Hall at Lollaputtuga Village of B.G.Puttuga GP of Kacviti mandal,Construction of Community Hall at Lollaputtuga Village of B.G.Puttuga GP of Kacviti mandal,,Kinjarapu Ram Mohan Naidu,,SRIKAKULAM,Completed,499598,2026-04-22T00:00:00.000Z,,,,,,,,,,,,Community Centers & Halls,Social Infrastructure
136944.0,6a932bb5cd94452437a16d8f,Bihar,Bihar,BUXAR,BUXAR,KAIMUR (BHABUA)(DISTRICT PLANNING OFFICER KAIMUR BHABUA_IDA),KAIMUR (BHABUA)(DISTRICT PLANNING OFFICER KAIMUR BHABUA_IDA),Normal/Others,Normal/Others,796448.0,2025-03-24T00:00:00.000Z,2025.0,0.0,construction of community hall at gorar(Durgawati),construction of community hall at gorar(Durgawati),,SUDHAKAR SINGH,,BUXAR,Completed,796448,2025-03-24T00:00:00.000Z,,,,,,,,,,,,Community Centers & Halls,Social Infrastructure
168690.0,6a932bb5cd94452437a1b02a,Andhra Pradesh,Andhra Pradesh,SRIKAKULAM,SRIKAKULAM,SRIKAKULAM(District Collector Srikakulam_IDA),SRIKAKULAM(District Collector Srikakulam_IDA),Normal/Others,Normal/Others,471605.0,2025-10-25T00:00:00.000Z,2025.0,0.0,Construction of Community Hall at Gokarnapuram village and GP of Kanchili mandal,Construction of Community Hall at Gokarnapuram village and GP of Kanchili mandal,,Kinjarapu Ram Mohan Naidu,,SRIKAKULAM,Completed,471605,2025-10-25T00:00:00.000Z,,,,,,,,,,,,Community Centers & Halls,Social Infrastructure
182496.0,6a932bb5cd94452437a18d97,Gujarat,Gujarat,VADODARA,VADODARA,VADODARA(DISTRICT COLLECTOR VADODARA_IDA),VADODARA(DISTRICT COLLECTOR VADODARA_IDA),Normal/Others,Normal/Others,490000.0,2025-10-30T00:00:00.000Z,2025.0,0.0,kishanwadi khate avel pujay valabhachary prathmik sala ma dome shed bannavva ni kamgiri,kishanwadi khate avel pujay valabhachary prathmik sala ma dome shed bannavva ni kamgiri,,DR. HEMANG JOSHI,,VADODARA,Completed,490000,2025-10-30T00:00:00.000Z,,,,,,,,,,,,Community Centers & Halls,Social Infrastructure
182501.0,6a932bb5cd94452437a1af0e,Gujarat,Gujarat,VADODARA,VADODARA,VADODARA(DISTRICT COLLECTOR VADODARA_IDA),VADODARA(DISTRICT COLLECTOR VADODARA_IDA),Normal/Others,Normal/Others,1073534.0,2025-10-17T00:00:00.000Z,2025.0,0.0,Verai mataji na temple (Subhanpura ) ni bajuma community hall bannavvani kamgiri,Verai mataji na temple (Subhanpura ) ni bajuma community hall bannavvani kamgiri,,DR. HEMANG JOSHI,,VADODARA,Completed,1073534,2025-10-17T00:00:00.000Z,,,,,,,,,,,,Community Centers & Halls,Social Infrastructure
182719.0,6a932bb5cd94452437a19cfe,Gujarat,Gujarat,SABARKANTHA,SABARKANTHA,SABAR KANTHA(DISTRICT COLLECTOR SABARKANTHA_IDA),SABAR KANTHA(DISTRICT COLLECTOR SABARKANTHA_IDA),Normal/Others,Normal/Others,500000.0,2025-09-26T00:00:00.000Z,2025.0,0.0,morad game aajana choudhari ni vadi pase shed nu kam,morad game aajana choudhari ni vadi pase shed nu kam,,SHOBHANABEN MAHENDRASINH BARAIYA,,SABARKANTHA,Completed,500000,2025-09-26T00:00:00.000Z,,,,,,,,,,,,Community Centers & Halls,Social Infrastructure
209619.0,6a932bb5cd94452437a1bd8a,Bihar,Bihar,KARAKAT,KARAKAT,AURANGABAD(DISTRICT PLANNING OFFICER AURANGABAD_IDA),AURANGABAD(DISTRICT PLANNING OFFICER AURANGABAD_IDA),Normal/Others,Normal/Others,71358.0,2026-01-14T00:00:00.000Z,2026.0,0.0,"Prakhand - Huspura, Durgapur ke samudayik bhavan ke pass chapakal","Prakhand - Huspura, Durgapur ke samudayik bhavan ke pass chapakal",,RAJA RAM SINGH,,KARAKAT,Completed,71358,2026-01-14T00:00:00.000Z,,,,,,,,,,,,Community Centers & Halls,Social Infrastructure
175004.0,6a932bb5cd94452437a1e539,Gujarat,Gujarat,JAMNAGAR,JAMNAGAR,DEVBHUMI DWARKA(DISTRICT COLLECTOR DEVBHUMI DWARKA_IDA),DEVBHUMI DWARKA(DISTRICT COLLECTOR DEVBHUMI DWARKA_IDA),Normal/Others,Normal/Others,720042.0,2026-08-06T00:00:00.000Z,2026.0,0.0,For the work of the community hall at the back of the Ahir samaj  in Shiva village,For the work of the community hall at the back of the Ahir samaj  in Shiva village,,Smt Poonamben Hematbhai Maadam,,JAMNAGAR,Completed,720042,2026-08-06T00:00:00.000Z,,,,,,,,,,,,Community Centers & Halls,Social Infrastructure
223891.0,6a932bb5cd94452437a1b376,Assam,Assam,Darrang-Udalguri,Darrang-Udalguri,UDALGURI(DEPUTY COMMISSIONER Udalguri_IDA),UDALGURI(DEPUTY COMMISSIONER Udalguri_IDA),Normal/Others,Normal/Others,400000.0,2026-02-17T00:00:00.000Z,2026.0,0.0,"Construction of Community Hall near Kadamguri Burha Gohain Than,No.2 Purani Bhergaon","Construction of Community Hall near Kadamguri Burha Gohain Than,No.2 Purani Bhergaon",,Dilip Saikia,,Darrang-Udalguri,Completed,400000,2026-02-17T00:00:00.000Z,,,,,,,,,,,,Community Centers & Halls,Social Infrastructure
223974.0,6a932bb5cd94452437a1c23c,Assam,Assam,Darrang-Udalguri,Darrang-Udalguri,UDALGURI(DEPUTY COMMISSIONER Udalguri_IDA),UDALGURI(DEPUTY COMMISSIONER Udalguri_IDA),Normal/Others,Normal/Others,400000.0,2026-03-02T00:00:00.000Z,2026.0,0.0,Const. of Community Hall at Kalaigaon Press Guild.,Const. of Community Hall at Kalaigaon Press Guild.,,Dilip Saikia,,Darrang-Udalguri,Completed,400000,2026-03-02T00:00:00.000Z,,,,,,,,,,,,Community Centers & Halls,Social Infrastructure
185584.0,6a932bb5cd94452437a1b4b3,Gujarat,Gujarat,PANCHMAHAL,PANCHMAHAL,PANCH MAHALS(DISTRICT COLLECTOR PANCHMAHALS_IDA),PANCH MAHALS(DISTRICT COLLECTOR PANCHMAHALS_IDA),Normal/Others,Normal/Others,495000.0,2025-11-12T00:00:00.000Z,2025.0,0.0,CONSTRUCTION OF COMMUNITY HALL IN JHAKHRIPURA VILLAGE,CONSTRUCTION OF COMMUNITY HALL IN JHAKHRIPURA VILLAGE,,RAJPALSINH MAHENDRASINH JADAV,,PANCHMAHAL,Completed,495000,2025-11-12T00:00:00.000Z,,,,,,,,,,,,Community Centers & Halls,Social Infrastructure
185588.0,6a932bb5cd94452437a1df43,Gujarat,Gujarat,PANCHMAHAL,PANCHMAHAL,PANCH MAHALS(DISTRICT COLLECTOR PANCHMAHALS_IDA),PANCH MAHALS(DISTRICT COLLECTOR PANCHMAHALS_IDA),Normal/Others,Normal/Others,495000.0,2026-04-08T00:00:00.000Z,2026.0,0.0,CONSTRUCTION OF COMMUNITY HALL NEAR  PANDYA MATA FALIYA,CONSTRUCTION OF COMMUNITY HALL NEAR  PANDYA MATA FALIYA,,RAJPALSINH MAHENDRASINH JADAV,,PANCHMAHAL,Completed,495000,2026-04-08T00:00:00.000Z,,,,,,,,,,,,Community Centers & Halls,Social Infrastructure
212356.0,6a932bb5cd94452437a1c583,Bihar,Bihar,HAJIPUR,HAJIPUR,VAISHALI(DISTRICT PLANNING OFFICER VAISHALI_IDA),VAISHALI(DISTRICT PLANNING OFFICER VAISHALI_IDA),Repair and Renovation,Repair and Renovation,984031.0,2026-01-12T00:00:00.000Z,2026.0,0.0,Lalganj Nagar Parishad Ke Ward No. 6 Me Sharda Sadan Pustakalaya Bhawan Ka Jirnodhar,Lalganj Nagar Parishad Ke Ward No. 6 Me Sharda Sadan Pustakalaya Bhawan Ka Jirnodhar,,CHIRAG PASWAN,,HAJIPUR,Completed,984031,2026-01-12T00:00:00.000Z,,,,,,,,,,,,Community Centers & Halls,Social Infrastructure
188026.0,6a932bb5cd94452437a18e01,Gujarat,Gujarat,SABARKANTHA,SABARKANTHA,ARVALLI(DISTRICT COLLECTOR ARVALLI_IDA),ARVALLI(DISTRICT COLLECTOR ARVALLI_IDA),Normal/Others,Normal/Others,300000.0,2025-07-29T00:00:00.000Z,2025.0,0.0,aganvadi kendra ma shed nu  kam,aganvadi kendra ma shed nu  kam,,SHOBHANABEN MAHENDRASINH BARAIYA,,SABARKANTHA,Completed,300000,2025-07-29T00:00:00.000Z,,,,,,,,,,,,Community Centers & Halls,Social Infrastructure
188442.0,6a932bb5cd94452437a1850b,Gujarat,Gujarat,PATAN,PATAN,BANAS KANTHA(DISTRICT COLLECTOR BANAS KANTHA_IDA),BANAS KANTHA(DISTRICT COLLECTOR BANAS KANTHA_IDA),Normal/Others,Normal/Others,500000.0,2025-06-05T00:00:00.000Z,2025.0,0.0,rathod vas game community hall work,rathod vas game community hall work,,Bharatsinhji Shankarji Dabhi,,PATAN,Completed,500000,2025-06-05T00:00:00.000Z,,,,,,,,,,,,Community Centers & Halls,Social Infrastructure
188457.0,6a932bb5cd94452437a18ccc,Gujarat,Gujarat,PATAN,PATAN,BANAS KANTHA(DISTRICT COLLECTOR BANAS KANTHA_IDA),BANAS KANTHA(DISTRICT COLLECTOR BANAS KANTHA_IDA),Normal/Others,Normal/Others,200000.0,2025-08-12T00:00:00.000Z,2025.0,0.0,Cremation roof work in Dalit community crematorium (sc),Cremation roof work in Dalit community crematorium (sc),,Bharatsinhji Shankarji Dabhi,,PATAN,Completed,200000,2025-08-12T00:00:00.000Z,,,,,,,,,,,,Community Centers & Halls,Social Infrastructure
212912.0,6a932bb5cd94452437a1af51,Bihar,Bihar,MAHARAJGANJ,MAHARAJGANJ,SIWAN(DISTRICT PLANNING OFFICER SIWAN_IDA),SIWAN(DISTRICT PLANNING OFFICER SIWAN_IDA),Normal/Others,Normal/Others,635830.0,2025-10-18T00:00:00.000Z,2025.0,0.0,Maharajganj Nagar Panchayat Antargat Gorakh Singh Mahavidyalaya Campus me Prashasnik Bhawan ke Samne Wali Sadak ka PCC Nirman,Maharajganj Nagar Panchayat Antargat Gorakh Singh Mahavidyalaya Campus me Prashasnik Bhawan ke Samne Wali Sadak ka PCC Nirman,,Shri Janardan Singh Sigriwal ,,MAHARAJGANJ,Completed,635830,2025-10-18T00:00:00.000Z,,,,,,,,,,,,Community Centers & Halls,Social Infrastructure
209972.0,6a932bb5cd94452437a1c7bd,Bihar,Bihar,VALMIKI NAGAR,VALMIKI NAGAR,PASHCHIM CHAMPARAN(DISTRICT PLANNING OFFICER WEST CHAMPARANBETTIAH_IDA),PASHCHIM CHAMPARAN(DISTRICT PLANNING OFFICER WEST CHAMPARANBETTIAH_IDA),Normal/Others,Normal/Others,481074.0,2026-04-18T00:00:00.000Z,2026.0,0.0,prkhand gaunaha panchayat lakchnota ward number 08 ke krpuri nagar me sochalay sahit samudayik bhavan ka nirman kary,prkhand gaunaha panchayat lakchnota ward number 08 ke krpuri nagar me sochalay sahit samudayik bhavan ka nirman kary,,Sunil Kumar ,,VALMIKI NAGAR,Completed,481074,2026-04-18T00:00:00.000Z,,,,,,,,,,,,Community Centers & Halls,Social Infrastructure
183676.0,6a932bb5cd94452437a1a49f,Gujarat,Gujarat,PATAN,PATAN,BANAS KANTHA(DISTRICT COLLECTOR BANAS KANTHA_IDA),BANAS KANTHA(DISTRICT COLLECTOR BANAS KANTHA_IDA),Normal/Others,Normal/Others,300000.0,2025-09-23T00:00:00.000Z,2025.0,0.0,para vistarma jaher jagya upar shed work,para vistarma jaher jagya upar shed work,,Bharatsinhji Shankarji Dabhi,,PATAN,Completed,300000,2025-09-23T00:00:00.000Z,,,,,,,,,,,,Community Centers & Halls,Social Infrastructure
168701.0,6a932bb5cd94452437a1c62b,Andhra Pradesh,Andhra Pradesh,SRIKAKULAM,SRIKAKULAM,SRIKAKULAM(District Collector Srikakulam_IDA),SRIKAKULAM(District Collector Srikakulam_IDA),Normal/Others,Normal/Others,490311.0,2026-04-13T00:00:00.000Z,2026.0,0.0,Construction of Community Hall at RH Colony of Loddaputti Village and GP of Ichapuram mandal,Construction of Community Hall at RH Colony of Loddaputti Village and GP of Ichapuram mandal,,Kinjarapu Ram Mohan Naidu,,SRIKAKULAM,Completed,490311,2026-04-13T00:00:00.000Z,,,,,,,,,,,,Community Centers & Halls,Social Infrastructure
137686.0,6a932bb5cd94452437a17e22,Bihar,Bihar,PATNA SAHIB,PATNA SAHIB,PATNA(DISTRICT PLANNING OFFICER PATNA_IDA),PATNA(DISTRICT PLANNING OFFICER PATNA_IDA),Normal/Others,Normal/Others,1326673.0,2025-04-29T00:00:00.000Z,2025.0,0.0,Construction work of community hall near Bhagwati place in Kandap village of Sampatchak block under Fatua Legislative Assembly.,Construction work of community hall near Bhagwati place in Kandap village of Sampatchak block under Fatua Legislative Assembly.,,Ravi Shankar Prasad,,PATNA SAHIB,Completed,1326673,2025-04-29T00:00:00.000Z,,,,,,,,,,,,Community Centers & Halls,Social Infrastructure
137930.0,6a932bb5cd94452437a16a88,Bihar,Bihar,PURVI CHAMPARAN,PURVI CHAMPARAN,PURBI CHAMPARAN(DISTRICT PLANNING OFFICER MOTHIHARI EAST CHAMPARAN_IDA),PURBI CHAMPARAN(DISTRICT PLANNING OFFICER MOTHIHARI EAST CHAMPARAN_IDA),Normal/Others,Normal/Others,858756.0,2024-12-16T00:00:00.000Z,2024.0,0.0,Sangrampur block ke bazar me shedyukt chabutara ke samane shed ka nirman karya part-2,Sangrampur block ke bazar me shedyukt chabutara ke samane shed ka nirman karya part-2,,Radha Mohan Singh,,PURVI CHAMPARAN,Completed,858756,2024-12-16T00:00:00.000Z,,,,,,,,,,,,Community Centers & Halls,Social Infrastructure
184975.0,6a932bb5cd94452437a1ad1d,Gujarat,Gujarat,CHHOTA UDAIPUR,CHHOTA UDAIPUR,CHHOTAUDEPUR(DISTRICT COLLECTOR CHHOTA UDEPUR_IDA),CHHOTAUDEPUR(DISTRICT COLLECTOR CHHOTA UDEPUR_IDA),Normal/Others,Normal/Others,300000.0,2025-10-14T00:00:00.000Z,2025.0,0.0,Work of Shed,Work of Shed,,JASHUBHAI BHILUBHAI RATHVA,,CHHOTA UDAIPUR,Completed,300000,2025-10-14T00:00:00.000Z,,,,,,,,,,,,Community Centers & Halls,Social Infrastructure
180870.0,6a932bb5cd94452437a1d30f,Gujarat,Gujarat,KACHCHH,KACHCHH,KACHCHH(DISTRICT COLLECTOR KUTCH_IDA),KACHCHH(DISTRICT COLLECTOR KUTCH_IDA),Normal/Others,Normal/Others,471400.0,2026-02-20T00:00:00.000Z,2026.0,0.0,Bhuj Saher Bhilvaas Laal tekri Vistar Community hall paase,Bhuj Saher Bhilvaas Laal tekri Vistar Community hall paase,,Vinod Chavda,,KACHCHH,Completed,471400,2026-02-20T00:00:00.000Z,,,,,,,,,,,,Community Centers & Halls,Social Infrastructure
196482.0,6a932bb5cd94452437a1cdc4,Gujarat,Gujarat,JAMNAGAR,JAMNAGAR,DEVBHUMI DWARKA(DISTRICT COLLECTOR DEVBHUMI DWARKA_IDA),DEVBHUMI DWARKA(DISTRICT COLLECTOR DEVBHUMI DWARKA_IDA),Normal/Others,Normal/Others,499519.0,2026-02-10T00:00:00.000Z,2026.0,0.0,"Mota Kalavad village of Bhanvad taluka, next to the Ahir community, opposite Pirkhakhara, work on a community hall","Mota Kalavad village of Bhanvad taluka, next to the Ahir community, opposite Pirkhakhara, work on a community hall",,Smt Poonamben Hematbhai Maadam,,JAMNAGAR,Completed,499519,2026-02-10T00:00:00.000Z,,,,,,,,,,,,Community Centers & Halls,Social Infrastructure
218804.0,6a932bb5cd94452437a1e743,Bihar,Bihar,NALANDA,NALANDA,NALANDA(DISTRICT PLANNING OFFICER NALANDA_IDA),NALANDA(DISTRICT PLANNING OFFICER NALANDA_IDA),Normal/Others,Normal/Others,599531.0,2026-08-05T00:00:00.000Z,2026.0,0.0,Biharsharif block ke panchayat paroha ke gram palni me mauja palni Brahmsthan ke nikat khata no. 282 khesra no. 61 araji 19 Decimil bhumi par Samudaik bhawan ka nirman.,Biharsharif block ke panchayat paroha ke gram palni me mauja palni Brahmsthan ke nikat khata no. 282 khesra no. 61 araji 19 Decimil bhumi par Samudaik bhawan ka nirman.,,Kaushalendra Kumar,,NALANDA,Completed,599531,2026-08-05T00:00:00.000Z,,,,,,,,,,,,Community Centers & Halls,Social Infrastructure
157521.0,6a932bb5cd94452437a193fe,Andhra Pradesh,Andhra Pradesh,ANANTAPUR,ANANTAPUR,Ananthapuramu(DISTRICT COLLECTOR ANANTAPUR_IDA),Ananthapuramu(DISTRICT COLLECTOR ANANTAPUR_IDA),Normal/Others,Normal/Others,481796.0,2025-07-28T00:00:00.000Z,2025.0,0.0,Construction of Community Hall at Appajipeta village of  Pamidi Mandal,Construction of Community Hall at Appajipeta village of  Pamidi Mandal,,AMBICA G LAKSHMINARAYANA VALMIKI,,ANANTAPUR,Completed,481796,2025-07-28T00:00:00.000Z,,,,,,,,,,,,Community Centers & Halls,Social Infrastructure
221399.0,6a932bb5cd94452437a1c7f2,Bihar,Bihar,MAHARAJGANJ,MAHARAJGANJ,SIWAN(DISTRICT PLANNING OFFICER SIWAN_IDA),SIWAN(DISTRICT PLANNING OFFICER SIWAN_IDA),Normal/Others,Normal/Others,533778.0,2026-01-15T00:00:00.000Z,2026.0,0.0,Goraiyakothi Prakhand ke Panchayat Barhoga Purushotam Antargat Gram Barhoga Yadu me Panchayt Bhawan and Anganwari Kendra ka Chahardiwari Nirman Karya,Goraiyakothi Prakhand ke Panchayat Barhoga Purushotam Antargat Gram Barhoga Yadu me Panchayt Bhawan and Anganwari Kendra ka Chahardiwari Nirman Karya,,Shri Janardan Singh Sigriwal ,,MAHARAJGANJ,Completed,533778,2026-01-15T00:00:00.000Z,,,,,,,,,,,,Community Centers & Halls,Social Infrastructure
234011.0,6a932bb5cd94452437a1dd0b,Bihar,Bihar,PURVI CHAMPARAN,PURVI CHAMPARAN,PURBI CHAMPARAN(DISTRICT PLANNING OFFICER MOTHIHARI EAST CHAMPARAN_IDA),PURBI CHAMPARAN(DISTRICT PLANNING OFFICER MOTHIHARI EAST CHAMPARAN_IDA),Repair and Renovation,Repair and Renovation,497619.0,2026-05-08T00:00:00.000Z,2026.0,0.0,MOTIHARI NAGAR NIGAM KE GAYATRI  MANDIR KE SAMNE SAMUDAAYIK BHAWAN KA MARMATTI EWAM VIKAS KARYA.,MOTIHARI NAGAR NIGAM KE GAYATRI  MANDIR KE SAMNE SAMUDAAYIK BHAWAN KA MARMATTI EWAM VIKAS KARYA.,,Radha Mohan Singh,,PURVI CHAMPARAN,Completed,497619,2026-05-08T00:00:00.000Z,,,,,,,,,,,,Community Centers & Halls,Social Infrastructure
228411.0,6a932bb5cd94452437a1d253,Gujarat,Gujarat,SABARKANTHA,SABARKANTHA,SABAR KANTHA(DISTRICT COLLECTOR SABARKANTHA_IDA),SABAR KANTHA(DISTRICT COLLECTOR SABARKANTHA_IDA),Normal/Others,Normal/Others,500000.0,2026-03-24T00:00:00.000Z,2026.0,0.0,matoda game gram panchyat aagar shed nu kam,matoda game gram panchyat aagar shed nu kam,,SHOBHANABEN MAHENDRASINH BARAIYA,,SABARKANTHA,Completed,500000,2026-03-24T00:00:00.000Z,,,,,,,,,,,,Community Centers & Halls,Social Infrastructure
202427.0,6a932bb5cd94452437a1e5c4,Gujarat,Gujarat,JAMNAGAR,JAMNAGAR,JAMNAGAR(DISTRICT COLLECTOR JAMNAGAR_IDA),JAMNAGAR(DISTRICT COLLECTOR JAMNAGAR_IDA),Normal/Others,Normal/Others,398113.0,2026-07-27T00:00:00.000Z,2026.0,0.0,For the work of community hall near Ashapura temple on the highway opposite Surya Hotel in Falla village,For the work of community hall near Ashapura temple on the highway opposite Surya Hotel in Falla village,,Smt Poonamben Hematbhai Maadam,,JAMNAGAR,Completed,398113,2026-07-27T00:00:00.000Z,,,,,,,,,,,,Community Centers & Halls,Social Infrastructure
202430.0,6a932bb5cd94452437a1e545,Gujarat,Gujarat,JAMNAGAR,JAMNAGAR,JAMNAGAR(DISTRICT COLLECTOR JAMNAGAR_IDA),JAMNAGAR(DISTRICT COLLECTOR JAMNAGAR_IDA),Normal/Others,Normal/Others,497994.0,2026-07-27T00:00:00.000Z,2026.0,0.0,For the work of the community hall in Khimlia village,For the work of the community hall in Khimlia village,,Smt Poonamben Hematbhai Maadam,,JAMNAGAR,Completed,497994,2026-07-27T00:00:00.000Z,,,,,,,,,,,,Community Centers & Halls,Social Infrastructure
202558.0,6a932bb5cd94452437a1defb,Gujarat,Gujarat,JAMNAGAR,JAMNAGAR,JAMNAGAR(DISTRICT COLLECTOR JAMNAGAR_IDA),JAMNAGAR(DISTRICT COLLECTOR JAMNAGAR_IDA),Normal/Others,Normal/Others,499963.0,2026-04-07T00:00:00.000Z,2026.0,0.0,For the work of community hall in the Scheduled Caste area,For the work of community hall in the Scheduled Caste area,,Smt Poonamben Hematbhai Maadam,,JAMNAGAR,Completed,499963,2026-04-07T00:00:00.000Z,,,,,,,,,,,,Community Centers & Halls,Social Infrastructure
202574.0,6a932bb5cd94452437a1e96a,Gujarat,Gujarat,JAMNAGAR,JAMNAGAR,JAMNAGAR(DISTRICT COLLECTOR JAMNAGAR_IDA),JAMNAGAR(DISTRICT COLLECTOR JAMNAGAR_IDA),Normal/Others,Normal/Others,189460.0,2026-08-11T00:00:00.000Z,2026.0,0.0,For the work of boundary wall around the community hall located in the Scheduled Caste area,For the work of boundary wall around the community hall located in the Scheduled Caste area,,Smt Poonamben Hematbhai Maadam,,JAMNAGAR,Completed,189460,2026-08-11T00:00:00.000Z,,,,,,,,,,,,Community Centers & Halls,Social Infrastructure
143624.0,6a932bb5cd94452437a1a4bf,Bihar,Bihar,BUXAR,BUXAR,KAIMUR (BHABUA)(DISTRICT PLANNING OFFICER KAIMUR BHABUA_IDA),KAIMUR (BHABUA)(DISTRICT PLANNING OFFICER KAIMUR BHABUA_IDA),Normal/Others,Normal/Others,296036.0,2025-09-23T00:00:00.000Z,2025.0,0.0,Construction of common shed and sitting area at Gandhi Ji Memorial Chowk Baruna(Kota),Construction of common shed and sitting area at Gandhi Ji Memorial Chowk Baruna(Kota),,SUDHAKAR SINGH,,BUXAR,Completed,296036,2025-09-23T00:00:00.000Z,,,,,,,,,,,,Community Centers & Halls,Social Infrastructure
143626.0,6a932bb5cd94452437a17345,Bihar,Bihar,BUXAR,BUXAR,KAIMUR (BHABUA)(DISTRICT PLANNING OFFICER KAIMUR BHABUA_IDA),KAIMUR (BHABUA)(DISTRICT PLANNING OFFICER KAIMUR BHABUA_IDA),Normal/Others,Normal/Others,926359.0,2025-11-18T00:00:00.000Z,2025.0,0.0,Construction of community hall with toilet near Ram Janki pond at Nuaon,Construction of community hall with toilet near Ram Janki pond at Nuaon,,SUDHAKAR SINGH,,BUXAR,Completed,926359,2025-11-18T00:00:00.000Z,,,,,,,,,,,,Community Centers & Halls,Social Infrastructure
145370.0,6a932bb5cd94452437a173c2,Bihar,Bihar,MADHUBANI,MADHUBANI,MADHUBANI(DISTRICT PLANNING OFFICER MADHUBANI_IDA),MADHUBANI(DISTRICT PLANNING OFFICER MADHUBANI_IDA),Normal/Others,Normal/Others,933991.0,2025-07-14T00:00:00.000Z,2025.0,0.0,"Construction of community halls
near Shapur durga mandir 
block: Pandaul panchayat:Sripur Hati south.","Construction of community halls
near Shapur durga mandir 
block: Pandaul panchayat:Sripur Hati south.",,Ashok Kumar Yadav ,,MADHUBANI,Completed,933991,2025-07-14T00:00:00.000Z,,,,,,,,,,,,Community Centers & Halls,Social Infrastructure
207765.0,6a932bb5cd94452437a1d1fb,Gujarat,Gujarat,NAVSARI,NAVSARI,NAVSARI(DISTRICT COLLECTOR NAVSARI_IDA),NAVSARI(DISTRICT COLLECTOR NAVSARI_IDA),Trust and Society,Trust and Society,929038.0,2026-02-18T00:00:00.000Z,2026.0,0.0,"For the cultural construction of Samaj Bhavan to Shri Santsena Maharaj Nabhik Vikas Trust, Maruti Nagar, Near Shivaji Chowk, Vijalpore, at-Navsari","For the cultural construction of Samaj Bhavan to Shri Santsena Maharaj Nabhik Vikas Trust, Maruti Nagar, Near Shivaji Chowk, Vijalpore, at-Navsari",,C R Patil,,NAVSARI,Completed,929038,2026-02-18T00:00:00.000Z,,,,,,,,,,,,Community Centers & Halls,Social Infrastructure
210699.0,6a932bb5cd94452437a1a1c2,Gujarat,Gujarat,BHARUCH,BHARUCH,BHARUCH(DISTRICT COLLECTOR BROACH_IDA),BHARUCH(DISTRICT COLLECTOR BROACH_IDA),Normal/Others,Normal/Others,349965.0,2025-11-28T00:00:00.000Z,2025.0,0.0,nandida game verai mata na mandir najik patrana shed nu kam,nandida game verai mata na mandir najik patrana shed nu kam,,Mansukhbhai Dhanjibhai Vasava,,BHARUCH,Completed,349965,2025-11-28T00:00:00.000Z,,,,,,,,,,,,Community Centers & Halls,Social Infrastructure
218999.0,6a932bb5cd94452437a1d41c,Gujarat,Gujarat,VADODARA,VADODARA,VADODARA(DISTRICT COLLECTOR VADODARA_IDA),VADODARA(DISTRICT COLLECTOR VADODARA_IDA),Normal/Others,Normal/Others,286299.0,2026-04-10T00:00:00.000Z,2026.0,0.0,vahivati wardNo.1 ma Chhani khati vil Ramakaka n dairy pase yoginagar township ma shed bannavvani kamgiri,vahivati wardNo.1 ma Chhani khati vil Ramakaka n dairy pase yoginagar township ma shed bannavvani kamgiri,,DR. HEMANG JOSHI,,VADODARA,Completed,286299,2026-04-10T00:00:00.000Z,,,,,,,,,,,,Community Centers & Halls,Social Infrastructure
172286.0,6a932bb5cd94452437a18568,Andhra Pradesh,Andhra Pradesh,ANANTAPUR,ANANTAPUR,Ananthapuramu(DISTRICT COLLECTOR ANANTAPUR_IDA),Ananthapuramu(DISTRICT COLLECTOR ANANTAPUR_IDA),Repair and Renovation,Repair and Renovation,500000.0,2025-06-10T00:00:00.000Z,2025.0,0.0,"Providing Roof slab to Community Hall at 39th Division, Anantapur","Providing Roof slab to Community Hall at 39th Division, Anantapur",,AMBICA G LAKSHMINARAYANA VALMIKI,,ANANTAPUR,Completed,500000,2025-06-10T00:00:00.000Z,,,,,,,,,,,,Community Centers & Halls,Social Infrastructure
219446.0,6a932bb5cd94452437a1c520,Gujarat,Gujarat,SABARKANTHA,SABARKANTHA,ARVALLI(DISTRICT COLLECTOR ARVALLI_IDA),ARVALLI(DISTRICT COLLECTOR ARVALLI_IDA),Trust and Society,Trust and Society,300000.0,2026-01-13T00:00:00.000Z,2026.0,0.0,ramos game shri M.N.SHAH (RANASANVADA) highschool ma prathna hall banavvanu kam,ramos game shri M.N.SHAH (RANASANVADA) highschool ma prathna hall banavvanu kam,,SHOBHANABEN MAHENDRASINH BARAIYA,,SABARKANTHA,Completed,300000,2026-01-13T00:00:00.000Z,,,,,,,,,,,,Community Centers & Halls,Social Infrastructure
219947.0,6a932bb5cd94452437a1e44a,Gujarat,Gujarat,AMRELI,AMRELI,AMRELI(DISTRICT COLLECTOR AMRELI_IDA),AMRELI(DISTRICT COLLECTOR AMRELI_IDA),Normal/Others,Normal/Others,500000.0,2026-05-14T00:00:00.000Z,2026.0,0.0,Work on the shed near the Mahadev temple in Sajanavav village.,Work on the shed near the Mahadev temple in Sajanavav village.,,BHARATBHAI MANUBHAI SUTARIYA,,AMRELI,Completed,500000,2026-05-14T00:00:00.000Z,,,,,,,,,,,,Community Centers & Halls,Social Infrastructure
172277.0,6a932bb5cd94452437a1d39a,Andhra Pradesh,Andhra Pradesh,ANANTAPUR,ANANTAPUR,Ananthapuramu(DISTRICT COLLECTOR ANANTAPUR_IDA),Ananthapuramu(DISTRICT COLLECTOR ANANTAPUR_IDA),Normal/Others,Normal/Others,475150.0,2026-02-21T00:00:00.000Z,2026.0,0.0,"Construction of Compound Wall to Community Hall at Mamuduru (V), Gooty (M)","Construction of Compound Wall to Community Hall at Mamuduru (V), Gooty (M)",,AMBICA G LAKSHMINARAYANA VALMIKI,,ANANTAPUR,Completed,475150,2026-02-21T00:00:00.000Z,,,,,,,,,,,,Community Centers & Halls,Social Infrastructure
216397.0,6a932bb5cd94452437a1ce01,Gujarat,Gujarat,KACHCHH,KACHCHH,KACHCHH(DISTRICT COLLECTOR KUTCH_IDA),KACHCHH(DISTRICT COLLECTOR KUTCH_IDA),Normal/Others,Normal/Others,350000.0,2026-02-06T00:00:00.000Z,2026.0,0.0,Taluka Nakhatrana na laiyari gaame nedha khamuna faliya maa sanskrutik hall,Taluka Nakhatrana na laiyari gaame nedha khamuna faliya maa sanskrutik hall,,Vinod Chavda,,KACHCHH,Completed,350000,2026-02-06T00:00:00.000Z,,,,,,,,,,,,Community Centers & Halls,Social Infrastructure
146139.0,6a932bb5cd94452437a18055,Bihar,Bihar,KISHANGANJ,KISHANGANJ,PURNIA(DISTRICT PLANNING OFFICER PURNIA_IDA),PURNIA(DISTRICT PLANNING OFFICER PURNIA_IDA),Normal/Others,Normal/Others,635000.0,2025-05-10T00:00:00.000Z,2025.0,0.0,BAISI PRAKHAND ANTARGART CHOPRA PANCHAYAT KE CHOPRA PANCHAYAT BHAWAN MASJID AND MADARSA KE NIKAT ME (12 METER) HIGH MAST LIGHT,BAISI PRAKHAND ANTARGART CHOPRA PANCHAYAT KE CHOPRA PANCHAYAT BHAWAN MASJID AND MADARSA KE NIKAT ME (12 METER) HIGH MAST LIGHT,,Dr Mohammad Jawed,,KISHANGANJ,Completed,635000,2025-05-10T00:00:00.000Z,,,,,,,,,,,,Community Centers & Halls,Social Infrastructure
216748.0,6a932bb5cd94452437a1e0a8,Gujarat,Gujarat,KACHCHH,KACHCHH,KACHCHH(DISTRICT COLLECTOR KUTCH_IDA),KACHCHH(DISTRICT COLLECTOR KUTCH_IDA),Normal/Others,Normal/Others,500000.0,2026-04-16T00:00:00.000Z,2026.0,0.0,Anjar talukana bhalot gaame khetarpal dadana mandir ni bajuma community hall,Anjar talukana bhalot gaame khetarpal dadana mandir ni bajuma community hall,,Vinod Chavda,,KACHCHH,Completed,500000,2026-04-16T00:00:00.000Z,,,,,,,,,,,,Community Centers & Halls,Social Infrastructure
216872.0,6a932bb5cd94452437a1c859,Gujarat,Gujarat,JUNAGADH,JUNAGADH,GIR SOMNATH(DISTRICT COLLECTOR GIR SOMNATH_IDA),GIR SOMNATH(DISTRICT COLLECTOR GIR SOMNATH_IDA),Normal/Others,Normal/Others,395284.0,2026-01-17T00:00:00.000Z,2026.0,0.0,"Gir Somnath District,Kodinar Taluka,Arnej village, Shed work on the ground of the community hall next to Bharatbhai Gohil and Rudabhai Gohil in Arnej village","Gir Somnath District,Kodinar Taluka,Arnej village, Shed work on the ground of the community hall next to Bharatbhai Gohil and Rudabhai Gohil in Arnej village",,Rajeshbhai Naranbhai Chudasama,,JUNAGADH,Completed,395284,2026-01-17T00:00:00.000Z,,,,,,,,,,,,Community Centers & Halls,Social Infrastructure
216893.0,6a932bb5cd94452437a1c418,Gujarat,Gujarat,JUNAGADH,JUNAGADH,GIR SOMNATH(DISTRICT COLLECTOR GIR SOMNATH_IDA),GIR SOMNATH(DISTRICT COLLECTOR GIR SOMNATH_IDA),Normal/Others,Normal/Others,297697.0,2026-01-04T00:00:00.000Z,2026.0,0.0,"Gir Somnath District,Kodinar Taluka,Nani Fafni village, Shed work on the community hall ground in Nani Fafni village","Gir Somnath District,Kodinar Taluka,Nani Fafni village, Shed work on the community hall ground in Nani Fafni village",,Rajeshbhai Naranbhai Chudasama,,JUNAGADH,Completed,297697,2026-01-04T00:00:00.000Z,,,,,,,,,,,,Community Centers & Halls,Social Infrastructure
216920.0,6a932bb5cd94452437a1be37,Gujarat,Gujarat,KACHCHH,KACHCHH,KACHCHH(DISTRICT COLLECTOR KUTCH_IDA),KACHCHH(DISTRICT COLLECTOR KUTCH_IDA),Normal/Others,Normal/Others,350000.0,2025-12-16T00:00:00.000Z,2025.0,0.0,Bhachau talukana amardi gaame sanskrutik hall,Bhachau talukana amardi gaame sanskrutik hall,,Vinod Chavda,,KACHCHH,Completed,350000,2025-12-16T00:00:00.000Z,,,,,,,,,,,,Community Centers & Halls,Social Infrastructure
217072.0,6a932bb5cd94452437a1be3b,Gujarat,Gujarat,KACHCHH,KACHCHH,KACHCHH(DISTRICT COLLECTOR KUTCH_IDA),KACHCHH(DISTRICT COLLECTOR KUTCH_IDA),Normal/Others,Normal/Others,400000.0,2025-12-16T00:00:00.000Z,2025.0,0.0,Bhachau talukana meghpar kunjisar gaame vaishnav sadhu samaj vistar sanskrutik hall,Bhachau talukana meghpar kunjisar gaame vaishnav sadhu samaj vistar sanskrutik hall,,Vinod Chavda,,KACHCHH,Completed,400000,2025-12-16T00:00:00.000Z,,,,,,,,,,,,Community Centers & Halls,Social Infrastructure
235051.0,6a932bb5cd94452437a1d6b4,Gujarat,Gujarat,NAVSARI,NAVSARI,NAVSARI(DISTRICT COLLECTOR NAVSARI_IDA),NAVSARI(DISTRICT COLLECTOR NAVSARI_IDA),Normal/Others,Normal/Others,500000.0,2026-03-23T00:00:00.000Z,2026.0,0.0,For the construct of a community hall at Chijgam Village,For the construct of a community hall at Chijgam Village,,C R Patil,,NAVSARI,Completed,500000,2026-03-23T00:00:00.000Z,,,,,,,,,,,,Community Centers & Halls,Social Infrastructure
231516.0,6a932bb5cd94452437a1c973,Gujarat,Gujarat,BANASKANTHA,BANASKANTHA,BANAS KANTHA(DISTRICT COLLECTOR BANAS KANTHA_IDA),BANAS KANTHA(DISTRICT COLLECTOR BANAS KANTHA_IDA),Normal/Others,Normal/Others,200000.0,2026-01-31T00:00:00.000Z,2026.0,0.0,work in the samshan suvidha  of the Devi-pujak community,work in the samshan suvidha  of the Devi-pujak community,,GENIBEN NAGAJI THAKOR,,BANASKANTHA,Completed,200000,2026-01-31T00:00:00.000Z,,,,,,,,,,,,Community Centers & Halls,Social Infrastructure
232427.0,6a932bb5cd94452437a1ca6a,Gujarat,Gujarat,BHARUCH,BHARUCH,BHARUCH(DISTRICT COLLECTOR BROACH_IDA),BHARUCH(DISTRICT COLLECTOR BROACH_IDA),Normal/Others,Normal/Others,300000.0,2026-02-11T00:00:00.000Z,2026.0,0.0,Dholekham game Community Shed ni kamgiri,Dholekham game Community Shed ni kamgiri,,Mansukhbhai Dhanjibhai Vasava,,BHARUCH,Completed,300000,2026-02-11T00:00:00.000Z,,,,,,,,,,,,Community Centers & Halls,Social Infrastructure
236703.0,6a932bb5cd94452437a1e82b,Bihar,Bihar,SITAMARHI,SITAMARHI,SITAMARHI(DISTRICT PLANNING OFFICER SITAMARHI_IDA),SITAMARHI(DISTRICT PLANNING OFFICER SITAMARHI_IDA),Normal/Others,Normal/Others,360000.0,2026-07-27T00:00:00.000Z,2026.0,0.0,"A 9-meter high, 36-watt Fourlims solar LED semi mast equipped with an L1 P04 battery and mounted on an octagonal pole has been installed near Samarharnalay Chowk, close to Vakalat Khan Hall, located in Ward No. 43, Dumra, Sitamarhi district.","A 9-meter high, 36-watt Fourlims solar LED semi mast equipped with an L1 P04 battery and mounted on an octagonal pole has been installed near Samarharnalay Chowk, close to Vakalat Khan Hall, located in Ward No. 43, Dumra, Sitamarhi district.",,DEVESH CHANDRA THAKUR,,SITAMARHI,Completed,360000,2026-07-27T00:00:00.000Z,,,,,,,,,,,,Community Centers & Halls,Social Infrastructure
233558.0,6a932bb5cd94452437a1c255,Gujarat,Gujarat,ANAND,ANAND,ANAND(District Collector ANAND_IDA),ANAND(District Collector ANAND_IDA),Normal/Others,Normal/Others,100000.0,2026-01-13T00:00:00.000Z,2026.0,0.0,Devataj game Ramdevpir Mandir Vistarma Shed nu kam,Devataj game Ramdevpir Mandir Vistarma Shed nu kam,,Mitesh Rameshbhai Bakabhai Patel,,ANAND,Completed,100000,2026-01-13T00:00:00.000Z,,,,,,,,,,,,Community Centers & Halls,Social Infrastructure
240253.0,6a932bb5cd94452437a1d443,Gujarat,Gujarat,JAMNAGAR,JAMNAGAR,JAMNAGAR(DISTRICT COLLECTOR JAMNAGAR_IDA),JAMNAGAR(DISTRICT COLLECTOR JAMNAGAR_IDA),Normal/Others,Normal/Others,496171.0,2026-02-25T00:00:00.000Z,2026.0,0.0,For the work of community hall next to Bharwad Samaj in Satiya village of Kalavad taluka,For the work of community hall next to Bharwad Samaj in Satiya village of Kalavad taluka,,Smt Poonamben Hematbhai Maadam,,JAMNAGAR,Completed,496171,2026-02-25T00:00:00.000Z,,,,,,,,,,,,Community Centers & Halls,Social Infrastructure
248558.0,6a932bb5cd94452437a1d5d2,Gujarat,Gujarat,BHARUCH,BHARUCH,BHARUCH(DISTRICT COLLECTOR BROACH_IDA),BHARUCH(DISTRICT COLLECTOR BROACH_IDA),Normal/Others,Normal/Others,300000.0,2026-03-07T00:00:00.000Z,2026.0,0.0,ugagmani company faliya maa gaam kochbar community shed nu kaam (Majuro mate artisans shed).,ugagmani company faliya maa gaam kochbar community shed nu kaam (Majuro mate artisans shed).,,Mansukhbhai Dhanjibhai Vasava,,BHARUCH,Completed,300000,2026-03-07T00:00:00.000Z,,,,,,,,,,,,Community Centers & Halls,Social Infrastructure
248564.0,6a932bb5cd94452437a1e78f,Gujarat,Gujarat,BHARUCH,BHARUCH,BHARUCH(DISTRICT COLLECTOR BROACH_IDA),BHARUCH(DISTRICT COLLECTOR BROACH_IDA),Normal/Others,Normal/Others,500000.0,2026-08-10T00:00:00.000Z,2026.0,0.0,rahad gaame rathod vasmaa aadivasi prasang maate patra shed nu kaam. (Majuro mate artisans shed),rahad gaame rathod vasmaa aadivasi prasang maate patra shed nu kaam. (Majuro mate artisans shed),,Mansukhbhai Dhanjibhai Vasava,,BHARUCH,Completed,500000,2026-08-10T00:00:00.000Z,,,,,,,,,,,,Community Centers & Halls,Social Infrastructure
154849.0,6a932bb5cd94452437a172c5,Bihar,Bihar,PURVI CHAMPARAN,PURVI CHAMPARAN,PURBI CHAMPARAN(DISTRICT PLANNING OFFICER MOTHIHARI EAST CHAMPARAN_IDA),PURBI CHAMPARAN(DISTRICT PLANNING OFFICER MOTHIHARI EAST CHAMPARAN_IDA),Normal/Others,Normal/Others,1488002.0,2025-05-30T00:00:00.000Z,2025.0,0.0,Motihari Police adhikshak ke aawas me bairak (community building)ka nirman kary.,Motihari Police adhikshak ke aawas me bairak (community building)ka nirman kary.,,Radha Mohan Singh,,PURVI CHAMPARAN,Completed,1488002,2025-05-30T00:00:00.000Z,,,,,,,,,,,,Community Centers & Halls,Social Infrastructure
134739.0,6a932bb5cd94452437a1c938,Haryana,Haryana,ROHTAK,ROHTAK,JHAJJAR(DEPUTY COMMISSIONER cum NODAL OFFICER MPLADS JHAJJAR),JHAJJAR(DEPUTY COMMISSIONER cum NODAL OFFICER MPLADS JHAJJAR),Normal/Others,Normal/Others,438977.0,2026-02-09T00:00:00.000Z,2026.0,0.0,Comp. of Jogi wali Choupal,Comp. of Jogi wali Choupal,,DEEPENDER SINGH HOODA,,ROHTAK,Completed,438977,2026-02-09T00:00:00.000Z,,,,,,,,,,,,Community Centers & Halls,Social Infrastructure
135231.0,6a932bb5cd94452437a1e452,Haryana,Haryana,ROHTAK,ROHTAK,ROHTAK(DEPUTY COMMISSIONER ROHTAK_IDA),ROHTAK(DEPUTY COMMISSIONER ROHTAK_IDA),Normal/Others,Normal/Others,499894.0,2026-05-15T00:00:00.000Z,2026.0,0.0,Construction of Boundary Wall at Rashi Wala Community Centre,Construction of Boundary Wall at Rashi Wala Community Centre,,DEEPENDER SINGH HOODA,,ROHTAK,Completed,499894,2026-05-15T00:00:00.000Z,,,,,,,,,,,,Community Centers & Halls,Social Infrastructure
191729.0,6a932bb5cd94452437a186c6,Himachal Pradesh,Himachal Pradesh,MANDI,MANDI,MANDI(DEPUTY COMMISSIONER MANDI_IDA),MANDI(DEPUTY COMMISSIONER MANDI_IDA),Normal/Others,Normal/Others,200000.0,2026-08-19T00:00:00.000Z,2026.0,0.0,Providing ceiling on the courtyard and flooring of the open area and main hall of community Bhawan at Bahot ward no. 06 MC Area Sunder Nagar. Work Executing Agency- BDO Sundernagar through Sayan Sahayata Samiti Bahot.,Providing ceiling on the courtyard and flooring of the open area and main hall of community Bhawan at Bahot ward no. 06 MC Area Sunder Nagar. Work Executing Agency- BDO Sundernagar through Sayan Sahayata Samiti Bahot.,,Kangana Ranaut,,MANDI,Completed,200000,2026-08-19T00:00:00.000Z,,,,,,,,,,,,Community Centers & Halls,Social Infrastructure
250046.0,6a932bb5cd94452437a1d1de,Andhra Pradesh,Andhra Pradesh,NANDYAL,NANDYAL,Nandyal(DISTRICT COLLECTOR NANDYAL_IDA),Nandyal(DISTRICT COLLECTOR NANDYAL_IDA),Normal/Others,Normal/Others,472130.0,2026-02-17T00:00:00.000Z,2026.0,0.0,"Construction of Compound Wall along the North Side of the Mini Meeting Hall and IT Initiatives Cell at the Collectorate own site near Camp Office, Nandyal District","Construction of Compound Wall along the North Side of the Mini Meeting Hall and IT Initiatives Cell at the Collectorate own site near Camp Office, Nandyal District",,DR BYREDDY SHABARI,,NANDYAL,Completed,472130,2026-02-17T00:00:00.000Z,,,,,,,,,,,,Community Centers & Halls,Social Infrastructure
149050.0,6a932bb5cd94452437a167c8,Chhattisgarh,Chhattisgarh,RAJNANDGAON,RAJNANDGAON,RAJNANDGAON(DISTRICT COLLECTOR RAJNANDGAON_IDA),RAJNANDGAON(DISTRICT COLLECTOR RAJNANDGAON_IDA),Normal/Others,Normal/Others,600000.0,2026-02-05T00:00:00.000Z,2026.0,0.0,Samudayik Bhavan Nirman (Shitlapara),Samudayik Bhavan Nirman (Shitlapara),,Santosh Pandey,,RAJNANDGAON,Completed,600000,2026-02-05T00:00:00.000Z,,,,,,,,,,,,Community Centers & Halls,Social Infrastructure
198753.0,6a932bb5cd94452437a19c4e,Himachal Pradesh,Himachal Pradesh,SHIMLA,SHIMLA,SHIMLA(DEPUTY COMMISSIONER SHIMLA_IDA),SHIMLA(DEPUTY COMMISSIONER SHIMLA_IDA),Normal/Others,Normal/Others,400000.0,2026-02-02T00:00:00.000Z,2026.0,0.0,Construction of Community Hall Bohali GP Chalahal Executive agency BDO Basantpur,Construction of Community Hall Bohali GP Chalahal Executive agency BDO Basantpur,,Suresh Kumar Kashyap,,SHIMLA,Completed,400000,2026-02-02T00:00:00.000Z,,,,,,,,,,,,Community Centers & Halls,Social Infrastructure
206012.0,6a932bb5cd94452437a18b87,Himachal Pradesh,Himachal Pradesh,HAMIRPUR,HAMIRPUR,HAMIRPUR(DEPUTY COMMISSIONER HAMIRPUR_IDA),HAMIRPUR(DEPUTY COMMISSIONER HAMIRPUR_IDA),Repair and Renovation,Repair and Renovation,39200.0,2026-02-24T00:00:00.000Z,2026.0,0.0,"Repair and Renovation of Panchayat Bhawan Karsai, in Village Karsai, GP Karsai, Block Bijhari","Repair and Renovation of Panchayat Bhawan Karsai, in Village Karsai, GP Karsai, Block Bijhari",,Anurag Singh Thakur,,HAMIRPUR,Completed,39200,2026-02-24T00:00:00.000Z,,,,,,,,,,,,Community Centers & Halls,Social Infrastructure
150745.0,6a932bb5cd94452437a16df9,Chhattisgarh,Chhattisgarh,RAIGARH,RAIGARH,RAIGARH(DISTRICT COLLECTOR RAIGARH_IDA),RAIGARH(DISTRICT COLLECTOR RAIGARH_IDA),Normal/Others,Normal/Others,700000.0,2026-01-29T00:00:00.000Z,2026.0,0.0,Construction of shed,Construction of shed,,RADHE SHYAM RATHIYA,,RAIGARH,Completed,700000,2026-01-29T00:00:00.000Z,,,,,,,,,,,,Community Centers & Halls,Social Infrastructure
150804.0,6a932bb5cd94452437a16c0c,Chhattisgarh,Chhattisgarh,RAIGARH,RAIGARH,Sarangarh-Bilaigarh(Collector SB_IDA),Sarangarh-Bilaigarh(Collector SB_IDA),Normal/Others,Normal/Others,998398.0,2026-07-11T00:00:00.000Z,2026.0,0.0,Construction of Community building,Construction of Community building,,RADHE SHYAM RATHIYA,,RAIGARH,Completed,998398,2026-07-11T00:00:00.000Z,,,,,,,,,,,,Community Centers & Halls,Social Infrastructure
211728.0,6a932bb5cd94452437a19ee7,Himachal Pradesh,Himachal Pradesh,KANGRA,KANGRA,KANGRA(DEPUTY COMMISSIONER KANGRA_IDA),KANGRA(DEPUTY COMMISSIONER KANGRA_IDA),Normal/Others,Normal/Others,293546.0,2026-03-09T00:00:00.000Z,2026.0,0.0,CO Tin Shed in Moksh Dham ward no 5 village Rakkar,CO Tin Shed in Moksh Dham ward no 5 village Rakkar,,RAJEEV BHARDWAJ,,KANGRA,Completed,293546,2026-03-09T00:00:00.000Z,,,,,,,,,,,,Community Centers & Halls,Social Infrastructure
211737.0,6a932bb5cd94452437a1a87f,Himachal Pradesh,Himachal Pradesh,KANGRA,KANGRA,KANGRA(DEPUTY COMMISSIONER KANGRA_IDA),KANGRA(DEPUTY COMMISSIONER KANGRA_IDA),Normal/Others,Normal/Others,222155.0,2026-05-14T00:00:00.000Z,2026.0,0.0,CO Community tin shed at village Balh Bhuriyan near boudi,CO Community tin shed at village Balh Bhuriyan near boudi,,RAJEEV BHARDWAJ,,KANGRA,Completed,222155,2026-05-14T00:00:00.000Z,,,,,,,,,,,,Community Centers & Halls,Social Infrastructure
211918.0,6a932bb5cd94452437a1a903,Himachal Pradesh,Himachal Pradesh,KANGRA,KANGRA,KANGRA(DEPUTY COMMISSIONER KANGRA_IDA),KANGRA(DEPUTY COMMISSIONER KANGRA_IDA),Normal/Others,Normal/Others,300000.0,2026-08-22T00:00:00.000Z,2026.0,0.0,C.O Mahila Mandal bhawan in G.P gaggal ward no 5,C.O Mahila Mandal bhawan in G.P gaggal ward no 5,,RAJEEV BHARDWAJ,,KANGRA,Completed,300000,2026-08-22T00:00:00.000Z,,,,,,,,,,,,Community Centers & Halls,Social Infrastructure
212108.0,6a932bb5cd94452437a1c0a7,Himachal Pradesh,Himachal Pradesh,KANGRA,KANGRA,KANGRA(DEPUTY COMMISSIONER KANGRA_IDA),KANGRA(DEPUTY COMMISSIONER KANGRA_IDA),Normal/Others,Normal/Others,250000.0,2025-12-22T00:00:00.000Z,2025.0,0.0,Completion of Lakshmi Mahila Mandal Bhawan Latiyal Lower Kukena ward no 5,Completion of Lakshmi Mahila Mandal Bhawan Latiyal Lower Kukena ward no 5,,RAJEEV BHARDWAJ,,KANGRA,Completed,250000,2025-12-22T00:00:00.000Z,,,,,,,,,,,,Community Centers & Halls,Social Infrastructure
151032.0,6a932bb5cd94452437a1808f,Chhattisgarh,Chhattisgarh,RAIGARH,RAIGARH,JASHPUR(DISTRICT COLLECTOR JASHPUR_IDA),JASHPUR(DISTRICT COLLECTOR JASHPUR_IDA),Normal/Others,Normal/Others,200000.0,2025-11-04T00:00:00.000Z,2025.0,0.0,Construction of Cultural stage,Construction of Cultural stage,,RADHE SHYAM RATHIYA,,RAIGARH,Completed,200000,2025-11-04T00:00:00.000Z,,,,,,,,,,,,Community Centers & Halls,Social Infrastructure
267574.0,6a932bb5cd94452437a1df97,Bihar,Bihar,MADHEPURA,MADHEPURA,SAHARSA(DISTRICT PLANNING OFFICER SAHARSA_IDA),SAHARSA(DISTRICT PLANNING OFFICER SAHARSA_IDA),Normal/Others,Normal/Others,697000.0,2026-05-06T00:00:00.000Z,2026.0,0.0,Saurbazar Prakhand antargat Nado Panchayat ke ward no-13 nado mey Panchayat Bhawan ke nikat High Mast Light ka adhishthapan.,Saurbazar Prakhand antargat Nado Panchayat ke ward no-13 nado mey Panchayat Bhawan ke nikat High Mast Light ka adhishthapan.,,Dinesh Chandra Yadav,,MADHEPURA,Completed,697000,2026-05-06T00:00:00.000Z,,,,,,,,,,,,Community Centers & Halls,Social Infrastructure
155590.0,6a932bb5cd94452437a1880f,Bihar,Bihar,VALMIKI NAGAR,VALMIKI NAGAR,PASHCHIM CHAMPARAN(DISTRICT PLANNING OFFICER WEST CHAMPARANBETTIAH_IDA),PASHCHIM CHAMPARAN(DISTRICT PLANNING OFFICER WEST CHAMPARANBETTIAH_IDA),Normal/Others,Normal/Others,797864.0,2025-12-19T00:00:00.000Z,2025.0,0.0,prakhand bagaha1 panchayat lagunaha chautarwa antargat kot maai sthan ke bagal me samudayik bhawan ka nirman kary,prakhand bagaha1 panchayat lagunaha chautarwa antargat kot maai sthan ke bagal me samudayik bhawan ka nirman kary,,Sunil Kumar ,,VALMIKI NAGAR,Completed,797864,2025-12-19T00:00:00.000Z,,,,,,,,,,,,Community Centers & Halls,Social Infrastructure
155627.0,6a932bb5cd94452437a1bf19,Bihar,Bihar,VALMIKI NAGAR,VALMIKI NAGAR,PASHCHIM CHAMPARAN(DISTRICT PLANNING OFFICER WEST CHAMPARANBETTIAH_IDA),PASHCHIM CHAMPARAN(DISTRICT PLANNING OFFICER WEST CHAMPARANBETTIAH_IDA),Normal/Others,Normal/Others,790862.0,2026-08-07T00:00:00.000Z,2026.0,0.0,parkhand bagha 2  panchayat jimri nautanwa antrgat srswati shishu  gyan mandir  ke bagal me  sarvjnik bhumi par samudayik bhawan ka nirman,parkhand bagha 2  panchayat jimri nautanwa antrgat srswati shishu  gyan mandir  ke bagal me  sarvjnik bhumi par samudayik bhawan ka nirman,,Sunil Kumar ,,VALMIKI NAGAR,Completed,790862,2026-08-07T00:00:00.000Z,,,,,,,,,,,,Community Centers & Halls,Social Infrastructure
155637.0,6a932bb5cd94452437a1c5e5,Bihar,Bihar,VALMIKI NAGAR,VALMIKI NAGAR,PASHCHIM CHAMPARAN(DISTRICT PLANNING OFFICER WEST CHAMPARANBETTIAH_IDA),PASHCHIM CHAMPARAN(DISTRICT PLANNING OFFICER WEST CHAMPARANBETTIAH_IDA),Normal/Others,Normal/Others,790199.0,2026-01-22T00:00:00.000Z,2026.0,0.0,prakhand madhubani panchayat daunaha gram murgahwa me thakur sri ram janki madur ke bagal me samudayik bhawan ka nirman kary,prakhand madhubani panchayat daunaha gram murgahwa me thakur sri ram janki madur ke bagal me samudayik bhawan ka nirman kary,,Sunil Kumar ,,VALMIKI NAGAR,Completed,790199,2026-01-22T00:00:00.000Z,,,,,,,,,,,,Community Centers & Halls,Social Infrastructure
214173.0,6a932bb5cd94452437a1ba30,Haryana,Haryana,AMBALA,AMBALA,PANCHKULA(DRDA PANCHKULA),PANCHKULA(DRDA PANCHKULA),Normal/Others,Normal/Others,306732.0,2026-02-02T00:00:00.000Z,2026.0,0.0,Construction of Shed adjacent to BC Choupal in village Shahpur,Construction of Shed adjacent to BC Choupal in village Shahpur,,VARUN CHAUDHRY,,AMBALA,Completed,306732,2026-02-02T00:00:00.000Z,,,,,,,,,,,,Community Centers & Halls,Social Infrastructure
155649.0,6a932bb5cd94452437a18828,Bihar,Bihar,VALMIKI NAGAR,VALMIKI NAGAR,PASHCHIM CHAMPARAN(DISTRICT PLANNING OFFICER WEST CHAMPARANBETTIAH_IDA),PASHCHIM CHAMPARAN(DISTRICT PLANNING OFFICER WEST CHAMPARANBETTIAH_IDA),Normal/Others,Normal/Others,895129.0,2026-01-28T00:00:00.000Z,2026.0,0.0,prakhand thakraha panchayat srinagar ward 15 me baliram prasad ke ghar ke pass samudayik bhavan ka nirman kary,prakhand thakraha panchayat srinagar ward 15 me baliram prasad ke ghar ke pass samudayik bhavan ka nirman kary,,Sunil Kumar ,,VALMIKI NAGAR,Completed,895129,2026-01-28T00:00:00.000Z,,,,,,,,,,,,Community Centers & Halls,Social Infrastructure
150858.0,6a932bb5cd94452437a1b0a6,Haryana,Haryana,KURUKSHETRA,KURUKSHETRA,KAITHAL(DC CUM NODAL OFFICERS MPLADS),KAITHAL(DC CUM NODAL OFFICERS MPLADS),Normal/Others,Normal/Others,119485.0,2025-10-27T00:00:00.000Z,2025.0,0.0,Construction of iron/tin shed in Gurjar Dharamshala,Construction of iron/tin shed in Gurjar Dharamshala,,NAVEEN JINDAL,,KURUKSHETRA,Completed,119485,2025-10-27T00:00:00.000Z,,,,,,,,,,,,Community Centers & Halls,Social Infrastructure
151038.0,6a932bb5cd94452437a1c5fc,Haryana,Haryana,KURUKSHETRA,KURUKSHETRA,KURUKSHETRA(DEPUTY COMMISSIONER KURUKSHETRA_IDA),KURUKSHETRA(DEPUTY COMMISSIONER KURUKSHETRA_IDA),Trust and Society,Trust and Society,1077156.0,2026-03-03T00:00:00.000Z,2026.0,0.0,Construction of hall/room  in Bajigar Dharamshala,Construction of hall/room  in Bajigar Dharamshala,,NAVEEN JINDAL,,KURUKSHETRA,Completed,1077156,2026-03-03T00:00:00.000Z,,,,,,,,,,,,Community Centers & Halls,Social Infrastructure
154944.0,6a932bb5cd94452437a1904b,Haryana,Haryana,KURUKSHETRA,KURUKSHETRA,KURUKSHETRA(DEPUTY COMMISSIONER KURUKSHETRA_IDA),KURUKSHETRA(DEPUTY COMMISSIONER KURUKSHETRA_IDA),Normal/Others,Normal/Others,99929.0,2026-02-19T00:00:00.000Z,2026.0,0.0,Construction of Shed Shamshan ghat,Construction of Shed Shamshan ghat,,NAVEEN JINDAL,,KURUKSHETRA,Completed,99929,2026-02-19T00:00:00.000Z,,,,,,,,,,,,Community Centers & Halls,Social Infrastructure
155125.0,6a932bb5cd94452437a17938,Haryana,Haryana,KURUKSHETRA,KURUKSHETRA,KURUKSHETRA(DEPUTY COMMISSIONER KURUKSHETRA_IDA),KURUKSHETRA(DEPUTY COMMISSIONER KURUKSHETRA_IDA),Normal/Others,Normal/Others,266777.0,2025-09-29T00:00:00.000Z,2025.0,0.0,Construction of Shed Shamshan ghat,Construction of Shed Shamshan ghat,,NAVEEN JINDAL,,KURUKSHETRA,Completed,266777,2025-09-29T00:00:00.000Z,,,,,,,,,,,,Community Centers & Halls,Social Infrastructure
155127.0,6a932bb5cd94452437a17936,Haryana,Haryana,KURUKSHETRA,KURUKSHETRA,KURUKSHETRA(DEPUTY COMMISSIONER KURUKSHETRA_IDA),KURUKSHETRA(DEPUTY COMMISSIONER KURUKSHETRA_IDA),Normal/Others,Normal/Others,288304.0,2025-09-16T00:00:00.000Z,2025.0,0.0,Construction of Iron/ Tin Shed in BC Chaupal,Construction of Iron/ Tin Shed in BC Chaupal,,NAVEEN JINDAL,,KURUKSHETRA,Completed,288304,2025-09-16T00:00:00.000Z,,,,,,,,,,,,Community Centers & Halls,Social Infrastructure
155129.0,6a932bb5cd94452437a17935,Haryana,Haryana,KURUKSHETRA,KURUKSHETRA,KURUKSHETRA(DEPUTY COMMISSIONER KURUKSHETRA_IDA),KURUKSHETRA(DEPUTY COMMISSIONER KURUKSHETRA_IDA),Normal/Others,Normal/Others,220906.0,2025-09-29T00:00:00.000Z,2025.0,0.0,Construction of Kitchen and Toilet in Community Centre,Construction of Kitchen and Toilet in Community Centre,,NAVEEN JINDAL,,KURUKSHETRA,Completed,220906,2025-09-29T00:00:00.000Z,,,,,,,,,,,,Community Centers & Halls,Social Infrastructure
155139.0,6a932bb5cd94452437a1b20f,Haryana,Haryana,KURUKSHETRA,KURUKSHETRA,KURUKSHETRA(DEPUTY COMMISSIONER KURUKSHETRA_IDA),KURUKSHETRA(DEPUTY COMMISSIONER KURUKSHETRA_IDA),Normal/Others,Normal/Others,100000.0,2025-11-10T00:00:00.000Z,2025.0,0.0,Construction of iron/Tin shed in park opp H.No. 1029 Sector 7 KKR,Construction of iron/Tin shed in park opp H.No. 1029 Sector 7 KKR,,NAVEEN JINDAL,,KURUKSHETRA,Completed,100000,2025-11-10T00:00:00.000Z,,,,,,,,,,,,Community Centers & Halls,Social Infrastructure
156691.0,6a932bb5cd94452437a19c5f,Haryana,Haryana,KURUKSHETRA,KURUKSHETRA,KAITHAL(DC CUM NODAL OFFICERS MPLADS),KAITHAL(DC CUM NODAL OFFICERS MPLADS),Normal/Others,Normal/Others,165344.0,2025-08-27T00:00:00.000Z,2025.0,0.0,construction of Iron/Tin shed in Panchayat Ghar,construction of Iron/Tin shed in Panchayat Ghar,,NAVEEN JINDAL,,KURUKSHETRA,Completed,165344,2025-08-27T00:00:00.000Z,,,,,,,,,,,,Community Centers & Halls,Social Infrastructure
156694.0,6a932bb5cd94452437a1a299,Haryana,Haryana,KURUKSHETRA,KURUKSHETRA,KAITHAL(DC CUM NODAL OFFICERS MPLADS),KAITHAL(DC CUM NODAL OFFICERS MPLADS),Normal/Others,Normal/Others,328890.0,2025-09-16T00:00:00.000Z,2025.0,0.0,construction of Iron/Tin shed near Shiv Mandir (30*45),construction of Iron/Tin shed near Shiv Mandir (30*45),,NAVEEN JINDAL,,KURUKSHETRA,Completed,328890,2025-09-16T00:00:00.000Z,,,,,,,,,,,,Community Centers & Halls,Social Infrastructure
156697.0,6a932bb5cd94452437a1a231,Haryana,Haryana,KURUKSHETRA,KURUKSHETRA,KAITHAL(DC CUM NODAL OFFICERS MPLADS),KAITHAL(DC CUM NODAL OFFICERS MPLADS),Normal/Others,Normal/Others,329690.0,2025-09-24T00:00:00.000Z,2025.0,0.0,Construction of iron/tin shed near Gugamari,Construction of iron/tin shed near Gugamari,,NAVEEN JINDAL,,KURUKSHETRA,Completed,329690,2025-09-24T00:00:00.000Z,,,,,,,,,,,,Community Centers & Halls,Social Infrastructure
156703.0,6a932bb5cd94452437a198a6,Haryana,Haryana,KURUKSHETRA,KURUKSHETRA,KAITHAL(DC CUM NODAL OFFICERS MPLADS),KAITHAL(DC CUM NODAL OFFICERS MPLADS),Normal/Others,Normal/Others,329040.0,2025-08-14T00:00:00.000Z,2025.0,0.0,Construction of Iron/tin shed in Tagoria Patti Chaupal (30*45),Construction of Iron/tin shed in Tagoria Patti Chaupal (30*45),,NAVEEN JINDAL,,KURUKSHETRA,Completed,329040,2025-08-14T00:00:00.000Z,,,,,,,,,,,,Community Centers & Halls,Social Infrastructure
156705.0,6a932bb5cd94452437a198a3,Haryana,Haryana,KURUKSHETRA,KURUKSHETRA,KAITHAL(DC CUM NODAL OFFICERS MPLADS),KAITHAL(DC CUM NODAL OFFICERS MPLADS),Normal/Others,Normal/Others,329559.0,2025-08-14T00:00:00.000Z,2025.0,0.0,Construction of Iron/tin shed in shamshan ghat in Balmiki Mohalla  (30*45),Construction of Iron/tin shed in shamshan ghat in Balmiki Mohalla  (30*45),,NAVEEN JINDAL,,KURUKSHETRA,Completed,329559,2025-08-14T00:00:00.000Z,,,,,,,,,,,,Community Centers & Halls,Social Infrastructure
159723.0,6a932bb5cd94452437a198f2,Haryana,Haryana,KURUKSHETRA,KURUKSHETRA,KAITHAL(DC CUM NODAL OFFICERS MPLADS),KAITHAL(DC CUM NODAL OFFICERS MPLADS),Normal/Others,Normal/Others,121855.0,2025-08-18T00:00:00.000Z,2025.0,0.0,Const of Iron/Tin Shed in Balmiki Chaupal 12x36,Const of Iron/Tin Shed in Balmiki Chaupal 12x36,,NAVEEN JINDAL,,KURUKSHETRA,Completed,121855,2025-08-18T00:00:00.000Z,,,,,,,,,,,,Community Centers & Halls,Social Infrastructure
159725.0,6a932bb5cd94452437a198f6,Haryana,Haryana,KURUKSHETRA,KURUKSHETRA,KAITHAL(DC CUM NODAL OFFICERS MPLADS),KAITHAL(DC CUM NODAL OFFICERS MPLADS),Normal/Others,Normal/Others,283562.0,2025-08-18T00:00:00.000Z,2025.0,0.0,Const of Iron/Tin shed near Kalimata Mandir on Panchayat land 30x45,Const of Iron/Tin shed near Kalimata Mandir on Panchayat land 30x45,,NAVEEN JINDAL,,KURUKSHETRA,Completed,283562,2025-08-18T00:00:00.000Z,,,,,,,,,,,,Community Centers & Halls,Social Infrastructure
159728.0,6a932bb5cd94452437a1bbf4,Haryana,Haryana,KURUKSHETRA,KURUKSHETRA,KAITHAL(DC CUM NODAL OFFICERS MPLADS),KAITHAL(DC CUM NODAL OFFICERS MPLADS),Normal/Others,Normal/Others,293218.0,2025-12-08T00:00:00.000Z,2025.0,0.0,Const of Iron/Tin Shed on Bhagat Singh Chowk 30x45,Const of Iron/Tin Shed on Bhagat Singh Chowk 30x45,,NAVEEN JINDAL,,KURUKSHETRA,Completed,293218,2025-12-08T00:00:00.000Z,,,,,,,,,,,,Community Centers & Halls,Social Infrastructure
143351.0,6a932bb5cd94452437a166a1,Chhattisgarh,Chhattisgarh,KORBA,KORBA,Gaurela-Pendra-Marwahi(Collector GPM_IDA),Gaurela-Pendra-Marwahi(Collector GPM_IDA),Normal/Others,Normal/Others,398989.0,2026-01-09T00:00:00.000Z,2026.0,0.0,"Construction of shed near Rashan Dukan at Gram Panchayat - Ghaghra, Vikas Khand - Pendra.","Construction of shed near Rashan Dukan at Gram Panchayat - Ghaghra, Vikas Khand - Pendra.",,Jyotsna Charandas Mahant ,,KORBA,Completed,398989,2026-01-09T00:00:00.000Z,,,,,,,,,,,,Community Centers & Halls,Social Infrastructure
165577.0,6a932bb5cd94452437a17851,Himachal Pradesh,Himachal Pradesh,KANGRA,KANGRA,KANGRA(DEPUTY COMMISSIONER KANGRA_IDA),KANGRA(DEPUTY COMMISSIONER KANGRA_IDA),Normal/Others,Normal/Others,349190.0,2025-10-25T00:00:00.000Z,2025.0,0.0,Completion of Community Hall ward no4,Completion of Community Hall ward no4,,RAJEEV BHARDWAJ,,KANGRA,Completed,349190,2025-10-25T00:00:00.000Z,,,,,,,,,,,,Community Centers & Halls,Social Infrastructure
146728.0,6a932bb5cd94452437a16954,Chhattisgarh,Chhattisgarh,KORBA,KORBA,Gaurela-Pendra-Marwahi(Collector GPM_IDA),Gaurela-Pendra-Marwahi(Collector GPM_IDA),Normal/Others,Normal/Others,299836.0,2025-11-06T00:00:00.000Z,2025.0,0.0,"Construction of shed at Chauratola Bachaha Para in Gram Panchayat - Basantpur, Vikas Khand - Pendra","Construction of shed at Chauratola Bachaha Para in Gram Panchayat - Basantpur, Vikas Khand - Pendra",,Jyotsna Charandas Mahant ,,KORBA,Completed,299836,2025-11-06T00:00:00.000Z,,,,,,,,,,,,Community Centers & Halls,Social Infrastructure
146734.0,6a932bb5cd94452437a167a7,Chhattisgarh,Chhattisgarh,KORBA,KORBA,KORBA(Collector-Korba),KORBA(Collector-Korba),Normal/Others,Normal/Others,300000.0,2026-01-29T00:00:00.000Z,2026.0,0.0,"Chhatdaar Manch construction near Angan Badi Bhawan in Gram Panchayat - Salihabhata, Vikas Khand - Kartala","Chhatdaar Manch construction near Angan Badi Bhawan in Gram Panchayat - Salihabhata, Vikas Khand - Kartala",,Jyotsna Charandas Mahant ,,KORBA,Completed,300000,2026-01-29T00:00:00.000Z,,,,,,,,,,,,Community Centers & Halls,Social Infrastructure
180229.0,6a932bb5cd94452437a1bcbf,Himachal Pradesh,Himachal Pradesh,SHIMLA,SHIMLA,SOLAN(DEPUTY COMMISSIONER SOLAN_IDA),SOLAN(DEPUTY COMMISSIONER SOLAN_IDA),Normal/Others,Normal/Others,300000.0,2026-02-23T00:00:00.000Z,2026.0,0.0,Construction of Shed Near Ward No. 10 MC Solan Executive Agency DRDA Solan,Construction of Shed Near Ward No. 10 MC Solan Executive Agency DRDA Solan,,Suresh Kumar Kashyap,,SHIMLA,Completed,300000,2026-02-23T00:00:00.000Z,,,,,,,,,,,,Community Centers & Halls,Social Infrastructure
180257.0,6a932bb5cd94452437a18e8a,Himachal Pradesh,Himachal Pradesh,SHIMLA,SHIMLA,SHIMLA(DEPUTY COMMISSIONER SHIMLA_IDA),SHIMLA(DEPUTY COMMISSIONER SHIMLA_IDA),Normal/Others,Normal/Others,200000.0,2025-12-09T00:00:00.000Z,2025.0,0.0,Construction of Mahila Mandal Bhawan Thana GP Tikker Executive Agency BDO Rohru,Construction of Mahila Mandal Bhawan Thana GP Tikker Executive Agency BDO Rohru,,Suresh Kumar Kashyap,,SHIMLA,Completed,200000,2025-12-09T00:00:00.000Z,,,,,,,,,,,,Community Centers & Halls,Social Infrastructure
147583.0,6a932bb5cd94452437a16b24,Chhattisgarh,Chhattisgarh,RAIPUR,RAIPUR,RAIPUR(DISTRICT COLLECTOR RAIPUR_IDA),RAIPUR(DISTRICT COLLECTOR RAIPUR_IDA),Normal/Others,Normal/Others,500000.0,2025-06-09T00:00:00.000Z,2025.0,0.0,AAHTA NIRMAN- GRAM PANCHAYAT DEORI KE PDS BHAWAN ME AAHTA NIRMAN,AAHTA NIRMAN- GRAM PANCHAYAT DEORI KE PDS BHAWAN ME AAHTA NIRMAN,,BRIJMOHAN AGRAWAL,,RAIPUR,Completed,500000,2025-06-09T00:00:00.000Z,,,,,,,,,,,,Community Centers & Halls,Social Infrastructure
147585.0,6a932bb5cd94452437a169e9,Chhattisgarh,Chhattisgarh,RAIPUR,RAIPUR,RAIPUR(DISTRICT COLLECTOR RAIPUR_IDA),RAIPUR(DISTRICT COLLECTOR RAIPUR_IDA),Normal/Others,Normal/Others,671255.0,2026-01-21T00:00:00.000Z,2026.0,0.0,SAMUDAYIK BHAWAN NIRMAN- GRAM KHAPRIDIH KHURD (CHINGARI) ME SAMUDAYIK BHAWAN NIRMAN,SAMUDAYIK BHAWAN NIRMAN- GRAM KHAPRIDIH KHURD (CHINGARI) ME SAMUDAYIK BHAWAN NIRMAN,,BRIJMOHAN AGRAWAL,,RAIPUR,Completed,671255,2026-01-21T00:00:00.000Z,,,,,,,,,,,,Community Centers & Halls,Social Infrastructure
156908.0,6a932bb5cd94452437a175f6,Bihar,Bihar,MADHUBANI,MADHUBANI,DARBHANGA(DISTRICT PLANNING OFFICER DARBANGA_IDA),DARBHANGA(DISTRICT PLANNING OFFICER DARBANGA_IDA),Normal/Others,Normal/Others,495000.0,2025-03-19T00:00:00.000Z,2025.0,0.0,AT Nanaura Community Hall near Kath tree block Keoti darbhanga,AT Nanaura Community Hall near Kath tree block Keoti darbhanga,,Ashok Kumar Yadav ,,MADHUBANI,Completed,495000,2025-03-19T00:00:00.000Z,,,,,,,,,,,,Community Centers & Halls,Social Infrastructure
147593.0,6a932bb5cd94452437a1aa41,Chhattisgarh,Chhattisgarh,RAIPUR,RAIPUR,RAIPUR(DISTRICT COLLECTOR RAIPUR_IDA),RAIPUR(DISTRICT COLLECTOR RAIPUR_IDA),Normal/Others,Normal/Others,500000.0,2026-02-03T00:00:00.000Z,2026.0,0.0,"ATIRIKTA KAKSHA NIRMAN, SAMUDAYIK BHAWAN(RAJIV MANCH ME),  WARD NO 01 GURUGHASIDAS WARD URLA ME. NAGAR PALIK NIGAM BIRGAON","ATIRIKTA KAKSHA NIRMAN, SAMUDAYIK BHAWAN(RAJIV MANCH ME),  WARD NO 01 GURUGHASIDAS WARD URLA ME. NAGAR PALIK NIGAM BIRGAON",,BRIJMOHAN AGRAWAL,,RAIPUR,Completed,500000,2026-02-03T00:00:00.000Z,,,,,,,,,,,,Community Centers & Halls,Social Infrastructure
167254.0,6a932bb5cd94452437a17fed,Haryana,Haryana,ROHTAK,ROHTAK,ROHTAK(DEPUTY COMMISSIONER ROHTAK_IDA),ROHTAK(DEPUTY COMMISSIONER ROHTAK_IDA),Normal/Others,Normal/Others,495049.0,2025-07-17T00:00:00.000Z,2025.0,0.0,Const. of Shed in Front of Community Centre near Shiv Mandir,Const. of Shed in Front of Community Centre near Shiv Mandir,,DEEPENDER SINGH HOODA,,ROHTAK,Completed,495049,2025-07-17T00:00:00.000Z,,,,,,,,,,,,Community Centers & Halls,Social Infrastructure
167853.0,6a932bb5cd94452437a1b24b,Haryana,Haryana,KURUKSHETRA,KURUKSHETRA,KURUKSHETRA(DEPUTY COMMISSIONER KURUKSHETRA_IDA),KURUKSHETRA(DEPUTY COMMISSIONER KURUKSHETRA_IDA),Normal/Others,Normal/Others,149000.0,2026-01-08T00:00:00.000Z,2026.0,0.0,Construction of Tin iron shed in park opp H.No. 1360,Construction of Tin iron shed in park opp H.No. 1360,,NAVEEN JINDAL,,KURUKSHETRA,Completed,149000,2026-01-08T00:00:00.000Z,,,,,,,,,,,,Community Centers & Halls,Social Infrastructure
169947.0,6a932bb5cd94452437a18b36,Haryana,Haryana,ROHTAK,ROHTAK,REWARI(District Commissioner Rewari),REWARI(District Commissioner Rewari),Normal/Others,Normal/Others,1100000.0,2026-07-22T00:00:00.000Z,2026.0,0.0,Const. of Hall near Triveni Dham,Const. of Hall near Triveni Dham,,DEEPENDER SINGH HOODA,,ROHTAK,Completed,1100000,2026-07-22T00:00:00.000Z,,,,,,,,,,,,Community Centers & Halls,Social Infrastructure
171037.0,6a932bb5cd94452437a175c7,Haryana,Haryana,BHIWANI MAHENDRAGARH,BHIWANI MAHENDRAGARH,MAHENDRAGARH(DEPUTY COMMISSIONER MAHENDRAGARH_IDA),MAHENDRAGARH(DEPUTY COMMISSIONER MAHENDRAGARH_IDA),Normal/Others,Normal/Others,1729864.0,2026-01-26T00:00:00.000Z,2026.0,0.0,"Laying RCC slab for Hall and rooms in Sain Samaj Dharmshala, Ward No. 14, Mahendragarh","Laying RCC slab for Hall and rooms in Sain Samaj Dharmshala, Ward No. 14, Mahendragarh",,Shri  Dharambir Singh,,BHIWANI MAHENDRAGARH,Completed,1729864,2026-01-26T00:00:00.000Z,,,,,,,,,,,,Community Centers & Halls,Social Infrastructure
171796.0,6a932bb5cd94452437a18667,Haryana,Haryana,ROHTAK,ROHTAK,JHAJJAR(DEPUTY COMMISSIONER cum NODAL OFFICER MPLADS JHAJJAR),JHAJJAR(DEPUTY COMMISSIONER cum NODAL OFFICER MPLADS JHAJJAR),Normal/Others,Normal/Others,499910.0,2025-06-13T00:00:00.000Z,2025.0,0.0,Development works in Brahaman Choupal,Development works in Brahaman Choupal,,DEEPENDER SINGH HOODA,,ROHTAK,Completed,499910,2025-06-13T00:00:00.000Z,,,,,,,,,,,,Community Centers & Halls,Social Infrastructure
175977.0,6a932bb5cd94452437a1c15c,Haryana,Haryana,ROHTAK,ROHTAK,JHAJJAR(DEPUTY COMMISSIONER cum NODAL OFFICER MPLADS JHAJJAR),JHAJJAR(DEPUTY COMMISSIONER cum NODAL OFFICER MPLADS JHAJJAR),Normal/Others,Normal/Others,500000.0,2026-01-06T00:00:00.000Z,2026.0,0.0,"Comp. of Dalit Choupal, Upparalla Pana Chodhrann, Badli","Comp. of Dalit Choupal, Upparalla Pana Chodhrann, Badli",,DEEPENDER SINGH HOODA,,ROHTAK,Completed,500000,2026-01-06T00:00:00.000Z,,,,,,,,,,,,Community Centers & Halls,Social Infrastructure
180213.0,6a932bb5cd94452437a1cc41,Haryana,Haryana,SONEPAT,SONEPAT,JIND(DEPUTY COMMISSIONER JIND),JIND(DEPUTY COMMISSIONER JIND),Normal/Others,Normal/Others,447983.0,2026-02-12T00:00:00.000Z,2026.0,0.0,Installation of Shed 30x60 in Village Kalwa,Installation of Shed 30x60 in Village Kalwa,,SATPAL BRAHAMCHARI,,SONEPAT,Completed,447983,2026-02-12T00:00:00.000Z,,,,,,,,,,,,Community Centers & Halls,Social Infrastructure
222178.0,6a932bb5cd94452437a1ce42,Haryana,Haryana,ROHTAK,ROHTAK,ROHTAK(DEPUTY COMMISSIONER ROHTAK_IDA),ROHTAK(DEPUTY COMMISSIONER ROHTAK_IDA),Normal/Others,Normal/Others,1098850.0,2026-02-06T00:00:00.000Z,2026.0,0.0,Const.Comp. of Balmiki Choupal,Const.Comp. of Balmiki Choupal,,DEEPENDER SINGH HOODA,,ROHTAK,Completed,1098850,2026-02-06T00:00:00.000Z,,,,,,,,,,,,Community Centers & Halls,Social Infrastructure
232686.0,6a932bb5cd94452437a1c4a1,Chandigarh,Chandigarh,CHANDIGARH,CHANDIGARH,CHANDIGARH(DEPUTY COMMISSIONER ZILLA PARISHAD CHANDIGARH_IDA),CHANDIGARH(DEPUTY COMMISSIONER ZILLA PARISHAD CHANDIGARH_IDA),Normal/Others,Normal/Others,237956.0,2026-02-05T00:00:00.000Z,2026.0,0.0,"For construction of temporary shed in Labour Chowk, Sector 44, Ward No. 32, Chandigarh.","For construction of temporary shed in Labour Chowk, Sector 44, Ward No. 32, Chandigarh.",,MANISH TEWARI,,CHANDIGARH,Completed,237956,2026-02-05T00:00:00.000Z,,,,,,,,,,,,Community Centers & Halls,Social Infrastructure
240722.0,6a932bb5cd94452437a1c93c,Haryana,Haryana,BHIWANI MAHENDRAGARH,BHIWANI MAHENDRAGARH,MAHENDRAGARH(DEPUTY COMMISSIONER MAHENDRAGARH_IDA),MAHENDRAGARH(DEPUTY COMMISSIONER MAHENDRAGARH_IDA),Normal/Others,Normal/Others,500000.0,2026-01-21T00:00:00.000Z,2026.0,0.0,Purchase and installation of indoor gym items in hall on GP land,Purchase and installation of indoor gym items in hall on GP land,,Shri  Dharambir Singh,,BHIWANI MAHENDRAGARH,Completed,500000,2026-01-21T00:00:00.000Z,,,,,,,,,,,,Community Centers & Halls,Social Infrastructure
134661.0,6a932bb5cd94452437a1674d,Chhattisgarh,Chhattisgarh,JANJGIR CHAMPA,JANJGIR CHAMPA,SAKTI(COLLECTOR SAKTI_IDA),SAKTI(COLLECTOR SAKTI_IDA),Normal/Others,Normal/Others,500000.0,2025-02-19T00:00:00.000Z,2025.0,0.0,Gram-kanchanpur me sarvajanik samudaik bhavan (patel mohalla me)Ahata nirmaran,Gram-kanchanpur me sarvajanik samudaik bhavan (patel mohalla me)Ahata nirmaran,,KAMLESH JANGDE,,JANJGIR CHAMPA,Completed,500000,2025-02-19T00:00:00.000Z,,,,,,,,,,,,Community Centers & Halls,Social Infrastructure
242110.0,6a932bb5cd94452437a1da70,Haryana,Haryana,ROHTAK,ROHTAK,ROHTAK(DEPUTY COMMISSIONER ROHTAK_IDA),ROHTAK(DEPUTY COMMISSIONER ROHTAK_IDA),Normal/Others,Normal/Others,499915.0,2026-03-19T00:00:00.000Z,2026.0,0.0,Const. of Shed and Bwall near Saal Mayna Mai,Const. of Shed and Bwall near Saal Mayna Mai,,DEEPENDER SINGH HOODA,,ROHTAK,Completed,499915,2026-03-19T00:00:00.000Z,,,,,,,,,,,,Community Centers & Halls,Social Infrastructure
134670.0,6a932bb5cd94452437a165c3,Chhattisgarh,Chhattisgarh,JANJGIR CHAMPA,JANJGIR CHAMPA,JANJGIR-CHAMPA(DISTRICT COLLECTOR JANJGIR CHAMPA_IDA),JANJGIR-CHAMPA(DISTRICT COLLECTOR JANJGIR CHAMPA_IDA),Normal/Others,Normal/Others,598982.0,2024-11-14T00:00:00.000Z,2024.0,0.0,Construction of community building in the Muslim locality.,Construction of community building in the Muslim locality.,,KAMLESH JANGDE,,JANJGIR CHAMPA,Completed,598982,2024-11-14T00:00:00.000Z,,,,,,,,,,,,Community Centers & Halls,Social Infrastructure
251497.0,6a932bb5cd94452437a1c28d,Haryana,Haryana,ROHTAK,ROHTAK,ROHTAK(DEPUTY COMMISSIONER ROHTAK_IDA),ROHTAK(DEPUTY COMMISSIONER ROHTAK_IDA),Normal/Others,Normal/Others,499685.0,2025-12-29T00:00:00.000Z,2025.0,0.0,Const. of Bwall of Hall,Const. of Bwall of Hall,,DEEPENDER SINGH HOODA,,ROHTAK,Completed,499685,2025-12-29T00:00:00.000Z,,,,,,,,,,,,Community Centers & Halls,Social Infrastructure
257779.0,6a932bb5cd94452437a1d9c5,Haryana,Haryana,BHIWANI MAHENDRAGARH,BHIWANI MAHENDRAGARH,MAHENDRAGARH(DEPUTY COMMISSIONER MAHENDRAGARH_IDA),MAHENDRAGARH(DEPUTY COMMISSIONER MAHENDRAGARH_IDA),Normal/Others,Normal/Others,992637.0,2026-03-17T00:00:00.000Z,2026.0,0.0,"Const. of Bathroom, toilets and Shed in Public Chaupal constructed on GP land","Const. of Bathroom, toilets and Shed in Public Chaupal constructed on GP land",,Shri  Dharambir Singh,,BHIWANI MAHENDRAGARH,Completed,992637,2026-03-17T00:00:00.000Z,,,,,,,,,,,,Community Centers & Halls,Social Infrastructure
138241.0,6a932bb5cd94452437a1d153,Himachal Pradesh,Himachal Pradesh,MANDI,MANDI,MANDI(DEPUTY COMMISSIONER MANDI_IDA),MANDI(DEPUTY COMMISSIONER MANDI_IDA),Normal/Others,Normal/Others,901818.0,2026-08-24T00:00:00.000Z,2026.0,0.0,"Construction of additional rooms and halls in the existing public and community building.
Name of work:-Constuction  (Upgradation) of Panchayat Ghar  of Gram Panchayat Sulpur Jaboth, Block Development  Gopalpur, District  Mandi Himachal Pradesh .
Eastimate Attached, Work Execute BY GP Sulpur Jaboth.","Construction of additional rooms and halls in the existing public and community building.
Name of work:-Constuction  (Upgradation) of Panchayat Ghar  of Gram Panchayat Sulpur Jaboth, Block Development  Gopalpur, District  Mandi Himachal Pradesh .
Eastimate Attached, Work Execute BY GP Sulpur Jaboth.",,Kangana Ranaut,,MANDI,Completed,901818,2026-08-24T00:00:00.000Z,,,,,,,,,,,,Community Centers & Halls,Social Infrastructure
140544.0,6a932bb5cd94452437a16828,Chhattisgarh,Chhattisgarh,KORBA,KORBA,Gaurela-Pendra-Marwahi(Collector GPM_IDA),Gaurela-Pendra-Marwahi(Collector GPM_IDA),Normal/Others,Normal/Others,499992.0,2026-05-13T00:00:00.000Z,2026.0,0.0,"Samudayik Bhawan construction at Anjani, Gram Panchayat - Anjani, Vikas Khand - Gaurela","Samudayik Bhawan construction at Anjani, Gram Panchayat - Anjani, Vikas Khand - Gaurela",,Jyotsna Charandas Mahant ,,KORBA,Completed,499992,2026-05-13T00:00:00.000Z,,,,,,,,,,,,Community Centers & Halls,Social Infrastructure
145387.0,6a932bb5cd94452437a175a1,Himachal Pradesh,Himachal Pradesh,SHIMLA,SHIMLA,SHIMLA(DEPUTY COMMISSIONER SHIMLA_IDA),SHIMLA(DEPUTY COMMISSIONER SHIMLA_IDA),Normal/Others,Normal/Others,250000.0,2025-12-12T00:00:00.000Z,2025.0,0.0,C/o Community Hall Village Khashdhar GP Kalind Executive Agency BDO Theog,C/o Community Hall Village Khashdhar GP Kalind Executive Agency BDO Theog,,Suresh Kumar Kashyap,,SHIMLA,Completed,250000,2025-12-12T00:00:00.000Z,,,,,,,,,,,,Community Centers & Halls,Social Infrastructure
140677.0,6a932bb5cd94452437a166c3,Chhattisgarh,Chhattisgarh,KORBA,KORBA,Gaurela-Pendra-Marwahi(Collector GPM_IDA),Gaurela-Pendra-Marwahi(Collector GPM_IDA),Normal/Others,Normal/Others,499839.0,2026-02-16T00:00:00.000Z,2026.0,0.0,"Samudayik Bhawan Construction at Sadak Para, Gram Panchayat - Amarpur, Vikas Khand - Pedra","Samudayik Bhawan Construction at Sadak Para, Gram Panchayat - Amarpur, Vikas Khand - Pedra",,Jyotsna Charandas Mahant ,,KORBA,Completed,499839,2026-02-16T00:00:00.000Z,,,,,,,,,,,,Community Centers & Halls,Social Infrastructure
140683.0,6a932bb5cd94452437a166cc,Chhattisgarh,Chhattisgarh,KORBA,KORBA,Gaurela-Pendra-Marwahi(Collector GPM_IDA),Gaurela-Pendra-Marwahi(Collector GPM_IDA),Normal/Others,Normal/Others,199559.0,2025-12-11T00:00:00.000Z,2025.0,0.0,"Shed construction at Gram Panchayat Deori Kalan, Janpad - Pendra","Shed construction at Gram Panchayat Deori Kalan, Janpad - Pendra",,Jyotsna Charandas Mahant ,,KORBA,Completed,199559,2025-12-11T00:00:00.000Z,,,,,,,,,,,,Community Centers & Halls,Social Infrastructure
140687.0,6a932bb5cd94452437a166c4,Chhattisgarh,Chhattisgarh,KORBA,KORBA,Gaurela-Pendra-Marwahi(Collector GPM_IDA),Gaurela-Pendra-Marwahi(Collector GPM_IDA),Normal/Others,Normal/Others,199651.0,2025-11-06T00:00:00.000Z,2025.0,0.0,"Shed construction in Gram Panchayat - Latkoni, Janpad - Pendra","Shed construction in Gram Panchayat - Latkoni, Janpad - Pendra",,Jyotsna Charandas Mahant ,,KORBA,Completed,199651,2025-11-06T00:00:00.000Z,,,,,,,,,,,,Community Centers & Halls,Social Infrastructure
151553.0,6a932bb5cd94452437a19fe4,Himachal Pradesh,Himachal Pradesh,SHIMLA,SHIMLA,SIRMAUR(DEPUTY COMMISSIONER SIRMOUR_IDA),SIRMAUR(DEPUTY COMMISSIONER SIRMOUR_IDA),Normal/Others,Normal/Others,200000.0,2026-04-24T00:00:00.000Z,2026.0,0.0,C/o Community Kitchen Surakh GP Bhat Garh Executive Agency BDO Sangrah,C/o Community Kitchen Surakh GP Bhat Garh Executive Agency BDO Sangrah,,Suresh Kumar Kashyap,,SHIMLA,Completed,200000,2026-04-24T00:00:00.000Z,,,,,,,,,,,,Community Centers & Halls,Social Infrastructure
162677.0,6a932bb5cd94452437a1775a,Himachal Pradesh,Himachal Pradesh,SHIMLA,SHIMLA,SIRMAUR(DEPUTY COMMISSIONER SIRMOUR_IDA),SIRMAUR(DEPUTY COMMISSIONER SIRMOUR_IDA),Normal/Others,Normal/Others,300000.0,2026-03-31T00:00:00.000Z,2026.0,0.0,C/o Shed for Community Centre Village Konthro GP Devni Executive Agency BDO Nahan,C/o Shed for Community Centre Village Konthro GP Devni Executive Agency BDO Nahan,,Suresh Kumar Kashyap,,SHIMLA,Completed,300000,2026-03-31T00:00:00.000Z,,,,,,,,,,,,Community Centers & Halls,Social Infrastructure
228298.0,6a932bb5cd94452437a1dd6e,Himachal Pradesh,Himachal Pradesh,SHIMLA,SHIMLA,SOLAN(DEPUTY COMMISSIONER SOLAN_IDA),SOLAN(DEPUTY COMMISSIONER SOLAN_IDA),Normal/Others,Normal/Others,1000000.0,2026-08-13T00:00:00.000Z,2026.0,0.0,Construction of Sainik Community Hall Nalagarh Ward No. 2 Executive Agency MC Nalagarh,Construction of Sainik Community Hall Nalagarh Ward No. 2 Executive Agency MC Nalagarh,,Suresh Kumar Kashyap,,SHIMLA,Completed,1000000,2026-08-13T00:00:00.000Z,,,,,,,,,,,,Community Centers & Halls,Social Infrastructure
158971.0,6a932bb5cd94452437a18943,Bihar,Bihar,BANKA,BANKA,BANKA(DISTRICT PLANNING OFFICER BANKA_IDA),BANKA(DISTRICT PLANNING OFFICER BANKA_IDA),Normal/Others,Normal/Others,1334000.0,2025-06-24T00:00:00.000Z,2025.0,0.0,Phulidumar Prakhand antargat Panchayat Rata ke graam purani rata mey nahar pul ke pass SS Yatri Shed ka nirman.,Phulidumar Prakhand antargat Panchayat Rata ke graam purani rata mey nahar pul ke pass SS Yatri Shed ka nirman.,,Giridhari Yadav,,BANKA,Completed,1334000,2025-06-24T00:00:00.000Z,,,,,,,,,,,,Community Centers & Halls,Social Infrastructure
239780.0,6a932bb5cd94452437a1cf30,Himachal Pradesh,Himachal Pradesh,KANGRA,KANGRA,KANGRA(DEPUTY COMMISSIONER KANGRA_IDA),KANGRA(DEPUTY COMMISSIONER KANGRA_IDA),Normal/Others,Normal/Others,249998.0,2026-03-09T00:00:00.000Z,2026.0,0.0,Construction of Shed of Bawadi in ward no 1,Construction of Shed of Bawadi in ward no 1,,RAJEEV BHARDWAJ,,KANGRA,Completed,249998,2026-03-09T00:00:00.000Z,,,,,,,,,,,,Community Centers & Halls,Social Infrastructure
239912.0,6a932bb5cd94452437a1b407,Himachal Pradesh,Himachal Pradesh,KANGRA,KANGRA,KANGRA(DEPUTY COMMISSIONER KANGRA_IDA),KANGRA(DEPUTY COMMISSIONER KANGRA_IDA),Normal/Others,Normal/Others,470000.0,2026-04-22T00:00:00.000Z,2026.0,0.0,Completion of Interior work of IESL Bhawan Unit Kotla,Completion of Interior work of IESL Bhawan Unit Kotla,,RAJEEV BHARDWAJ,,KANGRA,Completed,470000,2026-04-22T00:00:00.000Z,,,,,,,,,,,,Community Centers & Halls,Social Infrastructure
153822.0,6a932bb5cd94452437a16b1e,Chhattisgarh,Chhattisgarh,MAHASAMUND,MAHASAMUND,MAHASAMUND(DISTRICT COLLECTOR MAHASAMUND_IDA),MAHASAMUND(DISTRICT COLLECTOR MAHASAMUND_IDA),Normal/Others,Normal/Others,1000000.0,2025-10-06T00:00:00.000Z,2025.0,0.0,KARIGARON KE LIYE WORK SHED NIRMAN,KARIGARON KE LIYE WORK SHED NIRMAN,,ROOP KUMARI CHOUDHARY,,MAHASAMUND,Completed,1000000,2025-10-06T00:00:00.000Z,,,,,,,,,,,,Community Centers & Halls,Social Infrastructure
158990.0,6a932bb5cd94452437a18940,Bihar,Bihar,BANKA,BANKA,BANKA(DISTRICT PLANNING OFFICER BANKA_IDA),BANKA(DISTRICT PLANNING OFFICER BANKA_IDA),Normal/Others,Normal/Others,1334000.0,2025-06-24T00:00:00.000Z,2025.0,0.0,Belhar Prakhand antargat Panchayat Basmatta ke graam Basmatta mey SS Yatri Shed ka nirman.,Belhar Prakhand antargat Panchayat Basmatta ke graam Basmatta mey SS Yatri Shed ka nirman.,,Giridhari Yadav,,BANKA,Completed,1334000,2025-06-24T00:00:00.000Z,,,,,,,,,,,,Community Centers & Halls,Social Infrastructure
244092.0,6a932bb5cd94452437a1b9a3,Himachal Pradesh,Himachal Pradesh,KANGRA,KANGRA,KANGRA(DEPUTY COMMISSIONER KANGRA_IDA),KANGRA(DEPUTY COMMISSIONER KANGRA_IDA),Normal/Others,Normal/Others,200000.0,2026-03-05T00:00:00.000Z,2026.0,0.0,Completion of Mahila Mandal Bhawan Jandpur ward no 5,Completion of Mahila Mandal Bhawan Jandpur ward no 5,,RAJEEV BHARDWAJ,,KANGRA,Completed,200000,2026-03-05T00:00:00.000Z,,,,,,,,,,,,Community Centers & Halls,Social Infrastructure
252871.0,6a932bb5cd94452437a1d504,Himachal Pradesh,Himachal Pradesh,MANDI,MANDI,SHIMLA(DEPUTY COMMISSIONER SHIMLA_IDA),SHIMLA(DEPUTY COMMISSIONER SHIMLA_IDA),Normal/Others,Normal/Others,300000.0,2026-08-12T00:00:00.000Z,2026.0,0.0,Construction of Stage (Manch) Nav Yuvak Mandal at Village Khanewali in GP Dev Nagar. Work Executing Agency BDO Rampur,Construction of Stage (Manch) Nav Yuvak Mandal at Village Khanewali in GP Dev Nagar. Work Executing Agency BDO Rampur,,Kangana Ranaut,,MANDI,Completed,300000,2026-08-12T00:00:00.000Z,,,,,,,,,,,,Community Centers & Halls,Social Infrastructure
154929.0,6a932bb5cd94452437a1694b,Chhattisgarh,Chhattisgarh,RAJNANDGAON,RAJNANDGAON,RAJNANDGAON(DISTRICT COLLECTOR RAJNANDGAON_IDA),RAJNANDGAON(DISTRICT COLLECTOR RAJNANDGAON_IDA),Repair and Renovation,Repair and Renovation,200000.0,2025-06-18T00:00:00.000Z,2025.0,0.0,Samudayik Bhavan Nirman (Adiwasi para) Tiles Work,Samudayik Bhavan Nirman (Adiwasi para) Tiles Work,,Santosh Pandey,,RAJNANDGAON,Completed,200000,2025-06-18T00:00:00.000Z,,,,,,,,,,,,Community Centers & Halls,Social Infrastructure
158992.0,6a932bb5cd94452437a1893d,Bihar,Bihar,BANKA,BANKA,BANKA(DISTRICT PLANNING OFFICER BANKA_IDA),BANKA(DISTRICT PLANNING OFFICER BANKA_IDA),Normal/Others,Normal/Others,1334000.0,2025-06-24T00:00:00.000Z,2025.0,0.0,Belhar Prakhand antargat Panchayat taraiya ke taraiya mor ke pass SS Yatri Shed ka nirman.,Belhar Prakhand antargat Panchayat taraiya ke taraiya mor ke pass SS Yatri Shed ka nirman.,,Giridhari Yadav,,BANKA,Completed,1334000,2025-06-24T00:00:00.000Z,,,,,,,,,,,,Community Centers & Halls,Social Infrastructure
155509.0,6a932bb5cd94452437a16c43,Chhattisgarh,Chhattisgarh,KORBA,KORBA,Gaurela-Pendra-Marwahi(Collector GPM_IDA),Gaurela-Pendra-Marwahi(Collector GPM_IDA),Normal/Others,Normal/Others,500000.0,2026-03-10T00:00:00.000Z,2026.0,0.0,"Shed and manch construction at Gram Panchayat - Jhabar , Vikaskhand - Pendra","Shed and manch construction at Gram Panchayat - Jhabar , Vikaskhand - Pendra",,Jyotsna Charandas Mahant ,,KORBA,Completed,500000,2026-03-10T00:00:00.000Z,,,,,,,,,,,,Community Centers & Halls,Social Infrastructure
158994.0,6a932bb5cd94452437a1893c,Bihar,Bihar,BANKA,BANKA,BANKA(DISTRICT PLANNING OFFICER BANKA_IDA),BANKA(DISTRICT PLANNING OFFICER BANKA_IDA),Normal/Others,Normal/Others,1334000.0,2025-06-24T00:00:00.000Z,2025.0,0.0,Belhar Prakhand antargat Panchayat Rajpur ke graam Kharouda mey SS Yatri Shed ka nirman.,Belhar Prakhand antargat Panchayat Rajpur ke graam Kharouda mey SS Yatri Shed ka nirman.,,Giridhari Yadav,,BANKA,Completed,1334000,2025-06-24T00:00:00.000Z,,,,,,,,,,,,Community Centers & Halls,Social Infrastructure
257274.0,6a932bb5cd94452437a1e2c6,Andhra Pradesh,Andhra Pradesh,KADAPA,KADAPA,Y.S.R. Kadapa(DISTRICT COLLECTOR CUDDAPAH_IDA),Y.S.R. Kadapa(DISTRICT COLLECTOR CUDDAPAH_IDA),Normal/Others,Normal/Others,199285.0,2026-05-05T00:00:00.000Z,2026.0,0.0,"Construction of slab for community hall, at Aklisha penthu kost sangam, Prakash Nagar, D No  43 42 in 14th Division of Kadapa MC","Construction of slab for community hall, at Aklisha penthu kost sangam, Prakash Nagar, D No  43 42 in 14th Division of Kadapa MC",,Y S Avinash Reddy,,KADAPA,Completed,199285,2026-05-05T00:00:00.000Z,,,,,,,,,,,,Community Centers & Halls,Social Infrastructure
156453.0,6a932bb5cd94452437a16df8,Chhattisgarh,Chhattisgarh,RAIPUR,RAIPUR,RAIPUR(DISTRICT COLLECTOR RAIPUR_IDA),RAIPUR(DISTRICT COLLECTOR RAIPUR_IDA),Normal/Others,Normal/Others,1000000.0,2026-03-24T00:00:00.000Z,2026.0,0.0,"SAMUDAYIK BHAWAN NIRMAN- GRAM PANCHAYAT KOHKA, BLOCK TILDA, RAIPUR","SAMUDAYIK BHAWAN NIRMAN- GRAM PANCHAYAT KOHKA, BLOCK TILDA, RAIPUR",,BRIJMOHAN AGRAWAL,,RAIPUR,Completed,1000000,2026-03-24T00:00:00.000Z,,,,,,,,,,,,Community Centers & Halls,Social Infrastructure
159774.0,6a932bb5cd94452437a16b8e,Bihar,Bihar,JHANJHARPUR,JHANJHARPUR,MADHUBANI(DISTRICT PLANNING OFFICER MADHUBANI_IDA),MADHUBANI(DISTRICT PLANNING OFFICER MADHUBANI_IDA),Normal/Others,Normal/Others,1487210.0,2025-03-01T00:00:00.000Z,2025.0,0.0,"village durgipatti ,post hudra panchayat durgipatti block khutouna disst madhubani sthith mukhya sadak se panchayat sarkar bhawan tk pcc sadak ka nirman karya.","village durgipatti ,post hudra panchayat durgipatti block khutouna disst madhubani sthith mukhya sadak se panchayat sarkar bhawan tk pcc sadak ka nirman karya.",,Ramprit Mandal,,JHANJHARPUR,Completed,1487210,2025-03-01T00:00:00.000Z,,,,,,,,,,,,Community Centers & Halls,Social Infrastructure
156834.0,6a932bb5cd94452437a169c4,Chhattisgarh,Chhattisgarh,KORBA,KORBA,KORBA(Collector-Korba),KORBA(Collector-Korba),Normal/Others,Normal/Others,300000.0,2025-09-17T00:00:00.000Z,2025.0,0.0,"Construction of shed at Kadampara of Gram Panchayat - Dhukupathra , Vikas khand - Pali","Construction of shed at Kadampara of Gram Panchayat - Dhukupathra , Vikas khand - Pali",,Jyotsna Charandas Mahant ,,KORBA,Completed,300000,2025-09-17T00:00:00.000Z,,,,,,,,,,,,Community Centers & Halls,Social Infrastructure
156840.0,6a932bb5cd94452437a16b4c,Chhattisgarh,Chhattisgarh,KORBA,KORBA,KORBA(Collector-Korba),KORBA(Collector-Korba),Normal/Others,Normal/Others,400000.0,2026-08-07T00:00:00.000Z,2026.0,0.0,"Shed construction at Bastipara in Gram Panchayat - Rangole, Vikas Khand - Pali","Shed construction at Bastipara in Gram Panchayat - Rangole, Vikas Khand - Pali",,Jyotsna Charandas Mahant ,,KORBA,Completed,400000,2026-08-07T00:00:00.000Z,,,,,,,,,,,,Community Centers & Halls,Social Infrastructure
157132.0,6a932bb5cd94452437a16ddd,Chhattisgarh,Chhattisgarh,RAIPUR,RAIPUR,Balodabazar-Bhatapara(Collector Baloda Bazar_IDA),Balodabazar-Bhatapara(Collector Baloda Bazar_IDA),Normal/Others,Normal/Others,1000000.0,2025-11-04T00:00:00.000Z,2025.0,0.0,SAMUDAYIK BHAWAN NIRMAN - GRAM PANCHAYAT MALDI BLOCK BHATAPARA DIST BALODABAZAR,SAMUDAYIK BHAWAN NIRMAN - GRAM PANCHAYAT MALDI BLOCK BHATAPARA DIST BALODABAZAR,,BRIJMOHAN AGRAWAL,,RAIPUR,Completed,1000000,2025-11-04T00:00:00.000Z,,,,,,,,,,,,Community Centers & Halls,Social Infrastructure
157135.0,6a932bb5cd94452437a16d93,Chhattisgarh,Chhattisgarh,RAIPUR,RAIPUR,Balodabazar-Bhatapara(Collector Baloda Bazar_IDA),Balodabazar-Bhatapara(Collector Baloda Bazar_IDA),Normal/Others,Normal/Others,637082.0,2025-07-02T00:00:00.000Z,2025.0,0.0,"SAMUDAYIK BHAWAN NIRMAN - GRAM PANCHAYAT DONGARIYA, BLOCK SIMGA, DIST BALODABAZAR","SAMUDAYIK BHAWAN NIRMAN - GRAM PANCHAYAT DONGARIYA, BLOCK SIMGA, DIST BALODABAZAR",,BRIJMOHAN AGRAWAL,,RAIPUR,Completed,637082,2025-07-02T00:00:00.000Z,,,,,,,,,,,,Community Centers & Halls,Social Infrastructure
151723.0,6a932bb5cd94452437a16934,Chhattisgarh,Chhattisgarh,KORBA,KORBA,KORBA(Collector-Korba),KORBA(Collector-Korba),Normal/Others,Normal/Others,398411.0,2026-02-06T00:00:00.000Z,2026.0,0.0,"Shed construction in Dhavaiya Para in Gram - Nawapara, Vikaskhand - Pali","Shed construction in Dhavaiya Para in Gram - Nawapara, Vikaskhand - Pali",,Jyotsna Charandas Mahant ,,KORBA,Completed,398411,2026-02-06T00:00:00.000Z,,,,,,,,,,,,Community Centers & Halls,Social Infrastructure
215481.0,6a932bb5cd94452437a1a446,Himachal Pradesh,Himachal Pradesh,SHIMLA,SHIMLA,SHIMLA(DEPUTY COMMISSIONER SHIMLA_IDA),SHIMLA(DEPUTY COMMISSIONER SHIMLA_IDA),Normal/Others,Normal/Others,300000.0,2026-01-25T00:00:00.000Z,2026.0,0.0,CONSTRUCTION OF   Community Bhawan at Vill Jabal GP Andhra Executive agency BDO Chhauhar,CONSTRUCTION OF   Community Bhawan at Vill Jabal GP Andhra Executive agency BDO Chhauhar,,Suresh Kumar Kashyap,,SHIMLA,Completed,300000,2026-01-25T00:00:00.000Z,,,,,,,,,,,,Community Centers & Halls,Social Infrastructure
152161.0,6a932bb5cd94452437a17b55,Chhattisgarh,Chhattisgarh,BILASPUR,BILASPUR,BILASPUR(DISTRICT COLLECTOR BILASPUR_IDA),BILASPUR(DISTRICT COLLECTOR BILASPUR_IDA),Normal/Others,Normal/Others,500000.0,2025-12-16T00:00:00.000Z,2025.0,0.0,Shed Nirman Govt.H.S.S. Banabel,Shed Nirman Govt.H.S.S. Banabel,,TOKHAN SAHU,,BILASPUR,Completed,500000,2025-12-16T00:00:00.000Z,,,,,,,,,,,,Community Centers & Halls,Social Infrastructure
152167.0,6a932bb5cd94452437a16b04,Chhattisgarh,Chhattisgarh,BILASPUR,BILASPUR,BILASPUR(DISTRICT COLLECTOR BILASPUR_IDA),BILASPUR(DISTRICT COLLECTOR BILASPUR_IDA),Normal/Others,Normal/Others,1000000.0,2025-05-27T00:00:00.000Z,2025.0,0.0,Sanskritik Bhawan Nirman Shitla Mandir ke Paas,Sanskritik Bhawan Nirman Shitla Mandir ke Paas,,TOKHAN SAHU,,BILASPUR,Completed,1000000,2025-05-27T00:00:00.000Z,,,,,,,,,,,,Community Centers & Halls,Social Infrastructure
216984.0,6a932bb5cd94452437a1b5ad,Himachal Pradesh,Himachal Pradesh,KANGRA,KANGRA,KANGRA(DEPUTY COMMISSIONER KANGRA_IDA),KANGRA(DEPUTY COMMISSIONER KANGRA_IDA),Normal/Others,Normal/Others,200000.0,2026-08-19T00:00:00.000Z,2026.0,0.0,UPGRADATION OF KISAAN BHAWAN,UPGRADATION OF KISAAN BHAWAN,,RAJEEV BHARDWAJ,,KANGRA,Completed,200000,2026-08-19T00:00:00.000Z,,,,,,,,,,,,Community Centers & Halls,Social Infrastructure
152910.0,6a932bb5cd94452437a17d39,Chhattisgarh,Chhattisgarh,RAIGARH,RAIGARH,RAIGARH(DISTRICT COLLECTOR RAIGARH_IDA),RAIGARH(DISTRICT COLLECTOR RAIGARH_IDA),Normal/Others,Normal/Others,192159.0,2026-01-19T00:00:00.000Z,2026.0,0.0,Construction of Chowk Stage,Construction of Chowk Stage,,RADHE SHYAM RATHIYA,,RAIGARH,Completed,192159,2026-01-19T00:00:00.000Z,,,,,,,,,,,,Community Centers & Halls,Social Infrastructure
159618.0,6a932bb5cd94452437a19207,Jammu And Kashmir,Jammu And Kashmir,UDHAMPUR,UDHAMPUR,KATHUA(DISTRICT DEVELOPMENT COMMISSIONER KATHUA_IDA),KATHUA(DISTRICT DEVELOPMENT COMMISSIONER KATHUA_IDA),Normal/Others,Normal/Others,154000.0,2025-07-21T00:00:00.000Z,2025.0,0.0,"Construction of cremation of shed  	Village Dhalli  and Bannu Chak  , pyt. Halqa Dhalli , Tehsil- Hiranagar, Dinga Amb, Kathua","Construction of cremation of shed  	Village Dhalli  and Bannu Chak  , pyt. Halqa Dhalli , Tehsil- Hiranagar, Dinga Amb, Kathua",,Jitendra Singh,,UDHAMPUR,Completed,154000,2025-07-21T00:00:00.000Z,,,,,,,,,,,,Community Centers & Halls,Social Infrastructure
159680.0,6a932bb5cd94452437a182c6,Jammu And Kashmir,Jammu And Kashmir,UDHAMPUR,UDHAMPUR,DODA(Deputy Commissioner Doda_IDA),DODA(Deputy Commissioner Doda_IDA),Normal/Others,Normal/Others,546000.0,2025-05-27T00:00:00.000Z,2025.0,0.0,"Construction of community hall including store along with chain link fencing and protection work 	At Ram Lila Ground ,  Pyt. Malhori 	Khellani, Doda","Construction of community hall including store along with chain link fencing and protection work 	At Ram Lila Ground ,  Pyt. Malhori 	Khellani, Doda",,Jitendra Singh,,UDHAMPUR,Completed,546000,2025-05-27T00:00:00.000Z,,,,,,,,,,,,Community Centers & Halls,Social Infrastructure
161330.0,6a932bb5cd94452437a1bd9c,Jammu And Kashmir,Jammu And Kashmir,JAMMU,JAMMU,JAMMU(DEPUTY COMMISSIONER JAMMU_IDA),JAMMU(DEPUTY COMMISSIONER JAMMU_IDA),Normal/Others,Normal/Others,305000.0,2026-01-24T00:00:00.000Z,2026.0,0.0,Construction of Waiting Shed and sitting steps at Cremation ground at village naougran Pyt. Naougran Block Bishnah,Construction of Waiting Shed and sitting steps at Cremation ground at village naougran Pyt. Naougran Block Bishnah,,Shri Jugal Kishore Sharma,,JAMMU,Completed,305000,2026-01-24T00:00:00.000Z,,,,,,,,,,,,Community Centers & Halls,Social Infrastructure
178496.0,6a932bb5cd94452437a1a053,Jammu And Kashmir,Jammu And Kashmir,JAMMU,JAMMU,JAMMU(DEPUTY COMMISSIONER JAMMU_IDA),JAMMU(DEPUTY COMMISSIONER JAMMU_IDA),Normal/Others,Normal/Others,522883.0,2025-09-09T00:00:00.000Z,2025.0,0.0,Construction of Balance work of Community Hall Shed near Radha Krishan Temple at ward No. 05 R.S Pura,Construction of Balance work of Community Hall Shed near Radha Krishan Temple at ward No. 05 R.S Pura,,Shri Jugal Kishore Sharma,,JAMMU,Completed,522883,2025-09-09T00:00:00.000Z,,,,,,,,,,,,Community Centers & Halls,Social Infrastructure
179068.0,6a932bb5cd94452437a1bdeb,Jammu And Kashmir,Jammu And Kashmir,UDHAMPUR,UDHAMPUR,KATHUA(DISTRICT DEVELOPMENT COMMISSIONER KATHUA_IDA),KATHUA(DISTRICT DEVELOPMENT COMMISSIONER KATHUA_IDA),Normal/Others,Normal/Others,180000.0,2025-12-15T00:00:00.000Z,2025.0,0.0,"Construction of cremation shed and boundary wall at Village- Darallan, Pyt. - Airwan, Tehsil -Nagri, Nagri, Kathua","Construction of cremation shed and boundary wall at Village- Darallan, Pyt. - Airwan, Tehsil -Nagri, Nagri, Kathua",,Jitendra Singh,,UDHAMPUR,Completed,180000,2025-12-15T00:00:00.000Z,,,,,,,,,,,,Community Centers & Halls,Social Infrastructure
161603.0,6a932bb5cd94452437a17577,Chhattisgarh,Chhattisgarh,SARGUJA,SARGUJA,SURAJPUR(DISTRICT COLLECTOR Surajpur_IDA),SURAJPUR(DISTRICT COLLECTOR Surajpur_IDA),Normal/Others,Normal/Others,499550.0,2026-08-04T00:00:00.000Z,2026.0,0.0,GRAM PANCHYAT KANDRAI YOGI MADA KE PAAS SAMUDAYIK BHAWAN,GRAM PANCHYAT KANDRAI YOGI MADA KE PAAS SAMUDAYIK BHAWAN,,CHINTAMANI MAHARAJ,,SARGUJA,Completed,499550,2026-08-04T00:00:00.000Z,,,,,,,,,,,,Community Centers & Halls,Social Infrastructure
193431.0,6a932bb5cd94452437a1ad93,Chhattisgarh,Chhattisgarh,DURG,DURG,DURG(DISTRICT COLLECTOR DURG_IDA),DURG(DISTRICT COLLECTOR DURG_IDA),Normal/Others,Normal/Others,498495.0,2026-02-04T00:00:00.000Z,2026.0,0.0,dome shed nirman,dome shed nirman,,Vijay Baghel,,DURG,Completed,498495,2026-02-04T00:00:00.000Z,,,,,,,,,,,,Community Centers & Halls,Social Infrastructure
141878.0,6a932bb5cd94452437a184c6,Jharkhand,Jharkhand,GIRIDIH,GIRIDIH,GIRIDIH(Deputy Commissioner Giridh_IDA),GIRIDIH(Deputy Commissioner Giridh_IDA),Normal/Others,Normal/Others,299894.0,2026-02-09T00:00:00.000Z,2026.0,0.0,Installation of high mask light near durga mandap in pathakhir,Installation of high mask light near durga mandap in pathakhir,,Shri Chandra Prakash Choudhary,,GIRIDIH,Completed,299894,2026-02-09T00:00:00.000Z,,,,,,,,,,,,Community Centers & Halls,Social Infrastructure
145826.0,6a932bb5cd94452437a16c1a,Jharkhand,Jharkhand,RANCHI,RANCHI,RANCHI(DEPUTY COMMISSIONER RANCHI_IDA),RANCHI(DEPUTY COMMISSIONER RANCHI_IDA),Normal/Others,Normal/Others,984400.0,2026-04-03T00:00:00.000Z,2026.0,0.0,"Construction of a Stage at Bhagwan Birsa Munda Adivasi Akhada (Palestra) under Sukurhuttu Panchayat Niche Toli, kanke Block.","Construction of a Stage at Bhagwan Birsa Munda Adivasi Akhada (Palestra) under Sukurhuttu Panchayat Niche Toli, kanke Block.",,Sanjay Seth ,,RANCHI,Completed,984400,2026-04-03T00:00:00.000Z,,,,,,,,,,,,Community Centers & Halls,Social Infrastructure
145838.0,6a932bb5cd94452437a16c1d,Jharkhand,Jharkhand,RANCHI,RANCHI,RANCHI(DEPUTY COMMISSIONER RANCHI_IDA),RANCHI(DEPUTY COMMISSIONER RANCHI_IDA),Normal/Others,Normal/Others,463600.0,2026-04-03T00:00:00.000Z,2026.0,0.0,"Construction of Dashkarma Shed at Village Paika under Paika Panchayat, Angara Block.","Construction of Dashkarma Shed at Village Paika under Paika Panchayat, Angara Block.",,Sanjay Seth ,,RANCHI,Completed,463600,2026-04-03T00:00:00.000Z,,,,,,,,,,,,Community Centers & Halls,Social Infrastructure
145842.0,6a932bb5cd94452437a16c1f,Jharkhand,Jharkhand,RANCHI,RANCHI,RANCHI(DEPUTY COMMISSIONER RANCHI_IDA),RANCHI(DEPUTY COMMISSIONER RANCHI_IDA),Normal/Others,Normal/Others,463600.0,2026-04-03T00:00:00.000Z,2026.0,0.0,"Construction of Dashkarma Shed at Getalsud, near Munda Toli under Getalsud Panchayat, Angara Block..","Construction of Dashkarma Shed at Getalsud, near Munda Toli under Getalsud Panchayat, Angara Block..",,Sanjay Seth ,,RANCHI,Completed,463600,2026-04-03T00:00:00.000Z,,,,,,,,,,,,Community Centers & Halls,Social Infrastructure
145969.0,6a932bb5cd94452437a16c25,Jharkhand,Jharkhand,RANCHI,RANCHI,RANCHI(DEPUTY COMMISSIONER RANCHI_IDA),RANCHI(DEPUTY COMMISSIONER RANCHI_IDA),Normal/Others,Normal/Others,984400.0,2026-04-03T00:00:00.000Z,2026.0,0.0,Construction of Platform and Shed at Chakla Sarna Toli under Ormanjhi Block.,Construction of Platform and Shed at Chakla Sarna Toli under Ormanjhi Block.,,Sanjay Seth ,,RANCHI,Completed,984400,2026-04-03T00:00:00.000Z,,,,,,,,,,,,Community Centers & Halls,Social Infrastructure
162505.0,6a932bb5cd94452437a18fc6,Bihar,Bihar,PURNEA,PURNEA,PURNIA(DISTRICT PLANNING OFFICER PURNIA_IDA),PURNIA(DISTRICT PLANNING OFFICER PURNIA_IDA),Normal/Others,Normal/Others,801197.0,2025-07-17T00:00:00.000Z,2025.0,0.0,"WARD NO.- 14, SHANTI BHAWAN SE SHAMBHU KE GHAR HOTE HUE NALA TAK P.C.C. SADAK NIRMAN KARY","WARD NO.- 14, SHANTI BHAWAN SE SHAMBHU KE GHAR HOTE HUE NALA TAK P.C.C. SADAK NIRMAN KARY",,RAJESH RANJAN ALIAS PAPPU YADAV,,PURNEA,Completed,801197,2025-07-17T00:00:00.000Z,,,,,,,,,,,,Community Centers & Halls,Social Infrastructure
179552.0,6a932bb5cd94452437a197d8,Jammu And Kashmir,Jammu And Kashmir,UDHAMPUR,UDHAMPUR,KATHUA(DISTRICT DEVELOPMENT COMMISSIONER KATHUA_IDA),KATHUA(DISTRICT DEVELOPMENT COMMISSIONER KATHUA_IDA),Normal/Others,Normal/Others,552900.0,2025-08-19T00:00:00.000Z,2025.0,0.0,"Construction of community hall and public shed near Kali Mata Mandir Killa, Lakhnapur, Ward No. 06, Keerian Gandyal, Kathua","Construction of community hall and public shed near Kali Mata Mandir Killa, Lakhnapur, Ward No. 06, Keerian Gandyal, Kathua",,Jitendra Singh,,UDHAMPUR,Completed,552900,2025-08-19T00:00:00.000Z,,,,,,,,,,,,Community Centers & Halls,Social Infrastructure
182165.0,6a932bb5cd94452437a1be61,Andhra Pradesh,Andhra Pradesh,KAKINADA,KAKINADA,Kakinada(DISTRICT COLLECTOR KAKINADA_IDA),Kakinada(DISTRICT COLLECTOR KAKINADA_IDA),Normal/Others,Normal/Others,820164.0,2025-12-16T00:00:00.000Z,2025.0,0.0,Construction of Community Hall at 14th ward,Construction of Community Hall at 14th ward,,TANGELLA UDAY SRINIVAS,,KAKINADA,Completed,820164,2025-12-16T00:00:00.000Z,,,,,,,,,,,,Community Centers & Halls,Social Infrastructure
163618.0,6a932bb5cd94452437a1881b,Bihar,Bihar,VALMIKI NAGAR,VALMIKI NAGAR,PASHCHIM CHAMPARAN(DISTRICT PLANNING OFFICER WEST CHAMPARANBETTIAH_IDA),PASHCHIM CHAMPARAN(DISTRICT PLANNING OFFICER WEST CHAMPARANBETTIAH_IDA),Normal/Others,Normal/Others,1371677.0,2026-08-24T00:00:00.000Z,2026.0,0.0,block   piprasi  mudadih panchayt ke vill  ghodhawa me 2 kmra vala samudayik broom with tolet,block   piprasi  mudadih panchayt ke vill  ghodhawa me 2 kmra vala samudayik broom with tolet,,Sunil Kumar ,,VALMIKI NAGAR,Completed,1371677,2026-08-24T00:00:00.000Z,,,,,,,,,,,,Community Centers & Halls,Social Infrastructure
193864.0,6a932bb5cd94452437a1e064,Jammu And Kashmir,Jammu And Kashmir,JAMMU,JAMMU,JAMMU(DEPUTY COMMISSIONER JAMMU_IDA),JAMMU(DEPUTY COMMISSIONER JAMMU_IDA),Normal/Others,Normal/Others,777000.0,2026-08-29T00:00:00.000Z,2026.0,0.0,Construction of Community Hall at Ward No 06 near Bawa Ballo Ji Dev Sathan village and Pyt Jagti,Construction of Community Hall at Ward No 06 near Bawa Ballo Ji Dev Sathan village and Pyt Jagti,,Shri Jugal Kishore Sharma,,JAMMU,Completed,777000,2026-08-29T00:00:00.000Z,,,,,,,,,,,,Community Centers & Halls,Social Infrastructure
147047.0,6a932bb5cd94452437a1cf31,Andhra Pradesh,Andhra Pradesh,RAJAMPET,RAJAMPET,Annamayya(DISTRICT COLLECTOR ANNAMAYYA_IDA),Annamayya(DISTRICT COLLECTOR ANNAMAYYA_IDA),Normal/Others,Normal/Others,1499728.0,2026-02-12T00:00:00.000Z,2026.0,0.0,Construction of Community Hall in Ramasamudram (V&G.P),Construction of Community Hall in Ramasamudram (V&G.P),,Midhun Reddy,,RAJAMPET,Completed,1499728,2026-02-12T00:00:00.000Z,,,,,,,,,,,,Community Centers & Halls,Social Infrastructure
222762.0,6a932bb5cd94452437a1dac6,Jammu And Kashmir,Jammu And Kashmir,JAMMU,JAMMU,RAJOURI(Deputy Commissioner Rajouri_IDA),RAJOURI(Deputy Commissioner Rajouri_IDA),Normal/Others,Normal/Others,622000.0,2026-03-20T00:00:00.000Z,2026.0,0.0,Construction of Community Hall at village Bakhar Ward No 01 Panchayat Bakhar Block Siot,Construction of Community Hall at village Bakhar Ward No 01 Panchayat Bakhar Block Siot,,Shri Jugal Kishore Sharma,,JAMMU,Completed,622000,2026-03-20T00:00:00.000Z,,,,,,,,,,,,Community Centers & Halls,Social Infrastructure
179258.0,6a932bb5cd94452437a1854f,Chhattisgarh,Chhattisgarh,KANKER,KANKER,DHAMTARI(DISTRICT COLLECTOR DHAMTARI_IDA),DHAMTARI(DISTRICT COLLECTOR DHAMTARI_IDA),Normal/Others,Normal/Others,999933.0,2026-04-16T00:00:00.000Z,2026.0,0.0,Construction of community centers (samudayik bhawan) nirmanniraimata mandir ke pas nirai,Construction of community centers (samudayik bhawan) nirmanniraimata mandir ke pas nirai,,BHOJRAJ NAG,,KANKER,Completed,999933,2026-04-16T00:00:00.000Z,,,,,,,,,,,,Community Centers & Halls,Social Infrastructure
237078.0,6a932bb5cd94452437a1cead,Jammu And Kashmir,Jammu And Kashmir,ANANTNAG,ANANTNAG,RAJOURI(Deputy Commissioner Rajouri_IDA),RAJOURI(Deputy Commissioner Rajouri_IDA),Normal/Others,Normal/Others,1600000.0,2026-02-08T00:00:00.000Z,2026.0,0.0,construction of community hall at village kothra,construction of community hall at village kothra,,MIAN ALTAF AHMAD,,ANANTNAG,Completed,1600000,2026-02-08T00:00:00.000Z,,,,,,,,,,,,Community Centers & Halls,Social Infrastructure
179358.0,6a932bb5cd94452437a18a31,Chhattisgarh,Chhattisgarh,KANKER,KANKER,BALOD(Collector Balod_IDA),BALOD(Collector Balod_IDA),Normal/Others,Normal/Others,693300.0,2026-02-27T00:00:00.000Z,2026.0,0.0,samudayik bhawan,samudayik bhawan,,BHOJRAJ NAG,,KANKER,Completed,693300,2026-02-27T00:00:00.000Z,,,,,,,,,,,,Community Centers & Halls,Social Infrastructure
179389.0,6a932bb5cd94452437a18ab6,Chhattisgarh,Chhattisgarh,KANKER,KANKER,BALOD(Collector Balod_IDA),BALOD(Collector Balod_IDA),Normal/Others,Normal/Others,700000.0,2025-12-12T00:00:00.000Z,2025.0,0.0,Construction of community center samudayik bhawan nirman,Construction of community center samudayik bhawan nirman,,BHOJRAJ NAG,,KANKER,Completed,700000,2025-12-12T00:00:00.000Z,,,,,,,,,,,,Community Centers & Halls,Social Infrastructure
180451.0,6a932bb5cd94452437a1854e,Chhattisgarh,Chhattisgarh,KANKER,KANKER,DHAMTARI(DISTRICT COLLECTOR DHAMTARI_IDA),DHAMTARI(DISTRICT COLLECTOR DHAMTARI_IDA),Normal/Others,Normal/Others,500000.0,2025-10-29T00:00:00.000Z,2025.0,0.0,common work sheds(tina shed)lader,common work sheds(tina shed)lader,,BHOJRAJ NAG,,KANKER,Completed,500000,2025-10-29T00:00:00.000Z,,,,,,,,,,,,Community Centers & Halls,Social Infrastructure
242796.0,6a932bb5cd94452437a1e0ea,Jammu And Kashmir,Jammu And Kashmir,JAMMU,JAMMU,JAMMU(DEPUTY COMMISSIONER JAMMU_IDA),JAMMU(DEPUTY COMMISSIONER JAMMU_IDA),Normal/Others,Normal/Others,278000.0,2026-04-18T00:00:00.000Z,2026.0,0.0,Construction of Cremation Shed at village Pangali Block Khour,Construction of Cremation Shed at village Pangali Block Khour,,Shri Jugal Kishore Sharma,,JAMMU,Completed,278000,2026-04-18T00:00:00.000Z,,,,,,,,,,,,Community Centers & Halls,Social Infrastructure
181637.0,6a932bb5cd94452437a1e03a,Chhattisgarh,Chhattisgarh,BILASPUR,BILASPUR,BILASPUR(DISTRICT COLLECTOR BILASPUR_IDA),BILASPUR(DISTRICT COLLECTOR BILASPUR_IDA),Normal/Others,Normal/Others,999061.0,2026-04-13T00:00:00.000Z,2026.0,0.0,Ward No.16 I Tulja Bhawani Samudayik Bhawan me Atirikt Kaksh Nirman Kary,Ward No.16 I Tulja Bhawani Samudayik Bhawan me Atirikt Kaksh Nirman Kary,,TOKHAN SAHU,,BILASPUR,Completed,999061,2026-04-13T00:00:00.000Z,,,,,,,,,,,,Community Centers & Halls,Social Infrastructure
181652.0,6a932bb5cd94452437a18773,Chhattisgarh,Chhattisgarh,BILASPUR,BILASPUR,BILASPUR(DISTRICT COLLECTOR BILASPUR_IDA),BILASPUR(DISTRICT COLLECTOR BILASPUR_IDA),Normal/Others,Normal/Others,500000.0,2026-02-25T00:00:00.000Z,2026.0,0.0,SAMUDAYIK BHAWAN NIRMAN BAJRANGBALI MANDIR KE PAAS DARRIGHAT,SAMUDAYIK BHAWAN NIRMAN BAJRANGBALI MANDIR KE PAAS DARRIGHAT,,TOKHAN SAHU,,BILASPUR,Completed,500000,2026-02-25T00:00:00.000Z,,,,,,,,,,,,Community Centers & Halls,Social Infrastructure
138687.0,6a932bb5cd94452437a175bb,Arunachal Pradesh,Arunachal Pradesh,ARUNACHAL EAST,ARUNACHAL EAST,"UPPER SIANG(DISTRICT PLANNING OFFICER,YINGKIONG)","UPPER SIANG(DISTRICT PLANNING OFFICER,YINGKIONG)",Normal/Others,Normal/Others,2000000.0,2025-03-17T00:00:00.000Z,2025.0,0.0,Development of land near Bitin Patuk Community Hall at Lower Dalbing in Upper Siang District,Development of land near Bitin Patuk Community Hall at Lower Dalbing in Upper Siang District,,Shri Tapir Gao,,ARUNACHAL EAST,Completed,2000000,2025-03-17T00:00:00.000Z,,,,,,,,,,,,Community Centers & Halls,Social Infrastructure
157308.0,6a932bb5cd94452437a1759c,Arunachal Pradesh,Arunachal Pradesh,ARUNACHAL EAST,ARUNACHAL EAST,LOWER SIANG(Deputy Commisioner Lower Siang_IDA),LOWER SIANG(Deputy Commisioner Lower Siang_IDA),Repair and Renovation,Repair and Renovation,1000000.0,2025-03-17T00:00:00.000Z,2025.0,0.0,Maintenance of Community Hall at Tabi Ripo in Lower Siang District,Maintenance of Community Hall at Tabi Ripo in Lower Siang District,,Shri Tapir Gao,,ARUNACHAL EAST,Completed,1000000,2025-03-17T00:00:00.000Z,,,,,,,,,,,,Community Centers & Halls,Social Infrastructure
200492.0,6a932bb5cd94452437a1a91c,Chhattisgarh,Chhattisgarh,KORBA,KORBA,Manendragarh-Chirmiri-Bharatpur(M C B)(Collector MCB_IDA),Manendragarh-Chirmiri-Bharatpur(M C B)(Collector MCB_IDA),Normal/Others,Normal/Others,300000.0,2026-02-25T00:00:00.000Z,2026.0,0.0,"Shed construction near Dhan Kharidi Kendra in Village Bardar, Khadgawan.","Shed construction near Dhan Kharidi Kendra in Village Bardar, Khadgawan.",,Jyotsna Charandas Mahant ,,KORBA,Completed,300000,2026-02-25T00:00:00.000Z,,,,,,,,,,,,Community Centers & Halls,Social Infrastructure
178962.0,6a932bb5cd94452437a17cb1,Jharkhand,Jharkhand,PALAMU,PALAMU,PALAMU(DEPUTY COMMISSIONER PALAMAU_IDA),PALAMU(DEPUTY COMMISSIONER PALAMAU_IDA),Normal/Others,Normal/Others,200000.0,2025-08-29T00:00:00.000Z,2025.0,0.0,Construction of cremation shed on the banks of Koel river in village Lalgarh,Construction of cremation shed on the banks of Koel river in village Lalgarh,,Vishnu Dayal Ram,,PALAMU,Completed,200000,2025-08-29T00:00:00.000Z,,,,,,,,,,,,Community Centers & Halls,Social Infrastructure
179915.0,6a932bb5cd94452437a1c615,Jharkhand,Jharkhand,KODARMA,KODARMA,KODERMA(DEPUTY COMMISSIONER KODARMA_IDA),KODERMA(DEPUTY COMMISSIONER KODARMA_IDA),Normal/Others,Normal/Others,400000.0,2026-04-03T00:00:00.000Z,2026.0,0.0,Construction of a shed near the new Shiv Mandir Uttar vahini located in village Satdiha of Panchayat Satdiha of Block Jaynagar,Construction of a shed near the new Shiv Mandir Uttar vahini located in village Satdiha of Panchayat Satdiha of Block Jaynagar,,Annpurna Devi ,,KODARMA,Completed,400000,2026-04-03T00:00:00.000Z,,,,,,,,,,,,Community Centers & Halls,Social Infrastructure
205673.0,6a932bb5cd94452437a1c224,Chhattisgarh,Chhattisgarh,KORBA,KORBA,Gaurela-Pendra-Marwahi(Collector GPM_IDA),Gaurela-Pendra-Marwahi(Collector GPM_IDA),Normal/Others,Normal/Others,250000.0,2026-02-28T00:00:00.000Z,2026.0,0.0,"Shed construction at Govt Rashan Dukan at Kotkharra, Marwahi","Shed construction at Govt Rashan Dukan at Kotkharra, Marwahi",,Jyotsna Charandas Mahant ,,KORBA,Completed,250000,2026-02-28T00:00:00.000Z,,,,,,,,,,,,Community Centers & Halls,Social Infrastructure
205675.0,6a932bb5cd94452437a1cb3e,Chhattisgarh,Chhattisgarh,KORBA,KORBA,Gaurela-Pendra-Marwahi(Collector GPM_IDA),Gaurela-Pendra-Marwahi(Collector GPM_IDA),Normal/Others,Normal/Others,249570.0,2026-02-28T00:00:00.000Z,2026.0,0.0,"Shed construction at Govt Rashan Dukan at Meduka Gram Panchayat, Marwahi","Shed construction at Govt Rashan Dukan at Meduka Gram Panchayat, Marwahi",,Jyotsna Charandas Mahant ,,KORBA,Completed,249570,2026-02-28T00:00:00.000Z,,,,,,,,,,,,Community Centers & Halls,Social Infrastructure
182128.0,6a932bb5cd94452437a1cb96,Jharkhand,Jharkhand,KODARMA,KODARMA,KODERMA(DEPUTY COMMISSIONER KODARMA_IDA),KODERMA(DEPUTY COMMISSIONER KODARMA_IDA),Normal/Others,Normal/Others,286822.0,2026-04-03T00:00:00.000Z,2026.0,0.0,Construction of shed near  mandap courtyard located in Panchayat Chopnadih of Block Markacho,Construction of shed near  mandap courtyard located in Panchayat Chopnadih of Block Markacho,,Annpurna Devi ,,KODARMA,Completed,286822,2026-04-03T00:00:00.000Z,,,,,,,,,,,,Community Centers & Halls,Social Infrastructure
205679.0,6a932bb5cd94452437a1cb3d,Chhattisgarh,Chhattisgarh,KORBA,KORBA,Gaurela-Pendra-Marwahi(Collector GPM_IDA),Gaurela-Pendra-Marwahi(Collector GPM_IDA),Normal/Others,Normal/Others,250000.0,2026-02-28T00:00:00.000Z,2026.0,0.0,Shed Construction,Shed Construction,,Jyotsna Charandas Mahant ,,KORBA,Completed,250000,2026-02-28T00:00:00.000Z,,,,,,,,,,,,Community Centers & Halls,Social Infrastructure
182155.0,6a932bb5cd94452437a1cb99,Jharkhand,Jharkhand,KODARMA,KODARMA,KODERMA(DEPUTY COMMISSIONER KODARMA_IDA),KODERMA(DEPUTY COMMISSIONER KODARMA_IDA),Normal/Others,Normal/Others,296232.0,2026-04-03T00:00:00.000Z,2026.0,0.0,Construction of shed near Bajrangbali temple located in village Narayahi of Panchayat Simaria of block Markacho,Construction of shed near Bajrangbali temple located in village Narayahi of Panchayat Simaria of block Markacho,,Annpurna Devi ,,KODARMA,Completed,296232,2026-04-03T00:00:00.000Z,,,,,,,,,,,,Community Centers & Halls,Social Infrastructure
206569.0,6a932bb5cd94452437a190e6,Chhattisgarh,Chhattisgarh,MAHASAMUND,MAHASAMUND,DHAMTARI(DISTRICT COLLECTOR DHAMTARI_IDA),DHAMTARI(DISTRICT COLLECTOR DHAMTARI_IDA),Normal/Others,Normal/Others,699727.0,2025-10-03T00:00:00.000Z,2025.0,0.0,SAHU BHAWAN KE PASS SAMUDAYIK WORK SHED NIRMAN KARYA,SAHU BHAWAN KE PASS SAMUDAYIK WORK SHED NIRMAN KARYA,,ROOP KUMARI CHOUDHARY,,MAHASAMUND,Completed,699727,2025-10-03T00:00:00.000Z,,,,,,,,,,,,Community Centers & Halls,Social Infrastructure
206571.0,6a932bb5cd94452437a190e3,Chhattisgarh,Chhattisgarh,MAHASAMUND,MAHASAMUND,DHAMTARI(DISTRICT COLLECTOR DHAMTARI_IDA),DHAMTARI(DISTRICT COLLECTOR DHAMTARI_IDA),Normal/Others,Normal/Others,500000.0,2026-07-15T00:00:00.000Z,2026.0,0.0,SAHU BHAWAN SE MANBODH GHAR KI OR PAKKI NALI NIRMAN KARYA,SAHU BHAWAN SE MANBODH GHAR KI OR PAKKI NALI NIRMAN KARYA,,ROOP KUMARI CHOUDHARY,,MAHASAMUND,Completed,500000,2026-07-15T00:00:00.000Z,,,,,,,,,,,,Community Centers & Halls,Social Infrastructure
206574.0,6a932bb5cd94452437a19684,Chhattisgarh,Chhattisgarh,MAHASAMUND,MAHASAMUND,DHAMTARI(DISTRICT COLLECTOR DHAMTARI_IDA),DHAMTARI(DISTRICT COLLECTOR DHAMTARI_IDA),Normal/Others,Normal/Others,999746.0,2025-10-03T00:00:00.000Z,2025.0,0.0,SATNAMI PARA KE PASS TINA SHED NIRMAN KARYA,SATNAMI PARA KE PASS TINA SHED NIRMAN KARYA,,ROOP KUMARI CHOUDHARY,,MAHASAMUND,Completed,999746,2025-10-03T00:00:00.000Z,,,,,,,,,,,,Community Centers & Halls,Social Infrastructure
217890.0,6a932bb5cd94452437a1c42d,Chhattisgarh,Chhattisgarh,DURG,DURG,DURG(DISTRICT COLLECTOR DURG_IDA),DURG(DISTRICT COLLECTOR DURG_IDA),Normal/Others,Normal/Others,299892.0,2026-01-19T00:00:00.000Z,2026.0,0.0,SHED NIRMAN,SHED NIRMAN,,Vijay Baghel,,DURG,Completed,299892,2026-01-19T00:00:00.000Z,,,,,,,,,,,,Community Centers & Halls,Social Infrastructure
221476.0,6a932bb5cd94452437a1a63d,Chhattisgarh,Chhattisgarh,JANJGIR CHAMPA,JANJGIR CHAMPA,JANJGIR-CHAMPA(DISTRICT COLLECTOR JANJGIR CHAMPA_IDA),JANJGIR-CHAMPA(DISTRICT COLLECTOR JANJGIR CHAMPA_IDA),Normal/Others,Normal/Others,1000000.0,2025-12-26T00:00:00.000Z,2025.0,0.0,GRAM-LAKHALI ME AHATA NIRMARAN (SAMUDAIK BHAWAN  KALI CHAUK ME ),GRAM-LAKHALI ME AHATA NIRMARAN (SAMUDAIK BHAWAN  KALI CHAUK ME ),,KAMLESH JANGDE,,JANJGIR CHAMPA,Completed,1000000,2025-12-26T00:00:00.000Z,,,,,,,,,,,,Community Centers & Halls,Social Infrastructure
221724.0,6a932bb5cd94452437a1ccc2,Chhattisgarh,Chhattisgarh,BASTAR,BASTAR,KONDAGAON(DISTRICT COLLECTOR KONDAGAON_IDA),KONDAGAON(DISTRICT COLLECTOR KONDAGAON_IDA),Normal/Others,Normal/Others,497860.0,2026-08-04T00:00:00.000Z,2026.0,0.0,gram guhaborand me budhakot ke samip shed nirman karya,gram guhaborand me budhakot ke samip shed nirman karya,,MAHESH KASHYAP,,BASTAR,Completed,497860,2026-08-04T00:00:00.000Z,,,,,,,,,,,,Community Centers & Halls,Social Infrastructure
231270.0,6a932bb5cd94452437a1d57f,Jharkhand,Jharkhand,KODARMA,KODARMA,KODERMA(DEPUTY COMMISSIONER KODARMA_IDA),KODERMA(DEPUTY COMMISSIONER KODARMA_IDA),Normal/Others,Normal/Others,299908.0,2026-04-05T00:00:00.000Z,2026.0,0.0,Construction of platform shed in Aadwar playground located in Pipradih village of Pipradih Panchayat under Chandwara block.,Construction of platform shed in Aadwar playground located in Pipradih village of Pipradih Panchayat under Chandwara block.,,Annpurna Devi ,,KODARMA,Completed,299908,2026-04-05T00:00:00.000Z,,,,,,,,,,,,Community Centers & Halls,Social Infrastructure
169390.0,6a932bb5cd94452437a19e86,Bihar,Bihar,PURVI CHAMPARAN,PURVI CHAMPARAN,PURBI CHAMPARAN(DISTRICT PLANNING OFFICER MOTHIHARI EAST CHAMPARAN_IDA),PURBI CHAMPARAN(DISTRICT PLANNING OFFICER MOTHIHARI EAST CHAMPARAN_IDA),Normal/Others,Normal/Others,1494221.0,2025-09-13T00:00:00.000Z,2025.0,0.0,MOTIHARI NAGAR NIGAM KE CHARKHA PARK KE PICHHE SAMUDAYIK BHAWAN KE PASS SABHAGAR KA NIRMAN KARYA.,MOTIHARI NAGAR NIGAM KE CHARKHA PARK KE PICHHE SAMUDAYIK BHAWAN KE PASS SABHAGAR KA NIRMAN KARYA.,,Radha Mohan Singh,,PURVI CHAMPARAN,Completed,1494221,2025-09-13T00:00:00.000Z,,,,,,,,,,,,Community Centers & Halls,Social Infrastructure
210564.0,6a932bb5cd94452437a1a502,Chhattisgarh,Chhattisgarh,JANJGIR CHAMPA,JANJGIR CHAMPA,SAKTI(COLLECTOR SAKTI_IDA),SAKTI(COLLECTOR SAKTI_IDA),Normal/Others,Normal/Others,200000.0,2026-02-02T00:00:00.000Z,2026.0,0.0,BORADA ME BOR KHANAN AVM MOTAR PUMP PRATISTHAPANA KARYA (URANV MOHALLA MANGAL BHAWAN KE PASS),BORADA ME BOR KHANAN AVM MOTAR PUMP PRATISTHAPANA KARYA (URANV MOHALLA MANGAL BHAWAN KE PASS),,KAMLESH JANGDE,,JANJGIR CHAMPA,Completed,200000,2026-02-02T00:00:00.000Z,,,,,,,,,,,,Community Centers & Halls,Social Infrastructure
201882.0,6a932bb5cd94452437a1a560,Jharkhand,Jharkhand,GIRIDIH,GIRIDIH,DHANBAD(DEPUTY COMMISSIONER DHANBAD_IDA),DHANBAD(DEPUTY COMMISSIONER DHANBAD_IDA),Normal/Others,Normal/Others,300000.0,2026-04-07T00:00:00.000Z,2026.0,0.0,construction of shed near bajrangbali mandir pathakdih of brahamandiha panchayat of topchanchi block.,construction of shed near bajrangbali mandir pathakdih of brahamandiha panchayat of topchanchi block.,,Shri Chandra Prakash Choudhary,,GIRIDIH,Completed,300000,2026-04-07T00:00:00.000Z,,,,,,,,,,,,Community Centers & Halls,Social Infrastructure
202769.0,6a932bb5cd94452437a1a1b3,Jharkhand,Jharkhand,GIRIDIH,GIRIDIH,DHANBAD(DEPUTY COMMISSIONER DHANBAD_IDA),DHANBAD(DEPUTY COMMISSIONER DHANBAD_IDA),Normal/Others,Normal/Others,640000.0,2026-04-09T00:00:00.000Z,2026.0,0.0,"Installation of a mask light in muraidih panchayat near shiv mandir, jaherthan, samudayik bhavan, kali mandir chowk.","Installation of a mask light in muraidih panchayat near shiv mandir, jaherthan, samudayik bhavan, kali mandir chowk.",,Shri Chandra Prakash Choudhary,,GIRIDIH,Completed,640000,2026-04-09T00:00:00.000Z,,,,,,,,,,,,Community Centers & Halls,Social Infrastructure
211550.0,6a932bb5cd94452437a1b457,Chhattisgarh,Chhattisgarh,KORBA,KORBA,KOREA(Collector Korea_IDA),KOREA(Collector Korea_IDA),Normal/Others,Normal/Others,491556.0,2026-05-05T00:00:00.000Z,2026.0,0.0,"Shed Construction near TejBali House, Shivaji Ward.","Shed Construction near TejBali House, Shivaji Ward.",,Jyotsna Charandas Mahant ,,KORBA,Completed,491556,2026-05-05T00:00:00.000Z,,,,,,,,,,,,Community Centers & Halls,Social Infrastructure
208437.0,6a932bb5cd94452437a19d2d,Jharkhand,Jharkhand,DHANBAD,DHANBAD,DHANBAD(DEPUTY COMMISSIONER DHANBAD_IDA),DHANBAD(DEPUTY COMMISSIONER DHANBAD_IDA),Normal/Others,Normal/Others,350000.0,2025-11-13T00:00:00.000Z,2025.0,0.0,Construction of shed near Ranjit modi house in Shivlibadi Middle Panchayat,Construction of shed near Ranjit modi house in Shivlibadi Middle Panchayat,,DULU MAHATO,,DHANBAD,Completed,350000,2025-11-13T00:00:00.000Z,,,,,,,,,,,,Community Centers & Halls,Social Infrastructure
213002.0,6a932bb5cd94452437a19d04,Chhattisgarh,Chhattisgarh,MAHASAMUND,MAHASAMUND,DHAMTARI(DISTRICT COLLECTOR DHAMTARI_IDA),DHAMTARI(DISTRICT COLLECTOR DHAMTARI_IDA),Normal/Others,Normal/Others,994683.0,2026-03-18T00:00:00.000Z,2026.0,0.0,ABADI PARA ME TINA SHED NIRMAN KARYA,ABADI PARA ME TINA SHED NIRMAN KARYA,,ROOP KUMARI CHOUDHARY,,MAHASAMUND,Completed,994683,2026-03-18T00:00:00.000Z,,,,,,,,,,,,Community Centers & Halls,Social Infrastructure
210850.0,6a932bb5cd94452437a1a05e,Jharkhand,Jharkhand,PALAMU,PALAMU,PALAMU(DEPUTY COMMISSIONER PALAMAU_IDA),PALAMU(DEPUTY COMMISSIONER PALAMAU_IDA),Normal/Others,Normal/Others,499717.0,2026-07-24T00:00:00.000Z,2026.0,0.0,Construction of community building in village Tandwa,Construction of community building in village Tandwa,,Vishnu Dayal Ram,,PALAMU,Completed,499717,2026-07-24T00:00:00.000Z,,,,,,,,,,,,Community Centers & Halls,Social Infrastructure
212468.0,6a932bb5cd94452437a19b44,Jharkhand,Jharkhand,JAMSHEDPUR,JAMSHEDPUR,EAST SINGHBUM(DEPUTY COMMISSIONER EAST SINGHBUM_IDA),EAST SINGHBUM(DEPUTY COMMISSIONER EAST SINGHBUM_IDA),Normal/Others,Normal/Others,570500.0,2025-09-18T00:00:00.000Z,2025.0,0.0,Construction of shed in Panchayat Kashmar village under Patmada block.,Construction of shed in Panchayat Kashmar village under Patmada block.,,Bidyut Baran Mahato,,JAMSHEDPUR,Completed,570500,2025-09-18T00:00:00.000Z,,,,,,,,,,,,Community Centers & Halls,Social Infrastructure
163130.0,6a932bb5cd94452437a1d609,Andhra Pradesh,Andhra Pradesh,SRIKAKULAM,SRIKAKULAM,SRIKAKULAM(District Collector Srikakulam_IDA),SRIKAKULAM(District Collector Srikakulam_IDA),Normal/Others,Normal/Others,699159.0,2026-04-13T00:00:00.000Z,2026.0,0.0,"Construction of community hall at Chinabadam, Ward 7 of Palasa  Kasibugga Municipality","Construction of community hall at Chinabadam, Ward 7 of Palasa  Kasibugga Municipality",,Kinjarapu Ram Mohan Naidu,,SRIKAKULAM,Completed,699159,2026-04-13T00:00:00.000Z,,,,,,,,,,,,Community Centers & Halls,Social Infrastructure
225997.0,6a932bb5cd94452437a1aca4,Arunachal Pradesh,Arunachal Pradesh,ARUNACHAL WEST,ARUNACHAL WEST,UPPER SUBANSIRI(Deputy Commisioner Upper Subansiri_IDA),UPPER SUBANSIRI(Deputy Commisioner Upper Subansiri_IDA),Normal/Others,Normal/Others,500000.0,2025-10-13T00:00:00.000Z,2025.0,0.0,Construction of Community Toilet Agi Nirin Village,Construction of Community Toilet Agi Nirin Village,,Kiren Rijiju,,ARUNACHAL WEST,Completed,500000,2025-10-13T00:00:00.000Z,,,,,,,,,,,,Community Centers & Halls,Social Infrastructure
133301.0,6a932bb5cd94452437a16f2e,Karnataka,Karnataka,DHARWAD,DHARWAD,DHARWAD(DEPUTY COMMISSIONER DHARWAR_IDA),DHARWAD(DEPUTY COMMISSIONER DHARWAR_IDA),Normal/Others,Normal/Others,398009.0,2025-02-03T00:00:00.000Z,2025.0,0.0,"Construction of Cultural Bhavan at Kundagol TQ, Chickgungal Village ST Colony, Pry No.202","Construction of Cultural Bhavan at Kundagol TQ, Chickgungal Village ST Colony, Pry No.202",,Pralhad Venkatesh Joshi,,DHARWAD,Completed,398009,2025-02-03T00:00:00.000Z,,,,,,,,,,,,Community Centers & Halls,Social Infrastructure
133304.0,6a932bb5cd94452437a1a5ad,Karnataka,Karnataka,DHARWAD,DHARWAD,DHARWAD(DEPUTY COMMISSIONER DHARWAR_IDA),DHARWAD(DEPUTY COMMISSIONER DHARWAR_IDA),Normal/Others,Normal/Others,396154.0,2025-09-25T00:00:00.000Z,2025.0,0.0,Construction of Community Hall at Shibargatti Village Near Hanamanth Temple Pry No 96,Construction of Community Hall at Shibargatti Village Near Hanamanth Temple Pry No 96,,Pralhad Venkatesh Joshi,,DHARWAD,Completed,396154,2025-09-25T00:00:00.000Z,,,,,,,,,,,,Community Centers & Halls,Social Infrastructure
133307.0,6a932bb5cd94452437a19431,Karnataka,Karnataka,DHARWAD,DHARWAD,DHARWAD(DEPUTY COMMISSIONER DHARWAR_IDA),DHARWAD(DEPUTY COMMISSIONER DHARWAR_IDA),Normal/Others,Normal/Others,398955.0,2025-07-29T00:00:00.000Z,2025.0,0.0,Construction of Community Hall at Tadakod Village Near Vittal Temple Pry No 319,Construction of Community Hall at Tadakod Village Near Vittal Temple Pry No 319,,Pralhad Venkatesh Joshi,,DHARWAD,Completed,398955,2025-07-29T00:00:00.000Z,,,,,,,,,,,,Community Centers & Halls,Social Infrastructure
133309.0,6a932bb5cd94452437a1b162,Karnataka,Karnataka,DHARWAD,DHARWAD,DHARWAD(DEPUTY COMMISSIONER DHARWAR_IDA),DHARWAD(DEPUTY COMMISSIONER DHARWAR_IDA),Normal/Others,Normal/Others,495031.0,2025-10-28T00:00:00.000Z,2025.0,0.0,Construction of Community Hall at Nigadi Village Near Kalmeshwar Temple Pry No 101 Continued work,Construction of Community Hall at Nigadi Village Near Kalmeshwar Temple Pry No 101 Continued work,,Pralhad Venkatesh Joshi,,DHARWAD,Completed,495031,2025-10-28T00:00:00.000Z,,,,,,,,,,,,Community Centers & Halls,Social Infrastructure
133312.0,6a932bb5cd94452437a16586,Karnataka,Karnataka,DHARWAD,DHARWAD,DHARWAD(DEPUTY COMMISSIONER DHARWAR_IDA),DHARWAD(DEPUTY COMMISSIONER DHARWAR_IDA),Normal/Others,Normal/Others,498091.0,2025-06-09T00:00:00.000Z,2025.0,0.0,Construction of Community Hall at Ayahatti Village Near Beereshwar Temple Pry No 34,Construction of Community Hall at Ayahatti Village Near Beereshwar Temple Pry No 34,,Pralhad Venkatesh Joshi,,DHARWAD,Completed,498091,2025-06-09T00:00:00.000Z,,,,,,,,,,,,Community Centers & Halls,Social Infrastructure
144765.0,6a932bb5cd94452437a18418,Karnataka,Karnataka,DHARWAD,DHARWAD,DHARWAD(DEPUTY COMMISSIONER DHARWAR_IDA),DHARWAD(DEPUTY COMMISSIONER DHARWAR_IDA),Normal/Others,Normal/Others,495320.0,2025-05-31T00:00:00.000Z,2025.0,0.0,Construction of Community Bhavan at Dharwad TQ Kyarkoppa village Pry No 48 near Kalmeshwar Temple Countinue work,Construction of Community Bhavan at Dharwad TQ Kyarkoppa village Pry No 48 near Kalmeshwar Temple Countinue work,,Pralhad Venkatesh Joshi,,DHARWAD,Completed,495320,2025-05-31T00:00:00.000Z,,,,,,,,,,,,Community Centers & Halls,Social Infrastructure
145739.0,6a932bb5cd94452437a17b68,Karnataka,Karnataka,BANGALORE RURAL,BANGALORE RURAL,Bengaluru South(DEPUTY COMMISSIONER RAMANAGARA_IDA),Bengaluru South(DEPUTY COMMISSIONER RAMANAGARA_IDA),Normal/Others,Normal/Others,1000000.0,2026-03-26T00:00:00.000Z,2026.0,0.0,"Construction of community centers and community halls at Byragi Colony, Bannikuppe Grama Panchayath, Bidadi Hobli, Ramanagara Taluk & District, Karnataka.","Construction of community centers and community halls at Byragi Colony, Bannikuppe Grama Panchayath, Bidadi Hobli, Ramanagara Taluk & District, Karnataka.",,DR C N MANJUNATH,,BANGALORE RURAL,Completed,1000000,2026-03-26T00:00:00.000Z,,,,,,,,,,,,Community Centers & Halls,Social Infrastructure
229052.0,6a932bb5cd94452437a1acee,Chhattisgarh,Chhattisgarh,KORBA,KORBA,Gaurela-Pendra-Marwahi(Collector GPM_IDA),Gaurela-Pendra-Marwahi(Collector GPM_IDA),Normal/Others,Normal/Others,299078.0,2025-12-11T00:00:00.000Z,2025.0,0.0,Manch with shed construction.,Manch with shed construction.,,Jyotsna Charandas Mahant ,,KORBA,Completed,299078,2025-12-11T00:00:00.000Z,,,,,,,,,,,,Community Centers & Halls,Social Infrastructure
148093.0,6a932bb5cd94452437a17571,Karnataka,Karnataka,BANGALORE RURAL,BANGALORE RURAL,Bengaluru South(DEPUTY COMMISSIONER RAMANAGARA_IDA),Bengaluru South(DEPUTY COMMISSIONER RAMANAGARA_IDA),Normal/Others,Normal/Others,500000.0,2026-02-02T00:00:00.000Z,2026.0,0.0,"Construction of community center at Bilagumba Village, Near Jalasiddeshwara Temple, Ramanagara Taluk And District, Karnataka State.","Construction of community center at Bilagumba Village, Near Jalasiddeshwara Temple, Ramanagara Taluk And District, Karnataka State.",,DR C N MANJUNATH,,BANGALORE RURAL,Completed,500000,2026-02-02T00:00:00.000Z,,,,,,,,,,,,Community Centers & Halls,Social Infrastructure
231649.0,6a932bb5cd94452437a1b5bc,Chhattisgarh,Chhattisgarh,KORBA,KORBA,Gaurela-Pendra-Marwahi(Collector GPM_IDA),Gaurela-Pendra-Marwahi(Collector GPM_IDA),Normal/Others,Normal/Others,350000.0,2025-12-26T00:00:00.000Z,2025.0,0.0,"Samudayik Manch construction at Village Panchayat - Tendumuda, Near Siriyatola","Samudayik Manch construction at Village Panchayat - Tendumuda, Near Siriyatola",,Jyotsna Charandas Mahant ,,KORBA,Completed,350000,2025-12-26T00:00:00.000Z,,,,,,,,,,,,Community Centers & Halls,Social Infrastructure
243877.0,6a932bb5cd94452437a1e1e0,Jharkhand,Jharkhand,CHATRA,CHATRA,PALAMU(DEPUTY COMMISSIONER PALAMAU_IDA),PALAMU(DEPUTY COMMISSIONER PALAMAU_IDA),Normal/Others,Normal/Others,249840.0,2026-08-22T00:00:00.000Z,2026.0,0.0,"construction of Smshan Shed in phulwaria, village-Phulwaria, Panchait-Sakaldeepa, Panki","construction of Smshan Shed in phulwaria, village-Phulwaria, Panchait-Sakaldeepa, Panki",,KALI CHARAN SINGH,,CHATRA,Completed,249840,2026-08-22T00:00:00.000Z,,,,,,,,,,,,Community Centers & Halls,Social Infrastructure
243911.0,6a932bb5cd94452437a1e1de,Jharkhand,Jharkhand,CHATRA,CHATRA,PALAMU(DEPUTY COMMISSIONER PALAMAU_IDA),PALAMU(DEPUTY COMMISSIONER PALAMAU_IDA),Normal/Others,Normal/Others,249840.0,2026-08-22T00:00:00.000Z,2026.0,0.0,"construction of Smshan Shed in village- Aseahar, Panchait-Aseahar, Block-panki","construction of Smshan Shed in village- Aseahar, Panchait-Aseahar, Block-panki",,KALI CHARAN SINGH,,CHATRA,Completed,249840,2026-08-22T00:00:00.000Z,,,,,,,,,,,,Community Centers & Halls,Social Infrastructure
244562.0,6a932bb5cd94452437a1dade,Jharkhand,Jharkhand,CHATRA,CHATRA,PALAMU(DEPUTY COMMISSIONER PALAMAU_IDA),PALAMU(DEPUTY COMMISSIONER PALAMAU_IDA),Normal/Others,Normal/Others,249840.0,2026-07-27T00:00:00.000Z,2026.0,0.0,"construction of Smashan Shed on the bank of Sukharo Nadi vill-Selari, panchait-Selari, Block-Rarhasi","construction of Smashan Shed on the bank of Sukharo Nadi vill-Selari, panchait-Selari, Block-Rarhasi",,KALI CHARAN SINGH,,CHATRA,Completed,249840,2026-07-27T00:00:00.000Z,,,,,,,,,,,,Community Centers & Halls,Social Infrastructure
244573.0,6a932bb5cd94452437a1dae0,Jharkhand,Jharkhand,CHATRA,CHATRA,PALAMU(DEPUTY COMMISSIONER PALAMAU_IDA),PALAMU(DEPUTY COMMISSIONER PALAMAU_IDA),Normal/Others,Normal/Others,249840.0,2026-07-27T00:00:00.000Z,2026.0,0.0,"constuction of Smshan Shed on the Bank of Amanat Nadi vill-Tarhasi, Panchait-Tarhasi, Block-Tarhasi","constuction of Smshan Shed on the Bank of Amanat Nadi vill-Tarhasi, Panchait-Tarhasi, Block-Tarhasi",,KALI CHARAN SINGH,,CHATRA,Completed,249840,2026-07-27T00:00:00.000Z,,,,,,,,,,,,Community Centers & Halls,Social Infrastructure
244581.0,6a932bb5cd94452437a1dae3,Jharkhand,Jharkhand,CHATRA,CHATRA,PALAMU(DEPUTY COMMISSIONER PALAMAU_IDA),PALAMU(DEPUTY COMMISSIONER PALAMAU_IDA),Normal/Others,Normal/Others,249840.0,2026-08-22T00:00:00.000Z,2026.0,0.0,"construction of Smashan Shed near Pul of Amanat Nadi vill-Bishunpur, Panchait-Udaypura-1, Block-Tarhasi","construction of Smashan Shed near Pul of Amanat Nadi vill-Bishunpur, Panchait-Udaypura-1, Block-Tarhasi",,KALI CHARAN SINGH,,CHATRA,Completed,249840,2026-08-22T00:00:00.000Z,,,,,,,,,,,,Community Centers & Halls,Social Infrastructure
245709.0,6a932bb5cd94452437a1e1a3,Jharkhand,Jharkhand,CHATRA,CHATRA,LATEHAR(Deputy Commissioner latehar_IDA),LATEHAR(Deputy Commissioner latehar_IDA),Normal/Others,Normal/Others,150394.0,2026-04-23T00:00:00.000Z,2026.0,0.0,"construction of Viwah Mandap vill-Sidra, Panchait-Champa, Block-Mahuadanr","construction of Viwah Mandap vill-Sidra, Panchait-Champa, Block-Mahuadanr",,KALI CHARAN SINGH,,CHATRA,Completed,150394,2026-04-23T00:00:00.000Z,,,,,,,,,,,,Community Centers & Halls,Social Infrastructure
245948.0,6a932bb5cd94452437a1e1b1,Jharkhand,Jharkhand,CHATRA,CHATRA,LATEHAR(Deputy Commissioner latehar_IDA),LATEHAR(Deputy Commissioner latehar_IDA),Normal/Others,Normal/Others,247576.0,2026-04-23T00:00:00.000Z,2026.0,0.0,"construction of Smshan Shed in Muktidham near hairaiya Railway Crosing vill-Alaudia, Panchait-Alaudia, Block-Chandwa","construction of Smshan Shed in Muktidham near hairaiya Railway Crosing vill-Alaudia, Panchait-Alaudia, Block-Chandwa",,KALI CHARAN SINGH,,CHATRA,Completed,247576,2026-04-23T00:00:00.000Z,,,,,,,,,,,,Community Centers & Halls,Social Infrastructure
253442.0,6a932bb5cd94452437a1e51d,Jharkhand,Jharkhand,CHATRA,CHATRA,PALAMU(DEPUTY COMMISSIONER PALAMAU_IDA),PALAMU(DEPUTY COMMISSIONER PALAMAU_IDA),Normal/Others,Normal/Others,250000.0,2026-08-22T00:00:00.000Z,2026.0,0.0,"construction of Dashgatra shed in Purana Mangal Bazar vill-manatu, Panchait-Manjholi, Block-Manatu","construction of Dashgatra shed in Purana Mangal Bazar vill-manatu, Panchait-Manjholi, Block-Manatu",,KALI CHARAN SINGH,,CHATRA,Completed,250000,2026-08-22T00:00:00.000Z,,,,,,,,,,,,Community Centers & Halls,Social Infrastructure
156004.0,6a932bb5cd94452437a18ae7,Karnataka,Karnataka,BAGALKOT,BAGALKOT,BAGALKOTE(DEPUTY COMMISSIONER BAGALKOT_IDA),BAGALKOTE(DEPUTY COMMISSIONER BAGALKOT_IDA),Normal/Others,Normal/Others,500000.0,2025-10-06T00:00:00.000Z,2025.0,0.0,"Construction of Community Hall in HANAGANDI Village, Property No.I","Construction of Community Hall in HANAGANDI Village, Property No.I",,Parvatagouda Chandanagouda Gaddigoudar,,BAGALKOT,Completed,500000,2025-10-06T00:00:00.000Z,,,,,,,,,,,,Community Centers & Halls,Social Infrastructure
156169.0,6a932bb5cd94452437a187d9,Karnataka,Karnataka,BAGALKOT,BAGALKOT,BAGALKOTE(DEPUTY COMMISSIONER BAGALKOT_IDA),BAGALKOTE(DEPUTY COMMISSIONER BAGALKOT_IDA),Normal/Others,Normal/Others,499771.0,2025-10-06T00:00:00.000Z,2025.0,0.0,"Construction of Community Hall in GADDANAKERI Village, Property No.727/D/1","Construction of Community Hall in GADDANAKERI Village, Property No.727/D/1",,Parvatagouda Chandanagouda Gaddigoudar,,BAGALKOT,Completed,499771,2025-10-06T00:00:00.000Z,,,,,,,,,,,,Community Centers & Halls,Social Infrastructure
156171.0,6a932bb5cd94452437a179b4,Karnataka,Karnataka,BAGALKOT,BAGALKOT,BAGALKOTE(DEPUTY COMMISSIONER BAGALKOT_IDA),BAGALKOTE(DEPUTY COMMISSIONER BAGALKOT_IDA),Normal/Others,Normal/Others,499498.0,2025-04-07T00:00:00.000Z,2025.0,0.0,"Construction of Community Hall in SIDDAPUR Village, Property No.197/1","Construction of Community Hall in SIDDAPUR Village, Property No.197/1",,Parvatagouda Chandanagouda Gaddigoudar,,BAGALKOT,Completed,499498,2025-04-07T00:00:00.000Z,,,,,,,,,,,,Community Centers & Halls,Social Infrastructure
156173.0,6a932bb5cd94452437a1bac3,Karnataka,Karnataka,BAGALKOT,BAGALKOT,BAGALKOTE(DEPUTY COMMISSIONER BAGALKOT_IDA),BAGALKOTE(DEPUTY COMMISSIONER BAGALKOT_IDA),Normal/Others,Normal/Others,498694.0,2025-12-06T00:00:00.000Z,2025.0,0.0,"Construction of Community Hall in NEERABUDIHAL Village, Property No.390","Construction of Community Hall in NEERABUDIHAL Village, Property No.390",,Parvatagouda Chandanagouda Gaddigoudar,,BAGALKOT,Completed,498694,2025-12-06T00:00:00.000Z,,,,,,,,,,,,Community Centers & Halls,Social Infrastructure
156175.0,6a932bb5cd94452437a171f4,Karnataka,Karnataka,BAGALKOT,BAGALKOT,BAGALKOTE(DEPUTY COMMISSIONER BAGALKOT_IDA),BAGALKOTE(DEPUTY COMMISSIONER BAGALKOT_IDA),Normal/Others,Normal/Others,497947.0,2025-02-20T00:00:00.000Z,2025.0,0.0,"Construction of Community Hall in MURANAL RC Village, Property No.POW-01","Construction of Community Hall in MURANAL RC Village, Property No.POW-01",,Parvatagouda Chandanagouda Gaddigoudar,,BAGALKOT,Completed,497947,2025-02-20T00:00:00.000Z,,,,,,,,,,,,Community Centers & Halls,Social Infrastructure
156180.0,6a932bb5cd94452437a19e39,Karnataka,Karnataka,BAGALKOT,BAGALKOT,BAGALKOTE(DEPUTY COMMISSIONER BAGALKOT_IDA),BAGALKOTE(DEPUTY COMMISSIONER BAGALKOT_IDA),Normal/Others,Normal/Others,499587.0,2025-09-03T00:00:00.000Z,2025.0,0.0,"Construction of Community Hall in JALIHAL Village, Property No.831","Construction of Community Hall in JALIHAL Village, Property No.831",,Parvatagouda Chandanagouda Gaddigoudar,,BAGALKOT,Completed,499587,2025-09-03T00:00:00.000Z,,,,,,,,,,,,Community Centers & Halls,Social Infrastructure
226014.0,6a932bb5cd94452437a1b464,Arunachal Pradesh,Arunachal Pradesh,ARUNACHAL EAST,ARUNACHAL EAST,LOHIT(DEPUTY COMMISSIONER LOHIT_IDA),LOHIT(DEPUTY COMMISSIONER LOHIT_IDA),Normal/Others,Normal/Others,1499867.0,2025-11-19T00:00:00.000Z,2025.0,0.0,Construction of Cultural Hall at Dree Ground at Tezu in Lohit District,Construction of Cultural Hall at Dree Ground at Tezu in Lohit District,,Shri Tapir Gao,,ARUNACHAL EAST,Completed,1499867,2025-11-19T00:00:00.000Z,,,,,,,,,,,,Community Centers & Halls,Social Infrastructure
156185.0,6a932bb5cd94452437a1a61b,Karnataka,Karnataka,BAGALKOT,BAGALKOT,BAGALKOTE(DEPUTY COMMISSIONER BAGALKOT_IDA),BAGALKOTE(DEPUTY COMMISSIONER BAGALKOT_IDA),Normal/Others,Normal/Others,497704.0,2025-09-26T00:00:00.000Z,2025.0,0.0,"Construction of Community Hall in BN JALIHAL Village, Property No.440/A","Construction of Community Hall in BN JALIHAL Village, Property No.440/A",,Parvatagouda Chandanagouda Gaddigoudar,,BAGALKOT,Completed,497704,2025-09-26T00:00:00.000Z,,,,,,,,,,,,Community Centers & Halls,Social Infrastructure
156187.0,6a932bb5cd94452437a1b31a,Karnataka,Karnataka,BAGALKOT,BAGALKOT,BAGALKOTE(DEPUTY COMMISSIONER BAGALKOT_IDA),BAGALKOTE(DEPUTY COMMISSIONER BAGALKOT_IDA),Normal/Others,Normal/Others,500000.0,2025-11-06T00:00:00.000Z,2025.0,0.0,"Construction of Community Hall in SHIROL Village, Property No.23","Construction of Community Hall in SHIROL Village, Property No.23",,Parvatagouda Chandanagouda Gaddigoudar,,BAGALKOT,Completed,500000,2025-11-06T00:00:00.000Z,,,,,,,,,,,,Community Centers & Halls,Social Infrastructure
156403.0,6a932bb5cd94452437a18d62,Karnataka,Karnataka,BAGALKOT,BAGALKOT,BAGALKOTE(DEPUTY COMMISSIONER BAGALKOT_IDA),BAGALKOTE(DEPUTY COMMISSIONER BAGALKOT_IDA),Normal/Others,Normal/Others,499860.0,2025-10-06T00:00:00.000Z,2025.0,0.0,"Construction of Community Hall in HIRE- BADAWADAGI Village, Property No.137/1","Construction of Community Hall in HIRE- BADAWADAGI Village, Property No.137/1",,Parvatagouda Chandanagouda Gaddigoudar,,BAGALKOT,Completed,499860,2025-10-06T00:00:00.000Z,,,,,,,,,,,,Community Centers & Halls,Social Infrastructure
156406.0,6a932bb5cd94452437a1b0cc,Karnataka,Karnataka,BAGALKOT,BAGALKOT,BAGALKOTE(DEPUTY COMMISSIONER BAGALKOT_IDA),BAGALKOTE(DEPUTY COMMISSIONER BAGALKOT_IDA),Normal/Others,Normal/Others,499820.0,2025-10-27T00:00:00.000Z,2025.0,0.0,"Construction of Community Hall in BUDNI Village, Property No.192","Construction of Community Hall in BUDNI Village, Property No.192",,Parvatagouda Chandanagouda Gaddigoudar,,BAGALKOT,Completed,499820,2025-10-27T00:00:00.000Z,,,,,,,,,,,,Community Centers & Halls,Social Infrastructure
156408.0,6a932bb5cd94452437a1d5b0,Karnataka,Karnataka,BAGALKOT,BAGALKOT,BAGALKOTE(DEPUTY COMMISSIONER BAGALKOT_IDA),BAGALKOTE(DEPUTY COMMISSIONER BAGALKOT_IDA),Normal/Others,Normal/Others,498622.0,2026-03-02T00:00:00.000Z,2026.0,0.0,"Construction of Community Hall in TAKKALAKI RC Village, Property No.84","Construction of Community Hall in TAKKALAKI RC Village, Property No.84",,Parvatagouda Chandanagouda Gaddigoudar,,BAGALKOT,Completed,498622,2026-03-02T00:00:00.000Z,,,,,,,,,,,,Community Centers & Halls,Social Infrastructure
159494.0,6a932bb5cd94452437a199d7,Karnataka,Karnataka,SHIMOGA,SHIMOGA,SHIVAMOGGA(DEPUTY COMMISSIONER SHIMOGA_IDA),SHIVAMOGGA(DEPUTY COMMISSIONER SHIMOGA_IDA),Repair and Renovation,Repair and Renovation,336000.0,2026-01-16T00:00:00.000Z,2026.0,0.0,Ongoing Work of Valmiki Community Hall (ST),Ongoing Work of Valmiki Community Hall (ST),,Shri B Y Raghavendra ,,SHIMOGA,Completed,336000,2026-01-16T00:00:00.000Z,,,,,,,,,,,,Community Centers & Halls,Social Infrastructure
160206.0,6a932bb5cd94452437a19a50,Karnataka,Karnataka,KOPPAL,KOPPAL,KOPPAL(DEPUTY COMMISSIONER KOPPAL_IDA),KOPPAL(DEPUTY COMMISSIONER KOPPAL_IDA),Normal/Others,Normal/Others,296331.0,2026-01-14T00:00:00.000Z,2026.0,0.0,Construction of Community hall at Marali village of Gangavathi assembely constituency under koppal parliamentary constituency.,Construction of Community hall at Marali village of Gangavathi assembely constituency under koppal parliamentary constituency.,,K. RAJASHEKAR BASAVARAJ HITNAL,,KOPPAL,Completed,296331,2026-01-14T00:00:00.000Z,,,,,,,,,,,,Community Centers & Halls,Social Infrastructure
244723.0,6a932bb5cd94452437a1c0a5,Chhattisgarh,Chhattisgarh,RAIGARH,RAIGARH,Sarangarh-Bilaigarh(Collector SB_IDA),Sarangarh-Bilaigarh(Collector SB_IDA),Normal/Others,Normal/Others,100000.0,2026-04-17T00:00:00.000Z,2026.0,0.0,construction of stage,construction of stage,,RADHE SHYAM RATHIYA,,RAIGARH,Completed,100000,2026-04-17T00:00:00.000Z,,,,,,,,,,,,Community Centers & Halls,Social Infrastructure
246691.0,6a932bb5cd94452437a1d06c,Chhattisgarh,Chhattisgarh,JANJGIR CHAMPA,JANJGIR CHAMPA,Balodabazar-Bhatapara(Collector Baloda Bazar_IDA),Balodabazar-Bhatapara(Collector Baloda Bazar_IDA),Normal/Others,Normal/Others,500000.0,2026-07-28T00:00:00.000Z,2026.0,0.0,AHATA NIRMAN (SAHU MOHALLA KE SAMUDAIK BHAWAN ME ),AHATA NIRMAN (SAHU MOHALLA KE SAMUDAIK BHAWAN ME ),,KAMLESH JANGDE,,JANJGIR CHAMPA,Completed,500000,2026-07-28T00:00:00.000Z,,,,,,,,,,,,Community Centers & Halls,Social Infrastructure
161476.0,6a932bb5cd94452437a191e4,Karnataka,Karnataka,BANGALORE RURAL,BANGALORE RURAL,Bengaluru South(DEPUTY COMMISSIONER RAMANAGARA_IDA),Bengaluru South(DEPUTY COMMISSIONER RAMANAGARA_IDA),Normal/Others,Normal/Others,500000.0,2025-10-09T00:00:00.000Z,2025.0,0.0,"Construction of community centers and community halls at Vaderahalli, Harisandra Grama panchayath, Ramanagara Taluk & District, Karnataka State.","Construction of community centers and community halls at Vaderahalli, Harisandra Grama panchayath, Ramanagara Taluk & District, Karnataka State.",,DR C N MANJUNATH,,BANGALORE RURAL,Completed,500000,2025-10-09T00:00:00.000Z,,,,,,,,,,,,Community Centers & Halls,Social Infrastructure
161746.0,6a932bb5cd94452437a1a06f,Karnataka,Karnataka,SHIMOGA,SHIMOGA,SHIVAMOGGA(DEPUTY COMMISSIONER SHIMOGA_IDA),SHIVAMOGGA(DEPUTY COMMISSIONER SHIMOGA_IDA),Normal/Others,Normal/Others,1000000.0,2026-03-04T00:00:00.000Z,2026.0,0.0,Ongoing work of Bhagirath Uppara Public Community Hall at  Marashettihalli Village,Ongoing work of Bhagirath Uppara Public Community Hall at  Marashettihalli Village,,Shri B Y Raghavendra ,,SHIMOGA,Completed,1000000,2026-03-04T00:00:00.000Z,,,,,,,,,,,,Community Centers & Halls,Social Infrastructure
162265.0,6a932bb5cd94452437a16be7,Karnataka,Karnataka,DHARWAD,DHARWAD,HAVERI(DEPUTY COMMISSIONER HAVERI_IDA),HAVERI(DEPUTY COMMISSIONER HAVERI_IDA),Normal/Others,Normal/Others,495745.0,2025-09-17T00:00:00.000Z,2025.0,0.0,Culture Bhavan Plinth work at Shiggaon TQ Panigatti Village near Shri Gramdevi Temple Pry No 115 & 116,Culture Bhavan Plinth work at Shiggaon TQ Panigatti Village near Shri Gramdevi Temple Pry No 115 & 116,,Pralhad Venkatesh Joshi,,DHARWAD,Completed,495745,2025-09-17T00:00:00.000Z,,,,,,,,,,,,Community Centers & Halls,Social Infrastructure
163420.0,6a932bb5cd94452437a1d594,Karnataka,Karnataka,DHARWAD,DHARWAD,DHARWAD(DEPUTY COMMISSIONER DHARWAR_IDA),DHARWAD(DEPUTY COMMISSIONER DHARWAR_IDA),Trust and Society,Trust and Society,896943.0,2026-03-01T00:00:00.000Z,2026.0,0.0,"CONTINUE WORK OF CONSTRUCTION OF COMMUNITY BHAVAN OF DHARWAD ZILLA SAVITA SAMAJ (R) AT ARAVIND NAGAR, HUBLI CITY  WARD NO 55","CONTINUE WORK OF CONSTRUCTION OF COMMUNITY BHAVAN OF DHARWAD ZILLA SAVITA SAMAJ (R) AT ARAVIND NAGAR, HUBLI CITY  WARD NO 55",,Pralhad Venkatesh Joshi,,DHARWAD,Completed,896943,2026-03-01T00:00:00.000Z,,,,,,,,,,,,Community Centers & Halls,Social Infrastructure
246857.0,6a932bb5cd94452437a1c47e,Chhattisgarh,Chhattisgarh,KORBA,KORBA,KORBA(Collector-Korba),KORBA(Collector-Korba),Normal/Others,Normal/Others,299735.0,2026-08-11T00:00:00.000Z,2026.0,0.0,Shed at Muktidham in Binjhapara in Gram Panchayat - Baksahi,Shed at Muktidham in Binjhapara in Gram Panchayat - Baksahi,,Jyotsna Charandas Mahant ,,KORBA,Completed,299735,2026-08-11T00:00:00.000Z,,,,,,,,,,,,Community Centers & Halls,Social Infrastructure
164059.0,6a932bb5cd94452437a18c49,Karnataka,Karnataka,MYSORE,MYSORE,MYSURU(DEPUTY COMMISSIONER MYSORE_IDA),MYSURU(DEPUTY COMMISSIONER MYSORE_IDA),Normal/Others,Normal/Others,500000.0,2025-09-19T00:00:00.000Z,2025.0,0.0,"Kalamma Community hall, Kalkunike Circle, Hunsur Town.(Vishwakarma Community hall)","Kalamma Community hall, Kalkunike Circle, Hunsur Town.(Vishwakarma Community hall)",,YADUVEER KRISHNADATTA CHAMARAJA WADIYAR,,MYSORE,Completed,500000,2025-09-19T00:00:00.000Z,,,,,,,,,,,,Community Centers & Halls,Social Infrastructure
164171.0,6a932bb5cd94452437a1be53,Karnataka,Karnataka,BAGALKOT,BAGALKOT,BAGALKOTE(DEPUTY COMMISSIONER BAGALKOT_IDA),BAGALKOTE(DEPUTY COMMISSIONER BAGALKOT_IDA),Trust and Society,Trust and Society,499916.0,2025-12-16T00:00:00.000Z,2025.0,0.0,Construction of Community Hall in JAMAKHANDI town Property No.4785-A-27 (Dr.Radhakrishna Kshemabivrudhdhi Sangh (R) Jamkhandi),Construction of Community Hall in JAMAKHANDI town Property No.4785-A-27 (Dr.Radhakrishna Kshemabivrudhdhi Sangh (R) Jamkhandi),,Parvatagouda Chandanagouda Gaddigoudar,,BAGALKOT,Completed,499916,2025-12-16T00:00:00.000Z,,,,,,,,,,,,Community Centers & Halls,Social Infrastructure
164173.0,6a932bb5cd94452437a19265,Karnataka,Karnataka,BAGALKOT,BAGALKOT,BAGALKOTE(DEPUTY COMMISSIONER BAGALKOT_IDA),BAGALKOTE(DEPUTY COMMISSIONER BAGALKOT_IDA),Trust and Society,Trust and Society,497506.0,2025-07-22T00:00:00.000Z,2025.0,0.0,"Construction of Community Hall in SHIRUR Village, Property No.642-1 (Hemaraddi Mallamma Vikas Samsthe (R), Shirur)","Construction of Community Hall in SHIRUR Village, Property No.642-1 (Hemaraddi Mallamma Vikas Samsthe (R), Shirur)",,Parvatagouda Chandanagouda Gaddigoudar,,BAGALKOT,Completed,497506,2025-07-22T00:00:00.000Z,,,,,,,,,,,,Community Centers & Halls,Social Infrastructure
164409.0,6a932bb5cd94452437a1b192,Karnataka,Karnataka,MYSORE,MYSORE,MYSURU(DEPUTY COMMISSIONER MYSORE_IDA),MYSURU(DEPUTY COMMISSIONER MYSORE_IDA),Normal/Others,Normal/Others,200000.0,2026-02-18T00:00:00.000Z,2026.0,0.0,"Construction of Basaveshwara community hall, Kogilavadi village.","Construction of Basaveshwara community hall, Kogilavadi village.",,YADUVEER KRISHNADATTA CHAMARAJA WADIYAR,,MYSORE,Completed,200000,2026-02-18T00:00:00.000Z,,,,,,,,,,,,Community Centers & Halls,Social Infrastructure
174600.0,6a932bb5cd94452437a1c1b1,Bihar,Bihar,KARAKAT,KARAKAT,AURANGABAD(DISTRICT PLANNING OFFICER AURANGABAD_IDA),AURANGABAD(DISTRICT PLANNING OFFICER AURANGABAD_IDA),Normal/Others,Normal/Others,393075.0,2026-01-14T00:00:00.000Z,2026.0,0.0,Bigan Rajwara ke ghar se Samudayik Bhawan hote hue naala ki or nala nirman,Bigan Rajwara ke ghar se Samudayik Bhawan hote hue naala ki or nala nirman,,RAJA RAM SINGH,,KARAKAT,Completed,393075,2026-01-14T00:00:00.000Z,,,,,,,,,,,,Community Centers & Halls,Social Infrastructure
176167.0,6a932bb5cd94452437a19f6e,Bihar,Bihar,KARAKAT,KARAKAT,ROHTAS(District Planning Officer Rohtas_IDA),ROHTAS(District Planning Officer Rohtas_IDA),Normal/Others,Normal/Others,717919.0,2026-03-11T00:00:00.000Z,2026.0,0.0,"Narayan Singh ke ghar ke pass samudayik bhavan. Khata - 230, plot - 203","Narayan Singh ke ghar ke pass samudayik bhavan. Khata - 230, plot - 203",,RAJA RAM SINGH,,KARAKAT,Completed,717919,2026-03-11T00:00:00.000Z,,,,,,,,,,,,Community Centers & Halls,Social Infrastructure
176170.0,6a932bb5cd94452437a1c79e,Bihar,Bihar,KARAKAT,KARAKAT,ROHTAS(District Planning Officer Rohtas_IDA),ROHTAS(District Planning Officer Rohtas_IDA),Normal/Others,Normal/Others,488328.0,2026-04-08T00:00:00.000Z,2026.0,0.0,"Bhadkudia men Pustkalaya bhavan ka nirman, khata - 164, plot- 1108","Bhadkudia men Pustkalaya bhavan ka nirman, khata - 164, plot- 1108",,RAJA RAM SINGH,,KARAKAT,Completed,488328,2026-04-08T00:00:00.000Z,,,,,,,,,,,,Community Centers & Halls,Social Infrastructure
166163.0,6a932bb5cd94452437a1a8b3,Karnataka,Karnataka,UDUPI CHIKMAGALUR,UDUPI CHIKMAGALUR,CHIKKAMAGALURU(DEPUTY COMMISSIONER CHIKMAGALUR),CHIKKAMAGALURU(DEPUTY COMMISSIONER CHIKMAGALUR),Normal/Others,Normal/Others,500000.0,2026-08-19T00:00:00.000Z,2026.0,0.0,"Chikmagalur District, Kadur Taluk, Nagenahalli Grama panchayath, construction work of Huwadigar community hall of Agrahara village.","Chikmagalur District, Kadur Taluk, Nagenahalli Grama panchayath, construction work of Huwadigar community hall of Agrahara village.",,KOTA SRINIVAS POOJARY,,UDUPI CHIKMAGALUR,Completed,500000,2026-08-19T00:00:00.000Z,,,,,,,,,,,,Community Centers & Halls,Social Infrastructure
166184.0,6a932bb5cd94452437a1c3a9,Karnataka,Karnataka,UDUPI CHIKMAGALUR,UDUPI CHIKMAGALUR,CHIKKAMAGALURU(DEPUTY COMMISSIONER CHIKMAGALUR),CHIKKAMAGALURU(DEPUTY COMMISSIONER CHIKMAGALUR),Repair and Renovation,Repair and Renovation,500000.0,2026-01-02T00:00:00.000Z,2026.0,0.0,"Chikkamagaluru District, Chikkamagaluru Nagar Sabha area, Construction work of Suvarna Mahotsava building on the first floor of Lions Bhawan, Madhuvana badavane.","Chikkamagaluru District, Chikkamagaluru Nagar Sabha area, Construction work of Suvarna Mahotsava building on the first floor of Lions Bhawan, Madhuvana badavane.",,KOTA SRINIVAS POOJARY,,UDUPI CHIKMAGALUR,Completed,500000,2026-01-02T00:00:00.000Z,,,,,,,,,,,,Community Centers & Halls,Social Infrastructure
271501.0,6a932bb5cd94452437a1dc58,Chhattisgarh,Chhattisgarh,RAJNANDGAON,RAJNANDGAON,RAJNANDGAON(DISTRICT COLLECTOR RAJNANDGAON_IDA),RAJNANDGAON(DISTRICT COLLECTOR RAJNANDGAON_IDA),Normal/Others,Normal/Others,300000.0,2026-07-17T00:00:00.000Z,2026.0,0.0,Tin Shed Nirman(kumbhkar para ke samudayik bhavan ke pas),Tin Shed Nirman(kumbhkar para ke samudayik bhavan ke pas),,Santosh Pandey,,RAJNANDGAON,Completed,300000,2026-07-17T00:00:00.000Z,,,,,,,,,,,,Community Centers & Halls,Social Infrastructure
167584.0,6a932bb5cd94452437a1c67f,Karnataka,Karnataka,BANGALORE RURAL,BANGALORE RURAL,Bengaluru South(DEPUTY COMMISSIONER RAMANAGARA_IDA),Bengaluru South(DEPUTY COMMISSIONER RAMANAGARA_IDA),Normal/Others,Normal/Others,500000.0,2026-04-29T00:00:00.000Z,2026.0,0.0,"Purchase of non-conventional energy system and devices for community use - Installation of Solur Street Lights at Bommachanahalli Colony, Sugganahalli Grama Panchayath, Ramanagara Taluk and District, Karnataka State.","Purchase of non-conventional energy system and devices for community use - Installation of Solur Street Lights at Bommachanahalli Colony, Sugganahalli Grama Panchayath, Ramanagara Taluk and District, Karnataka State.",,DR C N MANJUNATH,,BANGALORE RURAL,Completed,500000,2026-04-29T00:00:00.000Z,,,,,,,,,,,,Community Centers & Halls,Social Infrastructure
167939.0,6a932bb5cd94452437a1bc3b,Karnataka,Karnataka,DHARWAD,DHARWAD,DHARWAD(DEPUTY COMMISSIONER DHARWAR_IDA),DHARWAD(DEPUTY COMMISSIONER DHARWAR_IDA),Normal/Others,Normal/Others,494831.0,2025-12-09T00:00:00.000Z,2025.0,0.0,Construction of Community Bhavan at Dharwad Taluk Dubbanamardi Village Valmiki Colony Pry No 91 ST Continue work,Construction of Community Bhavan at Dharwad Taluk Dubbanamardi Village Valmiki Colony Pry No 91 ST Continue work,,Pralhad Venkatesh Joshi,,DHARWAD,Completed,494831,2025-12-09T00:00:00.000Z,,,,,,,,,,,,Community Centers & Halls,Social Infrastructure
169752.0,6a932bb5cd94452437a1a088,Karnataka,Karnataka,BANGALORE RURAL,BANGALORE RURAL,Bengaluru South(DEPUTY COMMISSIONER RAMANAGARA_IDA),Bengaluru South(DEPUTY COMMISSIONER RAMANAGARA_IDA),Normal/Others,Normal/Others,299975.0,2025-11-14T00:00:00.000Z,2025.0,0.0,"Construction of community hall at Lingegowdanadoddi (Hagalahalli) Sugganahalli Grama Panchayath, Ramanagara Taluk and District, Karnataka State.","Construction of community hall at Lingegowdanadoddi (Hagalahalli) Sugganahalli Grama Panchayath, Ramanagara Taluk and District, Karnataka State.",,DR C N MANJUNATH,,BANGALORE RURAL,Completed,299975,2025-11-14T00:00:00.000Z,,,,,,,,,,,,Community Centers & Halls,Social Infrastructure
171169.0,6a932bb5cd94452437a193fb,Karnataka,Karnataka,BAGALKOT,BAGALKOT,BAGALKOTE(DEPUTY COMMISSIONER BAGALKOT_IDA),BAGALKOTE(DEPUTY COMMISSIONER BAGALKOT_IDA),Normal/Others,Normal/Others,500000.0,2025-07-28T00:00:00.000Z,2025.0,0.0,Construction of Community Hall in MALLAPUR PL Village Property No.224-2,Construction of Community Hall in MALLAPUR PL Village Property No.224-2,,Parvatagouda Chandanagouda Gaddigoudar,,BAGALKOT,Completed,500000,2025-07-28T00:00:00.000Z,,,,,,,,,,,,Community Centers & Halls,Social Infrastructure
171181.0,6a932bb5cd94452437a18bac,Karnataka,Karnataka,BAGALKOT,BAGALKOT,BAGALKOTE(DEPUTY COMMISSIONER BAGALKOT_IDA),BAGALKOTE(DEPUTY COMMISSIONER BAGALKOT_IDA),Normal/Others,Normal/Others,500000.0,2025-10-06T00:00:00.000Z,2025.0,0.0,Construction of Community Hall in RUGI Village Property No.363,Construction of Community Hall in RUGI Village Property No.363,,Parvatagouda Chandanagouda Gaddigoudar,,BAGALKOT,Completed,500000,2025-10-06T00:00:00.000Z,,,,,,,,,,,,Community Centers & Halls,Social Infrastructure
171183.0,6a932bb5cd94452437a19e35,Karnataka,Karnataka,BAGALKOT,BAGALKOT,BAGALKOTE(DEPUTY COMMISSIONER BAGALKOT_IDA),BAGALKOTE(DEPUTY COMMISSIONER BAGALKOT_IDA),Normal/Others,Normal/Others,499974.0,2025-09-01T00:00:00.000Z,2025.0,0.0,Construction of Community Hall in BHANTANUR Village Property No.435-2,Construction of Community Hall in BHANTANUR Village Property No.435-2,,Parvatagouda Chandanagouda Gaddigoudar,,BAGALKOT,Completed,499974,2025-09-01T00:00:00.000Z,,,,,,,,,,,,Community Centers & Halls,Social Infrastructure
171203.0,6a932bb5cd94452437a1a658,Karnataka,Karnataka,BAGALKOT,BAGALKOT,BAGALKOTE(DEPUTY COMMISSIONER BAGALKOT_IDA),BAGALKOTE(DEPUTY COMMISSIONER BAGALKOT_IDA),Normal/Others,Normal/Others,499010.0,2025-09-26T00:00:00.000Z,2025.0,0.0,Construction of Community Hall in MALLAPUR SL Village Property No.206,Construction of Community Hall in MALLAPUR SL Village Property No.206,,Parvatagouda Chandanagouda Gaddigoudar,,BAGALKOT,Completed,499010,2025-09-26T00:00:00.000Z,,,,,,,,,,,,Community Centers & Halls,Social Infrastructure
171205.0,6a932bb5cd94452437a1a1a8,Karnataka,Karnataka,BAGALKOT,BAGALKOT,BAGALKOTE(DEPUTY COMMISSIONER BAGALKOT_IDA),BAGALKOTE(DEPUTY COMMISSIONER BAGALKOT_IDA),Normal/Others,Normal/Others,500000.0,2025-09-15T00:00:00.000Z,2025.0,0.0,Construction of Community Hall in GALAGALI Village Property No.1280,Construction of Community Hall in GALAGALI Village Property No.1280,,Parvatagouda Chandanagouda Gaddigoudar,,BAGALKOT,Completed,500000,2025-09-15T00:00:00.000Z,,,,,,,,,,,,Community Centers & Halls,Social Infrastructure
171215.0,6a932bb5cd94452437a18ee9,Karnataka,Karnataka,BAGALKOT,BAGALKOT,BAGALKOTE(DEPUTY COMMISSIONER BAGALKOT_IDA),BAGALKOTE(DEPUTY COMMISSIONER BAGALKOT_IDA),Normal/Others,Normal/Others,499293.0,2025-07-16T00:00:00.000Z,2025.0,0.0,Construction of Community Hall in SIDDAPUR Village Property No.57,Construction of Community Hall in SIDDAPUR Village Property No.57,,Parvatagouda Chandanagouda Gaddigoudar,,BAGALKOT,Completed,499293,2025-07-16T00:00:00.000Z,,,,,,,,,,,,Community Centers & Halls,Social Infrastructure
171226.0,6a932bb5cd94452437a1b310,Karnataka,Karnataka,BAGALKOT,BAGALKOT,BAGALKOTE(DEPUTY COMMISSIONER BAGALKOT_IDA),BAGALKOTE(DEPUTY COMMISSIONER BAGALKOT_IDA),Normal/Others,Normal/Others,499954.0,2025-11-06T00:00:00.000Z,2025.0,0.0,"Construction of Community Hall in ASANGI Village, Property No.159-B (SC)","Construction of Community Hall in ASANGI Village, Property No.159-B (SC)",,Parvatagouda Chandanagouda Gaddigoudar,,BAGALKOT,Completed,499954,2025-11-06T00:00:00.000Z,,,,,,,,,,,,Community Centers & Halls,Social Infrastructure
171644.0,6a932bb5cd94452437a194ee,Karnataka,Karnataka,BAGALKOT,BAGALKOT,BAGALKOTE(DEPUTY COMMISSIONER BAGALKOT_IDA),BAGALKOTE(DEPUTY COMMISSIONER BAGALKOT_IDA),Trust and Society,Trust and Society,500000.0,2025-08-01T00:00:00.000Z,2025.0,0.0,Construction of Community Hall in ZUNJARAKOPPA Village Property No.119-6 (Shri.Bhavasar Kshatriya Samaj Kshemabhivruddi Samiti Mudhol),Construction of Community Hall in ZUNJARAKOPPA Village Property No.119-6 (Shri.Bhavasar Kshatriya Samaj Kshemabhivruddi Samiti Mudhol),,Parvatagouda Chandanagouda Gaddigoudar,,BAGALKOT,Completed,500000,2025-08-01T00:00:00.000Z,,,,,,,,,,,,Community Centers & Halls,Social Infrastructure
226062.0,6a932bb5cd94452437a1c2b1,Arunachal Pradesh,Arunachal Pradesh,ARUNACHAL WEST,ARUNACHAL WEST,"WEST SIANG(DEPUTY COMMISSIONER, WEST SIANG (IDA))","WEST SIANG(DEPUTY COMMISSIONER, WEST SIANG (IDA))",Normal/Others,Normal/Others,500000.0,2026-02-02T00:00:00.000Z,2026.0,0.0,Construction of community Toilet at Yomcha village,Construction of community Toilet at Yomcha village,,Kiren Rijiju,,ARUNACHAL WEST,Completed,500000,2026-02-02T00:00:00.000Z,,,,,,,,,,,,Community Centers & Halls,Social Infrastructure
173239.0,6a932bb5cd94452437a193d2,Karnataka,Karnataka,BAGALKOT,BAGALKOT,BAGALKOTE(DEPUTY COMMISSIONER BAGALKOT_IDA),BAGALKOTE(DEPUTY COMMISSIONER BAGALKOT_IDA),Trust and Society,Trust and Society,499874.0,2025-07-28T00:00:00.000Z,2025.0,0.0,"Construction of Community Hall in KHAJJIDONI Village Property No.32-2 (Shri.Shankaracharya Va-Shantanand Mathad Samiti (R), Khajjidoni)","Construction of Community Hall in KHAJJIDONI Village Property No.32-2 (Shri.Shankaracharya Va-Shantanand Mathad Samiti (R), Khajjidoni)",,Parvatagouda Chandanagouda Gaddigoudar,,BAGALKOT,Completed,499874,2025-07-28T00:00:00.000Z,,,,,,,,,,,,Community Centers & Halls,Social Infrastructure
177098.0,6a932bb5cd94452437a1c44f,Bihar,Bihar,ARRAH,ARRAH,BHOJPUR(DISTRICT PLANNING OFFICER BHOJPUR ARRAH_IDA),BHOJPUR(DISTRICT PLANNING OFFICER BHOJPUR ARRAH_IDA),Normal/Others,Normal/Others,538072.0,2026-01-05T00:00:00.000Z,2026.0,0.0,"Construction of a community building in Dom Toli near Nawada police station, Ward-41.","Construction of a community building in Dom Toli near Nawada police station, Ward-41.",,SUDAMA PRASAD,,ARRAH,Completed,538072,2026-01-05T00:00:00.000Z,,,,,,,,,,,,Community Centers & Halls,Social Infrastructure
175183.0,6a932bb5cd94452437a18f75,Karnataka,Karnataka,KOPPAL,KOPPAL,KOPPAL(DEPUTY COMMISSIONER KOPPAL_IDA),KOPPAL(DEPUTY COMMISSIONER KOPPAL_IDA),Normal/Others,Normal/Others,298967.0,2025-09-11T00:00:00.000Z,2025.0,0.0,Construction of community hall (Guddada mallayya Samudhaya Bhavana) at timmapur village of karatagi taluk of koppal parliamentary constituency.,Construction of community hall (Guddada mallayya Samudhaya Bhavana) at timmapur village of karatagi taluk of koppal parliamentary constituency.,,K. RAJASHEKAR BASAVARAJ HITNAL,,KOPPAL,Completed,298967,2025-09-11T00:00:00.000Z,,,,,,,,,,,,Community Centers & Halls,Social Infrastructure
176576.0,6a932bb5cd94452437a1ab0a,Karnataka,Karnataka,DAVANAGERE,DAVANAGERE,Davanagere(DEPUTY COMMISSIONER DAUANAGERE_IDA),Davanagere(DEPUTY COMMISSIONER DAUANAGERE_IDA),Normal/Others,Normal/Others,500000.0,2026-07-22T00:00:00.000Z,2026.0,0.0,continuation work of Beeralingeshwara samudaya bhavan in kotemalluru village,continuation work of Beeralingeshwara samudaya bhavan in kotemalluru village,,DR. PRABHA MALLIKARJUN,,DAVANAGERE,Completed,500000,2026-07-22T00:00:00.000Z,,,,,,,,,,,,Community Centers & Halls,Social Infrastructure
178576.0,6a932bb5cd94452437a18785,Karnataka,Karnataka,BAGALKOT,BAGALKOT,GADAG(Deputy Commsioner Gadag_ida),GADAG(Deputy Commsioner Gadag_ida),Trust and Society,Trust and Society,500000.0,2025-10-06T00:00:00.000Z,2025.0,0.0,"Construction of Community Hall in MALLAPUR Village, Property No.948 (Shri. Siddharudha Vividoddesh Trust Commiti Mallapur)","Construction of Community Hall in MALLAPUR Village, Property No.948 (Shri. Siddharudha Vividoddesh Trust Commiti Mallapur)",,Parvatagouda Chandanagouda Gaddigoudar,,BAGALKOT,Completed,500000,2025-10-06T00:00:00.000Z,,,,,,,,,,,,Community Centers & Halls,Social Infrastructure
178899.0,6a932bb5cd94452437a1c70b,Karnataka,Karnataka,CHITRADURGA,CHITRADURGA,TUMAKURU(DEPUTY COMMISSIONER TUMKUR_IDA),TUMAKURU(DEPUTY COMMISSIONER TUMKUR_IDA),Normal/Others,Normal/Others,499186.0,2026-01-12T00:00:00.000Z,2026.0,0.0,Continuation work of Community Centre at Bellibatlu village,Continuation work of Community Centre at Bellibatlu village,,GOVIND MAKTHAPPA KARJOL,,CHITRADURGA,Completed,499186,2026-01-12T00:00:00.000Z,,,,,,,,,,,,Community Centers & Halls,Social Infrastructure
179033.0,6a932bb5cd94452437a1be4e,Karnataka,Karnataka,HAVERI,HAVERI,GADAG(Deputy Commsioner Gadag_ida),GADAG(Deputy Commsioner Gadag_ida),Normal/Others,Normal/Others,500000.0,2026-08-21T00:00:00.000Z,2026.0,0.0,CHARAMURTHESHWAR SWAMI SEVA SAMITI TRUST (R) SABHA BHAVAN,CHARAMURTHESHWAR SWAMI SEVA SAMITI TRUST (R) SABHA BHAVAN,,BASAVARAJ BOMMAI,,HAVERI,Completed,500000,2026-08-21T00:00:00.000Z,,,,,,,,,,,,Community Centers & Halls,Social Infrastructure
148600.0,6a932bb5cd94452437a1805c,Andhra Pradesh,Andhra Pradesh,KADAPA,KADAPA,Y.S.R. Kadapa(DISTRICT COLLECTOR CUDDAPAH_IDA),Y.S.R. Kadapa(DISTRICT COLLECTOR CUDDAPAH_IDA),Normal/Others,Normal/Others,495402.0,2025-05-11T00:00:00.000Z,2025.0,0.0,Improvements to Community Hall (Beside Ramalayam) in Peddajuturu (V&GP) of Vemula Mandal,Improvements to Community Hall (Beside Ramalayam) in Peddajuturu (V&GP) of Vemula Mandal,,Y S Avinash Reddy,,KADAPA,Completed,495402,2025-05-11T00:00:00.000Z,,,,,,,,,,,,Community Centers & Halls,Social Infrastructure
179218.0,6a932bb5cd94452437a1af19,Karnataka,Karnataka,HAVERI,HAVERI,GADAG(Deputy Commsioner Gadag_ida),GADAG(Deputy Commsioner Gadag_ida),Normal/Others,Normal/Others,500000.0,2026-08-21T00:00:00.000Z,2026.0,0.0,MARUTESHWAR SABHA BHAVAN,MARUTESHWAR SABHA BHAVAN,,BASAVARAJ BOMMAI,,HAVERI,Completed,500000,2026-08-21T00:00:00.000Z,,,,,,,,,,,,Community Centers & Halls,Social Infrastructure
179224.0,6a932bb5cd94452437a1ad86,Karnataka,Karnataka,HAVERI,HAVERI,HAVERI(DEPUTY COMMISSIONER HAVERI_IDA),HAVERI(DEPUTY COMMISSIONER HAVERI_IDA),Normal/Others,Normal/Others,300000.0,2026-03-13T00:00:00.000Z,2026.0,0.0,MARUTI SABHA BHAVAN,MARUTI SABHA BHAVAN,,BASAVARAJ BOMMAI,,HAVERI,Completed,300000,2026-03-13T00:00:00.000Z,,,,,,,,,,,,Community Centers & Halls,Social Infrastructure
179412.0,6a932bb5cd94452437a18788,Karnataka,Karnataka,BAGALKOT,BAGALKOT,GADAG(Deputy Commsioner Gadag_ida),GADAG(Deputy Commsioner Gadag_ida),Normal/Others,Normal/Others,500000.0,2026-08-24T00:00:00.000Z,2026.0,0.0,"Construction of Community Hall in BALAGANUR Village, Property No.212A","Construction of Community Hall in BALAGANUR Village, Property No.212A",,Parvatagouda Chandanagouda Gaddigoudar,,BAGALKOT,Completed,500000,2026-08-24T00:00:00.000Z,,,,,,,,,,,,Community Centers & Halls,Social Infrastructure
180120.0,6a932bb5cd94452437a1a609,Karnataka,Karnataka,DAKSHINA KANNADA,DAKSHINA KANNADA,DAKSHINA KANNADA(DEPUTY COMMISSIONER DAKSHIN KANNAD MANGALORE_IDA),DAKSHINA KANNADA(DEPUTY COMMISSIONER DAKSHIN KANNAD MANGALORE_IDA),Normal/Others,Normal/Others,498210.0,2025-09-26T00:00:00.000Z,2025.0,0.0,"Construction of barrier near public Sharada stage in Koila village, Bantwala taluk","Construction of barrier near public Sharada stage in Koila village, Bantwala taluk",,CAPTAIN BRIJESH CHOWTA,,DAKSHINA KANNADA,Completed,498210,2025-09-26T00:00:00.000Z,,,,,,,,,,,,Community Centers & Halls,Social Infrastructure
181331.0,6a932bb5cd94452437a19ec8,Karnataka,Karnataka,BAGALKOT,BAGALKOT,BAGALKOTE(DEPUTY COMMISSIONER BAGALKOT_IDA),BAGALKOTE(DEPUTY COMMISSIONER BAGALKOT_IDA),Normal/Others,Normal/Others,499712.0,2025-09-02T00:00:00.000Z,2025.0,0.0,Construction of Community Hall in RABAKAVI Village Property No.78,Construction of Community Hall in RABAKAVI Village Property No.78,,Parvatagouda Chandanagouda Gaddigoudar,,BAGALKOT,Completed,499712,2025-09-02T00:00:00.000Z,,,,,,,,,,,,Community Centers & Halls,Social Infrastructure
181383.0,6a932bb5cd94452437a1d9ca,Karnataka,Karnataka,BAGALKOT,BAGALKOT,BAGALKOTE(DEPUTY COMMISSIONER BAGALKOT_IDA),BAGALKOTE(DEPUTY COMMISSIONER BAGALKOT_IDA),Normal/Others,Normal/Others,499945.0,2026-03-17T00:00:00.000Z,2026.0,0.0,Construction of Community Hall in KULAHALLI Village Property No.1236,Construction of Community Hall in KULAHALLI Village Property No.1236,,Parvatagouda Chandanagouda Gaddigoudar,,BAGALKOT,Completed,499945,2026-03-17T00:00:00.000Z,,,,,,,,,,,,Community Centers & Halls,Social Infrastructure
181408.0,6a932bb5cd94452437a1b887,Karnataka,Karnataka,BAGALKOT,BAGALKOT,BAGALKOTE(DEPUTY COMMISSIONER BAGALKOT_IDA),BAGALKOTE(DEPUTY COMMISSIONER BAGALKOT_IDA),Normal/Others,Normal/Others,499563.0,2025-11-25T00:00:00.000Z,2025.0,0.0,Construction of Community Hall in BEVOOR Village Property No.245,Construction of Community Hall in BEVOOR Village Property No.245,,Parvatagouda Chandanagouda Gaddigoudar,,BAGALKOT,Completed,499563,2025-11-25T00:00:00.000Z,,,,,,,,,,,,Community Centers & Halls,Social Infrastructure
181856.0,6a932bb5cd94452437a1a0c2,Karnataka,Karnataka,CHAMARAJANAGAR,CHAMARAJANAGAR,Chamarajanagar(DEPUTY COMMISSIONER CHAMARAJNAGAR_IDA),Chamarajanagar(DEPUTY COMMISSIONER CHAMARAJNAGAR_IDA),Normal/Others,Normal/Others,500000.0,2026-08-13T00:00:00.000Z,2026.0,0.0,Repair of Nayanakshatriya Community Hall and construction of staircase  in Kabbahalli village in Gundlupet taluk .,Repair of Nayanakshatriya Community Hall and construction of staircase  in Kabbahalli village in Gundlupet taluk .,,SUNIL BOSE,,CHAMARAJANAGAR,Completed,500000,2026-08-13T00:00:00.000Z,,,,,,,,,,,,Community Centers & Halls,Social Infrastructure
194244.0,6a932bb5cd94452437a1c480,Andhra Pradesh,Andhra Pradesh,ARAKU,ARAKU,Alluri Sitharama Raju(DISTRICT COLLECTOR ALLURI SITHARAMARAJU_IDA),Alluri Sitharama Raju(DISTRICT COLLECTOR ALLURI SITHARAMARAJU_IDA),Normal/Others,Normal/Others,482583.0,2026-01-06T00:00:00.000Z,2026.0,0.0,"Construction of Community Shed at Primary Health Centre, Minumuluru, Paderu Mandal","Construction of Community Shed at Primary Health Centre, Minumuluru, Paderu Mandal",,Gumma Thanuja Rani,,ARAKU,Completed,482583,2026-01-06T00:00:00.000Z,,,,,,,,,,,,Community Centers & Halls,Social Infrastructure
182007.0,6a932bb5cd94452437a1d6d8,Karnataka,Karnataka,TUMKUR,TUMKUR,TUMAKURU(DEPUTY COMMISSIONER TUMKUR_IDA),TUMAKURU(DEPUTY COMMISSIONER TUMKUR_IDA),Normal/Others,Normal/Others,2220313.0,2026-03-07T00:00:00.000Z,2026.0,0.0,"Continued Construction work of Community hall of Tigalara Community at Honnudike Village, Tumakuru (reference Shri Suresh Gowda, MLA)","Continued Construction work of Community hall of Tigalara Community at Honnudike Village, Tumakuru (reference Shri Suresh Gowda, MLA)",,V. SOMANNA,,TUMKUR,Completed,2220313,2026-03-07T00:00:00.000Z,,,,,,,,,,,,Community Centers & Halls,Social Infrastructure
185087.0,6a932bb5cd94452437a1ad06,Karnataka,Karnataka,TUMKUR,TUMKUR,TUMAKURU(DEPUTY COMMISSIONER TUMKUR_IDA),TUMAKURU(DEPUTY COMMISSIONER TUMKUR_IDA),Trust and Society,Trust and Society,499935.0,2025-10-13T00:00:00.000Z,2025.0,0.0,"Continued construction work  of Lions Seva Bhawan which belongs to Kalpataru Lions Charitable Trust at Turuvekere Taluk, Tumakuru","Continued construction work  of Lions Seva Bhawan which belongs to Kalpataru Lions Charitable Trust at Turuvekere Taluk, Tumakuru",,V. SOMANNA,,TUMKUR,Completed,499935,2025-10-13T00:00:00.000Z,,,,,,,,,,,,Community Centers & Halls,Social Infrastructure
188578.0,6a932bb5cd94452437a1ca19,Karnataka,Karnataka,BAGALKOT,BAGALKOT,BAGALKOTE(DEPUTY COMMISSIONER BAGALKOT_IDA),BAGALKOTE(DEPUTY COMMISSIONER BAGALKOT_IDA),Normal/Others,Normal/Others,499767.0,2026-01-25T00:00:00.000Z,2026.0,0.0,Construction of Community Hall in CHIKKA GULABAL Village Property No.87,Construction of Community Hall in CHIKKA GULABAL Village Property No.87,,Parvatagouda Chandanagouda Gaddigoudar,,BAGALKOT,Completed,499767,2026-01-25T00:00:00.000Z,,,,,,,,,,,,Community Centers & Halls,Social Infrastructure
192126.0,6a932bb5cd94452437a19fd5,Karnataka,Karnataka,HAVERI,HAVERI,HAVERI(DEPUTY COMMISSIONER HAVERI_IDA),HAVERI(DEPUTY COMMISSIONER HAVERI_IDA),Normal/Others,Normal/Others,1000000.0,2026-03-13T00:00:00.000Z,2026.0,0.0,VIRABHADRESHWAR SABHA BHAVAN,VIRABHADRESHWAR SABHA BHAVAN,,BASAVARAJ BOMMAI,,HAVERI,Completed,1000000,2026-03-13T00:00:00.000Z,,,,,,,,,,,,Community Centers & Halls,Social Infrastructure
196707.0,6a932bb5cd94452437a1c0cb,Karnataka,Karnataka,KOPPAL,KOPPAL,KOPPAL(DEPUTY COMMISSIONER KOPPAL_IDA),KOPPAL(DEPUTY COMMISSIONER KOPPAL_IDA),Normal/Others,Normal/Others,397448.0,2026-01-23T00:00:00.000Z,2026.0,0.0,Construction of Community hall in Kinnal village of koppal taluk under Koppal parlimentary constituency.,Construction of Community hall in Kinnal village of koppal taluk under Koppal parlimentary constituency.,,K. RAJASHEKAR BASAVARAJ HITNAL,,KOPPAL,Completed,397448,2026-01-23T00:00:00.000Z,,,,,,,,,,,,Community Centers & Halls,Social Infrastructure
148602.0,6a932bb5cd94452437a1805d,Andhra Pradesh,Andhra Pradesh,KADAPA,KADAPA,Y.S.R. Kadapa(DISTRICT COLLECTOR CUDDAPAH_IDA),Y.S.R. Kadapa(DISTRICT COLLECTOR CUDDAPAH_IDA),Normal/Others,Normal/Others,493712.0,2025-05-11T00:00:00.000Z,2025.0,0.0,Improvements to Community Hall (Near Subramanyam Setty House) in Peddajuturu (V&GP) of Vemula Mandal,Improvements to Community Hall (Near Subramanyam Setty House) in Peddajuturu (V&GP) of Vemula Mandal,,Y S Avinash Reddy,,KADAPA,Completed,493712,2025-05-11T00:00:00.000Z,,,,,,,,,,,,Community Centers & Halls,Social Infrastructure
203682.0,6a932bb5cd94452437a1cb6d,Karnataka,Karnataka,BAGALKOT,BAGALKOT,BAGALKOTE(DEPUTY COMMISSIONER BAGALKOT_IDA),BAGALKOTE(DEPUTY COMMISSIONER BAGALKOT_IDA),Normal/Others,Normal/Others,499893.0,2026-01-30T00:00:00.000Z,2026.0,0.0,"Construction of Community Hall in SHIRAGUPPI Village, Property No.860","Construction of Community Hall in SHIRAGUPPI Village, Property No.860",,Parvatagouda Chandanagouda Gaddigoudar,,BAGALKOT,Completed,499893,2026-01-30T00:00:00.000Z,,,,,,,,,,,,Community Centers & Halls,Social Infrastructure
206389.0,6a932bb5cd94452437a1d519,Karnataka,Karnataka,DHARWAD,DHARWAD,DHARWAD(DEPUTY COMMISSIONER DHARWAR_IDA),DHARWAD(DEPUTY COMMISSIONER DHARWAR_IDA),Normal/Others,Normal/Others,398067.0,2026-02-27T00:00:00.000Z,2026.0,0.0,onstruction of Cultural Bhavan at Kundagal Taluk Jigaloor Village Pry No 376 A near Sheshcharya Temple,onstruction of Cultural Bhavan at Kundagal Taluk Jigaloor Village Pry No 376 A near Sheshcharya Temple,,Pralhad Venkatesh Joshi,,DHARWAD,Completed,398067,2026-02-27T00:00:00.000Z,,,,,,,,,,,,Community Centers & Halls,Social Infrastructure
206397.0,6a932bb5cd94452437a1c097,Karnataka,Karnataka,DHARWAD,DHARWAD,DHARWAD(DEPUTY COMMISSIONER DHARWAR_IDA),DHARWAD(DEPUTY COMMISSIONER DHARWAR_IDA),Normal/Others,Normal/Others,397502.0,2025-12-20T00:00:00.000Z,2025.0,0.0,Construction of Cultural Bhavan at Kundagal Taluk Basapur Village Pry No 73 near Maruti Temple,Construction of Cultural Bhavan at Kundagal Taluk Basapur Village Pry No 73 near Maruti Temple,,Pralhad Venkatesh Joshi,,DHARWAD,Completed,397502,2025-12-20T00:00:00.000Z,,,,,,,,,,,,Community Centers & Halls,Social Infrastructure
206402.0,6a932bb5cd94452437a1b873,Karnataka,Karnataka,DHARWAD,DHARWAD,DHARWAD(DEPUTY COMMISSIONER DHARWAR_IDA),DHARWAD(DEPUTY COMMISSIONER DHARWAR_IDA),Normal/Others,Normal/Others,396456.0,2025-11-24T00:00:00.000Z,2025.0,0.0,Construction of Raddi Community Cultural Bhavan at Kundagal Taluk Kalas Village Pry No 336,Construction of Raddi Community Cultural Bhavan at Kundagal Taluk Kalas Village Pry No 336,,Pralhad Venkatesh Joshi,,DHARWAD,Completed,396456,2025-11-24T00:00:00.000Z,,,,,,,,,,,,Community Centers & Halls,Social Infrastructure
206406.0,6a932bb5cd94452437a1c03a,Karnataka,Karnataka,DHARWAD,DHARWAD,DHARWAD(DEPUTY COMMISSIONER DHARWAR_IDA),DHARWAD(DEPUTY COMMISSIONER DHARWAR_IDA),Normal/Others,Normal/Others,494776.0,2025-12-20T00:00:00.000Z,2025.0,0.0,Construction of Cultural Bhavan at Huballil Taluk Rayanal Kalaganmaddi Village Pry No 429 2 near Hanmanth Temple,Construction of Cultural Bhavan at Huballil Taluk Rayanal Kalaganmaddi Village Pry No 429 2 near Hanmanth Temple,,Pralhad Venkatesh Joshi,,DHARWAD,Completed,494776,2025-12-20T00:00:00.000Z,,,,,,,,,,,,Community Centers & Halls,Social Infrastructure
206425.0,6a932bb5cd94452437a1c03b,Karnataka,Karnataka,DHARWAD,DHARWAD,DHARWAD(DEPUTY COMMISSIONER DHARWAR_IDA),DHARWAD(DEPUTY COMMISSIONER DHARWAR_IDA),Normal/Others,Normal/Others,393893.0,2025-12-20T00:00:00.000Z,2025.0,0.0,Construction of Cultural Bhavan at Huballil Taluk Parsapur Village Pry No 225 near gramdevi Temple,Construction of Cultural Bhavan at Huballil Taluk Parsapur Village Pry No 225 near gramdevi Temple,,Pralhad Venkatesh Joshi,,DHARWAD,Completed,393893,2025-12-20T00:00:00.000Z,,,,,,,,,,,,Community Centers & Halls,Social Infrastructure
206499.0,6a932bb5cd94452437a1c991,Karnataka,Karnataka,DHARWAD,DHARWAD,HAVERI(DEPUTY COMMISSIONER HAVERI_IDA),HAVERI(DEPUTY COMMISSIONER HAVERI_IDA),Normal/Others,Normal/Others,496236.0,2026-05-06T00:00:00.000Z,2026.0,0.0,Construction of Community Bhavan at Shiggaon Taluk Belavalkoppa Village Pry No 503 347 Near BeerlingeshwarTempl,Construction of Community Bhavan at Shiggaon Taluk Belavalkoppa Village Pry No 503 347 Near BeerlingeshwarTempl,,Pralhad Venkatesh Joshi,,DHARWAD,Completed,496236,2026-05-06T00:00:00.000Z,,,,,,,,,,,,Community Centers & Halls,Social Infrastructure
206937.0,6a932bb5cd94452437a1af99,Karnataka,Karnataka,BANGALORE RURAL,BANGALORE RURAL,Bengaluru South(DEPUTY COMMISSIONER RAMANAGARA_IDA),Bengaluru South(DEPUTY COMMISSIONER RAMANAGARA_IDA),Normal/Others,Normal/Others,399578.0,2026-02-21T00:00:00.000Z,2026.0,0.0,"Construction of community hall at Neralur Village, Iggaluru Grama Panchayath, Channapatana Taluk, Ramanagara District, Karnataka State.","Construction of community hall at Neralur Village, Iggaluru Grama Panchayath, Channapatana Taluk, Ramanagara District, Karnataka State.",,DR C N MANJUNATH,,BANGALORE RURAL,Completed,399578,2026-02-21T00:00:00.000Z,,,,,,,,,,,,Community Centers & Halls,Social Infrastructure
208157.0,6a932bb5cd94452437a1c039,Karnataka,Karnataka,CHITRADURGA,CHITRADURGA,CHITRADURGA(DEPUTY COMMISSIONER CHITRADURGA_IDA),CHITRADURGA(DEPUTY COMMISSIONER CHITRADURGA_IDA),Normal/Others,Normal/Others,499069.0,2025-12-31T00:00:00.000Z,2025.0,0.0,Continuation work of Construction of Community hall at Dodderi village,Continuation work of Construction of Community hall at Dodderi village,,GOVIND MAKTHAPPA KARJOL,,CHITRADURGA,Completed,499069,2025-12-31T00:00:00.000Z,,,,,,,,,,,,Community Centers & Halls,Social Infrastructure
208169.0,6a932bb5cd94452437a1b9a9,Karnataka,Karnataka,CHITRADURGA,CHITRADURGA,CHITRADURGA(DEPUTY COMMISSIONER CHITRADURGA_IDA),CHITRADURGA(DEPUTY COMMISSIONER CHITRADURGA_IDA),Normal/Others,Normal/Others,499517.0,2026-03-07T00:00:00.000Z,2026.0,0.0,Continuation work of Construction of Community hall at Bangarakkanahalli village of Turuvanuru Panchayath of Chitradurga taluk,Continuation work of Construction of Community hall at Bangarakkanahalli village of Turuvanuru Panchayath of Chitradurga taluk,,GOVIND MAKTHAPPA KARJOL,,CHITRADURGA,Completed,499517,2026-03-07T00:00:00.000Z,,,,,,,,,,,,Community Centers & Halls,Social Infrastructure
208380.0,6a932bb5cd94452437a1c60c,Karnataka,Karnataka,BAGALKOT,BAGALKOT,BAGALKOTE(DEPUTY COMMISSIONER BAGALKOT_IDA),BAGALKOTE(DEPUTY COMMISSIONER BAGALKOT_IDA),Normal/Others,Normal/Others,499506.0,2026-01-09T00:00:00.000Z,2026.0,0.0,"Construction of Community Hall in BUDANAGAD Village, Property No.405","Construction of Community Hall in BUDANAGAD Village, Property No.405",,Parvatagouda Chandanagouda Gaddigoudar,,BAGALKOT,Completed,499506,2026-01-09T00:00:00.000Z,,,,,,,,,,,,Community Centers & Halls,Social Infrastructure
208390.0,6a932bb5cd94452437a1bcd4,Karnataka,Karnataka,BAGALKOT,BAGALKOT,BAGALKOTE(DEPUTY COMMISSIONER BAGALKOT_IDA),BAGALKOTE(DEPUTY COMMISSIONER BAGALKOT_IDA),Normal/Others,Normal/Others,497962.0,2025-12-10T00:00:00.000Z,2025.0,0.0,"Construction of Community Hall in KARADIGUDD S.A Village, Property No.95","Construction of Community Hall in KARADIGUDD S.A Village, Property No.95",,Parvatagouda Chandanagouda Gaddigoudar,,BAGALKOT,Completed,497962,2025-12-10T00:00:00.000Z,,,,,,,,,,,,Community Centers & Halls,Social Infrastructure
208392.0,6a932bb5cd94452437a1b9ad,Karnataka,Karnataka,BAGALKOT,BAGALKOT,BAGALKOTE(DEPUTY COMMISSIONER BAGALKOT_IDA),BAGALKOTE(DEPUTY COMMISSIONER BAGALKOT_IDA),Normal/Others,Normal/Others,499958.0,2025-11-27T00:00:00.000Z,2025.0,0.0,"Construction of Community Hall in MURANAL RC Village, Property No.1000 1001 1014 1015","Construction of Community Hall in MURANAL RC Village, Property No.1000 1001 1014 1015",,Parvatagouda Chandanagouda Gaddigoudar,,BAGALKOT,Completed,499958,2025-11-27T00:00:00.000Z,,,,,,,,,,,,Community Centers & Halls,Social Infrastructure
208723.0,6a932bb5cd94452437a1bb6b,Karnataka,Karnataka,BAGALKOT,BAGALKOT,BAGALKOTE(DEPUTY COMMISSIONER BAGALKOT_IDA),BAGALKOTE(DEPUTY COMMISSIONER BAGALKOT_IDA),Normal/Others,Normal/Others,497865.0,2025-12-06T00:00:00.000Z,2025.0,0.0,"Construction of Community Hall in MUSTIGERI Village, Property No.808","Construction of Community Hall in MUSTIGERI Village, Property No.808",,Parvatagouda Chandanagouda Gaddigoudar,,BAGALKOT,Completed,497865,2025-12-06T00:00:00.000Z,,,,,,,,,,,,Community Centers & Halls,Social Infrastructure
208749.0,6a932bb5cd94452437a19f3b,Karnataka,Karnataka,BAGALKOT,BAGALKOT,BAGALKOTE(DEPUTY COMMISSIONER BAGALKOT_IDA),BAGALKOTE(DEPUTY COMMISSIONER BAGALKOT_IDA),Normal/Others,Normal/Others,499984.0,2025-09-09T00:00:00.000Z,2025.0,0.0,"Construction of Community Hall in CHABBI RC Village, Property No.343","Construction of Community Hall in CHABBI RC Village, Property No.343",,Parvatagouda Chandanagouda Gaddigoudar,,BAGALKOT,Completed,499984,2025-09-09T00:00:00.000Z,,,,,,,,,,,,Community Centers & Halls,Social Infrastructure
211806.0,6a932bb5cd94452437a1ad7c,Karnataka,Karnataka,CHITRADURGA,CHITRADURGA,TUMAKURU(DEPUTY COMMISSIONER TUMKUR_IDA),TUMAKURU(DEPUTY COMMISSIONER TUMKUR_IDA),Repair and Renovation,Repair and Renovation,399944.0,2025-10-15T00:00:00.000Z,2025.0,0.0,Repair work of existing Public Community building at Thogaragunte village of Melukunte Grama Panchayath,Repair work of existing Public Community building at Thogaragunte village of Melukunte Grama Panchayath,,GOVIND MAKTHAPPA KARJOL,,CHITRADURGA,Completed,399944,2025-10-15T00:00:00.000Z,,,,,,,,,,,,Community Centers & Halls,Social Infrastructure
212223.0,6a932bb5cd94452437a1be4f,Karnataka,Karnataka,BAGALKOT,BAGALKOT,BAGALKOTE(DEPUTY COMMISSIONER BAGALKOT_IDA),BAGALKOTE(DEPUTY COMMISSIONER BAGALKOT_IDA),Trust and Society,Trust and Society,499935.0,2025-12-17T00:00:00.000Z,2025.0,0.0,Construction of Community Hall in BAGALKOTE town Property No.Unit No.1 Sector No.25 Plot No.D-44 Shri. Guru-Sharan Madiwal Machidev Bagalkote Jilla Kshemabhivrudhdhi Sangh Bagalkot,Construction of Community Hall in BAGALKOTE town Property No.Unit No.1 Sector No.25 Plot No.D-44 Shri. Guru-Sharan Madiwal Machidev Bagalkote Jilla Kshemabhivrudhdhi Sangh Bagalkot,,Parvatagouda Chandanagouda Gaddigoudar,,BAGALKOT,Completed,499935,2025-12-17T00:00:00.000Z,,,,,,,,,,,,Community Centers & Halls,Social Infrastructure
212486.0,6a932bb5cd94452437a1ca18,Karnataka,Karnataka,BAGALKOT,BAGALKOT,BAGALKOTE(DEPUTY COMMISSIONER BAGALKOT_IDA),BAGALKOTE(DEPUTY COMMISSIONER BAGALKOT_IDA),Normal/Others,Normal/Others,499644.0,2026-01-25T00:00:00.000Z,2026.0,0.0,"Construction of Community Hall in KHAJJIDONI Village, Property No.249","Construction of Community Hall in KHAJJIDONI Village, Property No.249",,Parvatagouda Chandanagouda Gaddigoudar,,BAGALKOT,Completed,499644,2026-01-25T00:00:00.000Z,,,,,,,,,,,,Community Centers & Halls,Social Infrastructure
217246.0,6a932bb5cd94452437a1cfca,Karnataka,Karnataka,BANGALORE RURAL,BANGALORE RURAL,Bengaluru South(DEPUTY COMMISSIONER RAMANAGARA_IDA),Bengaluru South(DEPUTY COMMISSIONER RAMANAGARA_IDA),Normal/Others,Normal/Others,498859.0,2026-04-01T00:00:00.000Z,2026.0,0.0,"Construction of bus-shed at Sundaghatta Village, Chakanahalli Grama Panchayath, Maralavadi Hobli, Harohalli Taluk, Bangalore South District, Karnataka State","Construction of bus-shed at Sundaghatta Village, Chakanahalli Grama Panchayath, Maralavadi Hobli, Harohalli Taluk, Bangalore South District, Karnataka State",,DR C N MANJUNATH,,BANGALORE RURAL,Completed,498859,2026-04-01T00:00:00.000Z,,,,,,,,,,,,Community Centers & Halls,Social Infrastructure
218183.0,6a932bb5cd94452437a1b616,Karnataka,Karnataka,BAGALKOT,BAGALKOT,BAGALKOTE(DEPUTY COMMISSIONER BAGALKOT_IDA),BAGALKOTE(DEPUTY COMMISSIONER BAGALKOT_IDA),Normal/Others,Normal/Others,500000.0,2025-11-17T00:00:00.000Z,2025.0,0.0,"Construction of Community Hall in CHIMMAD Village, Property No.63-2","Construction of Community Hall in CHIMMAD Village, Property No.63-2",,Parvatagouda Chandanagouda Gaddigoudar,,BAGALKOT,Completed,500000,2025-11-17T00:00:00.000Z,,,,,,,,,,,,Community Centers & Halls,Social Infrastructure
218709.0,6a932bb5cd94452437a1cbb0,Karnataka,Karnataka,BAGALKOT,BAGALKOT,BAGALKOTE(DEPUTY COMMISSIONER BAGALKOT_IDA),BAGALKOTE(DEPUTY COMMISSIONER BAGALKOT_IDA),Normal/Others,Normal/Others,499990.0,2026-01-31T00:00:00.000Z,2026.0,0.0,"Construction of Community Hall in KAVATAGI RC Village, Property No.A-178 A-179","Construction of Community Hall in KAVATAGI RC Village, Property No.A-178 A-179",,Parvatagouda Chandanagouda Gaddigoudar,,BAGALKOT,Completed,499990,2026-01-31T00:00:00.000Z,,,,,,,,,,,,Community Centers & Halls,Social Infrastructure
218748.0,6a932bb5cd94452437a1d050,Karnataka,Karnataka,BAGALKOT,BAGALKOT,BAGALKOTE(DEPUTY COMMISSIONER BAGALKOT_IDA),BAGALKOTE(DEPUTY COMMISSIONER BAGALKOT_IDA),Normal/Others,Normal/Others,499987.0,2026-02-12T00:00:00.000Z,2026.0,0.0,"Construction of Community Hall in NEERALAKERI Village, Property No.937-1","Construction of Community Hall in NEERALAKERI Village, Property No.937-1",,Parvatagouda Chandanagouda Gaddigoudar,,BAGALKOT,Completed,499987,2026-02-12T00:00:00.000Z,,,,,,,,,,,,Community Centers & Halls,Social Infrastructure
219727.0,6a932bb5cd94452437a1d28a,Karnataka,Karnataka,CHITRADURGA,CHITRADURGA,TUMAKURU(DEPUTY COMMISSIONER TUMKUR_IDA),TUMAKURU(DEPUTY COMMISSIONER TUMKUR_IDA),Normal/Others,Normal/Others,499053.0,2026-02-19T00:00:00.000Z,2026.0,0.0,Construction of Continuation work of Community centre at Chikkanahalli village of Chikkanahalli Grama Panchayath,Construction of Continuation work of Community centre at Chikkanahalli village of Chikkanahalli Grama Panchayath,,GOVIND MAKTHAPPA KARJOL,,CHITRADURGA,Completed,499053,2026-02-19T00:00:00.000Z,,,,,,,,,,,,Community Centers & Halls,Social Infrastructure
220446.0,6a932bb5cd94452437a1cfce,Karnataka,Karnataka,BANGALORE RURAL,BANGALORE RURAL,Bengaluru South(DEPUTY COMMISSIONER RAMANAGARA_IDA),Bengaluru South(DEPUTY COMMISSIONER RAMANAGARA_IDA),Normal/Others,Normal/Others,399782.0,2026-02-21T00:00:00.000Z,2026.0,0.0,"Construction of public toilets and bathrooms Near Community Center, Hunisedoddi Village, Kootagal Hobli, Ramanagara Taluk, Bangalore South District, Karnataka State.","Construction of public toilets and bathrooms Near Community Center, Hunisedoddi Village, Kootagal Hobli, Ramanagara Taluk, Bangalore South District, Karnataka State.",,DR C N MANJUNATH,,BANGALORE RURAL,Completed,399782,2026-02-21T00:00:00.000Z,,,,,,,,,,,,Community Centers & Halls,Social Infrastructure
226587.0,6a932bb5cd94452437a1bc72,Karnataka,Karnataka,KOPPAL,KOPPAL,KOPPAL(DEPUTY COMMISSIONER KOPPAL_IDA),KOPPAL(DEPUTY COMMISSIONER KOPPAL_IDA),Normal/Others,Normal/Others,397911.0,2026-02-26T00:00:00.000Z,2026.0,0.0,Construction of Community halla in Tankanakal village of Koppal taluk under Koppal parlimentary constituency.,Construction of Community halla in Tankanakal village of Koppal taluk under Koppal parlimentary constituency.,,K. RAJASHEKAR BASAVARAJ HITNAL,,KOPPAL,Completed,397911,2026-02-26T00:00:00.000Z,,,,,,,,,,,,Community Centers & Halls,Social Infrastructure
136563.0,6a932bb5cd94452437a1ae37,Gujarat,Gujarat,KACHCHH,KACHCHH,KACHCHH(DISTRICT COLLECTOR KUTCH_IDA),KACHCHH(DISTRICT COLLECTOR KUTCH_IDA),Normal/Others,Normal/Others,500000.0,2025-10-15T00:00:00.000Z,2025.0,0.0,Nakhtrana talukana vibhapar patidara samaj viastar karigar koman work shed,Nakhtrana talukana vibhapar patidara samaj viastar karigar koman work shed,,Vinod Chavda,,KACHCHH,Completed,500000,2025-10-15T00:00:00.000Z,,,,,,,,,,,,Community Centers & Halls,Social Infrastructure
241974.0,6a932bb5cd94452437a1cb76,Karnataka,Karnataka,BAGALKOT,BAGALKOT,BAGALKOTE(DEPUTY COMMISSIONER BAGALKOT_IDA),BAGALKOTE(DEPUTY COMMISSIONER BAGALKOT_IDA),Normal/Others,Normal/Others,500000.0,2026-01-30T00:00:00.000Z,2026.0,0.0,"Construction of Community Hall in ZUNJARAKOPPA Village, Property No.01","Construction of Community Hall in ZUNJARAKOPPA Village, Property No.01",,Parvatagouda Chandanagouda Gaddigoudar,,BAGALKOT,Completed,500000,2026-01-30T00:00:00.000Z,,,,,,,,,,,,Community Centers & Halls,Social Infrastructure
258813.0,6a932bb5cd94452437a1d787,Karnataka,Karnataka,HAVERI,HAVERI,GADAG(Deputy Commsioner Gadag_ida),GADAG(Deputy Commsioner Gadag_ida),Trust and Society,Trust and Society,500000.0,2026-08-21T00:00:00.000Z,2026.0,0.0,CONTINUED CONSTRUCTION OF HADAPAD APPANNA SABHA BHAVAN,CONTINUED CONSTRUCTION OF HADAPAD APPANNA SABHA BHAVAN,,BASAVARAJ BOMMAI,,HAVERI,Completed,500000,2026-08-21T00:00:00.000Z,,,,,,,,,,,,Community Centers & Halls,Social Infrastructure
260029.0,6a932bb5cd94452437a1dba4,Arunachal Pradesh,Arunachal Pradesh,ARUNACHAL WEST,ARUNACHAL WEST,WEST KAMENG(Deputy Commisioner West Kameng_IDA),WEST KAMENG(Deputy Commisioner West Kameng_IDA),Normal/Others,Normal/Others,500000.0,2026-03-23T00:00:00.000Z,2026.0,0.0,Construction of of Waiting Shed at Chingdang Phungking at Najang Village,Construction of of Waiting Shed at Chingdang Phungking at Najang Village,,Kiren Rijiju,,ARUNACHAL WEST,Completed,500000,2026-03-23T00:00:00.000Z,,,,,,,,,,,,Community Centers & Halls,Social Infrastructure
259933.0,6a932bb5cd94452437a1d3ee,Karnataka,Karnataka,HAVERI,HAVERI,GADAG(Deputy Commsioner Gadag_ida),GADAG(Deputy Commsioner Gadag_ida),Normal/Others,Normal/Others,1000000.0,2026-08-21T00:00:00.000Z,2026.0,0.0,CONSTRUCTION OF VIRASHAIV PANCHACHARYA VIDYAVARDAK AND SAMSKRUTIK SANGH SABHA BHAVAN,CONSTRUCTION OF VIRASHAIV PANCHACHARYA VIDYAVARDAK AND SAMSKRUTIK SANGH SABHA BHAVAN,,BASAVARAJ BOMMAI,,HAVERI,Completed,1000000,2026-08-21T00:00:00.000Z,,,,,,,,,,,,Community Centers & Halls,Social Infrastructure
245599.0,6a932bb5cd94452437a1e582,Delhi,Delhi,NORTH WEST DELHI,NORTH WEST DELHI,NORTH WEST(COMMISSIONER NORTH WEST),NORTH WEST(COMMISSIONER NORTH WEST),Normal/Others,Normal/Others,921748.0,2026-08-05T00:00:00.000Z,2026.0,0.0,"Installation of 5 Nos. semi high mast poles with LED lights at MPL Park near MCPS Shahbad Daulatpur, 2) Mpl. Park in Sai Nath APartment, 3) Shamshan Ghat CHowk, Khera Garhi Village, 4) Near Community Centre Khera Garhi Village in Ward No.29, Pooth Khurd under Narela Zone","Installation of 5 Nos. semi high mast poles with LED lights at MPL Park near MCPS Shahbad Daulatpur, 2) Mpl. Park in Sai Nath APartment, 3) Shamshan Ghat CHowk, Khera Garhi Village, 4) Near Community Centre Khera Garhi Village in Ward No.29, Pooth Khurd under Narela Zone",,Yogendra Chandoliya,,NORTH WEST DELHI,Completed,921748,2026-08-05T00:00:00.000Z,,,,,,,,,,,,Community Centers & Halls,Social Infrastructure
135772.0,6a932bb5cd94452437a18059,Andhra Pradesh,Andhra Pradesh,KADAPA,KADAPA,Y.S.R. Kadapa(DISTRICT COLLECTOR CUDDAPAH_IDA),Y.S.R. Kadapa(DISTRICT COLLECTOR CUDDAPAH_IDA),Normal/Others,Normal/Others,980399.0,2025-05-11T00:00:00.000Z,2025.0,0.0,"Completion of Incomplete community Hall in 4th ward in Vempalli (V &M), YSR District.","Completion of Incomplete community Hall in 4th ward in Vempalli (V &M), YSR District.",,Y S Avinash Reddy,,KADAPA,Completed,980399,2025-05-11T00:00:00.000Z,,,,,,,,,,,,Community Centers & Halls,Social Infrastructure
188197.0,6a932bb5cd94452437a1a3b8,Bihar,Bihar,BEGUSARAI,BEGUSARAI,BEGUSARAI(DISTRICT PLANNING OFFICER BEGUSARAI_IDA),BEGUSARAI(DISTRICT PLANNING OFFICER BEGUSARAI_IDA),Normal/Others,Normal/Others,1391533.0,2025-12-16T00:00:00.000Z,2025.0,0.0,Construction of community building near Ghagra Panchayat Mahavir Sthan - Ghagra,Construction of community building near Ghagra Panchayat Mahavir Sthan - Ghagra,,Giriraj Singh,,BEGUSARAI,Completed,1391533,2025-12-16T00:00:00.000Z,,,,,,,,,,,,Community Centers & Halls,Social Infrastructure
188200.0,6a932bb5cd94452437a1b83c,Bihar,Bihar,BEGUSARAI,BEGUSARAI,BEGUSARAI(DISTRICT PLANNING OFFICER BEGUSARAI_IDA),BEGUSARAI(DISTRICT PLANNING OFFICER BEGUSARAI_IDA),Normal/Others,Normal/Others,986375.0,2025-11-24T00:00:00.000Z,2025.0,0.0,repair work of dilapidated community building in ward number 1 of Gram Panchayat Sanha Purba.,repair work of dilapidated community building in ward number 1 of Gram Panchayat Sanha Purba.,,Giriraj Singh,,BEGUSARAI,Completed,986375,2025-11-24T00:00:00.000Z,,,,,,,,,,,,Community Centers & Halls,Social Infrastructure
188213.0,6a932bb5cd94452437a1c857,Bihar,Bihar,BEGUSARAI,BEGUSARAI,BEGUSARAI(DISTRICT PLANNING OFFICER BEGUSARAI_IDA),BEGUSARAI(DISTRICT PLANNING OFFICER BEGUSARAI_IDA),Normal/Others,Normal/Others,1390075.0,2026-01-17T00:00:00.000Z,2026.0,0.0,Matihani Milk Producers Co-operative Society Ltd. Construction of assembly hall on the upper floor of the building- Matihani,Matihani Milk Producers Co-operative Society Ltd. Construction of assembly hall on the upper floor of the building- Matihani,,Giriraj Singh,,BEGUSARAI,Completed,1390075,2026-01-17T00:00:00.000Z,,,,,,,,,,,,Community Centers & Halls,Social Infrastructure
142077.0,6a932bb5cd94452437a1e20c,Kerala,Kerala,PATHANAMTHITTA,PATHANAMTHITTA,KOTTAYAM(DISTRICT COLLECTOR KOTTAYAM_IDA),KOTTAYAM(DISTRICT COLLECTOR KOTTAYAM_IDA),Normal/Others,Normal/Others,483960.0,2026-04-27T00:00:00.000Z,2026.0,0.0,Construction of Bus Waiting Shed at Grama Panchayath Office Junction in Nedumkunnam Grama Panchayat.,Construction of Bus Waiting Shed at Grama Panchayath Office Junction in Nedumkunnam Grama Panchayat.,,Anto Antony,,PATHANAMTHITTA,Completed,483960,2026-04-27T00:00:00.000Z,,,,,,,,,,,,Community Centers & Halls,Social Infrastructure
153122.0,6a932bb5cd94452437a1ca4b,Kerala,Kerala,IDUKKI,IDUKKI,IDUKKI(DISTRICT COLLECTOR IDUKKI_IDA),IDUKKI(DISTRICT COLLECTOR IDUKKI_IDA),Normal/Others,Normal/Others,215496.0,2026-01-27T00:00:00.000Z,2026.0,0.0,"Installation of minimast light    (8Mtr,Octogonal  pole LED Flood Light 150 Wx5 no.s)  infront of Pullikkanam community hall   in ward 8  of Arakkulam grama panchayathu , Idukki Block(SC Category )","Installation of minimast light    (8Mtr,Octogonal  pole LED Flood Light 150 Wx5 no.s)  infront of Pullikkanam community hall   in ward 8  of Arakkulam grama panchayathu , Idukki Block(SC Category )",,Adv Dean Kuriakose,,IDUKKI,Completed,215496,2026-01-27T00:00:00.000Z,,,,,,,,,,,,Community Centers & Halls,Social Infrastructure
145285.0,6a932bb5cd94452437a1aea5,Gujarat,Gujarat,BARDOLI,BARDOLI,SURAT(DISTRICT COLLECTOR SURAT_IDA),SURAT(DISTRICT COLLECTOR SURAT_IDA),Normal/Others,Normal/Others,490000.0,2025-11-03T00:00:00.000Z,2025.0,0.0,"Construction of Shed at Hindu Cemetery at Laskana Village, Taluka Kamrej, District Surat","Construction of Shed at Hindu Cemetery at Laskana Village, Taluka Kamrej, District Surat",,Prabhubhai Nagarbhai Vasava,,BARDOLI,Completed,490000,2025-11-03T00:00:00.000Z,,,,,,,,,,,,Community Centers & Halls,Social Infrastructure
191523.0,6a932bb5cd94452437a1c1c3,Bihar,Bihar,PATNA SAHIB,PATNA SAHIB,PATNA(DISTRICT PLANNING OFFICER PATNA_IDA),PATNA(DISTRICT PLANNING OFFICER PATNA_IDA),Normal/Others,Normal/Others,1484200.0,2025-12-24T00:00:00.000Z,2025.0,0.0,"Construction work of hall on the first floor of community building in front of Panch Mandir in ward no. 21, Daroga Rai Path, under Digha assembly constituency.","Construction work of hall on the first floor of community building in front of Panch Mandir in ward no. 21, Daroga Rai Path, under Digha assembly constituency.",,Ravi Shankar Prasad,,PATNA SAHIB,Completed,1484200,2025-12-24T00:00:00.000Z,,,,,,,,,,,,Community Centers & Halls,Social Infrastructure
191525.0,6a932bb5cd94452437a1c1be,Bihar,Bihar,PATNA SAHIB,PATNA SAHIB,PATNA(DISTRICT PLANNING OFFICER PATNA_IDA),PATNA(DISTRICT PLANNING OFFICER PATNA_IDA),Normal/Others,Normal/Others,1483100.0,2025-12-24T00:00:00.000Z,2025.0,0.0,"Construction work of stairs in the southern part of the first floor of the community building in front of Panch Mandir in Ward No. 21, Daroga Rai Path, under Digha Legislative Assembly.","Construction work of stairs in the southern part of the first floor of the community building in front of Panch Mandir in Ward No. 21, Daroga Rai Path, under Digha Legislative Assembly.",,Ravi Shankar Prasad,,PATNA SAHIB,Completed,1483100,2025-12-24T00:00:00.000Z,,,,,,,,,,,,Community Centers & Halls,Social Infrastructure
137588.0,6a932bb5cd94452437a18793,Assam,Assam,Diphu,Diphu,KARBI ANGLONG(DEPUTY COMMISSIONER KARBI ANGLONG_IDA),KARBI ANGLONG(DEPUTY COMMISSIONER KARBI ANGLONG_IDA),Normal/Others,Normal/Others,1499859.0,2025-12-10T00:00:00.000Z,2025.0,0.0,Construction of Community Hall at Jawlian under Singhason MAC Constituency,Construction of Community Hall at Jawlian under Singhason MAC Constituency,,AMARSING TISSO,,Diphu,Completed,1499859,2025-12-10T00:00:00.000Z,,,,,,,,,,,,Community Centers & Halls,Social Infrastructure
137594.0,6a932bb5cd94452437a1698a,Assam,Assam,Diphu,Diphu,KARBI ANGLONG(DEPUTY COMMISSIONER KARBI ANGLONG_IDA),KARBI ANGLONG(DEPUTY COMMISSIONER KARBI ANGLONG_IDA),Normal/Others,Normal/Others,499329.0,2025-12-10T00:00:00.000Z,2025.0,0.0,"Construction of community fishery at Rongkimi, Diphu","Construction of community fishery at Rongkimi, Diphu",,AMARSING TISSO,,Diphu,Completed,499329,2025-12-10T00:00:00.000Z,,,,,,,,,,,,Community Centers & Halls,Social Infrastructure
137596.0,6a932bb5cd94452437a16b56,Assam,Assam,Diphu,Diphu,KARBI ANGLONG(DEPUTY COMMISSIONER KARBI ANGLONG_IDA),KARBI ANGLONG(DEPUTY COMMISSIONER KARBI ANGLONG_IDA),Repair and Renovation,Repair and Renovation,499190.0,2024-12-23T00:00:00.000Z,2024.0,0.0,"Improvement of open stage at Govt. Boys Higher Secondary playground, Diphu","Improvement of open stage at Govt. Boys Higher Secondary playground, Diphu",,AMARSING TISSO,,Diphu,Completed,499190,2024-12-23T00:00:00.000Z,,,,,,,,,,,,Community Centers & Halls,Social Infrastructure
192402.0,6a932bb5cd94452437a1b8ac,Bihar,Bihar,BUXAR,BUXAR,ROHTAS(District Planning Officer Rohtas_IDA),ROHTAS(District Planning Officer Rohtas_IDA),Normal/Others,Normal/Others,1491693.0,2026-05-07T00:00:00.000Z,2026.0,0.0,construction of community hall with toilet for vishwakarma society at Bhaluni Dham,construction of community hall with toilet for vishwakarma society at Bhaluni Dham,,SUDHAKAR SINGH,,BUXAR,Completed,1491693,2026-05-07T00:00:00.000Z,,,,,,,,,,,,Community Centers & Halls,Social Infrastructure
152521.0,6a932bb5cd94452437a1ae32,Gujarat,Gujarat,SABARKANTHA,SABARKANTHA,SABAR KANTHA(DISTRICT COLLECTOR SABARKANTHA_IDA),SABAR KANTHA(DISTRICT COLLECTOR SABARKANTHA_IDA),Normal/Others,Normal/Others,500000.0,2025-11-08T00:00:00.000Z,2025.0,0.0,Construction of hall near Vahanvati temple in village Barodara At Barodara,Construction of hall near Vahanvati temple in village Barodara At Barodara,,SHOBHANABEN MAHENDRASINH BARAIYA,,SABARKANTHA,Completed,500000,2025-11-08T00:00:00.000Z,,,,,,,,,,,,Community Centers & Halls,Social Infrastructure
193545.0,6a932bb5cd94452437a1c7ed,Bihar,Bihar,DARBHANGA,DARBHANGA,DARBHANGA(DISTRICT PLANNING OFFICER DARBANGA_IDA),DARBHANGA(DISTRICT PLANNING OFFICER DARBANGA_IDA),Repair and Renovation,Repair and Renovation,200798.0,2026-03-19T00:00:00.000Z,2026.0,0.0,samaharnalya darbhanga ke nikat samudayik bhawan sah karmchari vishram grih bhawan ka marammati evam navinikaran karya,samaharnalya darbhanga ke nikat samudayik bhawan sah karmchari vishram grih bhawan ka marammati evam navinikaran karya,,Mr Gopal Jee Thakur,,DARBHANGA,Completed,200798,2026-03-19T00:00:00.000Z,,,,,,,,,,,,Community Centers & Halls,Social Infrastructure
147014.0,6a932bb5cd94452437a171a0,Assam,Assam,GUWAHATI,GUWAHATI,GOALPARA(Deputy Commissioner Goalpara_IDA),GOALPARA(Deputy Commissioner Goalpara_IDA),Normal/Others,Normal/Others,350000.0,2026-04-27T00:00:00.000Z,2026.0,0.0,"Construction of community hall at Tharka Bazar near kalimandir , Joyramkhusi","Construction of community hall at Tharka Bazar near kalimandir , Joyramkhusi",,BIJULI KALITA MEDHI,,GUWAHATI,Completed,350000,2026-04-27T00:00:00.000Z,,,,,,,,,,,,Community Centers & Halls,Social Infrastructure
147021.0,6a932bb5cd94452437a16ea7,Assam,Assam,GUWAHATI,GUWAHATI,GOALPARA(Deputy Commissioner Goalpara_IDA),GOALPARA(Deputy Commissioner Goalpara_IDA),Normal/Others,Normal/Others,500000.0,2026-04-27T00:00:00.000Z,2026.0,0.0,"Construction of open community hall at Sri Sri Niranjan Mahaprubhu Pith , Bakaitari.","Construction of open community hall at Sri Sri Niranjan Mahaprubhu Pith , Bakaitari.",,BIJULI KALITA MEDHI,,GUWAHATI,Completed,500000,2026-04-27T00:00:00.000Z,,,,,,,,,,,,Community Centers & Halls,Social Infrastructure
148301.0,6a932bb5cd94452437a19503,Assam,Assam,JORHAT,JORHAT,CHARAIDEO(Deputy Commissioner Charaideo_IDA),CHARAIDEO(Deputy Commissioner Charaideo_IDA),Normal/Others,Normal/Others,199863.0,2026-01-21T00:00:00.000Z,2026.0,0.0,"Construction of Community Centre Garkush Habi Gaon near Hari Mandir, Nagahat, Garkush Habi Gaon, Sonali GP","Construction of Community Centre Garkush Habi Gaon near Hari Mandir, Nagahat, Garkush Habi Gaon, Sonali GP",,GAURAV GOGOI,,JORHAT,Completed,199863,2026-01-21T00:00:00.000Z,,,,,,,,,,,,Community Centers & Halls,Social Infrastructure
157062.0,6a932bb5cd94452437a1ba17,Gujarat,Gujarat,KACHCHH,KACHCHH,KACHCHH(DISTRICT COLLECTOR KUTCH_IDA),KACHCHH(DISTRICT COLLECTOR KUTCH_IDA),Normal/Others,Normal/Others,400000.0,2025-11-29T00:00:00.000Z,2025.0,0.0,Nakhtrana taluka na gangon gaame maru samaj vistar ma sanskrutik hall,Nakhtrana taluka na gangon gaame maru samaj vistar ma sanskrutik hall,,Vinod Chavda,,KACHCHH,Completed,400000,2025-11-29T00:00:00.000Z,,,,,,,,,,,,Community Centers & Halls,Social Infrastructure
156022.0,6a932bb5cd94452437a1c9f1,Gujarat,Gujarat,KACHCHH,KACHCHH,KACHCHH(DISTRICT COLLECTOR KUTCH_IDA),KACHCHH(DISTRICT COLLECTOR KUTCH_IDA),Normal/Others,Normal/Others,400000.0,2026-01-23T00:00:00.000Z,2026.0,0.0,mandvi talukana ludva game grujar meghval  vistar sanskrutik hall,mandvi talukana ludva game grujar meghval  vistar sanskrutik hall,,Vinod Chavda,,KACHCHH,Completed,400000,2026-01-23T00:00:00.000Z,,,,,,,,,,,,Community Centers & Halls,Social Infrastructure
156611.0,6a932bb5cd94452437a17e6a,Gujarat,Gujarat,VADODARA,VADODARA,VADODARA(DISTRICT COLLECTOR VADODARA_IDA),VADODARA(DISTRICT COLLECTOR VADODARA_IDA),Normal/Others,Normal/Others,500000.0,2025-04-30T00:00:00.000Z,2025.0,0.0,Jarod kumar parthmik sada ma shed banavva ni kamgiri,Jarod kumar parthmik sada ma shed banavva ni kamgiri,,DR. HEMANG JOSHI,,VADODARA,Completed,500000,2025-04-30T00:00:00.000Z,,,,,,,,,,,,Community Centers & Halls,Social Infrastructure
161011.0,6a932bb5cd94452437a1a2ed,Assam,Assam,JORHAT,JORHAT,"MAJULI(District Commissioner, Majuli)","MAJULI(District Commissioner, Majuli)",Normal/Others,Normal/Others,151895.0,2026-08-26T00:00:00.000Z,2026.0,0.0,"Construction of Waiting Shed at Garamur Pitambar Dev Civil Hospital, Garamur Satra, Garamur GP","Construction of Waiting Shed at Garamur Pitambar Dev Civil Hospital, Garamur Satra, Garamur GP",,GAURAV GOGOI,,JORHAT,Completed,151895,2026-08-26T00:00:00.000Z,,,,,,,,,,,,Community Centers & Halls,Social Infrastructure
161043.0,6a932bb5cd94452437a1a5a0,Assam,Assam,JORHAT,JORHAT,"MAJULI(District Commissioner, Majuli)","MAJULI(District Commissioner, Majuli)",Normal/Others,Normal/Others,148632.0,2026-08-18T00:00:00.000Z,2026.0,0.0,"Construction of Waiting Shed at Chapori Gaon, Chapori Gaon, Panikhati, Luitporia GP","Construction of Waiting Shed at Chapori Gaon, Chapori Gaon, Panikhati, Luitporia GP",,GAURAV GOGOI,,JORHAT,Completed,148632,2026-08-18T00:00:00.000Z,,,,,,,,,,,,Community Centers & Halls,Social Infrastructure
157557.0,6a932bb5cd94452437a17dc7,Gujarat,Gujarat,SABARKANTHA,SABARKANTHA,SABAR KANTHA(DISTRICT COLLECTOR SABARKANTHA_IDA),SABAR KANTHA(DISTRICT COLLECTOR SABARKANTHA_IDA),Normal/Others,Normal/Others,500000.0,2025-07-07T00:00:00.000Z,2025.0,0.0,Forty-two villages in Vavadi village are being built near Guru Gadi Hanumanji temple for the construction of a new shed.,Forty-two villages in Vavadi village are being built near Guru Gadi Hanumanji temple for the construction of a new shed.,,SHOBHANABEN MAHENDRASINH BARAIYA,,SABARKANTHA,Completed,500000,2025-07-07T00:00:00.000Z,,,,,,,,,,,,Community Centers & Halls,Social Infrastructure
153297.0,6a932bb5cd94452437a16c84,Assam,Assam,Diphu,Diphu,KARBI ANGLONG(DEPUTY COMMISSIONER KARBI ANGLONG_IDA),KARBI ANGLONG(DEPUTY COMMISSIONER KARBI ANGLONG_IDA),Normal/Others,Normal/Others,496993.0,2025-08-27T00:00:00.000Z,2025.0,0.0,"Construction of Waiting Shed near DIG Office Complex, Diphu","Construction of Waiting Shed near DIG Office Complex, Diphu",,AMARSING TISSO,,Diphu,Completed,496993,2025-08-27T00:00:00.000Z,,,,,,,,,,,,Community Centers & Halls,Social Infrastructure
157159.0,6a932bb5cd94452437a17e82,Gujarat,Gujarat,BHARUCH,BHARUCH,BHARUCH(DISTRICT COLLECTOR BROACH_IDA),BHARUCH(DISTRICT COLLECTOR BROACH_IDA),Normal/Others,Normal/Others,299869.0,2025-07-08T00:00:00.000Z,2025.0,0.0,ankot gam comunity hall na pachal na bhage dival nu kam,ankot gam comunity hall na pachal na bhage dival nu kam,,Mansukhbhai Dhanjibhai Vasava,,BHARUCH,Completed,299869,2025-07-08T00:00:00.000Z,,,,,,,,,,,,Community Centers & Halls,Social Infrastructure
154278.0,6a932bb5cd94452437a17839,Assam,Assam,Diphu,Diphu,KARBI ANGLONG(DEPUTY COMMISSIONER KARBI ANGLONG_IDA),KARBI ANGLONG(DEPUTY COMMISSIONER KARBI ANGLONG_IDA),Normal/Others,Normal/Others,1499178.0,2025-12-11T00:00:00.000Z,2025.0,0.0,Construction of community fishery at Bithiphang No. 2 Dili Terang Gaon,Construction of community fishery at Bithiphang No. 2 Dili Terang Gaon,,AMARSING TISSO,,Diphu,Completed,1499178,2025-12-11T00:00:00.000Z,,,,,,,,,,,,Community Centers & Halls,Social Infrastructure
158453.0,6a932bb5cd94452437a1d744,Gujarat,Gujarat,KACHCHH,KACHCHH,KACHCHH(DISTRICT COLLECTOR KUTCH_IDA),KACHCHH(DISTRICT COLLECTOR KUTCH_IDA),Normal/Others,Normal/Others,350000.0,2026-03-09T00:00:00.000Z,2026.0,0.0,Nakhatrana talukana varamseda gaame marvada samaj vistar sanskrutik hall,Nakhatrana talukana varamseda gaame marvada samaj vistar sanskrutik hall,,Vinod Chavda,,KACHCHH,Completed,350000,2026-03-09T00:00:00.000Z,,,,,,,,,,,,Community Centers & Halls,Social Infrastructure
158464.0,6a932bb5cd94452437a1dafe,Gujarat,Gujarat,KACHCHH,KACHCHH,KACHCHH(DISTRICT COLLECTOR KUTCH_IDA),KACHCHH(DISTRICT COLLECTOR KUTCH_IDA),Normal/Others,Normal/Others,350000.0,2026-03-20T00:00:00.000Z,2026.0,0.0,Mandvi talukana mota layja gaane muslim jamat vistar community hall,Mandvi talukana mota layja gaane muslim jamat vistar community hall,,Vinod Chavda,,KACHCHH,Completed,350000,2026-03-20T00:00:00.000Z,,,,,,,,,,,,Community Centers & Halls,Social Infrastructure
158943.0,6a932bb5cd94452437a1d5ae,Gujarat,Gujarat,KACHCHH,KACHCHH,KACHCHH(DISTRICT COLLECTOR KUTCH_IDA),KACHCHH(DISTRICT COLLECTOR KUTCH_IDA),Normal/Others,Normal/Others,400000.0,2026-03-02T00:00:00.000Z,2026.0,0.0,Rapar talukana Rav moti ravechinagar shiv mandir paase sanskrutik hall,Rapar talukana Rav moti ravechinagar shiv mandir paase sanskrutik hall,,Vinod Chavda,,KACHCHH,Completed,400000,2026-03-02T00:00:00.000Z,,,,,,,,,,,,Community Centers & Halls,Social Infrastructure
163853.0,6a932bb5cd94452437a18968,Assam,Assam,JORHAT,JORHAT,JORHAT(DEPUTY COMMISSIONER JORHAT_IDA),JORHAT(DEPUTY COMMISSIONER JORHAT_IDA),Normal/Others,Normal/Others,250000.0,2025-08-12T00:00:00.000Z,2025.0,0.0,"Construction of Pithakhuwa Gaon Youth Sangha Club Community Hall, Pithakhuwa,Selengat, Deogharia, 13. No Seleng GP","Construction of Pithakhuwa Gaon Youth Sangha Club Community Hall, Pithakhuwa,Selengat, Deogharia, 13. No Seleng GP",,GAURAV GOGOI,,JORHAT,Completed,250000,2025-08-12T00:00:00.000Z,,,,,,,,,,,,Community Centers & Halls,Social Infrastructure
160173.0,6a932bb5cd94452437a18065,Gujarat,Gujarat,PATAN,PATAN,BANAS KANTHA(DISTRICT COLLECTOR BANAS KANTHA_IDA),BANAS KANTHA(DISTRICT COLLECTOR BANAS KANTHA_IDA),Normal/Others,Normal/Others,500000.0,2025-05-11T00:00:00.000Z,2025.0,0.0,bukoli game bena vasma shed nu kam,bukoli game bena vasma shed nu kam,,Bharatsinhji Shankarji Dabhi,,PATAN,Completed,500000,2025-05-11T00:00:00.000Z,,,,,,,,,,,,Community Centers & Halls,Social Infrastructure
163857.0,6a932bb5cd94452437a19717,Assam,Assam,JORHAT,JORHAT,JORHAT(DEPUTY COMMISSIONER JORHAT_IDA),JORHAT(DEPUTY COMMISSIONER JORHAT_IDA),Normal/Others,Normal/Others,250000.0,2025-10-06T00:00:00.000Z,2025.0,0.0,"Development of Puthinadi Ranga Mancha Community Hall, Puthinadi,Chungi Lahing, Nakachar, 17 No Pub Nakachari GP","Development of Puthinadi Ranga Mancha Community Hall, Puthinadi,Chungi Lahing, Nakachar, 17 No Pub Nakachari GP",,GAURAV GOGOI,,JORHAT,Completed,250000,2025-10-06T00:00:00.000Z,,,,,,,,,,,,Community Centers & Halls,Social Infrastructure
164861.0,6a932bb5cd94452437a1c971,Assam,Assam,Sonitpur,Sonitpur,"SONITPUR(Deputy Commissioner Sonitpur, Tezpur)","SONITPUR(Deputy Commissioner Sonitpur, Tezpur)",Repair and Renovation,Repair and Renovation,490768.0,2026-01-21T00:00:00.000Z,2026.0,0.0,"Repairing of Community Hall at Saikia Chuburi Namghar Campus, Majgaon, Tezpur","Repairing of Community Hall at Saikia Chuburi Namghar Campus, Majgaon, Tezpur",,RANJIT DUTTA,,Sonitpur,Completed,490768,2026-01-21T00:00:00.000Z,,,,,,,,,,,,Community Centers & Halls,Social Infrastructure
139569.0,6a932bb5cd94452437a1660e,Madhya Pradesh,Madhya Pradesh,DAMOH,DAMOH,DAMOH(DISTRICT COLLECTOR DAMOH_IDA),DAMOH(DISTRICT COLLECTOR DAMOH_IDA),Normal/Others,Normal/Others,500000.0,2025-09-09T00:00:00.000Z,2025.0,0.0,atirikt kakch niman kary panchayat bhavan ke piche vyayam sala ke pass gram panchayat abhana,atirikt kakch niman kary panchayat bhavan ke piche vyayam sala ke pass gram panchayat abhana,,RAHUL SINGH LODHI,,DAMOH,Completed,500000,2025-09-09T00:00:00.000Z,,,,,,,,,,,,Community Centers & Halls,Social Infrastructure
196487.0,6a932bb5cd94452437a1b9f2,Bihar,Bihar,PURVI CHAMPARAN,PURVI CHAMPARAN,PURBI CHAMPARAN(DISTRICT PLANNING OFFICER MOTHIHARI EAST CHAMPARAN_IDA),PURBI CHAMPARAN(DISTRICT PLANNING OFFICER MOTHIHARI EAST CHAMPARAN_IDA),Normal/Others,Normal/Others,1498840.0,2025-12-11T00:00:00.000Z,2025.0,0.0,Motihari Nagar Nigam Antargart Sri Krishan Sinha Mahila Mahavidhyala Ke Parishar Me Shed Ka Nirman Karya.,Motihari Nagar Nigam Antargart Sri Krishan Sinha Mahila Mahavidhyala Ke Parishar Me Shed Ka Nirman Karya.,,Radha Mohan Singh,,PURVI CHAMPARAN,Completed,1498840,2025-12-11T00:00:00.000Z,,,,,,,,,,,,Community Centers & Halls,Social Infrastructure
170397.0,6a932bb5cd94452437a1afee,Assam,Assam,Sonitpur,Sonitpur,"SONITPUR(Deputy Commissioner Sonitpur, Tezpur)","SONITPUR(Deputy Commissioner Sonitpur, Tezpur)",Normal/Others,Normal/Others,499959.0,2025-10-24T00:00:00.000Z,2025.0,0.0,"Construction of Community Hall at Kundarabari, Near Kundarabari Ranga Mancha","Construction of Community Hall at Kundarabari, Near Kundarabari Ranga Mancha",,RANJIT DUTTA,,Sonitpur,Completed,499959,2025-10-24T00:00:00.000Z,,,,,,,,,,,,Community Centers & Halls,Social Infrastructure
171032.0,6a932bb5cd94452437a1b424,Assam,Assam,DIBRUGARH,DIBRUGARH,TINSUKIA(DC Tinsukia),TINSUKIA(DC Tinsukia),Normal/Others,Normal/Others,940219.0,2026-05-08T00:00:00.000Z,2026.0,0.0,"Construction of Community Hall at Gellapukhuri Tea Estate 14 no. Line, Gellapukhuri Gaon","Construction of Community Hall at Gellapukhuri Tea Estate 14 no. Line, Gellapukhuri Gaon",,Shri Sarbananda Sonowal (18LS),,DIBRUGARH,Completed,940219,2026-05-08T00:00:00.000Z,,,,,,,,,,,,Community Centers & Halls,Social Infrastructure
162795.0,6a932bb5cd94452437a183e3,Gujarat,Gujarat,ANAND,ANAND,ANAND(District Collector ANAND_IDA),ANAND(District Collector ANAND_IDA),Normal/Others,Normal/Others,140000.0,2025-12-05T00:00:00.000Z,2025.0,0.0,Bhetasi (Vanta) Game Vagharivas (Ranchhodpura) Vistarma Shed Karvanu Kam.,Bhetasi (Vanta) Game Vagharivas (Ranchhodpura) Vistarma Shed Karvanu Kam.,,Mitesh Rameshbhai Bakabhai Patel,,ANAND,Completed,140000,2025-12-05T00:00:00.000Z,,,,,,,,,,,,Community Centers & Halls,Social Infrastructure
162813.0,6a932bb5cd94452437a185b6,Gujarat,Gujarat,ANAND,ANAND,ANAND(District Collector ANAND_IDA),ANAND(District Collector ANAND_IDA),Normal/Others,Normal/Others,29900.0,2025-07-05T00:00:00.000Z,2025.0,0.0,Baharpura Vistarma Jognimata Na Mandir Pasena Vistarma Shed Nu Kam,Baharpura Vistarma Jognimata Na Mandir Pasena Vistarma Shed Nu Kam,,Mitesh Rameshbhai Bakabhai Patel,,ANAND,Completed,29900,2025-07-05T00:00:00.000Z,,,,,,,,,,,,Community Centers & Halls,Social Infrastructure
162820.0,6a932bb5cd94452437a185b7,Gujarat,Gujarat,ANAND,ANAND,ANAND(District Collector ANAND_IDA),ANAND(District Collector ANAND_IDA),Normal/Others,Normal/Others,79135.0,2025-07-07T00:00:00.000Z,2025.0,0.0,Pagivagama Mandir Pasena Vistarma Shed nu Kam,Pagivagama Mandir Pasena Vistarma Shed nu Kam,,Mitesh Rameshbhai Bakabhai Patel,,ANAND,Completed,79135,2025-07-07T00:00:00.000Z,,,,,,,,,,,,Community Centers & Halls,Social Infrastructure
173480.0,6a932bb5cd94452437a19322,Assam,Assam,Diphu,Diphu,KARBI ANGLONG(DEPUTY COMMISSIONER KARBI ANGLONG_IDA),KARBI ANGLONG(DEPUTY COMMISSIONER KARBI ANGLONG_IDA),Normal/Others,Normal/Others,1498825.0,2025-07-25T00:00:00.000Z,2025.0,0.0,"Construction of Open Stage at Phonglangso, Diphu","Construction of Open Stage at Phonglangso, Diphu",,AMARSING TISSO,,Diphu,Completed,1498825,2025-07-25T00:00:00.000Z,,,,,,,,,,,,Community Centers & Halls,Social Infrastructure
176687.0,6a932bb5cd94452437a19c7a,Assam,Assam,Sonitpur,Sonitpur,"SONITPUR(Deputy Commissioner Sonitpur, Tezpur)","SONITPUR(Deputy Commissioner Sonitpur, Tezpur)",Normal/Others,Normal/Others,1866320.0,2025-08-28T00:00:00.000Z,2025.0,0.0,"LED display system at D.C.  Conference Hall-II, Sonitpur, Tezpur","LED display system at D.C.  Conference Hall-II, Sonitpur, Tezpur",,RANJIT DUTTA,,Sonitpur,Completed,1866320,2025-08-28T00:00:00.000Z,,,,,,,,,,,,Community Centers & Halls,Social Infrastructure
162904.0,6a932bb5cd94452437a1be84,Gujarat,Gujarat,MAHESANA,MAHESANA,MAHESANA(DISTRICT COLLECTOR MAHESANA_IDA),MAHESANA(DISTRICT COLLECTOR MAHESANA_IDA),Normal/Others,Normal/Others,200000.0,2025-12-17T00:00:00.000Z,2025.0,0.0,Construction of a Shed at old dalit vas (SC),Construction of a Shed at old dalit vas (SC),,HARIBHAI PATEL,,MAHESANA,Completed,200000,2025-12-17T00:00:00.000Z,,,,,,,,,,,,Community Centers & Halls,Social Infrastructure
146357.0,6a932bb5cd94452437a18522,Madhya Pradesh,Madhya Pradesh,KHANDWA,KHANDWA,Khandwa (East Nimar)(DISTRICT COLLECTOR EAST NIMAR_IDA),Khandwa (East Nimar)(DISTRICT COLLECTOR EAST NIMAR_IDA),Normal/Others,Normal/Others,250000.0,2026-04-07T00:00:00.000Z,2026.0,0.0,sarvajanik shed nirman ekhand,sarvajanik shed nirman ekhand,,Gyaneshwar Patil,,KHANDWA,Completed,250000,2026-04-07T00:00:00.000Z,,,,,,,,,,,,Community Centers & Halls,Social Infrastructure
182036.0,6a932bb5cd94452437a1885b,Assam,Assam,Sonitpur,Sonitpur,Biswanath(Deputy Commissioner Biswanath_IDA),Biswanath(Deputy Commissioner Biswanath_IDA),Normal/Others,Normal/Others,500000.0,2026-03-30T00:00:00.000Z,2026.0,0.0,Construction of Community Hall at Rangchali Sadhubasti Center,Construction of Community Hall at Rangchali Sadhubasti Center,,RANJIT DUTTA,,Sonitpur,Completed,500000,2026-03-30T00:00:00.000Z,,,,,,,,,,,,Community Centers & Halls,Social Infrastructure
184245.0,6a932bb5cd94452437a1c641,Assam,Assam,JORHAT,JORHAT,JORHAT(DEPUTY COMMISSIONER JORHAT_IDA),JORHAT(DEPUTY COMMISSIONER JORHAT_IDA),Normal/Others,Normal/Others,150000.0,2026-02-11T00:00:00.000Z,2026.0,0.0,"Construction of Community Centre near at Kali Mandir, Dehingia Para TE, Kathalguri GP","Construction of Community Centre near at Kali Mandir, Dehingia Para TE, Kathalguri GP",,GAURAV GOGOI,,JORHAT,Completed,150000,2026-02-11T00:00:00.000Z,,,,,,,,,,,,Community Centers & Halls,Social Infrastructure
196924.0,6a932bb5cd94452437a19f3f,Assam,Assam,LAKHIMPUR,LAKHIMPUR,DHEMAJI(DEPUTY COMMISSIONER DHEMAJI_IDA),DHEMAJI(DEPUTY COMMISSIONER DHEMAJI_IDA),Normal/Others,Normal/Others,300000.0,2025-09-03T00:00:00.000Z,2025.0,0.0,"Const. of community hall near Shri Shri Kath Bapu Satra, Sissiborgaon LAC under MPLADS, FY 2025-26","Const. of community hall near Shri Shri Kath Bapu Satra, Sissiborgaon LAC under MPLADS, FY 2025-26",,Pradan Baruah,,LAKHIMPUR,Completed,300000,2025-09-03T00:00:00.000Z,,,,,,,,,,,,Community Centers & Halls,Social Infrastructure
146596.0,6a932bb5cd94452437a1af94,Madhya Pradesh,Madhya Pradesh,KHANDWA,KHANDWA,BURHANPUR(District Collector Burhanpur_IDA),BURHANPUR(District Collector Burhanpur_IDA),Normal/Others,Normal/Others,500000.0,2025-10-23T00:00:00.000Z,2025.0,0.0,SABHA MANDAP AT WARD NUM 2 NEAR PANI TANKI,SABHA MANDAP AT WARD NUM 2 NEAR PANI TANKI,,Gyaneshwar Patil,,KHANDWA,Completed,500000,2025-10-23T00:00:00.000Z,,,,,,,,,,,,Community Centers & Halls,Social Infrastructure
196926.0,6a932bb5cd94452437a19779,Assam,Assam,LAKHIMPUR,LAKHIMPUR,DHEMAJI(DEPUTY COMMISSIONER DHEMAJI_IDA),DHEMAJI(DEPUTY COMMISSIONER DHEMAJI_IDA),Normal/Others,Normal/Others,300000.0,2025-08-11T00:00:00.000Z,2025.0,0.0,"Const. of community hall near Dhunaguri Kalita Gaon Harimandir, Amguri GP under MPLADS, FY 2025-26","Const. of community hall near Dhunaguri Kalita Gaon Harimandir, Amguri GP under MPLADS, FY 2025-26",,Pradan Baruah,,LAKHIMPUR,Completed,300000,2025-08-11T00:00:00.000Z,,,,,,,,,,,,Community Centers & Halls,Social Infrastructure
147436.0,6a932bb5cd94452437a16b28,Madhya Pradesh,Madhya Pradesh,KHARGONE,KHARGONE,Khargone (West Nimar)(DISTRICT COLLECTOR KHARGONE_IDA),Khargone (West Nimar)(DISTRICT COLLECTOR KHARGONE_IDA),Normal/Others,Normal/Others,1000000.0,2026-01-21T00:00:00.000Z,2026.0,0.0,Construction of community hall in village Piprata at Kushwaha Mohalla,Construction of community hall in village Piprata at Kushwaha Mohalla,,Gajendra Singh Patel,,KHARGONE,Completed,1000000,2026-01-21T00:00:00.000Z,,,,,,,,,,,,Community Centers & Halls,Social Infrastructure
147444.0,6a932bb5cd94452437a170ae,Madhya Pradesh,Madhya Pradesh,KHARGONE,KHARGONE,Khargone (West Nimar)(DISTRICT COLLECTOR KHARGONE_IDA),Khargone (West Nimar)(DISTRICT COLLECTOR KHARGONE_IDA),Normal/Others,Normal/Others,1000000.0,2026-04-24T00:00:00.000Z,2026.0,0.0,Construction of community hall in village Dasanga at Patidar Mohalla,Construction of community hall in village Dasanga at Patidar Mohalla,,Gajendra Singh Patel,,KHARGONE,Completed,1000000,2026-04-24T00:00:00.000Z,,,,,,,,,,,,Community Centers & Halls,Social Infrastructure
147659.0,6a932bb5cd94452437a16955,Madhya Pradesh,Madhya Pradesh,KHARGONE,KHARGONE,Khargone (West Nimar)(DISTRICT COLLECTOR KHARGONE_IDA),Khargone (West Nimar)(DISTRICT COLLECTOR KHARGONE_IDA),Normal/Others,Normal/Others,1000000.0,2025-09-17T00:00:00.000Z,2025.0,0.0,Construction of common work shed in village Choli at Near Radha Bihari Gaushala,Construction of common work shed in village Choli at Near Radha Bihari Gaushala,,Gajendra Singh Patel,,KHARGONE,Completed,1000000,2025-09-17T00:00:00.000Z,,,,,,,,,,,,Community Centers & Halls,Social Infrastructure
196928.0,6a932bb5cd94452437a19d55,Assam,Assam,LAKHIMPUR,LAKHIMPUR,DHEMAJI(DEPUTY COMMISSIONER DHEMAJI_IDA),DHEMAJI(DEPUTY COMMISSIONER DHEMAJI_IDA),Normal/Others,Normal/Others,300000.0,2025-08-29T00:00:00.000Z,2025.0,0.0,"Const. of community hall near Namoni Chowkhamting Namghar, Sissiborgaon LAC under MPLADS, for the year 2025-26","Const. of community hall near Namoni Chowkhamting Namghar, Sissiborgaon LAC under MPLADS, for the year 2025-26",,Pradan Baruah,,LAKHIMPUR,Completed,300000,2025-08-29T00:00:00.000Z,,,,,,,,,,,,Community Centers & Halls,Social Infrastructure
196939.0,6a932bb5cd94452437a1bee5,Assam,Assam,LAKHIMPUR,LAKHIMPUR,DHEMAJI(DEPUTY COMMISSIONER DHEMAJI_IDA),DHEMAJI(DEPUTY COMMISSIONER DHEMAJI_IDA),Normal/Others,Normal/Others,300000.0,2025-12-18T00:00:00.000Z,2025.0,0.0,"Const. of community hall near Sissiborgaon Anchalik Sarbajanin Shivamandir, Sissiborgaon LAC under MPLADS, for the year 2025-26","Const. of community hall near Sissiborgaon Anchalik Sarbajanin Shivamandir, Sissiborgaon LAC under MPLADS, for the year 2025-26",,Pradan Baruah,,LAKHIMPUR,Completed,300000,2025-12-18T00:00:00.000Z,,,,,,,,,,,,Community Centers & Halls,Social Infrastructure
165547.0,6a932bb5cd94452437a1756f,Madhya Pradesh,Madhya Pradesh,MANDLA,MANDLA,Narsimhapur(DISTRICT COLLECTOR NARSINGHPUR_IDA),Narsimhapur(DISTRICT COLLECTOR NARSINGHPUR_IDA),Normal/Others,Normal/Others,100000.0,2026-03-24T00:00:00.000Z,2026.0,0.0,Kherapati mandir ke pas shed nirman,Kherapati mandir ke pas shed nirman,,Faggan Singh Kulaste,,MANDLA,Completed,100000,2026-03-24T00:00:00.000Z,,,,,,,,,,,,Community Centers & Halls,Social Infrastructure
169053.0,6a932bb5cd94452437a18263,Madhya Pradesh,Madhya Pradesh,CHHINDWARA,CHHINDWARA,CHHINDWARA(DISTRICT COLLECTOR CHHINDWARA_IDA),CHHINDWARA(DISTRICT COLLECTOR CHHINDWARA_IDA),Normal/Others,Normal/Others,200000.0,2025-11-07T00:00:00.000Z,2025.0,0.0,Construction Of Teen Shed At Jhamta,Construction Of Teen Shed At Jhamta,,BUNTY VIVEK SAHU,,CHHINDWARA,Completed,200000,2025-11-07T00:00:00.000Z,,,,,,,,,,,,Community Centers & Halls,Social Infrastructure
169096.0,6a932bb5cd94452437a1737f,Madhya Pradesh,Madhya Pradesh,SHAHDOL,SHAHDOL,KATNI(District Collector Katni_IDA),KATNI(District Collector Katni_IDA),Normal/Others,Normal/Others,300000.0,2025-06-17T00:00:00.000Z,2025.0,0.0,Community Building construction work near Badi Madhiya. Implementing Agency - Gram Panchayat,Community Building construction work near Badi Madhiya. Implementing Agency - Gram Panchayat,,Smt Himadri Singh,,SHAHDOL,Completed,300000,2025-06-17T00:00:00.000Z,,,,,,,,,,,,Community Centers & Halls,Social Infrastructure
175004.0,6a932bb5cd94452437a1e539,Gujarat,Gujarat,JAMNAGAR,JAMNAGAR,DEVBHUMI DWARKA(DISTRICT COLLECTOR DEVBHUMI DWARKA_IDA),DEVBHUMI DWARKA(DISTRICT COLLECTOR DEVBHUMI DWARKA_IDA),Normal/Others,Normal/Others,720042.0,2026-08-06T00:00:00.000Z,2026.0,0.0,For the work of the community hall at the back of the Ahir samaj  in Shiva village,For the work of the community hall at the back of the Ahir samaj  in Shiva village,,Smt Poonamben Hematbhai Maadam,,JAMNAGAR,Completed,720042,2026-08-06T00:00:00.000Z,,,,,,,,,,,,Community Centers & Halls,Social Infrastructure
162345.0,6a932bb5cd94452437a173ce,Madhya Pradesh,Madhya Pradesh,SAGAR,SAGAR,VIDISHA(District Collector Vidisha_IDA),VIDISHA(District Collector Vidisha_IDA),Normal/Others,Normal/Others,989506.0,2025-10-16T00:00:00.000Z,2025.0,0.0,Gram Panchayat Rawan me panchayat bhavan evam aganbadi parisar ki boundribal nirman karya hetu.,Gram Panchayat Rawan me panchayat bhavan evam aganbadi parisar ki boundribal nirman karya hetu.,,DR. LATA WANKHEDE,,SAGAR,Completed,989506,2025-10-16T00:00:00.000Z,,,,,,,,,,,,Community Centers & Halls,Social Infrastructure
211185.0,6a932bb5cd94452437a1bf9e,Assam,Assam,KOKRAJHAR,KOKRAJHAR,KOKRAJHAR(DEPUTY COMMISSIONER KOKRAJHAR_IDA),KOKRAJHAR(DEPUTY COMMISSIONER KOKRAJHAR_IDA),Normal/Others,Normal/Others,998502.0,2025-12-19T00:00:00.000Z,2025.0,0.0,Construction of Community hall at Narabari village under Nepalpara VCDC,Construction of Community hall at Narabari village under Nepalpara VCDC,,JOYANTA BASUMATARY,,KOKRAJHAR,Completed,998502,2025-12-19T00:00:00.000Z,,,,,,,,,,,,Community Centers & Halls,Social Infrastructure
159137.0,6a932bb5cd94452437a18221,Madhya Pradesh,Madhya Pradesh,DHAR,DHAR,DHAR(DISTRICT COLLECTOR DHAR_IDA),DHAR(DISTRICT COLLECTOR DHAR_IDA),Normal/Others,Normal/Others,800000.0,2025-10-14T00:00:00.000Z,2025.0,0.0,ashram ke samne shed nirman,ashram ke samne shed nirman,,SAVITRI THAKUR,,DHAR,Completed,800000,2025-10-14T00:00:00.000Z,,,,,,,,,,,,Community Centers & Halls,Social Infrastructure
159144.0,6a932bb5cd94452437a1710f,Madhya Pradesh,Madhya Pradesh,DHAR,DHAR,DHAR(DISTRICT COLLECTOR DHAR_IDA),DHAR(DISTRICT COLLECTOR DHAR_IDA),Normal/Others,Normal/Others,800000.0,2025-07-09T00:00:00.000Z,2025.0,0.0,gram faraspura me nale ke pas shed nirman,gram faraspura me nale ke pas shed nirman,,SAVITRI THAKUR,,DHAR,Completed,800000,2025-07-09T00:00:00.000Z,,,,,,,,,,,,Community Centers & Halls,Social Infrastructure
159148.0,6a932bb5cd94452437a16efa,Madhya Pradesh,Madhya Pradesh,DHAR,DHAR,DHAR(DISTRICT COLLECTOR DHAR_IDA),DHAR(DISTRICT COLLECTOR DHAR_IDA),Normal/Others,Normal/Others,994284.0,2025-08-30T00:00:00.000Z,2025.0,0.0,punarvas sthal par ward 4 me manglik bhavan,punarvas sthal par ward 4 me manglik bhavan,,SAVITRI THAKUR,,DHAR,Completed,994284,2025-08-30T00:00:00.000Z,,,,,,,,,,,,Community Centers & Halls,Social Infrastructure
159275.0,6a932bb5cd94452437a16f6d,Madhya Pradesh,Madhya Pradesh,DHAR,DHAR,DHAR(DISTRICT COLLECTOR DHAR_IDA),DHAR(DISTRICT COLLECTOR DHAR_IDA),Normal/Others,Normal/Others,600000.0,2026-03-09T00:00:00.000Z,2026.0,0.0,gram shahpura me samudaik bhavan nirman,gram shahpura me samudaik bhavan nirman,,SAVITRI THAKUR,,DHAR,Completed,600000,2026-03-09T00:00:00.000Z,,,,,,,,,,,,Community Centers & Halls,Social Infrastructure
206800.0,6a932bb5cd94452437a1b5fe,Assam,Assam,Sonitpur,Sonitpur,"SONITPUR(Deputy Commissioner Sonitpur, Tezpur)","SONITPUR(Deputy Commissioner Sonitpur, Tezpur)",Normal/Others,Normal/Others,499597.0,2025-11-17T00:00:00.000Z,2025.0,0.0,"Renovation or Construction of Community Hall at Barika Chuburi Smasan, Madhya Barika Chuburi, Tezpur","Renovation or Construction of Community Hall at Barika Chuburi Smasan, Madhya Barika Chuburi, Tezpur",,RANJIT DUTTA,,Sonitpur,Completed,499597,2025-11-17T00:00:00.000Z,,,,,,,,,,,,Community Centers & Halls,Social Infrastructure
207099.0,6a932bb5cd94452437a19d24,Assam,Assam,BARPETA,BARPETA,NALBARI(DEPUTY COMMISSIONER NALBARI_IDA),NALBARI(DEPUTY COMMISSIONER NALBARI_IDA),Normal/Others,Normal/Others,1000000.0,2026-02-05T00:00:00.000Z,2026.0,0.0,"Construction of Dining Hall near Sri Sri Shiva Mandir, Shantidham Nalbari","Construction of Dining Hall near Sri Sri Shiva Mandir, Shantidham Nalbari",,PHANI BHUSAN CHOUDHURY,,BARPETA,Completed,1000000,2026-02-05T00:00:00.000Z,,,,,,,,,,,,Community Centers & Halls,Social Infrastructure
223891.0,6a932bb5cd94452437a1b376,Assam,Assam,Darrang-Udalguri,Darrang-Udalguri,UDALGURI(DEPUTY COMMISSIONER Udalguri_IDA),UDALGURI(DEPUTY COMMISSIONER Udalguri_IDA),Normal/Others,Normal/Others,400000.0,2026-02-17T00:00:00.000Z,2026.0,0.0,"Construction of Community Hall near Kadamguri Burha Gohain Than,No.2 Purani Bhergaon","Construction of Community Hall near Kadamguri Burha Gohain Than,No.2 Purani Bhergaon",,Dilip Saikia,,Darrang-Udalguri,Completed,400000,2026-02-17T00:00:00.000Z,,,,,,,,,,,,Community Centers & Halls,Social Infrastructure
177244.0,6a932bb5cd94452437a18969,Madhya Pradesh,Madhya Pradesh,GUNA,GUNA,GUNA(District Collector Guna_IDA),GUNA(District Collector Guna_IDA),Normal/Others,Normal/Others,1000000.0,2026-04-16T00:00:00.000Z,2026.0,0.0,Construction of community hall,Construction of community hall,,JYOTIRADITYA M. SCINDIA,,GUNA,Completed,1000000,2026-04-16T00:00:00.000Z,,,,,,,,,,,,Community Centers & Halls,Social Infrastructure
223974.0,6a932bb5cd94452437a1c23c,Assam,Assam,Darrang-Udalguri,Darrang-Udalguri,UDALGURI(DEPUTY COMMISSIONER Udalguri_IDA),UDALGURI(DEPUTY COMMISSIONER Udalguri_IDA),Normal/Others,Normal/Others,400000.0,2026-03-02T00:00:00.000Z,2026.0,0.0,Const. of Community Hall at Kalaigaon Press Guild.,Const. of Community Hall at Kalaigaon Press Guild.,,Dilip Saikia,,Darrang-Udalguri,Completed,400000,2026-03-02T00:00:00.000Z,,,,,,,,,,,,Community Centers & Halls,Social Infrastructure
151651.0,6a932bb5cd94452437a16b59,Madhya Pradesh,Madhya Pradesh,CHHINDWARA,CHHINDWARA,CHHINDWARA(DISTRICT COLLECTOR CHHINDWARA_IDA),CHHINDWARA(DISTRICT COLLECTOR CHHINDWARA_IDA),Normal/Others,Normal/Others,150000.0,2026-01-30T00:00:00.000Z,2026.0,0.0,GP Gondra Ke Samarboh Main KalaMunch Main Teen shed Nirman,GP Gondra Ke Samarboh Main KalaMunch Main Teen shed Nirman,,BUNTY VIVEK SAHU,,CHHINDWARA,Completed,150000,2026-01-30T00:00:00.000Z,,,,,,,,,,,,Community Centers & Halls,Social Infrastructure
166321.0,6a932bb5cd94452437a18d14,Gujarat,Gujarat,BHAVNAGAR,BHAVNAGAR,BHAVNAGAR(DISTRICT COLLECTOR BHAVNAGAR_IDA),BHAVNAGAR(DISTRICT COLLECTOR BHAVNAGAR_IDA),Normal/Others,Normal/Others,300000.0,2025-07-10T00:00:00.000Z,2025.0,0.0,To construct a shed at the cremation ground at Jamanvav Gram Panchayat,To construct a shed at the cremation ground at Jamanvav Gram Panchayat,,NIMUBEN JAYANTIBHAI BAMBHANIYA,,BHAVNAGAR,Completed,300000,2025-07-10T00:00:00.000Z,,,,,,,,,,,,Community Centers & Halls,Social Infrastructure
166324.0,6a932bb5cd94452437a18b1d,Gujarat,Gujarat,BHAVNAGAR,BHAVNAGAR,BHAVNAGAR(DISTRICT COLLECTOR BHAVNAGAR_IDA),BHAVNAGAR(DISTRICT COLLECTOR BHAVNAGAR_IDA),Normal/Others,Normal/Others,200000.0,2025-07-03T00:00:00.000Z,2025.0,0.0,To construct a shed at the cremation ground at Jaliya (Khara) Shree Bahadurgadh Gram Panchayat,To construct a shed at the cremation ground at Jaliya (Khara) Shree Bahadurgadh Gram Panchayat,,NIMUBEN JAYANTIBHAI BAMBHANIYA,,BHAVNAGAR,Completed,200000,2025-07-03T00:00:00.000Z,,,,,,,,,,,,Community Centers & Halls,Social Infrastructure
152378.0,6a932bb5cd94452437a1942c,Madhya Pradesh,Madhya Pradesh,TIKAMGARH,TIKAMGARH,TIKAMGARH(DISTRICT COLLECTOR TIKAMGARH_IDA),TIKAMGARH(DISTRICT COLLECTOR TIKAMGARH_IDA),Normal/Others,Normal/Others,249039.0,2025-11-06T00:00:00.000Z,2025.0,0.0,Paragarh Talaiya ke Ghaat Par Shed Nirman,Paragarh Talaiya ke Ghaat Par Shed Nirman,,Virendra Kumar,,TIKAMGARH,Completed,249039,2025-11-06T00:00:00.000Z,,,,,,,,,,,,Community Centers & Halls,Social Infrastructure
166343.0,6a932bb5cd94452437a1d6ca,Gujarat,Gujarat,BHAVNAGAR,BHAVNAGAR,BHAVNAGAR(DISTRICT COLLECTOR BHAVNAGAR_IDA),BHAVNAGAR(DISTRICT COLLECTOR BHAVNAGAR_IDA),Normal/Others,Normal/Others,499808.0,2026-03-06T00:00:00.000Z,2026.0,0.0,Construction of community hall (Ambedkar Bhawan) at Pipaliya Village (Sihor),Construction of community hall (Ambedkar Bhawan) at Pipaliya Village (Sihor),,NIMUBEN JAYANTIBHAI BAMBHANIYA,,BHAVNAGAR,Completed,499808,2026-03-06T00:00:00.000Z,,,,,,,,,,,,Community Centers & Halls,Social Infrastructure
245635.0,6a932bb5cd94452437a1d54a,Assam,Assam,LAKHIMPUR,LAKHIMPUR,DHEMAJI(DEPUTY COMMISSIONER DHEMAJI_IDA),DHEMAJI(DEPUTY COMMISSIONER DHEMAJI_IDA),Normal/Others,Normal/Others,299985.0,2026-02-27T00:00:00.000Z,2026.0,0.0,"Const. of community hall near Kalpanapur Namghar, Sissiborgaon LAC","Const. of community hall near Kalpanapur Namghar, Sissiborgaon LAC",,Pradan Baruah,,LAKHIMPUR,Completed,299985,2026-02-27T00:00:00.000Z,,,,,,,,,,,,Community Centers & Halls,Social Infrastructure
175788.0,6a932bb5cd94452437a1ad00,Gujarat,Gujarat,NAVSARI,NAVSARI,NAVSARI(DISTRICT COLLECTOR NAVSARI_IDA),NAVSARI(DISTRICT COLLECTOR NAVSARI_IDA),Normal/Others,Normal/Others,250000.0,2025-10-13T00:00:00.000Z,2025.0,0.0,For Community Hall in Naher faliya at Kanbad Village,For Community Hall in Naher faliya at Kanbad Village,,C R Patil,,NAVSARI,Completed,250000,2025-10-13T00:00:00.000Z,,,,,,,,,,,,Community Centers & Halls,Social Infrastructure
245637.0,6a932bb5cd94452437a1dd57,Assam,Assam,LAKHIMPUR,LAKHIMPUR,DHEMAJI(DEPUTY COMMISSIONER DHEMAJI_IDA),DHEMAJI(DEPUTY COMMISSIONER DHEMAJI_IDA),Normal/Others,Normal/Others,297000.0,2026-03-31T00:00:00.000Z,2026.0,0.0,"Const. of community hall near Garmarah Bhakati Roshan Prathamik Hakha Namghar, Sissiborgaon LAC under MPLADS, FY 2025-26","Const. of community hall near Garmarah Bhakati Roshan Prathamik Hakha Namghar, Sissiborgaon LAC under MPLADS, FY 2025-26",,Pradan Baruah,,LAKHIMPUR,Completed,297000,2026-03-31T00:00:00.000Z,,,,,,,,,,,,Community Centers & Halls,Social Infrastructure
182504.0,6a932bb5cd94452437a1829e,Madhya Pradesh,Madhya Pradesh,DHAR,DHAR,DHAR(DISTRICT COLLECTOR DHAR_IDA),DHAR(DISTRICT COLLECTOR DHAR_IDA),Normal/Others,Normal/Others,500000.0,2025-10-14T00:00:00.000Z,2025.0,0.0,samudayek bhavan ke samne pevrs kary,samudayek bhavan ke samne pevrs kary,,SAVITRI THAKUR,,DHAR,Completed,500000,2025-10-14T00:00:00.000Z,,,,,,,,,,,,Community Centers & Halls,Social Infrastructure
185679.0,6a932bb5cd94452437a1d7c4,Madhya Pradesh,Madhya Pradesh,JABALPUR,JABALPUR,JABALPUR(DISTRICT COLLECTOR JABALPUR_IDA),JABALPUR(DISTRICT COLLECTOR JABALPUR_IDA),Normal/Others,Normal/Others,221569.0,2026-04-15T00:00:00.000Z,2026.0,0.0,Construction of community hall .,Construction of community hall .,,ASHISH DUBEY,,JABALPUR,Completed,221569,2026-04-15T00:00:00.000Z,,,,,,,,,,,,Community Centers & Halls,Social Infrastructure
185733.0,6a932bb5cd94452437a1dbea,Madhya Pradesh,Madhya Pradesh,JABALPUR,JABALPUR,JABALPUR(DISTRICT COLLECTOR JABALPUR_IDA),JABALPUR(DISTRICT COLLECTOR JABALPUR_IDA),Normal/Others,Normal/Others,197467.0,2026-04-09T00:00:00.000Z,2026.0,0.0,"Construction of community hall for cultural activity rangmanch, University Residential Colony.","Construction of community hall for cultural activity rangmanch, University Residential Colony.",,ASHISH DUBEY,,JABALPUR,Completed,197467,2026-04-09T00:00:00.000Z,,,,,,,,,,,,Community Centers & Halls,Social Infrastructure
187093.0,6a932bb5cd94452437a17d84,Madhya Pradesh,Madhya Pradesh,UJJAIN,UJJAIN,UJJAIN(DISTRICT COLLECTOR UJJAIN_IDA),UJJAIN(DISTRICT COLLECTOR UJJAIN_IDA),Normal/Others,Normal/Others,300000.0,2026-02-04T00:00:00.000Z,2026.0,0.0,gram bhilkheda panchayat bhawan ke samne pevar block,gram bhilkheda panchayat bhawan ke samne pevar block,,Shri Anil Firojiya,,UJJAIN,Completed,300000,2026-02-04T00:00:00.000Z,,,,,,,,,,,,Community Centers & Halls,Social Infrastructure
190149.0,6a932bb5cd94452437a18eaa,Madhya Pradesh,Madhya Pradesh,DEWAS,DEWAS,DEWAS(DISTRICT COLLECTOR DEWAS_IDA),DEWAS(DISTRICT COLLECTOR DEWAS_IDA),Normal/Others,Normal/Others,500000.0,2026-01-08T00:00:00.000Z,2026.0,0.0,gram panchayt bavlya ke gram tilyakhedi me collage ke paas sthai shed nirman hetu,gram panchayt bavlya ke gram tilyakhedi me collage ke paas sthai shed nirman hetu,,Mahendra Singh Solanky,,DEWAS,Completed,500000,2026-01-08T00:00:00.000Z,,,,,,,,,,,,Community Centers & Halls,Social Infrastructure
180870.0,6a932bb5cd94452437a1d30f,Gujarat,Gujarat,KACHCHH,KACHCHH,KACHCHH(DISTRICT COLLECTOR KUTCH_IDA),KACHCHH(DISTRICT COLLECTOR KUTCH_IDA),Normal/Others,Normal/Others,471400.0,2026-02-20T00:00:00.000Z,2026.0,0.0,Bhuj Saher Bhilvaas Laal tekri Vistar Community hall paase,Bhuj Saher Bhilvaas Laal tekri Vistar Community hall paase,,Vinod Chavda,,KACHCHH,Completed,471400,2026-02-20T00:00:00.000Z,,,,,,,,,,,,Community Centers & Halls,Social Infrastructure
180957.0,6a932bb5cd94452437a1a3e0,Gujarat,Gujarat,PATAN,PATAN,BANAS KANTHA(DISTRICT COLLECTOR BANAS KANTHA_IDA),BANAS KANTHA(DISTRICT COLLECTOR BANAS KANTHA_IDA),Normal/Others,Normal/Others,500000.0,2025-09-20T00:00:00.000Z,2025.0,0.0,bajaniya vasma shed nu work,bajaniya vasma shed nu work,,Bharatsinhji Shankarji Dabhi,,PATAN,Completed,500000,2025-09-20T00:00:00.000Z,,,,,,,,,,,,Community Centers & Halls,Social Infrastructure
134702.0,6a932bb5cd94452437a16a87,Bihar,Bihar,PURVI CHAMPARAN,PURVI CHAMPARAN,PURBI CHAMPARAN(DISTRICT PLANNING OFFICER MOTHIHARI EAST CHAMPARAN_IDA),PURBI CHAMPARAN(DISTRICT PLANNING OFFICER MOTHIHARI EAST CHAMPARAN_IDA),Normal/Others,Normal/Others,1363504.0,2024-12-16T00:00:00.000Z,2024.0,0.0,SANGRAMPUR BAJAR ME SHEDYUKT CHABUTARA KE AAGE SHED KA NIRMAN.,SANGRAMPUR BAJAR ME SHEDYUKT CHABUTARA KE AAGE SHED KA NIRMAN.,,Radha Mohan Singh,,PURVI CHAMPARAN,Completed,1363504,2024-12-16T00:00:00.000Z,,,,,,,,,,,,Community Centers & Halls,Social Infrastructure
194348.0,6a932bb5cd94452437a18e78,Madhya Pradesh,Madhya Pradesh,MANDSOUR,MANDSOUR,MANDSAUR(DISTRICT COLLECTOR MANDSAUR_IDA),MANDSAUR(DISTRICT COLLECTOR MANDSAUR_IDA),Normal/Others,Normal/Others,800000.0,2026-01-22T00:00:00.000Z,2026.0,0.0,hall for cultural activity,hall for cultural activity,,Shri Sudheer Gupta ,,MANDSOUR,Completed,800000,2026-01-22T00:00:00.000Z,,,,,,,,,,,,Community Centers & Halls,Social Infrastructure
195099.0,6a932bb5cd94452437a1a077,Madhya Pradesh,Madhya Pradesh,UJJAIN,UJJAIN,UJJAIN(DISTRICT COLLECTOR UJJAIN_IDA),UJJAIN(DISTRICT COLLECTOR UJJAIN_IDA),Normal/Others,Normal/Others,800000.0,2026-04-30T00:00:00.000Z,2026.0,0.0,gram tankariya kazi me shed for workers,gram tankariya kazi me shed for workers,,Shri Anil Firojiya,,UJJAIN,Completed,800000,2026-04-30T00:00:00.000Z,,,,,,,,,,,,Community Centers & Halls,Social Infrastructure
135979.0,6a932bb5cd94452437a16a89,Bihar,Bihar,PURVI CHAMPARAN,PURVI CHAMPARAN,PURBI CHAMPARAN(DISTRICT PLANNING OFFICER MOTHIHARI EAST CHAMPARAN_IDA),PURBI CHAMPARAN(DISTRICT PLANNING OFFICER MOTHIHARI EAST CHAMPARAN_IDA),Normal/Others,Normal/Others,1495894.0,2025-04-26T00:00:00.000Z,2025.0,0.0,MOTIHARI NAGAR KE LUMBINI BHAWAN KE PICCHE BUDDH VIHAR PARISAR ME CHABUTARA KA NIRMAN KARYA.,MOTIHARI NAGAR KE LUMBINI BHAWAN KE PICCHE BUDDH VIHAR PARISAR ME CHABUTARA KA NIRMAN KARYA.,,Radha Mohan Singh,,PURVI CHAMPARAN,Completed,1495894,2025-04-26T00:00:00.000Z,,,,,,,,,,,,Community Centers & Halls,Social Infrastructure
168686.0,6a932bb5cd94452437a19d45,Andhra Pradesh,Andhra Pradesh,SRIKAKULAM,SRIKAKULAM,SRIKAKULAM(District Collector Srikakulam_IDA),SRIKAKULAM(District Collector Srikakulam_IDA),Normal/Others,Normal/Others,499598.0,2026-04-22T00:00:00.000Z,2026.0,0.0,Construction of Community Hall at Lollaputtuga Village of B.G.Puttuga GP of Kacviti mandal,Construction of Community Hall at Lollaputtuga Village of B.G.Puttuga GP of Kacviti mandal,,Kinjarapu Ram Mohan Naidu,,SRIKAKULAM,Completed,499598,2026-04-22T00:00:00.000Z,,,,,,,,,,,,Community Centers & Halls,Social Infrastructure
197425.0,6a932bb5cd94452437a1a074,Madhya Pradesh,Madhya Pradesh,CHHINDWARA,CHHINDWARA,Pandhurna(District Collector Pandhurna_IDA),Pandhurna(District Collector Pandhurna_IDA),Normal/Others,Normal/Others,1000000.0,2026-01-12T00:00:00.000Z,2026.0,0.0,Construction Of Samudaik Bhavan (Pawar Samaj Sangathan) BadChicholi Pandhurna,Construction Of Samudaik Bhavan (Pawar Samaj Sangathan) BadChicholi Pandhurna,,BUNTY VIVEK SAHU,,CHHINDWARA,Completed,1000000,2026-01-12T00:00:00.000Z,,,,,,,,,,,,Community Centers & Halls,Social Infrastructure
168690.0,6a932bb5cd94452437a1b02a,Andhra Pradesh,Andhra Pradesh,SRIKAKULAM,SRIKAKULAM,SRIKAKULAM(District Collector Srikakulam_IDA),SRIKAKULAM(District Collector Srikakulam_IDA),Normal/Others,Normal/Others,471605.0,2025-10-25T00:00:00.000Z,2025.0,0.0,Construction of Community Hall at Gokarnapuram village and GP of Kanchili mandal,Construction of Community Hall at Gokarnapuram village and GP of Kanchili mandal,,Kinjarapu Ram Mohan Naidu,,SRIKAKULAM,Completed,471605,2025-10-25T00:00:00.000Z,,,,,,,,,,,,Community Centers & Halls,Social Infrastructure
182496.0,6a932bb5cd94452437a18d97,Gujarat,Gujarat,VADODARA,VADODARA,VADODARA(DISTRICT COLLECTOR VADODARA_IDA),VADODARA(DISTRICT COLLECTOR VADODARA_IDA),Normal/Others,Normal/Others,490000.0,2025-10-30T00:00:00.000Z,2025.0,0.0,kishanwadi khate avel pujay valabhachary prathmik sala ma dome shed bannavva ni kamgiri,kishanwadi khate avel pujay valabhachary prathmik sala ma dome shed bannavva ni kamgiri,,DR. HEMANG JOSHI,,VADODARA,Completed,490000,2025-10-30T00:00:00.000Z,,,,,,,,,,,,Community Centers & Halls,Social Infrastructure
182501.0,6a932bb5cd94452437a1af0e,Gujarat,Gujarat,VADODARA,VADODARA,VADODARA(DISTRICT COLLECTOR VADODARA_IDA),VADODARA(DISTRICT COLLECTOR VADODARA_IDA),Normal/Others,Normal/Others,1073534.0,2025-10-17T00:00:00.000Z,2025.0,0.0,Verai mataji na temple (Subhanpura ) ni bajuma community hall bannavvani kamgiri,Verai mataji na temple (Subhanpura ) ni bajuma community hall bannavvani kamgiri,,DR. HEMANG JOSHI,,VADODARA,Completed,1073534,2025-10-17T00:00:00.000Z,,,,,,,,,,,,Community Centers & Halls,Social Infrastructure
182719.0,6a932bb5cd94452437a19cfe,Gujarat,Gujarat,SABARKANTHA,SABARKANTHA,SABAR KANTHA(DISTRICT COLLECTOR SABARKANTHA_IDA),SABAR KANTHA(DISTRICT COLLECTOR SABARKANTHA_IDA),Normal/Others,Normal/Others,500000.0,2025-09-26T00:00:00.000Z,2025.0,0.0,morad game aajana choudhari ni vadi pase shed nu kam,morad game aajana choudhari ni vadi pase shed nu kam,,SHOBHANABEN MAHENDRASINH BARAIYA,,SABARKANTHA,Completed,500000,2025-09-26T00:00:00.000Z,,,,,,,,,,,,Community Centers & Halls,Social Infrastructure
137006.0,6a932bb5cd94452437a1873b,Bihar,Bihar,BUXAR,BUXAR,BUXAR(DISTRICT PLANNING OFFICER BUXAR_IDA),BUXAR(DISTRICT PLANNING OFFICER BUXAR_IDA),Normal/Others,Normal/Others,1488976.0,2026-02-02T00:00:00.000Z,2026.0,0.0,Construction of community building in campus of Disabled Rehabilitation Center,Construction of community building in campus of Disabled Rehabilitation Center,,SUDHAKAR SINGH,,BUXAR,Completed,1488976,2026-02-02T00:00:00.000Z,,,,,,,,,,,,Community Centers & Halls,Social Infrastructure
209972.0,6a932bb5cd94452437a1c7bd,Bihar,Bihar,VALMIKI NAGAR,VALMIKI NAGAR,PASHCHIM CHAMPARAN(DISTRICT PLANNING OFFICER WEST CHAMPARANBETTIAH_IDA),PASHCHIM CHAMPARAN(DISTRICT PLANNING OFFICER WEST CHAMPARANBETTIAH_IDA),Normal/Others,Normal/Others,481074.0,2026-04-18T00:00:00.000Z,2026.0,0.0,prkhand gaunaha panchayat lakchnota ward number 08 ke krpuri nagar me sochalay sahit samudayik bhavan ka nirman kary,prkhand gaunaha panchayat lakchnota ward number 08 ke krpuri nagar me sochalay sahit samudayik bhavan ka nirman kary,,Sunil Kumar ,,VALMIKI NAGAR,Completed,481074,2026-04-18T00:00:00.000Z,,,,,,,,,,,,Community Centers & Halls,Social Infrastructure
183676.0,6a932bb5cd94452437a1a49f,Gujarat,Gujarat,PATAN,PATAN,BANAS KANTHA(DISTRICT COLLECTOR BANAS KANTHA_IDA),BANAS KANTHA(DISTRICT COLLECTOR BANAS KANTHA_IDA),Normal/Others,Normal/Others,300000.0,2025-09-23T00:00:00.000Z,2025.0,0.0,para vistarma jaher jagya upar shed work,para vistarma jaher jagya upar shed work,,Bharatsinhji Shankarji Dabhi,,PATAN,Completed,300000,2025-09-23T00:00:00.000Z,,,,,,,,,,,,Community Centers & Halls,Social Infrastructure
168701.0,6a932bb5cd94452437a1c62b,Andhra Pradesh,Andhra Pradesh,SRIKAKULAM,SRIKAKULAM,SRIKAKULAM(District Collector Srikakulam_IDA),SRIKAKULAM(District Collector Srikakulam_IDA),Normal/Others,Normal/Others,490311.0,2026-04-13T00:00:00.000Z,2026.0,0.0,Construction of Community Hall at RH Colony of Loddaputti Village and GP of Ichapuram mandal,Construction of Community Hall at RH Colony of Loddaputti Village and GP of Ichapuram mandal,,Kinjarapu Ram Mohan Naidu,,SRIKAKULAM,Completed,490311,2026-04-13T00:00:00.000Z,,,,,,,,,,,,Community Centers & Halls,Social Infrastructure
137686.0,6a932bb5cd94452437a17e22,Bihar,Bihar,PATNA SAHIB,PATNA SAHIB,PATNA(DISTRICT PLANNING OFFICER PATNA_IDA),PATNA(DISTRICT PLANNING OFFICER PATNA_IDA),Normal/Others,Normal/Others,1326673.0,2025-04-29T00:00:00.000Z,2025.0,0.0,Construction work of community hall near Bhagwati place in Kandap village of Sampatchak block under Fatua Legislative Assembly.,Construction work of community hall near Bhagwati place in Kandap village of Sampatchak block under Fatua Legislative Assembly.,,Ravi Shankar Prasad,,PATNA SAHIB,Completed,1326673,2025-04-29T00:00:00.000Z,,,,,,,,,,,,Community Centers & Halls,Social Infrastructure
206140.0,6a932bb5cd94452437a191ff,Madhya Pradesh,Madhya Pradesh,UJJAIN,UJJAIN,UJJAIN(DISTRICT COLLECTOR UJJAIN_IDA),UJJAIN(DISTRICT COLLECTOR UJJAIN_IDA),Normal/Others,Normal/Others,800000.0,2026-02-12T00:00:00.000Z,2026.0,0.0,gram suneda me sc basti me workers hetu common work shed nirman,gram suneda me sc basti me workers hetu common work shed nirman,,Shri Anil Firojiya,,UJJAIN,Completed,800000,2026-02-12T00:00:00.000Z,,,,,,,,,,,,Community Centers & Halls,Social Infrastructure
184975.0,6a932bb5cd94452437a1ad1d,Gujarat,Gujarat,CHHOTA UDAIPUR,CHHOTA UDAIPUR,CHHOTAUDEPUR(DISTRICT COLLECTOR CHHOTA UDEPUR_IDA),CHHOTAUDEPUR(DISTRICT COLLECTOR CHHOTA UDEPUR_IDA),Normal/Others,Normal/Others,300000.0,2025-10-14T00:00:00.000Z,2025.0,0.0,Work of Shed,Work of Shed,,JASHUBHAI BHILUBHAI RATHVA,,CHHOTA UDAIPUR,Completed,300000,2025-10-14T00:00:00.000Z,,,,,,,,,,,,Community Centers & Halls,Social Infrastructure
212356.0,6a932bb5cd94452437a1c583,Bihar,Bihar,HAJIPUR,HAJIPUR,VAISHALI(DISTRICT PLANNING OFFICER VAISHALI_IDA),VAISHALI(DISTRICT PLANNING OFFICER VAISHALI_IDA),Repair and Renovation,Repair and Renovation,984031.0,2026-01-12T00:00:00.000Z,2026.0,0.0,Lalganj Nagar Parishad Ke Ward No. 6 Me Sharda Sadan Pustakalaya Bhawan Ka Jirnodhar,Lalganj Nagar Parishad Ke Ward No. 6 Me Sharda Sadan Pustakalaya Bhawan Ka Jirnodhar,,CHIRAG PASWAN,,HAJIPUR,Completed,984031,2026-01-12T00:00:00.000Z,,,,,,,,,,,,Community Centers & Halls,Social Infrastructure
188026.0,6a932bb5cd94452437a18e01,Gujarat,Gujarat,SABARKANTHA,SABARKANTHA,ARVALLI(DISTRICT COLLECTOR ARVALLI_IDA),ARVALLI(DISTRICT COLLECTOR ARVALLI_IDA),Normal/Others,Normal/Others,300000.0,2025-07-29T00:00:00.000Z,2025.0,0.0,aganvadi kendra ma shed nu  kam,aganvadi kendra ma shed nu  kam,,SHOBHANABEN MAHENDRASINH BARAIYA,,SABARKANTHA,Completed,300000,2025-07-29T00:00:00.000Z,,,,,,,,,,,,Community Centers & Halls,Social Infrastructure
216093.0,6a932bb5cd94452437a1bd35,Madhya Pradesh,Madhya Pradesh,SATNA,SATNA,Maihar(District Collector Maihar_IDA),Maihar(District Collector Maihar_IDA),Normal/Others,Normal/Others,579000.0,2025-12-31T00:00:00.000Z,2025.0,0.0,Rajy sahkari vipnan sangh bhandaran kendra Ramnagar me kishan Vishram shed nirman hetu,Rajy sahkari vipnan sangh bhandaran kendra Ramnagar me kishan Vishram shed nirman hetu,,Ganesh Singh,,SATNA,Completed,579000,2025-12-31T00:00:00.000Z,,,,,,,,,,,,Community Centers & Halls,Social Infrastructure
218710.0,6a932bb5cd94452437a1afb8,Madhya Pradesh,Madhya Pradesh,DHAR,DHAR,DHAR(DISTRICT COLLECTOR DHAR_IDA),DHAR(DISTRICT COLLECTOR DHAR_IDA),Normal/Others,Normal/Others,500000.0,2025-10-24T00:00:00.000Z,2025.0,0.0,gram hirapur me goushala ke pas shed nirman,gram hirapur me goushala ke pas shed nirman,,SAVITRI THAKUR,,DHAR,Completed,500000,2025-10-24T00:00:00.000Z,,,,,,,,,,,,Community Centers & Halls,Social Infrastructure
188442.0,6a932bb5cd94452437a1850b,Gujarat,Gujarat,PATAN,PATAN,BANAS KANTHA(DISTRICT COLLECTOR BANAS KANTHA_IDA),BANAS KANTHA(DISTRICT COLLECTOR BANAS KANTHA_IDA),Normal/Others,Normal/Others,500000.0,2025-06-05T00:00:00.000Z,2025.0,0.0,rathod vas game community hall work,rathod vas game community hall work,,Bharatsinhji Shankarji Dabhi,,PATAN,Completed,500000,2025-06-05T00:00:00.000Z,,,,,,,,,,,,Community Centers & Halls,Social Infrastructure
220158.0,6a932bb5cd94452437a1d541,Madhya Pradesh,Madhya Pradesh,RATLAM,RATLAM,RATLAM(District Collector Ratlam_IDA),RATLAM(District Collector Ratlam_IDA),Trust and Society,Trust and Society,2499466.0,2026-03-02T00:00:00.000Z,2026.0,0.0,Ratlam Ward No 14 Katju Nagar Shaikchanik bhavan nirman Rs 25 lack Svikrat ki gai Sansad nidhi se,Ratlam Ward No 14 Katju Nagar Shaikchanik bhavan nirman Rs 25 lack Svikrat ki gai Sansad nidhi se,,ANITA NAGARSINGH CHOUHAN,,RATLAM,Completed,2499466,2026-03-02T00:00:00.000Z,,,,,,,,,,,,Community Centers & Halls,Social Infrastructure
188457.0,6a932bb5cd94452437a18ccc,Gujarat,Gujarat,PATAN,PATAN,BANAS KANTHA(DISTRICT COLLECTOR BANAS KANTHA_IDA),BANAS KANTHA(DISTRICT COLLECTOR BANAS KANTHA_IDA),Normal/Others,Normal/Others,200000.0,2025-08-12T00:00:00.000Z,2025.0,0.0,Cremation roof work in Dalit community crematorium (sc),Cremation roof work in Dalit community crematorium (sc),,Bharatsinhji Shankarji Dabhi,,PATAN,Completed,200000,2025-08-12T00:00:00.000Z,,,,,,,,,,,,Community Centers & Halls,Social Infrastructure
212912.0,6a932bb5cd94452437a1af51,Bihar,Bihar,MAHARAJGANJ,MAHARAJGANJ,SIWAN(DISTRICT PLANNING OFFICER SIWAN_IDA),SIWAN(DISTRICT PLANNING OFFICER SIWAN_IDA),Normal/Others,Normal/Others,635830.0,2025-10-18T00:00:00.000Z,2025.0,0.0,Maharajganj Nagar Panchayat Antargat Gorakh Singh Mahavidyalaya Campus me Prashasnik Bhawan ke Samne Wali Sadak ka PCC Nirman,Maharajganj Nagar Panchayat Antargat Gorakh Singh Mahavidyalaya Campus me Prashasnik Bhawan ke Samne Wali Sadak ka PCC Nirman,,Shri Janardan Singh Sigriwal ,,MAHARAJGANJ,Completed,635830,2025-10-18T00:00:00.000Z,,,,,,,,,,,,Community Centers & Halls,Social Infrastructure
185047.0,6a932bb5cd94452437a1aec8,Gujarat,Gujarat,MAHESANA,MAHESANA,MAHESANA(DISTRICT COLLECTOR MAHESANA_IDA),MAHESANA(DISTRICT COLLECTOR MAHESANA_IDA),Normal/Others,Normal/Others,300000.0,2025-10-17T00:00:00.000Z,2025.0,0.0,COSTRUCTION OF COMMON WORK SHED NEAR VARAHI SHISHU MANDIR FOR PUBLIC PLACE,COSTRUCTION OF COMMON WORK SHED NEAR VARAHI SHISHU MANDIR FOR PUBLIC PLACE,,HARIBHAI PATEL,,MAHESANA,Completed,300000,2025-10-17T00:00:00.000Z,,,,,,,,,,,,Community Centers & Halls,Social Infrastructure
185584.0,6a932bb5cd94452437a1b4b3,Gujarat,Gujarat,PANCHMAHAL,PANCHMAHAL,PANCH MAHALS(DISTRICT COLLECTOR PANCHMAHALS_IDA),PANCH MAHALS(DISTRICT COLLECTOR PANCHMAHALS_IDA),Normal/Others,Normal/Others,495000.0,2025-11-12T00:00:00.000Z,2025.0,0.0,CONSTRUCTION OF COMMUNITY HALL IN JHAKHRIPURA VILLAGE,CONSTRUCTION OF COMMUNITY HALL IN JHAKHRIPURA VILLAGE,,RAJPALSINH MAHENDRASINH JADAV,,PANCHMAHAL,Completed,495000,2025-11-12T00:00:00.000Z,,,,,,,,,,,,Community Centers & Halls,Social Infrastructure
185588.0,6a932bb5cd94452437a1df43,Gujarat,Gujarat,PANCHMAHAL,PANCHMAHAL,PANCH MAHALS(DISTRICT COLLECTOR PANCHMAHALS_IDA),PANCH MAHALS(DISTRICT COLLECTOR PANCHMAHALS_IDA),Normal/Others,Normal/Others,495000.0,2026-04-08T00:00:00.000Z,2026.0,0.0,CONSTRUCTION OF COMMUNITY HALL NEAR  PANDYA MATA FALIYA,CONSTRUCTION OF COMMUNITY HALL NEAR  PANDYA MATA FALIYA,,RAJPALSINH MAHENDRASINH JADAV,,PANCHMAHAL,Completed,495000,2026-04-08T00:00:00.000Z,,,,,,,,,,,,Community Centers & Halls,Social Infrastructure
188645.0,6a932bb5cd94452437a1cb1e,Gujarat,Gujarat,JUNAGADH,JUNAGADH,JUNAGADH(DISTRICT COLLECTOR JUNAGADH_IDA),JUNAGADH(DISTRICT COLLECTOR JUNAGADH_IDA),Normal/Others,Normal/Others,499333.0,2026-01-29T00:00:00.000Z,2026.0,0.0,"Junagadh District,Maliya Hatina Taluka,Amrapur Village, Construction of a community hall in a public space in front of Rameshbhai house in Amrapur village","Junagadh District,Maliya Hatina Taluka,Amrapur Village, Construction of a community hall in a public space in front of Rameshbhai house in Amrapur village",,Rajeshbhai Naranbhai Chudasama,,JUNAGADH,Completed,499333,2026-01-29T00:00:00.000Z,,,,,,,,,,,,Community Centers & Halls,Social Infrastructure
214110.0,6a932bb5cd94452437a18c2c,Bihar,Bihar,BANKA,BANKA,BANKA(DISTRICT PLANNING OFFICER BANKA_IDA),BANKA(DISTRICT PLANNING OFFICER BANKA_IDA),Normal/Others,Normal/Others,1334000.0,2025-07-07T00:00:00.000Z,2025.0,0.0,Construction of SS bus shed,Construction of SS bus shed,,Giridhari Yadav,,BANKA,Completed,1334000,2025-07-07T00:00:00.000Z,,,,,,,,,,,,Community Centers & Halls,Social Infrastructure
214112.0,6a932bb5cd94452437a18c2b,Bihar,Bihar,BANKA,BANKA,BANKA(DISTRICT PLANNING OFFICER BANKA_IDA),BANKA(DISTRICT PLANNING OFFICER BANKA_IDA),Normal/Others,Normal/Others,1334000.0,2025-07-07T00:00:00.000Z,2025.0,0.0,Construction of SS bus shed,Construction of SS bus shed,,Giridhari Yadav,,BANKA,Completed,1334000,2025-07-07T00:00:00.000Z,,,,,,,,,,,,Community Centers & Halls,Social Infrastructure
228939.0,6a932bb5cd94452437a1b103,Madhya Pradesh,Madhya Pradesh,KHARGONE,KHARGONE,Khargone (West Nimar)(DISTRICT COLLECTOR KHARGONE_IDA),Khargone (West Nimar)(DISTRICT COLLECTOR KHARGONE_IDA),Normal/Others,Normal/Others,400000.0,2025-12-08T00:00:00.000Z,2025.0,0.0,Construction of community hall in village Bhilgaon at Raj Nagar,Construction of community hall in village Bhilgaon at Raj Nagar,,Gajendra Singh Patel,,KHARGONE,Completed,400000,2025-12-08T00:00:00.000Z,,,,,,,,,,,,Community Centers & Halls,Social Infrastructure
214114.0,6a932bb5cd94452437a18c2e,Bihar,Bihar,BANKA,BANKA,BANKA(DISTRICT PLANNING OFFICER BANKA_IDA),BANKA(DISTRICT PLANNING OFFICER BANKA_IDA),Normal/Others,Normal/Others,1334000.0,2025-07-07T00:00:00.000Z,2025.0,0.0,Construction of SS bus shed,Construction of SS bus shed,,Giridhari Yadav,,BANKA,Completed,1334000,2025-07-07T00:00:00.000Z,,,,,,,,,,,,Community Centers & Halls,Social Infrastructure
190905.0,6a932bb5cd94452437a1b5f2,Gujarat,Gujarat,KACHCHH,KACHCHH,KACHCHH(DISTRICT COLLECTOR KUTCH_IDA),KACHCHH(DISTRICT COLLECTOR KUTCH_IDA),Normal/Others,Normal/Others,400000.0,2025-11-17T00:00:00.000Z,2025.0,0.0,Lakhapat talukana siyot gaame dayabaapa mandir pase karigar common work shed,Lakhapat talukana siyot gaame dayabaapa mandir pase karigar common work shed,,Vinod Chavda,,KACHCHH,Completed,400000,2025-11-17T00:00:00.000Z,,,,,,,,,,,,Community Centers & Halls,Social Infrastructure
190907.0,6a932bb5cd94452437a1cf6e,Gujarat,Gujarat,KACHCHH,KACHCHH,KACHCHH(DISTRICT COLLECTOR KUTCH_IDA),KACHCHH(DISTRICT COLLECTOR KUTCH_IDA),Normal/Others,Normal/Others,400000.0,2026-02-10T00:00:00.000Z,2026.0,0.0,Bhuj talukana tharavada nana gaame maheshvari samajvaadi pase karigar common work shed,Bhuj talukana tharavada nana gaame maheshvari samajvaadi pase karigar common work shed,,Vinod Chavda,,KACHCHH,Completed,400000,2026-02-10T00:00:00.000Z,,,,,,,,,,,,Community Centers & Halls,Social Infrastructure
230680.0,6a932bb5cd94452437a1b411,Madhya Pradesh,Madhya Pradesh,SHAHDOL,SHAHDOL,KATNI(District Collector Katni_IDA),KATNI(District Collector Katni_IDA),Normal/Others,Normal/Others,400000.0,2026-02-23T00:00:00.000Z,2026.0,0.0,Construction of Community Building in Kumhar Mohalla. Implementing Agency - Gram Panchayat,Construction of Community Building in Kumhar Mohalla. Implementing Agency - Gram Panchayat,,Smt Himadri Singh,,SHAHDOL,Completed,400000,2026-02-23T00:00:00.000Z,,,,,,,,,,,,Community Centers & Halls,Social Infrastructure
242477.0,6a932bb5cd94452437a1b254,Madhya Pradesh,Madhya Pradesh,GWALIOR,GWALIOR,SHIVPURI(District Collector Shivpuri_IDA),SHIVPURI(District Collector Shivpuri_IDA),Normal/Others,Normal/Others,491425.0,2026-04-07T00:00:00.000Z,2026.0,0.0,vipdan sangh ke pohari stithi godam parisar me krashk vishram shed (farmer shed) ka nirman karya,vipdan sangh ke pohari stithi godam parisar me krashk vishram shed (farmer shed) ka nirman karya,,BHARAT SINGH KUSHWAH,,GWALIOR,Completed,491425,2026-04-07T00:00:00.000Z,,,,,,,,,,,,Community Centers & Halls,Social Infrastructure
215039.0,6a932bb5cd94452437a1e125,Bihar,Bihar,NALANDA,NALANDA,NALANDA(DISTRICT PLANNING OFFICER NALANDA_IDA),NALANDA(DISTRICT PLANNING OFFICER NALANDA_IDA),Normal/Others,Normal/Others,432750.0,2026-04-20T00:00:00.000Z,2026.0,0.0,Giriyak block ke gram gajipur me khata 500 khesra 891 par samudaik bhawan ka nirman.,Giriyak block ke gram gajipur me khata 500 khesra 891 par samudaik bhawan ka nirman.,,Kaushalendra Kumar,,NALANDA,Completed,432750,2026-04-20T00:00:00.000Z,,,,,,,,,,,,Community Centers & Halls,Social Infrastructure
249902.0,6a932bb5cd94452437a1c562,Madhya Pradesh,Madhya Pradesh,SAGAR,SAGAR,SAGAR(DISTRICT COLLECTOR SAGAR_IDA),SAGAR(DISTRICT COLLECTOR SAGAR_IDA),Normal/Others,Normal/Others,500000.0,2026-03-10T00:00:00.000Z,2026.0,0.0,Gram Panchayat Manesiya Ke shamshan Ghat me Shed Evam Tar fenshing Karya hetu.,Gram Panchayat Manesiya Ke shamshan Ghat me Shed Evam Tar fenshing Karya hetu.,,DR. LATA WANKHEDE,,SAGAR,Completed,500000,2026-03-10T00:00:00.000Z,,,,,,,,,,,,Community Centers & Halls,Social Infrastructure
193719.0,6a932bb5cd94452437a1af03,Gujarat,Gujarat,AHMEDABAD EAST,AHMEDABAD EAST,GANDHINAGAR(DISTRICT COLLECTOR GANDHINAGAR_IDA),GANDHINAGAR(DISTRICT COLLECTOR GANDHINAGAR_IDA),Normal/Others,Normal/Others,399660.0,2025-11-03T00:00:00.000Z,2025.0,0.0,Construction of Shed at Main Hall of Hathijan Village,Construction of Shed at Main Hall of Hathijan Village,,Hasmukh Bhai Soma Bhai Patel,,AHMEDABAD EAST,Completed,399660,2025-11-03T00:00:00.000Z,,,,,,,,,,,,Community Centers & Halls,Social Infrastructure
193750.0,6a932bb5cd94452437a1cacb,Gujarat,Gujarat,KACHCHH,KACHCHH,KACHCHH(DISTRICT COLLECTOR KUTCH_IDA),KACHCHH(DISTRICT COLLECTOR KUTCH_IDA),Normal/Others,Normal/Others,400000.0,2026-02-02T00:00:00.000Z,2026.0,0.0,Abdasa talukana Karodiya mota gaame charan samajvadi khutta shed nu kaam common work shed,Abdasa talukana Karodiya mota gaame charan samajvadi khutta shed nu kaam common work shed,,Vinod Chavda,,KACHCHH,Completed,400000,2026-02-02T00:00:00.000Z,,,,,,,,,,,,Community Centers & Halls,Social Infrastructure
215152.0,6a932bb5cd94452437a18c29,Bihar,Bihar,BANKA,BANKA,BANKA(DISTRICT PLANNING OFFICER BANKA_IDA),BANKA(DISTRICT PLANNING OFFICER BANKA_IDA),Normal/Others,Normal/Others,1334000.0,2025-07-07T00:00:00.000Z,2025.0,0.0,Katoriya Nagar panchayat Ward No- 6 ke gram Bhairopur Kali Mandir ke pass SS Yatri Shed (Steel) ka nirman.,Katoriya Nagar panchayat Ward No- 6 ke gram Bhairopur Kali Mandir ke pass SS Yatri Shed (Steel) ka nirman.,,Giridhari Yadav,,BANKA,Completed,1334000,2025-07-07T00:00:00.000Z,,,,,,,,,,,,Community Centers & Halls,Social Infrastructure
252530.0,6a932bb5cd94452437a1c54c,Madhya Pradesh,Madhya Pradesh,DAMOH,DAMOH,SAGAR(DISTRICT COLLECTOR SAGAR_IDA),SAGAR(DISTRICT COLLECTOR SAGAR_IDA),Normal/Others,Normal/Others,999980.0,2026-08-04T00:00:00.000Z,2026.0,0.0,GRAM PANCHAYAT BELAI ME SAMUDAYIK NIRMAN KARY,GRAM PANCHAYAT BELAI ME SAMUDAYIK NIRMAN KARY,,RAHUL SINGH LODHI,,DAMOH,Completed,999980,2026-08-04T00:00:00.000Z,,,,,,,,,,,,Community Centers & Halls,Social Infrastructure
196482.0,6a932bb5cd94452437a1cdc4,Gujarat,Gujarat,JAMNAGAR,JAMNAGAR,DEVBHUMI DWARKA(DISTRICT COLLECTOR DEVBHUMI DWARKA_IDA),DEVBHUMI DWARKA(DISTRICT COLLECTOR DEVBHUMI DWARKA_IDA),Normal/Others,Normal/Others,499519.0,2026-02-10T00:00:00.000Z,2026.0,0.0,"Mota Kalavad village of Bhanvad taluka, next to the Ahir community, opposite Pirkhakhara, work on a community hall","Mota Kalavad village of Bhanvad taluka, next to the Ahir community, opposite Pirkhakhara, work on a community hall",,Smt Poonamben Hematbhai Maadam,,JAMNAGAR,Completed,499519,2026-02-10T00:00:00.000Z,,,,,,,,,,,,Community Centers & Halls,Social Infrastructure
136522.0,6a932bb5cd94452437a183f0,Maharashtra,Maharashtra,AMRAVATI,AMRAVATI,AMRAVATI(DISTRICT COLLECTOR AMRAVATI_IDA),AMRAVATI(DISTRICT COLLECTOR AMRAVATI_IDA),Normal/Others,Normal/Others,1497556.0,2025-05-30T00:00:00.000Z,2025.0,0.0,"CONSTRUCTION OF COMMUNITY HALL , AT RAMABAI AMBEDKAR NAGAR , DARYAPUR DIST AMRAVATI","CONSTRUCTION OF COMMUNITY HALL , AT RAMABAI AMBEDKAR NAGAR , DARYAPUR DIST AMRAVATI",,BALWANT BASWANT WANKHADE,,AMRAVATI,Completed,1497556,2025-05-30T00:00:00.000Z,,,,,,,,,,,,Community Centers & Halls,Social Infrastructure
136975.0,6a932bb5cd94452437a1bbff,Maharashtra,Maharashtra,AMRAVATI,AMRAVATI,AMRAVATI(DISTRICT COLLECTOR AMRAVATI_IDA),AMRAVATI(DISTRICT COLLECTOR AMRAVATI_IDA),Normal/Others,Normal/Others,598750.0,2026-03-11T00:00:00.000Z,2026.0,0.0,Construction Of Cremation Shed At Dighi Ta. Daryapur Dist Amravati,Construction Of Cremation Shed At Dighi Ta. Daryapur Dist Amravati,,BALWANT BASWANT WANKHADE,,AMRAVATI,Completed,598750,2026-03-11T00:00:00.000Z,,,,,,,,,,,,Community Centers & Halls,Social Infrastructure
144107.0,6a932bb5cd94452437a1ccb0,Maharashtra,Maharashtra,LATUR,LATUR,LATUR(DISTRICT COLLECTOR LATUR_IDA),LATUR(DISTRICT COLLECTOR LATUR_IDA),Normal/Others,Normal/Others,1494640.0,2026-02-03T00:00:00.000Z,2026.0,0.0,"Construction of Community Hall at Ward No.17,Lakshminagar,Chakur,District.Latur","Construction of Community Hall at Ward No.17,Lakshminagar,Chakur,District.Latur",,DR KALGE SHIVAJI BANDAPPA,,LATUR,Completed,1494640,2026-02-03T00:00:00.000Z,,,,,,,,,,,,Community Centers & Halls,Social Infrastructure
146325.0,6a932bb5cd94452437a1a2e3,Maharashtra,Maharashtra,MUMBAI SOUTH,MUMBAI SOUTH,MUMBAI(DISTRICT COLLECTOR MUMBAI CITY_IDA),MUMBAI(DISTRICT COLLECTOR MUMBAI CITY_IDA),Normal/Others,Normal/Others,1193715.0,2025-09-17T00:00:00.000Z,2025.0,0.0,ahok mahadeo palwankar dighenagar socity community hall,ahok mahadeo palwankar dighenagar socity community hall,,Arvind Ganpat Sawant,,MUMBAI SOUTH,Completed,1193715,2025-09-17T00:00:00.000Z,,,,,,,,,,,,Community Centers & Halls,Social Infrastructure
146335.0,6a932bb5cd94452437a1a2ec,Maharashtra,Maharashtra,MUMBAI SOUTH,MUMBAI SOUTH,MUMBAI(DISTRICT COLLECTOR MUMBAI CITY_IDA),MUMBAI(DISTRICT COLLECTOR MUMBAI CITY_IDA),Normal/Others,Normal/Others,1494831.0,2025-09-17T00:00:00.000Z,2025.0,0.0,jay bajrang krida mandal n.m joshi marg sewri community hall,jay bajrang krida mandal n.m joshi marg sewri community hall,,Arvind Ganpat Sawant,,MUMBAI SOUTH,Completed,1494831,2025-09-17T00:00:00.000Z,,,,,,,,,,,,Community Centers & Halls,Social Infrastructure
146363.0,6a932bb5cd94452437a1a2f0,Maharashtra,Maharashtra,MUMBAI SOUTH,MUMBAI SOUTH,MUMBAI(DISTRICT COLLECTOR MUMBAI CITY_IDA),MUMBAI(DISTRICT COLLECTOR MUMBAI CITY_IDA),Normal/Others,Normal/Others,1590188.0,2025-09-17T00:00:00.000Z,2025.0,0.0,navhans krida mandal gm bhosle marg worli community hall,navhans krida mandal gm bhosle marg worli community hall,,Arvind Ganpat Sawant,,MUMBAI SOUTH,Completed,1590188,2025-09-17T00:00:00.000Z,,,,,,,,,,,,Community Centers & Halls,Social Infrastructure
146365.0,6a932bb5cd94452437a1a2f3,Maharashtra,Maharashtra,MUMBAI SOUTH,MUMBAI SOUTH,MUMBAI(DISTRICT COLLECTOR MUMBAI CITY_IDA),MUMBAI(DISTRICT COLLECTOR MUMBAI CITY_IDA),Normal/Others,Normal/Others,2089002.0,2025-09-17T00:00:00.000Z,2025.0,0.0,engel seva mandal worli naka worli community hall,engel seva mandal worli naka worli community hall,,Arvind Ganpat Sawant,,MUMBAI SOUTH,Completed,2089002,2025-09-17T00:00:00.000Z,,,,,,,,,,,,Community Centers & Halls,Social Infrastructure
146368.0,6a932bb5cd94452437a1a2f9,Maharashtra,Maharashtra,MUMBAI SOUTH,MUMBAI SOUTH,MUMBAI(DISTRICT COLLECTOR MUMBAI CITY_IDA),MUMBAI(DISTRICT COLLECTOR MUMBAI CITY_IDA),Normal/Others,Normal/Others,1795410.0,2025-09-17T00:00:00.000Z,2025.0,0.0,uday krida mandal janta colony worlikoliwada worli community hall,uday krida mandal janta colony worlikoliwada worli community hall,,Arvind Ganpat Sawant,,MUMBAI SOUTH,Completed,1795410,2025-09-17T00:00:00.000Z,,,,,,,,,,,,Community Centers & Halls,Social Infrastructure
218804.0,6a932bb5cd94452437a1e743,Bihar,Bihar,NALANDA,NALANDA,NALANDA(DISTRICT PLANNING OFFICER NALANDA_IDA),NALANDA(DISTRICT PLANNING OFFICER NALANDA_IDA),Normal/Others,Normal/Others,599531.0,2026-08-05T00:00:00.000Z,2026.0,0.0,Biharsharif block ke panchayat paroha ke gram palni me mauja palni Brahmsthan ke nikat khata no. 282 khesra no. 61 araji 19 Decimil bhumi par Samudaik bhawan ka nirman.,Biharsharif block ke panchayat paroha ke gram palni me mauja palni Brahmsthan ke nikat khata no. 282 khesra no. 61 araji 19 Decimil bhumi par Samudaik bhawan ka nirman.,,Kaushalendra Kumar,,NALANDA,Completed,599531,2026-08-05T00:00:00.000Z,,,,,,,,,,,,Community Centers & Halls,Social Infrastructure
157560.0,6a932bb5cd94452437a1a3c5,Maharashtra,Maharashtra,NAGPUR,NAGPUR,NAGPUR(DISTRICT COLLECTOR NAGPUR_IDA),NAGPUR(DISTRICT COLLECTOR NAGPUR_IDA),Repair and Renovation,Repair and Renovation,959212.0,2025-09-19T00:00:00.000Z,2025.0,0.0,Repair and renovation to Mira Datar Samaj Bhavan at Arvind Nagar.,Repair and renovation to Mira Datar Samaj Bhavan at Arvind Nagar.,,Nitin Jairam Gadkari,,NAGPUR,Completed,959212,2025-09-19T00:00:00.000Z,,,,,,,,,,,,Community Centers & Halls,Social Infrastructure
157658.0,6a932bb5cd94452437a1d011,Maharashtra,Maharashtra,BEED,BEED,BEED(DISTRICT COLLECTOR BEED_IDA),BEED(DISTRICT COLLECTOR BEED_IDA),Normal/Others,Normal/Others,898526.0,2026-02-13T00:00:00.000Z,2026.0,0.0,Construction of Sabha Mandap in Dalit wasti on Gram Panchayat land.(Special Component Scheme),Construction of Sabha Mandap in Dalit wasti on Gram Panchayat land.(Special Component Scheme),,BAJRANG MANOHAR SONWANE,,BEED,Completed,898526,2026-02-13T00:00:00.000Z,,,,,,,,,,,,Community Centers & Halls,Social Infrastructure
162522.0,6a932bb5cd94452437a195c3,Maharashtra,Maharashtra,AURANGABAD,AURANGABAD,Chhatrapati Sambhajinagar(DISTRICT COLLECTOR AURANGABAD_IDA),Chhatrapati Sambhajinagar(DISTRICT COLLECTOR AURANGABAD_IDA),Normal/Others,Normal/Others,2499612.0,2025-08-05T00:00:00.000Z,2025.0,0.0,VERUL SHRINATH ASHRAM PARISARAT COMMUNITY HALLS RS 25 LAKH,VERUL SHRINATH ASHRAM PARISARAT COMMUNITY HALLS RS 25 LAKH,,BHUMARE SANDIPANRAO ASARAM,,AURANGABAD,Completed,2499612,2025-08-05T00:00:00.000Z,,,,,,,,,,,,Community Centers & Halls,Social Infrastructure
163049.0,6a932bb5cd94452437a18c46,Maharashtra,Maharashtra,PARBHANI,PARBHANI,PARBHANI(DISTRICT COLLECTOR PARBHANI_IDA),PARBHANI(DISTRICT COLLECTOR PARBHANI_IDA),Normal/Others,Normal/Others,999478.0,2025-07-10T00:00:00.000Z,2025.0,0.0,Constructing a social hall at Mauje Pokharni Walkya Tahsil Gangakhed,Constructing a social hall at Mauje Pokharni Walkya Tahsil Gangakhed,,Sanjay Haribhau Jadhav,,PARBHANI,Completed,999478,2025-07-10T00:00:00.000Z,,,,,,,,,,,,Community Centers & Halls,Social Infrastructure
163406.0,6a932bb5cd94452437a1d04a,Maharashtra,Maharashtra,GADCHIROLI-CHIMUR,GADCHIROLI-CHIMUR,GADCHIROLI(DISTRICT COLLECTOR GADCHIROLI_IDA),GADCHIROLI(DISTRICT COLLECTOR GADCHIROLI_IDA),Normal/Others,Normal/Others,495958.0,2026-02-12T00:00:00.000Z,2026.0,0.0,Construction of an meeting hall  at Yengada Ta armori Dist Gadchiroli,Construction of an meeting hall  at Yengada Ta armori Dist Gadchiroli,,DR. KIRSAN NAMDEO,,GADCHIROLI-CHIMUR,Completed,495958,2026-02-12T00:00:00.000Z,,,,,,,,,,,,Community Centers & Halls,Social Infrastructure
165240.0,6a932bb5cd94452437a1d9b5,Maharashtra,Maharashtra,WARDHA,WARDHA,WARDHA(DISTRICT COLLECTOR WARDHA_IDA),WARDHA(DISTRICT COLLECTOR WARDHA_IDA),Normal/Others,Normal/Others,994179.0,2026-03-17T00:00:00.000Z,2026.0,0.0,"Mauja Mahakal,  Dist. Wardha Construction of Community Hall at Wardha.","Mauja Mahakal,  Dist. Wardha Construction of Community Hall at Wardha.",,AMAR SHARADRAO KALE,,WARDHA,Completed,994179,2026-03-17T00:00:00.000Z,,,,,,,,,,,,Community Centers & Halls,Social Infrastructure
169737.0,6a932bb5cd94452437a1ad16,Maharashtra,Maharashtra,KOLHAPUR,KOLHAPUR,KOLHAPUR(DISTRICT COLLECTOR KOLHAPUR_IDA),KOLHAPUR(DISTRICT COLLECTOR KOLHAPUR_IDA),Normal/Others,Normal/Others,1000000.0,2025-10-14T00:00:00.000Z,2025.0,0.0,Cremation shed,Cremation shed,,CHHATRAPATI SHAHU SHAHAJI,,KOLHAPUR,Completed,1000000,2025-10-14T00:00:00.000Z,,,,,,,,,,,,Community Centers & Halls,Social Infrastructure
174565.0,6a932bb5cd94452437a1db26,Maharashtra,Maharashtra,SANGLI,SANGLI,SANGLI(DISTRICT COLLECTOR SANGLI_IDA),SANGLI(DISTRICT COLLECTOR SANGLI_IDA),Normal/Others,Normal/Others,1000000.0,2026-03-23T00:00:00.000Z,2026.0,0.0,Construction of buildings for community cultural activities on Grampanchayat Property No.269,Construction of buildings for community cultural activities on Grampanchayat Property No.269,,VISHAL,,SANGLI,Completed,1000000,2026-03-23T00:00:00.000Z,,,,,,,,,,,,Community Centers & Halls,Social Infrastructure
174568.0,6a932bb5cd94452437a1dbf7,Maharashtra,Maharashtra,SANGLI,SANGLI,SANGLI(DISTRICT COLLECTOR SANGLI_IDA),SANGLI(DISTRICT COLLECTOR SANGLI_IDA),Normal/Others,Normal/Others,1000000.0,2026-03-24T00:00:00.000Z,2026.0,0.0,Construction of buildings for community cultural activities on Grampanchayat Property No.2,Construction of buildings for community cultural activities on Grampanchayat Property No.2,,VISHAL,,SANGLI,Completed,1000000,2026-03-24T00:00:00.000Z,,,,,,,,,,,,Community Centers & Halls,Social Infrastructure
157521.0,6a932bb5cd94452437a193fe,Andhra Pradesh,Andhra Pradesh,ANANTAPUR,ANANTAPUR,Ananthapuramu(DISTRICT COLLECTOR ANANTAPUR_IDA),Ananthapuramu(DISTRICT COLLECTOR ANANTAPUR_IDA),Normal/Others,Normal/Others,481796.0,2025-07-28T00:00:00.000Z,2025.0,0.0,Construction of Community Hall at Appajipeta village of  Pamidi Mandal,Construction of Community Hall at Appajipeta village of  Pamidi Mandal,,AMBICA G LAKSHMINARAYANA VALMIKI,,ANANTAPUR,Completed,481796,2025-07-28T00:00:00.000Z,,,,,,,,,,,,Community Centers & Halls,Social Infrastructure
177576.0,6a932bb5cd94452437a1bb90,Maharashtra,Maharashtra,YAVATMAL-WASHIM,YAVATMAL-WASHIM,YAVATMAL(DISTRICT COLLECTOR YAVATMAL_IDA),YAVATMAL(DISTRICT COLLECTOR YAVATMAL_IDA),Normal/Others,Normal/Others,986561.0,2025-12-16T00:00:00.000Z,2025.0,0.0,At.Kopra jankar yethe open place madhye Sabha Mandap yanche Bandhkaam Karne,At.Kopra jankar yethe open place madhye Sabha Mandap yanche Bandhkaam Karne,,Sanjay Uttamrao Deshmukh,,YAVATMAL-WASHIM,Completed,986561,2025-12-16T00:00:00.000Z,,,,,,,,,,,,Community Centers & Halls,Social Infrastructure
178885.0,6a932bb5cd94452437a18b14,Maharashtra,Maharashtra,AMRAVATI,AMRAVATI,AMRAVATI(DISTRICT COLLECTOR AMRAVATI_IDA),AMRAVATI(DISTRICT COLLECTOR AMRAVATI_IDA),Normal/Others,Normal/Others,998844.0,2025-07-03T00:00:00.000Z,2025.0,0.0,"Construction of Community Hall at Ward No 6 , Wadner Gangai , ta Daryapur","Construction of Community Hall at Ward No 6 , Wadner Gangai , ta Daryapur",,BALWANT BASWANT WANKHADE,,AMRAVATI,Completed,998844,2025-07-03T00:00:00.000Z,,,,,,,,,,,,Community Centers & Halls,Social Infrastructure
182080.0,6a932bb5cd94452437a1a307,Maharashtra,Maharashtra,RAIGAD,RAIGAD,RAIGAD(DISTRICT COLLECTOR RAIGAD_IDA),RAIGAD(DISTRICT COLLECTOR RAIGAD_IDA),Normal/Others,Normal/Others,1497755.0,2025-10-15T00:00:00.000Z,2025.0,0.0,"Construction of social hall at Indapur, Grampanchyat Talashet, Tal-Mangaon, Dist-Raigad","Construction of social hall at Indapur, Grampanchyat Talashet, Tal-Mangaon, Dist-Raigad",,Sunil Dattatray Tatkare,,RAIGAD,Completed,1497755,2025-10-15T00:00:00.000Z,,,,,,,,,,,,Community Centers & Halls,Social Infrastructure
182086.0,6a932bb5cd94452437a18aa1,Maharashtra,Maharashtra,RAIGAD,RAIGAD,RAIGAD(DISTRICT COLLECTOR RAIGAD_IDA),RAIGAD(DISTRICT COLLECTOR RAIGAD_IDA),Normal/Others,Normal/Others,2496670.0,2025-12-04T00:00:00.000Z,2025.0,0.0,"Construction of social hall at Mangaon, Tal-Mangaon, Dist-Raigad","Construction of social hall at Mangaon, Tal-Mangaon, Dist-Raigad",,Sunil Dattatray Tatkare,,RAIGAD,Completed,2496670,2025-12-04T00:00:00.000Z,,,,,,,,,,,,Community Centers & Halls,Social Infrastructure
182088.0,6a932bb5cd94452437a19425,Maharashtra,Maharashtra,RAIGAD,RAIGAD,RAIGAD(DISTRICT COLLECTOR RAIGAD_IDA),RAIGAD(DISTRICT COLLECTOR RAIGAD_IDA),Normal/Others,Normal/Others,1497654.0,2026-04-08T00:00:00.000Z,2026.0,0.0,"Construction of social hall  Grampanchya Tondsure, at Tondure, Tal-Mhasala, Dist-Raigad","Construction of social hall  Grampanchya Tondsure, at Tondure, Tal-Mhasala, Dist-Raigad",,Sunil Dattatray Tatkare,,RAIGAD,Completed,1497654,2026-04-08T00:00:00.000Z,,,,,,,,,,,,Community Centers & Halls,Social Infrastructure
182094.0,6a932bb5cd94452437a198d2,Maharashtra,Maharashtra,RAIGAD,RAIGAD,RAIGAD(DISTRICT COLLECTOR RAIGAD_IDA),RAIGAD(DISTRICT COLLECTOR RAIGAD_IDA),Normal/Others,Normal/Others,1499000.0,2025-12-18T00:00:00.000Z,2025.0,0.0,"Construction of social hall at Mouje Kanghar, Tal- Mhasla, Dist-Raigad","Construction of social hall at Mouje Kanghar, Tal- Mhasla, Dist-Raigad",,Sunil Dattatray Tatkare,,RAIGAD,Completed,1499000,2025-12-18T00:00:00.000Z,,,,,,,,,,,,Community Centers & Halls,Social Infrastructure
182099.0,6a932bb5cd94452437a1d080,Maharashtra,Maharashtra,RAIGAD,RAIGAD,RAIGAD(DISTRICT COLLECTOR RAIGAD_IDA),RAIGAD(DISTRICT COLLECTOR RAIGAD_IDA),Normal/Others,Normal/Others,2499000.0,2026-03-30T00:00:00.000Z,2026.0,0.0,"Construction of social hall at Kandalwada, Tal- Mhasla, Dist-Raigad","Construction of social hall at Kandalwada, Tal- Mhasla, Dist-Raigad",,Sunil Dattatray Tatkare,,RAIGAD,Completed,2499000,2026-03-30T00:00:00.000Z,,,,,,,,,,,,Community Centers & Halls,Social Infrastructure
182567.0,6a932bb5cd94452437a1a5f1,Maharashtra,Maharashtra,RAIGAD,RAIGAD,RAIGAD(DISTRICT COLLECTOR RAIGAD_IDA),RAIGAD(DISTRICT COLLECTOR RAIGAD_IDA),Normal/Others,Normal/Others,1993457.0,2026-04-30T00:00:00.000Z,2026.0,0.0,"Construction of a social hall at Adnale, Tal-Tala, Dist-Raigad","Construction of a social hall at Adnale, Tal-Tala, Dist-Raigad",,Sunil Dattatray Tatkare,,RAIGAD,Completed,1993457,2026-04-30T00:00:00.000Z,,,,,,,,,,,,Community Centers & Halls,Social Infrastructure
182569.0,6a932bb5cd94452437a19f6b,Maharashtra,Maharashtra,RAIGAD,RAIGAD,RAIGAD(DISTRICT COLLECTOR RAIGAD_IDA),RAIGAD(DISTRICT COLLECTOR RAIGAD_IDA),Normal/Others,Normal/Others,2493418.0,2026-05-04T00:00:00.000Z,2026.0,0.0,"Construction of a multipurpose hall  Gram Panchayat Kharavali, Ta- Mangaon, Dist-Raigad","Construction of a multipurpose hall  Gram Panchayat Kharavali, Ta- Mangaon, Dist-Raigad",,Sunil Dattatray Tatkare,,RAIGAD,Completed,2493418,2026-05-04T00:00:00.000Z,,,,,,,,,,,,Community Centers & Halls,Social Infrastructure
183654.0,6a932bb5cd94452437a1dfa1,Maharashtra,Maharashtra,SHIRDI,SHIRDI,Ahilyanagar(DISTRICT COLLECTOR AHMEDNAGAR_IDA),Ahilyanagar(DISTRICT COLLECTOR AHMEDNAGAR_IDA),Normal/Others,Normal/Others,686339.0,2026-04-09T00:00:00.000Z,2026.0,0.0,To construct community Hall in G P Property No 159  1 villege Sakirwadi Taluka Akole,To construct community Hall in G P Property No 159  1 villege Sakirwadi Taluka Akole,,BHAUSAHEB RAJARAM WAKCHAURE,,SHIRDI,Completed,686339,2026-04-09T00:00:00.000Z,,,,,,,,,,,,Community Centers & Halls,Social Infrastructure
184183.0,6a932bb5cd94452437a1d59e,Maharashtra,Maharashtra,SHIRDI,SHIRDI,Ahilyanagar(DISTRICT COLLECTOR AHMEDNAGAR_IDA),Ahilyanagar(DISTRICT COLLECTOR AHMEDNAGAR_IDA),Normal/Others,Normal/Others,490467.0,2026-03-01T00:00:00.000Z,2026.0,0.0,To construct community Hall Construction of boundary walls of existing public and community buildingsin G P property 1299 villege at Dhumalwadi Taluka Akole,To construct community Hall Construction of boundary walls of existing public and community buildingsin G P property 1299 villege at Dhumalwadi Taluka Akole,,BHAUSAHEB RAJARAM WAKCHAURE,,SHIRDI,Completed,490467,2026-03-01T00:00:00.000Z,,,,,,,,,,,,Community Centers & Halls,Social Infrastructure
185160.0,6a932bb5cd94452437a1780a,Maharashtra,Maharashtra,NAGPUR,NAGPUR,NAGPUR(DISTRICT COLLECTOR NAGPUR_IDA),NAGPUR(DISTRICT COLLECTOR NAGPUR_IDA),Normal/Others,Normal/Others,992000.0,2025-03-25T00:00:00.000Z,2025.0,0.0,"Installation of Li-Ning Matin at Badminton Court of NMC Badminton Hall at Vivekanand Nagar, Nagpur","Installation of Li-Ning Matin at Badminton Court of NMC Badminton Hall at Vivekanand Nagar, Nagpur",,Nitin Jairam Gadkari,,NAGPUR,Completed,992000,2025-03-25T00:00:00.000Z,,,,,,,,,,,,Community Centers & Halls,Social Infrastructure
186418.0,6a932bb5cd94452437a196bd,Maharashtra,Maharashtra,RATNAGIRI-SINDHUDURG,RATNAGIRI-SINDHUDURG,SINDHUDURG(DISTRICT COLLECTOR SINDHUDURG_IDA),SINDHUDURG(DISTRICT COLLECTOR SINDHUDURG_IDA),Normal/Others,Normal/Others,990030.0,2025-08-21T00:00:00.000Z,2025.0,0.0,"Construction of a pickup shed at Sindhudurg Nagari, Konkan Railway Station in Kudal Taluka. FY 2024-25","Construction of a pickup shed at Sindhudurg Nagari, Konkan Railway Station in Kudal Taluka. FY 2024-25",,NARAYAN TATU RANE,,RATNAGIRI-SINDHUDURG,Completed,990030,2025-08-21T00:00:00.000Z,,,,,,,,,,,,Community Centers & Halls,Social Infrastructure
221399.0,6a932bb5cd94452437a1c7f2,Bihar,Bihar,MAHARAJGANJ,MAHARAJGANJ,SIWAN(DISTRICT PLANNING OFFICER SIWAN_IDA),SIWAN(DISTRICT PLANNING OFFICER SIWAN_IDA),Normal/Others,Normal/Others,533778.0,2026-01-15T00:00:00.000Z,2026.0,0.0,Goraiyakothi Prakhand ke Panchayat Barhoga Purushotam Antargat Gram Barhoga Yadu me Panchayt Bhawan and Anganwari Kendra ka Chahardiwari Nirman Karya,Goraiyakothi Prakhand ke Panchayat Barhoga Purushotam Antargat Gram Barhoga Yadu me Panchayt Bhawan and Anganwari Kendra ka Chahardiwari Nirman Karya,,Shri Janardan Singh Sigriwal ,,MAHARAJGANJ,Completed,533778,2026-01-15T00:00:00.000Z,,,,,,,,,,,,Community Centers & Halls,Social Infrastructure
187103.0,6a932bb5cd94452437a1c6cc,Maharashtra,Maharashtra,AKOLA,AKOLA,AKOLA(DISTRICT COLLECTOR AKOLA_IDA),AKOLA(DISTRICT COLLECTOR AKOLA_IDA),Normal/Others,Normal/Others,984417.0,2026-01-12T00:00:00.000Z,2026.0,0.0,Construction of Community Hall at Dhanora Tribal locality,Construction of Community Hall at Dhanora Tribal locality,,ANUP SANJAY DHOTRE,,AKOLA,Completed,984417,2026-01-12T00:00:00.000Z,,,,,,,,,,,,Community Centers & Halls,Social Infrastructure
188292.0,6a932bb5cd94452437a1baeb,Maharashtra,Maharashtra,DINDORI,DINDORI,NASHIK(DISTRICT COLLECTOR NASHIK_IDA),NASHIK(DISTRICT COLLECTOR NASHIK_IDA),Normal/Others,Normal/Others,998000.0,2025-12-08T00:00:00.000Z,2025.0,0.0,Construction of a meeting hall at Donwada. Tal. Peth Dist. Nashik (Property No. 353),Construction of a meeting hall at Donwada. Tal. Peth Dist. Nashik (Property No. 353),,BHASKAR MURLIDHAR BHAGARE,,DINDORI,Completed,998000,2025-12-08T00:00:00.000Z,,,,,,,,,,,,Community Centers & Halls,Social Infrastructure
188300.0,6a932bb5cd94452437a1be63,Maharashtra,Maharashtra,DINDORI,DINDORI,NASHIK(DISTRICT COLLECTOR NASHIK_IDA),NASHIK(DISTRICT COLLECTOR NASHIK_IDA),Repair and Renovation,Repair and Renovation,990001.0,2025-12-16T00:00:00.000Z,2025.0,0.0,"Construction of a meeting hall in front of Maruti Temple at Palkhed (Mirchi). Taluka Niphad, Dist. Nashik (Property No. 415)","Construction of a meeting hall in front of Maruti Temple at Palkhed (Mirchi). Taluka Niphad, Dist. Nashik (Property No. 415)",,BHASKAR MURLIDHAR BHAGARE,,DINDORI,Completed,990001,2025-12-16T00:00:00.000Z,,,,,,,,,,,,Community Centers & Halls,Social Infrastructure
188373.0,6a932bb5cd94452437a1c1d6,Maharashtra,Maharashtra,NASHIK,NASHIK,NASHIK(DISTRICT COLLECTOR NASHIK_IDA),NASHIK(DISTRICT COLLECTOR NASHIK_IDA),Normal/Others,Normal/Others,988000.0,2025-12-30T00:00:00.000Z,2025.0,0.0,"Construction of a social hall at Annabhau Sathe Nagar, Gonde, Sinnar.","Construction of a social hall at Annabhau Sathe Nagar, Gonde, Sinnar.",,RAJABHAU,,NASHIK,Completed,988000,2025-12-30T00:00:00.000Z,,,,,,,,,,,,Community Centers & Halls,Social Infrastructure
188377.0,6a932bb5cd94452437a1ba98,Maharashtra,Maharashtra,NASHIK,NASHIK,NASHIK(DISTRICT COLLECTOR NASHIK_IDA),NASHIK(DISTRICT COLLECTOR NASHIK_IDA),Normal/Others,Normal/Others,990000.0,2025-12-04T00:00:00.000Z,2025.0,0.0,"Construction of a meeting hall in the tribal settlement of Ashok Nagar, Dhamangaon Taluka Igatpuri District Nashik Property No 1024","Construction of a meeting hall in the tribal settlement of Ashok Nagar, Dhamangaon Taluka Igatpuri District Nashik Property No 1024",,RAJABHAU,,NASHIK,Completed,990000,2025-12-04T00:00:00.000Z,,,,,,,,,,,,Community Centers & Halls,Social Infrastructure
188392.0,6a932bb5cd94452437a1e171,Maharashtra,Maharashtra,NASHIK,NASHIK,NASHIK(DISTRICT COLLECTOR NASHIK_IDA),NASHIK(DISTRICT COLLECTOR NASHIK_IDA),Normal/Others,Normal/Others,2788673.0,2026-04-30T00:00:00.000Z,2026.0,0.0,Construction of a meeting hall in Nehru Chowk area within Sinnar Municipal Council limits,Construction of a meeting hall in Nehru Chowk area within Sinnar Municipal Council limits,,RAJABHAU,,NASHIK,Completed,2788673,2026-04-30T00:00:00.000Z,,,,,,,,,,,,Community Centers & Halls,Social Infrastructure
192629.0,6a932bb5cd94452437a1d989,Maharashtra,Maharashtra,AURANGABAD,AURANGABAD,Chhatrapati Sambhajinagar(DISTRICT COLLECTOR AURANGABAD_IDA),Chhatrapati Sambhajinagar(DISTRICT COLLECTOR AURANGABAD_IDA),Normal/Others,Normal/Others,1972562.0,2026-03-16T00:00:00.000Z,2026.0,0.0,Nagar Parishad Ward No 11 Vittal Nagar Community Halls,Nagar Parishad Ward No 11 Vittal Nagar Community Halls,,BHUMARE SANDIPANRAO ASARAM,,AURANGABAD,Completed,1972562,2026-03-16T00:00:00.000Z,,,,,,,,,,,,Community Centers & Halls,Social Infrastructure
192641.0,6a932bb5cd94452437a1a8ae,Maharashtra,Maharashtra,AURANGABAD,AURANGABAD,Chhatrapati Sambhajinagar(DISTRICT COLLECTOR AURANGABAD_IDA),Chhatrapati Sambhajinagar(DISTRICT COLLECTOR AURANGABAD_IDA),Normal/Others,Normal/Others,994542.0,2025-10-03T00:00:00.000Z,2025.0,0.0,SHIRASGAON TQ KANNAD GUT NO 163 CONSTRUCTION OF COMMUNITY HALLS,SHIRASGAON TQ KANNAD GUT NO 163 CONSTRUCTION OF COMMUNITY HALLS,,BHUMARE SANDIPANRAO ASARAM,,AURANGABAD,Completed,994542,2025-10-03T00:00:00.000Z,,,,,,,,,,,,Community Centers & Halls,Social Infrastructure
193579.0,6a932bb5cd94452437a1ae9c,Maharashtra,Maharashtra,AURANGABAD,AURANGABAD,Chhatrapati Sambhajinagar(DISTRICT COLLECTOR AURANGABAD_IDA),Chhatrapati Sambhajinagar(DISTRICT COLLECTOR AURANGABAD_IDA),Normal/Others,Normal/Others,1997882.0,2025-10-17T00:00:00.000Z,2025.0,0.0,Nagar Parishad Ward No 4 Jakhamatha Construction Of Community Halls,Nagar Parishad Ward No 4 Jakhamatha Construction Of Community Halls,,BHUMARE SANDIPANRAO ASARAM,,AURANGABAD,Completed,1997882,2025-10-17T00:00:00.000Z,,,,,,,,,,,,Community Centers & Halls,Social Infrastructure
194151.0,6a932bb5cd94452437a1d0c9,Maharashtra,Maharashtra,AURANGABAD,AURANGABAD,Chhatrapati Sambhajinagar(DISTRICT COLLECTOR AURANGABAD_IDA),Chhatrapati Sambhajinagar(DISTRICT COLLECTOR AURANGABAD_IDA),Normal/Others,Normal/Others,1989626.0,2026-02-13T00:00:00.000Z,2026.0,0.0,DHONGAON TQ KANNAD CONSTRUCTION OF COMMUNITY HALLS,DHONGAON TQ KANNAD CONSTRUCTION OF COMMUNITY HALLS,,BHUMARE SANDIPANRAO ASARAM,,AURANGABAD,Completed,1989626,2026-02-13T00:00:00.000Z,,,,,,,,,,,,Community Centers & Halls,Social Infrastructure
197037.0,6a932bb5cd94452437a1db1d,Maharashtra,Maharashtra,AURANGABAD,AURANGABAD,Chhatrapati Sambhajinagar(DISTRICT COLLECTOR AURANGABAD_IDA),Chhatrapati Sambhajinagar(DISTRICT COLLECTOR AURANGABAD_IDA),Normal/Others,Normal/Others,998112.0,2026-03-21T00:00:00.000Z,2026.0,0.0,Domegaon Tq Gangapur Construction of Community Halls,Domegaon Tq Gangapur Construction of Community Halls,,BHUMARE SANDIPANRAO ASARAM,,AURANGABAD,Completed,998112,2026-03-21T00:00:00.000Z,,,,,,,,,,,,Community Centers & Halls,Social Infrastructure
199040.0,6a932bb5cd94452437a1d738,Maharashtra,Maharashtra,OSMANABAD,OSMANABAD,Dharashiv(DISTRICT COLLECTOR OSMANABAD_IDA),Dharashiv(DISTRICT COLLECTOR OSMANABAD_IDA),Normal/Others,Normal/Others,696803.0,2026-03-09T00:00:00.000Z,2026.0,0.0,Construction of community centre on grampanchayat open space at Dindegaon block Tuljapur dist. Dharashiv,Construction of community centre on grampanchayat open space at Dindegaon block Tuljapur dist. Dharashiv,,Omprakash Bhupalsinh Alias Pawan Rajenimbalkar,,OSMANABAD,Completed,696803,2026-03-09T00:00:00.000Z,,,,,,,,,,,,Community Centers & Halls,Social Infrastructure
200542.0,6a932bb5cd94452437a1b32f,Maharashtra,Maharashtra,KOLHAPUR,KOLHAPUR,KOLHAPUR(DISTRICT COLLECTOR KOLHAPUR_IDA),KOLHAPUR(DISTRICT COLLECTOR KOLHAPUR_IDA),Normal/Others,Normal/Others,1000000.0,2025-11-06T00:00:00.000Z,2025.0,0.0,Construction of cultural hall at Sonali,Construction of cultural hall at Sonali,,CHHATRAPATI SHAHU SHAHAJI,,KOLHAPUR,Completed,1000000,2025-11-06T00:00:00.000Z,,,,,,,,,,,,Community Centers & Halls,Social Infrastructure
202192.0,6a932bb5cd94452437a1d946,Maharashtra,Maharashtra,AURANGABAD,AURANGABAD,Chhatrapati Sambhajinagar(DISTRICT COLLECTOR AURANGABAD_IDA),Chhatrapati Sambhajinagar(DISTRICT COLLECTOR AURANGABAD_IDA),Normal/Others,Normal/Others,1000000.0,2026-03-16T00:00:00.000Z,2026.0,0.0,Bhildari Pishor Tq Kannad Construction of Community Halls,Bhildari Pishor Tq Kannad Construction of Community Halls,,BHUMARE SANDIPANRAO ASARAM,,AURANGABAD,Completed,1000000,2026-03-16T00:00:00.000Z,,,,,,,,,,,,Community Centers & Halls,Social Infrastructure
209774.0,6a932bb5cd94452437a1c51a,Maharashtra,Maharashtra,AHMEDNAGAR,AHMEDNAGAR,Ahilyanagar(DISTRICT COLLECTOR AHMEDNAGAR_IDA),Ahilyanagar(DISTRICT COLLECTOR AHMEDNAGAR_IDA),Normal/Others,Normal/Others,1000000.0,2026-01-09T00:00:00.000Z,2026.0,0.0,Construction of a community centers and community halls at Shirapur in front of Kanifnath Mandir GP property No 546 Tal Parner,Construction of a community centers and community halls at Shirapur in front of Kanifnath Mandir GP property No 546 Tal Parner,,NILESH DNYANDEV LANKE,,AHMEDNAGAR,Completed,1000000,2026-01-09T00:00:00.000Z,,,,,,,,,,,,Community Centers & Halls,Social Infrastructure
202430.0,6a932bb5cd94452437a1e545,Gujarat,Gujarat,JAMNAGAR,JAMNAGAR,JAMNAGAR(DISTRICT COLLECTOR JAMNAGAR_IDA),JAMNAGAR(DISTRICT COLLECTOR JAMNAGAR_IDA),Normal/Others,Normal/Others,497994.0,2026-07-27T00:00:00.000Z,2026.0,0.0,For the work of the community hall in Khimlia village,For the work of the community hall in Khimlia village,,Smt Poonamben Hematbhai Maadam,,JAMNAGAR,Completed,497994,2026-07-27T00:00:00.000Z,,,,,,,,,,,,Community Centers & Halls,Social Infrastructure
209782.0,6a932bb5cd94452437a1d2c8,Maharashtra,Maharashtra,AHMEDNAGAR,AHMEDNAGAR,Ahilyanagar(DISTRICT COLLECTOR AHMEDNAGAR_IDA),Ahilyanagar(DISTRICT COLLECTOR AHMEDNAGAR_IDA),Normal/Others,Normal/Others,995411.0,2026-02-20T00:00:00.000Z,2026.0,0.0,Construction of a community centers   and community halls at Karjule Harya in front of Swami Samarth Mandir GP property No 1468 Tal Parner,Construction of a community centers   and community halls at Karjule Harya in front of Swami Samarth Mandir GP property No 1468 Tal Parner,,NILESH DNYANDEV LANKE,,AHMEDNAGAR,Completed,995411,2026-02-20T00:00:00.000Z,,,,,,,,,,,,Community Centers & Halls,Social Infrastructure
202558.0,6a932bb5cd94452437a1defb,Gujarat,Gujarat,JAMNAGAR,JAMNAGAR,JAMNAGAR(DISTRICT COLLECTOR JAMNAGAR_IDA),JAMNAGAR(DISTRICT COLLECTOR JAMNAGAR_IDA),Normal/Others,Normal/Others,499963.0,2026-04-07T00:00:00.000Z,2026.0,0.0,For the work of community hall in the Scheduled Caste area,For the work of community hall in the Scheduled Caste area,,Smt Poonamben Hematbhai Maadam,,JAMNAGAR,Completed,499963,2026-04-07T00:00:00.000Z,,,,,,,,,,,,Community Centers & Halls,Social Infrastructure
202574.0,6a932bb5cd94452437a1e96a,Gujarat,Gujarat,JAMNAGAR,JAMNAGAR,JAMNAGAR(DISTRICT COLLECTOR JAMNAGAR_IDA),JAMNAGAR(DISTRICT COLLECTOR JAMNAGAR_IDA),Normal/Others,Normal/Others,189460.0,2026-08-11T00:00:00.000Z,2026.0,0.0,For the work of boundary wall around the community hall located in the Scheduled Caste area,For the work of boundary wall around the community hall located in the Scheduled Caste area,,Smt Poonamben Hematbhai Maadam,,JAMNAGAR,Completed,189460,2026-08-11T00:00:00.000Z,,,,,,,,,,,,Community Centers & Halls,Social Infrastructure
217799.0,6a932bb5cd94452437a1dfb4,Maharashtra,Maharashtra,PALGHAR,PALGHAR,PALGHAR(DISTRICT COLLECTOR PALGHAR_IDA),PALGHAR(DISTRICT COLLECTOR PALGHAR_IDA),Normal/Others,Normal/Others,991449.0,2026-04-09T00:00:00.000Z,2026.0,0.0,"Constructing a community hall at Jamshet Gorwadi, Taluka and District Palghar.","Constructing a community hall at Jamshet Gorwadi, Taluka and District Palghar.",,DR. HEMANT VISHNU SAVARA,,PALGHAR,Completed,991449,2026-04-09T00:00:00.000Z,,,,,,,,,,,,Community Centers & Halls,Social Infrastructure
218115.0,6a932bb5cd94452437a1c452,Maharashtra,Maharashtra,WARDHA,WARDHA,AMRAVATI(DISTRICT COLLECTOR AMRAVATI_IDA),AMRAVATI(DISTRICT COLLECTOR AMRAVATI_IDA),Normal/Others,Normal/Others,984594.0,2026-01-06T00:00:00.000Z,2026.0,0.0,"Construction of a community Hall in Siddharth Nagar Colony, Mouja Bhatkuli Renkapur, Taluka Dhamangaon Railway","Construction of a community Hall in Siddharth Nagar Colony, Mouja Bhatkuli Renkapur, Taluka Dhamangaon Railway",,AMAR SHARADRAO KALE,,WARDHA,Completed,984594,2026-01-06T00:00:00.000Z,,,,,,,,,,,,Community Centers & Halls,Social Infrastructure
219666.0,6a932bb5cd94452437a1aecd,Maharashtra,Maharashtra,AURANGABAD,AURANGABAD,Chhatrapati Sambhajinagar(DISTRICT COLLECTOR AURANGABAD_IDA),Chhatrapati Sambhajinagar(DISTRICT COLLECTOR AURANGABAD_IDA),Normal/Others,Normal/Others,993175.0,2025-10-17T00:00:00.000Z,2025.0,0.0,SHIRASGAON GUT NO 163 TQ KANNAD CONSTRUCTION OF COMMUNITY HALLS,SHIRASGAON GUT NO 163 TQ KANNAD CONSTRUCTION OF COMMUNITY HALLS,,BHUMARE SANDIPANRAO ASARAM,,AURANGABAD,Completed,993175,2025-10-17T00:00:00.000Z,,,,,,,,,,,,Community Centers & Halls,Social Infrastructure
223681.0,6a932bb5cd94452437a1d783,Maharashtra,Maharashtra,NANDED,NANDED,NANDED(DISTRICT COLLECTOR NANDED_IDA),NANDED(DISTRICT COLLECTOR NANDED_IDA),Normal/Others,Normal/Others,998000.0,2026-03-09T00:00:00.000Z,2026.0,0.0,Construction of community hall on Grampanchayat owned land at village Berli Bk. Teh. Mukhed Dist.Nanded.,Construction of community hall on Grampanchayat owned land at village Berli Bk. Teh. Mukhed Dist.Nanded.,,Ravindra Vasantrao Chavan,,NANDED,Completed,998000,2026-03-09T00:00:00.000Z,,,,,,,,,,,,Community Centers & Halls,Social Infrastructure
227019.0,6a932bb5cd94452437a1d78b,Maharashtra,Maharashtra,NANDED,NANDED,NANDED(DISTRICT COLLECTOR NANDED_IDA),NANDED(DISTRICT COLLECTOR NANDED_IDA),Normal/Others,Normal/Others,497913.0,2026-03-10T00:00:00.000Z,2026.0,0.0,Construction of Community Hall Near Shourya Police Academy in Tryambakeshwar Nagar at village Sonkhed Teh. Loha Dist.Nanded.,Construction of Community Hall Near Shourya Police Academy in Tryambakeshwar Nagar at village Sonkhed Teh. Loha Dist.Nanded.,,Ravindra Vasantrao Chavan,,NANDED,Completed,497913,2026-03-10T00:00:00.000Z,,,,,,,,,,,,Community Centers & Halls,Social Infrastructure
143624.0,6a932bb5cd94452437a1a4bf,Bihar,Bihar,BUXAR,BUXAR,KAIMUR (BHABUA)(DISTRICT PLANNING OFFICER KAIMUR BHABUA_IDA),KAIMUR (BHABUA)(DISTRICT PLANNING OFFICER KAIMUR BHABUA_IDA),Normal/Others,Normal/Others,296036.0,2025-09-23T00:00:00.000Z,2025.0,0.0,Construction of common shed and sitting area at Gandhi Ji Memorial Chowk Baruna(Kota),Construction of common shed and sitting area at Gandhi Ji Memorial Chowk Baruna(Kota),,SUDHAKAR SINGH,,BUXAR,Completed,296036,2025-09-23T00:00:00.000Z,,,,,,,,,,,,Community Centers & Halls,Social Infrastructure
235510.0,6a932bb5cd94452437a1df30,Maharashtra,Maharashtra,SOLAPUR,SOLAPUR,SOLAPUR(DISTRICT COLLECTOR SOLAPUR_IDA),SOLAPUR(DISTRICT COLLECTOR SOLAPUR_IDA),Normal/Others,Normal/Others,1000000.0,2026-04-07T00:00:00.000Z,2026.0,0.0,At Post Wadata North Solapur Shri Krishna Mandir somoril Gram Panchayat jage Madhya Sabha mandap bandhne,At Post Wadata North Solapur Shri Krishna Mandir somoril Gram Panchayat jage Madhya Sabha mandap bandhne,,PRANITI SUSHILKUMAR SHINDE,,SOLAPUR,Completed,1000000,2026-04-07T00:00:00.000Z,,,,,,,,,,,,Community Centers & Halls,Social Infrastructure
143626.0,6a932bb5cd94452437a17345,Bihar,Bihar,BUXAR,BUXAR,KAIMUR (BHABUA)(DISTRICT PLANNING OFFICER KAIMUR BHABUA_IDA),KAIMUR (BHABUA)(DISTRICT PLANNING OFFICER KAIMUR BHABUA_IDA),Normal/Others,Normal/Others,926359.0,2025-11-18T00:00:00.000Z,2025.0,0.0,Construction of community hall with toilet near Ram Janki pond at Nuaon,Construction of community hall with toilet near Ram Janki pond at Nuaon,,SUDHAKAR SINGH,,BUXAR,Completed,926359,2025-11-18T00:00:00.000Z,,,,,,,,,,,,Community Centers & Halls,Social Infrastructure
145370.0,6a932bb5cd94452437a173c2,Bihar,Bihar,MADHUBANI,MADHUBANI,MADHUBANI(DISTRICT PLANNING OFFICER MADHUBANI_IDA),MADHUBANI(DISTRICT PLANNING OFFICER MADHUBANI_IDA),Normal/Others,Normal/Others,933991.0,2025-07-14T00:00:00.000Z,2025.0,0.0,"Construction of community halls
near Shapur durga mandir 
block: Pandaul panchayat:Sripur Hati south.","Construction of community halls
near Shapur durga mandir 
block: Pandaul panchayat:Sripur Hati south.",,Ashok Kumar Yadav ,,MADHUBANI,Completed,933991,2025-07-14T00:00:00.000Z,,,,,,,,,,,,Community Centers & Halls,Social Infrastructure
207765.0,6a932bb5cd94452437a1d1fb,Gujarat,Gujarat,NAVSARI,NAVSARI,NAVSARI(DISTRICT COLLECTOR NAVSARI_IDA),NAVSARI(DISTRICT COLLECTOR NAVSARI_IDA),Trust and Society,Trust and Society,929038.0,2026-02-18T00:00:00.000Z,2026.0,0.0,"For the cultural construction of Samaj Bhavan to Shri Santsena Maharaj Nabhik Vikas Trust, Maruti Nagar, Near Shivaji Chowk, Vijalpore, at-Navsari","For the cultural construction of Samaj Bhavan to Shri Santsena Maharaj Nabhik Vikas Trust, Maruti Nagar, Near Shivaji Chowk, Vijalpore, at-Navsari",,C R Patil,,NAVSARI,Completed,929038,2026-02-18T00:00:00.000Z,,,,,,,,,,,,Community Centers & Halls,Social Infrastructure
210699.0,6a932bb5cd94452437a1a1c2,Gujarat,Gujarat,BHARUCH,BHARUCH,BHARUCH(DISTRICT COLLECTOR BROACH_IDA),BHARUCH(DISTRICT COLLECTOR BROACH_IDA),Normal/Others,Normal/Others,349965.0,2025-11-28T00:00:00.000Z,2025.0,0.0,nandida game verai mata na mandir najik patrana shed nu kam,nandida game verai mata na mandir najik patrana shed nu kam,,Mansukhbhai Dhanjibhai Vasava,,BHARUCH,Completed,349965,2025-11-28T00:00:00.000Z,,,,,,,,,,,,Community Centers & Halls,Social Infrastructure
242056.0,6a932bb5cd94452437a1e72b,Maharashtra,Maharashtra,AHMEDNAGAR,AHMEDNAGAR,Ahilyanagar(DISTRICT COLLECTOR AHMEDNAGAR_IDA),Ahilyanagar(DISTRICT COLLECTOR AHMEDNAGAR_IDA),Normal/Others,Normal/Others,968030.0,2026-07-21T00:00:00.000Z,2026.0,0.0,Construction of a community centres and community halls at Dhakanwadi Morkhila Wasti in front of Mahadev Mandir in GP property No 15 3 D Khata No. 1383 Tal Pathardi,Construction of a community centres and community halls at Dhakanwadi Morkhila Wasti in front of Mahadev Mandir in GP property No 15 3 D Khata No. 1383 Tal Pathardi,,NILESH DNYANDEV LANKE,,AHMEDNAGAR,Completed,968030,2026-07-21T00:00:00.000Z,,,,,,,,,,,,Community Centers & Halls,Social Infrastructure
243734.0,6a932bb5cd94452437a1bdf4,Maharashtra,Maharashtra,RAIGAD,RAIGAD,RAIGAD(DISTRICT COLLECTOR RAIGAD_IDA),RAIGAD(DISTRICT COLLECTOR RAIGAD_IDA),Normal/Others,Normal/Others,674000.0,2026-01-08T00:00:00.000Z,2026.0,0.0,"Construction of a social hall at Rudravli Adivasiwadi, Taluka Mangaon, Dist Raigad (S.T)","Construction of a social hall at Rudravli Adivasiwadi, Taluka Mangaon, Dist Raigad (S.T)",,Sunil Dattatray Tatkare,,RAIGAD,Completed,674000,2026-01-08T00:00:00.000Z,,,,,,,,,,,,Community Centers & Halls,Social Infrastructure
252855.0,6a932bb5cd94452437a1d300,Maharashtra,Maharashtra,DINDORI,DINDORI,NASHIK(DISTRICT COLLECTOR NASHIK_IDA),NASHIK(DISTRICT COLLECTOR NASHIK_IDA),Normal/Others,Normal/Others,995872.0,2026-02-20T00:00:00.000Z,2026.0,0.0,"Construction of a hall near Maruti Temple at Group Gram Panchayat Gujarkhede (Dhanakwadi), Taluka Yeola (Survey Number and Sub-Division 149)","Construction of a hall near Maruti Temple at Group Gram Panchayat Gujarkhede (Dhanakwadi), Taluka Yeola (Survey Number and Sub-Division 149)",,BHASKAR MURLIDHAR BHAGARE,,DINDORI,Completed,995872,2026-02-20T00:00:00.000Z,,,,,,,,,,,,Community Centers & Halls,Social Infrastructure
252862.0,6a932bb5cd94452437a1d093,Maharashtra,Maharashtra,DINDORI,DINDORI,NASHIK(DISTRICT COLLECTOR NASHIK_IDA),NASHIK(DISTRICT COLLECTOR NASHIK_IDA),Normal/Others,Normal/Others,996836.0,2026-02-23T00:00:00.000Z,2026.0,0.0,"Construction of Dashakriya vidhi shed at Manjargaon, Tal. Niphad (Property No. 330 Gat No. 115)","Construction of Dashakriya vidhi shed at Manjargaon, Tal. Niphad (Property No. 330 Gat No. 115)",,BHASKAR MURLIDHAR BHAGARE,,DINDORI,Completed,996836,2026-02-23T00:00:00.000Z,,,,,,,,,,,,Community Centers & Halls,Social Infrastructure
252880.0,6a932bb5cd94452437a1cf2e,Maharashtra,Maharashtra,DINDORI,DINDORI,NASHIK(DISTRICT COLLECTOR NASHIK_IDA),NASHIK(DISTRICT COLLECTOR NASHIK_IDA),Normal/Others,Normal/Others,991372.0,2026-02-09T00:00:00.000Z,2026.0,0.0,"Construction of a community hall near Prati Bhadra Maruti Temple at Mouje Savargaon, Tal. Niphad  (Gat  No. 346)","Construction of a community hall near Prati Bhadra Maruti Temple at Mouje Savargaon, Tal. Niphad  (Gat  No. 346)",,BHASKAR MURLIDHAR BHAGARE,,DINDORI,Completed,991372,2026-02-09T00:00:00.000Z,,,,,,,,,,,,Community Centers & Halls,Social Infrastructure
252882.0,6a932bb5cd94452437a1d620,Maharashtra,Maharashtra,DINDORI,DINDORI,NASHIK(DISTRICT COLLECTOR NASHIK_IDA),NASHIK(DISTRICT COLLECTOR NASHIK_IDA),Normal/Others,Normal/Others,999197.0,2026-03-04T00:00:00.000Z,2026.0,0.0,"Construction of a community hall near the cemetery at Gram Panchayat Dhulgaon,  Tal. Yeola (Property No. 857)","Construction of a community hall near the cemetery at Gram Panchayat Dhulgaon,  Tal. Yeola (Property No. 857)",,BHASKAR MURLIDHAR BHAGARE,,DINDORI,Completed,999197,2026-03-04T00:00:00.000Z,,,,,,,,,,,,Community Centers & Halls,Social Infrastructure
253453.0,6a932bb5cd94452437a1c14c,Maharashtra,Maharashtra,RAMTEK,RAMTEK,NAGPUR(DISTRICT COLLECTOR NAGPUR_IDA),NAGPUR(DISTRICT COLLECTOR NAGPUR_IDA),Normal/Others,Normal/Others,981253.0,2025-12-23T00:00:00.000Z,2025.0,0.0,"CONSTRUCTION OF COMMUNITY HALL AT CHANKAPUR WARD NO. 2 OPPOSITE SHIV MANDIR, TA. SAONER","CONSTRUCTION OF COMMUNITY HALL AT CHANKAPUR WARD NO. 2 OPPOSITE SHIV MANDIR, TA. SAONER",,Shyamkumar,,RAMTEK,Completed,981253,2025-12-23T00:00:00.000Z,,,,,,,,,,,,Community Centers & Halls,Social Infrastructure
255343.0,6a932bb5cd94452437a1df0f,Maharashtra,Maharashtra,RATNAGIRI-SINDHUDURG,RATNAGIRI-SINDHUDURG,SINDHUDURG(DISTRICT COLLECTOR SINDHUDURG_IDA),SINDHUDURG(DISTRICT COLLECTOR SINDHUDURG_IDA),Normal/Others,Normal/Others,499000.0,2026-04-08T00:00:00.000Z,2026.0,0.0,Construction of cremation shed at Kalmath Gawdewadi crematorium - Kankavli FY 2025-26,Construction of cremation shed at Kalmath Gawdewadi crematorium - Kankavli FY 2025-26,,NARAYAN TATU RANE,,RATNAGIRI-SINDHUDURG,Completed,499000,2026-04-08T00:00:00.000Z,,,,,,,,,,,,Community Centers & Halls,Social Infrastructure
213399.0,6a932bb5cd94452437a1b95e,Gujarat,Gujarat,JAMNAGAR,JAMNAGAR,JAMNAGAR(DISTRICT COLLECTOR JAMNAGAR_IDA),JAMNAGAR(DISTRICT COLLECTOR JAMNAGAR_IDA),Normal/Others,Normal/Others,444763.0,2025-11-27T00:00:00.000Z,2025.0,0.0,For the work of community hall in Paniya Nesh scheduled tribe area in Satapar village,For the work of community hall in Paniya Nesh scheduled tribe area in Satapar village,,Smt Poonamben Hematbhai Maadam,,JAMNAGAR,Completed,444763,2025-11-27T00:00:00.000Z,,,,,,,,,,,,Community Centers & Halls,Social Infrastructure
146127.0,6a932bb5cd94452437a18053,Bihar,Bihar,KISHANGANJ,KISHANGANJ,PURNIA(DISTRICT PLANNING OFFICER PURNIA_IDA),PURNIA(DISTRICT PLANNING OFFICER PURNIA_IDA),Normal/Others,Normal/Others,635000.0,2025-05-10T00:00:00.000Z,2025.0,0.0,DAGARUWA PRAKHAND ANTARGART KOHILA PANCHAYAT KE PANCHAYAT BHAWAN KE PASS (12 METER) HIGH MAST LIGHT,DAGARUWA PRAKHAND ANTARGART KOHILA PANCHAYAT KE PANCHAYAT BHAWAN KE PASS (12 METER) HIGH MAST LIGHT,,Dr Mohammad Jawed,,KISHANGANJ,Completed,635000,2025-05-10T00:00:00.000Z,,,,,,,,,,,,Community Centers & Halls,Social Infrastructure
172277.0,6a932bb5cd94452437a1d39a,Andhra Pradesh,Andhra Pradesh,ANANTAPUR,ANANTAPUR,Ananthapuramu(DISTRICT COLLECTOR ANANTAPUR_IDA),Ananthapuramu(DISTRICT COLLECTOR ANANTAPUR_IDA),Normal/Others,Normal/Others,475150.0,2026-02-21T00:00:00.000Z,2026.0,0.0,"Construction of Compound Wall to Community Hall at Mamuduru (V), Gooty (M)","Construction of Compound Wall to Community Hall at Mamuduru (V), Gooty (M)",,AMBICA G LAKSHMINARAYANA VALMIKI,,ANANTAPUR,Completed,475150,2026-02-21T00:00:00.000Z,,,,,,,,,,,,Community Centers & Halls,Social Infrastructure
216397.0,6a932bb5cd94452437a1ce01,Gujarat,Gujarat,KACHCHH,KACHCHH,KACHCHH(DISTRICT COLLECTOR KUTCH_IDA),KACHCHH(DISTRICT COLLECTOR KUTCH_IDA),Normal/Others,Normal/Others,350000.0,2026-02-06T00:00:00.000Z,2026.0,0.0,Taluka Nakhatrana na laiyari gaame nedha khamuna faliya maa sanskrutik hall,Taluka Nakhatrana na laiyari gaame nedha khamuna faliya maa sanskrutik hall,,Vinod Chavda,,KACHCHH,Completed,350000,2026-02-06T00:00:00.000Z,,,,,,,,,,,,Community Centers & Halls,Social Infrastructure
216748.0,6a932bb5cd94452437a1e0a8,Gujarat,Gujarat,KACHCHH,KACHCHH,KACHCHH(DISTRICT COLLECTOR KUTCH_IDA),KACHCHH(DISTRICT COLLECTOR KUTCH_IDA),Normal/Others,Normal/Others,500000.0,2026-04-16T00:00:00.000Z,2026.0,0.0,Anjar talukana bhalot gaame khetarpal dadana mandir ni bajuma community hall,Anjar talukana bhalot gaame khetarpal dadana mandir ni bajuma community hall,,Vinod Chavda,,KACHCHH,Completed,500000,2026-04-16T00:00:00.000Z,,,,,,,,,,,,Community Centers & Halls,Social Infrastructure
161318.0,6a932bb5cd94452437a180e3,Meghalaya,Meghalaya,SHILLONG,SHILLONG,EAST JAINTIA HILLS(DEPUTY COMMISSIONER EAST JAINTIA HILLS KHLIEHRIAT_IDA),EAST JAINTIA HILLS(DEPUTY COMMISSIONER EAST JAINTIA HILLS KHLIEHRIAT_IDA),Normal/Others,Normal/Others,500000.0,2026-02-27T00:00:00.000Z,2026.0,0.0,Financial assistance for construction of Community Hall of Kuliang Village,Financial assistance for construction of Community Hall of Kuliang Village,,ANDREW J. SYNGKON,,SHILLONG,Completed,500000,2026-02-27T00:00:00.000Z,,,,,,,,,,,,Community Centers & Halls,Social Infrastructure
161324.0,6a932bb5cd94452437a198ef,Meghalaya,Meghalaya,SHILLONG,SHILLONG,EAST JAINTIA HILLS(DEPUTY COMMISSIONER EAST JAINTIA HILLS KHLIEHRIAT_IDA),EAST JAINTIA HILLS(DEPUTY COMMISSIONER EAST JAINTIA HILLS KHLIEHRIAT_IDA),Normal/Others,Normal/Others,300000.0,2026-02-17T00:00:00.000Z,2026.0,0.0,Financial assistance for construction of boundary wall for  Community hall @ Dong Apha Umkiang,Financial assistance for construction of boundary wall for  Community hall @ Dong Apha Umkiang,,ANDREW J. SYNGKON,,SHILLONG,Completed,300000,2026-02-17T00:00:00.000Z,,,,,,,,,,,,Community Centers & Halls,Social Infrastructure
216872.0,6a932bb5cd94452437a1c859,Gujarat,Gujarat,JUNAGADH,JUNAGADH,GIR SOMNATH(DISTRICT COLLECTOR GIR SOMNATH_IDA),GIR SOMNATH(DISTRICT COLLECTOR GIR SOMNATH_IDA),Normal/Others,Normal/Others,395284.0,2026-01-17T00:00:00.000Z,2026.0,0.0,"Gir Somnath District,Kodinar Taluka,Arnej village, Shed work on the ground of the community hall next to Bharatbhai Gohil and Rudabhai Gohil in Arnej village","Gir Somnath District,Kodinar Taluka,Arnej village, Shed work on the ground of the community hall next to Bharatbhai Gohil and Rudabhai Gohil in Arnej village",,Rajeshbhai Naranbhai Chudasama,,JUNAGADH,Completed,395284,2026-01-17T00:00:00.000Z,,,,,,,,,,,,Community Centers & Halls,Social Infrastructure
161984.0,6a932bb5cd94452437a1bc70,Meghalaya,Meghalaya,SHILLONG,SHILLONG,RI BHOI(DEPUTY COMMISSIONER RIBHOI NONGPOH_IDA),RI BHOI(DEPUTY COMMISSIONER RIBHOI NONGPOH_IDA),Normal/Others,Normal/Others,100000.0,2025-12-15T00:00:00.000Z,2025.0,0.0,Financial assistance for purchasing community utensils to Nangkiew Shaphrang Organisation Umshaken,Financial assistance for purchasing community utensils to Nangkiew Shaphrang Organisation Umshaken,,ANDREW J. SYNGKON,,SHILLONG,Completed,100000,2025-12-15T00:00:00.000Z,,,,,,,,,,,,Community Centers & Halls,Social Infrastructure
161992.0,6a932bb5cd94452437a198cc,Meghalaya,Meghalaya,SHILLONG,SHILLONG,RI BHOI(DEPUTY COMMISSIONER RIBHOI NONGPOH_IDA),RI BHOI(DEPUTY COMMISSIONER RIBHOI NONGPOH_IDA),Normal/Others,Normal/Others,300000.0,2025-12-15T00:00:00.000Z,2025.0,0.0,Financial assistance to Dorbar Shnong Mawlyngkdeng for construction of Dorbar Hall,Financial assistance to Dorbar Shnong Mawlyngkdeng for construction of Dorbar Hall,,ANDREW J. SYNGKON,,SHILLONG,Completed,300000,2025-12-15T00:00:00.000Z,,,,,,,,,,,,Community Centers & Halls,Social Infrastructure
216893.0,6a932bb5cd94452437a1c418,Gujarat,Gujarat,JUNAGADH,JUNAGADH,GIR SOMNATH(DISTRICT COLLECTOR GIR SOMNATH_IDA),GIR SOMNATH(DISTRICT COLLECTOR GIR SOMNATH_IDA),Normal/Others,Normal/Others,297697.0,2026-01-04T00:00:00.000Z,2026.0,0.0,"Gir Somnath District,Kodinar Taluka,Nani Fafni village, Shed work on the community hall ground in Nani Fafni village","Gir Somnath District,Kodinar Taluka,Nani Fafni village, Shed work on the community hall ground in Nani Fafni village",,Rajeshbhai Naranbhai Chudasama,,JUNAGADH,Completed,297697,2026-01-04T00:00:00.000Z,,,,,,,,,,,,Community Centers & Halls,Social Infrastructure
162002.0,6a932bb5cd94452437a1a89c,Meghalaya,Meghalaya,SHILLONG,SHILLONG,RI BHOI(DEPUTY COMMISSIONER RIBHOI NONGPOH_IDA),RI BHOI(DEPUTY COMMISSIONER RIBHOI NONGPOH_IDA),Normal/Others,Normal/Others,500000.0,2026-04-01T00:00:00.000Z,2026.0,0.0,Financial aid to Dorbar Shnong Mawlasnai for construction of Dorbar Hall,Financial aid to Dorbar Shnong Mawlasnai for construction of Dorbar Hall,,ANDREW J. SYNGKON,,SHILLONG,Completed,500000,2026-04-01T00:00:00.000Z,,,,,,,,,,,,Community Centers & Halls,Social Infrastructure
216920.0,6a932bb5cd94452437a1be37,Gujarat,Gujarat,KACHCHH,KACHCHH,KACHCHH(DISTRICT COLLECTOR KUTCH_IDA),KACHCHH(DISTRICT COLLECTOR KUTCH_IDA),Normal/Others,Normal/Others,350000.0,2025-12-16T00:00:00.000Z,2025.0,0.0,Bhachau talukana amardi gaame sanskrutik hall,Bhachau talukana amardi gaame sanskrutik hall,,Vinod Chavda,,KACHCHH,Completed,350000,2025-12-16T00:00:00.000Z,,,,,,,,,,,,Community Centers & Halls,Social Infrastructure
183495.0,6a932bb5cd94452437a18160,Meghalaya,Meghalaya,TURA,TURA,NORTH GARO HILLS(DEPUTY COMMISSIONER NORTH GARO HILLS RESUBELPARA_IDA),NORTH GARO HILLS(DEPUTY COMMISSIONER NORTH GARO HILLS RESUBELPARA_IDA),Normal/Others,Normal/Others,500000.0,2026-02-19T00:00:00.000Z,2026.0,0.0,Construction of Kitchen shed-cum-Toilet at Chimatcha village,Construction of Kitchen shed-cum-Toilet at Chimatcha village,,SALENG A SANGMA,,TURA,Completed,500000,2026-02-19T00:00:00.000Z,,,,,,,,,,,,Community Centers & Halls,Social Infrastructure
217072.0,6a932bb5cd94452437a1be3b,Gujarat,Gujarat,KACHCHH,KACHCHH,KACHCHH(DISTRICT COLLECTOR KUTCH_IDA),KACHCHH(DISTRICT COLLECTOR KUTCH_IDA),Normal/Others,Normal/Others,400000.0,2025-12-16T00:00:00.000Z,2025.0,0.0,Bhachau talukana meghpar kunjisar gaame vaishnav sadhu samaj vistar sanskrutik hall,Bhachau talukana meghpar kunjisar gaame vaishnav sadhu samaj vistar sanskrutik hall,,Vinod Chavda,,KACHCHH,Completed,400000,2025-12-16T00:00:00.000Z,,,,,,,,,,,,Community Centers & Halls,Social Infrastructure
218999.0,6a932bb5cd94452437a1d41c,Gujarat,Gujarat,VADODARA,VADODARA,VADODARA(DISTRICT COLLECTOR VADODARA_IDA),VADODARA(DISTRICT COLLECTOR VADODARA_IDA),Normal/Others,Normal/Others,286299.0,2026-04-10T00:00:00.000Z,2026.0,0.0,vahivati wardNo.1 ma Chhani khati vil Ramakaka n dairy pase yoginagar township ma shed bannavvani kamgiri,vahivati wardNo.1 ma Chhani khati vil Ramakaka n dairy pase yoginagar township ma shed bannavvani kamgiri,,DR. HEMANG JOSHI,,VADODARA,Completed,286299,2026-04-10T00:00:00.000Z,,,,,,,,,,,,Community Centers & Halls,Social Infrastructure
172286.0,6a932bb5cd94452437a18568,Andhra Pradesh,Andhra Pradesh,ANANTAPUR,ANANTAPUR,Ananthapuramu(DISTRICT COLLECTOR ANANTAPUR_IDA),Ananthapuramu(DISTRICT COLLECTOR ANANTAPUR_IDA),Repair and Renovation,Repair and Renovation,500000.0,2025-06-10T00:00:00.000Z,2025.0,0.0,"Providing Roof slab to Community Hall at 39th Division, Anantapur","Providing Roof slab to Community Hall at 39th Division, Anantapur",,AMBICA G LAKSHMINARAYANA VALMIKI,,ANANTAPUR,Completed,500000,2025-06-10T00:00:00.000Z,,,,,,,,,,,,Community Centers & Halls,Social Infrastructure
219446.0,6a932bb5cd94452437a1c520,Gujarat,Gujarat,SABARKANTHA,SABARKANTHA,ARVALLI(DISTRICT COLLECTOR ARVALLI_IDA),ARVALLI(DISTRICT COLLECTOR ARVALLI_IDA),Trust and Society,Trust and Society,300000.0,2026-01-13T00:00:00.000Z,2026.0,0.0,ramos game shri M.N.SHAH (RANASANVADA) highschool ma prathna hall banavvanu kam,ramos game shri M.N.SHAH (RANASANVADA) highschool ma prathna hall banavvanu kam,,SHOBHANABEN MAHENDRASINH BARAIYA,,SABARKANTHA,Completed,300000,2026-01-13T00:00:00.000Z,,,,,,,,,,,,Community Centers & Halls,Social Infrastructure
219947.0,6a932bb5cd94452437a1e44a,Gujarat,Gujarat,AMRELI,AMRELI,AMRELI(DISTRICT COLLECTOR AMRELI_IDA),AMRELI(DISTRICT COLLECTOR AMRELI_IDA),Normal/Others,Normal/Others,500000.0,2026-05-14T00:00:00.000Z,2026.0,0.0,Work on the shed near the Mahadev temple in Sajanavav village.,Work on the shed near the Mahadev temple in Sajanavav village.,,BHARATBHAI MANUBHAI SUTARIYA,,AMRELI,Completed,500000,2026-05-14T00:00:00.000Z,,,,,,,,,,,,Community Centers & Halls,Social Infrastructure
148798.0,6a932bb5cd94452437a16d81,Mizoram,Mizoram,MIZORAM,MIZORAM,MAMIT(DEPUTY COMMISSIONER MAMIT),MAMIT(DEPUTY COMMISSIONER MAMIT),Normal/Others,Normal/Others,250000.0,2025-09-24T00:00:00.000Z,2025.0,0.0,"Construction of Wating Shed at Leitan, bawngthat","Construction of Wating Shed at Leitan, bawngthat",,RICHARD VANLALHMANGAIHA,,MIZORAM,Completed,250000,2025-09-24T00:00:00.000Z,,,,,,,,,,,,Community Centers & Halls,Social Infrastructure
148810.0,6a932bb5cd94452437a1725b,Mizoram,Mizoram,MIZORAM,MIZORAM,"Siaha(Deputy Commissioner, Siaha)","Siaha(Deputy Commissioner, Siaha)",Normal/Others,Normal/Others,250000.0,2026-02-11T00:00:00.000Z,2026.0,0.0,Construction of Urinal Shed at Tipa V-II (Bus stand),Construction of Urinal Shed at Tipa V-II (Bus stand),,RICHARD VANLALHMANGAIHA,,MIZORAM,Completed,250000,2026-02-11T00:00:00.000Z,,,,,,,,,,,,Community Centers & Halls,Social Infrastructure
148812.0,6a932bb5cd94452437a1725d,Mizoram,Mizoram,MIZORAM,MIZORAM,"Siaha(Deputy Commissioner, Siaha)","Siaha(Deputy Commissioner, Siaha)",Normal/Others,Normal/Others,250000.0,2026-02-11T00:00:00.000Z,2026.0,0.0,Construction of Urinal Shed at Maisa,Construction of Urinal Shed at Maisa,,RICHARD VANLALHMANGAIHA,,MIZORAM,Completed,250000,2026-02-11T00:00:00.000Z,,,,,,,,,,,,Community Centers & Halls,Social Infrastructure
148814.0,6a932bb5cd94452437a170fd,Mizoram,Mizoram,MIZORAM,MIZORAM,"Siaha(Deputy Commissioner, Siaha)","Siaha(Deputy Commissioner, Siaha)",Normal/Others,Normal/Others,250000.0,2026-02-11T00:00:00.000Z,2026.0,0.0,Construction of Urinal Shed at Zyhno,Construction of Urinal Shed at Zyhno,,RICHARD VANLALHMANGAIHA,,MIZORAM,Completed,250000,2026-02-11T00:00:00.000Z,,,,,,,,,,,,Community Centers & Halls,Social Infrastructure
148816.0,6a932bb5cd94452437a179a4,Mizoram,Mizoram,MIZORAM,MIZORAM,"Siaha(Deputy Commissioner, Siaha)","Siaha(Deputy Commissioner, Siaha)",Normal/Others,Normal/Others,250000.0,2026-02-13T00:00:00.000Z,2026.0,0.0,Construction of Urinal Shed at Siata,Construction of Urinal Shed at Siata,,RICHARD VANLALHMANGAIHA,,MIZORAM,Completed,250000,2026-02-13T00:00:00.000Z,,,,,,,,,,,,Community Centers & Halls,Social Infrastructure
148818.0,6a932bb5cd94452437a179a2,Mizoram,Mizoram,MIZORAM,MIZORAM,"Siaha(Deputy Commissioner, Siaha)","Siaha(Deputy Commissioner, Siaha)",Normal/Others,Normal/Others,250000.0,2026-02-13T00:00:00.000Z,2026.0,0.0,Construction of Waiting Shed at Iana,Construction of Waiting Shed at Iana,,RICHARD VANLALHMANGAIHA,,MIZORAM,Completed,250000,2026-02-13T00:00:00.000Z,,,,,,,,,,,,Community Centers & Halls,Social Infrastructure
148820.0,6a932bb5cd94452437a179a9,Mizoram,Mizoram,MIZORAM,MIZORAM,"Siaha(Deputy Commissioner, Siaha)","Siaha(Deputy Commissioner, Siaha)",Normal/Others,Normal/Others,250000.0,2026-02-13T00:00:00.000Z,2026.0,0.0,Construction of Urinal Shed at Thosai,Construction of Urinal Shed at Thosai,,RICHARD VANLALHMANGAIHA,,MIZORAM,Completed,250000,2026-02-13T00:00:00.000Z,,,,,,,,,,,,Community Centers & Halls,Social Infrastructure
148822.0,6a932bb5cd94452437a179a7,Mizoram,Mizoram,MIZORAM,MIZORAM,"Siaha(Deputy Commissioner, Siaha)","Siaha(Deputy Commissioner, Siaha)",Normal/Others,Normal/Others,250000.0,2026-02-13T00:00:00.000Z,2026.0,0.0,Construction of Urinal Shed at Amotla,Construction of Urinal Shed at Amotla,,RICHARD VANLALHMANGAIHA,,MIZORAM,Completed,250000,2026-02-13T00:00:00.000Z,,,,,,,,,,,,Community Centers & Halls,Social Infrastructure
148824.0,6a932bb5cd94452437a179a5,Mizoram,Mizoram,MIZORAM,MIZORAM,"Siaha(Deputy Commissioner, Siaha)","Siaha(Deputy Commissioner, Siaha)",Normal/Others,Normal/Others,250000.0,2026-02-13T00:00:00.000Z,2026.0,0.0,Construction of Urinal Shed at Chhaolo III,Construction of Urinal Shed at Chhaolo III,,RICHARD VANLALHMANGAIHA,,MIZORAM,Completed,250000,2026-02-13T00:00:00.000Z,,,,,,,,,,,,Community Centers & Halls,Social Infrastructure
224827.0,6a932bb5cd94452437a1a66a,Mizoram,Mizoram,MIZORAM,MIZORAM,SERCHHIP(Deputy Commissioner Serchhip),SERCHHIP(Deputy Commissioner Serchhip),Normal/Others,Normal/Others,350000.0,2026-07-29T00:00:00.000Z,2026.0,0.0,Construction of Bazar shed at Keitum,Construction of Bazar shed at Keitum,,RICHARD VANLALHMANGAIHA,,MIZORAM,Completed,350000,2026-07-29T00:00:00.000Z,,,,,,,,,,,,Community Centers & Halls,Social Infrastructure
140271.0,6a932bb5cd94452437a16662,Nagaland,Nagaland,NAGALAND,NAGALAND,MOKOKCHUNG(Deputy Commissioner Mokokchung_IDA),MOKOKCHUNG(Deputy Commissioner Mokokchung_IDA),Normal/Others,Normal/Others,16912380.0,2024-12-02T00:00:00.000Z,2024.0,0.0,Purchase of Community Ambulances 6 (six) Nos.,Purchase of Community Ambulances 6 (six) Nos.,,S SUPONGMEREN JAMIR,,NAGALAND,Completed,16912380,2024-12-02T00:00:00.000Z,,,,,,,,,,,,Community Centers & Halls,Social Infrastructure
193452.0,6a932bb5cd94452437a17f2c,Nagaland,Nagaland,NAGALAND,NAGALAND,MOKOKCHUNG(Deputy Commissioner Mokokchung_IDA),MOKOKCHUNG(Deputy Commissioner Mokokchung_IDA),Normal/Others,Normal/Others,8500000.0,2025-07-11T00:00:00.000Z,2025.0,0.0,Purchase of Community Ambulance,Purchase of Community Ambulance,,S SUPONGMEREN JAMIR,,NAGALAND,Completed,8500000,2025-07-11T00:00:00.000Z,,,,,,,,,,,,Community Centers & Halls,Social Infrastructure
166130.0,6a932bb5cd94452437a18c0f,Odisha,Odisha,ASKA,ASKA,GANJAM(DISTRICT COLLECTOR GANJAM_IDA),GANJAM(DISTRICT COLLECTOR GANJAM_IDA),Normal/Others,Normal/Others,200000.0,2025-07-07T00:00:00.000Z,2025.0,0.0,Construction of Bartini Odia Samaja Community Hall,Construction of Bartini Odia Samaja Community Hall,,ANITA SUBHADARSHINI,,ASKA,Completed,200000,2025-07-07T00:00:00.000Z,,,,,,,,,,,,Community Centers & Halls,Social Infrastructure
170211.0,6a932bb5cd94452437a1e585,Odisha,Odisha,NABARANGPUR,NABARANGPUR,NABARANGPUR(DISTRICT COLLECTOR NABARANGPUR_IDA),NABARANGPUR(DISTRICT COLLECTOR NABARANGPUR_IDA),Normal/Others,Normal/Others,500000.0,2026-08-10T00:00:00.000Z,2026.0,0.0,Construction of Community Centre near Thakurani Mandir at Koilari,Construction of Community Centre near Thakurani Mandir at Koilari,,BALABHADRA MAJHI,,NABARANGPUR,Completed,500000,2026-08-10T00:00:00.000Z,,,,,,,,,,,,Community Centers & Halls,Social Infrastructure
170311.0,6a932bb5cd94452437a1e5b4,Odisha,Odisha,NABARANGPUR,NABARANGPUR,NABARANGPUR(DISTRICT COLLECTOR NABARANGPUR_IDA),NABARANGPUR(DISTRICT COLLECTOR NABARANGPUR_IDA),Normal/Others,Normal/Others,300000.0,2026-08-10T00:00:00.000Z,2026.0,0.0,"Completion of partly constructed Community Centre near Maa Thakurani Mandir, village-Semala","Completion of partly constructed Community Centre near Maa Thakurani Mandir, village-Semala",,BALABHADRA MAJHI,,NABARANGPUR,Completed,300000,2026-08-10T00:00:00.000Z,,,,,,,,,,,,Community Centers & Halls,Social Infrastructure
173485.0,6a932bb5cd94452437a1af88,Odisha,Odisha,KEONJHAR,KEONJHAR,Kendujhar(DISTRICT COLLECTOR KEONJHAR_IDA),Kendujhar(DISTRICT COLLECTOR KEONJHAR_IDA),Repair and Renovation,Repair and Renovation,300000.0,2025-11-27T00:00:00.000Z,2025.0,0.0,"Development Kalyan Mandap at Gumra, Gumra GP","Development Kalyan Mandap at Gumra, Gumra GP",,ANANTA NAYAK,,KEONJHAR,Completed,300000,2025-11-27T00:00:00.000Z,,,,,,,,,,,,Community Centers & Halls,Social Infrastructure
173693.0,6a932bb5cd94452437a1b884,Odisha,Odisha,KEONJHAR,KEONJHAR,Kendujhar(DISTRICT COLLECTOR KEONJHAR_IDA),Kendujhar(DISTRICT COLLECTOR KEONJHAR_IDA),Repair and Renovation,Repair and Renovation,300000.0,2025-11-27T00:00:00.000Z,2025.0,0.0,"Development of community center near Laxmi Mandap, kanjipani fabor block guard wall with filing at kanjipani","Development of community center near Laxmi Mandap, kanjipani fabor block guard wall with filing at kanjipani",,ANANTA NAYAK,,KEONJHAR,Completed,300000,2025-11-27T00:00:00.000Z,,,,,,,,,,,,Community Centers & Halls,Social Infrastructure
231516.0,6a932bb5cd94452437a1c973,Gujarat,Gujarat,BANASKANTHA,BANASKANTHA,BANAS KANTHA(DISTRICT COLLECTOR BANAS KANTHA_IDA),BANAS KANTHA(DISTRICT COLLECTOR BANAS KANTHA_IDA),Normal/Others,Normal/Others,200000.0,2026-01-31T00:00:00.000Z,2026.0,0.0,work in the samshan suvidha  of the Devi-pujak community,work in the samshan suvidha  of the Devi-pujak community,,GENIBEN NAGAJI THAKOR,,BANASKANTHA,Completed,200000,2026-01-31T00:00:00.000Z,,,,,,,,,,,,Community Centers & Halls,Social Infrastructure
174002.0,6a932bb5cd94452437a1c729,Odisha,Odisha,KEONJHAR,KEONJHAR,Kendujhar(DISTRICT COLLECTOR KEONJHAR_IDA),Kendujhar(DISTRICT COLLECTOR KEONJHAR_IDA),Normal/Others,Normal/Others,500000.0,2026-01-12T00:00:00.000Z,2026.0,0.0,Construction of community center near Suakati Saraswati Sishu Mandir,Construction of community center near Suakati Saraswati Sishu Mandir,,ANANTA NAYAK,,KEONJHAR,Completed,500000,2026-01-12T00:00:00.000Z,,,,,,,,,,,,Community Centers & Halls,Social Infrastructure
174606.0,6a932bb5cd94452437a1d209,Odisha,Odisha,SUNDARGARH,SUNDARGARH,Sundaragada(DISTRICT COLLECTOR SUNDARGARH_IDA),Sundaragada(DISTRICT COLLECTOR SUNDARGARH_IDA),Normal/Others,Normal/Others,400000.0,2026-02-18T00:00:00.000Z,2026.0,0.0,"Completion of Kirtan Mandap at Panch Maula, GP Hamirpur","Completion of Kirtan Mandap at Panch Maula, GP Hamirpur",,Shri Jual Oram,,SUNDARGARH,Completed,400000,2026-02-18T00:00:00.000Z,,,,,,,,,,,,Community Centers & Halls,Social Infrastructure
175379.0,6a932bb5cd94452437a187e4,Odisha,Odisha,KALAHANDI,KALAHANDI,KALAHANDI(DISTRICT COLLECTOR KALAHANDI_IDA),KALAHANDI(DISTRICT COLLECTOR KALAHANDI_IDA),Normal/Others,Normal/Others,300000.0,2025-08-19T00:00:00.000Z,2025.0,0.0,construction of community pond,construction of community pond,,MALVIKA DEVI,,KALAHANDI,Completed,300000,2025-08-19T00:00:00.000Z,,,,,,,,,,,,Community Centers & Halls,Social Infrastructure
232427.0,6a932bb5cd94452437a1ca6a,Gujarat,Gujarat,BHARUCH,BHARUCH,BHARUCH(DISTRICT COLLECTOR BROACH_IDA),BHARUCH(DISTRICT COLLECTOR BROACH_IDA),Normal/Others,Normal/Others,300000.0,2026-02-11T00:00:00.000Z,2026.0,0.0,Dholekham game Community Shed ni kamgiri,Dholekham game Community Shed ni kamgiri,,Mansukhbhai Dhanjibhai Vasava,,BHARUCH,Completed,300000,2026-02-11T00:00:00.000Z,,,,,,,,,,,,Community Centers & Halls,Social Infrastructure
178552.0,6a932bb5cd94452437a1c0fe,Odisha,Odisha,BHADRAK,BHADRAK,BHADRAK(DISTRICT COLLECTOR BHADRAK_IDA),BHADRAK(DISTRICT COLLECTOR BHADRAK_IDA),Normal/Others,Normal/Others,500000.0,2025-12-22T00:00:00.000Z,2025.0,0.0,Construction of Community Centre at Tiadi Sahi.,Construction of Community Centre at Tiadi Sahi.,,AVIMANYU SETHI,,BHADRAK,Completed,500000,2025-12-22T00:00:00.000Z,,,,,,,,,,,,Community Centers & Halls,Social Infrastructure
178757.0,6a932bb5cd94452437a1c91d,Odisha,Odisha,KANDHAMAL,KANDHAMAL,Nayagada(DISTRICT COLLECTOR  NAYAGARH_IDA),Nayagada(DISTRICT COLLECTOR  NAYAGARH_IDA),Repair and Renovation,Repair and Renovation,100000.0,2026-01-21T00:00:00.000Z,2026.0,0.0,"Renovation of Gopinathjew Community centre, word no -4 , Daspalla","Renovation of Gopinathjew Community centre, word no -4 , Daspalla",,SUKANTA KUMAR PANIGRAHI,,KANDHAMAL,Completed,100000,2026-01-21T00:00:00.000Z,,,,,,,,,,,,Community Centers & Halls,Social Infrastructure
178759.0,6a932bb5cd94452437a1dd10,Odisha,Odisha,KANDHAMAL,KANDHAMAL,Nayagada(DISTRICT COLLECTOR  NAYAGARH_IDA),Nayagada(DISTRICT COLLECTOR  NAYAGARH_IDA),Repair and Renovation,Repair and Renovation,300000.0,2026-03-28T00:00:00.000Z,2026.0,0.0,"Renovation of Ramasena Community Centre , word no -5 , Daspalla","Renovation of Ramasena Community Centre , word no -5 , Daspalla",,SUKANTA KUMAR PANIGRAHI,,KANDHAMAL,Completed,300000,2026-03-28T00:00:00.000Z,,,,,,,,,,,,Community Centers & Halls,Social Infrastructure
145195.0,6a932bb5cd94452437a1c2ba,Odisha,Odisha,SUNDARGARH,SUNDARGARH,Sundaragada(DISTRICT COLLECTOR SUNDARGARH_IDA),Sundaragada(DISTRICT COLLECTOR SUNDARGARH_IDA),Normal/Others,Normal/Others,780000.0,2025-12-30T00:00:00.000Z,2025.0,0.0,"Completion fo Community Center at B-36, Sector-3, Rourkela (Executing Agency ITDA Panposh)","Completion fo Community Center at B-36, Sector-3, Rourkela (Executing Agency ITDA Panposh)",,Shri Jual Oram,,SUNDARGARH,Completed,780000,2025-12-30T00:00:00.000Z,,,,,,,,,,,,Community Centers & Halls,Social Infrastructure
234011.0,6a932bb5cd94452437a1dd0b,Bihar,Bihar,PURVI CHAMPARAN,PURVI CHAMPARAN,PURBI CHAMPARAN(DISTRICT PLANNING OFFICER MOTHIHARI EAST CHAMPARAN_IDA),PURBI CHAMPARAN(DISTRICT PLANNING OFFICER MOTHIHARI EAST CHAMPARAN_IDA),Repair and Renovation,Repair and Renovation,497619.0,2026-05-08T00:00:00.000Z,2026.0,0.0,MOTIHARI NAGAR NIGAM KE GAYATRI  MANDIR KE SAMNE SAMUDAAYIK BHAWAN KA MARMATTI EWAM VIKAS KARYA.,MOTIHARI NAGAR NIGAM KE GAYATRI  MANDIR KE SAMNE SAMUDAAYIK BHAWAN KA MARMATTI EWAM VIKAS KARYA.,,Radha Mohan Singh,,PURVI CHAMPARAN,Completed,497619,2026-05-08T00:00:00.000Z,,,,,,,,,,,,Community Centers & Halls,Social Infrastructure
145453.0,6a932bb5cd94452437a1924f,Odisha,Odisha,SUNDARGARH,SUNDARGARH,Sundaragada(DISTRICT COLLECTOR SUNDARGARH_IDA),Sundaragada(DISTRICT COLLECTOR SUNDARGARH_IDA),Normal/Others,Normal/Others,500000.0,2025-07-22T00:00:00.000Z,2025.0,0.0,Completion of Mandap at Barangakachhar,Completion of Mandap at Barangakachhar,,Shri Jual Oram,,SUNDARGARH,Completed,500000,2025-07-22T00:00:00.000Z,,,,,,,,,,,,Community Centers & Halls,Social Infrastructure
145455.0,6a932bb5cd94452437a1924c,Odisha,Odisha,SUNDARGARH,SUNDARGARH,Sundaragada(DISTRICT COLLECTOR SUNDARGARH_IDA),Sundaragada(DISTRICT COLLECTOR SUNDARGARH_IDA),Normal/Others,Normal/Others,500000.0,2025-07-22T00:00:00.000Z,2025.0,0.0,Complation of Mandap at Patuapada Harijanpada,Complation of Mandap at Patuapada Harijanpada,,Shri Jual Oram,,SUNDARGARH,Completed,500000,2025-07-22T00:00:00.000Z,,,,,,,,,,,,Community Centers & Halls,Social Infrastructure
145561.0,6a932bb5cd94452437a1a04b,Odisha,Odisha,SUNDARGARH,SUNDARGARH,Sundaragada(DISTRICT COLLECTOR SUNDARGARH_IDA),Sundaragada(DISTRICT COLLECTOR SUNDARGARH_IDA),Normal/Others,Normal/Others,400000.0,2026-02-19T00:00:00.000Z,2026.0,0.0,Completion of Padha Community Centre at Lanjiberna,Completion of Padha Community Centre at Lanjiberna,,Shri Jual Oram,,SUNDARGARH,Completed,400000,2026-02-19T00:00:00.000Z,,,,,,,,,,,,Community Centers & Halls,Social Infrastructure
148055.0,6a932bb5cd94452437a1d7b6,Odisha,Odisha,KALAHANDI,KALAHANDI,KALAHANDI(DISTRICT COLLECTOR KALAHANDI_IDA),KALAHANDI(DISTRICT COLLECTOR KALAHANDI_IDA),Normal/Others,Normal/Others,200000.0,2026-03-16T00:00:00.000Z,2026.0,0.0,"Reconstruction of community hall at Jharaband, badkenduguda","Reconstruction of community hall at Jharaband, badkenduguda",,MALVIKA DEVI,,KALAHANDI,Completed,200000,2026-03-16T00:00:00.000Z,,,,,,,,,,,,Community Centers & Halls,Social Infrastructure
228411.0,6a932bb5cd94452437a1d253,Gujarat,Gujarat,SABARKANTHA,SABARKANTHA,SABAR KANTHA(DISTRICT COLLECTOR SABARKANTHA_IDA),SABAR KANTHA(DISTRICT COLLECTOR SABARKANTHA_IDA),Normal/Others,Normal/Others,500000.0,2026-03-24T00:00:00.000Z,2026.0,0.0,matoda game gram panchyat aagar shed nu kam,matoda game gram panchyat aagar shed nu kam,,SHOBHANABEN MAHENDRASINH BARAIYA,,SABARKANTHA,Completed,500000,2026-03-24T00:00:00.000Z,,,,,,,,,,,,Community Centers & Halls,Social Infrastructure
180853.0,6a932bb5cd94452437a1e3bf,Odisha,Odisha,BHADRAK,BHADRAK,Baleshwar(DISTRICT COLLECTOR BALESHWAR_IDA),Baleshwar(DISTRICT COLLECTOR BALESHWAR_IDA),Normal/Others,Normal/Others,500000.0,2026-05-12T00:00:00.000Z,2026.0,0.0,Construction of Community Centre near Sunya Mandap,Construction of Community Centre near Sunya Mandap,,AVIMANYU SETHI,,BHADRAK,Completed,500000,2026-05-12T00:00:00.000Z,,,,,,,,,,,,Community Centers & Halls,Social Infrastructure
181414.0,6a932bb5cd94452437a1dedf,Odisha,Odisha,KANDHAMAL,KANDHAMAL,Nayagada(DISTRICT COLLECTOR  NAYAGARH_IDA),Nayagada(DISTRICT COLLECTOR  NAYAGARH_IDA),Normal/Others,Normal/Others,150000.0,2026-04-06T00:00:00.000Z,2026.0,0.0,"Construction of Community Centre near Raghunath Mandap, Hiradeipur","Construction of Community Centre near Raghunath Mandap, Hiradeipur",,SUKANTA KUMAR PANIGRAHI,,KANDHAMAL,Completed,150000,2026-04-06T00:00:00.000Z,,,,,,,,,,,,Community Centers & Halls,Social Infrastructure
181539.0,6a932bb5cd94452437a1df25,Odisha,Odisha,JAGATSINGHPUR,JAGATSINGHPUR,PURI(DISTRICT COLLECTOR PURI_IDA),PURI(DISTRICT COLLECTOR PURI_IDA),Normal/Others,Normal/Others,200000.0,2026-04-07T00:00:00.000Z,2026.0,0.0,Construction of Phulubanika Community Center at Golapur,Construction of Phulubanika Community Center at Golapur,,BIBHU PRASAD TARAI,,JAGATSINGHPUR,Completed,200000,2026-04-07T00:00:00.000Z,,,,,,,,,,,,Community Centers & Halls,Social Infrastructure
182276.0,6a932bb5cd94452437a1c96b,Odisha,Odisha,KANDHAMAL,KANDHAMAL,Nayagada(DISTRICT COLLECTOR  NAYAGARH_IDA),Nayagada(DISTRICT COLLECTOR  NAYAGARH_IDA),Normal/Others,Normal/Others,300000.0,2026-01-21T00:00:00.000Z,2026.0,0.0,Construction of Community Centre near Budha Budhi Thakurani Temple,Construction of Community Centre near Budha Budhi Thakurani Temple,,SUKANTA KUMAR PANIGRAHI,,KANDHAMAL,Completed,300000,2026-01-21T00:00:00.000Z,,,,,,,,,,,,Community Centers & Halls,Social Infrastructure
182765.0,6a932bb5cd94452437a1d20b,Odisha,Odisha,PURI,PURI,PURI(DISTRICT COLLECTOR PURI_IDA),PURI(DISTRICT COLLECTOR PURI_IDA),Normal/Others,Normal/Others,236397.0,2026-02-18T00:00:00.000Z,2026.0,0.0,Construction of Community Center Near Amrutaswara Temple.,Construction of Community Center Near Amrutaswara Temple.,,SAMBIT PATRA,,PURI,Completed,236397,2026-02-18T00:00:00.000Z,,,,,,,,,,,,Community Centers & Halls,Social Infrastructure
236703.0,6a932bb5cd94452437a1e82b,Bihar,Bihar,SITAMARHI,SITAMARHI,SITAMARHI(DISTRICT PLANNING OFFICER SITAMARHI_IDA),SITAMARHI(DISTRICT PLANNING OFFICER SITAMARHI_IDA),Normal/Others,Normal/Others,360000.0,2026-07-27T00:00:00.000Z,2026.0,0.0,"A 9-meter high, 36-watt Fourlims solar LED semi mast equipped with an L1 P04 battery and mounted on an octagonal pole has been installed near Samarharnalay Chowk, close to Vakalat Khan Hall, located in Ward No. 43, Dumra, Sitamarhi district.","A 9-meter high, 36-watt Fourlims solar LED semi mast equipped with an L1 P04 battery and mounted on an octagonal pole has been installed near Samarharnalay Chowk, close to Vakalat Khan Hall, located in Ward No. 43, Dumra, Sitamarhi district.",,DEVESH CHANDRA THAKUR,,SITAMARHI,Completed,360000,2026-07-27T00:00:00.000Z,,,,,,,,,,,,Community Centers & Halls,Social Infrastructure
233558.0,6a932bb5cd94452437a1c255,Gujarat,Gujarat,ANAND,ANAND,ANAND(District Collector ANAND_IDA),ANAND(District Collector ANAND_IDA),Normal/Others,Normal/Others,100000.0,2026-01-13T00:00:00.000Z,2026.0,0.0,Devataj game Ramdevpir Mandir Vistarma Shed nu kam,Devataj game Ramdevpir Mandir Vistarma Shed nu kam,,Mitesh Rameshbhai Bakabhai Patel,,ANAND,Completed,100000,2026-01-13T00:00:00.000Z,,,,,,,,,,,,Community Centers & Halls,Social Infrastructure
233584.0,6a932bb5cd94452437a1e54f,Gujarat,Gujarat,ANAND,ANAND,ANAND(District Collector ANAND_IDA),ANAND(District Collector ANAND_IDA),Normal/Others,Normal/Others,150000.0,2026-08-20T00:00:00.000Z,2026.0,0.0,Vaghari Vas Vistarma Shed nu Kam,Vaghari Vas Vistarma Shed nu Kam,,Mitesh Rameshbhai Bakabhai Patel,,ANAND,Completed,150000,2026-08-20T00:00:00.000Z,,,,,,,,,,,,Community Centers & Halls,Social Infrastructure
233621.0,6a932bb5cd94452437a1c85d,Gujarat,Gujarat,SABARKANTHA,SABARKANTHA,ARVALLI(DISTRICT COLLECTOR ARVALLI_IDA),ARVALLI(DISTRICT COLLECTOR ARVALLI_IDA),Normal/Others,Normal/Others,243000.0,2026-01-21T00:00:00.000Z,2026.0,0.0,BAJIPURA PANCHAYAT NA GHARMEDA KAMPA KHATE BAROT MANUBHAI NA GHAR NI SAME CHOK MA SHED NU KAM,BAJIPURA PANCHAYAT NA GHARMEDA KAMPA KHATE BAROT MANUBHAI NA GHAR NI SAME CHOK MA SHED NU KAM,,SHOBHANABEN MAHENDRASINH BARAIYA,,SABARKANTHA,Completed,243000,2026-01-21T00:00:00.000Z,,,,,,,,,,,,Community Centers & Halls,Social Infrastructure
235051.0,6a932bb5cd94452437a1d6b4,Gujarat,Gujarat,NAVSARI,NAVSARI,NAVSARI(DISTRICT COLLECTOR NAVSARI_IDA),NAVSARI(DISTRICT COLLECTOR NAVSARI_IDA),Normal/Others,Normal/Others,500000.0,2026-03-23T00:00:00.000Z,2026.0,0.0,For the construct of a community hall at Chijgam Village,For the construct of a community hall at Chijgam Village,,C R Patil,,NAVSARI,Completed,500000,2026-03-23T00:00:00.000Z,,,,,,,,,,,,Community Centers & Halls,Social Infrastructure
1740.0,,Andhra Pradesh,Andhra Pradesh,RAJAMPET,RAJAMPET,"EAST GODAVARI(DISTRICT COLLECTOR, EAST GODAVARI)","EAST GODAVARI(DISTRICT COLLECTOR, EAST GODAVARI)",Normal/Others,Normal/Others,,,,,"Development Works to Existing Community Building Near Ayyappa Swamy Temple, Tyagaraj Nagar, Gowtham Ghat, Rajamundry Municipality","Development Works to Existing Community Building Near Ayyappa Swamy Temple, Tyagaraj Nagar, Gowtham Ghat, Rajamundry Municipality",,Midhun Reddy,,RAJAMPET,Recommended,2000000,2025-10-31T00:00:00.000Z,1740.0,2000000.0,Recommended,2025-10-31T00:00:00.000Z,2025.0,Lok Sabha,18.0,0.0,False,0.0,0.0,Community Centers & Halls,Social Infrastructure
304502.0,,Andaman And Nicobar Islands,Andaman And Nicobar Islands,ANDAMAN AND NICOBAR ISLANDS,ANDAMAN AND NICOBAR ISLANDS,SOUTH ANDAMANS(Implementing District Authority(SA)),SOUTH ANDAMANS(Implementing District Authority(SA)),Normal/Others,Normal/Others,,,,,"Con.of Kitchen shed and store room in premises of community hall at Mathura, Brindabhan","Con.of Kitchen shed and store room in premises of community hall at Mathura, Brindabhan",,BISHNU PADA RAY,,ANDAMAN AND NICOBAR ISLANDS,Recommended,1475787,2026-08-17T00:00:00.000Z,304502.0,1475787.0,Recommended,2026-08-17T00:00:00.000Z,2026.0,Lok Sabha,18.0,0.0,False,0.0,0.0,Community Centers & Halls,Social Infrastructure
1458.0,,Andhra Pradesh,Andhra Pradesh,ANANTAPUR,ANANTAPUR,Sri Sathya Sai(DISTRICT COLLECTOR SRI SATHYA SAI_IDA),Sri Sathya Sai(DISTRICT COLLECTOR SRI SATHYA SAI_IDA),Normal/Others,Normal/Others,,,,,"Constuction of Compound wall to Community hall at 19th ward, Hindupur","Constuction of Compound wall to Community hall at 19th ward, Hindupur",,AMBICA G LAKSHMINARAYANA VALMIKI,,ANANTAPUR,Recommended,2462396,2025-07-23T00:00:00.000Z,1458.0,2462396.0,Recommended,2025-07-23T00:00:00.000Z,2025.0,Lok Sabha,18.0,0.0,False,0.0,0.0,Community Centers & Halls,Social Infrastructure
1799.0,,Andhra Pradesh,Andhra Pradesh,ELURU,ELURU,Y.S.R. Kadapa(DISTRICT COLLECTOR CUDDAPAH_IDA),Y.S.R. Kadapa(DISTRICT COLLECTOR CUDDAPAH_IDA),Normal/Others,Normal/Others,,,,,Providing Amenities to existing multipurpose hall near old RIMS in Kadapa Municipal Corporation,Providing Amenities to existing multipurpose hall near old RIMS in Kadapa Municipal Corporation,,Putta Mahesh Kumar,,ELURU,Recommended,2500000,2025-12-08T00:00:00.000Z,1799.0,2500000.0,Recommended,2025-12-08T00:00:00.000Z,2025.0,Lok Sabha,18.0,0.0,False,0.0,0.0,Community Centers & Halls,Social Infrastructure
1301.0,,Andhra Pradesh,Andhra Pradesh,HINDUPUR,HINDUPUR,Ananthapuramu(DISTRICT COLLECTOR ANANTAPUR_IDA),Ananthapuramu(DISTRICT COLLECTOR ANANTAPUR_IDA),Normal/Others,Normal/Others,,,,,"Construction of a community hall at the district police office premises, Ananthapuram","Construction of a community hall at the district police office premises, Ananthapuram",,B K PARTHASARATHI,,HINDUPUR,Recommended,1500000,2025-05-12T00:00:00.000Z,1301.0,1500000.0,Recommended,2025-05-12T00:00:00.000Z,2025.0,Lok Sabha,18.0,0.0,False,0.0,0.0,Community Centers & Halls,Social Infrastructure
187484.0,,Andaman And Nicobar Islands,Andaman And Nicobar Islands,ANDAMAN AND NICOBAR ISLANDS,ANDAMAN AND NICOBAR ISLANDS,NORTH AND MIDDLE ANDAMAN(Implementing District Authority(N&MA)),NORTH AND MIDDLE ANDAMAN(Implementing District Authority(N&MA)),Normal/Others,Normal/Others,,,,,"Construction of Open Community Hall near Airport junction at Shibpur Ward No.3, Shipbur GP, Diglipur Tehsil","Construction of Open Community Hall near Airport junction at Shibpur Ward No.3, Shipbur GP, Diglipur Tehsil",,BISHNU PADA RAY,,ANDAMAN AND NICOBAR ISLANDS,Recommended,2899877,2025-03-28T00:00:00.000Z,187484.0,2899877.0,Recommended,2025-03-28T00:00:00.000Z,2025.0,Lok Sabha,18.0,0.0,True,1350689.0,1.0,Community Centers & Halls,Social Infrastructure
1416.0,,Andhra Pradesh,Andhra Pradesh,HINDUPUR,HINDUPUR,Ananthapuramu(DISTRICT COLLECTOR ANANTAPUR_IDA),Ananthapuramu(DISTRICT COLLECTOR ANANTAPUR_IDA),Repair and Renovation,Repair and Renovation,,,,,"Repairs to Community Hall (Kanakadasu Bhavan) near Indiramma colony at Sno. 169-2D, 169-2E. Garudapuram village of Kalyanadurg Mandal of Ananthapuramu district","Repairs to Community Hall (Kanakadasu Bhavan) near Indiramma colony at Sno. 169-2D, 169-2E. Garudapuram village of Kalyanadurg Mandal of Ananthapuramu district",,B K PARTHASARATHI,,HINDUPUR,Recommended,2500000,2025-07-01T00:00:00.000Z,1416.0,2500000.0,Recommended,2025-07-01T00:00:00.000Z,2025.0,Lok Sabha,18.0,0.0,False,0.0,0.0,Community Centers & Halls,Social Infrastructure
1488.0,,Andhra Pradesh,Andhra Pradesh,ANANTAPUR,ANANTAPUR,Sri Sathya Sai(DISTRICT COLLECTOR SRI SATHYA SAI_IDA),Sri Sathya Sai(DISTRICT COLLECTOR SRI SATHYA SAI_IDA),Normal/Others,Normal/Others,,,,,"Construction of Compound wall to Community hall at 14th ward, Hindupur","Construction of Compound wall to Community hall at 14th ward, Hindupur",,AMBICA G LAKSHMINARAYANA VALMIKI,,ANANTAPUR,Recommended,500000,2025-08-06T00:00:00.000Z,1488.0,500000.0,Recommended,2025-08-06T00:00:00.000Z,2025.0,Lok Sabha,18.0,0.0,False,0.0,0.0,Community Centers & Halls,Social Infrastructure
1718.0,,Andhra Pradesh,Andhra Pradesh,NARASARAOPET,NARASARAOPET,Sri Sathya Sai(DISTRICT COLLECTOR SRI SATHYA SAI_IDA),Sri Sathya Sai(DISTRICT COLLECTOR SRI SATHYA SAI_IDA),Normal/Others,Normal/Others,,,,,Construction of Community Hall in Kanaganapalle Village and Mandal,Construction of Community Hall in Kanaganapalle Village and Mandal,,Lavu Sri Krishna Devarayalu,,NARASARAOPET,Recommended,2500000,2025-10-20T00:00:00.000Z,1718.0,2500000.0,Recommended,2025-10-20T00:00:00.000Z,2025.0,Lok Sabha,18.0,0.0,False,0.0,0.0,Community Centers & Halls,Social Infrastructure
260512.0,,Andaman And Nicobar Islands,Andaman And Nicobar Islands,ANDAMAN AND NICOBAR ISLANDS,ANDAMAN AND NICOBAR ISLANDS,SOUTH ANDAMANS(Implementing District Authority(SA)),SOUTH ANDAMANS(Implementing District Authority(SA)),Normal/Others,Normal/Others,,,,,Raising of wall over existing wall 35 meters length with 80 cms height and extension of shed for 06 mtrs at Dhobhighat for community purpose.,Raising of wall over existing wall 35 meters length with 80 cms height and extension of shed for 06 mtrs at Dhobhighat for community purpose.,,BISHNU PADA RAY,,ANDAMAN AND NICOBAR ISLANDS,Recommended,4000000,2026-01-20T00:00:00.000Z,260512.0,4000000.0,Recommended,2026-01-20T00:00:00.000Z,2026.0,Lok Sabha,18.0,0.0,False,0.0,0.0,Community Centers & Halls,Social Infrastructure
175559.0,,Andaman And Nicobar Islands,Andaman And Nicobar Islands,ANDAMAN AND NICOBAR ISLANDS,ANDAMAN AND NICOBAR ISLANDS,SOUTH ANDAMANS(Implementing District Authority(SA)),SOUTH ANDAMANS(Implementing District Authority(SA)),Normal/Others,Normal/Others,,,,,"Extension of Multipurpse Hall at Nayagaon near Juvenile Home, Port Blair","Extension of Multipurpse Hall at Nayagaon near Juvenile Home, Port Blair",,BISHNU PADA RAY,,ANDAMAN AND NICOBAR ISLANDS,Recommended,976436,2025-02-14T00:00:00.000Z,175559.0,976436.0,Recommended,2025-02-14T00:00:00.000Z,2025.0,Lok Sabha,18.0,0.0,True,730885.0,1.0,Community Centers & Halls,Social Infrastructure
260509.0,,Andaman And Nicobar Islands,Andaman And Nicobar Islands,ANDAMAN AND NICOBAR ISLANDS,ANDAMAN AND NICOBAR ISLANDS,SOUTH ANDAMANS(Implementing District Authority(SA)),SOUTH ANDAMANS(Implementing District Authority(SA)),Normal/Others,Normal/Others,,,,,"Development of Playground with chain link fencing and small stage with pre-fabricated steel roofing at Sunder Colony, Ward No.2, SVP","Development of Playground with chain link fencing and small stage with pre-fabricated steel roofing at Sunder Colony, Ward No.2, SVP",,BISHNU PADA RAY,,ANDAMAN AND NICOBAR ISLANDS,Recommended,2000000,2026-01-20T00:00:00.000Z,260509.0,2000000.0,Recommended,2026-01-20T00:00:00.000Z,2026.0,Lok Sabha,18.0,0.0,False,0.0,0.0,Community Centers & Halls,Social Infrastructure
166546.0,,Andhra Pradesh,Andhra Pradesh,GUNTUR,GUNTUR,GUNTUR(DISTRICT COLLECTOR GUNTUR_IDA),GUNTUR(DISTRICT COLLECTOR GUNTUR_IDA),Normal/Others,Normal/Others,,,,,"Providing Amenities to Community Hall in Narakoduru village of Chebrolu Mandal, Guntur District","Providing Amenities to Community Hall in Narakoduru village of Chebrolu Mandal, Guntur District",,Dr Chandra Sekhar Pemmasani,,GUNTUR,Recommended,5000000,2025-01-19T00:00:00.000Z,166546.0,5000000.0,Recommended,2025-01-19T00:00:00.000Z,2025.0,Lok Sabha,18.0,0.0,True,4939780.0,1.0,Community Centers & Halls,Social Infrastructure
168682.0,,Andhra Pradesh,Andhra Pradesh,SRIKAKULAM,SRIKAKULAM,SRIKAKULAM(District Collector Srikakulam_IDA),SRIKAKULAM(District Collector Srikakulam_IDA),Normal/Others,Normal/Others,,,,,Construction of Community Hall at Thotavuru Village of Sirimamidi GP of Sompeta mandal,Construction of Community Hall at Thotavuru Village of Sirimamidi GP of Sompeta mandal,,Kinjarapu Ram Mohan Naidu,,SRIKAKULAM,Recommended,500000,2025-01-24T00:00:00.000Z,168682.0,500000.0,Recommended,2025-01-24T00:00:00.000Z,2025.0,Lok Sabha,18.0,0.0,True,277290.0,1.0,Community Centers & Halls,Social Infrastructure
168892.0,,Andhra Pradesh,Andhra Pradesh,ELURU,ELURU,Eluru(DISTRICT COLLECTOR ELURU_IDA),Eluru(DISTRICT COLLECTOR ELURU_IDA),Normal/Others,Normal/Others,,,,,Construction of Multipurpose Hall at Kothapalli village of Lingapalem Mandal,Construction of Multipurpose Hall at Kothapalli village of Lingapalem Mandal,,Putta Mahesh Kumar,,ELURU,Recommended,1000000,2025-01-25T00:00:00.000Z,168892.0,1000000.0,Recommended,2025-01-25T00:00:00.000Z,2025.0,Lok Sabha,18.0,0.0,False,0.0,0.0,Community Centers & Halls,Social Infrastructure
169342.0,,Andhra Pradesh,Andhra Pradesh,SRIKAKULAM,SRIKAKULAM,SRIKAKULAM(District Collector Srikakulam_IDA),SRIKAKULAM(District Collector Srikakulam_IDA),Normal/Others,Normal/Others,,,,,"Construction of Cremation Shed in Vadada village of Vadada GP, Gara mandal","Construction of Cremation Shed in Vadada village of Vadada GP, Gara mandal",,Kinjarapu Ram Mohan Naidu,,SRIKAKULAM,Recommended,900000,2025-01-27T00:00:00.000Z,169342.0,900000.0,Recommended,2025-01-27T00:00:00.000Z,2025.0,Lok Sabha,18.0,0.0,True,718160.0,1.0,Community Centers & Halls,Social Infrastructure
169477.0,,Andhra Pradesh,Andhra Pradesh,ELURU,ELURU,Eluru(DISTRICT COLLECTOR ELURU_IDA),Eluru(DISTRICT COLLECTOR ELURU_IDA),Normal/Others,Normal/Others,,,,,"Construction of 4Th Floor to existing Multipurpose Hall at Vallurivari Street Powerpeta ,Eluru Municipal Corporation Eluru","Construction of 4Th Floor to existing Multipurpose Hall at Vallurivari Street Powerpeta ,Eluru Municipal Corporation Eluru",,Putta Mahesh Kumar,,ELURU,Recommended,2000000,2025-01-28T00:00:00.000Z,169477.0,2000000.0,Recommended,2025-01-28T00:00:00.000Z,2025.0,Lok Sabha,18.0,0.0,True,1947249.0,1.0,Community Centers & Halls,Social Infrastructure
169793.0,,Andhra Pradesh,Andhra Pradesh,SRIKAKULAM,SRIKAKULAM,SRIKAKULAM(District Collector Srikakulam_IDA),SRIKAKULAM(District Collector Srikakulam_IDA),Normal/Others,Normal/Others,,,,,Construction of Rooms and Halls in the existing Public and Community Buildings at Bus Stand in Kotabommali village of Kotabommali mandal,Construction of Rooms and Halls in the existing Public and Community Buildings at Bus Stand in Kotabommali village of Kotabommali mandal,,Kinjarapu Ram Mohan Naidu,,SRIKAKULAM,Recommended,2000000,2025-01-29T00:00:00.000Z,169793.0,2000000.0,Recommended,2025-01-29T00:00:00.000Z,2025.0,Lok Sabha,18.0,0.0,True,766593.0,1.0,Community Centers & Halls,Social Infrastructure
169799.0,,Andhra Pradesh,Andhra Pradesh,SRIKAKULAM,SRIKAKULAM,SRIKAKULAM(District Collector Srikakulam_IDA),SRIKAKULAM(District Collector Srikakulam_IDA),Normal/Others,Normal/Others,,,,,Construction of Community Hall at Lakkavaram village of Palasapuram GP of Sompeta mandal.,Construction of Community Hall at Lakkavaram village of Palasapuram GP of Sompeta mandal.,,Kinjarapu Ram Mohan Naidu,,SRIKAKULAM,Recommended,500000,2025-01-29T00:00:00.000Z,169799.0,500000.0,Recommended,2025-01-29T00:00:00.000Z,2025.0,Lok Sabha,18.0,0.0,False,0.0,0.0,Community Centers & Halls,Social Infrastructure
175376.0,,Andhra Pradesh,Andhra Pradesh,ELURU,ELURU,Eluru(DISTRICT COLLECTOR ELURU_IDA),Eluru(DISTRICT COLLECTOR ELURU_IDA),Normal/Others,Normal/Others,,,,,Construction of Multipurpose Hall Located Near JB Park(SC area)Ameenapeta of Eluru,Construction of Multipurpose Hall Located Near JB Park(SC area)Ameenapeta of Eluru,,Putta Mahesh Kumar,,ELURU,Recommended,2000000,2025-02-13T00:00:00.000Z,175376.0,2000000.0,Recommended,2025-02-13T00:00:00.000Z,2025.0,Lok Sabha,18.0,0.0,False,0.0,0.0,Community Centers & Halls,Social Infrastructure
176288.0,,Andhra Pradesh,Andhra Pradesh,VIZIANAGARAM,VIZIANAGARAM,VIZIANAGARAM(DISTRICT COLLECTOR VIZIANAGARAM_IDA),VIZIANAGARAM(DISTRICT COLLECTOR VIZIANAGARAM_IDA),Normal/Others,Normal/Others,,,,,Construction of Community Hall in Kondarajupalem Village Covered in Kongavanipalem Revenue Village of Bhogapuram Mandal,Construction of Community Hall in Kondarajupalem Village Covered in Kongavanipalem Revenue Village of Bhogapuram Mandal,,Appalanaidu Kalisetti,,VIZIANAGARAM,Recommended,1200000,2025-02-18T00:00:00.000Z,176288.0,1200000.0,Recommended,2025-02-18T00:00:00.000Z,2025.0,Lok Sabha,18.0,0.0,False,0.0,0.0,Community Centers & Halls,Social Infrastructure
157138.0,,Andhra Pradesh,Andhra Pradesh,HINDUPUR,HINDUPUR,Sri Sathya Sai(DISTRICT COLLECTOR SRI SATHYA SAI_IDA),Sri Sathya Sai(DISTRICT COLLECTOR SRI SATHYA SAI_IDA),Normal/Others,Normal/Others,,,,,construction of community hall at Survey No. 294-2 of Parigi village,construction of community hall at Survey No. 294-2 of Parigi village,,B K PARTHASARATHI,,HINDUPUR,Recommended,8000000,2024-12-06T00:00:00.000Z,157138.0,8000000.0,Recommended,2024-12-06T00:00:00.000Z,2024.0,Lok Sabha,18.0,0.0,True,5892449.0,2.0,Community Centers & Halls,Social Infrastructure
175559.0,,Andaman And Nicobar Islands,Andaman And Nicobar Islands,ANDAMAN AND NICOBAR ISLANDS,ANDAMAN AND NICOBAR ISLANDS,SOUTH ANDAMANS(Implementing District Authority(SA)),SOUTH ANDAMANS(Implementing District Authority(SA)),Normal/Others,Normal/Others,,,,,"Extension of Multipurpse Hall at Nayagaon near Juvenile Home, Port Blair","Extension of Multipurpse Hall at Nayagaon near Juvenile Home, Port Blair",,BISHNU PADA RAY,,ANDAMAN AND NICOBAR ISLANDS,Recommended,976436,2025-02-14T00:00:00.000Z,175559.0,976436.0,Recommended,2025-02-14T00:00:00.000Z,2025.0,Lok Sabha,18.0,0.0,True,730885.0,1.0,Community Centers & Halls,Social Infrastructure
179124.0,,Andhra Pradesh,Andhra Pradesh,RAJAHMUNDRY,RAJAHMUNDRY,"EAST GODAVARI(DISTRICT COLLECTOR, EAST GODAVARI)","EAST GODAVARI(DISTRICT COLLECTOR, EAST GODAVARI)",Normal/Others,Normal/Others,,,,,Construction of additional infrastructure at Phule Ambedkar Bhavan in the Municipal Corporation of Rajamahendravaram,Construction of additional infrastructure at Phule Ambedkar Bhavan in the Municipal Corporation of Rajamahendravaram,,Daggubati Purandeshwari,,RAJAHMUNDRY,Recommended,8000000,2025-03-12T00:00:00.000Z,179124.0,8000000.0,Recommended,2025-03-12T00:00:00.000Z,2025.0,Lok Sabha,18.0,0.0,False,0.0,0.0,Community Centers & Halls,Social Infrastructure
157510.0,,Andhra Pradesh,Andhra Pradesh,ANANTAPUR,ANANTAPUR,Ananthapuramu(DISTRICT COLLECTOR ANANTAPUR_IDA),Ananthapuramu(DISTRICT COLLECTOR ANANTAPUR_IDA),Normal/Others,Normal/Others,,,,,Construction of SC Community Hall in Kothapalli village of Kambadur Mandal,Construction of SC Community Hall in Kothapalli village of Kambadur Mandal,,AMBICA G LAKSHMINARAYANA VALMIKI,,ANANTAPUR,Recommended,1000000,2024-12-09T00:00:00.000Z,157510.0,1000000.0,Recommended,2024-12-09T00:00:00.000Z,2024.0,Lok Sabha,18.0,0.0,False,0.0,0.0,Community Centers & Halls,Social Infrastructure
182164.0,,Andhra Pradesh,Andhra Pradesh,KAKINADA,KAKINADA,Kakinada(DISTRICT COLLECTOR KAKINADA_IDA),Kakinada(DISTRICT COLLECTOR KAKINADA_IDA),Normal/Others,Normal/Others,,,,,Construction of Community Hall at 28th Ward,Construction of Community Hall at 28th Ward,,TANGELLA UDAY SRINIVAS,,KAKINADA,Recommended,2000000,2025-03-15T00:00:00.000Z,182164.0,2000000.0,Recommended,2025-03-15T00:00:00.000Z,2025.0,Lok Sabha,18.0,0.0,True,1664113.0,1.0,Community Centers & Halls,Social Infrastructure
182167.0,,Andhra Pradesh,Andhra Pradesh,KAKINADA,KAKINADA,Kakinada(DISTRICT COLLECTOR KAKINADA_IDA),Kakinada(DISTRICT COLLECTOR KAKINADA_IDA),Normal/Others,Normal/Others,,,,,Construction of Market shed at 6th ward,Construction of Market shed at 6th ward,,TANGELLA UDAY SRINIVAS,,KAKINADA,Recommended,500000,2025-03-15T00:00:00.000Z,182167.0,500000.0,Recommended,2025-03-15T00:00:00.000Z,2025.0,Lok Sabha,18.0,0.0,False,0.0,0.0,Community Centers & Halls,Social Infrastructure
260509.0,,Andaman And Nicobar Islands,Andaman And Nicobar Islands,ANDAMAN AND NICOBAR ISLANDS,ANDAMAN AND NICOBAR ISLANDS,SOUTH ANDAMANS(Implementing District Authority(SA)),SOUTH ANDAMANS(Implementing District Authority(SA)),Normal/Others,Normal/Others,,,,,"Development of Playground with chain link fencing and small stage with pre-fabricated steel roofing at Sunder Colony, Ward No.2, SVP","Development of Playground with chain link fencing and small stage with pre-fabricated steel roofing at Sunder Colony, Ward No.2, SVP",,BISHNU PADA RAY,,ANDAMAN AND NICOBAR ISLANDS,Recommended,2000000,2026-01-20T00:00:00.000Z,260509.0,2000000.0,Recommended,2026-01-20T00:00:00.000Z,2026.0,Lok Sabha,18.0,0.0,False,0.0,0.0,Community Centers & Halls,Social Infrastructure
1416.0,,Andhra Pradesh,Andhra Pradesh,HINDUPUR,HINDUPUR,Ananthapuramu(DISTRICT COLLECTOR ANANTAPUR_IDA),Ananthapuramu(DISTRICT COLLECTOR ANANTAPUR_IDA),Repair and Renovation,Repair and Renovation,,,,,"Repairs to Community Hall (Kanakadasu Bhavan) near Indiramma colony at Sno. 169-2D, 169-2E. Garudapuram village of Kalyanadurg Mandal of Ananthapuramu district","Repairs to Community Hall (Kanakadasu Bhavan) near Indiramma colony at Sno. 169-2D, 169-2E. Garudapuram village of Kalyanadurg Mandal of Ananthapuramu district",,B K PARTHASARATHI,,HINDUPUR,Recommended,2500000,2025-07-01T00:00:00.000Z,1416.0,2500000.0,Recommended,2025-07-01T00:00:00.000Z,2025.0,Lok Sabha,18.0,0.0,False,0.0,0.0,Community Centers & Halls,Social Infrastructure
1488.0,,Andhra Pradesh,Andhra Pradesh,ANANTAPUR,ANANTAPUR,Sri Sathya Sai(DISTRICT COLLECTOR SRI SATHYA SAI_IDA),Sri Sathya Sai(DISTRICT COLLECTOR SRI SATHYA SAI_IDA),Normal/Others,Normal/Others,,,,,"Construction of Compound wall to Community hall at 14th ward, Hindupur","Construction of Compound wall to Community hall at 14th ward, Hindupur",,AMBICA G LAKSHMINARAYANA VALMIKI,,ANANTAPUR,Recommended,500000,2025-08-06T00:00:00.000Z,1488.0,500000.0,Recommended,2025-08-06T00:00:00.000Z,2025.0,Lok Sabha,18.0,0.0,False,0.0,0.0,Community Centers & Halls,Social Infrastructure
1718.0,,Andhra Pradesh,Andhra Pradesh,NARASARAOPET,NARASARAOPET,Sri Sathya Sai(DISTRICT COLLECTOR SRI SATHYA SAI_IDA),Sri Sathya Sai(DISTRICT COLLECTOR SRI SATHYA SAI_IDA),Normal/Others,Normal/Others,,,,,Construction of Community Hall in Kanaganapalle Village and Mandal,Construction of Community Hall in Kanaganapalle Village and Mandal,,Lavu Sri Krishna Devarayalu,,NARASARAOPET,Recommended,2500000,2025-10-20T00:00:00.000Z,1718.0,2500000.0,Recommended,2025-10-20T00:00:00.000Z,2025.0,Lok Sabha,18.0,0.0,False,0.0,0.0,Community Centers & Halls,Social Infrastructure
146762.0,,Andhra Pradesh,Andhra Pradesh,CHITTOOR,CHITTOOR,CHITTOOR(DISTRICT COLLECTOR CHITTOOR_IDA),CHITTOOR(DISTRICT COLLECTOR CHITTOOR_IDA),Normal/Others,Normal/Others,,,,,Construction of Compound wall to SC Community Hall (Phase-I) at Mallanuru H/o. Mallanuru GP of Kuppam Mandal.,Construction of Compound wall to SC Community Hall (Phase-I) at Mallanuru H/o. Mallanuru GP of Kuppam Mandal.,,DAGGUMALLA PRASADA RAO,,CHITTOOR,Recommended,500000,2024-10-11T00:00:00.000Z,146762.0,500000.0,Recommended,2024-10-11T00:00:00.000Z,2024.0,Lok Sabha,18.0,0.0,True,499898.0,2.0,Community Centers & Halls,Social Infrastructure
147043.0,,Andhra Pradesh,Andhra Pradesh,RAJAMPET,RAJAMPET,CHITTOOR(DISTRICT COLLECTOR CHITTOOR_IDA),CHITTOOR(DISTRICT COLLECTOR CHITTOOR_IDA),Normal/Others,Normal/Others,,,,,"Construction of Community Hall Near DCC Bank Street, Sodam","Construction of Community Hall Near DCC Bank Street, Sodam",,Midhun Reddy,,RAJAMPET,Recommended,500000,2024-10-14T00:00:00.000Z,147043.0,500000.0,Recommended,2024-10-14T00:00:00.000Z,2024.0,Lok Sabha,18.0,0.0,False,0.0,0.0,Community Centers & Halls,Social Infrastructure
260512.0,,Andaman And Nicobar Islands,Andaman And Nicobar Islands,ANDAMAN AND NICOBAR ISLANDS,ANDAMAN AND NICOBAR ISLANDS,SOUTH ANDAMANS(Implementing District Authority(SA)),SOUTH ANDAMANS(Implementing District Authority(SA)),Normal/Others,Normal/Others,,,,,Raising of wall over existing wall 35 meters length with 80 cms height and extension of shed for 06 mtrs at Dhobhighat for community purpose.,Raising of wall over existing wall 35 meters length with 80 cms height and extension of shed for 06 mtrs at Dhobhighat for community purpose.,,BISHNU PADA RAY,,ANDAMAN AND NICOBAR ISLANDS,Recommended,4000000,2026-01-20T00:00:00.000Z,260512.0,4000000.0,Recommended,2026-01-20T00:00:00.000Z,2026.0,Lok Sabha,18.0,0.0,False,0.0,0.0,Community Centers & Halls,Social Infrastructure
157138.0,,Andhra Pradesh,Andhra Pradesh,HINDUPUR,HINDUPUR,Sri Sathya Sai(DISTRICT COLLECTOR SRI SATHYA SAI_IDA),Sri Sathya Sai(DISTRICT COLLECTOR SRI SATHYA SAI_IDA),Normal/Others,Normal/Others,,,,,construction of community hall at Survey No. 294-2 of Parigi village,construction of community hall at Survey No. 294-2 of Parigi village,,B K PARTHASARATHI,,HINDUPUR,Recommended,8000000,2024-12-06T00:00:00.000Z,157138.0,8000000.0,Recommended,2024-12-06T00:00:00.000Z,2024.0,Lok Sabha,18.0,0.0,True,5892449.0,2.0,Community Centers & Halls,Social Infrastructure
175559.0,,Andaman And Nicobar Islands,Andaman And Nicobar Islands,ANDAMAN AND NICOBAR ISLANDS,ANDAMAN AND NICOBAR ISLANDS,SOUTH ANDAMANS(Implementing District Authority(SA)),SOUTH ANDAMANS(Implementing District Authority(SA)),Normal/Others,Normal/Others,,,,,"Extension of Multipurpse Hall at Nayagaon near Juvenile Home, Port Blair","Extension of Multipurpse Hall at Nayagaon near Juvenile Home, Port Blair",,BISHNU PADA RAY,,ANDAMAN AND NICOBAR ISLANDS,Recommended,976436,2025-02-14T00:00:00.000Z,175559.0,976436.0,Recommended,2025-02-14T00:00:00.000Z,2025.0,Lok Sabha,18.0,0.0,True,730885.0,1.0,Community Centers & Halls,Social Infrastructure
157510.0,,Andhra Pradesh,Andhra Pradesh,ANANTAPUR,ANANTAPUR,Ananthapuramu(DISTRICT COLLECTOR ANANTAPUR_IDA),Ananthapuramu(DISTRICT COLLECTOR ANANTAPUR_IDA),Normal/Others,Normal/Others,,,,,Construction of SC Community Hall in Kothapalli village of Kambadur Mandal,Construction of SC Community Hall in Kothapalli village of Kambadur Mandal,,AMBICA G LAKSHMINARAYANA VALMIKI,,ANANTAPUR,Recommended,1000000,2024-12-09T00:00:00.000Z,157510.0,1000000.0,Recommended,2024-12-09T00:00:00.000Z,2024.0,Lok Sabha,18.0,0.0,False,0.0,0.0,Community Centers & Halls,Social Infrastructure
260509.0,,Andaman And Nicobar Islands,Andaman And Nicobar Islands,ANDAMAN AND NICOBAR ISLANDS,ANDAMAN AND NICOBAR ISLANDS,SOUTH ANDAMANS(Implementing District Authority(SA)),SOUTH ANDAMANS(Implementing District Authority(SA)),Normal/Others,Normal/Others,,,,,"Development of Playground with chain link fencing and small stage with pre-fabricated steel roofing at Sunder Colony, Ward No.2, SVP","Development of Playground with chain link fencing and small stage with pre-fabricated steel roofing at Sunder Colony, Ward No.2, SVP",,BISHNU PADA RAY,,ANDAMAN AND NICOBAR ISLANDS,Recommended,2000000,2026-01-20T00:00:00.000Z,260509.0,2000000.0,Recommended,2026-01-20T00:00:00.000Z,2026.0,Lok Sabha,18.0,0.0,False,0.0,0.0,Community Centers & Halls,Social Infrastructure
194505.0,,Andhra Pradesh,Andhra Pradesh,RAJAHMUNDRY,RAJAHMUNDRY,"EAST GODAVARI(DISTRICT COLLECTOR, EAST GODAVARI)","EAST GODAVARI(DISTRICT COLLECTOR, EAST GODAVARI)",Normal/Others,Normal/Others,,,,,Construction of BC Community Hall at D.Muppavaram Village,Construction of BC Community Hall at D.Muppavaram Village,,Daggubati Purandeshwari,,RAJAHMUNDRY,Recommended,2500000,2025-05-09T00:00:00.000Z,194505.0,2500000.0,Recommended,2025-05-09T00:00:00.000Z,2025.0,Lok Sabha,18.0,0.0,False,0.0,0.0,Community Centers & Halls,Social Infrastructure
161333.0,,Andhra Pradesh,Andhra Pradesh,ARAKU,ARAKU,Alluri Sitharama Raju(DISTRICT COLLECTOR ALLURI SITHARAMARAJU_IDA),Alluri Sitharama Raju(DISTRICT COLLECTOR ALLURI SITHARAMARAJU_IDA),Normal/Others,Normal/Others,,,,,Construction of community centers and community halls,Construction of community centers and community halls,,Gumma Thanuja Rani,,ARAKU,Recommended,3000000,2024-12-27T00:00:00.000Z,161333.0,3000000.0,Recommended,2024-12-27T00:00:00.000Z,2024.0,Lok Sabha,18.0,0.0,True,2997212.0,2.0,Community Centers & Halls,Social Infrastructure
194514.0,,Andhra Pradesh,Andhra Pradesh,RAJAHMUNDRY,RAJAHMUNDRY,"EAST GODAVARI(DISTRICT COLLECTOR, EAST GODAVARI)","EAST GODAVARI(DISTRICT COLLECTOR, EAST GODAVARI)",Normal/Others,Normal/Others,,,,,Construction of BC Community Hall at Undrajavaram Village,Construction of BC Community Hall at Undrajavaram Village,,Daggubati Purandeshwari,,RAJAHMUNDRY,Recommended,2000000,2025-05-09T00:00:00.000Z,194514.0,2000000.0,Recommended,2025-05-09T00:00:00.000Z,2025.0,Lok Sabha,18.0,0.0,False,0.0,0.0,Community Centers & Halls,Social Infrastructure
194517.0,,Andhra Pradesh,Andhra Pradesh,RAJAHMUNDRY,RAJAHMUNDRY,"EAST GODAVARI(DISTRICT COLLECTOR, EAST GODAVARI)","EAST GODAVARI(DISTRICT COLLECTOR, EAST GODAVARI)",Normal/Others,Normal/Others,,,,,Construction of SC Community Hall at Khandavalli Village,Construction of SC Community Hall at Khandavalli Village,,Daggubati Purandeshwari,,RAJAHMUNDRY,Recommended,2000000,2025-05-09T00:00:00.000Z,194517.0,2000000.0,Recommended,2025-05-09T00:00:00.000Z,2025.0,Lok Sabha,18.0,0.0,True,1776408.0,2.0,Community Centers & Halls,Social Infrastructure
1416.0,,Andhra Pradesh,Andhra Pradesh,HINDUPUR,HINDUPUR,Ananthapuramu(DISTRICT COLLECTOR ANANTAPUR_IDA),Ananthapuramu(DISTRICT COLLECTOR ANANTAPUR_IDA),Repair and Renovation,Repair and Renovation,,,,,"Repairs to Community Hall (Kanakadasu Bhavan) near Indiramma colony at Sno. 169-2D, 169-2E. Garudapuram village of Kalyanadurg Mandal of Ananthapuramu district","Repairs to Community Hall (Kanakadasu Bhavan) near Indiramma colony at Sno. 169-2D, 169-2E. Garudapuram village of Kalyanadurg Mandal of Ananthapuramu district",,B K PARTHASARATHI,,HINDUPUR,Recommended,2500000,2025-07-01T00:00:00.000Z,1416.0,2500000.0,Recommended,2025-07-01T00:00:00.000Z,2025.0,Lok Sabha,18.0,0.0,False,0.0,0.0,Community Centers & Halls,Social Infrastructure
197294.0,,Andhra Pradesh,Andhra Pradesh,KADAPA,KADAPA,Y.S.R. Kadapa(DISTRICT COLLECTOR CUDDAPAH_IDA),Y.S.R. Kadapa(DISTRICT COLLECTOR CUDDAPAH_IDA),Normal/Others,Normal/Others,,,,,"Construction of compound wall for community Hall Near Ramalayam Temple, Vemula Village Mandal, YSR District","Construction of compound wall for community Hall Near Ramalayam Temple, Vemula Village Mandal, YSR District",,Y S Avinash Reddy,,KADAPA,Recommended,497000,2025-05-27T00:00:00.000Z,197294.0,497000.0,Recommended,2025-05-27T00:00:00.000Z,2025.0,Lok Sabha,18.0,0.0,False,0.0,0.0,Community Centers & Halls,Social Infrastructure
260509.0,,Andaman And Nicobar Islands,Andaman And Nicobar Islands,ANDAMAN AND NICOBAR ISLANDS,ANDAMAN AND NICOBAR ISLANDS,SOUTH ANDAMANS(Implementing District Authority(SA)),SOUTH ANDAMANS(Implementing District Authority(SA)),Normal/Others,Normal/Others,,,,,"Development of Playground with chain link fencing and small stage with pre-fabricated steel roofing at Sunder Colony, Ward No.2, SVP","Development of Playground with chain link fencing and small stage with pre-fabricated steel roofing at Sunder Colony, Ward No.2, SVP",,BISHNU PADA RAY,,ANDAMAN AND NICOBAR ISLANDS,Recommended,2000000,2026-01-20T00:00:00.000Z,260509.0,2000000.0,Recommended,2026-01-20T00:00:00.000Z,2026.0,Lok Sabha,18.0,0.0,False,0.0,0.0,Community Centers & Halls,Social Infrastructure
199561.0,,Andhra Pradesh,Andhra Pradesh,BAPATLA,BAPATLA,Bapatla(DISTRICT COLLECTOR BAPATLA_IDA),Bapatla(DISTRICT COLLECTOR BAPATLA_IDA),Normal/Others,Normal/Others,,,,,"Providing additional amenities to the Community Hall in Rachapudi Village, Korisapadu Mandal, Bapatla district","Providing additional amenities to the Community Hall in Rachapudi Village, Korisapadu Mandal, Bapatla district",,Krishna Prasad Tenneti,,BAPATLA,Recommended,2000000,2025-05-14T00:00:00.000Z,199561.0,2000000.0,Recommended,2025-05-14T00:00:00.000Z,2025.0,Lok Sabha,18.0,0.0,True,953465.0,1.0,Community Centers & Halls,Social Infrastructure
201291.0,,Andhra Pradesh,Andhra Pradesh,RAJAMPET,RAJAMPET,Annamayya(DISTRICT COLLECTOR ANNAMAYYA_IDA),Annamayya(DISTRICT COLLECTOR ANNAMAYYA_IDA),Normal/Others,Normal/Others,,,,,"Construction of Community Hall in Kottapalli Village, Bandrevu G.P","Construction of Community Hall in Kottapalli Village, Bandrevu G.P",,Midhun Reddy,,RAJAMPET,Recommended,500000,2025-05-20T00:00:00.000Z,201291.0,500000.0,Recommended,2025-05-20T00:00:00.000Z,2025.0,Lok Sabha,18.0,0.0,False,0.0,0.0,Community Centers & Halls,Social Infrastructure
207889.0,,Andhra Pradesh,Andhra Pradesh,ONGOLE,ONGOLE,PRAKASAM(DISTRICT COLLECTOR PRAKASAM_IDA),PRAKASAM(DISTRICT COLLECTOR PRAKASAM_IDA),Normal/Others,Normal/Others,,,,,"Providing 1000 LPH Reverse Osmosis Plant with Bore Well, Motor and Shed in Bodapadu Village","Providing 1000 LPH Reverse Osmosis Plant with Bore Well, Motor and Shed in Bodapadu Village",,Magunta Sreenivasulu Reddy,,ONGOLE,Recommended,1200000,2025-06-10T00:00:00.000Z,207889.0,1200000.0,Recommended,2025-06-10T00:00:00.000Z,2025.0,Lok Sabha,18.0,0.0,False,0.0,0.0,Community Centers & Halls,Social Infrastructure
162215.0,,Andhra Pradesh,Andhra Pradesh,HINDUPUR,HINDUPUR,Ananthapuramu(DISTRICT COLLECTOR ANANTAPUR_IDA),Ananthapuramu(DISTRICT COLLECTOR ANANTAPUR_IDA),Normal/Others,Normal/Others,,,,,Construction of community hall in Sno.203 B. Yaleru village Atmakuru (M),Construction of community hall in Sno.203 B. Yaleru village Atmakuru (M),,B K PARTHASARATHI,,HINDUPUR,Recommended,1000000,2024-12-29T00:00:00.000Z,162215.0,1000000.0,Recommended,2024-12-29T00:00:00.000Z,2024.0,Lok Sabha,18.0,0.0,False,0.0,0.0,Community Centers & Halls,Social Infrastructure
207891.0,,Andhra Pradesh,Andhra Pradesh,ONGOLE,ONGOLE,PRAKASAM(DISTRICT COLLECTOR PRAKASAM_IDA),PRAKASAM(DISTRICT COLLECTOR PRAKASAM_IDA),Normal/Others,Normal/Others,,,,,"Providing 1000 LPH Reverse Osmosis Plant with Bore Well, Motor and Shed in Inimerla Village","Providing 1000 LPH Reverse Osmosis Plant with Bore Well, Motor and Shed in Inimerla Village",,Magunta Sreenivasulu Reddy,,ONGOLE,Recommended,900000,2025-06-10T00:00:00.000Z,207891.0,900000.0,Recommended,2025-06-10T00:00:00.000Z,2025.0,Lok Sabha,18.0,0.0,False,0.0,0.0,Community Centers & Halls,Social Infrastructure
1718.0,,Andhra Pradesh,Andhra Pradesh,NARASARAOPET,NARASARAOPET,Sri Sathya Sai(DISTRICT COLLECTOR SRI SATHYA SAI_IDA),Sri Sathya Sai(DISTRICT COLLECTOR SRI SATHYA SAI_IDA),Normal/Others,Normal/Others,,,,,Construction of Community Hall in Kanaganapalle Village and Mandal,Construction of Community Hall in Kanaganapalle Village and Mandal,,Lavu Sri Krishna Devarayalu,,NARASARAOPET,Recommended,2500000,2025-10-20T00:00:00.000Z,1718.0,2500000.0,Recommended,2025-10-20T00:00:00.000Z,2025.0,Lok Sabha,18.0,0.0,False,0.0,0.0,Community Centers & Halls,Social Infrastructure
207893.0,,Andhra Pradesh,Andhra Pradesh,ONGOLE,ONGOLE,PRAKASAM(DISTRICT COLLECTOR PRAKASAM_IDA),PRAKASAM(DISTRICT COLLECTOR PRAKASAM_IDA),Normal/Others,Normal/Others,,,,,"Providing 1000 LPH Reverse Osmosis Plant with Bore Well, Motor and Shed in Pole palli Village","Providing 1000 LPH Reverse Osmosis Plant with Bore Well, Motor and Shed in Pole palli Village",,Magunta Sreenivasulu Reddy,,ONGOLE,Recommended,900000,2025-06-10T00:00:00.000Z,207893.0,900000.0,Recommended,2025-06-10T00:00:00.000Z,2025.0,Lok Sabha,18.0,0.0,False,0.0,0.0,Community Centers & Halls,Social Infrastructure
146762.0,,Andhra Pradesh,Andhra Pradesh,CHITTOOR,CHITTOOR,CHITTOOR(DISTRICT COLLECTOR CHITTOOR_IDA),CHITTOOR(DISTRICT COLLECTOR CHITTOOR_IDA),Normal/Others,Normal/Others,,,,,Construction of Compound wall to SC Community Hall (Phase-I) at Mallanuru H/o. Mallanuru GP of Kuppam Mandal.,Construction of Compound wall to SC Community Hall (Phase-I) at Mallanuru H/o. Mallanuru GP of Kuppam Mandal.,,DAGGUMALLA PRASADA RAO,,CHITTOOR,Recommended,500000,2024-10-11T00:00:00.000Z,146762.0,500000.0,Recommended,2024-10-11T00:00:00.000Z,2024.0,Lok Sabha,18.0,0.0,True,499898.0,2.0,Community Centers & Halls,Social Infrastructure
213083.0,,Andhra Pradesh,Andhra Pradesh,BAPATLA,BAPATLA,Bapatla(DISTRICT COLLECTOR BAPATLA_IDA),Bapatla(DISTRICT COLLECTOR BAPATLA_IDA),Normal/Others,Normal/Others,,,,,"Construction of Community Hall in Surepalli Village, Muktheswaram, Ballikurava Mandal","Construction of Community Hall in Surepalli Village, Muktheswaram, Ballikurava Mandal",,Krishna Prasad Tenneti,,BAPATLA,Recommended,2000000,2025-07-09T00:00:00.000Z,213083.0,2000000.0,Recommended,2025-07-09T00:00:00.000Z,2025.0,Lok Sabha,18.0,0.0,True,857776.0,1.0,Community Centers & Halls,Social Infrastructure
147043.0,,Andhra Pradesh,Andhra Pradesh,RAJAMPET,RAJAMPET,CHITTOOR(DISTRICT COLLECTOR CHITTOOR_IDA),CHITTOOR(DISTRICT COLLECTOR CHITTOOR_IDA),Normal/Others,Normal/Others,,,,,"Construction of Community Hall Near DCC Bank Street, Sodam","Construction of Community Hall Near DCC Bank Street, Sodam",,Midhun Reddy,,RAJAMPET,Recommended,500000,2024-10-14T00:00:00.000Z,147043.0,500000.0,Recommended,2024-10-14T00:00:00.000Z,2024.0,Lok Sabha,18.0,0.0,False,0.0,0.0,Community Centers & Halls,Social Infrastructure
163224.0,,Andhra Pradesh,Andhra Pradesh,SRIKAKULAM,SRIKAKULAM,SRIKAKULAM(District Collector Srikakulam_IDA),SRIKAKULAM(District Collector Srikakulam_IDA),Normal/Others,Normal/Others,,,,,"Construction of Burial Ground Shed, Burning Cot and Bore well at Kasimvalasa in 4th Ward, Amadalavalasa Municipality","Construction of Burial Ground Shed, Burning Cot and Bore well at Kasimvalasa in 4th Ward, Amadalavalasa Municipality",,Kinjarapu Ram Mohan Naidu,,SRIKAKULAM,Recommended,1000000,2025-01-02T00:00:00.000Z,163224.0,1000000.0,Recommended,2025-01-02T00:00:00.000Z,2025.0,Lok Sabha,18.0,0.0,True,382515.0,1.0,Community Centers & Halls,Social Infrastructure
260509.0,,Andaman And Nicobar Islands,Andaman And Nicobar Islands,ANDAMAN AND NICOBAR ISLANDS,ANDAMAN AND NICOBAR ISLANDS,SOUTH ANDAMANS(Implementing District Authority(SA)),SOUTH ANDAMANS(Implementing District Authority(SA)),Normal/Others,Normal/Others,,,,,"Development of Playground with chain link fencing and small stage with pre-fabricated steel roofing at Sunder Colony, Ward No.2, SVP","Development of Playground with chain link fencing and small stage with pre-fabricated steel roofing at Sunder Colony, Ward No.2, SVP",,BISHNU PADA RAY,,ANDAMAN AND NICOBAR ISLANDS,Recommended,2000000,2026-01-20T00:00:00.000Z,260509.0,2000000.0,Recommended,2026-01-20T00:00:00.000Z,2026.0,Lok Sabha,18.0,0.0,False,0.0,0.0,Community Centers & Halls,Social Infrastructure
161333.0,,Andhra Pradesh,Andhra Pradesh,ARAKU,ARAKU,Alluri Sitharama Raju(DISTRICT COLLECTOR ALLURI SITHARAMARAJU_IDA),Alluri Sitharama Raju(DISTRICT COLLECTOR ALLURI SITHARAMARAJU_IDA),Normal/Others,Normal/Others,,,,,Construction of community centers and community halls,Construction of community centers and community halls,,Gumma Thanuja Rani,,ARAKU,Recommended,3000000,2024-12-27T00:00:00.000Z,161333.0,3000000.0,Recommended,2024-12-27T00:00:00.000Z,2024.0,Lok Sabha,18.0,0.0,True,2997212.0,2.0,Community Centers & Halls,Social Infrastructure
1416.0,,Andhra Pradesh,Andhra Pradesh,HINDUPUR,HINDUPUR,Ananthapuramu(DISTRICT COLLECTOR ANANTAPUR_IDA),Ananthapuramu(DISTRICT COLLECTOR ANANTAPUR_IDA),Repair and Renovation,Repair and Renovation,,,,,"Repairs to Community Hall (Kanakadasu Bhavan) near Indiramma colony at Sno. 169-2D, 169-2E. Garudapuram village of Kalyanadurg Mandal of Ananthapuramu district","Repairs to Community Hall (Kanakadasu Bhavan) near Indiramma colony at Sno. 169-2D, 169-2E. Garudapuram village of Kalyanadurg Mandal of Ananthapuramu district",,B K PARTHASARATHI,,HINDUPUR,Recommended,2500000,2025-07-01T00:00:00.000Z,1416.0,2500000.0,Recommended,2025-07-01T00:00:00.000Z,2025.0,Lok Sabha,18.0,0.0,False,0.0,0.0,Community Centers & Halls,Social Infrastructure
1488.0,,Andhra Pradesh,Andhra Pradesh,ANANTAPUR,ANANTAPUR,Sri Sathya Sai(DISTRICT COLLECTOR SRI SATHYA SAI_IDA),Sri Sathya Sai(DISTRICT COLLECTOR SRI SATHYA SAI_IDA),Normal/Others,Normal/Others,,,,,"Construction of Compound wall to Community hall at 14th ward, Hindupur","Construction of Compound wall to Community hall at 14th ward, Hindupur",,AMBICA G LAKSHMINARAYANA VALMIKI,,ANANTAPUR,Recommended,500000,2025-08-06T00:00:00.000Z,1488.0,500000.0,Recommended,2025-08-06T00:00:00.000Z,2025.0,Lok Sabha,18.0,0.0,False,0.0,0.0,Community Centers & Halls,Social Infrastructure
162215.0,,Andhra Pradesh,Andhra Pradesh,HINDUPUR,HINDUPUR,Ananthapuramu(DISTRICT COLLECTOR ANANTAPUR_IDA),Ananthapuramu(DISTRICT COLLECTOR ANANTAPUR_IDA),Normal/Others,Normal/Others,,,,,Construction of community hall in Sno.203 B. Yaleru village Atmakuru (M),Construction of community hall in Sno.203 B. Yaleru village Atmakuru (M),,B K PARTHASARATHI,,HINDUPUR,Recommended,1000000,2024-12-29T00:00:00.000Z,162215.0,1000000.0,Recommended,2024-12-29T00:00:00.000Z,2024.0,Lok Sabha,18.0,0.0,False,0.0,0.0,Community Centers & Halls,Social Infrastructure
1718.0,,Andhra Pradesh,Andhra Pradesh,NARASARAOPET,NARASARAOPET,Sri Sathya Sai(DISTRICT COLLECTOR SRI SATHYA SAI_IDA),Sri Sathya Sai(DISTRICT COLLECTOR SRI SATHYA SAI_IDA),Normal/Others,Normal/Others,,,,,Construction of Community Hall in Kanaganapalle Village and Mandal,Construction of Community Hall in Kanaganapalle Village and Mandal,,Lavu Sri Krishna Devarayalu,,NARASARAOPET,Recommended,2500000,2025-10-20T00:00:00.000Z,1718.0,2500000.0,Recommended,2025-10-20T00:00:00.000Z,2025.0,Lok Sabha,18.0,0.0,False,0.0,0.0,Community Centers & Halls,Social Infrastructure
146762.0,,Andhra Pradesh,Andhra Pradesh,CHITTOOR,CHITTOOR,CHITTOOR(DISTRICT COLLECTOR CHITTOOR_IDA),CHITTOOR(DISTRICT COLLECTOR CHITTOOR_IDA),Normal/Others,Normal/Others,,,,,Construction of Compound wall to SC Community Hall (Phase-I) at Mallanuru H/o. Mallanuru GP of Kuppam Mandal.,Construction of Compound wall to SC Community Hall (Phase-I) at Mallanuru H/o. Mallanuru GP of Kuppam Mandal.,,DAGGUMALLA PRASADA RAO,,CHITTOOR,Recommended,500000,2024-10-11T00:00:00.000Z,146762.0,500000.0,Recommended,2024-10-11T00:00:00.000Z,2024.0,Lok Sabha,18.0,0.0,True,499898.0,2.0,Community Centers & Halls,Social Infrastructure
147043.0,,Andhra Pradesh,Andhra Pradesh,RAJAMPET,RAJAMPET,CHITTOOR(DISTRICT COLLECTOR CHITTOOR_IDA),CHITTOOR(DISTRICT COLLECTOR CHITTOOR_IDA),Normal/Others,Normal/Others,,,,,"Construction of Community Hall Near DCC Bank Street, Sodam","Construction of Community Hall Near DCC Bank Street, Sodam",,Midhun Reddy,,RAJAMPET,Recommended,500000,2024-10-14T00:00:00.000Z,147043.0,500000.0,Recommended,2024-10-14T00:00:00.000Z,2024.0,Lok Sabha,18.0,0.0,False,0.0,0.0,Community Centers & Halls,Social Infrastructure
163224.0,,Andhra Pradesh,Andhra Pradesh,SRIKAKULAM,SRIKAKULAM,SRIKAKULAM(District Collector Srikakulam_IDA),SRIKAKULAM(District Collector Srikakulam_IDA),Normal/Others,Normal/Others,,,,,"Construction of Burial Ground Shed, Burning Cot and Bore well at Kasimvalasa in 4th Ward, Amadalavalasa Municipality","Construction of Burial Ground Shed, Burning Cot and Bore well at Kasimvalasa in 4th Ward, Amadalavalasa Municipality",,Kinjarapu Ram Mohan Naidu,,SRIKAKULAM,Recommended,1000000,2025-01-02T00:00:00.000Z,163224.0,1000000.0,Recommended,2025-01-02T00:00:00.000Z,2025.0,Lok Sabha,18.0,0.0,True,382515.0,1.0,Community Centers & Halls,Social Infrastructure
260509.0,,Andaman And Nicobar Islands,Andaman And Nicobar Islands,ANDAMAN AND NICOBAR ISLANDS,ANDAMAN AND NICOBAR ISLANDS,SOUTH ANDAMANS(Implementing District Authority(SA)),SOUTH ANDAMANS(Implementing District Authority(SA)),Normal/Others,Normal/Others,,,,,"Development of Playground with chain link fencing and small stage with pre-fabricated steel roofing at Sunder Colony, Ward No.2, SVP","Development of Playground with chain link fencing and small stage with pre-fabricated steel roofing at Sunder Colony, Ward No.2, SVP",,BISHNU PADA RAY,,ANDAMAN AND NICOBAR ISLANDS,Recommended,2000000,2026-01-20T00:00:00.000Z,260509.0,2000000.0,Recommended,2026-01-20T00:00:00.000Z,2026.0,Lok Sabha,18.0,0.0,False,0.0,0.0,Community Centers & Halls,Social Infrastructure
219430.0,,Andhra Pradesh,Andhra Pradesh,GUNTUR,GUNTUR,GUNTUR(DISTRICT COLLECTOR GUNTUR_IDA),GUNTUR(DISTRICT COLLECTOR GUNTUR_IDA),Normal/Others,Normal/Others,,,,,"Providing additional Amenities to community hall in BC locality of Anumarlapudi (V) of Pedakakani(M), Guntur District","Providing additional Amenities to community hall in BC locality of Anumarlapudi (V) of Pedakakani(M), Guntur District",,Dr Chandra Sekhar Pemmasani,,GUNTUR,Recommended,1000000,2025-08-10T00:00:00.000Z,219430.0,1000000.0,Recommended,2025-08-10T00:00:00.000Z,2025.0,Lok Sabha,18.0,0.0,True,571993.0,1.0,Community Centers & Halls,Social Infrastructure
223836.0,,Andhra Pradesh,Andhra Pradesh,ANANTAPUR,ANANTAPUR,Ananthapuramu(DISTRICT COLLECTOR ANANTAPUR_IDA),Ananthapuramu(DISTRICT COLLECTOR ANANTAPUR_IDA),Normal/Others,Normal/Others,,,,,"Construction of Community hall at Ambedkar Nagar, 21st Division, Ananthapuramu","Construction of Community hall at Ambedkar Nagar, 21st Division, Ananthapuramu",,AMBICA G LAKSHMINARAYANA VALMIKI,,ANANTAPUR,Recommended,1000000,2025-07-31T00:00:00.000Z,223836.0,1000000.0,Recommended,2025-07-31T00:00:00.000Z,2025.0,Lok Sabha,18.0,0.0,True,408727.0,1.0,Community Centers & Halls,Social Infrastructure
223838.0,,Andhra Pradesh,Andhra Pradesh,ANANTAPUR,ANANTAPUR,Ananthapuramu(DISTRICT COLLECTOR ANANTAPUR_IDA),Ananthapuramu(DISTRICT COLLECTOR ANANTAPUR_IDA),Repair and Renovation,Repair and Renovation,,,,,Completion of Incomplete Community Hall at J.Venkatampalli village of Gummagatta Mandal,Completion of Incomplete Community Hall at J.Venkatampalli village of Gummagatta Mandal,,AMBICA G LAKSHMINARAYANA VALMIKI,,ANANTAPUR,Recommended,1000000,2025-07-31T00:00:00.000Z,223838.0,1000000.0,Recommended,2025-07-31T00:00:00.000Z,2025.0,Lok Sabha,18.0,0.0,True,557347.0,1.0,Community Centers & Halls,Social Infrastructure
223843.0,,Andhra Pradesh,Andhra Pradesh,ANANTAPUR,ANANTAPUR,Ananthapuramu(DISTRICT COLLECTOR ANANTAPUR_IDA),Ananthapuramu(DISTRICT COLLECTOR ANANTAPUR_IDA),Normal/Others,Normal/Others,,,,,Construction of Community Hall at Indiramma colony Sy.No. 358-1 at Garladinne Village and Mandal,Construction of Community Hall at Indiramma colony Sy.No. 358-1 at Garladinne Village and Mandal,,AMBICA G LAKSHMINARAYANA VALMIKI,,ANANTAPUR,Recommended,1000000,2025-07-31T00:00:00.000Z,223843.0,1000000.0,Recommended,2025-07-31T00:00:00.000Z,2025.0,Lok Sabha,18.0,0.0,True,800000.0,1.0,Community Centers & Halls,Social Infrastructure
223855.0,,Andhra Pradesh,Andhra Pradesh,ANANTAPUR,ANANTAPUR,Ananthapuramu(DISTRICT COLLECTOR ANANTAPUR_IDA),Ananthapuramu(DISTRICT COLLECTOR ANANTAPUR_IDA),Repair and Renovation,Repair and Renovation,,,,,Completion of Incomplete community hall at Sevagad  (V) of Gooty mandal,Completion of Incomplete community hall at Sevagad  (V) of Gooty mandal,,AMBICA G LAKSHMINARAYANA VALMIKI,,ANANTAPUR,Recommended,1000000,2025-07-31T00:00:00.000Z,223855.0,1000000.0,Recommended,2025-07-31T00:00:00.000Z,2025.0,Lok Sabha,18.0,0.0,True,987814.0,1.0,Community Centers & Halls,Social Infrastructure
223858.0,,Andhra Pradesh,Andhra Pradesh,ANANTAPUR,ANANTAPUR,Ananthapuramu(DISTRICT COLLECTOR ANANTAPUR_IDA),Ananthapuramu(DISTRICT COLLECTOR ANANTAPUR_IDA),Repair and Renovation,Repair and Renovation,,,,,"Completion of incomplete community hall Mamudur (V), Gooty mandal","Completion of incomplete community hall Mamudur (V), Gooty mandal",,AMBICA G LAKSHMINARAYANA VALMIKI,,ANANTAPUR,Recommended,500000,2025-07-31T00:00:00.000Z,223858.0,500000.0,Recommended,2025-07-31T00:00:00.000Z,2025.0,Lok Sabha,18.0,0.0,True,500000.0,1.0,Community Centers & Halls,Social Infrastructure
223860.0,,Andhra Pradesh,Andhra Pradesh,ANANTAPUR,ANANTAPUR,Ananthapuramu(DISTRICT COLLECTOR ANANTAPUR_IDA),Ananthapuramu(DISTRICT COLLECTOR ANANTAPUR_IDA),Normal/Others,Normal/Others,,,,,"Construction of Community Hall at Kadiripalli (V), Guntakal (M)","Construction of Community Hall at Kadiripalli (V), Guntakal (M)",,AMBICA G LAKSHMINARAYANA VALMIKI,,ANANTAPUR,Recommended,1000000,2025-07-31T00:00:00.000Z,223860.0,1000000.0,Recommended,2025-07-31T00:00:00.000Z,2025.0,Lok Sabha,18.0,0.0,True,494671.0,1.0,Community Centers & Halls,Social Infrastructure
223864.0,,Andhra Pradesh,Andhra Pradesh,ANANTAPUR,ANANTAPUR,Ananthapuramu(DISTRICT COLLECTOR ANANTAPUR_IDA),Ananthapuramu(DISTRICT COLLECTOR ANANTAPUR_IDA),Normal/Others,Normal/Others,,,,,"Construction of Community Hall near Durgamma Temple in S.C. Colony, Mulakanuru (V), Kambadur","Construction of Community Hall near Durgamma Temple in S.C. Colony, Mulakanuru (V), Kambadur",,AMBICA G LAKSHMINARAYANA VALMIKI,,ANANTAPUR,Recommended,1000000,2025-07-31T00:00:00.000Z,223864.0,1000000.0,Recommended,2025-07-31T00:00:00.000Z,2025.0,Lok Sabha,18.0,0.0,True,658450.0,1.0,Community Centers & Halls,Social Infrastructure
223868.0,,Andhra Pradesh,Andhra Pradesh,ANANTAPUR,ANANTAPUR,Ananthapuramu(DISTRICT COLLECTOR ANANTAPUR_IDA),Ananthapuramu(DISTRICT COLLECTOR ANANTAPUR_IDA),Normal/Others,Normal/Others,,,,,Construction of Community hall at 23rd ward at Kalyandurg,Construction of Community hall at 23rd ward at Kalyandurg,,AMBICA G LAKSHMINARAYANA VALMIKI,,ANANTAPUR,Recommended,500000,2025-07-31T00:00:00.000Z,223868.0,500000.0,Recommended,2025-07-31T00:00:00.000Z,2025.0,Lok Sabha,18.0,0.0,False,0.0,0.0,Community Centers & Halls,Social Infrastructure
223870.0,,Andhra Pradesh,Andhra Pradesh,ANANTAPUR,ANANTAPUR,Ananthapuramu(DISTRICT COLLECTOR ANANTAPUR_IDA),Ananthapuramu(DISTRICT COLLECTOR ANANTAPUR_IDA),Normal/Others,Normal/Others,,,,,"Construction of Community Hall at S.C.Colony, Durudakunta (V), Kalyandurg","Construction of Community Hall at S.C.Colony, Durudakunta (V), Kalyandurg",,AMBICA G LAKSHMINARAYANA VALMIKI,,ANANTAPUR,Recommended,1000000,2025-07-31T00:00:00.000Z,223870.0,1000000.0,Recommended,2025-07-31T00:00:00.000Z,2025.0,Lok Sabha,18.0,0.0,False,0.0,0.0,Community Centers & Halls,Social Infrastructure
223878.0,,Andhra Pradesh,Andhra Pradesh,ANANTAPUR,ANANTAPUR,Ananthapuramu(DISTRICT COLLECTOR ANANTAPUR_IDA),Ananthapuramu(DISTRICT COLLECTOR ANANTAPUR_IDA),Normal/Others,Normal/Others,,,,,"Construction of Community Hall near masjid in Chandra Babu nagar in Saifulah colony of Rudrampeta (V), Ananthapuramu rural mandal","Construction of Community Hall near masjid in Chandra Babu nagar in Saifulah colony of Rudrampeta (V), Ananthapuramu rural mandal",,AMBICA G LAKSHMINARAYANA VALMIKI,,ANANTAPUR,Recommended,1000000,2025-07-31T00:00:00.000Z,223878.0,1000000.0,Recommended,2025-07-31T00:00:00.000Z,2025.0,Lok Sabha,18.0,0.0,True,1000000.0,2.0,Community Centers & Halls,Social Infrastructure
166546.0,,Andhra Pradesh,Andhra Pradesh,GUNTUR,GUNTUR,GUNTUR(DISTRICT COLLECTOR GUNTUR_IDA),GUNTUR(DISTRICT COLLECTOR GUNTUR_IDA),Normal/Others,Normal/Others,,,,,"Providing Amenities to Community Hall in Narakoduru village of Chebrolu Mandal, Guntur District","Providing Amenities to Community Hall in Narakoduru village of Chebrolu Mandal, Guntur District",,Dr Chandra Sekhar Pemmasani,,GUNTUR,Recommended,5000000,2025-01-19T00:00:00.000Z,166546.0,5000000.0,Recommended,2025-01-19T00:00:00.000Z,2025.0,Lok Sabha,18.0,0.0,True,4939780.0,1.0,Community Centers & Halls,Social Infrastructure
227328.0,,Andhra Pradesh,Andhra Pradesh,BAPATLA,BAPATLA,Bapatla(DISTRICT COLLECTOR BAPATLA_IDA),Bapatla(DISTRICT COLLECTOR BAPATLA_IDA),Normal/Others,Normal/Others,,,,,"Construction of community hall in Lukkavaripalem of Pedamatlapudi G.P., Nagaram Mandal","Construction of community hall in Lukkavaripalem of Pedamatlapudi G.P., Nagaram Mandal",,Krishna Prasad Tenneti,,BAPATLA,Recommended,1200000,2025-08-16T00:00:00.000Z,227328.0,1200000.0,Recommended,2025-08-16T00:00:00.000Z,2025.0,Lok Sabha,18.0,0.0,False,0.0,0.0,Community Centers & Halls,Social Infrastructure
168682.0,,Andhra Pradesh,Andhra Pradesh,SRIKAKULAM,SRIKAKULAM,SRIKAKULAM(District Collector Srikakulam_IDA),SRIKAKULAM(District Collector Srikakulam_IDA),Normal/Others,Normal/Others,,,,,Construction of Community Hall at Thotavuru Village of Sirimamidi GP of Sompeta mandal,Construction of Community Hall at Thotavuru Village of Sirimamidi GP of Sompeta mandal,,Kinjarapu Ram Mohan Naidu,,SRIKAKULAM,Recommended,500000,2025-01-24T00:00:00.000Z,168682.0,500000.0,Recommended,2025-01-24T00:00:00.000Z,2025.0,Lok Sabha,18.0,0.0,True,277290.0,1.0,Community Centers & Halls,Social Infrastructure
227344.0,,Andhra Pradesh,Andhra Pradesh,HINDUPUR,HINDUPUR,Sri Sathya Sai(DISTRICT COLLECTOR SRI SATHYA SAI_IDA),Sri Sathya Sai(DISTRICT COLLECTOR SRI SATHYA SAI_IDA),Normal/Others,Normal/Others,,,,,"Construction of Community Hall in Sno. 353 in BC Colony 2, Kanaganipalli village mandal","Construction of Community Hall in Sno. 353 in BC Colony 2, Kanaganipalli village mandal",,B K PARTHASARATHI,,HINDUPUR,Recommended,6000000,2025-08-16T00:00:00.000Z,227344.0,6000000.0,Recommended,2025-08-16T00:00:00.000Z,2025.0,Lok Sabha,18.0,0.0,True,2162831.0,1.0,Community Centers & Halls,Social Infrastructure
168892.0,,Andhra Pradesh,Andhra Pradesh,ELURU,ELURU,Eluru(DISTRICT COLLECTOR ELURU_IDA),Eluru(DISTRICT COLLECTOR ELURU_IDA),Normal/Others,Normal/Others,,,,,Construction of Multipurpose Hall at Kothapalli village of Lingapalem Mandal,Construction of Multipurpose Hall at Kothapalli village of Lingapalem Mandal,,Putta Mahesh Kumar,,ELURU,Recommended,1000000,2025-01-25T00:00:00.000Z,168892.0,1000000.0,Recommended,2025-01-25T00:00:00.000Z,2025.0,Lok Sabha,18.0,0.0,False,0.0,0.0,Community Centers & Halls,Social Infrastructure
169342.0,,Andhra Pradesh,Andhra Pradesh,SRIKAKULAM,SRIKAKULAM,SRIKAKULAM(District Collector Srikakulam_IDA),SRIKAKULAM(District Collector Srikakulam_IDA),Normal/Others,Normal/Others,,,,,"Construction of Cremation Shed in Vadada village of Vadada GP, Gara mandal","Construction of Cremation Shed in Vadada village of Vadada GP, Gara mandal",,Kinjarapu Ram Mohan Naidu,,SRIKAKULAM,Recommended,900000,2025-01-27T00:00:00.000Z,169342.0,900000.0,Recommended,2025-01-27T00:00:00.000Z,2025.0,Lok Sabha,18.0,0.0,True,718160.0,1.0,Community Centers & Halls,Social Infrastructure
169477.0,,Andhra Pradesh,Andhra Pradesh,ELURU,ELURU,Eluru(DISTRICT COLLECTOR ELURU_IDA),Eluru(DISTRICT COLLECTOR ELURU_IDA),Normal/Others,Normal/Others,,,,,"Construction of 4Th Floor to existing Multipurpose Hall at Vallurivari Street Powerpeta ,Eluru Municipal Corporation Eluru","Construction of 4Th Floor to existing Multipurpose Hall at Vallurivari Street Powerpeta ,Eluru Municipal Corporation Eluru",,Putta Mahesh Kumar,,ELURU,Recommended,2000000,2025-01-28T00:00:00.000Z,169477.0,2000000.0,Recommended,2025-01-28T00:00:00.000Z,2025.0,Lok Sabha,18.0,0.0,True,1947249.0,1.0,Community Centers & Halls,Social Infrastructure
260509.0,,Andaman And Nicobar Islands,Andaman And Nicobar Islands,ANDAMAN AND NICOBAR ISLANDS,ANDAMAN AND NICOBAR ISLANDS,SOUTH ANDAMANS(Implementing District Authority(SA)),SOUTH ANDAMANS(Implementing District Authority(SA)),Normal/Others,Normal/Others,,,,,"Development of Playground with chain link fencing and small stage with pre-fabricated steel roofing at Sunder Colony, Ward No.2, SVP","Development of Playground with chain link fencing and small stage with pre-fabricated steel roofing at Sunder Colony, Ward No.2, SVP",,BISHNU PADA RAY,,ANDAMAN AND NICOBAR ISLANDS,Recommended,2000000,2026-01-20T00:00:00.000Z,260509.0,2000000.0,Recommended,2026-01-20T00:00:00.000Z,2026.0,Lok Sabha,18.0,0.0,False,0.0,0.0,Community Centers & Halls,Social Infrastructure
1416.0,,Andhra Pradesh,Andhra Pradesh,HINDUPUR,HINDUPUR,Ananthapuramu(DISTRICT COLLECTOR ANANTAPUR_IDA),Ananthapuramu(DISTRICT COLLECTOR ANANTAPUR_IDA),Repair and Renovation,Repair and Renovation,,,,,"Repairs to Community Hall (Kanakadasu Bhavan) near Indiramma colony at Sno. 169-2D, 169-2E. Garudapuram village of Kalyanadurg Mandal of Ananthapuramu district","Repairs to Community Hall (Kanakadasu Bhavan) near Indiramma colony at Sno. 169-2D, 169-2E. Garudapuram village of Kalyanadurg Mandal of Ananthapuramu district",,B K PARTHASARATHI,,HINDUPUR,Recommended,2500000,2025-07-01T00:00:00.000Z,1416.0,2500000.0,Recommended,2025-07-01T00:00:00.000Z,2025.0,Lok Sabha,18.0,0.0,False,0.0,0.0,Community Centers & Halls,Social Infrastructure
245220.0,,Andhra Pradesh,Andhra Pradesh,RAJAMPET,RAJAMPET,Annamayya(DISTRICT COLLECTOR ANNAMAYYA_IDA),Annamayya(DISTRICT COLLECTOR ANNAMAYYA_IDA),Normal/Others,Normal/Others,,,,,"Development works to Existing Community Building Near Sai Baba Temple, Sai Nagar, Valmikipuram GP","Development works to Existing Community Building Near Sai Baba Temple, Sai Nagar, Valmikipuram GP",,Midhun Reddy,,RAJAMPET,Recommended,1500000,2025-10-31T00:00:00.000Z,245220.0,1500000.0,Recommended,2025-10-31T00:00:00.000Z,2025.0,Lok Sabha,18.0,0.0,False,0.0,0.0,Community Centers & Halls,Social Infrastructure
197294.0,,Andhra Pradesh,Andhra Pradesh,KADAPA,KADAPA,Y.S.R. Kadapa(DISTRICT COLLECTOR CUDDAPAH_IDA),Y.S.R. Kadapa(DISTRICT COLLECTOR CUDDAPAH_IDA),Normal/Others,Normal/Others,,,,,"Construction of compound wall for community Hall Near Ramalayam Temple, Vemula Village Mandal, YSR District","Construction of compound wall for community Hall Near Ramalayam Temple, Vemula Village Mandal, YSR District",,Y S Avinash Reddy,,KADAPA,Recommended,497000,2025-05-27T00:00:00.000Z,197294.0,497000.0,Recommended,2025-05-27T00:00:00.000Z,2025.0,Lok Sabha,18.0,0.0,False,0.0,0.0,Community Centers & Halls,Social Infrastructure
250045.0,,Andhra Pradesh,Andhra Pradesh,NANDYAL,NANDYAL,Nandyal(DISTRICT COLLECTOR NANDYAL_IDA),Nandyal(DISTRICT COLLECTOR NANDYAL_IDA),Normal/Others,Normal/Others,,,,,"Construction of Compound Wall along the South Side of the Mini Meeting Hall and IT Initiatives Cell at the Collectorate own site near Camp Office, Nandyal District.","Construction of Compound Wall along the South Side of the Mini Meeting Hall and IT Initiatives Cell at the Collectorate own site near Camp Office, Nandyal District.",,DR BYREDDY SHABARI,,NANDYAL,Recommended,500000,2025-11-22T00:00:00.000Z,250045.0,500000.0,Recommended,2025-11-22T00:00:00.000Z,2025.0,Lok Sabha,18.0,0.0,True,472832.0,1.0,Community Centers & Halls,Social Infrastructure
250512.0,,Andhra Pradesh,Andhra Pradesh,KURNOOL,KURNOOL,KURNOOL(DISTRICT COLLECTOR KURNOOL_IDA),KURNOOL(DISTRICT COLLECTOR KURNOOL_IDA),Normal/Others,Normal/Others,,,,,"Construction of Community Hall, near Sri Sri Panduranga Swamy Temple at Panchalingala, Kurnool Mandal and Kurnool District","Construction of Community Hall, near Sri Sri Panduranga Swamy Temple at Panchalingala, Kurnool Mandal and Kurnool District",,BASTIPATI NAGARAJU PANCHALINGALA,,KURNOOL,Recommended,2000000,2025-11-25T00:00:00.000Z,250512.0,2000000.0,Recommended,2025-11-25T00:00:00.000Z,2025.0,Lok Sabha,18.0,0.0,False,0.0,0.0,Community Centers & Halls,Social Infrastructure
251296.0,,Andhra Pradesh,Andhra Pradesh,SRIKAKULAM,SRIKAKULAM,SRIKAKULAM(District Collector Srikakulam_IDA),SRIKAKULAM(District Collector Srikakulam_IDA),Normal/Others,Normal/Others,,,,,"Construction of community pial at Irapadu Kottaguda village, Kothuru mandal","Construction of community pial at Irapadu Kottaguda village, Kothuru mandal",,Kinjarapu Ram Mohan Naidu,,SRIKAKULAM,Recommended,350000,2025-11-30T00:00:00.000Z,251296.0,350000.0,Recommended,2025-11-30T00:00:00.000Z,2025.0,Lok Sabha,18.0,0.0,False,0.0,0.0,Community Centers & Halls,Social Infrastructure
260509.0,,Andaman And Nicobar Islands,Andaman And Nicobar Islands,ANDAMAN AND NICOBAR ISLANDS,ANDAMAN AND NICOBAR ISLANDS,SOUTH ANDAMANS(Implementing District Authority(SA)),SOUTH ANDAMANS(Implementing District Authority(SA)),Normal/Others,Normal/Others,,,,,"Development of Playground with chain link fencing and small stage with pre-fabricated steel roofing at Sunder Colony, Ward No.2, SVP","Development of Playground with chain link fencing and small stage with pre-fabricated steel roofing at Sunder Colony, Ward No.2, SVP",,BISHNU PADA RAY,,ANDAMAN AND NICOBAR ISLANDS,Recommended,2000000,2026-01-20T00:00:00.000Z,260509.0,2000000.0,Recommended,2026-01-20T00:00:00.000Z,2026.0,Lok Sabha,18.0,0.0,False,0.0,0.0,Community Centers & Halls,Social Infrastructure
169799.0,,Andhra Pradesh,Andhra Pradesh,SRIKAKULAM,SRIKAKULAM,SRIKAKULAM(District Collector Srikakulam_IDA),SRIKAKULAM(District Collector Srikakulam_IDA),Normal/Others,Normal/Others,,,,,Construction of Community Hall at Lakkavaram village of Palasapuram GP of Sompeta mandal.,Construction of Community Hall at Lakkavaram village of Palasapuram GP of Sompeta mandal.,,Kinjarapu Ram Mohan Naidu,,SRIKAKULAM,Recommended,500000,2025-01-29T00:00:00.000Z,169799.0,500000.0,Recommended,2025-01-29T00:00:00.000Z,2025.0,Lok Sabha,18.0,0.0,False,0.0,0.0,Community Centers & Halls,Social Infrastructure
232260.0,,Andhra Pradesh,Andhra Pradesh,RAJAHMUNDRY,RAJAHMUNDRY,"EAST GODAVARI(DISTRICT COLLECTOR, EAST GODAVARI)","EAST GODAVARI(DISTRICT COLLECTOR, EAST GODAVARI)",Normal/Others,Normal/Others,,,,,Construction of additional infrastructure at Phule Ambedkar Bhavan in the Municipal Corporation of Rajamahendravaram,Construction of additional infrastructure at Phule Ambedkar Bhavan in the Municipal Corporation of Rajamahendravaram,,Daggubati Purandeshwari,,RAJAHMUNDRY,Recommended,5000000,2025-09-23T00:00:00.000Z,232260.0,5000000.0,Recommended,2025-09-23T00:00:00.000Z,2025.0,Lok Sabha,18.0,0.0,False,0.0,0.0,Community Centers & Halls,Social Infrastructure
175376.0,,Andhra Pradesh,Andhra Pradesh,ELURU,ELURU,Eluru(DISTRICT COLLECTOR ELURU_IDA),Eluru(DISTRICT COLLECTOR ELURU_IDA),Normal/Others,Normal/Others,,,,,Construction of Multipurpose Hall Located Near JB Park(SC area)Ameenapeta of Eluru,Construction of Multipurpose Hall Located Near JB Park(SC area)Ameenapeta of Eluru,,Putta Mahesh Kumar,,ELURU,Recommended,2000000,2025-02-13T00:00:00.000Z,175376.0,2000000.0,Recommended,2025-02-13T00:00:00.000Z,2025.0,Lok Sabha,18.0,0.0,False,0.0,0.0,Community Centers & Halls,Social Infrastructure
176288.0,,Andhra Pradesh,Andhra Pradesh,VIZIANAGARAM,VIZIANAGARAM,VIZIANAGARAM(DISTRICT COLLECTOR VIZIANAGARAM_IDA),VIZIANAGARAM(DISTRICT COLLECTOR VIZIANAGARAM_IDA),Normal/Others,Normal/Others,,,,,Construction of Community Hall in Kondarajupalem Village Covered in Kongavanipalem Revenue Village of Bhogapuram Mandal,Construction of Community Hall in Kondarajupalem Village Covered in Kongavanipalem Revenue Village of Bhogapuram Mandal,,Appalanaidu Kalisetti,,VIZIANAGARAM,Recommended,1200000,2025-02-18T00:00:00.000Z,176288.0,1200000.0,Recommended,2025-02-18T00:00:00.000Z,2025.0,Lok Sabha,18.0,0.0,False,0.0,0.0,Community Centers & Halls,Social Infrastructure
157138.0,,Andhra Pradesh,Andhra Pradesh,HINDUPUR,HINDUPUR,Sri Sathya Sai(DISTRICT COLLECTOR SRI SATHYA SAI_IDA),Sri Sathya Sai(DISTRICT COLLECTOR SRI SATHYA SAI_IDA),Normal/Others,Normal/Others,,,,,construction of community hall at Survey No. 294-2 of Parigi village,construction of community hall at Survey No. 294-2 of Parigi village,,B K PARTHASARATHI,,HINDUPUR,Recommended,8000000,2024-12-06T00:00:00.000Z,157138.0,8000000.0,Recommended,2024-12-06T00:00:00.000Z,2024.0,Lok Sabha,18.0,0.0,True,5892449.0,2.0,Community Centers & Halls,Social Infrastructure
175559.0,,Andaman And Nicobar Islands,Andaman And Nicobar Islands,ANDAMAN AND NICOBAR ISLANDS,ANDAMAN AND NICOBAR ISLANDS,SOUTH ANDAMANS(Implementing District Authority(SA)),SOUTH ANDAMANS(Implementing District Authority(SA)),Normal/Others,Normal/Others,,,,,"Extension of Multipurpse Hall at Nayagaon near Juvenile Home, Port Blair","Extension of Multipurpse Hall at Nayagaon near Juvenile Home, Port Blair",,BISHNU PADA RAY,,ANDAMAN AND NICOBAR ISLANDS,Recommended,976436,2025-02-14T00:00:00.000Z,175559.0,976436.0,Recommended,2025-02-14T00:00:00.000Z,2025.0,Lok Sabha,18.0,0.0,True,730885.0,1.0,Community Centers & Halls,Social Infrastructure
179124.0,,Andhra Pradesh,Andhra Pradesh,RAJAHMUNDRY,RAJAHMUNDRY,"EAST GODAVARI(DISTRICT COLLECTOR, EAST GODAVARI)","EAST GODAVARI(DISTRICT COLLECTOR, EAST GODAVARI)",Normal/Others,Normal/Others,,,,,Construction of additional infrastructure at Phule Ambedkar Bhavan in the Municipal Corporation of Rajamahendravaram,Construction of additional infrastructure at Phule Ambedkar Bhavan in the Municipal Corporation of Rajamahendravaram,,Daggubati Purandeshwari,,RAJAHMUNDRY,Recommended,8000000,2025-03-12T00:00:00.000Z,179124.0,8000000.0,Recommended,2025-03-12T00:00:00.000Z,2025.0,Lok Sabha,18.0,0.0,False,0.0,0.0,Community Centers & Halls,Social Infrastructure
157510.0,,Andhra Pradesh,Andhra Pradesh,ANANTAPUR,ANANTAPUR,Ananthapuramu(DISTRICT COLLECTOR ANANTAPUR_IDA),Ananthapuramu(DISTRICT COLLECTOR ANANTAPUR_IDA),Normal/Others,Normal/Others,,,,,Construction of SC Community Hall in Kothapalli village of Kambadur Mandal,Construction of SC Community Hall in Kothapalli village of Kambadur Mandal,,AMBICA G LAKSHMINARAYANA VALMIKI,,ANANTAPUR,Recommended,1000000,2024-12-09T00:00:00.000Z,157510.0,1000000.0,Recommended,2024-12-09T00:00:00.000Z,2024.0,Lok Sabha,18.0,0.0,False,0.0,0.0,Community Centers & Halls,Social Infrastructure
238232.0,,Andhra Pradesh,Andhra Pradesh,HINDUPUR,HINDUPUR,Sri Sathya Sai(DISTRICT COLLECTOR SRI SATHYA SAI_IDA),Sri Sathya Sai(DISTRICT COLLECTOR SRI SATHYA SAI_IDA),Normal/Others,Normal/Others,,,,,Construction of Community Hall in S No. 312 at Garimekalapalli of Motaruchinthapalli GP of Ramagiri mandal,Construction of Community Hall in S No. 312 at Garimekalapalli of Motaruchinthapalli GP of Ramagiri mandal,,B K PARTHASARATHI,,HINDUPUR,Recommended,1200000,2025-09-26T00:00:00.000Z,238232.0,1200000.0,Recommended,2025-09-26T00:00:00.000Z,2025.0,Lok Sabha,18.0,0.0,False,0.0,0.0,Community Centers & Halls,Social Infrastructure
238906.0,,Andhra Pradesh,Andhra Pradesh,KADAPA,KADAPA,Y.S.R. Kadapa(DISTRICT COLLECTOR CUDDAPAH_IDA),Y.S.R. Kadapa(DISTRICT COLLECTOR CUDDAPAH_IDA),Normal/Others,Normal/Others,,,,,"Providing Shed Near Nuthikona Temple of Ambakapalli Village, Lingala Mandal, YSR District.","Providing Shed Near Nuthikona Temple of Ambakapalli Village, Lingala Mandal, YSR District.",,Y S Avinash Reddy,,KADAPA,Recommended,250000,2025-10-23T00:00:00.000Z,238906.0,250000.0,Recommended,2025-10-23T00:00:00.000Z,2025.0,Lok Sabha,18.0,0.0,False,0.0,0.0,Community Centers & Halls,Social Infrastructure
182164.0,,Andhra Pradesh,Andhra Pradesh,KAKINADA,KAKINADA,Kakinada(DISTRICT COLLECTOR KAKINADA_IDA),Kakinada(DISTRICT COLLECTOR KAKINADA_IDA),Normal/Others,Normal/Others,,,,,Construction of Community Hall at 28th Ward,Construction of Community Hall at 28th Ward,,TANGELLA UDAY SRINIVAS,,KAKINADA,Recommended,2000000,2025-03-15T00:00:00.000Z,182164.0,2000000.0,Recommended,2025-03-15T00:00:00.000Z,2025.0,Lok Sabha,18.0,0.0,True,1664113.0,1.0,Community Centers & Halls,Social Infrastructure
182167.0,,Andhra Pradesh,Andhra Pradesh,KAKINADA,KAKINADA,Kakinada(DISTRICT COLLECTOR KAKINADA_IDA),Kakinada(DISTRICT COLLECTOR KAKINADA_IDA),Normal/Others,Normal/Others,,,,,Construction of Market shed at 6th ward,Construction of Market shed at 6th ward,,TANGELLA UDAY SRINIVAS,,KAKINADA,Recommended,500000,2025-03-15T00:00:00.000Z,182167.0,500000.0,Recommended,2025-03-15T00:00:00.000Z,2025.0,Lok Sabha,18.0,0.0,False,0.0,0.0,Community Centers & Halls,Social Infrastructure
240939.0,,Andhra Pradesh,Andhra Pradesh,NELLORE,NELLORE,Sri Potti Sriramulu Nellore(DISTRICT COLLECTOR NELLORE_IDA),Sri Potti Sriramulu Nellore(DISTRICT COLLECTOR NELLORE_IDA),Normal/Others,Normal/Others,,,,,Construction of a community toilets block at Duttalur Centre Bus stand in Duttalur Village and Mandal,Construction of a community toilets block at Duttalur Centre Bus stand in Duttalur Village and Mandal,,PRABHAKAR REDDY VEMIREDDY,,NELLORE,Recommended,1900000,2025-10-09T00:00:00.000Z,240939.0,1900000.0,Recommended,2025-10-09T00:00:00.000Z,2025.0,Lok Sabha,18.0,0.0,False,0.0,0.0,Community Centers & Halls,Social Infrastructure
182170.0,,Andhra Pradesh,Andhra Pradesh,KAKINADA,KAKINADA,Kakinada(DISTRICT COLLECTOR KAKINADA_IDA),Kakinada(DISTRICT COLLECTOR KAKINADA_IDA),Normal/Others,Normal/Others,,,,,Construction of Compound wall to SC Community Hall at 4th Ward,Construction of Compound wall to SC Community Hall at 4th Ward,,TANGELLA UDAY SRINIVAS,,KAKINADA,Recommended,500000,2025-03-15T00:00:00.000Z,182170.0,500000.0,Recommended,2025-03-15T00:00:00.000Z,2025.0,Lok Sabha,18.0,0.0,False,0.0,0.0,Community Centers & Halls,Social Infrastructure
260509.0,,Andaman And Nicobar Islands,Andaman And Nicobar Islands,ANDAMAN AND NICOBAR ISLANDS,ANDAMAN AND NICOBAR ISLANDS,SOUTH ANDAMANS(Implementing District Authority(SA)),SOUTH ANDAMANS(Implementing District Authority(SA)),Normal/Others,Normal/Others,,,,,"Development of Playground with chain link fencing and small stage with pre-fabricated steel roofing at Sunder Colony, Ward No.2, SVP","Development of Playground with chain link fencing and small stage with pre-fabricated steel roofing at Sunder Colony, Ward No.2, SVP",,BISHNU PADA RAY,,ANDAMAN AND NICOBAR ISLANDS,Recommended,2000000,2026-01-20T00:00:00.000Z,260509.0,2000000.0,Recommended,2026-01-20T00:00:00.000Z,2026.0,Lok Sabha,18.0,0.0,False,0.0,0.0,Community Centers & Halls,Social Infrastructure
199561.0,,Andhra Pradesh,Andhra Pradesh,BAPATLA,BAPATLA,Bapatla(DISTRICT COLLECTOR BAPATLA_IDA),Bapatla(DISTRICT COLLECTOR BAPATLA_IDA),Normal/Others,Normal/Others,,,,,"Providing additional amenities to the Community Hall in Rachapudi Village, Korisapadu Mandal, Bapatla district","Providing additional amenities to the Community Hall in Rachapudi Village, Korisapadu Mandal, Bapatla district",,Krishna Prasad Tenneti,,BAPATLA,Recommended,2000000,2025-05-14T00:00:00.000Z,199561.0,2000000.0,Recommended,2025-05-14T00:00:00.000Z,2025.0,Lok Sabha,18.0,0.0,True,953465.0,1.0,Community Centers & Halls,Social Infrastructure
251880.0,,Andhra Pradesh,Andhra Pradesh,VIJAYAWADA,VIJAYAWADA,NTR(DISTRICT COLLECTOR NTR_IDA),NTR(DISTRICT COLLECTOR NTR_IDA),Normal/Others,Normal/Others,,,,,"construction of community hall at60th Division , vambay colony","construction of community hall at60th Division , vambay colony",,Sivanath Kesineni,,VIJAYAWADA,Recommended,7500000,2025-12-02T00:00:00.000Z,251880.0,7500000.0,Recommended,2025-12-02T00:00:00.000Z,2025.0,Lok Sabha,18.0,0.0,False,0.0,0.0,Community Centers & Halls,Social Infrastructure
201291.0,,Andhra Pradesh,Andhra Pradesh,RAJAMPET,RAJAMPET,Annamayya(DISTRICT COLLECTOR ANNAMAYYA_IDA),Annamayya(DISTRICT COLLECTOR ANNAMAYYA_IDA),Normal/Others,Normal/Others,,,,,"Construction of Community Hall in Kottapalli Village, Bandrevu G.P","Construction of Community Hall in Kottapalli Village, Bandrevu G.P",,Midhun Reddy,,RAJAMPET,Recommended,500000,2025-05-20T00:00:00.000Z,201291.0,500000.0,Recommended,2025-05-20T00:00:00.000Z,2025.0,Lok Sabha,18.0,0.0,False,0.0,0.0,Community Centers & Halls,Social Infrastructure
253884.0,,Andhra Pradesh,Andhra Pradesh,SRIKAKULAM,SRIKAKULAM,SRIKAKULAM(District Collector Srikakulam_IDA),SRIKAKULAM(District Collector Srikakulam_IDA),Normal/Others,Normal/Others,,,,,Construction of community Hall at Jagannadhapuram village of Santhabommali mandal,Construction of community Hall at Jagannadhapuram village of Santhabommali mandal,,Kinjarapu Ram Mohan Naidu,,SRIKAKULAM,Recommended,1000000,2025-12-13T00:00:00.000Z,253884.0,1000000.0,Recommended,2025-12-13T00:00:00.000Z,2025.0,Lok Sabha,18.0,0.0,True,498394.0,1.0,Community Centers & Halls,Social Infrastructure
253889.0,,Andhra Pradesh,Andhra Pradesh,SRIKAKULAM,SRIKAKULAM,SRIKAKULAM(District Collector Srikakulam_IDA),SRIKAKULAM(District Collector Srikakulam_IDA),Normal/Others,Normal/Others,,,,,"Additional Accommodation to existing community Hall at Kesupuram village, of Bantukotturu of Palasa mandal","Additional Accommodation to existing community Hall at Kesupuram village, of Bantukotturu of Palasa mandal",,Kinjarapu Ram Mohan Naidu,,SRIKAKULAM,Recommended,300000,2025-12-13T00:00:00.000Z,253889.0,300000.0,Recommended,2025-12-13T00:00:00.000Z,2025.0,Lok Sabha,18.0,0.0,False,0.0,0.0,Community Centers & Halls,Social Infrastructure
253891.0,,Andhra Pradesh,Andhra Pradesh,SRIKAKULAM,SRIKAKULAM,SRIKAKULAM(District Collector Srikakulam_IDA),SRIKAKULAM(District Collector Srikakulam_IDA),Normal/Others,Normal/Others,,,,,Construction of Community Hall at Pedanchala village of Palasa mandal,Construction of Community Hall at Pedanchala village of Palasa mandal,,Kinjarapu Ram Mohan Naidu,,SRIKAKULAM,Recommended,500000,2025-12-13T00:00:00.000Z,253891.0,500000.0,Recommended,2025-12-13T00:00:00.000Z,2025.0,Lok Sabha,18.0,0.0,False,0.0,0.0,Community Centers & Halls,Social Infrastructure
253893.0,,Andhra Pradesh,Andhra Pradesh,SRIKAKULAM,SRIKAKULAM,SRIKAKULAM(District Collector Srikakulam_IDA),SRIKAKULAM(District Collector Srikakulam_IDA),Normal/Others,Normal/Others,,,,,Construction of Community Hall at  SC Street in Baligam village and GP of Mandasa mandal,Construction of Community Hall at  SC Street in Baligam village and GP of Mandasa mandal,,Kinjarapu Ram Mohan Naidu,,SRIKAKULAM,Recommended,600000,2025-12-13T00:00:00.000Z,253893.0,600000.0,Recommended,2025-12-13T00:00:00.000Z,2025.0,Lok Sabha,18.0,0.0,True,290691.0,1.0,Community Centers & Halls,Social Infrastructure
253895.0,,Andhra Pradesh,Andhra Pradesh,SRIKAKULAM,SRIKAKULAM,SRIKAKULAM(District Collector Srikakulam_IDA),SRIKAKULAM(District Collector Srikakulam_IDA),Normal/Others,Normal/Others,,,,,"Construction of community hall at Srisaina street at Bendi village and GP, V.Kothuru mandal","Construction of community hall at Srisaina street at Bendi village and GP, V.Kothuru mandal",,Kinjarapu Ram Mohan Naidu,,SRIKAKULAM,Recommended,500000,2025-12-13T00:00:00.000Z,253895.0,500000.0,Recommended,2025-12-13T00:00:00.000Z,2025.0,Lok Sabha,18.0,0.0,False,0.0,0.0,Community Centers & Halls,Social Infrastructure
253897.0,,Andhra Pradesh,Andhra Pradesh,SRIKAKULAM,SRIKAKULAM,SRIKAKULAM(District Collector Srikakulam_IDA),SRIKAKULAM(District Collector Srikakulam_IDA),Normal/Others,Normal/Others,,,,,Construction of Shed in Burial Ground at Padmanabhapuram of Palasa  Kasibugga Municipality,Construction of Shed in Burial Ground at Padmanabhapuram of Palasa  Kasibugga Municipality,,Kinjarapu Ram Mohan Naidu,,SRIKAKULAM,Recommended,300000,2025-12-13T00:00:00.000Z,253897.0,300000.0,Recommended,2025-12-13T00:00:00.000Z,2025.0,Lok Sabha,18.0,0.0,False,0.0,0.0,Community Centers & Halls,Social Infrastructure
253909.0,,Andhra Pradesh,Andhra Pradesh,SRIKAKULAM,SRIKAKULAM,SRIKAKULAM(District Collector Srikakulam_IDA),SRIKAKULAM(District Collector Srikakulam_IDA),Normal/Others,Normal/Others,,,,,Construction of community hall at Luggage Auto Union Stand in Ichapuram Municipality,Construction of community hall at Luggage Auto Union Stand in Ichapuram Municipality,,Kinjarapu Ram Mohan Naidu,,SRIKAKULAM,Recommended,500000,2025-12-13T00:00:00.000Z,253909.0,500000.0,Recommended,2025-12-13T00:00:00.000Z,2025.0,Lok Sabha,18.0,0.0,False,0.0,0.0,Community Centers & Halls,Social Infrastructure
253911.0,,Andhra Pradesh,Andhra Pradesh,SRIKAKULAM,SRIKAKULAM,SRIKAKULAM(District Collector Srikakulam_IDA),SRIKAKULAM(District Collector Srikakulam_IDA),Normal/Others,Normal/Others,,,,,Construction of community hall at Tata Magic Union Stand in Ichapuram Municipality,Construction of community hall at Tata Magic Union Stand in Ichapuram Municipality,,Kinjarapu Ram Mohan Naidu,,SRIKAKULAM,Recommended,500000,2025-12-13T00:00:00.000Z,253911.0,500000.0,Recommended,2025-12-13T00:00:00.000Z,2025.0,Lok Sabha,18.0,0.0,False,0.0,0.0,Community Centers & Halls,Social Infrastructure
253917.0,,Andhra Pradesh,Andhra Pradesh,SRIKAKULAM,SRIKAKULAM,SRIKAKULAM(District Collector Srikakulam_IDA),SRIKAKULAM(District Collector Srikakulam_IDA),Normal/Others,Normal/Others,,,,,Construction of community building at B.Thoturu village of Bhirlangi Gp in Ichapuram mandal,Construction of community building at B.Thoturu village of Bhirlangi Gp in Ichapuram mandal,,Kinjarapu Ram Mohan Naidu,,SRIKAKULAM,Recommended,500000,2025-12-13T00:00:00.000Z,253917.0,500000.0,Recommended,2025-12-13T00:00:00.000Z,2025.0,Lok Sabha,18.0,0.0,False,0.0,0.0,Community Centers & Halls,Social Infrastructure
253921.0,,Andhra Pradesh,Andhra Pradesh,SRIKAKULAM,SRIKAKULAM,SRIKAKULAM(District Collector Srikakulam_IDA),SRIKAKULAM(District Collector Srikakulam_IDA),Normal/Others,Normal/Others,,,,,Construction of community hall at DG Puram village and GP of Kanchili mandal,Construction of community hall at DG Puram village and GP of Kanchili mandal,,Kinjarapu Ram Mohan Naidu,,SRIKAKULAM,Recommended,750000,2025-12-13T00:00:00.000Z,253921.0,750000.0,Recommended,2025-12-13T00:00:00.000Z,2025.0,Lok Sabha,18.0,0.0,False,0.0,0.0,Community Centers & Halls,Social Infrastructure
253923.0,,Andhra Pradesh,Andhra Pradesh,SRIKAKULAM,SRIKAKULAM,SRIKAKULAM(District Collector Srikakulam_IDA),SRIKAKULAM(District Collector Srikakulam_IDA),Normal/Others,Normal/Others,,,,,"Construction of community Mandapam at Bhogabeni village and GP, Kanchili mandal","Construction of community Mandapam at Bhogabeni village and GP, Kanchili mandal",,Kinjarapu Ram Mohan Naidu,,SRIKAKULAM,Recommended,500000,2025-12-13T00:00:00.000Z,253923.0,500000.0,Recommended,2025-12-13T00:00:00.000Z,2025.0,Lok Sabha,18.0,0.0,False,0.0,0.0,Community Centers & Halls,Social Infrastructure
207889.0,,Andhra Pradesh,Andhra Pradesh,ONGOLE,ONGOLE,PRAKASAM(DISTRICT COLLECTOR PRAKASAM_IDA),PRAKASAM(DISTRICT COLLECTOR PRAKASAM_IDA),Normal/Others,Normal/Others,,,,,"Providing 1000 LPH Reverse Osmosis Plant with Bore Well, Motor and Shed in Bodapadu Village","Providing 1000 LPH Reverse Osmosis Plant with Bore Well, Motor and Shed in Bodapadu Village",,Magunta Sreenivasulu Reddy,,ONGOLE,Recommended,1200000,2025-06-10T00:00:00.000Z,207889.0,1200000.0,Recommended,2025-06-10T00:00:00.000Z,2025.0,Lok Sabha,18.0,0.0,False,0.0,0.0,Community Centers & Halls,Social Infrastructure
162215.0,,Andhra Pradesh,Andhra Pradesh,HINDUPUR,HINDUPUR,Ananthapuramu(DISTRICT COLLECTOR ANANTAPUR_IDA),Ananthapuramu(DISTRICT COLLECTOR ANANTAPUR_IDA),Normal/Others,Normal/Others,,,,,Construction of community hall in Sno.203 B. Yaleru village Atmakuru (M),Construction of community hall in Sno.203 B. Yaleru village Atmakuru (M),,B K PARTHASARATHI,,HINDUPUR,Recommended,1000000,2024-12-29T00:00:00.000Z,162215.0,1000000.0,Recommended,2024-12-29T00:00:00.000Z,2024.0,Lok Sabha,18.0,0.0,False,0.0,0.0,Community Centers & Halls,Social Infrastructure
207891.0,,Andhra Pradesh,Andhra Pradesh,ONGOLE,ONGOLE,PRAKASAM(DISTRICT COLLECTOR PRAKASAM_IDA),PRAKASAM(DISTRICT COLLECTOR PRAKASAM_IDA),Normal/Others,Normal/Others,,,,,"Providing 1000 LPH Reverse Osmosis Plant with Bore Well, Motor and Shed in Inimerla Village","Providing 1000 LPH Reverse Osmosis Plant with Bore Well, Motor and Shed in Inimerla Village",,Magunta Sreenivasulu Reddy,,ONGOLE,Recommended,900000,2025-06-10T00:00:00.000Z,207891.0,900000.0,Recommended,2025-06-10T00:00:00.000Z,2025.0,Lok Sabha,18.0,0.0,False,0.0,0.0,Community Centers & Halls,Social Infrastructure
260509.0,,Andaman And Nicobar Islands,Andaman And Nicobar Islands,ANDAMAN AND NICOBAR ISLANDS,ANDAMAN AND NICOBAR ISLANDS,SOUTH ANDAMANS(Implementing District Authority(SA)),SOUTH ANDAMANS(Implementing District Authority(SA)),Normal/Others,Normal/Others,,,,,"Development of Playground with chain link fencing and small stage with pre-fabricated steel roofing at Sunder Colony, Ward No.2, SVP","Development of Playground with chain link fencing and small stage with pre-fabricated steel roofing at Sunder Colony, Ward No.2, SVP",,BISHNU PADA RAY,,ANDAMAN AND NICOBAR ISLANDS,Recommended,2000000,2026-01-20T00:00:00.000Z,260509.0,2000000.0,Recommended,2026-01-20T00:00:00.000Z,2026.0,Lok Sabha,18.0,0.0,False,0.0,0.0,Community Centers & Halls,Social Infrastructure
242290.0,,Andhra Pradesh,Andhra Pradesh,ELURU,ELURU,Eluru(DISTRICT COLLECTOR ELURU_IDA),Eluru(DISTRICT COLLECTOR ELURU_IDA),Normal/Others,Normal/Others,,,,,Construction of additional accommodation to existing multipurpose hall near yadava krishna temple in Dwaraka Tirumala Village of Dwaraka Tirumala Mandal,Construction of additional accommodation to existing multipurpose hall near yadava krishna temple in Dwaraka Tirumala Village of Dwaraka Tirumala Mandal,,Putta Mahesh Kumar,,ELURU,Recommended,4900000,2025-10-17T00:00:00.000Z,242290.0,4900000.0,Recommended,2025-10-17T00:00:00.000Z,2025.0,Lok Sabha,18.0,0.0,False,0.0,0.0,Community Centers & Halls,Social Infrastructure
242942.0,,Andhra Pradesh,Andhra Pradesh,CHITTOOR,CHITTOOR,CHITTOOR(DISTRICT COLLECTOR CHITTOOR_IDA),CHITTOOR(DISTRICT COLLECTOR CHITTOOR_IDA),Normal/Others,Normal/Others,,,,,Construction of Burning Shed in Burial Ground at Maddulaihgaripalle HW of Baitapalle GP of Puthalapattu Mandal,Construction of Burning Shed in Burial Ground at Maddulaihgaripalle HW of Baitapalle GP of Puthalapattu Mandal,,DAGGUMALLA PRASADA RAO,,CHITTOOR,Recommended,500000,2025-10-24T00:00:00.000Z,242942.0,500000.0,Recommended,2025-10-24T00:00:00.000Z,2025.0,Lok Sabha,18.0,0.0,False,0.0,0.0,Community Centers & Halls,Social Infrastructure
242998.0,,Andhra Pradesh,Andhra Pradesh,AMALAPURAM,AMALAPURAM,Dr. B.R. Ambedkar Konaseema(DISTRICT COLLECTOR Dr B R AMBEDKAR KONASEEMA_IDA),Dr. B.R. Ambedkar Konaseema(DISTRICT COLLECTOR Dr B R AMBEDKAR KONASEEMA_IDA),Normal/Others,Normal/Others,,,,,PROVIDING CREMATION SHED NEAR KANAKA DURGA TEMPLE IN S MOOLAPOLAM VILLAGE OF AINAVILLI MANDAL,PROVIDING CREMATION SHED NEAR KANAKA DURGA TEMPLE IN S MOOLAPOLAM VILLAGE OF AINAVILLI MANDAL,,GM Harish Balayogi,,AMALAPURAM,Recommended,500000,2025-10-19T00:00:00.000Z,242998.0,500000.0,Recommended,2025-10-19T00:00:00.000Z,2025.0,Lok Sabha,18.0,0.0,False,0.0,0.0,Community Centers & Halls,Social Infrastructure
243310.0,,Andhra Pradesh,Andhra Pradesh,ELURU,ELURU,Eluru(DISTRICT COLLECTOR ELURU_IDA),Eluru(DISTRICT COLLECTOR ELURU_IDA),Normal/Others,Normal/Others,,,,,Construction of Multi Purpose hall at Velamapeta in Jalipudi Village of Eluru Mandal,Construction of Multi Purpose hall at Velamapeta in Jalipudi Village of Eluru Mandal,,Putta Mahesh Kumar,,ELURU,Recommended,2000000,2025-10-23T00:00:00.000Z,243310.0,2000000.0,Recommended,2025-10-23T00:00:00.000Z,2025.0,Lok Sabha,18.0,0.0,False,0.0,0.0,Community Centers & Halls,Social Infrastructure
243433.0,,Andhra Pradesh,Andhra Pradesh,ELURU,ELURU,Eluru(DISTRICT COLLECTOR ELURU_IDA),Eluru(DISTRICT COLLECTOR ELURU_IDA),Normal/Others,Normal/Others,,,,,Construction of Multi Purpose Hall at Pulaparru Village of Mandavalli Mandal,Construction of Multi Purpose Hall at Pulaparru Village of Mandavalli Mandal,,Putta Mahesh Kumar,,ELURU,Recommended,2500000,2025-10-23T00:00:00.000Z,243433.0,2500000.0,Recommended,2025-10-23T00:00:00.000Z,2025.0,Lok Sabha,18.0,0.0,False,0.0,0.0,Community Centers & Halls,Social Infrastructure
243946.0,,Andhra Pradesh,Andhra Pradesh,CHITTOOR,CHITTOOR,CHITTOOR(DISTRICT COLLECTOR CHITTOOR_IDA),CHITTOOR(DISTRICT COLLECTOR CHITTOOR_IDA),Normal/Others,Normal/Others,,,,,"Construction of New Kitchen Shed to ZPHS Keeramanda at Keeramanda GP, Bangarupalem Mandal.","Construction of New Kitchen Shed to ZPHS Keeramanda at Keeramanda GP, Bangarupalem Mandal.",,DAGGUMALLA PRASADA RAO,,CHITTOOR,Recommended,500000,2025-10-25T00:00:00.000Z,243946.0,500000.0,Recommended,2025-10-25T00:00:00.000Z,2025.0,Lok Sabha,18.0,0.0,True,485697.0,2.0,Community Centers & Halls,Social Infrastructure
244037.0,,Andhra Pradesh,Andhra Pradesh,NARASARAOPET,NARASARAOPET,Palnadu(District Collector Palnadu_IDA),Palnadu(District Collector Palnadu_IDA),Normal/Others,Normal/Others,,,,,"Construction of Pre-fabricated Shed in Kotha Vellampalli H.O. Karalapadu Village, Piduguralla Mandal.","Construction of Pre-fabricated Shed in Kotha Vellampalli H.O. Karalapadu Village, Piduguralla Mandal.",,Lavu Sri Krishna Devarayalu,,NARASARAOPET,Recommended,197500,2025-10-27T00:00:00.000Z,244037.0,197500.0,Recommended,2025-10-27T00:00:00.000Z,2025.0,Lok Sabha,18.0,0.0,False,0.0,0.0,Community Centers & Halls,Social Infrastructure
244041.0,,Andhra Pradesh,Andhra Pradesh,NARASARAOPET,NARASARAOPET,Palnadu(District Collector Palnadu_IDA),Palnadu(District Collector Palnadu_IDA),Normal/Others,Normal/Others,,,,,"Construction of Pre-fabricated Shed in Janardhanapuram HO Madugula Village, Gurazala Mandal.","Construction of Pre-fabricated Shed in Janardhanapuram HO Madugula Village, Gurazala Mandal.",,Lavu Sri Krishna Devarayalu,,NARASARAOPET,Recommended,197500,2025-10-27T00:00:00.000Z,244041.0,197500.0,Recommended,2025-10-27T00:00:00.000Z,2025.0,Lok Sabha,18.0,0.0,False,0.0,0.0,Community Centers & Halls,Social Infrastructure
194505.0,,Andhra Pradesh,Andhra Pradesh,RAJAHMUNDRY,RAJAHMUNDRY,"EAST GODAVARI(DISTRICT COLLECTOR, EAST GODAVARI)","EAST GODAVARI(DISTRICT COLLECTOR, EAST GODAVARI)",Normal/Others,Normal/Others,,,,,Construction of BC Community Hall at D.Muppavaram Village,Construction of BC Community Hall at D.Muppavaram Village,,Daggubati Purandeshwari,,RAJAHMUNDRY,Recommended,2500000,2025-05-09T00:00:00.000Z,194505.0,2500000.0,Recommended,2025-05-09T00:00:00.000Z,2025.0,Lok Sabha,18.0,0.0,False,0.0,0.0,Community Centers & Halls,Social Infrastructure
161333.0,,Andhra Pradesh,Andhra Pradesh,ARAKU,ARAKU,Alluri Sitharama Raju(DISTRICT COLLECTOR ALLURI SITHARAMARAJU_IDA),Alluri Sitharama Raju(DISTRICT COLLECTOR ALLURI SITHARAMARAJU_IDA),Normal/Others,Normal/Others,,,,,Construction of community centers and community halls,Construction of community centers and community halls,,Gumma Thanuja Rani,,ARAKU,Recommended,3000000,2024-12-27T00:00:00.000Z,161333.0,3000000.0,Recommended,2024-12-27T00:00:00.000Z,2024.0,Lok Sabha,18.0,0.0,True,2997212.0,2.0,Community Centers & Halls,Social Infrastructure
194514.0,,Andhra Pradesh,Andhra Pradesh,RAJAHMUNDRY,RAJAHMUNDRY,"EAST GODAVARI(DISTRICT COLLECTOR, EAST GODAVARI)","EAST GODAVARI(DISTRICT COLLECTOR, EAST GODAVARI)",Normal/Others,Normal/Others,,,,,Construction of BC Community Hall at Undrajavaram Village,Construction of BC Community Hall at Undrajavaram Village,,Daggubati Purandeshwari,,RAJAHMUNDRY,Recommended,2000000,2025-05-09T00:00:00.000Z,194514.0,2000000.0,Recommended,2025-05-09T00:00:00.000Z,2025.0,Lok Sabha,18.0,0.0,False,0.0,0.0,Community Centers & Halls,Social Infrastructure
260509.0,,Andaman And Nicobar Islands,Andaman And Nicobar Islands,ANDAMAN AND NICOBAR ISLANDS,ANDAMAN AND NICOBAR ISLANDS,SOUTH ANDAMANS(Implementing District Authority(SA)),SOUTH ANDAMANS(Implementing District Authority(SA)),Normal/Others,Normal/Others,,,,,"Development of Playground with chain link fencing and small stage with pre-fabricated steel roofing at Sunder Colony, Ward No.2, SVP","Development of Playground with chain link fencing and small stage with pre-fabricated steel roofing at Sunder Colony, Ward No.2, SVP",,BISHNU PADA RAY,,ANDAMAN AND NICOBAR ISLANDS,Recommended,2000000,2026-01-20T00:00:00.000Z,260509.0,2000000.0,Recommended,2026-01-20T00:00:00.000Z,2026.0,Lok Sabha,18.0,0.0,False,0.0,0.0,Community Centers & Halls,Social Infrastructure
260512.0,,Andaman And Nicobar Islands,Andaman And Nicobar Islands,ANDAMAN AND NICOBAR ISLANDS,ANDAMAN AND NICOBAR ISLANDS,SOUTH ANDAMANS(Implementing District Authority(SA)),SOUTH ANDAMANS(Implementing District Authority(SA)),Normal/Others,Normal/Others,,,,,Raising of wall over existing wall 35 meters length with 80 cms height and extension of shed for 06 mtrs at Dhobhighat for community purpose.,Raising of wall over existing wall 35 meters length with 80 cms height and extension of shed for 06 mtrs at Dhobhighat for community purpose.,,BISHNU PADA RAY,,ANDAMAN AND NICOBAR ISLANDS,Recommended,4000000,2026-01-20T00:00:00.000Z,260512.0,4000000.0,Recommended,2026-01-20T00:00:00.000Z,2026.0,Lok Sabha,18.0,0.0,False,0.0,0.0,Community Centers & Halls,Social Infrastructure
258196.0,,Andhra Pradesh,Andhra Pradesh,KADAPA,KADAPA,Y.S.R. Kadapa(DISTRICT COLLECTOR CUDDAPAH_IDA),Y.S.R. Kadapa(DISTRICT COLLECTOR CUDDAPAH_IDA),Normal/Others,Normal/Others,,,,,Construction of Compound wall to Community Hall Phase 1 in Thatireddypalli Village of Lingala Mandal,Construction of Compound wall to Community Hall Phase 1 in Thatireddypalli Village of Lingala Mandal,,Y S Avinash Reddy,,KADAPA,Recommended,490000,2026-01-09T00:00:00.000Z,258196.0,490000.0,Recommended,2026-01-09T00:00:00.000Z,2026.0,Lok Sabha,18.0,0.0,False,0.0,0.0,Community Centers & Halls,Social Infrastructure
219430.0,,Andhra Pradesh,Andhra Pradesh,GUNTUR,GUNTUR,GUNTUR(DISTRICT COLLECTOR GUNTUR_IDA),GUNTUR(DISTRICT COLLECTOR GUNTUR_IDA),Normal/Others,Normal/Others,,,,,"Providing additional Amenities to community hall in BC locality of Anumarlapudi (V) of Pedakakani(M), Guntur District","Providing additional Amenities to community hall in BC locality of Anumarlapudi (V) of Pedakakani(M), Guntur District",,Dr Chandra Sekhar Pemmasani,,GUNTUR,Recommended,1000000,2025-08-10T00:00:00.000Z,219430.0,1000000.0,Recommended,2025-08-10T00:00:00.000Z,2025.0,Lok Sabha,18.0,0.0,True,571993.0,1.0,Community Centers & Halls,Social Infrastructure
223836.0,,Andhra Pradesh,Andhra Pradesh,ANANTAPUR,ANANTAPUR,Ananthapuramu(DISTRICT COLLECTOR ANANTAPUR_IDA),Ananthapuramu(DISTRICT COLLECTOR ANANTAPUR_IDA),Normal/Others,Normal/Others,,,,,"Construction of Community hall at Ambedkar Nagar, 21st Division, Ananthapuramu","Construction of Community hall at Ambedkar Nagar, 21st Division, Ananthapuramu",,AMBICA G LAKSHMINARAYANA VALMIKI,,ANANTAPUR,Recommended,1000000,2025-07-31T00:00:00.000Z,223836.0,1000000.0,Recommended,2025-07-31T00:00:00.000Z,2025.0,Lok Sabha,18.0,0.0,True,408727.0,1.0,Community Centers & Halls,Social Infrastructure
223838.0,,Andhra Pradesh,Andhra Pradesh,ANANTAPUR,ANANTAPUR,Ananthapuramu(DISTRICT COLLECTOR ANANTAPUR_IDA),Ananthapuramu(DISTRICT COLLECTOR ANANTAPUR_IDA),Repair and Renovation,Repair and Renovation,,,,,Completion of Incomplete Community Hall at J.Venkatampalli village of Gummagatta Mandal,Completion of Incomplete Community Hall at J.Venkatampalli village of Gummagatta Mandal,,AMBICA G LAKSHMINARAYANA VALMIKI,,ANANTAPUR,Recommended,1000000,2025-07-31T00:00:00.000Z,223838.0,1000000.0,Recommended,2025-07-31T00:00:00.000Z,2025.0,Lok Sabha,18.0,0.0,True,557347.0,1.0,Community Centers & Halls,Social Infrastructure
223843.0,,Andhra Pradesh,Andhra Pradesh,ANANTAPUR,ANANTAPUR,Ananthapuramu(DISTRICT COLLECTOR ANANTAPUR_IDA),Ananthapuramu(DISTRICT COLLECTOR ANANTAPUR_IDA),Normal/Others,Normal/Others,,,,,Construction of Community Hall at Indiramma colony Sy.No. 358-1 at Garladinne Village and Mandal,Construction of Community Hall at Indiramma colony Sy.No. 358-1 at Garladinne Village and Mandal,,AMBICA G LAKSHMINARAYANA VALMIKI,,ANANTAPUR,Recommended,1000000,2025-07-31T00:00:00.000Z,223843.0,1000000.0,Recommended,2025-07-31T00:00:00.000Z,2025.0,Lok Sabha,18.0,0.0,True,800000.0,1.0,Community Centers & Halls,Social Infrastructure
223855.0,,Andhra Pradesh,Andhra Pradesh,ANANTAPUR,ANANTAPUR,Ananthapuramu(DISTRICT COLLECTOR ANANTAPUR_IDA),Ananthapuramu(DISTRICT COLLECTOR ANANTAPUR_IDA),Repair and Renovation,Repair and Renovation,,,,,Completion of Incomplete community hall at Sevagad  (V) of Gooty mandal,Completion of Incomplete community hall at Sevagad  (V) of Gooty mandal,,AMBICA G LAKSHMINARAYANA VALMIKI,,ANANTAPUR,Recommended,1000000,2025-07-31T00:00:00.000Z,223855.0,1000000.0,Recommended,2025-07-31T00:00:00.000Z,2025.0,Lok Sabha,18.0,0.0,True,987814.0,1.0,Community Centers & Halls,Social Infrastructure
223858.0,,Andhra Pradesh,Andhra Pradesh,ANANTAPUR,ANANTAPUR,Ananthapuramu(DISTRICT COLLECTOR ANANTAPUR_IDA),Ananthapuramu(DISTRICT COLLECTOR ANANTAPUR_IDA),Repair and Renovation,Repair and Renovation,,,,,"Completion of incomplete community hall Mamudur (V), Gooty mandal","Completion of incomplete community hall Mamudur (V), Gooty mandal",,AMBICA G LAKSHMINARAYANA VALMIKI,,ANANTAPUR,Recommended,500000,2025-07-31T00:00:00.000Z,223858.0,500000.0,Recommended,2025-07-31T00:00:00.000Z,2025.0,Lok Sabha,18.0,0.0,True,500000.0,1.0,Community Centers & Halls,Social Infrastructure
223860.0,,Andhra Pradesh,Andhra Pradesh,ANANTAPUR,ANANTAPUR,Ananthapuramu(DISTRICT COLLECTOR ANANTAPUR_IDA),Ananthapuramu(DISTRICT COLLECTOR ANANTAPUR_IDA),Normal/Others,Normal/Others,,,,,"Construction of Community Hall at Kadiripalli (V), Guntakal (M)","Construction of Community Hall at Kadiripalli (V), Guntakal (M)",,AMBICA G LAKSHMINARAYANA VALMIKI,,ANANTAPUR,Recommended,1000000,2025-07-31T00:00:00.000Z,223860.0,1000000.0,Recommended,2025-07-31T00:00:00.000Z,2025.0,Lok Sabha,18.0,0.0,True,494671.0,1.0,Community Centers & Halls,Social Infrastructure
223864.0,,Andhra Pradesh,Andhra Pradesh,ANANTAPUR,ANANTAPUR,Ananthapuramu(DISTRICT COLLECTOR ANANTAPUR_IDA),Ananthapuramu(DISTRICT COLLECTOR ANANTAPUR_IDA),Normal/Others,Normal/Others,,,,,"Construction of Community Hall near Durgamma Temple in S.C. Colony, Mulakanuru (V), Kambadur","Construction of Community Hall near Durgamma Temple in S.C. Colony, Mulakanuru (V), Kambadur",,AMBICA G LAKSHMINARAYANA VALMIKI,,ANANTAPUR,Recommended,1000000,2025-07-31T00:00:00.000Z,223864.0,1000000.0,Recommended,2025-07-31T00:00:00.000Z,2025.0,Lok Sabha,18.0,0.0,True,658450.0,1.0,Community Centers & Halls,Social Infrastructure
260867.0,,Andhra Pradesh,Andhra Pradesh,SRIKAKULAM,SRIKAKULAM,SRIKAKULAM(District Collector Srikakulam_IDA),SRIKAKULAM(District Collector Srikakulam_IDA),Normal/Others,Normal/Others,,,,,Construction of community hall in Allada village of Jalumuru mandal,Construction of community hall in Allada village of Jalumuru mandal,,Kinjarapu Ram Mohan Naidu,,SRIKAKULAM,Recommended,1100000,2026-01-21T00:00:00.000Z,260867.0,1100000.0,Recommended,2026-01-21T00:00:00.000Z,2026.0,Lok Sabha,18.0,0.0,False,0.0,0.0,Community Centers & Halls,Social Infrastructure
223868.0,,Andhra Pradesh,Andhra Pradesh,ANANTAPUR,ANANTAPUR,Ananthapuramu(DISTRICT COLLECTOR ANANTAPUR_IDA),Ananthapuramu(DISTRICT COLLECTOR ANANTAPUR_IDA),Normal/Others,Normal/Others,,,,,Construction of Community hall at 23rd ward at Kalyandurg,Construction of Community hall at 23rd ward at Kalyandurg,,AMBICA G LAKSHMINARAYANA VALMIKI,,ANANTAPUR,Recommended,500000,2025-07-31T00:00:00.000Z,223868.0,500000.0,Recommended,2025-07-31T00:00:00.000Z,2025.0,Lok Sabha,18.0,0.0,False,0.0,0.0,Community Centers & Halls,Social Infrastructure
260509.0,,Andaman And Nicobar Islands,Andaman And Nicobar Islands,ANDAMAN AND NICOBAR ISLANDS,ANDAMAN AND NICOBAR ISLANDS,SOUTH ANDAMANS(Implementing District Authority(SA)),SOUTH ANDAMANS(Implementing District Authority(SA)),Normal/Others,Normal/Others,,,,,"Development of Playground with chain link fencing and small stage with pre-fabricated steel roofing at Sunder Colony, Ward No.2, SVP","Development of Playground with chain link fencing and small stage with pre-fabricated steel roofing at Sunder Colony, Ward No.2, SVP",,BISHNU PADA RAY,,ANDAMAN AND NICOBAR ISLANDS,Recommended,2000000,2026-01-20T00:00:00.000Z,260509.0,2000000.0,Recommended,2026-01-20T00:00:00.000Z,2026.0,Lok Sabha,18.0,0.0,False,0.0,0.0,Community Centers & Halls,Social Infrastructure
223878.0,,Andhra Pradesh,Andhra Pradesh,ANANTAPUR,ANANTAPUR,Ananthapuramu(DISTRICT COLLECTOR ANANTAPUR_IDA),Ananthapuramu(DISTRICT COLLECTOR ANANTAPUR_IDA),Normal/Others,Normal/Others,,,,,"Construction of Community Hall near masjid in Chandra Babu nagar in Saifulah colony of Rudrampeta (V), Ananthapuramu rural mandal","Construction of Community Hall near masjid in Chandra Babu nagar in Saifulah colony of Rudrampeta (V), Ananthapuramu rural mandal",,AMBICA G LAKSHMINARAYANA VALMIKI,,ANANTAPUR,Recommended,1000000,2025-07-31T00:00:00.000Z,223878.0,1000000.0,Recommended,2025-07-31T00:00:00.000Z,2025.0,Lok Sabha,18.0,0.0,True,1000000.0,2.0,Community Centers & Halls,Social Infrastructure
262089.0,,Andhra Pradesh,Andhra Pradesh,VISAKHAPATNAM,VISAKHAPATNAM,Visakhapatnam(DISTRICT COLLECTOR VISAKHAPATNAM_IDA),Visakhapatnam(DISTRICT COLLECTOR VISAKHAPATNAM_IDA),Normal/Others,Normal/Others,,,,,Construction of semi permanent sheeted mess cum all purpose hall in front of stage full length up to adjacent classrooms. Construction of basketball court.,Construction of semi permanent sheeted mess cum all purpose hall in front of stage full length up to adjacent classrooms. Construction of basketball court.,,Sribharat MathuKumli,,VISAKHAPATNAM,Recommended,1500000,2026-01-27T00:00:00.000Z,262089.0,1500000.0,Recommended,2026-01-27T00:00:00.000Z,2026.0,Lok Sabha,18.0,0.0,True,515965.0,1.0,Community Centers & Halls,Social Infrastructure
263519.0,,Andhra Pradesh,Andhra Pradesh,ELURU,ELURU,Eluru(DISTRICT COLLECTOR ELURU_IDA),Eluru(DISTRICT COLLECTOR ELURU_IDA),Normal/Others,Normal/Others,,,,,Construction of Cycle shed and Providing Basic Amenities to the CSTS Government kalasala Jangareddygudem,Construction of Cycle shed and Providing Basic Amenities to the CSTS Government kalasala Jangareddygudem,,Putta Mahesh Kumar,,ELURU,Recommended,490000,2026-01-31T00:00:00.000Z,263519.0,490000.0,Recommended,2026-01-31T00:00:00.000Z,2026.0,Lok Sabha,18.0,0.0,False,0.0,0.0,Community Centers & Halls,Social Infrastructure
166546.0,,Andhra Pradesh,Andhra Pradesh,GUNTUR,GUNTUR,GUNTUR(DISTRICT COLLECTOR GUNTUR_IDA),GUNTUR(DISTRICT COLLECTOR GUNTUR_IDA),Normal/Others,Normal/Others,,,,,"Providing Amenities to Community Hall in Narakoduru village of Chebrolu Mandal, Guntur District","Providing Amenities to Community Hall in Narakoduru village of Chebrolu Mandal, Guntur District",,Dr Chandra Sekhar Pemmasani,,GUNTUR,Recommended,5000000,2025-01-19T00:00:00.000Z,166546.0,5000000.0,Recommended,2025-01-19T00:00:00.000Z,2025.0,Lok Sabha,18.0,0.0,True,4939780.0,1.0,Community Centers & Halls,Social Infrastructure
267608.0,,Andhra Pradesh,Andhra Pradesh,RAJAMPET,RAJAMPET,CHITTOOR(DISTRICT COLLECTOR CHITTOOR_IDA),CHITTOOR(DISTRICT COLLECTOR CHITTOOR_IDA),Normal/Others,Normal/Others,,,,,Construction of Community Hall at Chinthaparthivaripalli (V) at Kambhamvaripalli G.P,Construction of Community Hall at Chinthaparthivaripalli (V) at Kambhamvaripalli G.P,,Midhun Reddy,,RAJAMPET,Recommended,500000,2026-02-11T00:00:00.000Z,267608.0,500000.0,Recommended,2026-02-11T00:00:00.000Z,2026.0,Lok Sabha,18.0,0.0,False,0.0,0.0,Community Centers & Halls,Social Infrastructure
227328.0,,Andhra Pradesh,Andhra Pradesh,BAPATLA,BAPATLA,Bapatla(DISTRICT COLLECTOR BAPATLA_IDA),Bapatla(DISTRICT COLLECTOR BAPATLA_IDA),Normal/Others,Normal/Others,,,,,"Construction of community hall in Lukkavaripalem of Pedamatlapudi G.P., Nagaram Mandal","Construction of community hall in Lukkavaripalem of Pedamatlapudi G.P., Nagaram Mandal",,Krishna Prasad Tenneti,,BAPATLA,Recommended,1200000,2025-08-16T00:00:00.000Z,227328.0,1200000.0,Recommended,2025-08-16T00:00:00.000Z,2025.0,Lok Sabha,18.0,0.0,False,0.0,0.0,Community Centers & Halls,Social Infrastructure
168682.0,,Andhra Pradesh,Andhra Pradesh,SRIKAKULAM,SRIKAKULAM,SRIKAKULAM(District Collector Srikakulam_IDA),SRIKAKULAM(District Collector Srikakulam_IDA),Normal/Others,Normal/Others,,,,,Construction of Community Hall at Thotavuru Village of Sirimamidi GP of Sompeta mandal,Construction of Community Hall at Thotavuru Village of Sirimamidi GP of Sompeta mandal,,Kinjarapu Ram Mohan Naidu,,SRIKAKULAM,Recommended,500000,2025-01-24T00:00:00.000Z,168682.0,500000.0,Recommended,2025-01-24T00:00:00.000Z,2025.0,Lok Sabha,18.0,0.0,True,277290.0,1.0,Community Centers & Halls,Social Infrastructure
227344.0,,Andhra Pradesh,Andhra Pradesh,HINDUPUR,HINDUPUR,Sri Sathya Sai(DISTRICT COLLECTOR SRI SATHYA SAI_IDA),Sri Sathya Sai(DISTRICT COLLECTOR SRI SATHYA SAI_IDA),Normal/Others,Normal/Others,,,,,"Construction of Community Hall in Sno. 353 in BC Colony 2, Kanaganipalli village mandal","Construction of Community Hall in Sno. 353 in BC Colony 2, Kanaganipalli village mandal",,B K PARTHASARATHI,,HINDUPUR,Recommended,6000000,2025-08-16T00:00:00.000Z,227344.0,6000000.0,Recommended,2025-08-16T00:00:00.000Z,2025.0,Lok Sabha,18.0,0.0,True,2162831.0,1.0,Community Centers & Halls,Social Infrastructure
168892.0,,Andhra Pradesh,Andhra Pradesh,ELURU,ELURU,Eluru(DISTRICT COLLECTOR ELURU_IDA),Eluru(DISTRICT COLLECTOR ELURU_IDA),Normal/Others,Normal/Others,,,,,Construction of Multipurpose Hall at Kothapalli village of Lingapalem Mandal,Construction of Multipurpose Hall at Kothapalli village of Lingapalem Mandal,,Putta Mahesh Kumar,,ELURU,Recommended,1000000,2025-01-25T00:00:00.000Z,168892.0,1000000.0,Recommended,2025-01-25T00:00:00.000Z,2025.0,Lok Sabha,18.0,0.0,False,0.0,0.0,Community Centers & Halls,Social Infrastructure
169342.0,,Andhra Pradesh,Andhra Pradesh,SRIKAKULAM,SRIKAKULAM,SRIKAKULAM(District Collector Srikakulam_IDA),SRIKAKULAM(District Collector Srikakulam_IDA),Normal/Others,Normal/Others,,,,,"Construction of Cremation Shed in Vadada village of Vadada GP, Gara mandal","Construction of Cremation Shed in Vadada village of Vadada GP, Gara mandal",,Kinjarapu Ram Mohan Naidu,,SRIKAKULAM,Recommended,900000,2025-01-27T00:00:00.000Z,169342.0,900000.0,Recommended,2025-01-27T00:00:00.000Z,2025.0,Lok Sabha,18.0,0.0,True,718160.0,1.0,Community Centers & Halls,Social Infrastructure
169477.0,,Andhra Pradesh,Andhra Pradesh,ELURU,ELURU,Eluru(DISTRICT COLLECTOR ELURU_IDA),Eluru(DISTRICT COLLECTOR ELURU_IDA),Normal/Others,Normal/Others,,,,,"Construction of 4Th Floor to existing Multipurpose Hall at Vallurivari Street Powerpeta ,Eluru Municipal Corporation Eluru","Construction of 4Th Floor to existing Multipurpose Hall at Vallurivari Street Powerpeta ,Eluru Municipal Corporation Eluru",,Putta Mahesh Kumar,,ELURU,Recommended,2000000,2025-01-28T00:00:00.000Z,169477.0,2000000.0,Recommended,2025-01-28T00:00:00.000Z,2025.0,Lok Sabha,18.0,0.0,True,1947249.0,1.0,Community Centers & Halls,Social Infrastructure
260509.0,,Andaman And Nicobar Islands,Andaman And Nicobar Islands,ANDAMAN AND NICOBAR ISLANDS,ANDAMAN AND NICOBAR ISLANDS,SOUTH ANDAMANS(Implementing District Authority(SA)),SOUTH ANDAMANS(Implementing District Authority(SA)),Normal/Others,Normal/Others,,,,,"Development of Playground with chain link fencing and small stage with pre-fabricated steel roofing at Sunder Colony, Ward No.2, SVP","Development of Playground with chain link fencing and small stage with pre-fabricated steel roofing at Sunder Colony, Ward No.2, SVP",,BISHNU PADA RAY,,ANDAMAN AND NICOBAR ISLANDS,Recommended,2000000,2026-01-20T00:00:00.000Z,260509.0,2000000.0,Recommended,2026-01-20T00:00:00.000Z,2026.0,Lok Sabha,18.0,0.0,False,0.0,0.0,Community Centers & Halls,Social Infrastructure
169793.0,,Andhra Pradesh,Andhra Pradesh,SRIKAKULAM,SRIKAKULAM,SRIKAKULAM(District Collector Srikakulam_IDA),SRIKAKULAM(District Collector Srikakulam_IDA),Normal/Others,Normal/Others,,,,,Construction of Rooms and Halls in the existing Public and Community Buildings at Bus Stand in Kotabommali village of Kotabommali mandal,Construction of Rooms and Halls in the existing Public and Community Buildings at Bus Stand in Kotabommali village of Kotabommali mandal,,Kinjarapu Ram Mohan Naidu,,SRIKAKULAM,Recommended,2000000,2025-01-29T00:00:00.000Z,169793.0,2000000.0,Recommended,2025-01-29T00:00:00.000Z,2025.0,Lok Sabha,18.0,0.0,True,766593.0,1.0,Community Centers & Halls,Social Infrastructure
169799.0,,Andhra Pradesh,Andhra Pradesh,SRIKAKULAM,SRIKAKULAM,SRIKAKULAM(District Collector Srikakulam_IDA),SRIKAKULAM(District Collector Srikakulam_IDA),Normal/Others,Normal/Others,,,,,Construction of Community Hall at Lakkavaram village of Palasapuram GP of Sompeta mandal.,Construction of Community Hall at Lakkavaram village of Palasapuram GP of Sompeta mandal.,,Kinjarapu Ram Mohan Naidu,,SRIKAKULAM,Recommended,500000,2025-01-29T00:00:00.000Z,169799.0,500000.0,Recommended,2025-01-29T00:00:00.000Z,2025.0,Lok Sabha,18.0,0.0,False,0.0,0.0,Community Centers & Halls,Social Infrastructure
272155.0,,Andhra Pradesh,Andhra Pradesh,RAJAMPET,RAJAMPET,Annamayya(DISTRICT COLLECTOR ANNAMAYYA_IDA),Annamayya(DISTRICT COLLECTOR ANNAMAYYA_IDA),Normal/Others,Normal/Others,,,,,"Improvements to Existing Reddy Sangham Community Bhavan in Papireddipalli Village, Ankisettipalli GP","Improvements to Existing Reddy Sangham Community Bhavan in Papireddipalli Village, Ankisettipalli GP",,Midhun Reddy,,RAJAMPET,Recommended,500000,2026-03-06T00:00:00.000Z,272155.0,500000.0,Recommended,2026-03-06T00:00:00.000Z,2026.0,Lok Sabha,18.0,0.0,False,0.0,0.0,Community Centers & Halls,Social Infrastructure
232260.0,,Andhra Pradesh,Andhra Pradesh,RAJAHMUNDRY,RAJAHMUNDRY,"EAST GODAVARI(DISTRICT COLLECTOR, EAST GODAVARI)","EAST GODAVARI(DISTRICT COLLECTOR, EAST GODAVARI)",Normal/Others,Normal/Others,,,,,Construction of additional infrastructure at Phule Ambedkar Bhavan in the Municipal Corporation of Rajamahendravaram,Construction of additional infrastructure at Phule Ambedkar Bhavan in the Municipal Corporation of Rajamahendravaram,,Daggubati Purandeshwari,,RAJAHMUNDRY,Recommended,5000000,2025-09-23T00:00:00.000Z,232260.0,5000000.0,Recommended,2025-09-23T00:00:00.000Z,2025.0,Lok Sabha,18.0,0.0,False,0.0,0.0,Community Centers & Halls,Social Infrastructure
273575.0,,Andhra Pradesh,Andhra Pradesh,VIJAYAWADA,VIJAYAWADA,NTR(DISTRICT COLLECTOR NTR_IDA),NTR(DISTRICT COLLECTOR NTR_IDA),Repair and Renovation,Repair and Renovation,,,,,"construction of MS Grills, placing of Glass interior, celing decor, floor, and wall tiles at community hall","construction of MS Grills, placing of Glass interior, celing decor, floor, and wall tiles at community hall",,Sivanath Kesineni,,VIJAYAWADA,Recommended,1869000,2026-03-11T00:00:00.000Z,273575.0,1869000.0,Recommended,2026-03-11T00:00:00.000Z,2026.0,Lok Sabha,18.0,0.0,False,0.0,0.0,Community Centers & Halls,Social Infrastructure
260509.0,,Andaman And Nicobar Islands,Andaman And Nicobar Islands,ANDAMAN AND NICOBAR ISLANDS,ANDAMAN AND NICOBAR ISLANDS,SOUTH ANDAMANS(Implementing District Authority(SA)),SOUTH ANDAMANS(Implementing District Authority(SA)),Normal/Others,Normal/Others,,,,,"Development of Playground with chain link fencing and small stage with pre-fabricated steel roofing at Sunder Colony, Ward No.2, SVP","Development of Playground with chain link fencing and small stage with pre-fabricated steel roofing at Sunder Colony, Ward No.2, SVP",,BISHNU PADA RAY,,ANDAMAN AND NICOBAR ISLANDS,Recommended,2000000,2026-01-20T00:00:00.000Z,260509.0,2000000.0,Recommended,2026-01-20T00:00:00.000Z,2026.0,Lok Sabha,18.0,0.0,False,0.0,0.0,Community Centers & Halls,Social Infrastructure
176288.0,,Andhra Pradesh,Andhra Pradesh,VIZIANAGARAM,VIZIANAGARAM,VIZIANAGARAM(DISTRICT COLLECTOR VIZIANAGARAM_IDA),VIZIANAGARAM(DISTRICT COLLECTOR VIZIANAGARAM_IDA),Normal/Others,Normal/Others,,,,,Construction of Community Hall in Kondarajupalem Village Covered in Kongavanipalem Revenue Village of Bhogapuram Mandal,Construction of Community Hall in Kondarajupalem Village Covered in Kongavanipalem Revenue Village of Bhogapuram Mandal,,Appalanaidu Kalisetti,,VIZIANAGARAM,Recommended,1200000,2025-02-18T00:00:00.000Z,176288.0,1200000.0,Recommended,2025-02-18T00:00:00.000Z,2025.0,Lok Sabha,18.0,0.0,False,0.0,0.0,Community Centers & Halls,Social Infrastructure
157138.0,,Andhra Pradesh,Andhra Pradesh,HINDUPUR,HINDUPUR,Sri Sathya Sai(DISTRICT COLLECTOR SRI SATHYA SAI_IDA),Sri Sathya Sai(DISTRICT COLLECTOR SRI SATHYA SAI_IDA),Normal/Others,Normal/Others,,,,,construction of community hall at Survey No. 294-2 of Parigi village,construction of community hall at Survey No. 294-2 of Parigi village,,B K PARTHASARATHI,,HINDUPUR,Recommended,8000000,2024-12-06T00:00:00.000Z,157138.0,8000000.0,Recommended,2024-12-06T00:00:00.000Z,2024.0,Lok Sabha,18.0,0.0,True,5892449.0,2.0,Community Centers & Halls,Social Infrastructure
275784.0,,Andhra Pradesh,Andhra Pradesh,ANANTAPUR,ANANTAPUR,Ananthapuramu(DISTRICT COLLECTOR ANANTAPUR_IDA),Ananthapuramu(DISTRICT COLLECTOR ANANTAPUR_IDA),Normal/Others,Normal/Others,,,,,"Construction of Community Hall at Dosaledu (V), Putlur Mandal","Construction of Community Hall at Dosaledu (V), Putlur Mandal",,AMBICA G LAKSHMINARAYANA VALMIKI,,ANANTAPUR,Recommended,1000000,2026-03-28T00:00:00.000Z,275784.0,1000000.0,Recommended,2026-03-28T00:00:00.000Z,2026.0,Lok Sabha,18.0,0.0,False,0.0,0.0,Community Centers & Halls,Social Infrastructure
175559.0,,Andaman And Nicobar Islands,Andaman And Nicobar Islands,ANDAMAN AND NICOBAR ISLANDS,ANDAMAN AND NICOBAR ISLANDS,SOUTH ANDAMANS(Implementing District Authority(SA)),SOUTH ANDAMANS(Implementing District Authority(SA)),Normal/Others,Normal/Others,,,,,"Extension of Multipurpse Hall at Nayagaon near Juvenile Home, Port Blair","Extension of Multipurpse Hall at Nayagaon near Juvenile Home, Port Blair",,BISHNU PADA RAY,,ANDAMAN AND NICOBAR ISLANDS,Recommended,976436,2025-02-14T00:00:00.000Z,175559.0,976436.0,Recommended,2025-02-14T00:00:00.000Z,2025.0,Lok Sabha,18.0,0.0,True,730885.0,1.0,Community Centers & Halls,Social Infrastructure
179124.0,,Andhra Pradesh,Andhra Pradesh,RAJAHMUNDRY,RAJAHMUNDRY,"EAST GODAVARI(DISTRICT COLLECTOR, EAST GODAVARI)","EAST GODAVARI(DISTRICT COLLECTOR, EAST GODAVARI)",Normal/Others,Normal/Others,,,,,Construction of additional infrastructure at Phule Ambedkar Bhavan in the Municipal Corporation of Rajamahendravaram,Construction of additional infrastructure at Phule Ambedkar Bhavan in the Municipal Corporation of Rajamahendravaram,,Daggubati Purandeshwari,,RAJAHMUNDRY,Recommended,8000000,2025-03-12T00:00:00.000Z,179124.0,8000000.0,Recommended,2025-03-12T00:00:00.000Z,2025.0,Lok Sabha,18.0,0.0,False,0.0,0.0,Community Centers & Halls,Social Infrastructure
157510.0,,Andhra Pradesh,Andhra Pradesh,ANANTAPUR,ANANTAPUR,Ananthapuramu(DISTRICT COLLECTOR ANANTAPUR_IDA),Ananthapuramu(DISTRICT COLLECTOR ANANTAPUR_IDA),Normal/Others,Normal/Others,,,,,Construction of SC Community Hall in Kothapalli village of Kambadur Mandal,Construction of SC Community Hall in Kothapalli village of Kambadur Mandal,,AMBICA G LAKSHMINARAYANA VALMIKI,,ANANTAPUR,Recommended,1000000,2024-12-09T00:00:00.000Z,157510.0,1000000.0,Recommended,2024-12-09T00:00:00.000Z,2024.0,Lok Sabha,18.0,0.0,False,0.0,0.0,Community Centers & Halls,Social Infrastructure
276503.0,,Andhra Pradesh,Andhra Pradesh,ANANTAPUR,ANANTAPUR,Sri Sathya Sai(DISTRICT COLLECTOR SRI SATHYA SAI_IDA),Sri Sathya Sai(DISTRICT COLLECTOR SRI SATHYA SAI_IDA),Normal/Others,Normal/Others,,,,,"Construction of Community hall valmiki circle, 18th Ward, Hindupur","Construction of Community hall valmiki circle, 18th Ward, Hindupur",,AMBICA G LAKSHMINARAYANA VALMIKI,,ANANTAPUR,Recommended,2600000,2026-03-28T00:00:00.000Z,276503.0,2600000.0,Recommended,2026-03-28T00:00:00.000Z,2026.0,Lok Sabha,18.0,0.0,False,0.0,0.0,Community Centers & Halls,Social Infrastructure
238232.0,,Andhra Pradesh,Andhra Pradesh,HINDUPUR,HINDUPUR,Sri Sathya Sai(DISTRICT COLLECTOR SRI SATHYA SAI_IDA),Sri Sathya Sai(DISTRICT COLLECTOR SRI SATHYA SAI_IDA),Normal/Others,Normal/Others,,,,,Construction of Community Hall in S No. 312 at Garimekalapalli of Motaruchinthapalli GP of Ramagiri mandal,Construction of Community Hall in S No. 312 at Garimekalapalli of Motaruchinthapalli GP of Ramagiri mandal,,B K PARTHASARATHI,,HINDUPUR,Recommended,1200000,2025-09-26T00:00:00.000Z,238232.0,1200000.0,Recommended,2025-09-26T00:00:00.000Z,2025.0,Lok Sabha,18.0,0.0,False,0.0,0.0,Community Centers & Halls,Social Infrastructure
238906.0,,Andhra Pradesh,Andhra Pradesh,KADAPA,KADAPA,Y.S.R. Kadapa(DISTRICT COLLECTOR CUDDAPAH_IDA),Y.S.R. Kadapa(DISTRICT COLLECTOR CUDDAPAH_IDA),Normal/Others,Normal/Others,,,,,"Providing Shed Near Nuthikona Temple of Ambakapalli Village, Lingala Mandal, YSR District.","Providing Shed Near Nuthikona Temple of Ambakapalli Village, Lingala Mandal, YSR District.",,Y S Avinash Reddy,,KADAPA,Recommended,250000,2025-10-23T00:00:00.000Z,238906.0,250000.0,Recommended,2025-10-23T00:00:00.000Z,2025.0,Lok Sabha,18.0,0.0,False,0.0,0.0,Community Centers & Halls,Social Infrastructure
277368.0,,Andhra Pradesh,Andhra Pradesh,NARASAPURAM,NARASAPURAM,WEST GODAVARI(DISTRICT COLLECTOR WEST GODAVARI_IDA),WEST GODAVARI(DISTRICT COLLECTOR WEST GODAVARI_IDA),Normal/Others,Normal/Others,,,,,Construction of Multipurpose Community Hall at Bhaggeswaram Village in Palacole Mandal,Construction of Multipurpose Community Hall at Bhaggeswaram Village in Palacole Mandal,,Bhupathiraju Srinivasa varma,,NARASAPURAM,Recommended,12000000,2026-04-09T00:00:00.000Z,277368.0,12000000.0,Recommended,2026-04-09T00:00:00.000Z,2026.0,Lok Sabha,18.0,0.0,False,0.0,0.0,Community Centers & Halls,Social Infrastructure
182164.0,,Andhra Pradesh,Andhra Pradesh,KAKINADA,KAKINADA,Kakinada(DISTRICT COLLECTOR KAKINADA_IDA),Kakinada(DISTRICT COLLECTOR KAKINADA_IDA),Normal/Others,Normal/Others,,,,,Construction of Community Hall at 28th Ward,Construction of Community Hall at 28th Ward,,TANGELLA UDAY SRINIVAS,,KAKINADA,Recommended,2000000,2025-03-15T00:00:00.000Z,182164.0,2000000.0,Recommended,2025-03-15T00:00:00.000Z,2025.0,Lok Sabha,18.0,0.0,True,1664113.0,1.0,Community Centers & Halls,Social Infrastructure
182167.0,,Andhra Pradesh,Andhra Pradesh,KAKINADA,KAKINADA,Kakinada(DISTRICT COLLECTOR KAKINADA_IDA),Kakinada(DISTRICT COLLECTOR KAKINADA_IDA),Normal/Others,Normal/Others,,,,,Construction of Market shed at 6th ward,Construction of Market shed at 6th ward,,TANGELLA UDAY SRINIVAS,,KAKINADA,Recommended,500000,2025-03-15T00:00:00.000Z,182167.0,500000.0,Recommended,2025-03-15T00:00:00.000Z,2025.0,Lok Sabha,18.0,0.0,False,0.0,0.0,Community Centers & Halls,Social Infrastructure
278184.0,,Andhra Pradesh,Andhra Pradesh,VISAKHAPATNAM,VISAKHAPATNAM,Visakhapatnam(DISTRICT COLLECTOR VISAKHAPATNAM_IDA),Visakhapatnam(DISTRICT COLLECTOR VISAKHAPATNAM_IDA),Normal/Others,Normal/Others,,,,,"Completion of stage with RCC roof and allied works, and development of playground with Basketball court and Badminton court  with standard specifications, complete in all respects.","Completion of stage with RCC roof and allied works, and development of playground with Basketball court and Badminton court  with standard specifications, complete in all respects.",,Sribharat MathuKumli,,VISAKHAPATNAM,Recommended,1700000,2026-04-14T00:00:00.000Z,278184.0,1700000.0,Recommended,2026-04-14T00:00:00.000Z,2026.0,Lok Sabha,18.0,0.0,False,0.0,0.0,Community Centers & Halls,Social Infrastructure
240939.0,,Andhra Pradesh,Andhra Pradesh,NELLORE,NELLORE,Sri Potti Sriramulu Nellore(DISTRICT COLLECTOR NELLORE_IDA),Sri Potti Sriramulu Nellore(DISTRICT COLLECTOR NELLORE_IDA),Normal/Others,Normal/Others,,,,,Construction of a community toilets block at Duttalur Centre Bus stand in Duttalur Village and Mandal,Construction of a community toilets block at Duttalur Centre Bus stand in Duttalur Village and Mandal,,PRABHAKAR REDDY VEMIREDDY,,NELLORE,Recommended,1900000,2025-10-09T00:00:00.000Z,240939.0,1900000.0,Recommended,2025-10-09T00:00:00.000Z,2025.0,Lok Sabha,18.0,0.0,False,0.0,0.0,Community Centers & Halls,Social Infrastructure
260509.0,,Andaman And Nicobar Islands,Andaman And Nicobar Islands,ANDAMAN AND NICOBAR ISLANDS,ANDAMAN AND NICOBAR ISLANDS,SOUTH ANDAMANS(Implementing District Authority(SA)),SOUTH ANDAMANS(Implementing District Authority(SA)),Normal/Others,Normal/Others,,,,,"Development of Playground with chain link fencing and small stage with pre-fabricated steel roofing at Sunder Colony, Ward No.2, SVP","Development of Playground with chain link fencing and small stage with pre-fabricated steel roofing at Sunder Colony, Ward No.2, SVP",,BISHNU PADA RAY,,ANDAMAN AND NICOBAR ISLANDS,Recommended,2000000,2026-01-20T00:00:00.000Z,260509.0,2000000.0,Recommended,2026-01-20T00:00:00.000Z,2026.0,Lok Sabha,18.0,0.0,False,0.0,0.0,Community Centers & Halls,Social Infrastructure
279007.0,,Andhra Pradesh,Andhra Pradesh,KADAPA,KADAPA,Y.S.R. Kadapa(DISTRICT COLLECTOR CUDDAPAH_IDA),Y.S.R. Kadapa(DISTRICT COLLECTOR CUDDAPAH_IDA),Normal/Others,Normal/Others,,,,,"Construction of Community Hall in Teleki Village, Simhadripuram mandal","Construction of Community Hall in Teleki Village, Simhadripuram mandal",,Y S Avinash Reddy,,KADAPA,Recommended,450000,2026-04-26T00:00:00.000Z,279007.0,450000.0,Recommended,2026-04-26T00:00:00.000Z,2026.0,Lok Sabha,18.0,0.0,False,0.0,0.0,Community Centers & Halls,Social Infrastructure
279131.0,,Andhra Pradesh,Andhra Pradesh,KURNOOL,KURNOOL,KURNOOL(DISTRICT COLLECTOR KURNOOL_IDA),KURNOOL(DISTRICT COLLECTOR KURNOOL_IDA),Normal/Others,Normal/Others,,,,,Construction of Multi Purpose Community Hall near Ramjala Dhobi ghat at Adoni Town of Kurnool District,Construction of Multi Purpose Community Hall near Ramjala Dhobi ghat at Adoni Town of Kurnool District,,BASTIPATI NAGARAJU PANCHALINGALA,,KURNOOL,Recommended,1500000,2026-04-27T00:00:00.000Z,279131.0,1500000.0,Recommended,2026-04-27T00:00:00.000Z,2026.0,Lok Sabha,18.0,0.0,False,0.0,0.0,Community Centers & Halls,Social Infrastructure
280118.0,,Andhra Pradesh,Andhra Pradesh,ANANTAPUR,ANANTAPUR,Ananthapuramu(DISTRICT COLLECTOR ANANTAPUR_IDA),Ananthapuramu(DISTRICT COLLECTOR ANANTAPUR_IDA),Repair and Renovation,Repair and Renovation,,,,,Providing Roof Slab at Community hall Old Town SKD Nagar Anantapur,Providing Roof Slab at Community hall Old Town SKD Nagar Anantapur,,AMBICA G LAKSHMINARAYANA VALMIKI,,ANANTAPUR,Recommended,1450000,2026-05-11T00:00:00.000Z,280118.0,1450000.0,Recommended,2026-05-11T00:00:00.000Z,2026.0,Lok Sabha,18.0,0.0,False,0.0,0.0,Community Centers & Halls,Social Infrastructure
242290.0,,Andhra Pradesh,Andhra Pradesh,ELURU,ELURU,Eluru(DISTRICT COLLECTOR ELURU_IDA),Eluru(DISTRICT COLLECTOR ELURU_IDA),Normal/Others,Normal/Others,,,,,Construction of additional accommodation to existing multipurpose hall near yadava krishna temple in Dwaraka Tirumala Village of Dwaraka Tirumala Mandal,Construction of additional accommodation to existing multipurpose hall near yadava krishna temple in Dwaraka Tirumala Village of Dwaraka Tirumala Mandal,,Putta Mahesh Kumar,,ELURU,Recommended,4900000,2025-10-17T00:00:00.000Z,242290.0,4900000.0,Recommended,2025-10-17T00:00:00.000Z,2025.0,Lok Sabha,18.0,0.0,False,0.0,0.0,Community Centers & Halls,Social Infrastructure
282392.0,,Andhra Pradesh,Andhra Pradesh,KADAPA,KADAPA,Y.S.R. Kadapa(DISTRICT COLLECTOR CUDDAPAH_IDA),Y.S.R. Kadapa(DISTRICT COLLECTOR CUDDAPAH_IDA),Normal/Others,Normal/Others,,,,,Construction of Mini Community Hall at K.Velamavaripalli of 13th ward Pulivendula Municipality,Construction of Mini Community Hall at K.Velamavaripalli of 13th ward Pulivendula Municipality,,Y S Avinash Reddy,,KADAPA,Recommended,499000,2026-05-20T00:00:00.000Z,282392.0,499000.0,Recommended,2026-05-20T00:00:00.000Z,2026.0,Lok Sabha,18.0,0.0,False,0.0,0.0,Community Centers & Halls,Social Infrastructure
242942.0,,Andhra Pradesh,Andhra Pradesh,CHITTOOR,CHITTOOR,CHITTOOR(DISTRICT COLLECTOR CHITTOOR_IDA),CHITTOOR(DISTRICT COLLECTOR CHITTOOR_IDA),Normal/Others,Normal/Others,,,,,Construction of Burning Shed in Burial Ground at Maddulaihgaripalle HW of Baitapalle GP of Puthalapattu Mandal,Construction of Burning Shed in Burial Ground at Maddulaihgaripalle HW of Baitapalle GP of Puthalapattu Mandal,,DAGGUMALLA PRASADA RAO,,CHITTOOR,Recommended,500000,2025-10-24T00:00:00.000Z,242942.0,500000.0,Recommended,2025-10-24T00:00:00.000Z,2025.0,Lok Sabha,18.0,0.0,False,0.0,0.0,Community Centers & Halls,Social Infrastructure
260509.0,,Andaman And Nicobar Islands,Andaman And Nicobar Islands,ANDAMAN AND NICOBAR ISLANDS,ANDAMAN AND NICOBAR ISLANDS,SOUTH ANDAMANS(Implementing District Authority(SA)),SOUTH ANDAMANS(Implementing District Authority(SA)),Normal/Others,Normal/Others,,,,,"Development of Playground with chain link fencing and small stage with pre-fabricated steel roofing at Sunder Colony, Ward No.2, SVP","Development of Playground with chain link fencing and small stage with pre-fabricated steel roofing at Sunder Colony, Ward No.2, SVP",,BISHNU PADA RAY,,ANDAMAN AND NICOBAR ISLANDS,Recommended,2000000,2026-01-20T00:00:00.000Z,260509.0,2000000.0,Recommended,2026-01-20T00:00:00.000Z,2026.0,Lok Sabha,18.0,0.0,False,0.0,0.0,Community Centers & Halls,Social Infrastructure
242998.0,,Andhra Pradesh,Andhra Pradesh,AMALAPURAM,AMALAPURAM,Dr. B.R. Ambedkar Konaseema(DISTRICT COLLECTOR Dr B R AMBEDKAR KONASEEMA_IDA),Dr. B.R. Ambedkar Konaseema(DISTRICT COLLECTOR Dr B R AMBEDKAR KONASEEMA_IDA),Normal/Others,Normal/Others,,,,,PROVIDING CREMATION SHED NEAR KANAKA DURGA TEMPLE IN S MOOLAPOLAM VILLAGE OF AINAVILLI MANDAL,PROVIDING CREMATION SHED NEAR KANAKA DURGA TEMPLE IN S MOOLAPOLAM VILLAGE OF AINAVILLI MANDAL,,GM Harish Balayogi,,AMALAPURAM,Recommended,500000,2025-10-19T00:00:00.000Z,242998.0,500000.0,Recommended,2025-10-19T00:00:00.000Z,2025.0,Lok Sabha,18.0,0.0,False,0.0,0.0,Community Centers & Halls,Social Infrastructure
283318.0,,Andhra Pradesh,Andhra Pradesh,ANANTAPUR,ANANTAPUR,Ananthapuramu(DISTRICT COLLECTOR ANANTAPUR_IDA),Ananthapuramu(DISTRICT COLLECTOR ANANTAPUR_IDA),Normal/Others,Normal/Others,,,,,Construction of Community Hall Near NTR Anna Canteen at B.K.Samudram (V) and (M),Construction of Community Hall Near NTR Anna Canteen at B.K.Samudram (V) and (M),,AMBICA G LAKSHMINARAYANA VALMIKI,,ANANTAPUR,Recommended,1000000,2026-05-27T00:00:00.000Z,283318.0,1000000.0,Recommended,2026-05-27T00:00:00.000Z,2026.0,Lok Sabha,18.0,0.0,False,0.0,0.0,Community Centers & Halls,Social Infrastructure
243310.0,,Andhra Pradesh,Andhra Pradesh,ELURU,ELURU,Eluru(DISTRICT COLLECTOR ELURU_IDA),Eluru(DISTRICT COLLECTOR ELURU_IDA),Normal/Others,Normal/Others,,,,,Construction of Multi Purpose hall at Velamapeta in Jalipudi Village of Eluru Mandal,Construction of Multi Purpose hall at Velamapeta in Jalipudi Village of Eluru Mandal,,Putta Mahesh Kumar,,ELURU,Recommended,2000000,2025-10-23T00:00:00.000Z,243310.0,2000000.0,Recommended,2025-10-23T00:00:00.000Z,2025.0,Lok Sabha,18.0,0.0,False,0.0,0.0,Community Centers & Halls,Social Infrastructure
243433.0,,Andhra Pradesh,Andhra Pradesh,ELURU,ELURU,Eluru(DISTRICT COLLECTOR ELURU_IDA),Eluru(DISTRICT COLLECTOR ELURU_IDA),Normal/Others,Normal/Others,,,,,Construction of Multi Purpose Hall at Pulaparru Village of Mandavalli Mandal,Construction of Multi Purpose Hall at Pulaparru Village of Mandavalli Mandal,,Putta Mahesh Kumar,,ELURU,Recommended,2500000,2025-10-23T00:00:00.000Z,243433.0,2500000.0,Recommended,2025-10-23T00:00:00.000Z,2025.0,Lok Sabha,18.0,0.0,False,0.0,0.0,Community Centers & Halls,Social Infrastructure
283982.0,,Andhra Pradesh,Andhra Pradesh,ARAKU,ARAKU,Alluri Sitharama Raju(DISTRICT COLLECTOR ALLURI SITHARAMARAJU_IDA),Alluri Sitharama Raju(DISTRICT COLLECTOR ALLURI SITHARAMARAJU_IDA),Normal/Others,Normal/Others,,,,,Construction of Community Hall near Dharalamma temple at Darakonda village G K Veedhi Mandal ASR dt,Construction of Community Hall near Dharalamma temple at Darakonda village G K Veedhi Mandal ASR dt,,Gumma Thanuja Rani,,ARAKU,Recommended,2200000,2026-05-26T00:00:00.000Z,283982.0,2200000.0,Recommended,2026-05-26T00:00:00.000Z,2026.0,Lok Sabha,18.0,0.0,False,0.0,0.0,Community Centers & Halls,Social Infrastructure
243946.0,,Andhra Pradesh,Andhra Pradesh,CHITTOOR,CHITTOOR,CHITTOOR(DISTRICT COLLECTOR CHITTOOR_IDA),CHITTOOR(DISTRICT COLLECTOR CHITTOOR_IDA),Normal/Others,Normal/Others,,,,,"Construction of New Kitchen Shed to ZPHS Keeramanda at Keeramanda GP, Bangarupalem Mandal.","Construction of New Kitchen Shed to ZPHS Keeramanda at Keeramanda GP, Bangarupalem Mandal.",,DAGGUMALLA PRASADA RAO,,CHITTOOR,Recommended,500000,2025-10-25T00:00:00.000Z,243946.0,500000.0,Recommended,2025-10-25T00:00:00.000Z,2025.0,Lok Sabha,18.0,0.0,True,485697.0,2.0,Community Centers & Halls,Social Infrastructure
244037.0,,Andhra Pradesh,Andhra Pradesh,NARASARAOPET,NARASARAOPET,Palnadu(District Collector Palnadu_IDA),Palnadu(District Collector Palnadu_IDA),Normal/Others,Normal/Others,,,,,"Construction of Pre-fabricated Shed in Kotha Vellampalli H.O. Karalapadu Village, Piduguralla Mandal.","Construction of Pre-fabricated Shed in Kotha Vellampalli H.O. Karalapadu Village, Piduguralla Mandal.",,Lavu Sri Krishna Devarayalu,,NARASARAOPET,Recommended,197500,2025-10-27T00:00:00.000Z,244037.0,197500.0,Recommended,2025-10-27T00:00:00.000Z,2025.0,Lok Sabha,18.0,0.0,False,0.0,0.0,Community Centers & Halls,Social Infrastructure
244041.0,,Andhra Pradesh,Andhra Pradesh,NARASARAOPET,NARASARAOPET,Palnadu(District Collector Palnadu_IDA),Palnadu(District Collector Palnadu_IDA),Normal/Others,Normal/Others,,,,,"Construction of Pre-fabricated Shed in Janardhanapuram HO Madugula Village, Gurazala Mandal.","Construction of Pre-fabricated Shed in Janardhanapuram HO Madugula Village, Gurazala Mandal.",,Lavu Sri Krishna Devarayalu,,NARASARAOPET,Recommended,197500,2025-10-27T00:00:00.000Z,244041.0,197500.0,Recommended,2025-10-27T00:00:00.000Z,2025.0,Lok Sabha,18.0,0.0,False,0.0,0.0,Community Centers & Halls,Social Infrastructure
194505.0,,Andhra Pradesh,Andhra Pradesh,RAJAHMUNDRY,RAJAHMUNDRY,"EAST GODAVARI(DISTRICT COLLECTOR, EAST GODAVARI)","EAST GODAVARI(DISTRICT COLLECTOR, EAST GODAVARI)",Normal/Others,Normal/Others,,,,,Construction of BC Community Hall at D.Muppavaram Village,Construction of BC Community Hall at D.Muppavaram Village,,Daggubati Purandeshwari,,RAJAHMUNDRY,Recommended,2500000,2025-05-09T00:00:00.000Z,194505.0,2500000.0,Recommended,2025-05-09T00:00:00.000Z,2025.0,Lok Sabha,18.0,0.0,False,0.0,0.0,Community Centers & Halls,Social Infrastructure
161333.0,,Andhra Pradesh,Andhra Pradesh,ARAKU,ARAKU,Alluri Sitharama Raju(DISTRICT COLLECTOR ALLURI SITHARAMARAJU_IDA),Alluri Sitharama Raju(DISTRICT COLLECTOR ALLURI SITHARAMARAJU_IDA),Normal/Others,Normal/Others,,,,,Construction of community centers and community halls,Construction of community centers and community halls,,Gumma Thanuja Rani,,ARAKU,Recommended,3000000,2024-12-27T00:00:00.000Z,161333.0,3000000.0,Recommended,2024-12-27T00:00:00.000Z,2024.0,Lok Sabha,18.0,0.0,True,2997212.0,2.0,Community Centers & Halls,Social Infrastructure
260509.0,,Andaman And Nicobar Islands,Andaman And Nicobar Islands,ANDAMAN AND NICOBAR ISLANDS,ANDAMAN AND NICOBAR ISLANDS,SOUTH ANDAMANS(Implementing District Authority(SA)),SOUTH ANDAMANS(Implementing District Authority(SA)),Normal/Others,Normal/Others,,,,,"Development of Playground with chain link fencing and small stage with pre-fabricated steel roofing at Sunder Colony, Ward No.2, SVP","Development of Playground with chain link fencing and small stage with pre-fabricated steel roofing at Sunder Colony, Ward No.2, SVP",,BISHNU PADA RAY,,ANDAMAN AND NICOBAR ISLANDS,Recommended,2000000,2026-01-20T00:00:00.000Z,260509.0,2000000.0,Recommended,2026-01-20T00:00:00.000Z,2026.0,Lok Sabha,18.0,0.0,False,0.0,0.0,Community Centers & Halls,Social Infrastructure
194517.0,,Andhra Pradesh,Andhra Pradesh,RAJAHMUNDRY,RAJAHMUNDRY,"EAST GODAVARI(DISTRICT COLLECTOR, EAST GODAVARI)","EAST GODAVARI(DISTRICT COLLECTOR, EAST GODAVARI)",Normal/Others,Normal/Others,,,,,Construction of SC Community Hall at Khandavalli Village,Construction of SC Community Hall at Khandavalli Village,,Daggubati Purandeshwari,,RAJAHMUNDRY,Recommended,2000000,2025-05-09T00:00:00.000Z,194517.0,2000000.0,Recommended,2025-05-09T00:00:00.000Z,2025.0,Lok Sabha,18.0,0.0,True,1776408.0,2.0,Community Centers & Halls,Social Infrastructure
1416.0,,Andhra Pradesh,Andhra Pradesh,HINDUPUR,HINDUPUR,Ananthapuramu(DISTRICT COLLECTOR ANANTAPUR_IDA),Ananthapuramu(DISTRICT COLLECTOR ANANTAPUR_IDA),Repair and Renovation,Repair and Renovation,,,,,"Repairs to Community Hall (Kanakadasu Bhavan) near Indiramma colony at Sno. 169-2D, 169-2E. Garudapuram village of Kalyanadurg Mandal of Ananthapuramu district","Repairs to Community Hall (Kanakadasu Bhavan) near Indiramma colony at Sno. 169-2D, 169-2E. Garudapuram village of Kalyanadurg Mandal of Ananthapuramu district",,B K PARTHASARATHI,,HINDUPUR,Recommended,2500000,2025-07-01T00:00:00.000Z,1416.0,2500000.0,Recommended,2025-07-01T00:00:00.000Z,2025.0,Lok Sabha,18.0,0.0,False,0.0,0.0,Community Centers & Halls,Social Infrastructure
245220.0,,Andhra Pradesh,Andhra Pradesh,RAJAMPET,RAJAMPET,Annamayya(DISTRICT COLLECTOR ANNAMAYYA_IDA),Annamayya(DISTRICT COLLECTOR ANNAMAYYA_IDA),Normal/Others,Normal/Others,,,,,"Development works to Existing Community Building Near Sai Baba Temple, Sai Nagar, Valmikipuram GP","Development works to Existing Community Building Near Sai Baba Temple, Sai Nagar, Valmikipuram GP",,Midhun Reddy,,RAJAMPET,Recommended,1500000,2025-10-31T00:00:00.000Z,245220.0,1500000.0,Recommended,2025-10-31T00:00:00.000Z,2025.0,Lok Sabha,18.0,0.0,False,0.0,0.0,Community Centers & Halls,Social Infrastructure
290176.0,,Andhra Pradesh,Andhra Pradesh,RAJAMPET,RAJAMPET,Annamayya(DISTRICT COLLECTOR ANNAMAYYA_IDA),Annamayya(DISTRICT COLLECTOR ANNAMAYYA_IDA),Normal/Others,Normal/Others,,,,,"Construction of Community Hall in Malreddigaripalli, Jaravaripalli GP","Construction of Community Hall in Malreddigaripalli, Jaravaripalli GP",,Midhun Reddy,,RAJAMPET,Recommended,500000,2026-06-30T00:00:00.000Z,290176.0,500000.0,Recommended,2026-06-30T00:00:00.000Z,2026.0,Lok Sabha,18.0,0.0,False,0.0,0.0,Community Centers & Halls,Social Infrastructure
290344.0,,Andhra Pradesh,Andhra Pradesh,RAJAMPET,RAJAMPET,Annamayya(DISTRICT COLLECTOR ANNAMAYYA_IDA),Annamayya(DISTRICT COLLECTOR ANNAMAYYA_IDA),Normal/Others,Normal/Others,,,,,Construction of Community Hall Near Temple in Siddavaram Village and GP,Construction of Community Hall Near Temple in Siddavaram Village and GP,,Midhun Reddy,,RAJAMPET,Recommended,1200000,2026-06-30T00:00:00.000Z,290344.0,1200000.0,Recommended,2026-06-30T00:00:00.000Z,2026.0,Lok Sabha,18.0,0.0,False,0.0,0.0,Community Centers & Halls,Social Infrastructure
292111.0,,Andhra Pradesh,Andhra Pradesh,VIJAYAWADA,VIJAYAWADA,NTR(DISTRICT COLLECTOR NTR_IDA),NTR(DISTRICT COLLECTOR NTR_IDA),Normal/Others,Normal/Others,,,,,providing pre fab shed for patient attendants and extension of shed in front of mch entrance at old government general hospital vijayawada,providing pre fab shed for patient attendants and extension of shed in front of mch entrance at old government general hospital vijayawada,,Sivanath Kesineni,,VIJAYAWADA,Recommended,1550000,2026-07-04T00:00:00.000Z,292111.0,1550000.0,Recommended,2026-07-04T00:00:00.000Z,2026.0,Lok Sabha,18.0,0.0,False,0.0,0.0,Community Centers & Halls,Social Infrastructure
292604.0,,Andhra Pradesh,Andhra Pradesh,SRIKAKULAM,SRIKAKULAM,SRIKAKULAM(District Collector Srikakulam_IDA),SRIKAKULAM(District Collector Srikakulam_IDA),Normal/Others,Normal/Others,,,,,"Construction of community Hall at Kottaveedhi of Bairisarangipuram village, Mandasa mandal","Construction of community Hall at Kottaveedhi of Bairisarangipuram village, Mandasa mandal",,Kinjarapu Ram Mohan Naidu,,SRIKAKULAM,Recommended,500000,2026-07-06T00:00:00.000Z,292604.0,500000.0,Recommended,2026-07-06T00:00:00.000Z,2026.0,Lok Sabha,18.0,0.0,False,0.0,0.0,Community Centers & Halls,Social Infrastructure
292761.0,,Andhra Pradesh,Andhra Pradesh,RAJAMPET,RAJAMPET,Annamayya(DISTRICT COLLECTOR ANNAMAYYA_IDA),Annamayya(DISTRICT COLLECTOR ANNAMAYYA_IDA),Normal/Others,Normal/Others,,,,,Construction of Community Hall Near Ramulavari Temple Gundrevaripalli Village,Construction of Community Hall Near Ramulavari Temple Gundrevaripalli Village,,Midhun Reddy,,RAJAMPET,Recommended,500000,2026-07-07T00:00:00.000Z,292761.0,500000.0,Recommended,2026-07-07T00:00:00.000Z,2026.0,Lok Sabha,18.0,0.0,False,0.0,0.0,Community Centers & Halls,Social Infrastructure
293625.0,,Andhra Pradesh,Andhra Pradesh,ANANTAPUR,ANANTAPUR,Ananthapuramu(DISTRICT COLLECTOR ANANTAPUR_IDA),Ananthapuramu(DISTRICT COLLECTOR ANANTAPUR_IDA),Normal/Others,Normal/Others,,,,,Construction of Community Hall in Kambadur (V) and (M),Construction of Community Hall in Kambadur (V) and (M),,AMBICA G LAKSHMINARAYANA VALMIKI,,ANANTAPUR,Recommended,1500000,2026-07-10T00:00:00.000Z,293625.0,1500000.0,Recommended,2026-07-10T00:00:00.000Z,2026.0,Lok Sabha,18.0,0.0,False,0.0,0.0,Community Centers & Halls,Social Infrastructure
293629.0,,Andhra Pradesh,Andhra Pradesh,ANANTAPUR,ANANTAPUR,Ananthapuramu(DISTRICT COLLECTOR ANANTAPUR_IDA),Ananthapuramu(DISTRICT COLLECTOR ANANTAPUR_IDA),Normal/Others,Normal/Others,,,,,"Construction of Community Hall at Mallipalli (V), Kalyandurg","Construction of Community Hall at Mallipalli (V), Kalyandurg",,AMBICA G LAKSHMINARAYANA VALMIKI,,ANANTAPUR,Recommended,1500000,2026-07-10T00:00:00.000Z,293629.0,1500000.0,Recommended,2026-07-10T00:00:00.000Z,2026.0,Lok Sabha,18.0,0.0,False,0.0,0.0,Community Centers & Halls,Social Infrastructure
293631.0,,Andhra Pradesh,Andhra Pradesh,ANANTAPUR,ANANTAPUR,Ananthapuramu(DISTRICT COLLECTOR ANANTAPUR_IDA),Ananthapuramu(DISTRICT COLLECTOR ANANTAPUR_IDA),Normal/Others,Normal/Others,,,,,"Construction of Community Hall near Shivalayam, Jambugumpala (V), Kundurpi","Construction of Community Hall near Shivalayam, Jambugumpala (V), Kundurpi",,AMBICA G LAKSHMINARAYANA VALMIKI,,ANANTAPUR,Recommended,1500000,2026-07-10T00:00:00.000Z,293631.0,1500000.0,Recommended,2026-07-10T00:00:00.000Z,2026.0,Lok Sabha,18.0,0.0,False,0.0,0.0,Community Centers & Halls,Social Infrastructure
197294.0,,Andhra Pradesh,Andhra Pradesh,KADAPA,KADAPA,Y.S.R. Kadapa(DISTRICT COLLECTOR CUDDAPAH_IDA),Y.S.R. Kadapa(DISTRICT COLLECTOR CUDDAPAH_IDA),Normal/Others,Normal/Others,,,,,"Construction of compound wall for community Hall Near Ramalayam Temple, Vemula Village Mandal, YSR District","Construction of compound wall for community Hall Near Ramalayam Temple, Vemula Village Mandal, YSR District",,Y S Avinash Reddy,,KADAPA,Recommended,497000,2025-05-27T00:00:00.000Z,197294.0,497000.0,Recommended,2025-05-27T00:00:00.000Z,2025.0,Lok Sabha,18.0,0.0,False,0.0,0.0,Community Centers & Halls,Social Infrastructure
260509.0,,Andaman And Nicobar Islands,Andaman And Nicobar Islands,ANDAMAN AND NICOBAR ISLANDS,ANDAMAN AND NICOBAR ISLANDS,SOUTH ANDAMANS(Implementing District Authority(SA)),SOUTH ANDAMANS(Implementing District Authority(SA)),Normal/Others,Normal/Others,,,,,"Development of Playground with chain link fencing and small stage with pre-fabricated steel roofing at Sunder Colony, Ward No.2, SVP","Development of Playground with chain link fencing and small stage with pre-fabricated steel roofing at Sunder Colony, Ward No.2, SVP",,BISHNU PADA RAY,,ANDAMAN AND NICOBAR ISLANDS,Recommended,2000000,2026-01-20T00:00:00.000Z,260509.0,2000000.0,Recommended,2026-01-20T00:00:00.000Z,2026.0,Lok Sabha,18.0,0.0,False,0.0,0.0,Community Centers & Halls,Social Infrastructure
250045.0,,Andhra Pradesh,Andhra Pradesh,NANDYAL,NANDYAL,Nandyal(DISTRICT COLLECTOR NANDYAL_IDA),Nandyal(DISTRICT COLLECTOR NANDYAL_IDA),Normal/Others,Normal/Others,,,,,"Construction of Compound Wall along the South Side of the Mini Meeting Hall and IT Initiatives Cell at the Collectorate own site near Camp Office, Nandyal District.","Construction of Compound Wall along the South Side of the Mini Meeting Hall and IT Initiatives Cell at the Collectorate own site near Camp Office, Nandyal District.",,DR BYREDDY SHABARI,,NANDYAL,Recommended,500000,2025-11-22T00:00:00.000Z,250045.0,500000.0,Recommended,2025-11-22T00:00:00.000Z,2025.0,Lok Sabha,18.0,0.0,True,472832.0,1.0,Community Centers & Halls,Social Infrastructure
250512.0,,Andhra Pradesh,Andhra Pradesh,KURNOOL,KURNOOL,KURNOOL(DISTRICT COLLECTOR KURNOOL_IDA),KURNOOL(DISTRICT COLLECTOR KURNOOL_IDA),Normal/Others,Normal/Others,,,,,"Construction of Community Hall, near Sri Sri Panduranga Swamy Temple at Panchalingala, Kurnool Mandal and Kurnool District","Construction of Community Hall, near Sri Sri Panduranga Swamy Temple at Panchalingala, Kurnool Mandal and Kurnool District",,BASTIPATI NAGARAJU PANCHALINGALA,,KURNOOL,Recommended,2000000,2025-11-25T00:00:00.000Z,250512.0,2000000.0,Recommended,2025-11-25T00:00:00.000Z,2025.0,Lok Sabha,18.0,0.0,False,0.0,0.0,Community Centers & Halls,Social Infrastructure
251296.0,,Andhra Pradesh,Andhra Pradesh,SRIKAKULAM,SRIKAKULAM,SRIKAKULAM(District Collector Srikakulam_IDA),SRIKAKULAM(District Collector Srikakulam_IDA),Normal/Others,Normal/Others,,,,,"Construction of community pial at Irapadu Kottaguda village, Kothuru mandal","Construction of community pial at Irapadu Kottaguda village, Kothuru mandal",,Kinjarapu Ram Mohan Naidu,,SRIKAKULAM,Recommended,350000,2025-11-30T00:00:00.000Z,251296.0,350000.0,Recommended,2025-11-30T00:00:00.000Z,2025.0,Lok Sabha,18.0,0.0,False,0.0,0.0,Community Centers & Halls,Social Infrastructure
297111.0,,Andhra Pradesh,Andhra Pradesh,RAJAMPET,RAJAMPET,Annamayya(DISTRICT COLLECTOR ANNAMAYYA_IDA),Annamayya(DISTRICT COLLECTOR ANNAMAYYA_IDA),Normal/Others,Normal/Others,,,,,Providing Additional Amenities to Community Hall Near Ayyappa Swamy Temple Sudhalavandlapalli,Providing Additional Amenities to Community Hall Near Ayyappa Swamy Temple Sudhalavandlapalli,,Midhun Reddy,,RAJAMPET,Recommended,1000000,2026-07-20T00:00:00.000Z,297111.0,1000000.0,Recommended,2026-07-20T00:00:00.000Z,2026.0,Lok Sabha,18.0,0.0,False,0.0,0.0,Community Centers & Halls,Social Infrastructure
260509.0,,Andaman And Nicobar Islands,Andaman And Nicobar Islands,ANDAMAN AND NICOBAR ISLANDS,ANDAMAN AND NICOBAR ISLANDS,SOUTH ANDAMANS(Implementing District Authority(SA)),SOUTH ANDAMANS(Implementing District Authority(SA)),Normal/Others,Normal/Others,,,,,"Development of Playground with chain link fencing and small stage with pre-fabricated steel roofing at Sunder Colony, Ward No.2, SVP","Development of Playground with chain link fencing and small stage with pre-fabricated steel roofing at Sunder Colony, Ward No.2, SVP",,BISHNU PADA RAY,,ANDAMAN AND NICOBAR ISLANDS,Recommended,2000000,2026-01-20T00:00:00.000Z,260509.0,2000000.0,Recommended,2026-01-20T00:00:00.000Z,2026.0,Lok Sabha,18.0,0.0,False,0.0,0.0,Community Centers & Halls,Social Infrastructure
253884.0,,Andhra Pradesh,Andhra Pradesh,SRIKAKULAM,SRIKAKULAM,SRIKAKULAM(District Collector Srikakulam_IDA),SRIKAKULAM(District Collector Srikakulam_IDA),Normal/Others,Normal/Others,,,,,Construction of community Hall at Jagannadhapuram village of Santhabommali mandal,Construction of community Hall at Jagannadhapuram village of Santhabommali mandal,,Kinjarapu Ram Mohan Naidu,,SRIKAKULAM,Recommended,1000000,2025-12-13T00:00:00.000Z,253884.0,1000000.0,Recommended,2025-12-13T00:00:00.000Z,2025.0,Lok Sabha,18.0,0.0,True,498394.0,1.0,Community Centers & Halls,Social Infrastructure
253889.0,,Andhra Pradesh,Andhra Pradesh,SRIKAKULAM,SRIKAKULAM,SRIKAKULAM(District Collector Srikakulam_IDA),SRIKAKULAM(District Collector Srikakulam_IDA),Normal/Others,Normal/Others,,,,,"Additional Accommodation to existing community Hall at Kesupuram village, of Bantukotturu of Palasa mandal","Additional Accommodation to existing community Hall at Kesupuram village, of Bantukotturu of Palasa mandal",,Kinjarapu Ram Mohan Naidu,,SRIKAKULAM,Recommended,300000,2025-12-13T00:00:00.000Z,253889.0,300000.0,Recommended,2025-12-13T00:00:00.000Z,2025.0,Lok Sabha,18.0,0.0,False,0.0,0.0,Community Centers & Halls,Social Infrastructure
253891.0,,Andhra Pradesh,Andhra Pradesh,SRIKAKULAM,SRIKAKULAM,SRIKAKULAM(District Collector Srikakulam_IDA),SRIKAKULAM(District Collector Srikakulam_IDA),Normal/Others,Normal/Others,,,,,Construction of Community Hall at Pedanchala village of Palasa mandal,Construction of Community Hall at Pedanchala village of Palasa mandal,,Kinjarapu Ram Mohan Naidu,,SRIKAKULAM,Recommended,500000,2025-12-13T00:00:00.000Z,253891.0,500000.0,Recommended,2025-12-13T00:00:00.000Z,2025.0,Lok Sabha,18.0,0.0,False,0.0,0.0,Community Centers & Halls,Social Infrastructure
253893.0,,Andhra Pradesh,Andhra Pradesh,SRIKAKULAM,SRIKAKULAM,SRIKAKULAM(District Collector Srikakulam_IDA),SRIKAKULAM(District Collector Srikakulam_IDA),Normal/Others,Normal/Others,,,,,Construction of Community Hall at  SC Street in Baligam village and GP of Mandasa mandal,Construction of Community Hall at  SC Street in Baligam village and GP of Mandasa mandal,,Kinjarapu Ram Mohan Naidu,,SRIKAKULAM,Recommended,600000,2025-12-13T00:00:00.000Z,253893.0,600000.0,Recommended,2025-12-13T00:00:00.000Z,2025.0,Lok Sabha,18.0,0.0,True,290691.0,1.0,Community Centers & Halls,Social Infrastructure
253895.0,,Andhra Pradesh,Andhra Pradesh,SRIKAKULAM,SRIKAKULAM,SRIKAKULAM(District Collector Srikakulam_IDA),SRIKAKULAM(District Collector Srikakulam_IDA),Normal/Others,Normal/Others,,,,,"Construction of community hall at Srisaina street at Bendi village and GP, V.Kothuru mandal","Construction of community hall at Srisaina street at Bendi village and GP, V.Kothuru mandal",,Kinjarapu Ram Mohan Naidu,,SRIKAKULAM,Recommended,500000,2025-12-13T00:00:00.000Z,253895.0,500000.0,Recommended,2025-12-13T00:00:00.000Z,2025.0,Lok Sabha,18.0,0.0,False,0.0,0.0,Community Centers & Halls,Social Infrastructure
301755.0,,Andhra Pradesh,Andhra Pradesh,VIJAYAWADA,VIJAYAWADA,NTR(DISTRICT COLLECTOR NTR_IDA),NTR(DISTRICT COLLECTOR NTR_IDA),Normal/Others,Normal/Others,,,,,construction of community halls,construction of community halls,,Sivanath Kesineni,,VIJAYAWADA,Recommended,720000,2026-08-06T00:00:00.000Z,301755.0,720000.0,Recommended,2026-08-06T00:00:00.000Z,2026.0,Lok Sabha,18.0,0.0,False,0.0,0.0,Community Centers & Halls,Social Infrastructure
253897.0,,Andhra Pradesh,Andhra Pradesh,SRIKAKULAM,SRIKAKULAM,SRIKAKULAM(District Collector Srikakulam_IDA),SRIKAKULAM(District Collector Srikakulam_IDA),Normal/Others,Normal/Others,,,,,Construction of Shed in Burial Ground at Padmanabhapuram of Palasa  Kasibugga Municipality,Construction of Shed in Burial Ground at Padmanabhapuram of Palasa  Kasibugga Municipality,,Kinjarapu Ram Mohan Naidu,,SRIKAKULAM,Recommended,300000,2025-12-13T00:00:00.000Z,253897.0,300000.0,Recommended,2025-12-13T00:00:00.000Z,2025.0,Lok Sabha,18.0,0.0,False,0.0,0.0,Community Centers & Halls,Social Infrastructure
253909.0,,Andhra Pradesh,Andhra Pradesh,SRIKAKULAM,SRIKAKULAM,SRIKAKULAM(District Collector Srikakulam_IDA),SRIKAKULAM(District Collector Srikakulam_IDA),Normal/Others,Normal/Others,,,,,Construction of community hall at Luggage Auto Union Stand in Ichapuram Municipality,Construction of community hall at Luggage Auto Union Stand in Ichapuram Municipality,,Kinjarapu Ram Mohan Naidu,,SRIKAKULAM,Recommended,500000,2025-12-13T00:00:00.000Z,253909.0,500000.0,Recommended,2025-12-13T00:00:00.000Z,2025.0,Lok Sabha,18.0,0.0,False,0.0,0.0,Community Centers & Halls,Social Infrastructure
253911.0,,Andhra Pradesh,Andhra Pradesh,SRIKAKULAM,SRIKAKULAM,SRIKAKULAM(District Collector Srikakulam_IDA),SRIKAKULAM(District Collector Srikakulam_IDA),Normal/Others,Normal/Others,,,,,Construction of community hall at Tata Magic Union Stand in Ichapuram Municipality,Construction of community hall at Tata Magic Union Stand in Ichapuram Municipality,,Kinjarapu Ram Mohan Naidu,,SRIKAKULAM,Recommended,500000,2025-12-13T00:00:00.000Z,253911.0,500000.0,Recommended,2025-12-13T00:00:00.000Z,2025.0,Lok Sabha,18.0,0.0,False,0.0,0.0,Community Centers & Halls,Social Infrastructure
303017.0,,Andhra Pradesh,Andhra Pradesh,VIJAYAWADA,VIJAYAWADA,NTR(DISTRICT COLLECTOR NTR_IDA),NTR(DISTRICT COLLECTOR NTR_IDA),Normal/Others,Normal/Others,,,,,improvement of bc community hll at back side of ayyappa swami temple in 10th ward tiruvuru nagara panchayat,improvement of bc community hll at back side of ayyappa swami temple in 10th ward tiruvuru nagara panchayat,,Sivanath Kesineni,,VIJAYAWADA,Recommended,1722000,2026-08-11T00:00:00.000Z,303017.0,1722000.0,Recommended,2026-08-11T00:00:00.000Z,2026.0,Lok Sabha,18.0,0.0,False,0.0,0.0,Community Centers & Halls,Social Infrastructure
253917.0,,Andhra Pradesh,Andhra Pradesh,SRIKAKULAM,SRIKAKULAM,SRIKAKULAM(District Collector Srikakulam_IDA),SRIKAKULAM(District Collector Srikakulam_IDA),Normal/Others,Normal/Others,,,,,Construction of community building at B.Thoturu village of Bhirlangi Gp in Ichapuram mandal,Construction of community building at B.Thoturu village of Bhirlangi Gp in Ichapuram mandal,,Kinjarapu Ram Mohan Naidu,,SRIKAKULAM,Recommended,500000,2025-12-13T00:00:00.000Z,253917.0,500000.0,Recommended,2025-12-13T00:00:00.000Z,2025.0,Lok Sabha,18.0,0.0,False,0.0,0.0,Community Centers & Halls,Social Infrastructure
253921.0,,Andhra Pradesh,Andhra Pradesh,SRIKAKULAM,SRIKAKULAM,SRIKAKULAM(District Collector Srikakulam_IDA),SRIKAKULAM(District Collector Srikakulam_IDA),Normal/Others,Normal/Others,,,,,Construction of community hall at DG Puram village and GP of Kanchili mandal,Construction of community hall at DG Puram village and GP of Kanchili mandal,,Kinjarapu Ram Mohan Naidu,,SRIKAKULAM,Recommended,750000,2025-12-13T00:00:00.000Z,253921.0,750000.0,Recommended,2025-12-13T00:00:00.000Z,2025.0,Lok Sabha,18.0,0.0,False,0.0,0.0,Community Centers & Halls,Social Infrastructure
253923.0,,Andhra Pradesh,Andhra Pradesh,SRIKAKULAM,SRIKAKULAM,SRIKAKULAM(District Collector Srikakulam_IDA),SRIKAKULAM(District Collector Srikakulam_IDA),Normal/Others,Normal/Others,,,,,"Construction of community Mandapam at Bhogabeni village and GP, Kanchili mandal","Construction of community Mandapam at Bhogabeni village and GP, Kanchili mandal",,Kinjarapu Ram Mohan Naidu,,SRIKAKULAM,Recommended,500000,2025-12-13T00:00:00.000Z,253923.0,500000.0,Recommended,2025-12-13T00:00:00.000Z,2025.0,Lok Sabha,18.0,0.0,False,0.0,0.0,Community Centers & Halls,Social Infrastructure
207889.0,,Andhra Pradesh,Andhra Pradesh,ONGOLE,ONGOLE,PRAKASAM(DISTRICT COLLECTOR PRAKASAM_IDA),PRAKASAM(DISTRICT COLLECTOR PRAKASAM_IDA),Normal/Others,Normal/Others,,,,,"Providing 1000 LPH Reverse Osmosis Plant with Bore Well, Motor and Shed in Bodapadu Village","Providing 1000 LPH Reverse Osmosis Plant with Bore Well, Motor and Shed in Bodapadu Village",,Magunta Sreenivasulu Reddy,,ONGOLE,Recommended,1200000,2025-06-10T00:00:00.000Z,207889.0,1200000.0,Recommended,2025-06-10T00:00:00.000Z,2025.0,Lok Sabha,18.0,0.0,False,0.0,0.0,Community Centers & Halls,Social Infrastructure
162215.0,,Andhra Pradesh,Andhra Pradesh,HINDUPUR,HINDUPUR,Ananthapuramu(DISTRICT COLLECTOR ANANTAPUR_IDA),Ananthapuramu(DISTRICT COLLECTOR ANANTAPUR_IDA),Normal/Others,Normal/Others,,,,,Construction of community hall in Sno.203 B. Yaleru village Atmakuru (M),Construction of community hall in Sno.203 B. Yaleru village Atmakuru (M),,B K PARTHASARATHI,,HINDUPUR,Recommended,1000000,2024-12-29T00:00:00.000Z,162215.0,1000000.0,Recommended,2024-12-29T00:00:00.000Z,2024.0,Lok Sabha,18.0,0.0,False,0.0,0.0,Community Centers & Halls,Social Infrastructure
260509.0,,Andaman And Nicobar Islands,Andaman And Nicobar Islands,ANDAMAN AND NICOBAR ISLANDS,ANDAMAN AND NICOBAR ISLANDS,SOUTH ANDAMANS(Implementing District Authority(SA)),SOUTH ANDAMANS(Implementing District Authority(SA)),Normal/Others,Normal/Others,,,,,"Development of Playground with chain link fencing and small stage with pre-fabricated steel roofing at Sunder Colony, Ward No.2, SVP","Development of Playground with chain link fencing and small stage with pre-fabricated steel roofing at Sunder Colony, Ward No.2, SVP",,BISHNU PADA RAY,,ANDAMAN AND NICOBAR ISLANDS,Recommended,2000000,2026-01-20T00:00:00.000Z,260509.0,2000000.0,Recommended,2026-01-20T00:00:00.000Z,2026.0,Lok Sabha,18.0,0.0,False,0.0,0.0,Community Centers & Halls,Social Infrastructure
299740.0,,Andhra Pradesh,Andhra Pradesh,SRIKAKULAM,SRIKAKULAM,SRIKAKULAM(District Collector Srikakulam_IDA),SRIKAKULAM(District Collector Srikakulam_IDA),Normal/Others,Normal/Others,,,,,Construction of community centre at Pentavooru village of Nandigam GP of Nandigam mandal,Construction of community centre at Pentavooru village of Nandigam GP of Nandigam mandal,,Kinjarapu Ram Mohan Naidu,,SRIKAKULAM,Recommended,500000,2026-07-29T00:00:00.000Z,299740.0,500000.0,Recommended,2026-07-29T00:00:00.000Z,2026.0,Lok Sabha,18.0,0.0,False,0.0,0.0,Community Centers & Halls,Social Infrastructure
254604.0,,Andhra Pradesh,Andhra Pradesh,GUNTUR,GUNTUR,GUNTUR(DISTRICT COLLECTOR GUNTUR_IDA),GUNTUR(DISTRICT COLLECTOR GUNTUR_IDA),Normal/Others,Normal/Others,,,,,"Providing additional amenities to Community Hall at S.T. Colony in Munnangi (GP), Kollipara (M)","Providing additional amenities to Community Hall at S.T. Colony in Munnangi (GP), Kollipara (M)",,Dr Chandra Sekhar Pemmasani,,GUNTUR,Recommended,1000000,2025-12-21T00:00:00.000Z,254604.0,1000000.0,Recommended,2025-12-21T00:00:00.000Z,2025.0,Lok Sabha,18.0,0.0,False,0.0,0.0,Community Centers & Halls,Social Infrastructure
254606.0,,Andhra Pradesh,Andhra Pradesh,GUNTUR,GUNTUR,GUNTUR(DISTRICT COLLECTOR GUNTUR_IDA),GUNTUR(DISTRICT COLLECTOR GUNTUR_IDA),Normal/Others,Normal/Others,,,,,"Providing additional amenities to Community Hall at SC Colony in Pidaparru (GP), Kollipara (M)","Providing additional amenities to Community Hall at SC Colony in Pidaparru (GP), Kollipara (M)",,Dr Chandra Sekhar Pemmasani,,GUNTUR,Recommended,500000,2025-12-21T00:00:00.000Z,254606.0,500000.0,Recommended,2025-12-21T00:00:00.000Z,2025.0,Lok Sabha,18.0,0.0,False,0.0,0.0,Community Centers & Halls,Social Infrastructure
254608.0,,Andhra Pradesh,Andhra Pradesh,GUNTUR,GUNTUR,GUNTUR(DISTRICT COLLECTOR GUNTUR_IDA),GUNTUR(DISTRICT COLLECTOR GUNTUR_IDA),Normal/Others,Normal/Others,,,,,"Providing additional amenities to Community Hall Building at Cell tower in Gudivada (V), Tenali (M)","Providing additional amenities to Community Hall Building at Cell tower in Gudivada (V), Tenali (M)",,Dr Chandra Sekhar Pemmasani,,GUNTUR,Recommended,2000000,2025-12-21T00:00:00.000Z,254608.0,2000000.0,Recommended,2025-12-21T00:00:00.000Z,2025.0,Lok Sabha,18.0,0.0,False,0.0,0.0,Community Centers & Halls,Social Infrastructure
254623.0,,Andhra Pradesh,Andhra Pradesh,GUNTUR,GUNTUR,GUNTUR(DISTRICT COLLECTOR GUNTUR_IDA),GUNTUR(DISTRICT COLLECTOR GUNTUR_IDA),Normal/Others,Normal/Others,,,,,"Providing compound wall and kitchen rooms to the Community Hall in Chakrayapalem (GP), Kollipara (M)","Providing compound wall and kitchen rooms to the Community Hall in Chakrayapalem (GP), Kollipara (M)",,Dr Chandra Sekhar Pemmasani,,GUNTUR,Recommended,1500000,2025-12-21T00:00:00.000Z,254623.0,1500000.0,Recommended,2025-12-21T00:00:00.000Z,2025.0,Lok Sabha,18.0,0.0,False,0.0,0.0,Community Centers & Halls,Social Infrastructure
146762.0,,Andhra Pradesh,Andhra Pradesh,CHITTOOR,CHITTOOR,CHITTOOR(DISTRICT COLLECTOR CHITTOOR_IDA),CHITTOOR(DISTRICT COLLECTOR CHITTOOR_IDA),Normal/Others,Normal/Others,,,,,Construction of Compound wall to SC Community Hall (Phase-I) at Mallanuru H/o. Mallanuru GP of Kuppam Mandal.,Construction of Compound wall to SC Community Hall (Phase-I) at Mallanuru H/o. Mallanuru GP of Kuppam Mandal.,,DAGGUMALLA PRASADA RAO,,CHITTOOR,Recommended,500000,2024-10-11T00:00:00.000Z,146762.0,500000.0,Recommended,2024-10-11T00:00:00.000Z,2024.0,Lok Sabha,18.0,0.0,True,499898.0,2.0,Community Centers & Halls,Social Infrastructure
260509.0,,Andaman And Nicobar Islands,Andaman And Nicobar Islands,ANDAMAN AND NICOBAR ISLANDS,ANDAMAN AND NICOBAR ISLANDS,SOUTH ANDAMANS(Implementing District Authority(SA)),SOUTH ANDAMANS(Implementing District Authority(SA)),Normal/Others,Normal/Others,,,,,"Development of Playground with chain link fencing and small stage with pre-fabricated steel roofing at Sunder Colony, Ward No.2, SVP","Development of Playground with chain link fencing and small stage with pre-fabricated steel roofing at Sunder Colony, Ward No.2, SVP",,BISHNU PADA RAY,,ANDAMAN AND NICOBAR ISLANDS,Recommended,2000000,2026-01-20T00:00:00.000Z,260509.0,2000000.0,Recommended,2026-01-20T00:00:00.000Z,2026.0,Lok Sabha,18.0,0.0,False,0.0,0.0,Community Centers & Halls,Social Infrastructure
299740.0,,Andhra Pradesh,Andhra Pradesh,SRIKAKULAM,SRIKAKULAM,SRIKAKULAM(District Collector Srikakulam_IDA),SRIKAKULAM(District Collector Srikakulam_IDA),Normal/Others,Normal/Others,,,,,Construction of community centre at Pentavooru village of Nandigam GP of Nandigam mandal,Construction of community centre at Pentavooru village of Nandigam GP of Nandigam mandal,,Kinjarapu Ram Mohan Naidu,,SRIKAKULAM,Recommended,500000,2026-07-29T00:00:00.000Z,299740.0,500000.0,Recommended,2026-07-29T00:00:00.000Z,2026.0,Lok Sabha,18.0,0.0,False,0.0,0.0,Community Centers & Halls,Social Infrastructure
213083.0,,Andhra Pradesh,Andhra Pradesh,BAPATLA,BAPATLA,Bapatla(DISTRICT COLLECTOR BAPATLA_IDA),Bapatla(DISTRICT COLLECTOR BAPATLA_IDA),Normal/Others,Normal/Others,,,,,"Construction of Community Hall in Surepalli Village, Muktheswaram, Ballikurava Mandal","Construction of Community Hall in Surepalli Village, Muktheswaram, Ballikurava Mandal",,Krishna Prasad Tenneti,,BAPATLA,Recommended,2000000,2025-07-09T00:00:00.000Z,213083.0,2000000.0,Recommended,2025-07-09T00:00:00.000Z,2025.0,Lok Sabha,18.0,0.0,True,857776.0,1.0,Community Centers & Halls,Social Infrastructure
147043.0,,Andhra Pradesh,Andhra Pradesh,RAJAMPET,RAJAMPET,CHITTOOR(DISTRICT COLLECTOR CHITTOOR_IDA),CHITTOOR(DISTRICT COLLECTOR CHITTOOR_IDA),Normal/Others,Normal/Others,,,,,"Construction of Community Hall Near DCC Bank Street, Sodam","Construction of Community Hall Near DCC Bank Street, Sodam",,Midhun Reddy,,RAJAMPET,Recommended,500000,2024-10-14T00:00:00.000Z,147043.0,500000.0,Recommended,2024-10-14T00:00:00.000Z,2024.0,Lok Sabha,18.0,0.0,False,0.0,0.0,Community Centers & Halls,Social Infrastructure
255646.0,,Andhra Pradesh,Andhra Pradesh,HINDUPUR,HINDUPUR,Sri Sathya Sai(DISTRICT COLLECTOR SRI SATHYA SAI_IDA),Sri Sathya Sai(DISTRICT COLLECTOR SRI SATHYA SAI_IDA),Normal/Others,Normal/Others,,,,,Providing Additional Amenities to Community Hall in Sno. 353 in BC Colony-2 Kanaganipalli village mandal,Providing Additional Amenities to Community Hall in Sno. 353 in BC Colony-2 Kanaganipalli village mandal,,B K PARTHASARATHI,,HINDUPUR,Recommended,2000000,2026-02-22T00:00:00.000Z,255646.0,2000000.0,Recommended,2026-02-22T00:00:00.000Z,2026.0,Lok Sabha,18.0,0.0,False,0.0,0.0,Community Centers & Halls,Social Infrastructure
260024.0,,Arunachal Pradesh,Arunachal Pradesh,ARUNACHAL WEST,ARUNACHAL WEST,WEST KAMENG(Deputy Commisioner West Kameng_IDA),WEST KAMENG(Deputy Commisioner West Kameng_IDA),Normal/Others,Normal/Others,,,,,Construction of Waiting Shed at Thembang Gompa Dirang,Construction of Waiting Shed at Thembang Gompa Dirang,,Kiren Rijiju,,ARUNACHAL WEST,Recommended,500000,2026-01-19T00:00:00.000Z,260024.0,500000.0,Recommended,2026-01-19T00:00:00.000Z,2026.0,Lok Sabha,18.0,0.0,True,500000.0,1.0,Community Centers & Halls,Social Infrastructure
163224.0,,Andhra Pradesh,Andhra Pradesh,SRIKAKULAM,SRIKAKULAM,SRIKAKULAM(District Collector Srikakulam_IDA),SRIKAKULAM(District Collector Srikakulam_IDA),Normal/Others,Normal/Others,,,,,"Construction of Burial Ground Shed, Burning Cot and Bore well at Kasimvalasa in 4th Ward, Amadalavalasa Municipality","Construction of Burial Ground Shed, Burning Cot and Bore well at Kasimvalasa in 4th Ward, Amadalavalasa Municipality",,Kinjarapu Ram Mohan Naidu,,SRIKAKULAM,Recommended,1000000,2025-01-02T00:00:00.000Z,163224.0,1000000.0,Recommended,2025-01-02T00:00:00.000Z,2025.0,Lok Sabha,18.0,0.0,True,382515.0,1.0,Community Centers & Halls,Social Infrastructure
256080.0,,Andhra Pradesh,Andhra Pradesh,KADAPA,KADAPA,Y.S.R. Kadapa(DISTRICT COLLECTOR CUDDAPAH_IDA),Y.S.R. Kadapa(DISTRICT COLLECTOR CUDDAPAH_IDA),Normal/Others,Normal/Others,,,,,"Construction of Compound wall to Community Hall at Gondipalli Village, Pendlimarri Mandal, YSR District","Construction of Compound wall to Community Hall at Gondipalli Village, Pendlimarri Mandal, YSR District",,Y S Avinash Reddy,,KADAPA,Recommended,400000,2026-01-08T00:00:00.000Z,256080.0,400000.0,Recommended,2026-01-08T00:00:00.000Z,2026.0,Lok Sabha,18.0,0.0,False,0.0,0.0,Community Centers & Halls,Social Infrastructure
136757.0,,Assam,Assam,GUWAHATI,GUWAHATI,KAMRUP METRO(DEPUTY COMMISSIONER KAMRUP METROPOLITAN_IDA),KAMRUP METRO(DEPUTY COMMISSIONER KAMRUP METROPOLITAN_IDA),Normal/Others,Normal/Others,,,,,"Construction of Community hall at Krishna Nagar Unnayan Samittee. Japorigog , Krishna Nagar","Construction of Community hall at Krishna Nagar Unnayan Samittee. Japorigog , Krishna Nagar",,BIJULI KALITA MEDHI,,GUWAHATI,Recommended,1000000,2024-08-22T00:00:00.000Z,136757.0,1000000.0,Recommended,2024-08-22T00:00:00.000Z,2024.0,Lok Sabha,18.0,0.0,True,1000000.0,2.0,Community Centers & Halls,Social Infrastructure
260509.0,,Andaman And Nicobar Islands,Andaman And Nicobar Islands,ANDAMAN AND NICOBAR ISLANDS,ANDAMAN AND NICOBAR ISLANDS,SOUTH ANDAMANS(Implementing District Authority(SA)),SOUTH ANDAMANS(Implementing District Authority(SA)),Normal/Others,Normal/Others,,,,,"Development of Playground with chain link fencing and small stage with pre-fabricated steel roofing at Sunder Colony, Ward No.2, SVP","Development of Playground with chain link fencing and small stage with pre-fabricated steel roofing at Sunder Colony, Ward No.2, SVP",,BISHNU PADA RAY,,ANDAMAN AND NICOBAR ISLANDS,Recommended,2000000,2026-01-20T00:00:00.000Z,260509.0,2000000.0,Recommended,2026-01-20T00:00:00.000Z,2026.0,Lok Sabha,18.0,0.0,False,0.0,0.0,Community Centers & Halls,Social Infrastructure
299740.0,,Andhra Pradesh,Andhra Pradesh,SRIKAKULAM,SRIKAKULAM,SRIKAKULAM(District Collector Srikakulam_IDA),SRIKAKULAM(District Collector Srikakulam_IDA),Normal/Others,Normal/Others,,,,,Construction of community centre at Pentavooru village of Nandigam GP of Nandigam mandal,Construction of community centre at Pentavooru village of Nandigam GP of Nandigam mandal,,Kinjarapu Ram Mohan Naidu,,SRIKAKULAM,Recommended,500000,2026-07-29T00:00:00.000Z,299740.0,500000.0,Recommended,2026-07-29T00:00:00.000Z,2026.0,Lok Sabha,18.0,0.0,False,0.0,0.0,Community Centers & Halls,Social Infrastructure
139960.0,,Assam,Assam,GUWAHATI,GUWAHATI,KAMRUP METRO(DEPUTY COMMISSIONER KAMRUP METROPOLITAN_IDA),KAMRUP METRO(DEPUTY COMMISSIONER KAMRUP METROPOLITAN_IDA),Normal/Others,Normal/Others,,,,,"Construction of Community hall at Jyoti Nagar mahila samiti , Jyotinagar .","Construction of Community hall at Jyoti Nagar mahila samiti , Jyotinagar .",,BIJULI KALITA MEDHI,,GUWAHATI,Recommended,500000,2024-09-08T00:00:00.000Z,139960.0,500000.0,Recommended,2024-09-08T00:00:00.000Z,2024.0,Lok Sabha,18.0,0.0,True,500000.0,2.0,Community Centers & Halls,Social Infrastructure
141495.0,,Assam,Assam,NOWGONG,NOWGONG,NAGAON(DEPUTY COMMISSIONER NOWGONG_IDA),NAGAON(DEPUTY COMMISSIONER NOWGONG_IDA),Normal/Others,Normal/Others,,,,,"Construction of community hall at 5 No. Bogamukh near Abdul Hekim house, Bhurbandha GP","Construction of community hall at 5 No. Bogamukh near Abdul Hekim house, Bhurbandha GP",,Pradyut Bordoloi,,NOWGONG,Recommended,200000,2024-12-02T00:00:00.000Z,141495.0,200000.0,Recommended,2024-12-02T00:00:00.000Z,2024.0,Lok Sabha,18.0,0.0,True,150000.0,1.0,Community Centers & Halls,Social Infrastructure
141497.0,,Assam,Assam,NOWGONG,NOWGONG,NAGAON(DEPUTY COMMISSIONER NOWGONG_IDA),NAGAON(DEPUTY COMMISSIONER NOWGONG_IDA),Normal/Others,Normal/Others,,,,,"Construction of community hall at Teromile near Iman Ali house, Pachim Salpara, Salpara GP","Construction of community hall at Teromile near Iman Ali house, Pachim Salpara, Salpara GP",,Pradyut Bordoloi,,NOWGONG,Recommended,200000,2024-12-02T00:00:00.000Z,141497.0,200000.0,Recommended,2024-12-02T00:00:00.000Z,2024.0,Lok Sabha,18.0,0.0,False,0.0,0.0,Community Centers & Halls,Social Infrastructure
142774.0,,Assam,Assam,DHUBRI,DHUBRI,DHUBRI(DEPUTY COMMISSIONER DHUBRI_IDA),DHUBRI(DEPUTY COMMISSIONER DHUBRI_IDA),Normal/Others,Normal/Others,,,,,Construction of Community Hall at Raniganj,Construction of Community Hall at Raniganj,,RAKIBUL HUSSAIN,,DHUBRI,Recommended,500000,2024-09-23T00:00:00.000Z,142774.0,500000.0,Recommended,2024-09-23T00:00:00.000Z,2024.0,Lok Sabha,18.0,0.0,True,375000.0,1.0,Community Centers & Halls,Social Infrastructure
143227.0,,Assam,Assam,DHUBRI,DHUBRI,SOUTH SALMARA MANCACHAR(Deputy Commissioner South Salmara Mankachar_IDA),SOUTH SALMARA MANCACHAR(Deputy Commissioner South Salmara Mankachar_IDA),Normal/Others,Normal/Others,,,,,Construction of Waiting Shed at Hatsingimari,Construction of Waiting Shed at Hatsingimari,,RAKIBUL HUSSAIN,,DHUBRI,Recommended,500000,2024-09-24T00:00:00.000Z,143227.0,500000.0,Recommended,2024-09-24T00:00:00.000Z,2024.0,Lok Sabha,18.0,0.0,False,0.0,0.0,Community Centers & Halls,Social Infrastructure
143233.0,,Assam,Assam,DHUBRI,DHUBRI,GOALPARA(Deputy Commissioner Goalpara_IDA),GOALPARA(Deputy Commissioner Goalpara_IDA),Normal/Others,Normal/Others,,,,,Renovation and Repairing of Community Hall near Khanka and Foringapara,Renovation and Repairing of Community Hall near Khanka and Foringapara,,RAKIBUL HUSSAIN,,DHUBRI,Recommended,500000,2024-09-24T00:00:00.000Z,143233.0,500000.0,Recommended,2024-09-24T00:00:00.000Z,2024.0,Lok Sabha,18.0,0.0,True,300000.0,1.0,Community Centers & Halls,Social Infrastructure
143259.0,,Assam,Assam,DHUBRI,DHUBRI,GOALPARA(Deputy Commissioner Goalpara_IDA),GOALPARA(Deputy Commissioner Goalpara_IDA),Normal/Others,Normal/Others,,,,,Construction of Community Hall at Krishnai Weekly Market,Construction of Community Hall at Krishnai Weekly Market,,RAKIBUL HUSSAIN,,DHUBRI,Recommended,500000,2024-09-24T00:00:00.000Z,143259.0,500000.0,Recommended,2024-09-24T00:00:00.000Z,2024.0,Lok Sabha,18.0,0.0,True,500000.0,2.0,Community Centers & Halls,Social Infrastructure
260512.0,,Andaman And Nicobar Islands,Andaman And Nicobar Islands,ANDAMAN AND NICOBAR ISLANDS,ANDAMAN AND NICOBAR ISLANDS,SOUTH ANDAMANS(Implementing District Authority(SA)),SOUTH ANDAMANS(Implementing District Authority(SA)),Normal/Others,Normal/Others,,,,,Raising of wall over existing wall 35 meters length with 80 cms height and extension of shed for 06 mtrs at Dhobhighat for community purpose.,Raising of wall over existing wall 35 meters length with 80 cms height and extension of shed for 06 mtrs at Dhobhighat for community purpose.,,BISHNU PADA RAY,,ANDAMAN AND NICOBAR ISLANDS,Recommended,4000000,2026-01-20T00:00:00.000Z,260512.0,4000000.0,Recommended,2026-01-20T00:00:00.000Z,2026.0,Lok Sabha,18.0,0.0,False,0.0,0.0,Community Centers & Halls,Social Infrastructure
220958.0,,Bihar,Bihar,VALMIKI NAGAR,VALMIKI NAGAR,PASHCHIM CHAMPARAN(DISTRICT PLANNING OFFICER WEST CHAMPARANBETTIAH_IDA),PASHCHIM CHAMPARAN(DISTRICT PLANNING OFFICER WEST CHAMPARANBETTIAH_IDA),Normal/Others,Normal/Others,,,,,prakhand thakraha antrgat panchayat thakraha ke thakraha bazar ke pass hanumaan mandir tatha madhy vidhyalay ke bagal mai sawchalay sahit samudahik bhawan ka nirmaan kaary ...,prakhand thakraha antrgat panchayat thakraha ke thakraha bazar ke pass hanumaan mandir tatha madhy vidhyalay ke bagal mai sawchalay sahit samudahik bhawan ka nirmaan kaary ...,,Sunil Kumar ,,VALMIKI NAGAR,Recommended,1300000,2025-07-22T00:00:00.000Z,220958.0,1300000.0,Recommended,2025-07-22T00:00:00.000Z,2025.0,Lok Sabha,18.0,0.0,False,0.0,0.0,Community Centers & Halls,Social Infrastructure
258196.0,,Andhra Pradesh,Andhra Pradesh,KADAPA,KADAPA,Y.S.R. Kadapa(DISTRICT COLLECTOR CUDDAPAH_IDA),Y.S.R. Kadapa(DISTRICT COLLECTOR CUDDAPAH_IDA),Normal/Others,Normal/Others,,,,,Construction of Compound wall to Community Hall Phase 1 in Thatireddypalli Village of Lingala Mandal,Construction of Compound wall to Community Hall Phase 1 in Thatireddypalli Village of Lingala Mandal,,Y S Avinash Reddy,,KADAPA,Recommended,490000,2026-01-09T00:00:00.000Z,258196.0,490000.0,Recommended,2026-01-09T00:00:00.000Z,2026.0,Lok Sabha,18.0,0.0,False,0.0,0.0,Community Centers & Halls,Social Infrastructure
143873.0,,Assam,Assam,GUWAHATI,GUWAHATI,KAMRUP(DEPUTY COMMISSIONER KAMRUP_IDA),KAMRUP(DEPUTY COMMISSIONER KAMRUP_IDA),Normal/Others,Normal/Others,,,,,"Construction of Community hall at Boko sahitya sabha , Satadal Shakha , Boko - 781123","Construction of Community hall at Boko sahitya sabha , Satadal Shakha , Boko - 781123",,BIJULI KALITA MEDHI,,GUWAHATI,Recommended,500000,2024-09-26T00:00:00.000Z,143873.0,500000.0,Recommended,2024-09-26T00:00:00.000Z,2024.0,Lok Sabha,18.0,0.0,True,299879.0,4.0,Community Centers & Halls,Social Infrastructure
144134.0,,Assam,Assam,GUWAHATI,GUWAHATI,KAMRUP(DEPUTY COMMISSIONER KAMRUP_IDA),KAMRUP(DEPUTY COMMISSIONER KAMRUP_IDA),Normal/Others,Normal/Others,,,,,Construction of Open Stage for Cultural activities at Nagarbera Anchalik Rash Samity . Pin -781127,Construction of Open Stage for Cultural activities at Nagarbera Anchalik Rash Samity . Pin -781127,,BIJULI KALITA MEDHI,,GUWAHATI,Recommended,800000,2024-09-28T00:00:00.000Z,144134.0,800000.0,Recommended,2024-09-28T00:00:00.000Z,2024.0,Lok Sabha,18.0,0.0,True,479312.0,4.0,Community Centers & Halls,Social Infrastructure
146771.0,,Assam,Assam,LAKHIMPUR,LAKHIMPUR,LAKHIMPUR(DEPUTY COMMISSIONER LAKHIMPUR_IDA),LAKHIMPUR(DEPUTY COMMISSIONER LAKHIMPUR_IDA),Normal/Others,Normal/Others,,,,,"Kaoimari Gorkha Kriisti Bhawan, No.1 Kaoimari, PO- Badhakora, Lakhimpur LAC","Kaoimari Gorkha Kriisti Bhawan, No.1 Kaoimari, PO- Badhakora, Lakhimpur LAC",,Pradan Baruah,,LAKHIMPUR,Recommended,500000,2024-10-11T00:00:00.000Z,146771.0,500000.0,Recommended,2024-10-11T00:00:00.000Z,2024.0,Lok Sabha,18.0,0.0,True,499916.0,2.0,Community Centers & Halls,Social Infrastructure
222814.0,,Bihar,Bihar,NAWADA,NAWADA,NAWADA(District Planning Officer NAWADA_IDA),NAWADA(District Planning Officer NAWADA_IDA),Normal/Others,Normal/Others,,,,,"Veer Shiromani Baba Chauharmal Mandir,Shobh Mandir ward no-28(Naya Ward No-38) Nawada ke Paschim Bhag mai Naye samudayik Bhawan ke dusri manzil ka nirman aur Uttar Bhag mai Toilet aur Bathroom ka Nirman","Veer Shiromani Baba Chauharmal Mandir,Shobh Mandir ward no-28(Naya Ward No-38) Nawada ke Paschim Bhag mai Naye samudayik Bhawan ke dusri manzil ka nirman aur Uttar Bhag mai Toilet aur Bathroom ka Nirman",,VIVEK THAKUR,,NAWADA,Recommended,1498000,2025-07-28T00:00:00.000Z,222814.0,1498000.0,Recommended,2025-07-28T00:00:00.000Z,2025.0,Lok Sabha,18.0,0.0,True,214300.0,1.0,Community Centers & Halls,Social Infrastructure
260509.0,,Andaman And Nicobar Islands,Andaman And Nicobar Islands,ANDAMAN AND NICOBAR ISLANDS,ANDAMAN AND NICOBAR ISLANDS,SOUTH ANDAMANS(Implementing District Authority(SA)),SOUTH ANDAMANS(Implementing District Authority(SA)),Normal/Others,Normal/Others,,,,,"Development of Playground with chain link fencing and small stage with pre-fabricated steel roofing at Sunder Colony, Ward No.2, SVP","Development of Playground with chain link fencing and small stage with pre-fabricated steel roofing at Sunder Colony, Ward No.2, SVP",,BISHNU PADA RAY,,ANDAMAN AND NICOBAR ISLANDS,Recommended,2000000,2026-01-20T00:00:00.000Z,260509.0,2000000.0,Recommended,2026-01-20T00:00:00.000Z,2026.0,Lok Sabha,18.0,0.0,False,0.0,0.0,Community Centers & Halls,Social Infrastructure
299740.0,,Andhra Pradesh,Andhra Pradesh,SRIKAKULAM,SRIKAKULAM,SRIKAKULAM(District Collector Srikakulam_IDA),SRIKAKULAM(District Collector Srikakulam_IDA),Normal/Others,Normal/Others,,,,,Construction of community centre at Pentavooru village of Nandigam GP of Nandigam mandal,Construction of community centre at Pentavooru village of Nandigam GP of Nandigam mandal,,Kinjarapu Ram Mohan Naidu,,SRIKAKULAM,Recommended,500000,2026-07-29T00:00:00.000Z,299740.0,500000.0,Recommended,2026-07-29T00:00:00.000Z,2026.0,Lok Sabha,18.0,0.0,False,0.0,0.0,Community Centers & Halls,Social Infrastructure
278179.0,,Andhra Pradesh,Andhra Pradesh,VISAKHAPATNAM,VISAKHAPATNAM,Visakhapatnam(DISTRICT COLLECTOR VISAKHAPATNAM_IDA),Visakhapatnam(DISTRICT COLLECTOR VISAKHAPATNAM_IDA),Normal/Others,Normal/Others,,,,,"Completion of top floor classrooms, including all civil, electrical, and finishing works in all respects and Construction of Stage.","Completion of top floor classrooms, including all civil, electrical, and finishing works in all respects and Construction of Stage.",,Sribharat MathuKumli,,VISAKHAPATNAM,Recommended,2400000,2026-04-14T00:00:00.000Z,278179.0,2400000.0,Recommended,2026-04-14T00:00:00.000Z,2026.0,Lok Sabha,18.0,0.0,False,0.0,0.0,Community Centers & Halls,Social Infrastructure
278033.0,,Andhra Pradesh,Andhra Pradesh,MACHILIPATNAM,MACHILIPATNAM,KRISHNA(DISTRICT COLLECTOR KRISHNA_IDA),KRISHNA(DISTRICT COLLECTOR KRISHNA_IDA),Normal/Others,Normal/Others,,,,,"Completion of incomplete SC community hall in Janakiramauram Hamelt of Nageswararaopeta, Mulaparru village Bantumilli Mandal in Krishna District","Completion of incomplete SC community hall in Janakiramauram Hamelt of Nageswararaopeta, Mulaparru village Bantumilli Mandal in Krishna District",,Balashowry Vallabbhaneni,,MACHILIPATNAM,Recommended,500000,2026-04-12T00:00:00.000Z,278033.0,500000.0,Recommended,2026-04-12T00:00:00.000Z,2026.0,Lok Sabha,18.0,0.0,False,0.0,0.0,Community Centers & Halls,Social Infrastructure
282395.0,,Andhra Pradesh,Andhra Pradesh,KADAPA,KADAPA,Y.S.R. Kadapa(DISTRICT COLLECTOR CUDDAPAH_IDA),Y.S.R. Kadapa(DISTRICT COLLECTOR CUDDAPAH_IDA),Normal/Others,Normal/Others,,,,,Construction of repairs to Tourism Mini Community Hall  at Chakrayapeta Village and Mandal,Construction of repairs to Tourism Mini Community Hall  at Chakrayapeta Village and Mandal,,Y S Avinash Reddy,,KADAPA,Recommended,499000,2026-05-20T00:00:00.000Z,282395.0,499000.0,Recommended,2026-05-20T00:00:00.000Z,2026.0,Lok Sabha,18.0,0.0,False,0.0,0.0,Community Centers & Halls,Social Infrastructure
282392.0,,Andhra Pradesh,Andhra Pradesh,KADAPA,KADAPA,Y.S.R. Kadapa(DISTRICT COLLECTOR CUDDAPAH_IDA),Y.S.R. Kadapa(DISTRICT COLLECTOR CUDDAPAH_IDA),Normal/Others,Normal/Others,,,,,Construction of Mini Community Hall at K.Velamavaripalli of 13th ward Pulivendula Municipality,Construction of Mini Community Hall at K.Velamavaripalli of 13th ward Pulivendula Municipality,,Y S Avinash Reddy,,KADAPA,Recommended,499000,2026-05-20T00:00:00.000Z,282392.0,499000.0,Recommended,2026-05-20T00:00:00.000Z,2026.0,Lok Sabha,18.0,0.0,False,0.0,0.0,Community Centers & Halls,Social Infrastructure
280118.0,,Andhra Pradesh,Andhra Pradesh,ANANTAPUR,ANANTAPUR,Ananthapuramu(DISTRICT COLLECTOR ANANTAPUR_IDA),Ananthapuramu(DISTRICT COLLECTOR ANANTAPUR_IDA),Repair and Renovation,Repair and Renovation,,,,,Providing Roof Slab at Community hall Old Town SKD Nagar Anantapur,Providing Roof Slab at Community hall Old Town SKD Nagar Anantapur,,AMBICA G LAKSHMINARAYANA VALMIKI,,ANANTAPUR,Recommended,1450000,2026-05-11T00:00:00.000Z,280118.0,1450000.0,Recommended,2026-05-11T00:00:00.000Z,2026.0,Lok Sabha,18.0,0.0,False,0.0,0.0,Community Centers & Halls,Social Infrastructure
282542.0,,Andhra Pradesh,Andhra Pradesh,KADAPA,KADAPA,Y.S.R. Kadapa(DISTRICT COLLECTOR CUDDAPAH_IDA),Y.S.R. Kadapa(DISTRICT COLLECTOR CUDDAPAH_IDA),Normal/Others,Normal/Others,,,,,Filling of Gravel for Development of Madde Khan Masijid Grave Yard Stage 1 at Kadapa 38th Division of Kadapa Corporation,Filling of Gravel for Development of Madde Khan Masijid Grave Yard Stage 1 at Kadapa 38th Division of Kadapa Corporation,,Y S Avinash Reddy,,KADAPA,Recommended,300000,2026-05-20T00:00:00.000Z,282542.0,300000.0,Recommended,2026-05-20T00:00:00.000Z,2026.0,Lok Sabha,18.0,0.0,False,0.0,0.0,Community Centers & Halls,Social Infrastructure
282543.0,,Andhra Pradesh,Andhra Pradesh,KADAPA,KADAPA,Y.S.R. Kadapa(DISTRICT COLLECTOR CUDDAPAH_IDA),Y.S.R. Kadapa(DISTRICT COLLECTOR CUDDAPAH_IDA),Normal/Others,Normal/Others,,,,,Filling of Gravel for Development of Madde Khan Masijid Grave Yard Stage 2 at Kadapa 38th Division of Kadapa Corporation,Filling of Gravel for Development of Madde Khan Masijid Grave Yard Stage 2 at Kadapa 38th Division of Kadapa Corporation,,Y S Avinash Reddy,,KADAPA,Recommended,300000,2026-05-20T00:00:00.000Z,282543.0,300000.0,Recommended,2026-05-20T00:00:00.000Z,2026.0,Lok Sabha,18.0,0.0,False,0.0,0.0,Community Centers & Halls,Social Infrastructure
279131.0,,Andhra Pradesh,Andhra Pradesh,KURNOOL,KURNOOL,KURNOOL(DISTRICT COLLECTOR KURNOOL_IDA),KURNOOL(DISTRICT COLLECTOR KURNOOL_IDA),Normal/Others,Normal/Others,,,,,Construction of Multi Purpose Community Hall near Ramjala Dhobi ghat at Adoni Town of Kurnool District,Construction of Multi Purpose Community Hall near Ramjala Dhobi ghat at Adoni Town of Kurnool District,,BASTIPATI NAGARAJU PANCHALINGALA,,KURNOOL,Recommended,1500000,2026-04-27T00:00:00.000Z,279131.0,1500000.0,Recommended,2026-04-27T00:00:00.000Z,2026.0,Lok Sabha,18.0,0.0,False,0.0,0.0,Community Centers & Halls,Social Infrastructure
279535.0,,Andhra Pradesh,Andhra Pradesh,VIJAYAWADA,VIJAYAWADA,NTR(DISTRICT COLLECTOR NTR_IDA),NTR(DISTRICT COLLECTOR NTR_IDA),Repair and Renovation,Repair and Renovation,,,,,Development of experience center and artisan promotion for community benefit to kondapalli toys street,Development of experience center and artisan promotion for community benefit to kondapalli toys street,,Sivanath Kesineni,,VIJAYAWADA,Recommended,3000000,2026-05-02T00:00:00.000Z,279535.0,3000000.0,Recommended,2026-05-02T00:00:00.000Z,2026.0,Lok Sabha,18.0,0.0,False,0.0,0.0,Community Centers & Halls,Social Infrastructure
