workId,state,state_hi,district,district_hi,location,location_hi,category,category_hi,estimated_cost,status,status_hi,recommended_date,recommended_year,house,lsTerm,expected_beneficiaries,hasPayments,totalPaid,paymentCount,work_description,work_description_hi,mp_id,mp_name,mp_house,mp_constituency,standard_cost,work_date,rec_dt,aging_days
1359,Andhra Pradesh,Andhra Pradesh,TIRUPATI,TIRUPATI,Annamayya(DISTRICT COLLECTOR ANNAMAYYA_IDA),Annamayya(DISTRICT COLLECTOR ANNAMAYYA_IDA),Normal/Others,Normal/Others,450000,Recommended,Recommended,2025-06-16T00:00:00.000Z,2025,Lok Sabha,18,0,False,0,0,Providing internal CC Road from Rayachoti Acthamma House to Pasupuleti Venkata Subbamma house at Vadde Colony of H.Kothapalli GP of Rajampet Mandal.,Providing internal CC Road from Rayachoti Acthamma House to Pasupuleti Venkata Subbamma house at Vadde Colony of H.Kothapalli GP of Rajampet Mandal.,,Maddila Gurumoorthy,,TIRUPATI,450000,2025-06-16T00:00:00.000Z,2025-06-16 00:00:00+00:00,442
1412,Andhra Pradesh,Andhra Pradesh,TIRUPATI,TIRUPATI,Tirupati(DISTRICT COLLECTOR TIRUPATI_IDA),Tirupati(DISTRICT COLLECTOR TIRUPATI_IDA),Normal/Others,Normal/Others,420000,Recommended,Recommended,2025-06-28T00:00:00.000Z,2025,Lok Sabha,18,0,False,0,0,Providing water supply to SV Puram (Near Toll plaza) Ho SV Puram GP in Vadamalapeta Mandal.,Providing water supply to SV Puram (Near Toll plaza) Ho SV Puram GP in Vadamalapeta Mandal.,,Maddila Gurumoorthy,,TIRUPATI,420000,2025-06-28T00:00:00.000Z,2025-06-28 00:00:00+00:00,430
993,Andhra Pradesh,Andhra Pradesh,NANDYAL,NANDYAL,KURNOOL(DISTRICT COLLECTOR KURNOOL_IDA),KURNOOL(DISTRICT COLLECTOR KURNOOL_IDA),Normal/Others,Normal/Others,500000,Recommended,Recommended,2024-12-26T00:00:00.000Z,2024,Lok Sabha,18,0,False,0,0,"4. Development of CC Road from Chakali Anjaneyudu House to Pinjari Moulali House in Chinnatekur Village, Kallur Mandal
Enhancing intra-village connectivity and improving access for local residents, promoting ease of travel","4. Development of CC Road from Chakali Anjaneyudu House to Pinjari Moulali House in Chinnatekur Village, Kallur Mandal
Enhancing intra-village connectivity and improving access for local residents, promoting ease of travel",,DR BYREDDY SHABARI,,NANDYAL,500000,2024-12-26T00:00:00.000Z,2024-12-26 00:00:00+00:00,614
1403,Andhra Pradesh,Andhra Pradesh,ANAKAPALLE,ANAKAPALLE,Y.S.R. Kadapa(DISTRICT COLLECTOR CUDDAPAH_IDA),Y.S.R. Kadapa(DISTRICT COLLECTOR CUDDAPAH_IDA),Normal/Others,Normal/Others,998255,Recommended,Recommended,2025-06-27T00:00:00.000Z,2025,Lok Sabha,18,0,False,0,0,"Providing of RCC Drain near apartment (RTPP Main road), in Potladurthy village of Yerraguntla Mandal.","Providing of RCC Drain near apartment (RTPP Main road), in Potladurthy village of Yerraguntla Mandal.",,C.M.RAMESH,,ANAKAPALLE,998255,2025-06-27T00:00:00.000Z,2025-06-27 00:00:00+00:00,431
1430,Andhra Pradesh,Andhra Pradesh,RAJAMPET,RAJAMPET,Y.S.R. Kadapa(DISTRICT COLLECTOR CUDDAPAH_IDA),Y.S.R. Kadapa(DISTRICT COLLECTOR CUDDAPAH_IDA),Normal/Others,Normal/Others,498015,Recommended,Recommended,2025-07-06T00:00:00.000Z,2025,Lok Sabha,18,0,False,0,0,Formation of Road Takkalo R and B Road to Burial Grounds in Tokkolu Village and GP,Formation of Road Takkalo R and B Road to Burial Grounds in Tokkolu Village and GP,,Midhun Reddy,,RAJAMPET,498015,2025-07-06T00:00:00.000Z,2025-07-06 00:00:00+00:00,422
909,Andhra Pradesh,Andhra Pradesh,TIRUPATI,TIRUPATI,Sri Potti Sriramulu Nellore(DISTRICT COLLECTOR NELLORE_IDA),Sri Potti Sriramulu Nellore(DISTRICT COLLECTOR NELLORE_IDA),Normal/Others,Normal/Others,1483285,Recommended,Recommended,2024-11-12T00:00:00.000Z,2024,Lok Sabha,18,0,False,0,0,Construction of 1000 mm dia 4 Row RCC pipe Culvert in Km 0/0 to 0/2 in Approach Road to Iskapalli in Griddalur GP of Sydapuram Mandal.,Construction of 1000 mm dia 4 Row RCC pipe Culvert in Km 0/0 to 0/2 in Approach Road to Iskapalli in Griddalur GP of Sydapuram Mandal.,,Maddila Gurumoorthy,,TIRUPATI,1483285,2024-11-12T00:00:00.000Z,2024-11-12 00:00:00+00:00,658
1251,Andhra Pradesh,Andhra Pradesh,VIZIANAGARAM,VIZIANAGARAM,Y.S.R. Kadapa(DISTRICT COLLECTOR CUDDAPAH_IDA),Y.S.R. Kadapa(DISTRICT COLLECTOR CUDDAPAH_IDA),Normal/Others,Normal/Others,500000,Recommended,Recommended,2025-04-19T00:00:00.000Z,2025,Lok Sabha,18,0,False,0,0,"Providing R.O. Water Plant at Yadavakunta Village,Gotur Panchayat,Thondur Mandal in YSR Cuddpah District","Providing R.O. Water Plant at Yadavakunta Village,Gotur Panchayat,Thondur Mandal in YSR Cuddpah District",,Appalanaidu Kalisetti,,VIZIANAGARAM,500000,2025-04-19T00:00:00.000Z,2025-04-19 00:00:00+00:00,500
228040,Andaman And Nicobar Islands,Andaman And Nicobar Islands,ANDAMAN AND NICOBAR ISLANDS,ANDAMAN AND NICOBAR ISLANDS,NICOBARS(DEPUTY COMMISSIONER NICOBAR_IDA),NICOBARS(DEPUTY COMMISSIONER NICOBAR_IDA),Normal/Others,Normal/Others,3200000,Recommended,Recommended,2025-08-21T00:00:00.000Z,2025,Lok Sabha,18,0,False,0,0,Purchase and supply of 5 KL Septic tank suction truck for cleaning of septic tanks of Tribals in Car Nicobar,Purchase and supply of 5 KL Septic tank suction truck for cleaning of septic tanks of Tribals in Car Nicobar,,BISHNU PADA RAY,,ANDAMAN AND NICOBAR ISLANDS,3200000,2025-08-21T00:00:00.000Z,2025-08-21 00:00:00+00:00,376
1410,Andhra Pradesh,Andhra Pradesh,TIRUPATI,TIRUPATI,Annamayya(DISTRICT COLLECTOR ANNAMAYYA_IDA),Annamayya(DISTRICT COLLECTOR ANNAMAYYA_IDA),Normal/Others,Normal/Others,300000,Recommended,Recommended,2025-06-28T00:00:00.000Z,2025,Lok Sabha,18,0,False,0,0,Providing Internal CC Road from Obulapu Lakshmi Narasamma House to Meda Venu Gopal Reddy House at Medavaripalli of H. Kothapalli GP of Rajampet Mandal.,Providing Internal CC Road from Obulapu Lakshmi Narasamma House to Meda Venu Gopal Reddy House at Medavaripalli of H. Kothapalli GP of Rajampet Mandal.,,Maddila Gurumoorthy,,TIRUPATI,300000,2025-06-28T00:00:00.000Z,2025-06-28 00:00:00+00:00,430
1428,Andhra Pradesh,Andhra Pradesh,RAJAMPET,RAJAMPET,Tirupati(DISTRICT COLLECTOR TIRUPATI_IDA),Tirupati(DISTRICT COLLECTOR TIRUPATI_IDA),Normal/Others,Normal/Others,90000,Recommended,Recommended,2025-07-06T00:00:00.000Z,2025,Lok Sabha,18,0,False,0,0,"Providing Try Motorised Battery Scooter to R Sahadeva Reddy, Koolivandlapalli Village Jangamvandlapalli GP  Mob 9000859785","Providing Try Motorised Battery Scooter to R Sahadeva Reddy, Koolivandlapalli Village Jangamvandlapalli GP  Mob 9000859785",,Midhun Reddy,,RAJAMPET,90000,2025-07-06T00:00:00.000Z,2025-07-06 00:00:00+00:00,422
896,Andhra Pradesh,Andhra Pradesh,MACHILIPATNAM,MACHILIPATNAM,"EAST GODAVARI(DISTRICT COLLECTOR, EAST GODAVARI)","EAST GODAVARI(DISTRICT COLLECTOR, EAST GODAVARI)",Normal/Others,Normal/Others,250000,Recommended,Recommended,2024-10-28T00:00:00.000Z,2024,Lok Sabha,18,0,False,0,0,"Installing community drinking water plant at Fransalian Vidyajyothi hostel, Nidadavolue, West Godavari District","Installing community drinking water plant at Fransalian Vidyajyothi hostel, Nidadavolue, West Godavari District",,Balashowry Vallabbhaneni,,MACHILIPATNAM,250000,2024-10-28T00:00:00.000Z,2024-10-28 00:00:00+00:00,673
1546,Andhra Pradesh,Andhra Pradesh,NANDYAL,NANDYAL,KURNOOL(DISTRICT COLLECTOR KURNOOL_IDA),KURNOOL(DISTRICT COLLECTOR KURNOOL_IDA),Normal/Others,Normal/Others,1500000,Recommended,Recommended,2025-08-28T00:00:00.000Z,2025,Lok Sabha,18,0,False,0,0,"The proposed work involves the laying of Cement Concrete (CC) road in Parthasarathi Nagar,Ward No. 21 under Kurnool Municipal Corporation limits. The road construction will be carried out From Electric Pole No PSN-I-4-1 to Door No 87-324-1-A andFrom IMA Bhavan to Door No. 86-324-19","The proposed work involves the laying of Cement Concrete (CC) road in Parthasarathi Nagar,Ward No. 21 under Kurnool Municipal Corporation limits. The road construction will be carried out From Electric Pole No PSN-I-4-1 to Door No 87-324-1-A andFrom IMA Bhavan to Door No. 86-324-19",,DR BYREDDY SHABARI,,NANDYAL,1500000,2025-08-28T00:00:00.000Z,2025-08-28 00:00:00+00:00,369
1458,Andhra Pradesh,Andhra Pradesh,ANANTAPUR,ANANTAPUR,Sri Sathya Sai(DISTRICT COLLECTOR SRI SATHYA SAI_IDA),Sri Sathya Sai(DISTRICT COLLECTOR SRI SATHYA SAI_IDA),Normal/Others,Normal/Others,2462396,Recommended,Recommended,2025-07-23T00:00:00.000Z,2025,Lok Sabha,18,0,False,0,0,"Constuction of Compound wall to Community hall at 19th ward, Hindupur","Constuction of Compound wall to Community hall at 19th ward, Hindupur",,AMBICA G LAKSHMINARAYANA VALMIKI,,ANANTAPUR,2462396,2025-07-23T00:00:00.000Z,2025-07-23 00:00:00+00:00,405
901,Andhra Pradesh,Andhra Pradesh,TIRUPATI,TIRUPATI,Annamayya(DISTRICT COLLECTOR ANNAMAYYA_IDA),Annamayya(DISTRICT COLLECTOR ANNAMAYYA_IDA),Normal/Others,Normal/Others,400000,Recommended,Recommended,2024-11-02T00:00:00.000Z,2024,Lok Sabha,18,0,False,0,0,Construction of CC road from Narasimha swami temple to Botimidapalli to Yeguvareddypalli (V) in Pullampeta Mandal,Construction of CC road from Narasimha swami temple to Botimidapalli to Yeguvareddypalli (V) in Pullampeta Mandal,,Maddila Gurumoorthy,,TIRUPATI,400000,2024-11-02T00:00:00.000Z,2024-11-02 00:00:00+00:00,668
961,Andhra Pradesh,Andhra Pradesh,NANDYAL,NANDYAL,KURNOOL(DISTRICT COLLECTOR KURNOOL_IDA),KURNOOL(DISTRICT COLLECTOR KURNOOL_IDA),Normal/Others,Normal/Others,500000,Recommended,Recommended,2024-12-14T00:00:00.000Z,2024,Lok Sabha,18,0,False,0,0,"Establishment of a mineral water plant in Thippayapalli village, Orvakal Mandal, to provide safe and clean drinking water. The project involves installing purification systems, conducting quality checks, and generating local employment, ensuring improved public health and sustainable water access for the community.","Establishment of a mineral water plant in Thippayapalli village, Orvakal Mandal, to provide safe and clean drinking water. The project involves installing purification systems, conducting quality checks, and generating local employment, ensuring improved public health and sustainable water access for the community.",,DR BYREDDY SHABARI,,NANDYAL,500000,2024-12-14T00:00:00.000Z,2024-12-14 00:00:00+00:00,626
224538,Andaman And Nicobar Islands,Andaman And Nicobar Islands,ANDAMAN AND NICOBAR ISLANDS,ANDAMAN AND NICOBAR ISLANDS,NICOBARS(DEPUTY COMMISSIONER NICOBAR_IDA),NICOBARS(DEPUTY COMMISSIONER NICOBAR_IDA),Normal/Others,Normal/Others,2980219,Recommended,Recommended,2025-08-03T00:00:00.000Z,2025,Lok Sabha,18,0,False,0,0,Purchase of water tanker (12 or 09 KL capacity for distribution of water to the Tribal people in Car Nicobar,Purchase of water tanker (12 or 09 KL capacity for distribution of water to the Tribal people in Car Nicobar,,BISHNU PADA RAY,,ANDAMAN AND NICOBAR ISLANDS,2980219,2025-08-03T00:00:00.000Z,2025-08-03 00:00:00+00:00,394
1184,Andhra Pradesh,Andhra Pradesh,ARAKU,ARAKU,"EAST GODAVARI(DISTRICT COLLECTOR, EAST GODAVARI)","EAST GODAVARI(DISTRICT COLLECTOR, EAST GODAVARI)",Normal/Others,Normal/Others,500000,Recommended,Recommended,2025-03-24T00:00:00.000Z,2025,Lok Sabha,18,0,False,0,0,construction of cc drains,construction of cc drains,,Gumma Thanuja Rani,,ARAKU,500000,2025-03-24T00:00:00.000Z,2025-03-24 00:00:00+00:00,526
1301,Andhra Pradesh,Andhra Pradesh,HINDUPUR,HINDUPUR,Ananthapuramu(DISTRICT COLLECTOR ANANTAPUR_IDA),Ananthapuramu(DISTRICT COLLECTOR ANANTAPUR_IDA),Normal/Others,Normal/Others,1500000,Recommended,Recommended,2025-05-12T00:00:00.000Z,2025,Lok Sabha,18,0,False,0,0,"Construction of a community hall at the district police office premises, Ananthapuram","Construction of a community hall at the district police office premises, Ananthapuram",,B K PARTHASARATHI,,HINDUPUR,1500000,2025-05-12T00:00:00.000Z,2025-05-12 00:00:00+00:00,477
187484,Andaman And Nicobar Islands,Andaman And Nicobar Islands,ANDAMAN AND NICOBAR ISLANDS,ANDAMAN AND NICOBAR ISLANDS,NORTH AND MIDDLE ANDAMAN(Implementing District Authority(N&MA)),NORTH AND MIDDLE ANDAMAN(Implementing District Authority(N&MA)),Normal/Others,Normal/Others,2899877,Recommended,Recommended,2025-03-28T00:00:00.000Z,2025,Lok Sabha,18,0,True,1350689,1,"Construction of Open Community Hall near Airport junction at Shibpur Ward No.3, Shipbur GP, Diglipur Tehsil","Construction of Open Community Hall near Airport junction at Shibpur Ward No.3, Shipbur GP, Diglipur Tehsil",,BISHNU PADA RAY,,ANDAMAN AND NICOBAR ISLANDS,2899877,2025-03-28T00:00:00.000Z,2025-03-28 00:00:00+00:00,522
1361,Andhra Pradesh,Andhra Pradesh,TIRUPATI,TIRUPATI,Nandyal(DISTRICT COLLECTOR NANDYAL_IDA),Nandyal(DISTRICT COLLECTOR NANDYAL_IDA),Normal/Others,Normal/Others,499771,Recommended,Recommended,2025-06-16T00:00:00.000Z,2025,Lok Sabha,18,0,False,0,0,"Construction of CC Road from Bhuma Ramalinga Reddy house to Bhuma Siva Reddy house of W.Kothapalli village in Dornipadu Mandal, Nanyala District.","Construction of CC Road from Bhuma Ramalinga Reddy house to Bhuma Siva Reddy house of W.Kothapalli village in Dornipadu Mandal, Nanyala District.",,Maddila Gurumoorthy,,TIRUPATI,499771,2025-06-16T00:00:00.000Z,2025-06-16 00:00:00+00:00,442
1409,Andhra Pradesh,Andhra Pradesh,TIRUPATI,TIRUPATI,Annamayya(DISTRICT COLLECTOR ANNAMAYYA_IDA),Annamayya(DISTRICT COLLECTOR ANNAMAYYA_IDA),Normal/Others,Normal/Others,450000,Recommended,Recommended,2025-06-28T00:00:00.000Z,2025,Lok Sabha,18,0,False,0,0,Providing Internal CC Road from Kuncham Srinivasulu House to Alakunta Venkata Subbamma House at Vadde Colony of H. Kothapalli GP of Rajampet Mandal.,Providing Internal CC Road from Kuncham Srinivasulu House to Alakunta Venkata Subbamma House at Vadde Colony of H. Kothapalli GP of Rajampet Mandal.,,Maddila Gurumoorthy,,TIRUPATI,450000,2025-06-28T00:00:00.000Z,2025-06-28 00:00:00+00:00,430
1411,Andhra Pradesh,Andhra Pradesh,TIRUPATI,TIRUPATI,Annamayya(DISTRICT COLLECTOR ANNAMAYYA_IDA),Annamayya(DISTRICT COLLECTOR ANNAMAYYA_IDA),Normal/Others,Normal/Others,300000,Recommended,Recommended,2025-06-28T00:00:00.000Z,2025,Lok Sabha,18,0,False,0,0,Providing Internal CC Road from Choppa Narasa Reddy House to Meda Raghava Reddy House at Medavaripalli of H. Kothapalli GP of Rajampet Mandal.,Providing Internal CC Road from Choppa Narasa Reddy House to Meda Raghava Reddy House at Medavaripalli of H. Kothapalli GP of Rajampet Mandal.,,Maddila Gurumoorthy,,TIRUPATI,300000,2025-06-28T00:00:00.000Z,2025-06-28 00:00:00+00:00,430
188526,Andaman And Nicobar Islands,Andaman And Nicobar Islands,ANDAMAN AND NICOBAR ISLANDS,ANDAMAN AND NICOBAR ISLANDS,NORTH AND MIDDLE ANDAMAN(Implementing District Authority(N&MA)),NORTH AND MIDDLE ANDAMAN(Implementing District Authority(N&MA)),Normal/Others,Normal/Others,2096539,Recommended,Recommended,2025-04-01T00:00:00.000Z,2025,Lok Sabha,18,0,False,0,0,"Construction of Culvert near Bejoli Maiti house at Ward No.1, Madhupur Gram Panchayat, Diglipur","Construction of Culvert near Bejoli Maiti house at Ward No.1, Madhupur Gram Panchayat, Diglipur",,BISHNU PADA RAY,,ANDAMAN AND NICOBAR ISLANDS,2096539,2025-04-01T00:00:00.000Z,2025-04-01 00:00:00+00:00,518
1416,Andhra Pradesh,Andhra Pradesh,HINDUPUR,HINDUPUR,Ananthapuramu(DISTRICT COLLECTOR ANANTAPUR_IDA),Ananthapuramu(DISTRICT COLLECTOR ANANTAPUR_IDA),Repair and Renovation,Repair and Renovation,2500000,Recommended,Recommended,2025-07-01T00:00:00.000Z,2025,Lok Sabha,18,0,False,0,0,"Repairs to Community Hall (Kanakadasu Bhavan) near Indiramma colony at Sno. 169-2D, 169-2E. Garudapuram village of Kalyanadurg Mandal of Ananthapuramu district","Repairs to Community Hall (Kanakadasu Bhavan) near Indiramma colony at Sno. 169-2D, 169-2E. Garudapuram village of Kalyanadurg Mandal of Ananthapuramu district",,B K PARTHASARATHI,,HINDUPUR,2500000,2025-07-01T00:00:00.000Z,2025-07-01 00:00:00+00:00,427
830,Andhra Pradesh,Andhra Pradesh,ELURU,ELURU,Kakinada(DISTRICT COLLECTOR KAKINADA_IDA),Kakinada(DISTRICT COLLECTOR KAKINADA_IDA),Normal/Others,Normal/Others,2500000,Recommended,Recommended,2024-09-09T00:00:00.000Z,2024,Lok Sabha,18,0,False,0,0,"Construction of Veterinary Hospital at A.V. Nagaram village of Thondangi mandal, Kakinada district.","Construction of Veterinary Hospital at A.V. Nagaram village of Thondangi mandal, Kakinada district.",,Putta Mahesh Kumar,,ELURU,2500000,2024-09-09T00:00:00.000Z,2024-09-09 00:00:00+00:00,722
1429,Andhra Pradesh,Andhra Pradesh,RAJAMPET,RAJAMPET,Tirupati(DISTRICT COLLECTOR TIRUPATI_IDA),Tirupati(DISTRICT COLLECTOR TIRUPATI_IDA),Normal/Others,Normal/Others,500000,Recommended,Recommended,2025-07-06T00:00:00.000Z,2025,Lok Sabha,18,0,False,0,0,Providing RO Plant in Janga Vandla Palli Village and GP,Providing RO Plant in Janga Vandla Palli Village and GP,,Midhun Reddy,,RAJAMPET,500000,2025-07-06T00:00:00.000Z,2025-07-06 00:00:00+00:00,422
1431,Andhra Pradesh,Andhra Pradesh,RAJAMPET,RAJAMPET,Y.S.R. Kadapa(DISTRICT COLLECTOR CUDDAPAH_IDA),Y.S.R. Kadapa(DISTRICT COLLECTOR CUDDAPAH_IDA),Normal/Others,Normal/Others,500000,Recommended,Recommended,2025-07-06T00:00:00.000Z,2025,Lok Sabha,18,0,False,0,0,Construction of Pipe Culvert and Approach Roads in Vontimitta Village and GP,Construction of Pipe Culvert and Approach Roads in Vontimitta Village and GP,,Midhun Reddy,,RAJAMPET,500000,2025-07-06T00:00:00.000Z,2025-07-06 00:00:00+00:00,422
898,Andhra Pradesh,Andhra Pradesh,TIRUPATI,TIRUPATI,Annamayya(DISTRICT COLLECTOR ANNAMAYYA_IDA),Annamayya(DISTRICT COLLECTOR ANNAMAYYA_IDA),Normal/Others,Normal/Others,288926,Recommended,Recommended,2024-11-02T00:00:00.000Z,2024,Lok Sabha,18,0,False,0,0,"Construction of CC road from Ramulavari Gudi to Jandaman in A.Puthanavari Palli (V), Anantha samudram G.P.in Pullampeta Mandal.","Construction of CC road from Ramulavari Gudi to Jandaman in A.Puthanavari Palli (V), Anantha samudram G.P.in Pullampeta Mandal.",,Maddila Gurumoorthy,,TIRUPATI,288926,2024-11-02T00:00:00.000Z,2024-11-02 00:00:00+00:00,668
1490,Andhra Pradesh,Andhra Pradesh,ARAKU,ARAKU,"EAST GODAVARI(DISTRICT COLLECTOR, EAST GODAVARI)","EAST GODAVARI(DISTRICT COLLECTOR, EAST GODAVARI)",Normal/Others,Normal/Others,500000,Recommended,Recommended,2025-08-07T00:00:00.000Z,2025,Lok Sabha,18,0,False,0,0,construction of cc road from nh16 road to kallepali venkataraju site of konthamuru,construction of cc road from nh16 road to kallepali venkataraju site of konthamuru,,Gumma Thanuja Rani,,ARAKU,500000,2025-08-07T00:00:00.000Z,2025-08-07 00:00:00+00:00,390
1488,Andhra Pradesh,Andhra Pradesh,ANANTAPUR,ANANTAPUR,Sri Sathya Sai(DISTRICT COLLECTOR SRI SATHYA SAI_IDA),Sri Sathya Sai(DISTRICT COLLECTOR SRI SATHYA SAI_IDA),Normal/Others,Normal/Others,500000,Recommended,Recommended,2025-08-06T00:00:00.000Z,2025,Lok Sabha,18,0,False,0,0,"Construction of Compound wall to Community hall at 14th ward, Hindupur","Construction of Compound wall to Community hall at 14th ward, Hindupur",,AMBICA G LAKSHMINARAYANA VALMIKI,,ANANTAPUR,500000,2025-08-06T00:00:00.000Z,2025-08-06 00:00:00+00:00,391
900,Andhra Pradesh,Andhra Pradesh,TIRUPATI,TIRUPATI,Annamayya(DISTRICT COLLECTOR ANNAMAYYA_IDA),Annamayya(DISTRICT COLLECTOR ANNAMAYYA_IDA),Normal/Others,Normal/Others,399479,Recommended,Recommended,2024-11-02T00:00:00.000Z,2024,Lok Sabha,18,0,False,0,0,Construction of CC road from Raju house to Sivalayam in Pullampeta G.P.& Mandal.,Construction of CC road from Raju house to Sivalayam in Pullampeta G.P.& Mandal.,,Maddila Gurumoorthy,,TIRUPATI,399479,2024-11-02T00:00:00.000Z,2024-11-02 00:00:00+00:00,668
902,Andhra Pradesh,Andhra Pradesh,TIRUPATI,TIRUPATI,Annamayya(DISTRICT COLLECTOR ANNAMAYYA_IDA),Annamayya(DISTRICT COLLECTOR ANNAMAYYA_IDA),Normal/Others,Normal/Others,389748,Recommended,Recommended,2024-11-02T00:00:00.000Z,2024,Lok Sabha,18,0,False,0,0,Construction of Ramulavari Gudi to R& B Road A.Oedipally (V) Anantha Samudram G.P.in Pullampeta Mandal.,Construction of Ramulavari Gudi to R& B Road A.Oedipally (V) Anantha Samudram G.P.in Pullampeta Mandal.,,Maddila Gurumoorthy,,TIRUPATI,389748,2024-11-02T00:00:00.000Z,2024-11-02 00:00:00+00:00,668
212474,Andaman And Nicobar Islands,Andaman And Nicobar Islands,ANDAMAN AND NICOBAR ISLANDS,ANDAMAN AND NICOBAR ISLANDS,SOUTH ANDAMANS(Implementing District Authority(SA)),SOUTH ANDAMANS(Implementing District Authority(SA)),Normal/Others,Normal/Others,2756289,Recommended,Recommended,2025-06-25T00:00:00.000Z,2025,Lok Sabha,18,0,True,2288461,1,Con. of  black top road between main road near Govind Dutta House to Satsang Kendra for a length of 120 mtrs. Sub-work Con. of  Cement road for 120 mtrs.,Con. of  black top road between main road near Govind Dutta House to Satsang Kendra for a length of 120 mtrs. Sub-work Con. of  Cement road for 120 mtrs.,,BISHNU PADA RAY,,ANDAMAN AND NICOBAR ISLANDS,2756289,2025-06-25T00:00:00.000Z,2025-06-25 00:00:00+00:00,433
932,Andhra Pradesh,Andhra Pradesh,NANDYAL,NANDYAL,KURNOOL(DISTRICT COLLECTOR KURNOOL_IDA),KURNOOL(DISTRICT COLLECTOR KURNOOL_IDA),Normal/Others,Normal/Others,500000,Recommended,Recommended,2024-12-09T00:00:00.000Z,2024,Lok Sabha,18,0,False,0,0,"providing CC Road alongwith drains from Lakshmi Reddy to Krishna Reddy house, Guttapadu Village of Orvakal Mandal.","providing CC Road alongwith drains from Lakshmi Reddy to Krishna Reddy house, Guttapadu Village of Orvakal Mandal.",,DR BYREDDY SHABARI,,NANDYAL,500000,2024-12-09T00:00:00.000Z,2024-12-09 00:00:00+00:00,631
962,Andhra Pradesh,Andhra Pradesh,NANDYAL,NANDYAL,KURNOOL(DISTRICT COLLECTOR KURNOOL_IDA),KURNOOL(DISTRICT COLLECTOR KURNOOL_IDA),Repair and Renovation,Repair and Renovation,500000,Recommended,Recommended,2024-12-15T00:00:00.000Z,2024,Lok Sabha,18,0,False,0,0,"Repairs to the sluice of Appala Reddy Cheruvu in Palakolanu Village, Orvakal Mandal. The proposed work includes restoration and strengthening of the sluice structure to ensure proper water flow management, prevent leakage, and enhance the irrigation potential of the tank, benefiting the local agricultural community.","Repairs to the sluice of Appala Reddy Cheruvu in Palakolanu Village, Orvakal Mandal. The proposed work includes restoration and strengthening of the sluice structure to ensure proper water flow management, prevent leakage, and enhance the irrigation potential of the tank, benefiting the local agricultural community.",,DR BYREDDY SHABARI,,NANDYAL,500000,2024-12-15T00:00:00.000Z,2024-12-15 00:00:00+00:00,625
183102,Andaman And Nicobar Islands,Andaman And Nicobar Islands,ANDAMAN AND NICOBAR ISLANDS,ANDAMAN AND NICOBAR ISLANDS,SOUTH ANDAMANS(Implementing District Authority(SA)),SOUTH ANDAMANS(Implementing District Authority(SA)),Trust and Society,Trust and Society,4992971,Recommended,Recommended,2025-03-18T00:00:00.000Z,2025,Lok Sabha,18,0,True,2232133,1,"Con. Bore well with water tank (60000 Ltr capacity), boundary wall with gate, parking space, toilets with bathroom, drainage system, rain harvesting system at Sri Guruji Community Centre, Dollygunj","Con. Bore well with water tank (60000 Ltr capacity), boundary wall with gate, parking space, toilets with bathroom, drainage system, rain harvesting system at Sri Guruji Community Centre, Dollygunj",,BISHNU PADA RAY,,ANDAMAN AND NICOBAR ISLANDS,4992971,2025-03-18T00:00:00.000Z,2025-03-18 00:00:00+00:00,532
1155,Andhra Pradesh,Andhra Pradesh,AMALAPURAM,AMALAPURAM,Kakinada(DISTRICT COLLECTOR KAKINADA_IDA),Kakinada(DISTRICT COLLECTOR KAKINADA_IDA),Repair and Renovation,Repair and Renovation,2000000,Recommended,Recommended,2025-03-01T00:00:00.000Z,2025,Lok Sabha,18,0,False,0,0,Repairs and improvements to the Rope way bridge across Athreya Paya in Korangi (V) of Tallarevu (M),Repairs and improvements to the Rope way bridge across Athreya Paya in Korangi (V) of Tallarevu (M),,GM Harish Balayogi,,AMALAPURAM,2000000,2025-03-01T00:00:00.000Z,2025-03-01 00:00:00+00:00,549
1199,Andhra Pradesh,Andhra Pradesh,ARAKU,ARAKU,"EAST GODAVARI(DISTRICT COLLECTOR, EAST GODAVARI)","EAST GODAVARI(DISTRICT COLLECTOR, EAST GODAVARI)",Normal/Others,Normal/Others,500000,Recommended,Recommended,2025-03-25T00:00:00.000Z,2025,Lok Sabha,18,0,False,0,0,"Construction of CC drainage at M.Mallavaram village, Gokavaram Mandal","Construction of CC drainage at M.Mallavaram village, Gokavaram Mandal",,Gumma Thanuja Rani,,ARAKU,500000,2025-03-25T00:00:00.000Z,2025-03-25 00:00:00+00:00,525
224539,Andaman And Nicobar Islands,Andaman And Nicobar Islands,ANDAMAN AND NICOBAR ISLANDS,ANDAMAN AND NICOBAR ISLANDS,NICOBARS(DEPUTY COMMISSIONER NICOBAR_IDA),NICOBARS(DEPUTY COMMISSIONER NICOBAR_IDA),Normal/Others,Normal/Others,2000000,Recommended,Recommended,2025-08-03T00:00:00.000Z,2025,Lok Sabha,18,0,False,0,0,Purchase and supply of 01 No. Hearse Van for transportation of deceased bodies in Car Nicobar,Purchase and supply of 01 No. Hearse Van for transportation of deceased bodies in Car Nicobar,,BISHNU PADA RAY,,ANDAMAN AND NICOBAR ISLANDS,2000000,2025-08-03T00:00:00.000Z,2025-08-03 00:00:00+00:00,394
1294,Andhra Pradesh,Andhra Pradesh,ANAKAPALLE,ANAKAPALLE,Y.S.R. Kadapa(DISTRICT COLLECTOR CUDDAPAH_IDA),Y.S.R. Kadapa(DISTRICT COLLECTOR CUDDAPAH_IDA),Repair and Renovation,Repair and Renovation,2480752,Recommended,Recommended,2025-05-07T00:00:00.000Z,2025,Lok Sabha,18,0,False,0,0,Urgent repairs to Kamalapuram - Potladurthi road from KM 18-110 - 18-200 near Potladurthi Village of Yerraguntla Mandal in YSR Kadapa District,Urgent repairs to Kamalapuram - Potladurthi road from KM 18-110 - 18-200 near Potladurthi Village of Yerraguntla Mandal in YSR Kadapa District,,C.M.RAMESH,,ANAKAPALLE,2480752,2025-05-07T00:00:00.000Z,2025-05-07 00:00:00+00:00,482
1344,Andhra Pradesh,Andhra Pradesh,VIZIANAGARAM,VIZIANAGARAM,Anakapalli(DISTRICT COLLECTOR ANAKAPALLI_IDA),Anakapalli(DISTRICT COLLECTOR ANAKAPALLI_IDA),Normal/Others,Normal/Others,992839,Recommended,Recommended,2025-05-29T00:00:00.000Z,2025,Lok Sabha,18,0,False,0,0,"Developmental Works of Intrepretation centre at Sri Alluri Seetharamaraju Memorial Park,Krishnadevipeta,Golugonda Mandal of Anakapalli District","Developmental Works of Intrepretation centre at Sri Alluri Seetharamaraju Memorial Park,Krishnadevipeta,Golugonda Mandal of Anakapalli District",,Appalanaidu Kalisetti,,VIZIANAGARAM,992839,2025-05-29T00:00:00.000Z,2025-05-29 00:00:00+00:00,460
175559,Andaman And Nicobar Islands,Andaman And Nicobar Islands,ANDAMAN AND NICOBAR ISLANDS,ANDAMAN AND NICOBAR ISLANDS,SOUTH ANDAMANS(Implementing District Authority(SA)),SOUTH ANDAMANS(Implementing District Authority(SA)),Normal/Others,Normal/Others,976436,Recommended,Recommended,2025-02-14T00:00:00.000Z,2025,Lok Sabha,18,0,True,730885,1,"Extension of Multipurpse Hall at Nayagaon near Juvenile Home, Port Blair","Extension of Multipurpse Hall at Nayagaon near Juvenile Home, Port Blair",,BISHNU PADA RAY,,ANDAMAN AND NICOBAR ISLANDS,976436,2025-02-14T00:00:00.000Z,2025-02-14 00:00:00+00:00,564
1360,Andhra Pradesh,Andhra Pradesh,TIRUPATI,TIRUPATI,Sri Potti Sriramulu Nellore(DISTRICT COLLECTOR NELLORE_IDA),Sri Potti Sriramulu Nellore(DISTRICT COLLECTOR NELLORE_IDA),Normal/Others,Normal/Others,499451,Recommended,Recommended,2025-06-16T00:00:00.000Z,2025,Lok Sabha,18,0,False,0,0,"Construction of CC Road from Leburu Ankalamma Temple to Pallipadu Road of Lebur village in Indukurpeta Mandal, SPS Nellore District.","Construction of CC Road from Leburu Ankalamma Temple to Pallipadu Road of Lebur village in Indukurpeta Mandal, SPS Nellore District.",,Maddila Gurumoorthy,,TIRUPATI,499451,2025-06-16T00:00:00.000Z,2025-06-16 00:00:00+00:00,442
1362,Andhra Pradesh,Andhra Pradesh,TIRUPATI,TIRUPATI,Annamayya(DISTRICT COLLECTOR ANNAMAYYA_IDA),Annamayya(DISTRICT COLLECTOR ANNAMAYYA_IDA),Normal/Others,Normal/Others,1767296,Recommended,Recommended,2025-06-16T00:00:00.000Z,2025,Lok Sabha,18,0,False,0,0,"Providing CC Road and Culvert from Bujji Basha house to KM Palli, Veeraballi GP and Mandal, Annamayya District.","Providing CC Road and Culvert from Bujji Basha house to KM Palli, Veeraballi GP and Mandal, Annamayya District.",,Maddila Gurumoorthy,,TIRUPATI,1767296,2025-06-16T00:00:00.000Z,2025-06-16 00:00:00+00:00,442
175556,Andaman And Nicobar Islands,Andaman And Nicobar Islands,ANDAMAN AND NICOBAR ISLANDS,ANDAMAN AND NICOBAR ISLANDS,SOUTH ANDAMANS(Implementing District Authority(SA)),SOUTH ANDAMANS(Implementing District Authority(SA)),Repair and Renovation,Repair and Renovation,4947034,Recommended,Recommended,2025-02-14T00:00:00.000Z,2025,Lok Sabha,18,0,True,3655060,1,"Repair and renovation of road from CPWD complex, Ranchi Tikrey Dairyfarm to Fisheries Quarter, Port Blair","Repair and renovation of road from CPWD complex, Ranchi Tikrey Dairyfarm to Fisheries Quarter, Port Blair",,BISHNU PADA RAY,,ANDAMAN AND NICOBAR ISLANDS,4947034,2025-02-14T00:00:00.000Z,2025-02-14 00:00:00+00:00,564
175561,Andaman And Nicobar Islands,Andaman And Nicobar Islands,ANDAMAN AND NICOBAR ISLANDS,ANDAMAN AND NICOBAR ISLANDS,SOUTH ANDAMANS(Implementing District Authority(SA)),SOUTH ANDAMANS(Implementing District Authority(SA)),Normal/Others,Normal/Others,1498887,Recommended,Recommended,2025-02-14T00:00:00.000Z,2025,Lok Sabha,18,0,True,1189292,1,"Construction of CC Motorable road between Govt. Primary School and Shri SK Singh house at Garacharma, Ward No.18, Port Blair","Construction of CC Motorable road between Govt. Primary School and Shri SK Singh house at Garacharma, Ward No.18, Port Blair",,BISHNU PADA RAY,,ANDAMAN AND NICOBAR ISLANDS,1498887,2025-02-14T00:00:00.000Z,2025-02-14 00:00:00+00:00,564
188528,Andaman And Nicobar Islands,Andaman And Nicobar Islands,ANDAMAN AND NICOBAR ISLANDS,ANDAMAN AND NICOBAR ISLANDS,SOUTH ANDAMANS(Implementing District Authority(SA)),SOUTH ANDAMANS(Implementing District Authority(SA)),Normal/Others,Normal/Others,1320600,Recommended,Recommended,2025-04-01T00:00:00.000Z,2025,Lok Sabha,18,0,True,803540,1,"Construction of CC drain from CPWD quarters to Fisheries Quarters via Sree Shaktivel Murugan Temple for a length of 350 mtrs at Ranci Tikrey, Dairy Farm, Ward No.9, SVP.","Construction of CC drain from CPWD quarters to Fisheries Quarters via Sree Shaktivel Murugan Temple for a length of 350 mtrs at Ranci Tikrey, Dairy Farm, Ward No.9, SVP.",,BISHNU PADA RAY,,ANDAMAN AND NICOBAR ISLANDS,1320600,2025-04-01T00:00:00.000Z,2025-04-01 00:00:00+00:00,518
899,Andhra Pradesh,Andhra Pradesh,TIRUPATI,TIRUPATI,Annamayya(DISTRICT COLLECTOR ANNAMAYYA_IDA),Annamayya(DISTRICT COLLECTOR ANNAMAYYA_IDA),Normal/Others,Normal/Others,390388,Recommended,Recommended,2024-11-02T00:00:00.000Z,2024,Lok Sabha,18,0,False,0,0,"Construction of CC Road D. Narayana house to R&B road in Pullareddy Palli H/W (V), Anantha Samudram G.P. in Pullampeta Mandal.","Construction of CC Road D. Narayana house to R&B road in Pullareddy Palli H/W (V), Anantha Samudram G.P. in Pullampeta Mandal.",,Maddila Gurumoorthy,,TIRUPATI,390388,2024-11-02T00:00:00.000Z,2024-11-02 00:00:00+00:00,668
1489,Andhra Pradesh,Andhra Pradesh,ARAKU,ARAKU,"EAST GODAVARI(DISTRICT COLLECTOR, EAST GODAVARI)","EAST GODAVARI(DISTRICT COLLECTOR, EAST GODAVARI)",Normal/Others,Normal/Others,500000,Recommended,Recommended,2025-08-07T00:00:00.000Z,2025,Lok Sabha,18,0,False,0,0,construction of cc road from n16 road to kallepali venkataraju site of konthamuru,construction of cc road from n16 road to kallepali venkataraju site of konthamuru,,Gumma Thanuja Rani,,ARAKU,500000,2025-08-07T00:00:00.000Z,2025-08-07 00:00:00+00:00,390
148902,Andhra Pradesh,Andhra Pradesh,TIRUPATI,TIRUPATI,Tirupati(DISTRICT COLLECTOR TIRUPATI_IDA),Tirupati(DISTRICT COLLECTOR TIRUPATI_IDA),Normal/Others,Normal/Others,500000,Recommended,Recommended,2024-10-21T00:00:00.000Z,2024,Lok Sabha,18,0,False,0,0,Construction of CC Open Drains with cover slabs from G. Penchulamma House to M. Bathaiah House at Bandarupalli S.T. Colony H/O Bandarupalli GP in Yerpedu Mandal.,Construction of CC Open Drains with cover slabs from G. Penchulamma House to M. Bathaiah House at Bandarupalli S.T. Colony H/O Bandarupalli GP in Yerpedu Mandal.,,Maddila Gurumoorthy,,TIRUPATI,500000,2024-10-21T00:00:00.000Z,2024-10-21 00:00:00+00:00,680
163876,Andhra Pradesh,Andhra Pradesh,TIRUPATI,TIRUPATI,Tirupati(DISTRICT COLLECTOR TIRUPATI_IDA),Tirupati(DISTRICT COLLECTOR TIRUPATI_IDA),Normal/Others,Normal/Others,80000,Recommended,Recommended,2025-01-08T00:00:00.000Z,2025,Lok Sabha,18,0,False,0,0,Providing Street lights  and fixtures in Matherimitta in Varadaiahpalem Mandal.,Providing Street lights  and fixtures in Matherimitta in Varadaiahpalem Mandal.,,Maddila Gurumoorthy,,TIRUPATI,80000,2025-01-08T00:00:00.000Z,2025-01-08 00:00:00+00:00,601
962,Andhra Pradesh,Andhra Pradesh,NANDYAL,NANDYAL,KURNOOL(DISTRICT COLLECTOR KURNOOL_IDA),KURNOOL(DISTRICT COLLECTOR KURNOOL_IDA),Repair and Renovation,Repair and Renovation,500000,Recommended,Recommended,2024-12-15T00:00:00.000Z,2024,Lok Sabha,18,0,False,0,0,"Repairs to the sluice of Appala Reddy Cheruvu in Palakolanu Village, Orvakal Mandal. The proposed work includes restoration and strengthening of the sluice structure to ensure proper water flow management, prevent leakage, and enhance the irrigation potential of the tank, benefiting the local agricultural community.","Repairs to the sluice of Appala Reddy Cheruvu in Palakolanu Village, Orvakal Mandal. The proposed work includes restoration and strengthening of the sluice structure to ensure proper water flow management, prevent leakage, and enhance the irrigation potential of the tank, benefiting the local agricultural community.",,DR BYREDDY SHABARI,,NANDYAL,500000,2024-12-15T00:00:00.000Z,2024-12-15 00:00:00+00:00,625
164721,Andhra Pradesh,Andhra Pradesh,AMALAPURAM,AMALAPURAM,Dr. B.R. Ambedkar Konaseema(DISTRICT COLLECTOR Dr B R AMBEDKAR KONASEEMA_IDA),Dr. B.R. Ambedkar Konaseema(DISTRICT COLLECTOR Dr B R AMBEDKAR KONASEEMA_IDA),Normal/Others,Normal/Others,500000,Recommended,Recommended,2025-01-10T00:00:00.000Z,2025,Lok Sabha,18,0,True,499449,1,Providing WBM Road near R and B Road towards Serella Reddy house in Pallamambika Nagara at Vanapallli Village,Providing WBM Road near R and B Road towards Serella Reddy house in Pallamambika Nagara at Vanapallli Village,,GM Harish Balayogi,,AMALAPURAM,500000,2025-01-10T00:00:00.000Z,2025-01-10 00:00:00+00:00,599
149400,Andhra Pradesh,Andhra Pradesh,ELURU,ELURU,Eluru(DISTRICT COLLECTOR ELURU_IDA),Eluru(DISTRICT COLLECTOR ELURU_IDA),Normal/Others,Normal/Others,3204000,Recommended,Recommended,2024-10-25T00:00:00.000Z,2024,Lok Sabha,18,0,True,3198733,2,"Construction of Resting Barracks with attached wash rooms for Women in the District Police Office, Eluru","Construction of Resting Barracks with attached wash rooms for Women in the District Police Office, Eluru",,Putta Mahesh Kumar,,ELURU,3204000,2024-10-25T00:00:00.000Z,2024-10-25 00:00:00+00:00,676
166045,Andhra Pradesh,Andhra Pradesh,TIRUPATI,TIRUPATI,Tirupati(DISTRICT COLLECTOR TIRUPATI_IDA),Tirupati(DISTRICT COLLECTOR TIRUPATI_IDA),Normal/Others,Normal/Others,500000,Recommended,Recommended,2025-01-17T00:00:00.000Z,2025,Lok Sabha,18,0,False,0,0,Providing underground Drainage system with 360 mm Dia NP3 pipes from C. Chengaiah house to V Ramadevi house in Vaddaimitta H.o Kothaveerapuram G.P. in Yerpedu Mandal.,Providing underground Drainage system with 360 mm Dia NP3 pipes from C. Chengaiah house to V Ramadevi house in Vaddaimitta H.o Kothaveerapuram G.P. in Yerpedu Mandal.,,Maddila Gurumoorthy,,TIRUPATI,500000,2025-01-17T00:00:00.000Z,2025-01-17 00:00:00+00:00,592
166048,Andhra Pradesh,Andhra Pradesh,TIRUPATI,TIRUPATI,Tirupati(DISTRICT COLLECTOR TIRUPATI_IDA),Tirupati(DISTRICT COLLECTOR TIRUPATI_IDA),Normal/Others,Normal/Others,500000,Recommended,Recommended,2025-01-17T00:00:00.000Z,2025,Lok Sabha,18,0,False,0,0,Providing an underground drainage system at Internal Streets of Vaddimitta H.O Kothaveerapuram G.P.in Yerpedu Mandal.,Providing an underground drainage system at Internal Streets of Vaddimitta H.O Kothaveerapuram G.P.in Yerpedu Mandal.,,Maddila Gurumoorthy,,TIRUPATI,500000,2025-01-17T00:00:00.000Z,2025-01-17 00:00:00+00:00,592
150350,Andhra Pradesh,Andhra Pradesh,KADAPA,KADAPA,Y.S.R. Kadapa(DISTRICT COLLECTOR CUDDAPAH_IDA),Y.S.R. Kadapa(DISTRICT COLLECTOR CUDDAPAH_IDA),Normal/Others,Normal/Others,400000,Recommended,Recommended,2024-11-05T00:00:00.000Z,2024,Lok Sabha,18,0,False,0,0,construction of Bus Shelter at Thallapalli Village of Vempalli (M).,construction of Bus Shelter at Thallapalli Village of Vempalli (M).,,Y S Avinash Reddy,,KADAPA,400000,2024-11-05T00:00:00.000Z,2024-11-05 00:00:00+00:00,665
166418,Andhra Pradesh,Andhra Pradesh,KADAPA,KADAPA,Y.S.R. Kadapa(DISTRICT COLLECTOR CUDDAPAH_IDA),Y.S.R. Kadapa(DISTRICT COLLECTOR CUDDAPAH_IDA),Normal/Others,Normal/Others,200000,Recommended,Recommended,2025-01-18T00:00:00.000Z,2025,Lok Sabha,18,0,True,199861,1,Completion of incompleted road from B.M.A Road beside Suryyabhavan to Telugu Ganga canal of Konarajupalli  of Madapur Gramapanchayathi of Atlur Mandal,Completion of incompleted road from B.M.A Road beside Suryyabhavan to Telugu Ganga canal of Konarajupalli  of Madapur Gramapanchayathi of Atlur Mandal,,Y S Avinash Reddy,,KADAPA,200000,2025-01-18T00:00:00.000Z,2025-01-18 00:00:00+00:00,591
183102,Andaman And Nicobar Islands,Andaman And Nicobar Islands,ANDAMAN AND NICOBAR ISLANDS,ANDAMAN AND NICOBAR ISLANDS,SOUTH ANDAMANS(Implementing District Authority(SA)),SOUTH ANDAMANS(Implementing District Authority(SA)),Trust and Society,Trust and Society,4992971,Recommended,Recommended,2025-03-18T00:00:00.000Z,2025,Lok Sabha,18,0,True,2232133,1,"Con. Bore well with water tank (60000 Ltr capacity), boundary wall with gate, parking space, toilets with bathroom, drainage system, rain harvesting system at Sri Guruji Community Centre, Dollygunj","Con. Bore well with water tank (60000 Ltr capacity), boundary wall with gate, parking space, toilets with bathroom, drainage system, rain harvesting system at Sri Guruji Community Centre, Dollygunj",,BISHNU PADA RAY,,ANDAMAN AND NICOBAR ISLANDS,4992971,2025-03-18T00:00:00.000Z,2025-03-18 00:00:00+00:00,532
166420,Andhra Pradesh,Andhra Pradesh,KADAPA,KADAPA,Y.S.R. Kadapa(DISTRICT COLLECTOR CUDDAPAH_IDA),Y.S.R. Kadapa(DISTRICT COLLECTOR CUDDAPAH_IDA),Normal/Others,Normal/Others,200000,Recommended,Recommended,2025-01-18T00:00:00.000Z,2025,Lok Sabha,18,0,False,0,0,Formation of Gravel Road from Thamballagondhi BT road to Dumpalavaripalli fields in Thamballagondhi Village GP of Atlur Mandal,Formation of Gravel Road from Thamballagondhi BT road to Dumpalavaripalli fields in Thamballagondhi Village GP of Atlur Mandal,,Y S Avinash Reddy,,KADAPA,200000,2025-01-18T00:00:00.000Z,2025-01-18 00:00:00+00:00,591
151568,Andhra Pradesh,Andhra Pradesh,RAJAMPET,RAJAMPET,CHITTOOR(DISTRICT COLLECTOR CHITTOOR_IDA),CHITTOOR(DISTRICT COLLECTOR CHITTOOR_IDA),Normal/Others,Normal/Others,180000,Recommended,Recommended,2024-11-14T00:00:00.000Z,2024,Lok Sabha,18,0,True,160189,1,"Providing Borewell in Nayunivaripalli (V), Jogivaripalli (G.P)","Providing Borewell in Nayunivaripalli (V), Jogivaripalli (G.P)",,Midhun Reddy,,RAJAMPET,180000,2024-11-14T00:00:00.000Z,2024-11-14 00:00:00+00:00,656
166422,Andhra Pradesh,Andhra Pradesh,KADAPA,KADAPA,Y.S.R. Kadapa(DISTRICT COLLECTOR CUDDAPAH_IDA),Y.S.R. Kadapa(DISTRICT COLLECTOR CUDDAPAH_IDA),Normal/Others,Normal/Others,200000,Recommended,Recommended,2025-01-18T00:00:00.000Z,2025,Lok Sabha,18,0,True,199440,1,"Jungle clearence and Formation of gravel Road from BMA Road to Fields Dandu Bata of Manyamvaripalli Village GP ,   Atlur Mandal","Jungle clearence and Formation of gravel Road from BMA Road to Fields Dandu Bata of Manyamvaripalli Village GP ,   Atlur Mandal",,Y S Avinash Reddy,,KADAPA,200000,2025-01-18T00:00:00.000Z,2025-01-18 00:00:00+00:00,591
166424,Andhra Pradesh,Andhra Pradesh,KADAPA,KADAPA,Y.S.R. Kadapa(DISTRICT COLLECTOR CUDDAPAH_IDA),Y.S.R. Kadapa(DISTRICT COLLECTOR CUDDAPAH_IDA),Normal/Others,Normal/Others,150000,Recommended,Recommended,2025-01-18T00:00:00.000Z,2025,Lok Sabha,18,0,False,0,0,Replacement of defunct  scheme in Mekavaripalli Habitation of Mekavaripalli GP,Replacement of defunct  scheme in Mekavaripalli Habitation of Mekavaripalli GP,,Y S Avinash Reddy,,KADAPA,150000,2025-01-18T00:00:00.000Z,2025-01-18 00:00:00+00:00,591
151578,Andhra Pradesh,Andhra Pradesh,RAJAMPET,RAJAMPET,Annamayya(DISTRICT COLLECTOR ANNAMAYYA_IDA),Annamayya(DISTRICT COLLECTOR ANNAMAYYA_IDA),Normal/Others,Normal/Others,300000,Recommended,Recommended,2024-12-21T00:00:00.000Z,2024,Lok Sabha,18,0,False,0,0,"Construction of the Protection wall Near K Nagaraju Fields at Lakshmigaripalli (V), Settigunta G.P","Construction of the Protection wall Near K Nagaraju Fields at Lakshmigaripalli (V), Settigunta G.P",,Midhun Reddy,,RAJAMPET,300000,2024-12-21T00:00:00.000Z,2024-12-21 00:00:00+00:00,619
166427,Andhra Pradesh,Andhra Pradesh,KADAPA,KADAPA,Y.S.R. Kadapa(DISTRICT COLLECTOR CUDDAPAH_IDA),Y.S.R. Kadapa(DISTRICT COLLECTOR CUDDAPAH_IDA),Normal/Others,Normal/Others,200000,Recommended,Recommended,2025-01-18T00:00:00.000Z,2025,Lok Sabha,18,0,False,0,0,Formation of gravel Road from gangireddygaripalli to Siddugaripalli   of Thummalapalli GP of B Koduru Mandal,Formation of gravel Road from gangireddygaripalli to Siddugaripalli   of Thummalapalli GP of B Koduru Mandal,,Y S Avinash Reddy,,KADAPA,200000,2025-01-18T00:00:00.000Z,2025-01-18 00:00:00+00:00,591
1155,Andhra Pradesh,Andhra Pradesh,AMALAPURAM,AMALAPURAM,Kakinada(DISTRICT COLLECTOR KAKINADA_IDA),Kakinada(DISTRICT COLLECTOR KAKINADA_IDA),Repair and Renovation,Repair and Renovation,2000000,Recommended,Recommended,2025-03-01T00:00:00.000Z,2025,Lok Sabha,18,0,False,0,0,Repairs and improvements to the Rope way bridge across Athreya Paya in Korangi (V) of Tallarevu (M),Repairs and improvements to the Rope way bridge across Athreya Paya in Korangi (V) of Tallarevu (M),,GM Harish Balayogi,,AMALAPURAM,2000000,2025-03-01T00:00:00.000Z,2025-03-01 00:00:00+00:00,549
166429,Andhra Pradesh,Andhra Pradesh,KADAPA,KADAPA,Y.S.R. Kadapa(DISTRICT COLLECTOR CUDDAPAH_IDA),Y.S.R. Kadapa(DISTRICT COLLECTOR CUDDAPAH_IDA),Normal/Others,Normal/Others,200000,Recommended,Recommended,2025-01-18T00:00:00.000Z,2025,Lok Sabha,18,0,False,0,0,Formation of Gravel Road from Church to P Sesha reddy fields in Nandipalli village of vanampula GP of Badvel Mandal,Formation of Gravel Road from Church to P Sesha reddy fields in Nandipalli village of vanampula GP of Badvel Mandal,,Y S Avinash Reddy,,KADAPA,200000,2025-01-18T00:00:00.000Z,2025-01-18 00:00:00+00:00,591
151582,Andhra Pradesh,Andhra Pradesh,RAJAMPET,RAJAMPET,Annamayya(DISTRICT COLLECTOR ANNAMAYYA_IDA),Annamayya(DISTRICT COLLECTOR ANNAMAYYA_IDA),Normal/Others,Normal/Others,500000,Recommended,Recommended,2024-11-14T00:00:00.000Z,2024,Lok Sabha,18,0,False,0,0,Laying of Internal CC Road from Syed Khan House to Burial Ground in Bhagampalli (V&G.P),Laying of Internal CC Road from Syed Khan House to Burial Ground in Bhagampalli (V&G.P),,Midhun Reddy,,RAJAMPET,500000,2024-11-14T00:00:00.000Z,2024-11-14 00:00:00+00:00,656
166435,Andhra Pradesh,Andhra Pradesh,KADAPA,KADAPA,Y.S.R. Kadapa(DISTRICT COLLECTOR CUDDAPAH_IDA),Y.S.R. Kadapa(DISTRICT COLLECTOR CUDDAPAH_IDA),Normal/Others,Normal/Others,250000,Recommended,Recommended,2025-01-18T00:00:00.000Z,2025,Lok Sabha,18,0,True,249920,1,Formation of Gravel Road from  Lekkavaripalli village to Karatala alakshumaiah fields in Lekkavaripalli village  of Kaluvapalli GP Of gopavaram mandal,Formation of Gravel Road from  Lekkavaripalli village to Karatala alakshumaiah fields in Lekkavaripalli village  of Kaluvapalli GP Of gopavaram mandal,,Y S Avinash Reddy,,KADAPA,250000,2025-01-18T00:00:00.000Z,2025-01-18 00:00:00+00:00,591
166440,Andhra Pradesh,Andhra Pradesh,KADAPA,KADAPA,Y.S.R. Kadapa(DISTRICT COLLECTOR CUDDAPAH_IDA),Y.S.R. Kadapa(DISTRICT COLLECTOR CUDDAPAH_IDA),Normal/Others,Normal/Others,300000,Recommended,Recommended,2025-01-18T00:00:00.000Z,2025,Lok Sabha,18,0,False,0,0,Laying of CC road in varikuntla village  GP of SAKN Mandal,Laying of CC road in varikuntla village  GP of SAKN Mandal,,Y S Avinash Reddy,,KADAPA,300000,2025-01-18T00:00:00.000Z,2025-01-18 00:00:00+00:00,591
152143,Andhra Pradesh,Andhra Pradesh,ARAKU,ARAKU,Alluri Sitharama Raju(DISTRICT COLLECTOR ALLURI SITHARAMARAJU_IDA),Alluri Sitharama Raju(DISTRICT COLLECTOR ALLURI SITHARAMARAJU_IDA),Normal/Others,Normal/Others,1394400,Recommended,Recommended,2024-11-12T00:00:00.000Z,2024,Lok Sabha,18,0,True,1394400,1,purchase of street lights,purchase of street lights,,Gumma Thanuja Rani,,ARAKU,1394400,2024-11-12T00:00:00.000Z,2024-11-12 00:00:00+00:00,658
166443,Andhra Pradesh,Andhra Pradesh,KADAPA,KADAPA,Y.S.R. Kadapa(DISTRICT COLLECTOR CUDDAPAH_IDA),Y.S.R. Kadapa(DISTRICT COLLECTOR CUDDAPAH_IDA),Normal/Others,Normal/Others,300000,Recommended,Recommended,2025-01-18T00:00:00.000Z,2025,Lok Sabha,18,0,False,0,0,"Foramtion of Gravel Road from  Arya - Vyshya Burial Ground  to Thummachettu Mitta( G- Manu Mitta) of Porumamilla village , GP  Mandal","Foramtion of Gravel Road from  Arya - Vyshya Burial Ground  to Thummachettu Mitta( G- Manu Mitta) of Porumamilla village , GP  Mandal",,Y S Avinash Reddy,,KADAPA,300000,2025-01-18T00:00:00.000Z,2025-01-18 00:00:00+00:00,591
166546,Andhra Pradesh,Andhra Pradesh,GUNTUR,GUNTUR,GUNTUR(DISTRICT COLLECTOR GUNTUR_IDA),GUNTUR(DISTRICT COLLECTOR GUNTUR_IDA),Normal/Others,Normal/Others,5000000,Recommended,Recommended,2025-01-19T00:00:00.000Z,2025,Lok Sabha,18,0,True,4939780,1,"Providing Amenities to Community Hall in Narakoduru village of Chebrolu Mandal, Guntur District","Providing Amenities to Community Hall in Narakoduru village of Chebrolu Mandal, Guntur District",,Dr Chandra Sekhar Pemmasani,,GUNTUR,5000000,2025-01-19T00:00:00.000Z,2025-01-19 00:00:00+00:00,590
152146,Andhra Pradesh,Andhra Pradesh,ARAKU,ARAKU,Alluri Sitharama Raju(DISTRICT COLLECTOR ALLURI SITHARAMARAJU_IDA),Alluri Sitharama Raju(DISTRICT COLLECTOR ALLURI SITHARAMARAJU_IDA),Normal/Others,Normal/Others,1394400,Recommended,Recommended,2024-11-12T00:00:00.000Z,2024,Lok Sabha,18,0,True,1394400,1,purchase of street lights,purchase of street lights,,Gumma Thanuja Rani,,ARAKU,1394400,2024-11-12T00:00:00.000Z,2024-11-12 00:00:00+00:00,658
167461,Andhra Pradesh,Andhra Pradesh,NELLORE,NELLORE,Sri Potti Sriramulu Nellore(DISTRICT COLLECTOR NELLORE_IDA),Sri Potti Sriramulu Nellore(DISTRICT COLLECTOR NELLORE_IDA),Normal/Others,Normal/Others,500000,Recommended,Recommended,2025-01-21T00:00:00.000Z,2025,Lok Sabha,18,0,True,345226,1,Construction of Compound Wall at Main Burial Ground Front Side wall in Yallayapalem Grama Panchyat  in Kodavalur Mandal,Construction of Compound Wall at Main Burial Ground Front Side wall in Yallayapalem Grama Panchyat  in Kodavalur Mandal,,PRABHAKAR REDDY VEMIREDDY,,NELLORE,500000,2025-01-21T00:00:00.000Z,2025-01-21 00:00:00+00:00,588
168682,Andhra Pradesh,Andhra Pradesh,SRIKAKULAM,SRIKAKULAM,SRIKAKULAM(District Collector Srikakulam_IDA),SRIKAKULAM(District Collector Srikakulam_IDA),Normal/Others,Normal/Others,500000,Recommended,Recommended,2025-01-24T00:00:00.000Z,2025,Lok Sabha,18,0,True,277290,1,Construction of Community Hall at Thotavuru Village of Sirimamidi GP of Sompeta mandal,Construction of Community Hall at Thotavuru Village of Sirimamidi GP of Sompeta mandal,,Kinjarapu Ram Mohan Naidu,,SRIKAKULAM,500000,2025-01-24T00:00:00.000Z,2025-01-24 00:00:00+00:00,585
152250,Andhra Pradesh,Andhra Pradesh,KADAPA,KADAPA,Y.S.R. Kadapa(DISTRICT COLLECTOR CUDDAPAH_IDA),Y.S.R. Kadapa(DISTRICT COLLECTOR CUDDAPAH_IDA),Normal/Others,Normal/Others,300000,Recommended,Recommended,2024-11-13T00:00:00.000Z,2024,Lok Sabha,18,0,False,0,0,Formation of Road upto Gravel surface from R& B road at S.Kothapalli village to Yerragudi Devudu Manam of S.Kothapalli village of sankepalli GP in Kondapuram Mandal,Formation of Road upto Gravel surface from R& B road at S.Kothapalli village to Yerragudi Devudu Manam of S.Kothapalli village of sankepalli GP in Kondapuram Mandal,,Y S Avinash Reddy,,KADAPA,300000,2024-11-13T00:00:00.000Z,2024-11-13 00:00:00+00:00,657
168892,Andhra Pradesh,Andhra Pradesh,ELURU,ELURU,Eluru(DISTRICT COLLECTOR ELURU_IDA),Eluru(DISTRICT COLLECTOR ELURU_IDA),Normal/Others,Normal/Others,1000000,Recommended,Recommended,2025-01-25T00:00:00.000Z,2025,Lok Sabha,18,0,False,0,0,Construction of Multipurpose Hall at Kothapalli village of Lingapalem Mandal,Construction of Multipurpose Hall at Kothapalli village of Lingapalem Mandal,,Putta Mahesh Kumar,,ELURU,1000000,2025-01-25T00:00:00.000Z,2025-01-25 00:00:00+00:00,584
1199,Andhra Pradesh,Andhra Pradesh,ARAKU,ARAKU,"EAST GODAVARI(DISTRICT COLLECTOR, EAST GODAVARI)","EAST GODAVARI(DISTRICT COLLECTOR, EAST GODAVARI)",Normal/Others,Normal/Others,500000,Recommended,Recommended,2025-03-25T00:00:00.000Z,2025,Lok Sabha,18,0,False,0,0,"Construction of CC drainage at M.Mallavaram village, Gokavaram Mandal","Construction of CC drainage at M.Mallavaram village, Gokavaram Mandal",,Gumma Thanuja Rani,,ARAKU,500000,2025-03-25T00:00:00.000Z,2025-03-25 00:00:00+00:00,525
168927,Andhra Pradesh,Andhra Pradesh,RAJAMPET,RAJAMPET,Annamayya(DISTRICT COLLECTOR ANNAMAYYA_IDA),Annamayya(DISTRICT COLLECTOR ANNAMAYYA_IDA),Normal/Others,Normal/Others,200000,Recommended,Recommended,2025-01-30T00:00:00.000Z,2025,Lok Sabha,18,0,False,0,0,"Providing Borewell in Ankemvaripalli (V), Near Sachivalayam 3, Kalikiri G.P","Providing Borewell in Ankemvaripalli (V), Near Sachivalayam 3, Kalikiri G.P",,Midhun Reddy,,RAJAMPET,200000,2025-01-30T00:00:00.000Z,2025-01-30 00:00:00+00:00,579
152252,Andhra Pradesh,Andhra Pradesh,KADAPA,KADAPA,Y.S.R. Kadapa(DISTRICT COLLECTOR CUDDAPAH_IDA),Y.S.R. Kadapa(DISTRICT COLLECTOR CUDDAPAH_IDA),Normal/Others,Normal/Others,400000,Recommended,Recommended,2024-11-13T00:00:00.000Z,2024,Lok Sabha,18,0,False,0,0,Formation of Road upto Gravel Surface from K.Manohar Reddy Fields to Kulaya Reddy Fields and other areas at B.Kottalapalli village and GP of Kondapuram Mandal,Formation of Road upto Gravel Surface from K.Manohar Reddy Fields to Kulaya Reddy Fields and other areas at B.Kottalapalli village and GP of Kondapuram Mandal,,Y S Avinash Reddy,,KADAPA,400000,2024-11-13T00:00:00.000Z,2024-11-13 00:00:00+00:00,657
169342,Andhra Pradesh,Andhra Pradesh,SRIKAKULAM,SRIKAKULAM,SRIKAKULAM(District Collector Srikakulam_IDA),SRIKAKULAM(District Collector Srikakulam_IDA),Normal/Others,Normal/Others,900000,Recommended,Recommended,2025-01-27T00:00:00.000Z,2025,Lok Sabha,18,0,True,718160,1,"Construction of Cremation Shed in Vadada village of Vadada GP, Gara mandal","Construction of Cremation Shed in Vadada village of Vadada GP, Gara mandal",,Kinjarapu Ram Mohan Naidu,,SRIKAKULAM,900000,2025-01-27T00:00:00.000Z,2025-01-27 00:00:00+00:00,582
169477,Andhra Pradesh,Andhra Pradesh,ELURU,ELURU,Eluru(DISTRICT COLLECTOR ELURU_IDA),Eluru(DISTRICT COLLECTOR ELURU_IDA),Normal/Others,Normal/Others,2000000,Recommended,Recommended,2025-01-28T00:00:00.000Z,2025,Lok Sabha,18,0,True,1947249,1,"Construction of 4Th Floor to existing Multipurpose Hall at Vallurivari Street Powerpeta ,Eluru Municipal Corporation Eluru","Construction of 4Th Floor to existing Multipurpose Hall at Vallurivari Street Powerpeta ,Eluru Municipal Corporation Eluru",,Putta Mahesh Kumar,,ELURU,2000000,2025-01-28T00:00:00.000Z,2025-01-28 00:00:00+00:00,581
152573,Andhra Pradesh,Andhra Pradesh,RAJAMPET,RAJAMPET,Annamayya(DISTRICT COLLECTOR ANNAMAYYA_IDA),Annamayya(DISTRICT COLLECTOR ANNAMAYYA_IDA),Normal/Others,Normal/Others,250000,Recommended,Recommended,2024-11-14T00:00:00.000Z,2024,Lok Sabha,18,0,False,0,0,"Providing Borewell, Pipe Line & Motor in Kummarapalli (V), Odiveedu (G.P)","Providing Borewell, Pipe Line & Motor in Kummarapalli (V), Odiveedu (G.P)",,Midhun Reddy,,RAJAMPET,250000,2024-11-14T00:00:00.000Z,2024-11-14 00:00:00+00:00,656
169611,Andhra Pradesh,Andhra Pradesh,VIZIANAGARAM,VIZIANAGARAM,VIZIANAGARAM(DISTRICT COLLECTOR VIZIANAGARAM_IDA),VIZIANAGARAM(DISTRICT COLLECTOR VIZIANAGARAM_IDA),Normal/Others,Normal/Others,1050000,Recommended,Recommended,2025-01-28T00:00:00.000Z,2025,Lok Sabha,18,0,False,0,0,Providing R.O Plant with Water Coller at Gantyada Village of Gantyada Mandal.,Providing R.O Plant with Water Coller at Gantyada Village of Gantyada Mandal.,,Appalanaidu Kalisetti,,VIZIANAGARAM,1050000,2025-01-28T00:00:00.000Z,2025-01-28 00:00:00+00:00,581
224539,Andaman And Nicobar Islands,Andaman And Nicobar Islands,ANDAMAN AND NICOBAR ISLANDS,ANDAMAN AND NICOBAR ISLANDS,NICOBARS(DEPUTY COMMISSIONER NICOBAR_IDA),NICOBARS(DEPUTY COMMISSIONER NICOBAR_IDA),Normal/Others,Normal/Others,2000000,Recommended,Recommended,2025-08-03T00:00:00.000Z,2025,Lok Sabha,18,0,False,0,0,Purchase and supply of 01 No. Hearse Van for transportation of deceased bodies in Car Nicobar,Purchase and supply of 01 No. Hearse Van for transportation of deceased bodies in Car Nicobar,,BISHNU PADA RAY,,ANDAMAN AND NICOBAR ISLANDS,2000000,2025-08-03T00:00:00.000Z,2025-08-03 00:00:00+00:00,394
169621,Andhra Pradesh,Andhra Pradesh,VIZIANAGARAM,VIZIANAGARAM,VIZIANAGARAM(DISTRICT COLLECTOR VIZIANAGARAM_IDA),VIZIANAGARAM(DISTRICT COLLECTOR VIZIANAGARAM_IDA),Normal/Others,Normal/Others,1050000,Recommended,Recommended,2025-01-28T00:00:00.000Z,2025,Lok Sabha,18,0,True,1037817,1,Providing R.O Plant with Water Coller at Gajapathinagaram Village of Gajpathinagaram Mandal,Providing R.O Plant with Water Coller at Gajapathinagaram Village of Gajpathinagaram Mandal,,Appalanaidu Kalisetti,,VIZIANAGARAM,1050000,2025-01-28T00:00:00.000Z,2025-01-28 00:00:00+00:00,581
152586,Andhra Pradesh,Andhra Pradesh,RAJAMPET,RAJAMPET,Annamayya(DISTRICT COLLECTOR ANNAMAYYA_IDA),Annamayya(DISTRICT COLLECTOR ANNAMAYYA_IDA),Normal/Others,Normal/Others,200000,Recommended,Recommended,2024-11-14T00:00:00.000Z,2024,Lok Sabha,18,0,False,0,0,"Providing Borewell at Venkateswara ST Colony, Tkammapalli (G.P)","Providing Borewell at Venkateswara ST Colony, Tkammapalli (G.P)",,Midhun Reddy,,RAJAMPET,200000,2024-11-14T00:00:00.000Z,2024-11-14 00:00:00+00:00,656
169793,Andhra Pradesh,Andhra Pradesh,SRIKAKULAM,SRIKAKULAM,SRIKAKULAM(District Collector Srikakulam_IDA),SRIKAKULAM(District Collector Srikakulam_IDA),Normal/Others,Normal/Others,2000000,Recommended,Recommended,2025-01-29T00:00:00.000Z,2025,Lok Sabha,18,0,True,766593,1,Construction of Rooms and Halls in the existing Public and Community Buildings at Bus Stand in Kotabommali village of Kotabommali mandal,Construction of Rooms and Halls in the existing Public and Community Buildings at Bus Stand in Kotabommali village of Kotabommali mandal,,Kinjarapu Ram Mohan Naidu,,SRIKAKULAM,2000000,2025-01-29T00:00:00.000Z,2025-01-29 00:00:00+00:00,580
169799,Andhra Pradesh,Andhra Pradesh,SRIKAKULAM,SRIKAKULAM,SRIKAKULAM(District Collector Srikakulam_IDA),SRIKAKULAM(District Collector Srikakulam_IDA),Normal/Others,Normal/Others,500000,Recommended,Recommended,2025-01-29T00:00:00.000Z,2025,Lok Sabha,18,0,False,0,0,Construction of Community Hall at Lakkavaram village of Palasapuram GP of Sompeta mandal.,Construction of Community Hall at Lakkavaram village of Palasapuram GP of Sompeta mandal.,,Kinjarapu Ram Mohan Naidu,,SRIKAKULAM,500000,2025-01-29T00:00:00.000Z,2025-01-29 00:00:00+00:00,580
152589,Andhra Pradesh,Andhra Pradesh,RAJAMPET,RAJAMPET,Annamayya(DISTRICT COLLECTOR ANNAMAYYA_IDA),Annamayya(DISTRICT COLLECTOR ANNAMAYYA_IDA),Normal/Others,Normal/Others,200000,Recommended,Recommended,2024-11-14T00:00:00.000Z,2024,Lok Sabha,18,0,True,184805,1,Construction of Compound wall to Hindu Burail Ground in Pullampeta (V&G.P),Construction of Compound wall to Hindu Burail Ground in Pullampeta (V&G.P),,Midhun Reddy,,RAJAMPET,200000,2024-11-14T00:00:00.000Z,2024-11-14 00:00:00+00:00,656
169812,Andhra Pradesh,Andhra Pradesh,GUNTUR,GUNTUR,GUNTUR(DISTRICT COLLECTOR GUNTUR_IDA),GUNTUR(DISTRICT COLLECTOR GUNTUR_IDA),Normal/Others,Normal/Others,500000,Recommended,Recommended,2025-02-06T00:00:00.000Z,2025,Lok Sabha,18,0,True,483814,1,"Providing internal CC roads in Pamulapadu (V) of Tadikonda Mandal, Guntur District","Providing internal CC roads in Pamulapadu (V) of Tadikonda Mandal, Guntur District",,Dr Chandra Sekhar Pemmasani,,GUNTUR,500000,2025-02-06T00:00:00.000Z,2025-02-06 00:00:00+00:00,572
1294,Andhra Pradesh,Andhra Pradesh,ANAKAPALLE,ANAKAPALLE,Y.S.R. Kadapa(DISTRICT COLLECTOR CUDDAPAH_IDA),Y.S.R. Kadapa(DISTRICT COLLECTOR CUDDAPAH_IDA),Repair and Renovation,Repair and Renovation,2480752,Recommended,Recommended,2025-05-07T00:00:00.000Z,2025,Lok Sabha,18,0,False,0,0,Urgent repairs to Kamalapuram - Potladurthi road from KM 18-110 - 18-200 near Potladurthi Village of Yerraguntla Mandal in YSR Kadapa District,Urgent repairs to Kamalapuram - Potladurthi road from KM 18-110 - 18-200 near Potladurthi Village of Yerraguntla Mandal in YSR Kadapa District,,C.M.RAMESH,,ANAKAPALLE,2480752,2025-05-07T00:00:00.000Z,2025-05-07 00:00:00+00:00,482
169818,Andhra Pradesh,Andhra Pradesh,GUNTUR,GUNTUR,GUNTUR(DISTRICT COLLECTOR GUNTUR_IDA),GUNTUR(DISTRICT COLLECTOR GUNTUR_IDA),Normal/Others,Normal/Others,500000,Recommended,Recommended,2025-02-06T00:00:00.000Z,2025,Lok Sabha,18,0,True,481043,1,"Providing internal CC roads in Vemavaram (V) of Phirangipuram Mandal, Guntur District","Providing internal CC roads in Vemavaram (V) of Phirangipuram Mandal, Guntur District",,Dr Chandra Sekhar Pemmasani,,GUNTUR,500000,2025-02-06T00:00:00.000Z,2025-02-06 00:00:00+00:00,572
152984,Andhra Pradesh,Andhra Pradesh,KADAPA,KADAPA,Y.S.R. Kadapa(DISTRICT COLLECTOR CUDDAPAH_IDA),Y.S.R. Kadapa(DISTRICT COLLECTOR CUDDAPAH_IDA),Normal/Others,Normal/Others,300000,Recommended,Recommended,2024-12-14T00:00:00.000Z,2024,Lok Sabha,18,0,False,0,0,Formation of Road upto Gravel Surface from Vara Lakshmi Fields to N Pedha Obulesu Fields at B Kottalapalli (V &GP) of Kondapuram Mandal,Formation of Road upto Gravel Surface from Vara Lakshmi Fields to N Pedha Obulesu Fields at B Kottalapalli (V &GP) of Kondapuram Mandal,,Y S Avinash Reddy,,KADAPA,300000,2024-12-14T00:00:00.000Z,2024-12-14 00:00:00+00:00,626
170942,Andhra Pradesh,Andhra Pradesh,GUNTUR,GUNTUR,GUNTUR(DISTRICT COLLECTOR GUNTUR_IDA),GUNTUR(DISTRICT COLLECTOR GUNTUR_IDA),Normal/Others,Normal/Others,1000000,Recommended,Recommended,2025-02-06T00:00:00.000Z,2025,Lok Sabha,18,0,False,0,0,"Construction of Karma shala building in Hindu Burial ground at Vengalayapalem (V) of Guntur Rural Mandal, Guntur District","Construction of Karma shala building in Hindu Burial ground at Vengalayapalem (V) of Guntur Rural Mandal, Guntur District",,Dr Chandra Sekhar Pemmasani,,GUNTUR,1000000,2025-02-06T00:00:00.000Z,2025-02-06 00:00:00+00:00,572
172266,Andhra Pradesh,Andhra Pradesh,ANANTAPUR,ANANTAPUR,Ananthapuramu(DISTRICT COLLECTOR ANANTAPUR_IDA),Ananthapuramu(DISTRICT COLLECTOR ANANTAPUR_IDA),Normal/Others,Normal/Others,500000,Recommended,Recommended,2025-02-03T00:00:00.000Z,2025,Lok Sabha,18,0,False,0,0,"Providing Bus Shelter at Nemakal (V), Bommanhal (M)","Providing Bus Shelter at Nemakal (V), Bommanhal (M)",,AMBICA G LAKSHMINARAYANA VALMIKI,,ANANTAPUR,500000,2025-02-03T00:00:00.000Z,2025-02-03 00:00:00+00:00,575
155540,Andhra Pradesh,Andhra Pradesh,KADAPA,KADAPA,Y.S.R. Kadapa(DISTRICT COLLECTOR CUDDAPAH_IDA),Y.S.R. Kadapa(DISTRICT COLLECTOR CUDDAPAH_IDA),Normal/Others,Normal/Others,300000,Recommended,Recommended,2024-12-14T00:00:00.000Z,2024,Lok Sabha,18,0,False,0,0,"Construction of Bus Shelter at ZPHS  High School at Nallapureddypalli Village,  Erraballi GP of Pulivendula Mandal","Construction of Bus Shelter at ZPHS  High School at Nallapureddypalli Village,  Erraballi GP of Pulivendula Mandal",,Y S Avinash Reddy,,KADAPA,300000,2024-12-14T00:00:00.000Z,2024-12-14 00:00:00+00:00,626
172278,Andhra Pradesh,Andhra Pradesh,ANANTAPUR,ANANTAPUR,Ananthapuramu(DISTRICT COLLECTOR ANANTAPUR_IDA),Ananthapuramu(DISTRICT COLLECTOR ANANTAPUR_IDA),Normal/Others,Normal/Others,500000,Recommended,Recommended,2025-02-03T00:00:00.000Z,2025,Lok Sabha,18,0,True,356063,1,"Construction of Compound Wall to OHSR tank at Mamuduru (V), Gooty (M)","Construction of Compound Wall to OHSR tank at Mamuduru (V), Gooty (M)",,AMBICA G LAKSHMINARAYANA VALMIKI,,ANANTAPUR,500000,2025-02-03T00:00:00.000Z,2025-02-03 00:00:00+00:00,575
173829,Andhra Pradesh,Andhra Pradesh,HINDUPUR,HINDUPUR,Sri Sathya Sai(DISTRICT COLLECTOR SRI SATHYA SAI_IDA),Sri Sathya Sai(DISTRICT COLLECTOR SRI SATHYA SAI_IDA),Normal/Others,Normal/Others,500000,Recommended,Recommended,2025-02-06T00:00:00.000Z,2025,Lok Sabha,18,0,False,0,0,Construction of Bus shelter at Rajiv Gandhi circle at in survey No. 435-3 of Madakasira Nagarapanchayat.,Construction of Bus shelter at Rajiv Gandhi circle at in survey No. 435-3 of Madakasira Nagarapanchayat.,,B K PARTHASARATHI,,HINDUPUR,500000,2025-02-06T00:00:00.000Z,2025-02-06 00:00:00+00:00,572
155623,Andhra Pradesh,Andhra Pradesh,RAJAMPET,RAJAMPET,Annamayya(DISTRICT COLLECTOR ANNAMAYYA_IDA),Annamayya(DISTRICT COLLECTOR ANNAMAYYA_IDA),Normal/Others,Normal/Others,500000,Recommended,Recommended,2024-11-28T00:00:00.000Z,2024,Lok Sabha,18,0,False,0,0,"Providing Borewell & Pump Set & Pipeline from Othacheruvu to Badiselavanka, Thimmasamudram (G.P)","Providing Borewell & Pump Set & Pipeline from Othacheruvu to Badiselavanka, Thimmasamudram (G.P)",,Midhun Reddy,,RAJAMPET,500000,2024-11-28T00:00:00.000Z,2024-11-28 00:00:00+00:00,642
173831,Andhra Pradesh,Andhra Pradesh,HINDUPUR,HINDUPUR,Sri Sathya Sai(DISTRICT COLLECTOR SRI SATHYA SAI_IDA),Sri Sathya Sai(DISTRICT COLLECTOR SRI SATHYA SAI_IDA),Normal/Others,Normal/Others,500000,Recommended,Recommended,2025-02-06T00:00:00.000Z,2025,Lok Sabha,18,0,False,0,0,Construction of Bus shelter in Survey No.108-1A at Dodderi Village of Rolla (M),Construction of Bus shelter in Survey No.108-1A at Dodderi Village of Rolla (M),,B K PARTHASARATHI,,HINDUPUR,500000,2025-02-06T00:00:00.000Z,2025-02-06 00:00:00+00:00,572
173837,Andhra Pradesh,Andhra Pradesh,HINDUPUR,HINDUPUR,Sri Sathya Sai(DISTRICT COLLECTOR SRI SATHYA SAI_IDA),Sri Sathya Sai(DISTRICT COLLECTOR SRI SATHYA SAI_IDA),Normal/Others,Normal/Others,500000,Recommended,Recommended,2025-02-06T00:00:00.000Z,2025,Lok Sabha,18,0,False,0,0,Construction of compound wall to Ambedkar Smruthi Vanam SC in Sno 593-1 of Amarapuram(V)M,Construction of compound wall to Ambedkar Smruthi Vanam SC in Sno 593-1 of Amarapuram(V)M,,B K PARTHASARATHI,,HINDUPUR,500000,2025-02-06T00:00:00.000Z,2025-02-06 00:00:00+00:00,572
156397,Andhra Pradesh,Andhra Pradesh,HINDUPUR,HINDUPUR,Ananthapuramu(DISTRICT COLLECTOR ANANTAPUR_IDA),Ananthapuramu(DISTRICT COLLECTOR ANANTAPUR_IDA),Normal/Others,Normal/Others,500000,Recommended,Recommended,2024-12-02T00:00:00.000Z,2024,Lok Sabha,18,0,True,498353,1,Improvement of electricity distribution infrastructure,Improvement of electricity distribution infrastructure,,B K PARTHASARATHI,,HINDUPUR,500000,2024-12-02T00:00:00.000Z,2024-12-02 00:00:00+00:00,638
174787,Andhra Pradesh,Andhra Pradesh,VIZIANAGARAM,VIZIANAGARAM,VIZIANAGARAM(DISTRICT COLLECTOR VIZIANAGARAM_IDA),VIZIANAGARAM(DISTRICT COLLECTOR VIZIANAGARAM_IDA),Normal/Others,Normal/Others,200000,Recommended,Recommended,2025-02-10T00:00:00.000Z,2025,Lok Sabha,18,0,False,0,0,Construction of CC Drains from Yarabala Eswar rao House to Reddi Savitramma House at Ambedkar colony in ward No.10 of Bobbili Municipality,Construction of CC Drains from Yarabala Eswar rao House to Reddi Savitramma House at Ambedkar colony in ward No.10 of Bobbili Municipality,,Appalanaidu Kalisetti,,VIZIANAGARAM,200000,2025-02-10T00:00:00.000Z,2025-02-10 00:00:00+00:00,568
1344,Andhra Pradesh,Andhra Pradesh,VIZIANAGARAM,VIZIANAGARAM,Anakapalli(DISTRICT COLLECTOR ANAKAPALLI_IDA),Anakapalli(DISTRICT COLLECTOR ANAKAPALLI_IDA),Normal/Others,Normal/Others,992839,Recommended,Recommended,2025-05-29T00:00:00.000Z,2025,Lok Sabha,18,0,False,0,0,"Developmental Works of Intrepretation centre at Sri Alluri Seetharamaraju Memorial Park,Krishnadevipeta,Golugonda Mandal of Anakapalli District","Developmental Works of Intrepretation centre at Sri Alluri Seetharamaraju Memorial Park,Krishnadevipeta,Golugonda Mandal of Anakapalli District",,Appalanaidu Kalisetti,,VIZIANAGARAM,992839,2025-05-29T00:00:00.000Z,2025-05-29 00:00:00+00:00,460
175376,Andhra Pradesh,Andhra Pradesh,ELURU,ELURU,Eluru(DISTRICT COLLECTOR ELURU_IDA),Eluru(DISTRICT COLLECTOR ELURU_IDA),Normal/Others,Normal/Others,2000000,Recommended,Recommended,2025-02-13T00:00:00.000Z,2025,Lok Sabha,18,0,False,0,0,Construction of Multipurpose Hall Located Near JB Park(SC area)Ameenapeta of Eluru,Construction of Multipurpose Hall Located Near JB Park(SC area)Ameenapeta of Eluru,,Putta Mahesh Kumar,,ELURU,2000000,2025-02-13T00:00:00.000Z,2025-02-13 00:00:00+00:00,565
157017,Andhra Pradesh,Andhra Pradesh,KADAPA,KADAPA,Y.S.R. Kadapa(DISTRICT COLLECTOR CUDDAPAH_IDA),Y.S.R. Kadapa(DISTRICT COLLECTOR CUDDAPAH_IDA),Normal/Others,Normal/Others,400000,Recommended,Recommended,2024-12-14T00:00:00.000Z,2024,Lok Sabha,18,0,False,0,0,Electrification of Colony at Nallapureddypalli Village Errabali GP of Pulivendula Mandal,Electrification of Colony at Nallapureddypalli Village Errabali GP of Pulivendula Mandal,,Y S Avinash Reddy,,KADAPA,400000,2024-12-14T00:00:00.000Z,2024-12-14 00:00:00+00:00,626
176275,Andhra Pradesh,Andhra Pradesh,VIZIANAGARAM,VIZIANAGARAM,VIZIANAGARAM(DISTRICT COLLECTOR VIZIANAGARAM_IDA),VIZIANAGARAM(DISTRICT COLLECTOR VIZIANAGARAM_IDA),Normal/Others,Normal/Others,300000,Recommended,Recommended,2025-02-18T00:00:00.000Z,2025,Lok Sabha,18,0,False,0,0,Extension of CC Road from Pedda Veedhi R and B Road to Bethanapalli Sugreevudu House in Penta Village of Bobbili Mandal,Extension of CC Road from Pedda Veedhi R and B Road to Bethanapalli Sugreevudu House in Penta Village of Bobbili Mandal,,Appalanaidu Kalisetti,,VIZIANAGARAM,300000,2025-02-18T00:00:00.000Z,2025-02-18 00:00:00+00:00,560
176288,Andhra Pradesh,Andhra Pradesh,VIZIANAGARAM,VIZIANAGARAM,VIZIANAGARAM(DISTRICT COLLECTOR VIZIANAGARAM_IDA),VIZIANAGARAM(DISTRICT COLLECTOR VIZIANAGARAM_IDA),Normal/Others,Normal/Others,1200000,Recommended,Recommended,2025-02-18T00:00:00.000Z,2025,Lok Sabha,18,0,False,0,0,Construction of Community Hall in Kondarajupalem Village Covered in Kongavanipalem Revenue Village of Bhogapuram Mandal,Construction of Community Hall in Kondarajupalem Village Covered in Kongavanipalem Revenue Village of Bhogapuram Mandal,,Appalanaidu Kalisetti,,VIZIANAGARAM,1200000,2025-02-18T00:00:00.000Z,2025-02-18 00:00:00+00:00,560
157138,Andhra Pradesh,Andhra Pradesh,HINDUPUR,HINDUPUR,Sri Sathya Sai(DISTRICT COLLECTOR SRI SATHYA SAI_IDA),Sri Sathya Sai(DISTRICT COLLECTOR SRI SATHYA SAI_IDA),Normal/Others,Normal/Others,8000000,Recommended,Recommended,2024-12-06T00:00:00.000Z,2024,Lok Sabha,18,0,True,5892449,2,construction of community hall at Survey No. 294-2 of Parigi village,construction of community hall at Survey No. 294-2 of Parigi village,,B K PARTHASARATHI,,HINDUPUR,8000000,2024-12-06T00:00:00.000Z,2024-12-06 00:00:00+00:00,634
178911,Andhra Pradesh,Andhra Pradesh,RAJAHMUNDRY,RAJAHMUNDRY,"EAST GODAVARI(DISTRICT COLLECTOR, EAST GODAVARI)","EAST GODAVARI(DISTRICT COLLECTOR, EAST GODAVARI)",Normal/Others,Normal/Others,5000000,Recommended,Recommended,2025-03-12T00:00:00.000Z,2025,Lok Sabha,18,0,False,0,0,Construction of a Multipurpose Activity Centre in the SC Locality near Ambedkar Statue in Dharnikota of Anaparthi Vilalge,Construction of a Multipurpose Activity Centre in the SC Locality near Ambedkar Statue in Dharnikota of Anaparthi Vilalge,,Daggubati Purandeshwari,,RAJAHMUNDRY,5000000,2025-03-12T00:00:00.000Z,2025-03-12 00:00:00+00:00,538
175559,Andaman And Nicobar Islands,Andaman And Nicobar Islands,ANDAMAN AND NICOBAR ISLANDS,ANDAMAN AND NICOBAR ISLANDS,SOUTH ANDAMANS(Implementing District Authority(SA)),SOUTH ANDAMANS(Implementing District Authority(SA)),Normal/Others,Normal/Others,976436,Recommended,Recommended,2025-02-14T00:00:00.000Z,2025,Lok Sabha,18,0,True,730885,1,"Extension of Multipurpse Hall at Nayagaon near Juvenile Home, Port Blair","Extension of Multipurpse Hall at Nayagaon near Juvenile Home, Port Blair",,BISHNU PADA RAY,,ANDAMAN AND NICOBAR ISLANDS,976436,2025-02-14T00:00:00.000Z,2025-02-14 00:00:00+00:00,564
179124,Andhra Pradesh,Andhra Pradesh,RAJAHMUNDRY,RAJAHMUNDRY,"EAST GODAVARI(DISTRICT COLLECTOR, EAST GODAVARI)","EAST GODAVARI(DISTRICT COLLECTOR, EAST GODAVARI)",Normal/Others,Normal/Others,8000000,Recommended,Recommended,2025-03-12T00:00:00.000Z,2025,Lok Sabha,18,0,False,0,0,Construction of additional infrastructure at Phule Ambedkar Bhavan in the Municipal Corporation of Rajamahendravaram,Construction of additional infrastructure at Phule Ambedkar Bhavan in the Municipal Corporation of Rajamahendravaram,,Daggubati Purandeshwari,,RAJAHMUNDRY,8000000,2025-03-12T00:00:00.000Z,2025-03-12 00:00:00+00:00,538
157510,Andhra Pradesh,Andhra Pradesh,ANANTAPUR,ANANTAPUR,Ananthapuramu(DISTRICT COLLECTOR ANANTAPUR_IDA),Ananthapuramu(DISTRICT COLLECTOR ANANTAPUR_IDA),Normal/Others,Normal/Others,1000000,Recommended,Recommended,2024-12-09T00:00:00.000Z,2024,Lok Sabha,18,0,False,0,0,Construction of SC Community Hall in Kothapalli village of Kambadur Mandal,Construction of SC Community Hall in Kothapalli village of Kambadur Mandal,,AMBICA G LAKSHMINARAYANA VALMIKI,,ANANTAPUR,1000000,2024-12-09T00:00:00.000Z,2024-12-09 00:00:00+00:00,631
180022,Andhra Pradesh,Andhra Pradesh,RAJAHMUNDRY,RAJAHMUNDRY,"EAST GODAVARI(DISTRICT COLLECTOR, EAST GODAVARI)","EAST GODAVARI(DISTRICT COLLECTOR, EAST GODAVARI)",Trust and Society,Trust and Society,5000000,Recommended,Recommended,2025-03-12T00:00:00.000Z,2025,Lok Sabha,18,0,False,0,0,Hospital building in Sri Vivekananda Maharogi Arogya Kendram at Bommuru Village,Hospital building in Sri Vivekananda Maharogi Arogya Kendram at Bommuru Village,,Daggubati Purandeshwari,,RAJAHMUNDRY,5000000,2025-03-12T00:00:00.000Z,2025-03-12 00:00:00+00:00,538
180801,Andhra Pradesh,Andhra Pradesh,MACHILIPATNAM,MACHILIPATNAM,KRISHNA(DISTRICT COLLECTOR KRISHNA_IDA),KRISHNA(DISTRICT COLLECTOR KRISHNA_IDA),Repair and Renovation,Repair and Renovation,3000000,Recommended,Recommended,2025-03-10T00:00:00.000Z,2025,Lok Sabha,18,0,True,2168199,1,Repairs to SS filters and recoupment of filter media in SS filers 2 numbers of PWS scheme,Repairs to SS filters and recoupment of filter media in SS filers 2 numbers of PWS scheme,,Balashowry Vallabbhaneni,,MACHILIPATNAM,3000000,2025-03-10T00:00:00.000Z,2025-03-10 00:00:00+00:00,540
157527,Andhra Pradesh,Andhra Pradesh,ANANTAPUR,ANANTAPUR,Ananthapuramu(DISTRICT COLLECTOR ANANTAPUR_IDA),Ananthapuramu(DISTRICT COLLECTOR ANANTAPUR_IDA),Normal/Others,Normal/Others,500000,Recommended,Recommended,2024-12-09T00:00:00.000Z,2024,Lok Sabha,18,0,True,499613,1,Providing Bus Sheltar at Chennampalli village of  Kambadur Mandal,Providing Bus Sheltar at Chennampalli village of  Kambadur Mandal,,AMBICA G LAKSHMINARAYANA VALMIKI,,ANANTAPUR,500000,2024-12-09T00:00:00.000Z,2024-12-09 00:00:00+00:00,631
180804,Andhra Pradesh,Andhra Pradesh,MACHILIPATNAM,MACHILIPATNAM,KRISHNA(DISTRICT COLLECTOR KRISHNA_IDA),KRISHNA(DISTRICT COLLECTOR KRISHNA_IDA),Repair and Renovation,Repair and Renovation,900000,Recommended,Recommended,2025-03-10T00:00:00.000Z,2025,Lok Sabha,18,0,True,654660,1,Recoupment of filter media to SS filters 1 number of PWS scheme in Vadlamannadu village of Gudlavalleru Mandal in Krishna District,Recoupment of filter media to SS filters 1 number of PWS scheme in Vadlamannadu village of Gudlavalleru Mandal in Krishna District,,Balashowry Vallabbhaneni,,MACHILIPATNAM,900000,2025-03-10T00:00:00.000Z,2025-03-10 00:00:00+00:00,540
1360,Andhra Pradesh,Andhra Pradesh,TIRUPATI,TIRUPATI,Sri Potti Sriramulu Nellore(DISTRICT COLLECTOR NELLORE_IDA),Sri Potti Sriramulu Nellore(DISTRICT COLLECTOR NELLORE_IDA),Normal/Others,Normal/Others,499451,Recommended,Recommended,2025-06-16T00:00:00.000Z,2025,Lok Sabha,18,0,False,0,0,"Construction of CC Road from Leburu Ankalamma Temple to Pallipadu Road of Lebur village in Indukurpeta Mandal, SPS Nellore District.","Construction of CC Road from Leburu Ankalamma Temple to Pallipadu Road of Lebur village in Indukurpeta Mandal, SPS Nellore District.",,Maddila Gurumoorthy,,TIRUPATI,499451,2025-06-16T00:00:00.000Z,2025-06-16 00:00:00+00:00,442
182047,Andhra Pradesh,Andhra Pradesh,KADAPA,KADAPA,Y.S.R. Kadapa(DISTRICT COLLECTOR CUDDAPAH_IDA),Y.S.R. Kadapa(DISTRICT COLLECTOR CUDDAPAH_IDA),Normal/Others,Normal/Others,499000,Recommended,Recommended,2025-04-04T00:00:00.000Z,2025,Lok Sabha,18,0,False,0,0,Fromation of Gravel Road from BC Colony Yerragandu Veerareddy fields to  other locations in Thavvaraipalli  of Khajipeta,Fromation of Gravel Road from BC Colony Yerragandu Veerareddy fields to  other locations in Thavvaraipalli  of Khajipeta,,Y S Avinash Reddy,,KADAPA,499000,2025-04-04T00:00:00.000Z,2025-04-04 00:00:00+00:00,515
157627,Andhra Pradesh,Andhra Pradesh,RAJAMPET,RAJAMPET,Annamayya(DISTRICT COLLECTOR ANNAMAYYA_IDA),Annamayya(DISTRICT COLLECTOR ANNAMAYYA_IDA),Normal/Others,Normal/Others,180000,Recommended,Recommended,2024-12-09T00:00:00.000Z,2024,Lok Sabha,18,0,False,0,0,"Providing Borewell at Near Panchayath Office, Ananthaiahgaripalli  (V&G.P)","Providing Borewell at Near Panchayath Office, Ananthaiahgaripalli  (V&G.P)",,Midhun Reddy,,RAJAMPET,180000,2024-12-09T00:00:00.000Z,2024-12-09 00:00:00+00:00,631
182159,Andhra Pradesh,Andhra Pradesh,KAKINADA,KAKINADA,Kakinada(DISTRICT COLLECTOR KAKINADA_IDA),Kakinada(DISTRICT COLLECTOR KAKINADA_IDA),Normal/Others,Normal/Others,500000,Recommended,Recommended,2025-03-15T00:00:00.000Z,2025,Lok Sabha,18,0,True,496902,1,Construction of Compound wall to Burial Ground at North and East side,Construction of Compound wall to Burial Ground at North and East side,,TANGELLA UDAY SRINIVAS,,KAKINADA,500000,2025-03-15T00:00:00.000Z,2025-03-15 00:00:00+00:00,535
182164,Andhra Pradesh,Andhra Pradesh,KAKINADA,KAKINADA,Kakinada(DISTRICT COLLECTOR KAKINADA_IDA),Kakinada(DISTRICT COLLECTOR KAKINADA_IDA),Normal/Others,Normal/Others,2000000,Recommended,Recommended,2025-03-15T00:00:00.000Z,2025,Lok Sabha,18,0,True,1664113,1,Construction of Community Hall at 28th Ward,Construction of Community Hall at 28th Ward,,TANGELLA UDAY SRINIVAS,,KAKINADA,2000000,2025-03-15T00:00:00.000Z,2025-03-15 00:00:00+00:00,535
157652,Andhra Pradesh,Andhra Pradesh,RAJAMPET,RAJAMPET,Annamayya(DISTRICT COLLECTOR ANNAMAYYA_IDA),Annamayya(DISTRICT COLLECTOR ANNAMAYYA_IDA),Normal/Others,Normal/Others,150000,Recommended,Recommended,2024-12-09T00:00:00.000Z,2024,Lok Sabha,18,0,False,0,0,"Providing 10 HP Motor & Pump set and G.I Pipes at Eguvarajuvaripalli (V), Reddivaripalli (G.P)","Providing 10 HP Motor & Pump set and G.I Pipes at Eguvarajuvaripalli (V), Reddivaripalli (G.P)",,Midhun Reddy,,RAJAMPET,150000,2024-12-09T00:00:00.000Z,2024-12-09 00:00:00+00:00,631
182167,Andhra Pradesh,Andhra Pradesh,KAKINADA,KAKINADA,Kakinada(DISTRICT COLLECTOR KAKINADA_IDA),Kakinada(DISTRICT COLLECTOR KAKINADA_IDA),Normal/Others,Normal/Others,500000,Recommended,Recommended,2025-03-15T00:00:00.000Z,2025,Lok Sabha,18,0,False,0,0,Construction of Market shed at 6th ward,Construction of Market shed at 6th ward,,TANGELLA UDAY SRINIVAS,,KAKINADA,500000,2025-03-15T00:00:00.000Z,2025-03-15 00:00:00+00:00,535
158081,Andhra Pradesh,Andhra Pradesh,NANDYAL,NANDYAL,Nandyal(DISTRICT COLLECTOR NANDYAL_IDA),Nandyal(DISTRICT COLLECTOR NANDYAL_IDA),Normal/Others,Normal/Others,500000,Recommended,Recommended,2024-12-11T00:00:00.000Z,2024,Lok Sabha,18,0,True,497100,1,"CC road along with Drains from Kummari Sivanna house to Telugu Nagendram house
Beeravolu village of Pagidyala Mandal","CC road along with Drains from Kummari Sivanna house to Telugu Nagendram house
Beeravolu village of Pagidyala Mandal",,DR BYREDDY SHABARI,,NANDYAL,500000,2024-12-11T00:00:00.000Z,2024-12-11 00:00:00+00:00,629
175556,Andaman And Nicobar Islands,Andaman And Nicobar Islands,ANDAMAN AND NICOBAR ISLANDS,ANDAMAN AND NICOBAR ISLANDS,SOUTH ANDAMANS(Implementing District Authority(SA)),SOUTH ANDAMANS(Implementing District Authority(SA)),Repair and Renovation,Repair and Renovation,4947034,Recommended,Recommended,2025-02-14T00:00:00.000Z,2025,Lok Sabha,18,0,True,3655060,1,"Repair and renovation of road from CPWD complex, Ranchi Tikrey Dairyfarm to Fisheries Quarter, Port Blair","Repair and renovation of road from CPWD complex, Ranchi Tikrey Dairyfarm to Fisheries Quarter, Port Blair",,BISHNU PADA RAY,,ANDAMAN AND NICOBAR ISLANDS,4947034,2025-02-14T00:00:00.000Z,2025-02-14 00:00:00+00:00,564
175561,Andaman And Nicobar Islands,Andaman And Nicobar Islands,ANDAMAN AND NICOBAR ISLANDS,ANDAMAN AND NICOBAR ISLANDS,SOUTH ANDAMANS(Implementing District Authority(SA)),SOUTH ANDAMANS(Implementing District Authority(SA)),Normal/Others,Normal/Others,1498887,Recommended,Recommended,2025-02-14T00:00:00.000Z,2025,Lok Sabha,18,0,True,1189292,1,"Construction of CC Motorable road between Govt. Primary School and Shri SK Singh house at Garacharma, Ward No.18, Port Blair","Construction of CC Motorable road between Govt. Primary School and Shri SK Singh house at Garacharma, Ward No.18, Port Blair",,BISHNU PADA RAY,,ANDAMAN AND NICOBAR ISLANDS,1498887,2025-02-14T00:00:00.000Z,2025-02-14 00:00:00+00:00,564
188528,Andaman And Nicobar Islands,Andaman And Nicobar Islands,ANDAMAN AND NICOBAR ISLANDS,ANDAMAN AND NICOBAR ISLANDS,SOUTH ANDAMANS(Implementing District Authority(SA)),SOUTH ANDAMANS(Implementing District Authority(SA)),Normal/Others,Normal/Others,1320600,Recommended,Recommended,2025-04-01T00:00:00.000Z,2025,Lok Sabha,18,0,True,803540,1,"Construction of CC drain from CPWD quarters to Fisheries Quarters via Sree Shaktivel Murugan Temple for a length of 350 mtrs at Ranci Tikrey, Dairy Farm, Ward No.9, SVP.","Construction of CC drain from CPWD quarters to Fisheries Quarters via Sree Shaktivel Murugan Temple for a length of 350 mtrs at Ranci Tikrey, Dairy Farm, Ward No.9, SVP.",,BISHNU PADA RAY,,ANDAMAN AND NICOBAR ISLANDS,1320600,2025-04-01T00:00:00.000Z,2025-04-01 00:00:00+00:00,518
899,Andhra Pradesh,Andhra Pradesh,TIRUPATI,TIRUPATI,Annamayya(DISTRICT COLLECTOR ANNAMAYYA_IDA),Annamayya(DISTRICT COLLECTOR ANNAMAYYA_IDA),Normal/Others,Normal/Others,390388,Recommended,Recommended,2024-11-02T00:00:00.000Z,2024,Lok Sabha,18,0,False,0,0,"Construction of CC Road D. Narayana house to R&B road in Pullareddy Palli H/W (V), Anantha Samudram G.P. in Pullampeta Mandal.","Construction of CC Road D. Narayana house to R&B road in Pullareddy Palli H/W (V), Anantha Samudram G.P. in Pullampeta Mandal.",,Maddila Gurumoorthy,,TIRUPATI,390388,2024-11-02T00:00:00.000Z,2024-11-02 00:00:00+00:00,668
1489,Andhra Pradesh,Andhra Pradesh,ARAKU,ARAKU,"EAST GODAVARI(DISTRICT COLLECTOR, EAST GODAVARI)","EAST GODAVARI(DISTRICT COLLECTOR, EAST GODAVARI)",Normal/Others,Normal/Others,500000,Recommended,Recommended,2025-08-07T00:00:00.000Z,2025,Lok Sabha,18,0,False,0,0,construction of cc road from n16 road to kallepali venkataraju site of konthamuru,construction of cc road from n16 road to kallepali venkataraju site of konthamuru,,Gumma Thanuja Rani,,ARAKU,500000,2025-08-07T00:00:00.000Z,2025-08-07 00:00:00+00:00,390
141551,Andhra Pradesh,Andhra Pradesh,CHITTOOR,CHITTOOR,Tirupati(DISTRICT COLLECTOR TIRUPATI_IDA),Tirupati(DISTRICT COLLECTOR TIRUPATI_IDA),Normal/Others,Normal/Others,490000,Recommended,Recommended,2024-09-18T00:00:00.000Z,2024,Lok Sabha,18,0,False,0,0,"Construction of WBM Road from Jimkalamitta SC Colony to Snam alloys Pvt. Link road at Jimkalamitta Village, Damalacheruvu GP of Pakala Mandal, Chandragiri Constituency.","Construction of WBM Road from Jimkalamitta SC Colony to Snam alloys Pvt. Link road at Jimkalamitta Village, Damalacheruvu GP of Pakala Mandal, Chandragiri Constituency.",,DAGGUMALLA PRASADA RAO,,CHITTOOR,490000,2024-09-18T00:00:00.000Z,2024-09-18 00:00:00+00:00,713
161715,Andhra Pradesh,Andhra Pradesh,TIRUPATI,TIRUPATI,Tirupati(DISTRICT COLLECTOR TIRUPATI_IDA),Tirupati(DISTRICT COLLECTOR TIRUPATI_IDA),Normal/Others,Normal/Others,180000,Recommended,Recommended,2024-12-27T00:00:00.000Z,2024,Lok Sabha,18,0,False,0,0,Providing street lights and fixtures at Irugulam in Satyavedu Mandal.,Providing street lights and fixtures at Irugulam in Satyavedu Mandal.,,Maddila Gurumoorthy,,TIRUPATI,180000,2024-12-27T00:00:00.000Z,2024-12-27 00:00:00+00:00,613
1411,Andhra Pradesh,Andhra Pradesh,TIRUPATI,TIRUPATI,Annamayya(DISTRICT COLLECTOR ANNAMAYYA_IDA),Annamayya(DISTRICT COLLECTOR ANNAMAYYA_IDA),Normal/Others,Normal/Others,300000,Recommended,Recommended,2025-06-28T00:00:00.000Z,2025,Lok Sabha,18,0,False,0,0,Providing Internal CC Road from Choppa Narasa Reddy House to Meda Raghava Reddy House at Medavaripalli of H. Kothapalli GP of Rajampet Mandal.,Providing Internal CC Road from Choppa Narasa Reddy House to Meda Raghava Reddy House at Medavaripalli of H. Kothapalli GP of Rajampet Mandal.,,Maddila Gurumoorthy,,TIRUPATI,300000,2025-06-28T00:00:00.000Z,2025-06-28 00:00:00+00:00,430
188526,Andaman And Nicobar Islands,Andaman And Nicobar Islands,ANDAMAN AND NICOBAR ISLANDS,ANDAMAN AND NICOBAR ISLANDS,NORTH AND MIDDLE ANDAMAN(Implementing District Authority(N&MA)),NORTH AND MIDDLE ANDAMAN(Implementing District Authority(N&MA)),Normal/Others,Normal/Others,2096539,Recommended,Recommended,2025-04-01T00:00:00.000Z,2025,Lok Sabha,18,0,False,0,0,"Construction of Culvert near Bejoli Maiti house at Ward No.1, Madhupur Gram Panchayat, Diglipur","Construction of Culvert near Bejoli Maiti house at Ward No.1, Madhupur Gram Panchayat, Diglipur",,BISHNU PADA RAY,,ANDAMAN AND NICOBAR ISLANDS,2096539,2025-04-01T00:00:00.000Z,2025-04-01 00:00:00+00:00,518
1416,Andhra Pradesh,Andhra Pradesh,HINDUPUR,HINDUPUR,Ananthapuramu(DISTRICT COLLECTOR ANANTAPUR_IDA),Ananthapuramu(DISTRICT COLLECTOR ANANTAPUR_IDA),Repair and Renovation,Repair and Renovation,2500000,Recommended,Recommended,2025-07-01T00:00:00.000Z,2025,Lok Sabha,18,0,False,0,0,"Repairs to Community Hall (Kanakadasu Bhavan) near Indiramma colony at Sno. 169-2D, 169-2E. Garudapuram village of Kalyanadurg Mandal of Ananthapuramu district","Repairs to Community Hall (Kanakadasu Bhavan) near Indiramma colony at Sno. 169-2D, 169-2E. Garudapuram village of Kalyanadurg Mandal of Ananthapuramu district",,B K PARTHASARATHI,,HINDUPUR,2500000,2025-07-01T00:00:00.000Z,2025-07-01 00:00:00+00:00,427
135658,Andhra Pradesh,Andhra Pradesh,CHITTOOR,CHITTOOR,CHITTOOR(DISTRICT COLLECTOR CHITTOOR_IDA),CHITTOOR(DISTRICT COLLECTOR CHITTOOR_IDA),Normal/Others,Normal/Others,2000000,Recommended,Recommended,2024-08-13T00:00:00.000Z,2024,Lok Sabha,18,0,True,1753337,1,BT Road from Aragonda Main Road to Kondrajukalava Village and GP in Thavanampalli Mandal of Puthalapattu Constituency.,BT Road from Aragonda Main Road to Kondrajukalava Village and GP in Thavanampalli Mandal of Puthalapattu Constituency.,,DAGGUMALLA PRASADA RAO,,CHITTOOR,2000000,2024-08-13T00:00:00.000Z,2024-08-13 00:00:00+00:00,749
830,Andhra Pradesh,Andhra Pradesh,ELURU,ELURU,Kakinada(DISTRICT COLLECTOR KAKINADA_IDA),Kakinada(DISTRICT COLLECTOR KAKINADA_IDA),Normal/Others,Normal/Others,2500000,Recommended,Recommended,2024-09-09T00:00:00.000Z,2024,Lok Sabha,18,0,False,0,0,"Construction of Veterinary Hospital at A.V. Nagaram village of Thondangi mandal, Kakinada district.","Construction of Veterinary Hospital at A.V. Nagaram village of Thondangi mandal, Kakinada district.",,Putta Mahesh Kumar,,ELURU,2500000,2024-09-09T00:00:00.000Z,2024-09-09 00:00:00+00:00,722
135771,Andhra Pradesh,Andhra Pradesh,KADAPA,KADAPA,Y.S.R. Kadapa(DISTRICT COLLECTOR CUDDAPAH_IDA),Y.S.R. Kadapa(DISTRICT COLLECTOR CUDDAPAH_IDA),Normal/Others,Normal/Others,496000,Recommended,Recommended,2024-08-20T00:00:00.000Z,2024,Lok Sabha,18,0,False,0,0,"Laying of inspection track from Km 2.260 to km 2.900 of Cherlopalli Minor of Gurijala distributory near Bidinamcherla (V) of Simhadripuram (M), YSR District","Laying of inspection track from Km 2.260 to km 2.900 of Cherlopalli Minor of Gurijala distributory near Bidinamcherla (V) of Simhadripuram (M), YSR District",,Y S Avinash Reddy,,KADAPA,496000,2024-08-20T00:00:00.000Z,2024-08-20 00:00:00+00:00,742
1429,Andhra Pradesh,Andhra Pradesh,RAJAMPET,RAJAMPET,Tirupati(DISTRICT COLLECTOR TIRUPATI_IDA),Tirupati(DISTRICT COLLECTOR TIRUPATI_IDA),Normal/Others,Normal/Others,500000,Recommended,Recommended,2025-07-06T00:00:00.000Z,2025,Lok Sabha,18,0,False,0,0,Providing RO Plant in Janga Vandla Palli Village and GP,Providing RO Plant in Janga Vandla Palli Village and GP,,Midhun Reddy,,RAJAMPET,500000,2025-07-06T00:00:00.000Z,2025-07-06 00:00:00+00:00,422
137081,Andhra Pradesh,Andhra Pradesh,ELURU,ELURU,Eluru(DISTRICT COLLECTOR ELURU_IDA),Eluru(DISTRICT COLLECTOR ELURU_IDA),Normal/Others,Normal/Others,400000,Recommended,Recommended,2024-08-26T00:00:00.000Z,2024,Lok Sabha,18,0,False,0,0,Providing Laboratory equipment to Physical Science/Biological Science/Mathematics and Social Studies.,Providing Laboratory equipment to Physical Science/Biological Science/Mathematics and Social Studies.,,Putta Mahesh Kumar,,ELURU,400000,2024-08-26T00:00:00.000Z,2024-08-26 00:00:00+00:00,736
140141,Andhra Pradesh,Andhra Pradesh,MACHILIPATNAM,MACHILIPATNAM,KRISHNA(DISTRICT COLLECTOR KRISHNA_IDA),KRISHNA(DISTRICT COLLECTOR KRISHNA_IDA),Normal/Others,Normal/Others,297000,Recommended,Recommended,2024-09-10T00:00:00.000Z,2024,Lok Sabha,18,0,False,0,0,mprovement of electrical distribution infrastructure at Ullipalem of Koduru Mandal in Krishna District,mprovement of electrical distribution infrastructure at Ullipalem of Koduru Mandal in Krishna District,,Balashowry Vallabbhaneni,,MACHILIPATNAM,297000,2024-09-10T00:00:00.000Z,2024-09-10 00:00:00+00:00,721
1431,Andhra Pradesh,Andhra Pradesh,RAJAMPET,RAJAMPET,Y.S.R. Kadapa(DISTRICT COLLECTOR CUDDAPAH_IDA),Y.S.R. Kadapa(DISTRICT COLLECTOR CUDDAPAH_IDA),Normal/Others,Normal/Others,500000,Recommended,Recommended,2025-07-06T00:00:00.000Z,2025,Lok Sabha,18,0,False,0,0,Construction of Pipe Culvert and Approach Roads in Vontimitta Village and GP,Construction of Pipe Culvert and Approach Roads in Vontimitta Village and GP,,Midhun Reddy,,RAJAMPET,500000,2025-07-06T00:00:00.000Z,2025-07-06 00:00:00+00:00,422
140144,Andhra Pradesh,Andhra Pradesh,MACHILIPATNAM,MACHILIPATNAM,KRISHNA(DISTRICT COLLECTOR KRISHNA_IDA),KRISHNA(DISTRICT COLLECTOR KRISHNA_IDA),Normal/Others,Normal/Others,896000,Recommended,Recommended,2024-09-10T00:00:00.000Z,2024,Lok Sabha,18,0,True,896000,1,"Purchase of Real time micro PCR system for cancer van at GGH, Machilipatnam","Purchase of Real time micro PCR system for cancer van at GGH, Machilipatnam",,Balashowry Vallabbhaneni,,MACHILIPATNAM,896000,2024-09-10T00:00:00.000Z,2024-09-10 00:00:00+00:00,721
898,Andhra Pradesh,Andhra Pradesh,TIRUPATI,TIRUPATI,Annamayya(DISTRICT COLLECTOR ANNAMAYYA_IDA),Annamayya(DISTRICT COLLECTOR ANNAMAYYA_IDA),Normal/Others,Normal/Others,288926,Recommended,Recommended,2024-11-02T00:00:00.000Z,2024,Lok Sabha,18,0,False,0,0,"Construction of CC road from Ramulavari Gudi to Jandaman in A.Puthanavari Palli (V), Anantha samudram G.P.in Pullampeta Mandal.","Construction of CC road from Ramulavari Gudi to Jandaman in A.Puthanavari Palli (V), Anantha samudram G.P.in Pullampeta Mandal.",,Maddila Gurumoorthy,,TIRUPATI,288926,2024-11-02T00:00:00.000Z,2024-11-02 00:00:00+00:00,668
140439,Andhra Pradesh,Andhra Pradesh,KADAPA,KADAPA,Y.S.R. Kadapa(DISTRICT COLLECTOR CUDDAPAH_IDA),Y.S.R. Kadapa(DISTRICT COLLECTOR CUDDAPAH_IDA),Normal/Others,Normal/Others,400000,Recommended,Recommended,2024-09-12T00:00:00.000Z,2024,Lok Sabha,18,0,False,0,0,"Newly Established Govt. Degree College for women, pulivendula YSR District to provide infra & Instuctional facilities to the college ex:- Dual  Desks & Desktopos.","Newly Established Govt. Degree College for women, pulivendula YSR District to provide infra & Instuctional facilities to the college ex:- Dual  Desks & Desktopos.",,Y S Avinash Reddy,,KADAPA,400000,2024-09-12T00:00:00.000Z,2024-09-12 00:00:00+00:00,719
1488,Andhra Pradesh,Andhra Pradesh,ANANTAPUR,ANANTAPUR,Sri Sathya Sai(DISTRICT COLLECTOR SRI SATHYA SAI_IDA),Sri Sathya Sai(DISTRICT COLLECTOR SRI SATHYA SAI_IDA),Normal/Others,Normal/Others,500000,Recommended,Recommended,2025-08-06T00:00:00.000Z,2025,Lok Sabha,18,0,False,0,0,"Construction of Compound wall to Community hall at 14th ward, Hindupur","Construction of Compound wall to Community hall at 14th ward, Hindupur",,AMBICA G LAKSHMINARAYANA VALMIKI,,ANANTAPUR,500000,2025-08-06T00:00:00.000Z,2025-08-06 00:00:00+00:00,391
142933,Andhra Pradesh,Andhra Pradesh,CHITTOOR,CHITTOOR,CHITTOOR(DISTRICT COLLECTOR CHITTOOR_IDA),CHITTOOR(DISTRICT COLLECTOR CHITTOOR_IDA),Normal/Others,Normal/Others,350000,Recommended,Recommended,2024-09-23T00:00:00.000Z,2024,Lok Sabha,18,0,True,317387,2,"Construction of Bus Shelter in Thotavaripalli Village of Ayyappagari (GP), Puthalapattu Mandal of Puthalapattu Constituency","Construction of Bus Shelter in Thotavaripalli Village of Ayyappagari (GP), Puthalapattu Mandal of Puthalapattu Constituency",,DAGGUMALLA PRASADA RAO,,CHITTOOR,350000,2024-09-23T00:00:00.000Z,2024-09-23 00:00:00+00:00,708
141507,Andhra Pradesh,Andhra Pradesh,CHITTOOR,CHITTOOR,CHITTOOR(DISTRICT COLLECTOR CHITTOOR_IDA),CHITTOOR(DISTRICT COLLECTOR CHITTOOR_IDA),Normal/Others,Normal/Others,600000,Recommended,Recommended,2024-09-18T00:00:00.000Z,2024,Lok Sabha,18,0,True,562848,2,"Minor Repairs to Govt. SW Girls Hostel at Thagguvaripalle, Bangarupalem Mandal of Puthalapattu Constituency.","Minor Repairs to Govt. SW Girls Hostel at Thagguvaripalle, Bangarupalem Mandal of Puthalapattu Constituency.",,DAGGUMALLA PRASADA RAO,,CHITTOOR,600000,2024-09-18T00:00:00.000Z,2024-09-18 00:00:00+00:00,713
1490,Andhra Pradesh,Andhra Pradesh,ARAKU,ARAKU,"EAST GODAVARI(DISTRICT COLLECTOR, EAST GODAVARI)","EAST GODAVARI(DISTRICT COLLECTOR, EAST GODAVARI)",Normal/Others,Normal/Others,500000,Recommended,Recommended,2025-08-07T00:00:00.000Z,2025,Lok Sabha,18,0,False,0,0,construction of cc road from nh16 road to kallepali venkataraju site of konthamuru,construction of cc road from nh16 road to kallepali venkataraju site of konthamuru,,Gumma Thanuja Rani,,ARAKU,500000,2025-08-07T00:00:00.000Z,2025-08-07 00:00:00+00:00,390
143985,Andhra Pradesh,Andhra Pradesh,NARASARAOPET,NARASARAOPET,GUNTUR(DISTRICT COLLECTOR GUNTUR_IDA),GUNTUR(DISTRICT COLLECTOR GUNTUR_IDA),Normal/Others,Normal/Others,416758,Recommended,Recommended,2024-09-27T00:00:00.000Z,2024,Lok Sabha,18,0,True,416758,1,Fixing of New Connection & additional load in ESI Hospital Nadimpalem village of Prathipadu Mandal of Guntur District.,Fixing of New Connection & additional load in ESI Hospital Nadimpalem village of Prathipadu Mandal of Guntur District.,,Lavu Sri Krishna Devarayalu,,NARASARAOPET,416758,2024-09-27T00:00:00.000Z,2024-09-27 00:00:00+00:00,704
900,Andhra Pradesh,Andhra Pradesh,TIRUPATI,TIRUPATI,Annamayya(DISTRICT COLLECTOR ANNAMAYYA_IDA),Annamayya(DISTRICT COLLECTOR ANNAMAYYA_IDA),Normal/Others,Normal/Others,399479,Recommended,Recommended,2024-11-02T00:00:00.000Z,2024,Lok Sabha,18,0,False,0,0,Construction of CC road from Raju house to Sivalayam in Pullampeta G.P.& Mandal.,Construction of CC road from Raju house to Sivalayam in Pullampeta G.P.& Mandal.,,Maddila Gurumoorthy,,TIRUPATI,399479,2024-11-02T00:00:00.000Z,2024-11-02 00:00:00+00:00,668
146050,Andhra Pradesh,Andhra Pradesh,KADAPA,KADAPA,Y.S.R. Kadapa(DISTRICT COLLECTOR CUDDAPAH_IDA),Y.S.R. Kadapa(DISTRICT COLLECTOR CUDDAPAH_IDA),Normal/Others,Normal/Others,200000,Recommended,Recommended,2024-10-08T00:00:00.000Z,2024,Lok Sabha,18,0,False,0,0,CONSTRUCTION OF COMPOUND WALL at Muslim Burial ground in Podadurthy V & GP of Kamalapuram (M) IN Y.S.R KADAPA District.,CONSTRUCTION OF COMPOUND WALL at Muslim Burial ground in Podadurthy V & GP of Kamalapuram (M) IN Y.S.R KADAPA District.,,Y S Avinash Reddy,,KADAPA,200000,2024-10-08T00:00:00.000Z,2024-10-08 00:00:00+00:00,693
146052,Andhra Pradesh,Andhra Pradesh,KADAPA,KADAPA,Y.S.R. Kadapa(DISTRICT COLLECTOR CUDDAPAH_IDA),Y.S.R. Kadapa(DISTRICT COLLECTOR CUDDAPAH_IDA),Normal/Others,Normal/Others,500000,Recommended,Recommended,2024-10-08T00:00:00.000Z,2024,Lok Sabha,18,0,False,0,0,Construction of gravel road from guda PRABHAKAR REDDY Fields to KUPPALA RAVI Fields Nagireddypalli habitation buggalapalli (GP) of Chain Thakomma Dinne mandal,Construction of gravel road from guda PRABHAKAR REDDY Fields to KUPPALA RAVI Fields Nagireddypalli habitation buggalapalli (GP) of Chain Thakomma Dinne mandal,,Y S Avinash Reddy,,KADAPA,500000,2024-10-08T00:00:00.000Z,2024-10-08 00:00:00+00:00,693
146054,Andhra Pradesh,Andhra Pradesh,KADAPA,KADAPA,Y.S.R. Kadapa(DISTRICT COLLECTOR CUDDAPAH_IDA),Y.S.R. Kadapa(DISTRICT COLLECTOR CUDDAPAH_IDA),Normal/Others,Normal/Others,200000,Recommended,Recommended,2024-10-08T00:00:00.000Z,2024,Lok Sabha,18,0,False,0,0,Improvements to their gravel road from N Bala Obalah Fields to M Gangadarreddy fields in Machanuru Village of Machanuru GP of Pendlimarri Mandal,Improvements to their gravel road from N Bala Obalah Fields to M Gangadarreddy fields in Machanuru Village of Machanuru GP of Pendlimarri Mandal,,Y S Avinash Reddy,,KADAPA,200000,2024-10-08T00:00:00.000Z,2024-10-08 00:00:00+00:00,693
146056,Andhra Pradesh,Andhra Pradesh,KADAPA,KADAPA,Y.S.R. Kadapa(DISTRICT COLLECTOR CUDDAPAH_IDA),Y.S.R. Kadapa(DISTRICT COLLECTOR CUDDAPAH_IDA),Normal/Others,Normal/Others,250000,Recommended,Recommended,2024-10-08T00:00:00.000Z,2024,Lok Sabha,18,0,False,0,0,"Completion of incompleted YSR Health clinic in Yallareddypalli (V)&(GP) of Kamalapuram (M), of Kadapa (DIST).","Completion of incompleted YSR Health clinic in Yallareddypalli (V)&(GP) of Kamalapuram (M), of Kadapa (DIST).",,Y S Avinash Reddy,,KADAPA,250000,2024-10-08T00:00:00.000Z,2024-10-08 00:00:00+00:00,693
902,Andhra Pradesh,Andhra Pradesh,TIRUPATI,TIRUPATI,Annamayya(DISTRICT COLLECTOR ANNAMAYYA_IDA),Annamayya(DISTRICT COLLECTOR ANNAMAYYA_IDA),Normal/Others,Normal/Others,389748,Recommended,Recommended,2024-11-02T00:00:00.000Z,2024,Lok Sabha,18,0,False,0,0,Construction of Ramulavari Gudi to R& B Road A.Oedipally (V) Anantha Samudram G.P.in Pullampeta Mandal.,Construction of Ramulavari Gudi to R& B Road A.Oedipally (V) Anantha Samudram G.P.in Pullampeta Mandal.,,Maddila Gurumoorthy,,TIRUPATI,389748,2024-11-02T00:00:00.000Z,2024-11-02 00:00:00+00:00,668
146760,Andhra Pradesh,Andhra Pradesh,CHITTOOR,CHITTOOR,CHITTOOR(DISTRICT COLLECTOR CHITTOOR_IDA),CHITTOOR(DISTRICT COLLECTOR CHITTOOR_IDA),Normal/Others,Normal/Others,390000,Recommended,Recommended,2024-10-11T00:00:00.000Z,2024,Lok Sabha,18,0,False,0,0,OHSR Tank Minor repairs at Gadduru H/o. Battuvaripalle GP of Ramakuppam Mandal.,OHSR Tank Minor repairs at Gadduru H/o. Battuvaripalle GP of Ramakuppam Mandal.,,DAGGUMALLA PRASADA RAO,,CHITTOOR,390000,2024-10-11T00:00:00.000Z,2024-10-11 00:00:00+00:00,690
146762,Andhra Pradesh,Andhra Pradesh,CHITTOOR,CHITTOOR,CHITTOOR(DISTRICT COLLECTOR CHITTOOR_IDA),CHITTOOR(DISTRICT COLLECTOR CHITTOOR_IDA),Normal/Others,Normal/Others,500000,Recommended,Recommended,2024-10-11T00:00:00.000Z,2024,Lok Sabha,18,0,True,499898,2,Construction of Compound wall to SC Community Hall (Phase-I) at Mallanuru H/o. Mallanuru GP of Kuppam Mandal.,Construction of Compound wall to SC Community Hall (Phase-I) at Mallanuru H/o. Mallanuru GP of Kuppam Mandal.,,DAGGUMALLA PRASADA RAO,,CHITTOOR,500000,2024-10-11T00:00:00.000Z,2024-10-11 00:00:00+00:00,690
212474,Andaman And Nicobar Islands,Andaman And Nicobar Islands,ANDAMAN AND NICOBAR ISLANDS,ANDAMAN AND NICOBAR ISLANDS,SOUTH ANDAMANS(Implementing District Authority(SA)),SOUTH ANDAMANS(Implementing District Authority(SA)),Normal/Others,Normal/Others,2756289,Recommended,Recommended,2025-06-25T00:00:00.000Z,2025,Lok Sabha,18,0,True,2288461,1,Con. of  black top road between main road near Govind Dutta House to Satsang Kendra for a length of 120 mtrs. Sub-work Con. of  Cement road for 120 mtrs.,Con. of  black top road between main road near Govind Dutta House to Satsang Kendra for a length of 120 mtrs. Sub-work Con. of  Cement road for 120 mtrs.,,BISHNU PADA RAY,,ANDAMAN AND NICOBAR ISLANDS,2756289,2025-06-25T00:00:00.000Z,2025-06-25 00:00:00+00:00,433
147043,Andhra Pradesh,Andhra Pradesh,RAJAMPET,RAJAMPET,CHITTOOR(DISTRICT COLLECTOR CHITTOOR_IDA),CHITTOOR(DISTRICT COLLECTOR CHITTOOR_IDA),Normal/Others,Normal/Others,500000,Recommended,Recommended,2024-10-14T00:00:00.000Z,2024,Lok Sabha,18,0,False,0,0,"Construction of Community Hall Near DCC Bank Street, Sodam","Construction of Community Hall Near DCC Bank Street, Sodam",,Midhun Reddy,,RAJAMPET,500000,2024-10-14T00:00:00.000Z,2024-10-14 00:00:00+00:00,687
147046,Andhra Pradesh,Andhra Pradesh,RAJAMPET,RAJAMPET,Annamayya(DISTRICT COLLECTOR ANNAMAYYA_IDA),Annamayya(DISTRICT COLLECTOR ANNAMAYYA_IDA),Normal/Others,Normal/Others,300000,Recommended,Recommended,2024-10-14T00:00:00.000Z,2024,Lok Sabha,18,0,False,0,0,Formation of the Road from Tanguturu R&B Road at Aadapur Diguva HW to J Subramanyam fields in Aadapur (H&G.P),Formation of the Road from Tanguturu R&B Road at Aadapur Diguva HW to J Subramanyam fields in Aadapur (H&G.P),,Midhun Reddy,,RAJAMPET,300000,2024-10-14T00:00:00.000Z,2024-10-14 00:00:00+00:00,687
932,Andhra Pradesh,Andhra Pradesh,NANDYAL,NANDYAL,KURNOOL(DISTRICT COLLECTOR KURNOOL_IDA),KURNOOL(DISTRICT COLLECTOR KURNOOL_IDA),Normal/Others,Normal/Others,500000,Recommended,Recommended,2024-12-09T00:00:00.000Z,2024,Lok Sabha,18,0,False,0,0,"providing CC Road alongwith drains from Lakshmi Reddy to Krishna Reddy house, Guttapadu Village of Orvakal Mandal.","providing CC Road alongwith drains from Lakshmi Reddy to Krishna Reddy house, Guttapadu Village of Orvakal Mandal.",,DR BYREDDY SHABARI,,NANDYAL,500000,2024-12-09T00:00:00.000Z,2024-12-09 00:00:00+00:00,631
147534,Andhra Pradesh,Andhra Pradesh,KADAPA,KADAPA,Y.S.R. Kadapa(DISTRICT COLLECTOR CUDDAPAH_IDA),Y.S.R. Kadapa(DISTRICT COLLECTOR CUDDAPAH_IDA),Normal/Others,Normal/Others,95403,Recommended,Recommended,2024-10-16T00:00:00.000Z,2024,Lok Sabha,18,0,False,0,0,"Providing PVC Pipes 49 2/30 Inches to B.N.Thanda Village,K.Yerragudi  in CK peta Mandal","Providing PVC Pipes 49 2/30 Inches to B.N.Thanda Village,K.Yerragudi  in CK peta Mandal",,Y S Avinash Reddy,,KADAPA,95403,2024-10-16T00:00:00.000Z,2024-10-16 00:00:00+00:00,685
147536,Andhra Pradesh,Andhra Pradesh,KADAPA,KADAPA,Y.S.R. Kadapa(DISTRICT COLLECTOR CUDDAPAH_IDA),Y.S.R. Kadapa(DISTRICT COLLECTOR CUDDAPAH_IDA),Normal/Others,Normal/Others,69738,Recommended,Recommended,2024-10-16T00:00:00.000Z,2024,Lok Sabha,18,0,False,0,0,"Providing 15 GA Pipes cable to Moolapalli, Maddikavandlapalli  in CK peta Mandal","Providing 15 GA Pipes cable to Moolapalli, Maddikavandlapalli  in CK peta Mandal",,Y S Avinash Reddy,,KADAPA,69738,2024-10-16T00:00:00.000Z,2024-10-16 00:00:00+00:00,685
148283,Andhra Pradesh,Andhra Pradesh,KADAPA,KADAPA,Y.S.R. Kadapa(DISTRICT COLLECTOR CUDDAPAH_IDA),Y.S.R. Kadapa(DISTRICT COLLECTOR CUDDAPAH_IDA),Normal/Others,Normal/Others,495000,Recommended,Recommended,2024-10-20T00:00:00.000Z,2024,Lok Sabha,18,0,False,0,0,Formation of Road upto Gravel Surface from Ramireddypalli village to K.Venkatapuram of Kondapuram Mandal,Formation of Road upto Gravel Surface from Ramireddypalli village to K.Venkatapuram of Kondapuram Mandal,,Y S Avinash Reddy,,KADAPA,495000,2024-10-20T00:00:00.000Z,2024-10-20 00:00:00+00:00,681
148902,Andhra Pradesh,Andhra Pradesh,TIRUPATI,TIRUPATI,Tirupati(DISTRICT COLLECTOR TIRUPATI_IDA),Tirupati(DISTRICT COLLECTOR TIRUPATI_IDA),Normal/Others,Normal/Others,500000,Recommended,Recommended,2024-10-21T00:00:00.000Z,2024,Lok Sabha,18,0,False,0,0,Construction of CC Open Drains with cover slabs from G. Penchulamma House to M. Bathaiah House at Bandarupalli S.T. Colony H/O Bandarupalli GP in Yerpedu Mandal.,Construction of CC Open Drains with cover slabs from G. Penchulamma House to M. Bathaiah House at Bandarupalli S.T. Colony H/O Bandarupalli GP in Yerpedu Mandal.,,Maddila Gurumoorthy,,TIRUPATI,500000,2024-10-21T00:00:00.000Z,2024-10-21 00:00:00+00:00,680
962,Andhra Pradesh,Andhra Pradesh,NANDYAL,NANDYAL,KURNOOL(DISTRICT COLLECTOR KURNOOL_IDA),KURNOOL(DISTRICT COLLECTOR KURNOOL_IDA),Repair and Renovation,Repair and Renovation,500000,Recommended,Recommended,2024-12-15T00:00:00.000Z,2024,Lok Sabha,18,0,False,0,0,"Repairs to the sluice of Appala Reddy Cheruvu in Palakolanu Village, Orvakal Mandal. The proposed work includes restoration and strengthening of the sluice structure to ensure proper water flow management, prevent leakage, and enhance the irrigation potential of the tank, benefiting the local agricultural community.","Repairs to the sluice of Appala Reddy Cheruvu in Palakolanu Village, Orvakal Mandal. The proposed work includes restoration and strengthening of the sluice structure to ensure proper water flow management, prevent leakage, and enhance the irrigation potential of the tank, benefiting the local agricultural community.",,DR BYREDDY SHABARI,,NANDYAL,500000,2024-12-15T00:00:00.000Z,2024-12-15 00:00:00+00:00,625
149400,Andhra Pradesh,Andhra Pradesh,ELURU,ELURU,Eluru(DISTRICT COLLECTOR ELURU_IDA),Eluru(DISTRICT COLLECTOR ELURU_IDA),Normal/Others,Normal/Others,3204000,Recommended,Recommended,2024-10-25T00:00:00.000Z,2024,Lok Sabha,18,0,True,3198733,2,"Construction of Resting Barracks with attached wash rooms for Women in the District Police Office, Eluru","Construction of Resting Barracks with attached wash rooms for Women in the District Police Office, Eluru",,Putta Mahesh Kumar,,ELURU,3204000,2024-10-25T00:00:00.000Z,2024-10-25 00:00:00+00:00,676
150350,Andhra Pradesh,Andhra Pradesh,KADAPA,KADAPA,Y.S.R. Kadapa(DISTRICT COLLECTOR CUDDAPAH_IDA),Y.S.R. Kadapa(DISTRICT COLLECTOR CUDDAPAH_IDA),Normal/Others,Normal/Others,400000,Recommended,Recommended,2024-11-05T00:00:00.000Z,2024,Lok Sabha,18,0,False,0,0,construction of Bus Shelter at Thallapalli Village of Vempalli (M).,construction of Bus Shelter at Thallapalli Village of Vempalli (M).,,Y S Avinash Reddy,,KADAPA,400000,2024-11-05T00:00:00.000Z,2024-11-05 00:00:00+00:00,665
183102,Andaman And Nicobar Islands,Andaman And Nicobar Islands,ANDAMAN AND NICOBAR ISLANDS,ANDAMAN AND NICOBAR ISLANDS,SOUTH ANDAMANS(Implementing District Authority(SA)),SOUTH ANDAMANS(Implementing District Authority(SA)),Trust and Society,Trust and Society,4992971,Recommended,Recommended,2025-03-18T00:00:00.000Z,2025,Lok Sabha,18,0,True,2232133,1,"Con. Bore well with water tank (60000 Ltr capacity), boundary wall with gate, parking space, toilets with bathroom, drainage system, rain harvesting system at Sri Guruji Community Centre, Dollygunj","Con. Bore well with water tank (60000 Ltr capacity), boundary wall with gate, parking space, toilets with bathroom, drainage system, rain harvesting system at Sri Guruji Community Centre, Dollygunj",,BISHNU PADA RAY,,ANDAMAN AND NICOBAR ISLANDS,4992971,2025-03-18T00:00:00.000Z,2025-03-18 00:00:00+00:00,532
151568,Andhra Pradesh,Andhra Pradesh,RAJAMPET,RAJAMPET,CHITTOOR(DISTRICT COLLECTOR CHITTOOR_IDA),CHITTOOR(DISTRICT COLLECTOR CHITTOOR_IDA),Normal/Others,Normal/Others,180000,Recommended,Recommended,2024-11-14T00:00:00.000Z,2024,Lok Sabha,18,0,True,160189,1,"Providing Borewell in Nayunivaripalli (V), Jogivaripalli (G.P)","Providing Borewell in Nayunivaripalli (V), Jogivaripalli (G.P)",,Midhun Reddy,,RAJAMPET,180000,2024-11-14T00:00:00.000Z,2024-11-14 00:00:00+00:00,656
151578,Andhra Pradesh,Andhra Pradesh,RAJAMPET,RAJAMPET,Annamayya(DISTRICT COLLECTOR ANNAMAYYA_IDA),Annamayya(DISTRICT COLLECTOR ANNAMAYYA_IDA),Normal/Others,Normal/Others,300000,Recommended,Recommended,2024-12-21T00:00:00.000Z,2024,Lok Sabha,18,0,False,0,0,"Construction of the Protection wall Near K Nagaraju Fields at Lakshmigaripalli (V), Settigunta G.P","Construction of the Protection wall Near K Nagaraju Fields at Lakshmigaripalli (V), Settigunta G.P",,Midhun Reddy,,RAJAMPET,300000,2024-12-21T00:00:00.000Z,2024-12-21 00:00:00+00:00,619
1155,Andhra Pradesh,Andhra Pradesh,AMALAPURAM,AMALAPURAM,Kakinada(DISTRICT COLLECTOR KAKINADA_IDA),Kakinada(DISTRICT COLLECTOR KAKINADA_IDA),Repair and Renovation,Repair and Renovation,2000000,Recommended,Recommended,2025-03-01T00:00:00.000Z,2025,Lok Sabha,18,0,False,0,0,Repairs and improvements to the Rope way bridge across Athreya Paya in Korangi (V) of Tallarevu (M),Repairs and improvements to the Rope way bridge across Athreya Paya in Korangi (V) of Tallarevu (M),,GM Harish Balayogi,,AMALAPURAM,2000000,2025-03-01T00:00:00.000Z,2025-03-01 00:00:00+00:00,549
151582,Andhra Pradesh,Andhra Pradesh,RAJAMPET,RAJAMPET,Annamayya(DISTRICT COLLECTOR ANNAMAYYA_IDA),Annamayya(DISTRICT COLLECTOR ANNAMAYYA_IDA),Normal/Others,Normal/Others,500000,Recommended,Recommended,2024-11-14T00:00:00.000Z,2024,Lok Sabha,18,0,False,0,0,Laying of Internal CC Road from Syed Khan House to Burial Ground in Bhagampalli (V&G.P),Laying of Internal CC Road from Syed Khan House to Burial Ground in Bhagampalli (V&G.P),,Midhun Reddy,,RAJAMPET,500000,2024-11-14T00:00:00.000Z,2024-11-14 00:00:00+00:00,656
152143,Andhra Pradesh,Andhra Pradesh,ARAKU,ARAKU,Alluri Sitharama Raju(DISTRICT COLLECTOR ALLURI SITHARAMARAJU_IDA),Alluri Sitharama Raju(DISTRICT COLLECTOR ALLURI SITHARAMARAJU_IDA),Normal/Others,Normal/Others,1394400,Recommended,Recommended,2024-11-12T00:00:00.000Z,2024,Lok Sabha,18,0,True,1394400,1,purchase of street lights,purchase of street lights,,Gumma Thanuja Rani,,ARAKU,1394400,2024-11-12T00:00:00.000Z,2024-11-12 00:00:00+00:00,658
152146,Andhra Pradesh,Andhra Pradesh,ARAKU,ARAKU,Alluri Sitharama Raju(DISTRICT COLLECTOR ALLURI SITHARAMARAJU_IDA),Alluri Sitharama Raju(DISTRICT COLLECTOR ALLURI SITHARAMARAJU_IDA),Normal/Others,Normal/Others,1394400,Recommended,Recommended,2024-11-12T00:00:00.000Z,2024,Lok Sabha,18,0,True,1394400,1,purchase of street lights,purchase of street lights,,Gumma Thanuja Rani,,ARAKU,1394400,2024-11-12T00:00:00.000Z,2024-11-12 00:00:00+00:00,658
152250,Andhra Pradesh,Andhra Pradesh,KADAPA,KADAPA,Y.S.R. Kadapa(DISTRICT COLLECTOR CUDDAPAH_IDA),Y.S.R. Kadapa(DISTRICT COLLECTOR CUDDAPAH_IDA),Normal/Others,Normal/Others,300000,Recommended,Recommended,2024-11-13T00:00:00.000Z,2024,Lok Sabha,18,0,False,0,0,Formation of Road upto Gravel surface from R& B road at S.Kothapalli village to Yerragudi Devudu Manam of S.Kothapalli village of sankepalli GP in Kondapuram Mandal,Formation of Road upto Gravel surface from R& B road at S.Kothapalli village to Yerragudi Devudu Manam of S.Kothapalli village of sankepalli GP in Kondapuram Mandal,,Y S Avinash Reddy,,KADAPA,300000,2024-11-13T00:00:00.000Z,2024-11-13 00:00:00+00:00,657
1199,Andhra Pradesh,Andhra Pradesh,ARAKU,ARAKU,"EAST GODAVARI(DISTRICT COLLECTOR, EAST GODAVARI)","EAST GODAVARI(DISTRICT COLLECTOR, EAST GODAVARI)",Normal/Others,Normal/Others,500000,Recommended,Recommended,2025-03-25T00:00:00.000Z,2025,Lok Sabha,18,0,False,0,0,"Construction of CC drainage at M.Mallavaram village, Gokavaram Mandal","Construction of CC drainage at M.Mallavaram village, Gokavaram Mandal",,Gumma Thanuja Rani,,ARAKU,500000,2025-03-25T00:00:00.000Z,2025-03-25 00:00:00+00:00,525
152252,Andhra Pradesh,Andhra Pradesh,KADAPA,KADAPA,Y.S.R. Kadapa(DISTRICT COLLECTOR CUDDAPAH_IDA),Y.S.R. Kadapa(DISTRICT COLLECTOR CUDDAPAH_IDA),Normal/Others,Normal/Others,400000,Recommended,Recommended,2024-11-13T00:00:00.000Z,2024,Lok Sabha,18,0,False,0,0,Formation of Road upto Gravel Surface from K.Manohar Reddy Fields to Kulaya Reddy Fields and other areas at B.Kottalapalli village and GP of Kondapuram Mandal,Formation of Road upto Gravel Surface from K.Manohar Reddy Fields to Kulaya Reddy Fields and other areas at B.Kottalapalli village and GP of Kondapuram Mandal,,Y S Avinash Reddy,,KADAPA,400000,2024-11-13T00:00:00.000Z,2024-11-13 00:00:00+00:00,657
152573,Andhra Pradesh,Andhra Pradesh,RAJAMPET,RAJAMPET,Annamayya(DISTRICT COLLECTOR ANNAMAYYA_IDA),Annamayya(DISTRICT COLLECTOR ANNAMAYYA_IDA),Normal/Others,Normal/Others,250000,Recommended,Recommended,2024-11-14T00:00:00.000Z,2024,Lok Sabha,18,0,False,0,0,"Providing Borewell, Pipe Line & Motor in Kummarapalli (V), Odiveedu (G.P)","Providing Borewell, Pipe Line & Motor in Kummarapalli (V), Odiveedu (G.P)",,Midhun Reddy,,RAJAMPET,250000,2024-11-14T00:00:00.000Z,2024-11-14 00:00:00+00:00,656
224539,Andaman And Nicobar Islands,Andaman And Nicobar Islands,ANDAMAN AND NICOBAR ISLANDS,ANDAMAN AND NICOBAR ISLANDS,NICOBARS(DEPUTY COMMISSIONER NICOBAR_IDA),NICOBARS(DEPUTY COMMISSIONER NICOBAR_IDA),Normal/Others,Normal/Others,2000000,Recommended,Recommended,2025-08-03T00:00:00.000Z,2025,Lok Sabha,18,0,False,0,0,Purchase and supply of 01 No. Hearse Van for transportation of deceased bodies in Car Nicobar,Purchase and supply of 01 No. Hearse Van for transportation of deceased bodies in Car Nicobar,,BISHNU PADA RAY,,ANDAMAN AND NICOBAR ISLANDS,2000000,2025-08-03T00:00:00.000Z,2025-08-03 00:00:00+00:00,394
152586,Andhra Pradesh,Andhra Pradesh,RAJAMPET,RAJAMPET,Annamayya(DISTRICT COLLECTOR ANNAMAYYA_IDA),Annamayya(DISTRICT COLLECTOR ANNAMAYYA_IDA),Normal/Others,Normal/Others,200000,Recommended,Recommended,2024-11-14T00:00:00.000Z,2024,Lok Sabha,18,0,False,0,0,"Providing Borewell at Venkateswara ST Colony, Tkammapalli (G.P)","Providing Borewell at Venkateswara ST Colony, Tkammapalli (G.P)",,Midhun Reddy,,RAJAMPET,200000,2024-11-14T00:00:00.000Z,2024-11-14 00:00:00+00:00,656
152589,Andhra Pradesh,Andhra Pradesh,RAJAMPET,RAJAMPET,Annamayya(DISTRICT COLLECTOR ANNAMAYYA_IDA),Annamayya(DISTRICT COLLECTOR ANNAMAYYA_IDA),Normal/Others,Normal/Others,200000,Recommended,Recommended,2024-11-14T00:00:00.000Z,2024,Lok Sabha,18,0,True,184805,1,Construction of Compound wall to Hindu Burail Ground in Pullampeta (V&G.P),Construction of Compound wall to Hindu Burail Ground in Pullampeta (V&G.P),,Midhun Reddy,,RAJAMPET,200000,2024-11-14T00:00:00.000Z,2024-11-14 00:00:00+00:00,656
1294,Andhra Pradesh,Andhra Pradesh,ANAKAPALLE,ANAKAPALLE,Y.S.R. Kadapa(DISTRICT COLLECTOR CUDDAPAH_IDA),Y.S.R. Kadapa(DISTRICT COLLECTOR CUDDAPAH_IDA),Repair and Renovation,Repair and Renovation,2480752,Recommended,Recommended,2025-05-07T00:00:00.000Z,2025,Lok Sabha,18,0,False,0,0,Urgent repairs to Kamalapuram - Potladurthi road from KM 18-110 - 18-200 near Potladurthi Village of Yerraguntla Mandal in YSR Kadapa District,Urgent repairs to Kamalapuram - Potladurthi road from KM 18-110 - 18-200 near Potladurthi Village of Yerraguntla Mandal in YSR Kadapa District,,C.M.RAMESH,,ANAKAPALLE,2480752,2025-05-07T00:00:00.000Z,2025-05-07 00:00:00+00:00,482
152984,Andhra Pradesh,Andhra Pradesh,KADAPA,KADAPA,Y.S.R. Kadapa(DISTRICT COLLECTOR CUDDAPAH_IDA),Y.S.R. Kadapa(DISTRICT COLLECTOR CUDDAPAH_IDA),Normal/Others,Normal/Others,300000,Recommended,Recommended,2024-12-14T00:00:00.000Z,2024,Lok Sabha,18,0,False,0,0,Formation of Road upto Gravel Surface from Vara Lakshmi Fields to N Pedha Obulesu Fields at B Kottalapalli (V &GP) of Kondapuram Mandal,Formation of Road upto Gravel Surface from Vara Lakshmi Fields to N Pedha Obulesu Fields at B Kottalapalli (V &GP) of Kondapuram Mandal,,Y S Avinash Reddy,,KADAPA,300000,2024-12-14T00:00:00.000Z,2024-12-14 00:00:00+00:00,626
155540,Andhra Pradesh,Andhra Pradesh,KADAPA,KADAPA,Y.S.R. Kadapa(DISTRICT COLLECTOR CUDDAPAH_IDA),Y.S.R. Kadapa(DISTRICT COLLECTOR CUDDAPAH_IDA),Normal/Others,Normal/Others,300000,Recommended,Recommended,2024-12-14T00:00:00.000Z,2024,Lok Sabha,18,0,False,0,0,"Construction of Bus Shelter at ZPHS  High School at Nallapureddypalli Village,  Erraballi GP of Pulivendula Mandal","Construction of Bus Shelter at ZPHS  High School at Nallapureddypalli Village,  Erraballi GP of Pulivendula Mandal",,Y S Avinash Reddy,,KADAPA,300000,2024-12-14T00:00:00.000Z,2024-12-14 00:00:00+00:00,626
155623,Andhra Pradesh,Andhra Pradesh,RAJAMPET,RAJAMPET,Annamayya(DISTRICT COLLECTOR ANNAMAYYA_IDA),Annamayya(DISTRICT COLLECTOR ANNAMAYYA_IDA),Normal/Others,Normal/Others,500000,Recommended,Recommended,2024-11-28T00:00:00.000Z,2024,Lok Sabha,18,0,False,0,0,"Providing Borewell & Pump Set & Pipeline from Othacheruvu to Badiselavanka, Thimmasamudram (G.P)","Providing Borewell & Pump Set & Pipeline from Othacheruvu to Badiselavanka, Thimmasamudram (G.P)",,Midhun Reddy,,RAJAMPET,500000,2024-11-28T00:00:00.000Z,2024-11-28 00:00:00+00:00,642
156397,Andhra Pradesh,Andhra Pradesh,HINDUPUR,HINDUPUR,Ananthapuramu(DISTRICT COLLECTOR ANANTAPUR_IDA),Ananthapuramu(DISTRICT COLLECTOR ANANTAPUR_IDA),Normal/Others,Normal/Others,500000,Recommended,Recommended,2024-12-02T00:00:00.000Z,2024,Lok Sabha,18,0,True,498353,1,Improvement of electricity distribution infrastructure,Improvement of electricity distribution infrastructure,,B K PARTHASARATHI,,HINDUPUR,500000,2024-12-02T00:00:00.000Z,2024-12-02 00:00:00+00:00,638
1344,Andhra Pradesh,Andhra Pradesh,VIZIANAGARAM,VIZIANAGARAM,Anakapalli(DISTRICT COLLECTOR ANAKAPALLI_IDA),Anakapalli(DISTRICT COLLECTOR ANAKAPALLI_IDA),Normal/Others,Normal/Others,992839,Recommended,Recommended,2025-05-29T00:00:00.000Z,2025,Lok Sabha,18,0,False,0,0,"Developmental Works of Intrepretation centre at Sri Alluri Seetharamaraju Memorial Park,Krishnadevipeta,Golugonda Mandal of Anakapalli District","Developmental Works of Intrepretation centre at Sri Alluri Seetharamaraju Memorial Park,Krishnadevipeta,Golugonda Mandal of Anakapalli District",,Appalanaidu Kalisetti,,VIZIANAGARAM,992839,2025-05-29T00:00:00.000Z,2025-05-29 00:00:00+00:00,460
157017,Andhra Pradesh,Andhra Pradesh,KADAPA,KADAPA,Y.S.R. Kadapa(DISTRICT COLLECTOR CUDDAPAH_IDA),Y.S.R. Kadapa(DISTRICT COLLECTOR CUDDAPAH_IDA),Normal/Others,Normal/Others,400000,Recommended,Recommended,2024-12-14T00:00:00.000Z,2024,Lok Sabha,18,0,False,0,0,Electrification of Colony at Nallapureddypalli Village Errabali GP of Pulivendula Mandal,Electrification of Colony at Nallapureddypalli Village Errabali GP of Pulivendula Mandal,,Y S Avinash Reddy,,KADAPA,400000,2024-12-14T00:00:00.000Z,2024-12-14 00:00:00+00:00,626
157138,Andhra Pradesh,Andhra Pradesh,HINDUPUR,HINDUPUR,Sri Sathya Sai(DISTRICT COLLECTOR SRI SATHYA SAI_IDA),Sri Sathya Sai(DISTRICT COLLECTOR SRI SATHYA SAI_IDA),Normal/Others,Normal/Others,8000000,Recommended,Recommended,2024-12-06T00:00:00.000Z,2024,Lok Sabha,18,0,True,5892449,2,construction of community hall at Survey No. 294-2 of Parigi village,construction of community hall at Survey No. 294-2 of Parigi village,,B K PARTHASARATHI,,HINDUPUR,8000000,2024-12-06T00:00:00.000Z,2024-12-06 00:00:00+00:00,634
175559,Andaman And Nicobar Islands,Andaman And Nicobar Islands,ANDAMAN AND NICOBAR ISLANDS,ANDAMAN AND NICOBAR ISLANDS,SOUTH ANDAMANS(Implementing District Authority(SA)),SOUTH ANDAMANS(Implementing District Authority(SA)),Normal/Others,Normal/Others,976436,Recommended,Recommended,2025-02-14T00:00:00.000Z,2025,Lok Sabha,18,0,True,730885,1,"Extension of Multipurpse Hall at Nayagaon near Juvenile Home, Port Blair","Extension of Multipurpse Hall at Nayagaon near Juvenile Home, Port Blair",,BISHNU PADA RAY,,ANDAMAN AND NICOBAR ISLANDS,976436,2025-02-14T00:00:00.000Z,2025-02-14 00:00:00+00:00,564
157510,Andhra Pradesh,Andhra Pradesh,ANANTAPUR,ANANTAPUR,Ananthapuramu(DISTRICT COLLECTOR ANANTAPUR_IDA),Ananthapuramu(DISTRICT COLLECTOR ANANTAPUR_IDA),Normal/Others,Normal/Others,1000000,Recommended,Recommended,2024-12-09T00:00:00.000Z,2024,Lok Sabha,18,0,False,0,0,Construction of SC Community Hall in Kothapalli village of Kambadur Mandal,Construction of SC Community Hall in Kothapalli village of Kambadur Mandal,,AMBICA G LAKSHMINARAYANA VALMIKI,,ANANTAPUR,1000000,2024-12-09T00:00:00.000Z,2024-12-09 00:00:00+00:00,631
157527,Andhra Pradesh,Andhra Pradesh,ANANTAPUR,ANANTAPUR,Ananthapuramu(DISTRICT COLLECTOR ANANTAPUR_IDA),Ananthapuramu(DISTRICT COLLECTOR ANANTAPUR_IDA),Normal/Others,Normal/Others,500000,Recommended,Recommended,2024-12-09T00:00:00.000Z,2024,Lok Sabha,18,0,True,499613,1,Providing Bus Sheltar at Chennampalli village of  Kambadur Mandal,Providing Bus Sheltar at Chennampalli village of  Kambadur Mandal,,AMBICA G LAKSHMINARAYANA VALMIKI,,ANANTAPUR,500000,2024-12-09T00:00:00.000Z,2024-12-09 00:00:00+00:00,631
1360,Andhra Pradesh,Andhra Pradesh,TIRUPATI,TIRUPATI,Sri Potti Sriramulu Nellore(DISTRICT COLLECTOR NELLORE_IDA),Sri Potti Sriramulu Nellore(DISTRICT COLLECTOR NELLORE_IDA),Normal/Others,Normal/Others,499451,Recommended,Recommended,2025-06-16T00:00:00.000Z,2025,Lok Sabha,18,0,False,0,0,"Construction of CC Road from Leburu Ankalamma Temple to Pallipadu Road of Lebur village in Indukurpeta Mandal, SPS Nellore District.","Construction of CC Road from Leburu Ankalamma Temple to Pallipadu Road of Lebur village in Indukurpeta Mandal, SPS Nellore District.",,Maddila Gurumoorthy,,TIRUPATI,499451,2025-06-16T00:00:00.000Z,2025-06-16 00:00:00+00:00,442
157627,Andhra Pradesh,Andhra Pradesh,RAJAMPET,RAJAMPET,Annamayya(DISTRICT COLLECTOR ANNAMAYYA_IDA),Annamayya(DISTRICT COLLECTOR ANNAMAYYA_IDA),Normal/Others,Normal/Others,180000,Recommended,Recommended,2024-12-09T00:00:00.000Z,2024,Lok Sabha,18,0,False,0,0,"Providing Borewell at Near Panchayath Office, Ananthaiahgaripalli  (V&G.P)","Providing Borewell at Near Panchayath Office, Ananthaiahgaripalli  (V&G.P)",,Midhun Reddy,,RAJAMPET,180000,2024-12-09T00:00:00.000Z,2024-12-09 00:00:00+00:00,631
157652,Andhra Pradesh,Andhra Pradesh,RAJAMPET,RAJAMPET,Annamayya(DISTRICT COLLECTOR ANNAMAYYA_IDA),Annamayya(DISTRICT COLLECTOR ANNAMAYYA_IDA),Normal/Others,Normal/Others,150000,Recommended,Recommended,2024-12-09T00:00:00.000Z,2024,Lok Sabha,18,0,False,0,0,"Providing 10 HP Motor & Pump set and G.I Pipes at Eguvarajuvaripalli (V), Reddivaripalli (G.P)","Providing 10 HP Motor & Pump set and G.I Pipes at Eguvarajuvaripalli (V), Reddivaripalli (G.P)",,Midhun Reddy,,RAJAMPET,150000,2024-12-09T00:00:00.000Z,2024-12-09 00:00:00+00:00,631
175556,Andaman And Nicobar Islands,Andaman And Nicobar Islands,ANDAMAN AND NICOBAR ISLANDS,ANDAMAN AND NICOBAR ISLANDS,SOUTH ANDAMANS(Implementing District Authority(SA)),SOUTH ANDAMANS(Implementing District Authority(SA)),Repair and Renovation,Repair and Renovation,4947034,Recommended,Recommended,2025-02-14T00:00:00.000Z,2025,Lok Sabha,18,0,True,3655060,1,"Repair and renovation of road from CPWD complex, Ranchi Tikrey Dairyfarm to Fisheries Quarter, Port Blair","Repair and renovation of road from CPWD complex, Ranchi Tikrey Dairyfarm to Fisheries Quarter, Port Blair",,BISHNU PADA RAY,,ANDAMAN AND NICOBAR ISLANDS,4947034,2025-02-14T00:00:00.000Z,2025-02-14 00:00:00+00:00,564
175561,Andaman And Nicobar Islands,Andaman And Nicobar Islands,ANDAMAN AND NICOBAR ISLANDS,ANDAMAN AND NICOBAR ISLANDS,SOUTH ANDAMANS(Implementing District Authority(SA)),SOUTH ANDAMANS(Implementing District Authority(SA)),Normal/Others,Normal/Others,1498887,Recommended,Recommended,2025-02-14T00:00:00.000Z,2025,Lok Sabha,18,0,True,1189292,1,"Construction of CC Motorable road between Govt. Primary School and Shri SK Singh house at Garacharma, Ward No.18, Port Blair","Construction of CC Motorable road between Govt. Primary School and Shri SK Singh house at Garacharma, Ward No.18, Port Blair",,BISHNU PADA RAY,,ANDAMAN AND NICOBAR ISLANDS,1498887,2025-02-14T00:00:00.000Z,2025-02-14 00:00:00+00:00,564
188528,Andaman And Nicobar Islands,Andaman And Nicobar Islands,ANDAMAN AND NICOBAR ISLANDS,ANDAMAN AND NICOBAR ISLANDS,SOUTH ANDAMANS(Implementing District Authority(SA)),SOUTH ANDAMANS(Implementing District Authority(SA)),Normal/Others,Normal/Others,1320600,Recommended,Recommended,2025-04-01T00:00:00.000Z,2025,Lok Sabha,18,0,True,803540,1,"Construction of CC drain from CPWD quarters to Fisheries Quarters via Sree Shaktivel Murugan Temple for a length of 350 mtrs at Ranci Tikrey, Dairy Farm, Ward No.9, SVP.","Construction of CC drain from CPWD quarters to Fisheries Quarters via Sree Shaktivel Murugan Temple for a length of 350 mtrs at Ranci Tikrey, Dairy Farm, Ward No.9, SVP.",,BISHNU PADA RAY,,ANDAMAN AND NICOBAR ISLANDS,1320600,2025-04-01T00:00:00.000Z,2025-04-01 00:00:00+00:00,518
899,Andhra Pradesh,Andhra Pradesh,TIRUPATI,TIRUPATI,Annamayya(DISTRICT COLLECTOR ANNAMAYYA_IDA),Annamayya(DISTRICT COLLECTOR ANNAMAYYA_IDA),Normal/Others,Normal/Others,390388,Recommended,Recommended,2024-11-02T00:00:00.000Z,2024,Lok Sabha,18,0,False,0,0,"Construction of CC Road D. Narayana house to R&B road in Pullareddy Palli H/W (V), Anantha Samudram G.P. in Pullampeta Mandal.","Construction of CC Road D. Narayana house to R&B road in Pullareddy Palli H/W (V), Anantha Samudram G.P. in Pullampeta Mandal.",,Maddila Gurumoorthy,,TIRUPATI,390388,2024-11-02T00:00:00.000Z,2024-11-02 00:00:00+00:00,668
1489,Andhra Pradesh,Andhra Pradesh,ARAKU,ARAKU,"EAST GODAVARI(DISTRICT COLLECTOR, EAST GODAVARI)","EAST GODAVARI(DISTRICT COLLECTOR, EAST GODAVARI)",Normal/Others,Normal/Others,500000,Recommended,Recommended,2025-08-07T00:00:00.000Z,2025,Lok Sabha,18,0,False,0,0,construction of cc road from n16 road to kallepali venkataraju site of konthamuru,construction of cc road from n16 road to kallepali venkataraju site of konthamuru,,Gumma Thanuja Rani,,ARAKU,500000,2025-08-07T00:00:00.000Z,2025-08-07 00:00:00+00:00,390
141551,Andhra Pradesh,Andhra Pradesh,CHITTOOR,CHITTOOR,Tirupati(DISTRICT COLLECTOR TIRUPATI_IDA),Tirupati(DISTRICT COLLECTOR TIRUPATI_IDA),Normal/Others,Normal/Others,490000,Recommended,Recommended,2024-09-18T00:00:00.000Z,2024,Lok Sabha,18,0,False,0,0,"Construction of WBM Road from Jimkalamitta SC Colony to Snam alloys Pvt. Link road at Jimkalamitta Village, Damalacheruvu GP of Pakala Mandal, Chandragiri Constituency.","Construction of WBM Road from Jimkalamitta SC Colony to Snam alloys Pvt. Link road at Jimkalamitta Village, Damalacheruvu GP of Pakala Mandal, Chandragiri Constituency.",,DAGGUMALLA PRASADA RAO,,CHITTOOR,490000,2024-09-18T00:00:00.000Z,2024-09-18 00:00:00+00:00,713
158437,Andhra Pradesh,Andhra Pradesh,NANDYAL,NANDYAL,Nandyal(DISTRICT COLLECTOR NANDYAL_IDA),Nandyal(DISTRICT COLLECTOR NANDYAL_IDA),Normal/Others,Normal/Others,500000,Recommended,Recommended,2024-12-13T00:00:00.000Z,2024,Lok Sabha,18,0,True,499622,1,"Establishment of a mineral water plant in Pedda Gummadapuram Village of Kothapalle Mandal to provide safe and clean drinking water, ensuring improved public health, hygiene, and accessibility to potable water for the residents.","Establishment of a mineral water plant in Pedda Gummadapuram Village of Kothapalle Mandal to provide safe and clean drinking water, ensuring improved public health, hygiene, and accessibility to potable water for the residents.",,DR BYREDDY SHABARI,,NANDYAL,500000,2024-12-13T00:00:00.000Z,2024-12-13 00:00:00+00:00,627
186736,Andhra Pradesh,Andhra Pradesh,BAPATLA,BAPATLA,Bapatla(DISTRICT COLLECTOR BAPATLA_IDA),Bapatla(DISTRICT COLLECTOR BAPATLA_IDA),Normal/Others,Normal/Others,1000000,Recommended,Recommended,2025-03-26T00:00:00.000Z,2025,Lok Sabha,18,0,False,0,0,"Purchase of IT Systems including hardware and software for education purpose in Bapatla Municipal High School, Bapatla Municipality","Purchase of IT Systems including hardware and software for education purpose in Bapatla Municipal High School, Bapatla Municipality",,Krishna Prasad Tenneti,,BAPATLA,1000000,2025-03-26T00:00:00.000Z,2025-03-26 00:00:00+00:00,524
188548,Andhra Pradesh,Andhra Pradesh,RAJAMPET,RAJAMPET,CHITTOOR(DISTRICT COLLECTOR CHITTOOR_IDA),CHITTOOR(DISTRICT COLLECTOR CHITTOOR_IDA),Normal/Others,Normal/Others,200000,Recommended,Recommended,2025-04-01T00:00:00.000Z,2025,Lok Sabha,18,0,False,0,0,"Borewell at Palyam Near Ayyappa Swamy Temple, Palyam (G.P) Kallur","Borewell at Palyam Near Ayyappa Swamy Temple, Palyam (G.P) Kallur",,Midhun Reddy,,RAJAMPET,200000,2025-04-01T00:00:00.000Z,2025-04-01 00:00:00+00:00,518
158753,Andhra Pradesh,Andhra Pradesh,NANDYAL,NANDYAL,Nandyal(DISTRICT COLLECTOR NANDYAL_IDA),Nandyal(DISTRICT COLLECTOR NANDYAL_IDA),Normal/Others,Normal/Others,500000,Recommended,Recommended,2024-12-14T00:00:00.000Z,2024,Lok Sabha,18,0,False,0,0,"Setting up a mineral water plant in Veerapuram hamlet, Guvvalakuntla village, Kothapalli Mandal, to provide clean drinking water. Activities include installation of purification systems, quality testing, and local employment generation. The project aims to improve public health and ensure sustainable access to safe water","Setting up a mineral water plant in Veerapuram hamlet, Guvvalakuntla village, Kothapalli Mandal, to provide clean drinking water. Activities include installation of purification systems, quality testing, and local employment generation. The project aims to improve public health and ensure sustainable access to safe water",,DR BYREDDY SHABARI,,NANDYAL,500000,2024-12-14T00:00:00.000Z,2024-12-14 00:00:00+00:00,626
188554,Andhra Pradesh,Andhra Pradesh,RAJAMPET,RAJAMPET,Annamayya(DISTRICT COLLECTOR ANNAMAYYA_IDA),Annamayya(DISTRICT COLLECTOR ANNAMAYYA_IDA),Normal/Others,Normal/Others,200000,Recommended,Recommended,2025-04-01T00:00:00.000Z,2025,Lok Sabha,18,0,False,0,0,Providing Borewell at Nadimbattuvaripalli (V) Ratiguntapalli GP,Providing Borewell at Nadimbattuvaripalli (V) Ratiguntapalli GP,,Midhun Reddy,,RAJAMPET,200000,2025-04-01T00:00:00.000Z,2025-04-01 00:00:00+00:00,518
189406,Andhra Pradesh,Andhra Pradesh,GUNTUR,GUNTUR,GUNTUR(DISTRICT COLLECTOR GUNTUR_IDA),GUNTUR(DISTRICT COLLECTOR GUNTUR_IDA),Normal/Others,Normal/Others,661000,Recommended,Recommended,2025-04-04T00:00:00.000Z,2025,Lok Sabha,18,0,True,661000,1,"Small Animals Anaesthetic Machine with ventilator and with Isoflurane vaporizer for Govt Veterinary Poly Clinic, Guntur","Small Animals Anaesthetic Machine with ventilator and with Isoflurane vaporizer for Govt Veterinary Poly Clinic, Guntur",,Dr Chandra Sekhar Pemmasani,,GUNTUR,661000,2025-04-04T00:00:00.000Z,2025-04-04 00:00:00+00:00,515
160022,Andhra Pradesh,Andhra Pradesh,NANDYAL,NANDYAL,Nandyal(DISTRICT COLLECTOR NANDYAL_IDA),Nandyal(DISTRICT COLLECTOR NANDYAL_IDA),Normal/Others,Normal/Others,500000,Recommended,Recommended,2024-12-20T00:00:00.000Z,2024,Lok Sabha,18,0,True,499912,1,New Formation of approach roads with Gravel surface from Nandyal BT Road to Allagadda polimera stone (allagadda rastha)   of Thalamudipi (V&GP) of  Midthur(M) in Nandyal District.,New Formation of approach roads with Gravel surface from Nandyal BT Road to Allagadda polimera stone (allagadda rastha)   of Thalamudipi (V&GP) of  Midthur(M) in Nandyal District.,,DR BYREDDY SHABARI,,NANDYAL,500000,2024-12-20T00:00:00.000Z,2024-12-20 00:00:00+00:00,620
191639,Andhra Pradesh,Andhra Pradesh,KADAPA,KADAPA,Y.S.R. Kadapa(DISTRICT COLLECTOR CUDDAPAH_IDA),Y.S.R. Kadapa(DISTRICT COLLECTOR CUDDAPAH_IDA),Normal/Others,Normal/Others,300000,Recommended,Recommended,2025-05-27T00:00:00.000Z,2025,Lok Sabha,18,0,True,275219,1,"Providing RO Water Plant Machinary Equipment to Theluru Village, Thoudur Mandal, YSR District","Providing RO Water Plant Machinary Equipment to Theluru Village, Thoudur Mandal, YSR District",,Y S Avinash Reddy,,KADAPA,300000,2025-05-27T00:00:00.000Z,2025-05-27 00:00:00+00:00,462
191641,Andhra Pradesh,Andhra Pradesh,KADAPA,KADAPA,Y.S.R. Kadapa(DISTRICT COLLECTOR CUDDAPAH_IDA),Y.S.R. Kadapa(DISTRICT COLLECTOR CUDDAPAH_IDA),Normal/Others,Normal/Others,497000,Recommended,Recommended,2025-05-27T00:00:00.000Z,2025,Lok Sabha,18,0,True,496813,1,"Fromation of Gravel Road from Lomada Bharadrampalli Village Road to Kullayappa Fields of  1.5km, Lomada Village, Simhadripuram Mandal, YSR District.","Fromation of Gravel Road from Lomada Bharadrampalli Village Road to Kullayappa Fields of  1.5km, Lomada Village, Simhadripuram Mandal, YSR District.",,Y S Avinash Reddy,,KADAPA,497000,2025-05-27T00:00:00.000Z,2025-05-27 00:00:00+00:00,462
160181,Andhra Pradesh,Andhra Pradesh,NANDYAL,NANDYAL,Nandyal(DISTRICT COLLECTOR NANDYAL_IDA),Nandyal(DISTRICT COLLECTOR NANDYAL_IDA),Normal/Others,Normal/Others,200000,Recommended,Recommended,2024-12-20T00:00:00.000Z,2024,Lok Sabha,18,0,True,159143,1,Construction of Compound wall to Burial Ground  (Bit 2) in Malyala village of Nandikotkur Mandal,Construction of Compound wall to Burial Ground  (Bit 2) in Malyala village of Nandikotkur Mandal,,DR BYREDDY SHABARI,,NANDYAL,200000,2024-12-20T00:00:00.000Z,2024-12-20 00:00:00+00:00,620
191940,Andhra Pradesh,Andhra Pradesh,RAJAMPET,RAJAMPET,CHITTOOR(DISTRICT COLLECTOR CHITTOOR_IDA),CHITTOOR(DISTRICT COLLECTOR CHITTOOR_IDA),Normal/Others,Normal/Others,300000,Recommended,Recommended,2025-04-21T00:00:00.000Z,2025,Lok Sabha,18,0,False,0,0,Development works to Bus Shelter in Sodum,Development works to Bus Shelter in Sodum,,Midhun Reddy,,RAJAMPET,300000,2025-04-21T00:00:00.000Z,2025-04-21 00:00:00+00:00,498
1409,Andhra Pradesh,Andhra Pradesh,TIRUPATI,TIRUPATI,Annamayya(DISTRICT COLLECTOR ANNAMAYYA_IDA),Annamayya(DISTRICT COLLECTOR ANNAMAYYA_IDA),Normal/Others,Normal/Others,450000,Recommended,Recommended,2025-06-28T00:00:00.000Z,2025,Lok Sabha,18,0,False,0,0,Providing Internal CC Road from Kuncham Srinivasulu House to Alakunta Venkata Subbamma House at Vadde Colony of H. Kothapalli GP of Rajampet Mandal.,Providing Internal CC Road from Kuncham Srinivasulu House to Alakunta Venkata Subbamma House at Vadde Colony of H. Kothapalli GP of Rajampet Mandal.,,Maddila Gurumoorthy,,TIRUPATI,450000,2025-06-28T00:00:00.000Z,2025-06-28 00:00:00+00:00,430
191945,Andhra Pradesh,Andhra Pradesh,RAJAMPET,RAJAMPET,CHITTOOR(DISTRICT COLLECTOR CHITTOOR_IDA),CHITTOOR(DISTRICT COLLECTOR CHITTOOR_IDA),Normal/Others,Normal/Others,125000,Recommended,Recommended,2025-04-21T00:00:00.000Z,2025,Lok Sabha,18,0,False,0,0,Providing Pipe Line Near MDO Office Sodum,Providing Pipe Line Near MDO Office Sodum,,Midhun Reddy,,RAJAMPET,125000,2025-04-21T00:00:00.000Z,2025-04-21 00:00:00+00:00,498
160201,Andhra Pradesh,Andhra Pradesh,NANDYAL,NANDYAL,Nandyal(DISTRICT COLLECTOR NANDYAL_IDA),Nandyal(DISTRICT COLLECTOR NANDYAL_IDA),Normal/Others,Normal/Others,500000,Recommended,Recommended,2024-12-20T00:00:00.000Z,2024,Lok Sabha,18,0,False,0,0,Providing  CC Road along with Drains from Sugali Venkateswarlu house to Anganwadi centre  in  Erragudur village H/O Pamulapadu of Pamulapadu Mandal,Providing  CC Road along with Drains from Sugali Venkateswarlu house to Anganwadi centre  in  Erragudur village H/O Pamulapadu of Pamulapadu Mandal,,DR BYREDDY SHABARI,,NANDYAL,500000,2024-12-20T00:00:00.000Z,2024-12-20 00:00:00+00:00,620
191948,Andhra Pradesh,Andhra Pradesh,RAJAMPET,RAJAMPET,CHITTOOR(DISTRICT COLLECTOR CHITTOOR_IDA),CHITTOOR(DISTRICT COLLECTOR CHITTOOR_IDA),Normal/Others,Normal/Others,125000,Recommended,Recommended,2025-04-21T00:00:00.000Z,2025,Lok Sabha,18,0,False,0,0,Providing Pipe Line in Moravapalli Village GP,Providing Pipe Line in Moravapalli Village GP,,Midhun Reddy,,RAJAMPET,125000,2025-04-21T00:00:00.000Z,2025-04-21 00:00:00+00:00,498
191951,Andhra Pradesh,Andhra Pradesh,RAJAMPET,RAJAMPET,CHITTOOR(DISTRICT COLLECTOR CHITTOOR_IDA),CHITTOOR(DISTRICT COLLECTOR CHITTOOR_IDA),Normal/Others,Normal/Others,75000,Recommended,Recommended,2025-04-21T00:00:00.000Z,2025,Lok Sabha,18,0,False,0,0,Providing Pipe Line in Jogivaripalli (Village and GP),Providing Pipe Line in Jogivaripalli (Village and GP),,Midhun Reddy,,RAJAMPET,75000,2025-04-21T00:00:00.000Z,2025-04-21 00:00:00+00:00,498
160207,Andhra Pradesh,Andhra Pradesh,NANDYAL,NANDYAL,Nandyal(DISTRICT COLLECTOR NANDYAL_IDA),Nandyal(DISTRICT COLLECTOR NANDYAL_IDA),Normal/Others,Normal/Others,500000,Recommended,Recommended,2024-12-20T00:00:00.000Z,2024,Lok Sabha,18,0,True,499856,1,"""CC Road along with Drains from Boya Pullaiah House to Masjid  in
Tarigopula(v) of J.Bunglow(M)""","""CC Road along with Drains from Boya Pullaiah House to Masjid  in
Tarigopula(v) of J.Bunglow(M)""",,DR BYREDDY SHABARI,,NANDYAL,500000,2024-12-20T00:00:00.000Z,2024-12-20 00:00:00+00:00,620
191977,Andhra Pradesh,Andhra Pradesh,RAJAMPET,RAJAMPET,Annamayya(DISTRICT COLLECTOR ANNAMAYYA_IDA),Annamayya(DISTRICT COLLECTOR ANNAMAYYA_IDA),Normal/Others,Normal/Others,300000,Recommended,Recommended,2025-04-21T00:00:00.000Z,2025,Lok Sabha,18,0,False,0,0,Installing Borewell and Providing Motor in Palem Village Pathegadda GP,Installing Borewell and Providing Motor in Palem Village Pathegadda GP,,Midhun Reddy,,RAJAMPET,300000,2025-04-21T00:00:00.000Z,2025-04-21 00:00:00+00:00,498
191986,Andhra Pradesh,Andhra Pradesh,RAJAMPET,RAJAMPET,Annamayya(DISTRICT COLLECTOR ANNAMAYYA_IDA),Annamayya(DISTRICT COLLECTOR ANNAMAYYA_IDA),Normal/Others,Normal/Others,180000,Recommended,Recommended,2025-04-21T00:00:00.000Z,2025,Lok Sabha,18,0,False,0,0,"Borewell in Nakkaladinnevaddipalli (V), KV Palli (G.P)","Borewell in Nakkaladinnevaddipalli (V), KV Palli (G.P)",,Midhun Reddy,,RAJAMPET,180000,2025-04-21T00:00:00.000Z,2025-04-21 00:00:00+00:00,498
160291,Andhra Pradesh,Andhra Pradesh,NANDYAL,NANDYAL,Nandyal(DISTRICT COLLECTOR NANDYAL_IDA),Nandyal(DISTRICT COLLECTOR NANDYAL_IDA),Normal/Others,Normal/Others,500000,Recommended,Recommended,2024-12-20T00:00:00.000Z,2024,Lok Sabha,18,0,True,491698,1,Providing internal CC Road along with Drains Moulali (h) to Chakali Balanna(h)  in Pamulapadu(v)&(M),Providing internal CC Road along with Drains Moulali (h) to Chakali Balanna(h)  in Pamulapadu(v)&(M),,DR BYREDDY SHABARI,,NANDYAL,500000,2024-12-20T00:00:00.000Z,2024-12-20 00:00:00+00:00,620
191989,Andhra Pradesh,Andhra Pradesh,RAJAMPET,RAJAMPET,Annamayya(DISTRICT COLLECTOR ANNAMAYYA_IDA),Annamayya(DISTRICT COLLECTOR ANNAMAYYA_IDA),Normal/Others,Normal/Others,300000,Recommended,Recommended,2025-04-21T00:00:00.000Z,2025,Lok Sabha,18,0,False,0,0,New Borewell  and Motor at Diguvabattavaripalli BC Colony of Rathiguntapalli GP,New Borewell  and Motor at Diguvabattavaripalli BC Colony of Rathiguntapalli GP,,Midhun Reddy,,RAJAMPET,300000,2025-04-21T00:00:00.000Z,2025-04-21 00:00:00+00:00,498
192544,Andhra Pradesh,Andhra Pradesh,VIZIANAGARAM,VIZIANAGARAM,VIZIANAGARAM(DISTRICT COLLECTOR VIZIANAGARAM_IDA),VIZIANAGARAM(DISTRICT COLLECTOR VIZIANAGARAM_IDA),Normal/Others,Normal/Others,200000,Recommended,Recommended,2025-04-19T00:00:00.000Z,2025,Lok Sabha,18,0,False,0,0,Completion of Incomplete Anganwadi Building at Kotasirlam Gram Panchayat of Ramabhadrapuram Mandal,Completion of Incomplete Anganwadi Building at Kotasirlam Gram Panchayat of Ramabhadrapuram Mandal,,Appalanaidu Kalisetti,,VIZIANAGARAM,200000,2025-04-19T00:00:00.000Z,2025-04-19 00:00:00+00:00,500
160319,Andhra Pradesh,Andhra Pradesh,NANDYAL,NANDYAL,Nandyal(DISTRICT COLLECTOR NANDYAL_IDA),Nandyal(DISTRICT COLLECTOR NANDYAL_IDA),Normal/Others,Normal/Others,500000,Recommended,Recommended,2024-12-20T00:00:00.000Z,2024,Lok Sabha,18,0,False,0,0,Providing  CC Roads along with Drains and culverts in Byreddy Seshasayana Reddy Nagar and other areas of Parumanchala of  J.Bunglow Mandal.,Providing  CC Roads along with Drains and culverts in Byreddy Seshasayana Reddy Nagar and other areas of Parumanchala of  J.Bunglow Mandal.,,DR BYREDDY SHABARI,,NANDYAL,500000,2024-12-20T00:00:00.000Z,2024-12-20 00:00:00+00:00,620
193184,Andhra Pradesh,Andhra Pradesh,ARAKU,ARAKU,Parvathipuram Manyam(District Collector Parvathipuram Manyam_IDA),Parvathipuram Manyam(District Collector Parvathipuram Manyam_IDA),Normal/Others,Normal/Others,200000,Recommended,Recommended,2025-05-07T00:00:00.000Z,2025,Lok Sabha,18,0,True,200000,1,formation of gravel road from water pond to beemavarapu field at kavitibadra village,formation of gravel road from water pond to beemavarapu field at kavitibadra village,,Gumma Thanuja Rani,,ARAKU,200000,2025-05-07T00:00:00.000Z,2025-05-07 00:00:00+00:00,482
1411,Andhra Pradesh,Andhra Pradesh,TIRUPATI,TIRUPATI,Annamayya(DISTRICT COLLECTOR ANNAMAYYA_IDA),Annamayya(DISTRICT COLLECTOR ANNAMAYYA_IDA),Normal/Others,Normal/Others,300000,Recommended,Recommended,2025-06-28T00:00:00.000Z,2025,Lok Sabha,18,0,False,0,0,Providing Internal CC Road from Choppa Narasa Reddy House to Meda Raghava Reddy House at Medavaripalli of H. Kothapalli GP of Rajampet Mandal.,Providing Internal CC Road from Choppa Narasa Reddy House to Meda Raghava Reddy House at Medavaripalli of H. Kothapalli GP of Rajampet Mandal.,,Maddila Gurumoorthy,,TIRUPATI,300000,2025-06-28T00:00:00.000Z,2025-06-28 00:00:00+00:00,430
193217,Andhra Pradesh,Andhra Pradesh,ARAKU,ARAKU,Parvathipuram Manyam(District Collector Parvathipuram Manyam_IDA),Parvathipuram Manyam(District Collector Parvathipuram Manyam_IDA),Normal/Others,Normal/Others,500000,Recommended,Recommended,2025-05-07T00:00:00.000Z,2025,Lok Sabha,18,0,True,498266,1,construction of cc drain at EX-MLA house surroundings,construction of cc drain at EX-MLA house surroundings,,Gumma Thanuja Rani,,ARAKU,500000,2025-05-07T00:00:00.000Z,2025-05-07 00:00:00+00:00,482
160321,Andhra Pradesh,Andhra Pradesh,NANDYAL,NANDYAL,Nandyal(DISTRICT COLLECTOR NANDYAL_IDA),Nandyal(DISTRICT COLLECTOR NANDYAL_IDA),Normal/Others,Normal/Others,400000,Recommended,Recommended,2024-12-20T00:00:00.000Z,2024,Lok Sabha,18,0,True,385629,1,Providing  CC Roads along with Drains from  Peerla chavidi  to  Balaswamy house  in  of Tatipadu(v) of J.Bunglow Mandal.,Providing  CC Roads along with Drains from  Peerla chavidi  to  Balaswamy house  in  of Tatipadu(v) of J.Bunglow Mandal.,,DR BYREDDY SHABARI,,NANDYAL,400000,2024-12-20T00:00:00.000Z,2024-12-20 00:00:00+00:00,620
193228,Andhra Pradesh,Andhra Pradesh,ARAKU,ARAKU,Parvathipuram Manyam(District Collector Parvathipuram Manyam_IDA),Parvathipuram Manyam(District Collector Parvathipuram Manyam_IDA),Normal/Others,Normal/Others,300000,Recommended,Recommended,2025-05-07T00:00:00.000Z,2025,Lok Sabha,18,0,True,291724,1,construction of cc road from garava baburao house to sc street,construction of cc road from garava baburao house to sc street,,Gumma Thanuja Rani,,ARAKU,300000,2025-05-07T00:00:00.000Z,2025-05-07 00:00:00+00:00,482
194142,Andhra Pradesh,Andhra Pradesh,RAJAMPET,RAJAMPET,Annamayya(DISTRICT COLLECTOR ANNAMAYYA_IDA),Annamayya(DISTRICT COLLECTOR ANNAMAYYA_IDA),Normal/Others,Normal/Others,300000,Recommended,Recommended,2025-04-24T00:00:00.000Z,2025,Lok Sabha,18,0,False,0,0,Internal CC Roads in Kuravapalli Village Balamvaripalli GP,Internal CC Roads in Kuravapalli Village Balamvaripalli GP,,Midhun Reddy,,RAJAMPET,300000,2025-04-24T00:00:00.000Z,2025-04-24 00:00:00+00:00,495
160323,Andhra Pradesh,Andhra Pradesh,NANDYAL,NANDYAL,Nandyal(DISTRICT COLLECTOR NANDYAL_IDA),Nandyal(DISTRICT COLLECTOR NANDYAL_IDA),Normal/Others,Normal/Others,400000,Recommended,Recommended,2024-12-20T00:00:00.000Z,2024,Lok Sabha,18,0,True,397325,1,Providing  CC Roads along with Drains from  Kammari Srinivasulu   to  S.C.Colony  in  Mandlem(v) of J.Bunglow Mandal.,Providing  CC Roads along with Drains from  Kammari Srinivasulu   to  S.C.Colony  in  Mandlem(v) of J.Bunglow Mandal.,,DR BYREDDY SHABARI,,NANDYAL,400000,2024-12-20T00:00:00.000Z,2024-12-20 00:00:00+00:00,620
194412,Andhra Pradesh,Andhra Pradesh,KURNOOL,KURNOOL,KURNOOL(DISTRICT COLLECTOR KURNOOL_IDA),KURNOOL(DISTRICT COLLECTOR KURNOOL_IDA),Repair and Renovation,Repair and Renovation,500000,Recommended,Recommended,2025-04-25T00:00:00.000Z,2025,Lok Sabha,18,0,True,499202,1,"Repairs and Renovation at Hostel, Krishnagiri Mandal, Pattikonda Constituency","Repairs and Renovation at Hostel, Krishnagiri Mandal, Pattikonda Constituency",,BASTIPATI NAGARAJU PANCHALINGALA,,KURNOOL,500000,2025-04-25T00:00:00.000Z,2025-04-25 00:00:00+00:00,494
188526,Andaman And Nicobar Islands,Andaman And Nicobar Islands,ANDAMAN AND NICOBAR ISLANDS,ANDAMAN AND NICOBAR ISLANDS,NORTH AND MIDDLE ANDAMAN(Implementing District Authority(N&MA)),NORTH AND MIDDLE ANDAMAN(Implementing District Authority(N&MA)),Normal/Others,Normal/Others,2096539,Recommended,Recommended,2025-04-01T00:00:00.000Z,2025,Lok Sabha,18,0,False,0,0,"Construction of Culvert near Bejoli Maiti house at Ward No.1, Madhupur Gram Panchayat, Diglipur","Construction of Culvert near Bejoli Maiti house at Ward No.1, Madhupur Gram Panchayat, Diglipur",,BISHNU PADA RAY,,ANDAMAN AND NICOBAR ISLANDS,2096539,2025-04-01T00:00:00.000Z,2025-04-01 00:00:00+00:00,518
194505,Andhra Pradesh,Andhra Pradesh,RAJAHMUNDRY,RAJAHMUNDRY,"EAST GODAVARI(DISTRICT COLLECTOR, EAST GODAVARI)","EAST GODAVARI(DISTRICT COLLECTOR, EAST GODAVARI)",Normal/Others,Normal/Others,2500000,Recommended,Recommended,2025-05-09T00:00:00.000Z,2025,Lok Sabha,18,0,False,0,0,Construction of BC Community Hall at D.Muppavaram Village,Construction of BC Community Hall at D.Muppavaram Village,,Daggubati Purandeshwari,,RAJAHMUNDRY,2500000,2025-05-09T00:00:00.000Z,2025-05-09 00:00:00+00:00,480
161333,Andhra Pradesh,Andhra Pradesh,ARAKU,ARAKU,Alluri Sitharama Raju(DISTRICT COLLECTOR ALLURI SITHARAMARAJU_IDA),Alluri Sitharama Raju(DISTRICT COLLECTOR ALLURI SITHARAMARAJU_IDA),Normal/Others,Normal/Others,3000000,Recommended,Recommended,2024-12-27T00:00:00.000Z,2024,Lok Sabha,18,0,True,2997212,2,Construction of community centers and community halls,Construction of community centers and community halls,,Gumma Thanuja Rani,,ARAKU,3000000,2024-12-27T00:00:00.000Z,2024-12-27 00:00:00+00:00,613
194514,Andhra Pradesh,Andhra Pradesh,RAJAHMUNDRY,RAJAHMUNDRY,"EAST GODAVARI(DISTRICT COLLECTOR, EAST GODAVARI)","EAST GODAVARI(DISTRICT COLLECTOR, EAST GODAVARI)",Normal/Others,Normal/Others,2000000,Recommended,Recommended,2025-05-09T00:00:00.000Z,2025,Lok Sabha,18,0,False,0,0,Construction of BC Community Hall at Undrajavaram Village,Construction of BC Community Hall at Undrajavaram Village,,Daggubati Purandeshwari,,RAJAHMUNDRY,2000000,2025-05-09T00:00:00.000Z,2025-05-09 00:00:00+00:00,480
194517,Andhra Pradesh,Andhra Pradesh,RAJAHMUNDRY,RAJAHMUNDRY,"EAST GODAVARI(DISTRICT COLLECTOR, EAST GODAVARI)","EAST GODAVARI(DISTRICT COLLECTOR, EAST GODAVARI)",Normal/Others,Normal/Others,2000000,Recommended,Recommended,2025-05-09T00:00:00.000Z,2025,Lok Sabha,18,0,True,1776408,2,Construction of SC Community Hall at Khandavalli Village,Construction of SC Community Hall at Khandavalli Village,,Daggubati Purandeshwari,,RAJAHMUNDRY,2000000,2025-05-09T00:00:00.000Z,2025-05-09 00:00:00+00:00,480
161677,Andhra Pradesh,Andhra Pradesh,TIRUPATI,TIRUPATI,Tirupati(DISTRICT COLLECTOR TIRUPATI_IDA),Tirupati(DISTRICT COLLECTOR TIRUPATI_IDA),Normal/Others,Normal/Others,500000,Recommended,Recommended,2024-12-27T00:00:00.000Z,2024,Lok Sabha,18,0,False,0,0,Construction of Bus Shelter at Alathuru and Pattabhi colony road junction of BN Kandriga Mandal,Construction of Bus Shelter at Alathuru and Pattabhi colony road junction of BN Kandriga Mandal,,Maddila Gurumoorthy,,TIRUPATI,500000,2024-12-27T00:00:00.000Z,2024-12-27 00:00:00+00:00,613
194526,Andhra Pradesh,Andhra Pradesh,RAJAHMUNDRY,RAJAHMUNDRY,"EAST GODAVARI(DISTRICT COLLECTOR, EAST GODAVARI)","EAST GODAVARI(DISTRICT COLLECTOR, EAST GODAVARI)",Normal/Others,Normal/Others,1000000,Recommended,Recommended,2025-05-09T00:00:00.000Z,2025,Lok Sabha,18,0,False,0,0,Construction of a Multipurpose Activity Centre in the SC area of West Chodavaram Village,Construction of a Multipurpose Activity Centre in the SC area of West Chodavaram Village,,Daggubati Purandeshwari,,RAJAHMUNDRY,1000000,2025-05-09T00:00:00.000Z,2025-05-09 00:00:00+00:00,480
1416,Andhra Pradesh,Andhra Pradesh,HINDUPUR,HINDUPUR,Ananthapuramu(DISTRICT COLLECTOR ANANTAPUR_IDA),Ananthapuramu(DISTRICT COLLECTOR ANANTAPUR_IDA),Repair and Renovation,Repair and Renovation,2500000,Recommended,Recommended,2025-07-01T00:00:00.000Z,2025,Lok Sabha,18,0,False,0,0,"Repairs to Community Hall (Kanakadasu Bhavan) near Indiramma colony at Sno. 169-2D, 169-2E. Garudapuram village of Kalyanadurg Mandal of Ananthapuramu district","Repairs to Community Hall (Kanakadasu Bhavan) near Indiramma colony at Sno. 169-2D, 169-2E. Garudapuram village of Kalyanadurg Mandal of Ananthapuramu district",,B K PARTHASARATHI,,HINDUPUR,2500000,2025-07-01T00:00:00.000Z,2025-07-01 00:00:00+00:00,427
195718,Andhra Pradesh,Andhra Pradesh,NANDYAL,NANDYAL,Nandyal(DISTRICT COLLECTOR NANDYAL_IDA),Nandyal(DISTRICT COLLECTOR NANDYAL_IDA),Normal/Others,Normal/Others,500000,Recommended,Recommended,2025-04-30T00:00:00.000Z,2025,Lok Sabha,18,0,True,500000,2,"Provision of safe drinking water and three phase power supply to Balapalatippa H O Erramatam GP, Kothapalli Mandal, Nandyal District. The area is facing acute water scarcity due to deep groundwater levels and insufficient solar-based supply. With a population of 135 in Janalagudem habitation, the existing infrastructure is inadequate. A borewell, pump set, and pipeline are essential to ensure uninterrupted water supply for public health and development.","Provision of safe drinking water and three phase power supply to Balapalatippa H O Erramatam GP, Kothapalli Mandal, Nandyal District. The area is facing acute water scarcity due to deep groundwater levels and insufficient solar-based supply. With a population of 135 in Janalagudem habitation, the existing infrastructure is inadequate. A borewell, pump set, and pipeline are essential to ensure uninterrupted water supply for public health and development.",,DR BYREDDY SHABARI,,NANDYAL,500000,2025-04-30T00:00:00.000Z,2025-04-30 00:00:00+00:00,489
161688,Andhra Pradesh,Andhra Pradesh,TIRUPATI,TIRUPATI,Tirupati(DISTRICT COLLECTOR TIRUPATI_IDA),Tirupati(DISTRICT COLLECTOR TIRUPATI_IDA),Normal/Others,Normal/Others,90000,Recommended,Recommended,2024-12-27T00:00:00.000Z,2024,Lok Sabha,18,0,False,0,0,Providing street lights and fixtures at Kondalacheruvu in Narayanavanam Mandal.,Providing street lights and fixtures at Kondalacheruvu in Narayanavanam Mandal.,,Maddila Gurumoorthy,,TIRUPATI,90000,2024-12-27T00:00:00.000Z,2024-12-27 00:00:00+00:00,613
196377,Andhra Pradesh,Andhra Pradesh,SRIKAKULAM,SRIKAKULAM,SRIKAKULAM(District Collector Srikakulam_IDA),SRIKAKULAM(District Collector Srikakulam_IDA),Normal/Others,Normal/Others,915000,Recommended,Recommended,2025-05-04T00:00:00.000Z,2025,Lok Sabha,18,0,True,906229,1,Providing Electrical Poles and Line in Korlakota GP Limits (7.50 lakh) and Kothavalasa GP Limits (1.65 lakh) of Amadalavalasa mandal,Providing Electrical Poles and Line in Korlakota GP Limits (7.50 lakh) and Kothavalasa GP Limits (1.65 lakh) of Amadalavalasa mandal,,Kinjarapu Ram Mohan Naidu,,SRIKAKULAM,915000,2025-05-04T00:00:00.000Z,2025-05-04 00:00:00+00:00,485
135658,Andhra Pradesh,Andhra Pradesh,CHITTOOR,CHITTOOR,CHITTOOR(DISTRICT COLLECTOR CHITTOOR_IDA),CHITTOOR(DISTRICT COLLECTOR CHITTOOR_IDA),Normal/Others,Normal/Others,2000000,Recommended,Recommended,2024-08-13T00:00:00.000Z,2024,Lok Sabha,18,0,True,1753337,1,BT Road from Aragonda Main Road to Kondrajukalava Village and GP in Thavanampalli Mandal of Puthalapattu Constituency.,BT Road from Aragonda Main Road to Kondrajukalava Village and GP in Thavanampalli Mandal of Puthalapattu Constituency.,,DAGGUMALLA PRASADA RAO,,CHITTOOR,2000000,2024-08-13T00:00:00.000Z,2024-08-13 00:00:00+00:00,749
196786,Andhra Pradesh,Andhra Pradesh,RAJAMPET,RAJAMPET,CHITTOOR(DISTRICT COLLECTOR CHITTOOR_IDA),CHITTOOR(DISTRICT COLLECTOR CHITTOOR_IDA),Normal/Others,Normal/Others,53000,Recommended,Recommended,2025-05-10T00:00:00.000Z,2025,Lok Sabha,18,0,False,0,0,"Augumenatation of PWS Scheme at Vootupalle,  Thimmanayunipalle GP","Augumenatation of PWS Scheme at Vootupalle,  Thimmanayunipalle GP",,Midhun Reddy,,RAJAMPET,53000,2025-05-10T00:00:00.000Z,2025-05-10 00:00:00+00:00,479
161690,Andhra Pradesh,Andhra Pradesh,TIRUPATI,TIRUPATI,Tirupati(DISTRICT COLLECTOR TIRUPATI_IDA),Tirupati(DISTRICT COLLECTOR TIRUPATI_IDA),Normal/Others,Normal/Others,90000,Recommended,Recommended,2024-12-27T00:00:00.000Z,2024,Lok Sabha,18,0,False,0,0,Providing street lights and fixtures at Thiruvatyam in Narayanavanam Mandal.,Providing street lights and fixtures at Thiruvatyam in Narayanavanam Mandal.,,Maddila Gurumoorthy,,TIRUPATI,90000,2024-12-27T00:00:00.000Z,2024-12-27 00:00:00+00:00,613
197236,Andhra Pradesh,Andhra Pradesh,ARAKU,ARAKU,Parvathipuram Manyam(District Collector Parvathipuram Manyam_IDA),Parvathipuram Manyam(District Collector Parvathipuram Manyam_IDA),Normal/Others,Normal/Others,150000,Recommended,Recommended,2025-05-07T00:00:00.000Z,2025,Lok Sabha,18,0,True,148319,1,formation of gravell road with drainage at burja village at Eedubilli polinaidu house,formation of gravell road with drainage at burja village at Eedubilli polinaidu house,,Gumma Thanuja Rani,,ARAKU,150000,2025-05-07T00:00:00.000Z,2025-05-07 00:00:00+00:00,482
830,Andhra Pradesh,Andhra Pradesh,ELURU,ELURU,Kakinada(DISTRICT COLLECTOR KAKINADA_IDA),Kakinada(DISTRICT COLLECTOR KAKINADA_IDA),Normal/Others,Normal/Others,2500000,Recommended,Recommended,2024-09-09T00:00:00.000Z,2024,Lok Sabha,18,0,False,0,0,"Construction of Veterinary Hospital at A.V. Nagaram village of Thondangi mandal, Kakinada district.","Construction of Veterinary Hospital at A.V. Nagaram village of Thondangi mandal, Kakinada district.",,Putta Mahesh Kumar,,ELURU,2500000,2024-09-09T00:00:00.000Z,2024-09-09 00:00:00+00:00,722
197238,Andhra Pradesh,Andhra Pradesh,ARAKU,ARAKU,Parvathipuram Manyam(District Collector Parvathipuram Manyam_IDA),Parvathipuram Manyam(District Collector Parvathipuram Manyam_IDA),Normal/Others,Normal/Others,200000,Recommended,Recommended,2025-05-07T00:00:00.000Z,2025,Lok Sabha,18,0,False,0,0,formation of gravel road at burrial ground at venkatapuram village and providing rig borewell,formation of gravel road at burrial ground at venkatapuram village and providing rig borewell,,Gumma Thanuja Rani,,ARAKU,200000,2025-05-07T00:00:00.000Z,2025-05-07 00:00:00+00:00,482
161692,Andhra Pradesh,Andhra Pradesh,TIRUPATI,TIRUPATI,Tirupati(DISTRICT COLLECTOR TIRUPATI_IDA),Tirupati(DISTRICT COLLECTOR TIRUPATI_IDA),Normal/Others,Normal/Others,50000,Recommended,Recommended,2024-12-27T00:00:00.000Z,2024,Lok Sabha,18,0,False,0,0,Providing street lights and fixtures at Bramhanathangal in Narayanavanam Mandal.,Providing street lights and fixtures at Bramhanathangal in Narayanavanam Mandal.,,Maddila Gurumoorthy,,TIRUPATI,50000,2024-12-27T00:00:00.000Z,2024-12-27 00:00:00+00:00,613
197240,Andhra Pradesh,Andhra Pradesh,ARAKU,ARAKU,Parvathipuram Manyam(District Collector Parvathipuram Manyam_IDA),Parvathipuram Manyam(District Collector Parvathipuram Manyam_IDA),Normal/Others,Normal/Others,300000,Recommended,Recommended,2025-05-07T00:00:00.000Z,2025,Lok Sabha,18,0,True,271619,1,construction of cc road at ballakristapuram village at rice mill,construction of cc road at ballakristapuram village at rice mill,,Gumma Thanuja Rani,,ARAKU,300000,2025-05-07T00:00:00.000Z,2025-05-07 00:00:00+00:00,482
135771,Andhra Pradesh,Andhra Pradesh,KADAPA,KADAPA,Y.S.R. Kadapa(DISTRICT COLLECTOR CUDDAPAH_IDA),Y.S.R. Kadapa(DISTRICT COLLECTOR CUDDAPAH_IDA),Normal/Others,Normal/Others,496000,Recommended,Recommended,2024-08-20T00:00:00.000Z,2024,Lok Sabha,18,0,False,0,0,"Laying of inspection track from Km 2.260 to km 2.900 of Cherlopalli Minor of Gurijala distributory near Bidinamcherla (V) of Simhadripuram (M), YSR District","Laying of inspection track from Km 2.260 to km 2.900 of Cherlopalli Minor of Gurijala distributory near Bidinamcherla (V) of Simhadripuram (M), YSR District",,Y S Avinash Reddy,,KADAPA,496000,2024-08-20T00:00:00.000Z,2024-08-20 00:00:00+00:00,742
197281,Andhra Pradesh,Andhra Pradesh,ARAKU,ARAKU,Parvathipuram Manyam(District Collector Parvathipuram Manyam_IDA),Parvathipuram Manyam(District Collector Parvathipuram Manyam_IDA),Normal/Others,Normal/Others,300000,Recommended,Recommended,2025-05-07T00:00:00.000Z,2025,Lok Sabha,18,0,True,290755,1,formatin of gravel road at panukuvalasa village,formatin of gravel road at panukuvalasa village,,Gumma Thanuja Rani,,ARAKU,300000,2025-05-07T00:00:00.000Z,2025-05-07 00:00:00+00:00,482
161694,Andhra Pradesh,Andhra Pradesh,TIRUPATI,TIRUPATI,Tirupati(DISTRICT COLLECTOR TIRUPATI_IDA),Tirupati(DISTRICT COLLECTOR TIRUPATI_IDA),Normal/Others,Normal/Others,90000,Recommended,Recommended,2024-12-27T00:00:00.000Z,2024,Lok Sabha,18,0,False,0,0,Providing street lights and fixtures at G N Khandriga  in Narayanavanam Mandal.,Providing street lights and fixtures at G N Khandriga  in Narayanavanam Mandal.,,Maddila Gurumoorthy,,TIRUPATI,90000,2024-12-27T00:00:00.000Z,2024-12-27 00:00:00+00:00,613
197283,Andhra Pradesh,Andhra Pradesh,ARAKU,ARAKU,Parvathipuram Manyam(District Collector Parvathipuram Manyam_IDA),Parvathipuram Manyam(District Collector Parvathipuram Manyam_IDA),Normal/Others,Normal/Others,300000,Recommended,Recommended,2025-05-07T00:00:00.000Z,2025,Lok Sabha,18,0,False,0,0,providing single phase transformer at nukkalavada village,providing single phase transformer at nukkalavada village,,Gumma Thanuja Rani,,ARAKU,300000,2025-05-07T00:00:00.000Z,2025-05-07 00:00:00+00:00,482
1429,Andhra Pradesh,Andhra Pradesh,RAJAMPET,RAJAMPET,Tirupati(DISTRICT COLLECTOR TIRUPATI_IDA),Tirupati(DISTRICT COLLECTOR TIRUPATI_IDA),Normal/Others,Normal/Others,500000,Recommended,Recommended,2025-07-06T00:00:00.000Z,2025,Lok Sabha,18,0,False,0,0,Providing RO Plant in Janga Vandla Palli Village and GP,Providing RO Plant in Janga Vandla Palli Village and GP,,Midhun Reddy,,RAJAMPET,500000,2025-07-06T00:00:00.000Z,2025-07-06 00:00:00+00:00,422
197288,Andhra Pradesh,Andhra Pradesh,KADAPA,KADAPA,Y.S.R. Kadapa(DISTRICT COLLECTOR CUDDAPAH_IDA),Y.S.R. Kadapa(DISTRICT COLLECTOR CUDDAPAH_IDA),Normal/Others,Normal/Others,250000,Recommended,Recommended,2025-05-27T00:00:00.000Z,2025,Lok Sabha,18,0,False,0,0,"Providing Ro Water Plant Machinery, Motor to Hari Swamy Temple in  Yerramreddypalli Village, Pulivendula Municipality,YSR District","Providing Ro Water Plant Machinery, Motor to Hari Swamy Temple in  Yerramreddypalli Village, Pulivendula Municipality,YSR District",,Y S Avinash Reddy,,KADAPA,250000,2025-05-27T00:00:00.000Z,2025-05-27 00:00:00+00:00,462
161696,Andhra Pradesh,Andhra Pradesh,TIRUPATI,TIRUPATI,Tirupati(DISTRICT COLLECTOR TIRUPATI_IDA),Tirupati(DISTRICT COLLECTOR TIRUPATI_IDA),Normal/Others,Normal/Others,90000,Recommended,Recommended,2024-12-27T00:00:00.000Z,2024,Lok Sabha,18,0,False,0,0,Providing street lights and fixtures at Thumbur in Narayanavanam Mandal.,Providing street lights and fixtures at Thumbur in Narayanavanam Mandal.,,Maddila Gurumoorthy,,TIRUPATI,90000,2024-12-27T00:00:00.000Z,2024-12-27 00:00:00+00:00,613
197294,Andhra Pradesh,Andhra Pradesh,KADAPA,KADAPA,Y.S.R. Kadapa(DISTRICT COLLECTOR CUDDAPAH_IDA),Y.S.R. Kadapa(DISTRICT COLLECTOR CUDDAPAH_IDA),Normal/Others,Normal/Others,497000,Recommended,Recommended,2025-05-27T00:00:00.000Z,2025,Lok Sabha,18,0,False,0,0,"Construction of compound wall for community Hall Near Ramalayam Temple, Vemula Village Mandal, YSR District","Construction of compound wall for community Hall Near Ramalayam Temple, Vemula Village Mandal, YSR District",,Y S Avinash Reddy,,KADAPA,497000,2025-05-27T00:00:00.000Z,2025-05-27 00:00:00+00:00,462
137081,Andhra Pradesh,Andhra Pradesh,ELURU,ELURU,Eluru(DISTRICT COLLECTOR ELURU_IDA),Eluru(DISTRICT COLLECTOR ELURU_IDA),Normal/Others,Normal/Others,400000,Recommended,Recommended,2024-08-26T00:00:00.000Z,2024,Lok Sabha,18,0,False,0,0,Providing Laboratory equipment to Physical Science/Biological Science/Mathematics and Social Studies.,Providing Laboratory equipment to Physical Science/Biological Science/Mathematics and Social Studies.,,Putta Mahesh Kumar,,ELURU,400000,2024-08-26T00:00:00.000Z,2024-08-26 00:00:00+00:00,736
197619,Andhra Pradesh,Andhra Pradesh,ARAKU,ARAKU,Parvathipuram Manyam(District Collector Parvathipuram Manyam_IDA),Parvathipuram Manyam(District Collector Parvathipuram Manyam_IDA),Normal/Others,Normal/Others,300000,Recommended,Recommended,2025-05-08T00:00:00.000Z,2025,Lok Sabha,18,0,True,271522,1,construction of cc road with drainage Rand B road to Aavala tirupatiama house,construction of cc road with drainage Rand B road to Aavala tirupatiama house,,Gumma Thanuja Rani,,ARAKU,300000,2025-05-08T00:00:00.000Z,2025-05-08 00:00:00+00:00,481
161698,Andhra Pradesh,Andhra Pradesh,TIRUPATI,TIRUPATI,Tirupati(DISTRICT COLLECTOR TIRUPATI_IDA),Tirupati(DISTRICT COLLECTOR TIRUPATI_IDA),Normal/Others,Normal/Others,90000,Recommended,Recommended,2024-12-27T00:00:00.000Z,2024,Lok Sabha,18,0,False,0,0,Providing street lights and fixtures at Paalamangalam North in Narayanavanam Mandal.,Providing street lights and fixtures at Paalamangalam North in Narayanavanam Mandal.,,Maddila Gurumoorthy,,TIRUPATI,90000,2024-12-27T00:00:00.000Z,2024-12-27 00:00:00+00:00,613
197623,Andhra Pradesh,Andhra Pradesh,ARAKU,ARAKU,Parvathipuram Manyam(District Collector Parvathipuram Manyam_IDA),Parvathipuram Manyam(District Collector Parvathipuram Manyam_IDA),Normal/Others,Normal/Others,200000,Recommended,Recommended,2025-05-08T00:00:00.000Z,2025,Lok Sabha,18,0,True,189962,1,formation of gravel road from hanuman temple to chilakalapalli BT road bridge at palagara village,formation of gravel road from hanuman temple to chilakalapalli BT road bridge at palagara village,,Gumma Thanuja Rani,,ARAKU,200000,2025-05-08T00:00:00.000Z,2025-05-08 00:00:00+00:00,481
197635,Andhra Pradesh,Andhra Pradesh,ARAKU,ARAKU,Alluri Sitharama Raju(DISTRICT COLLECTOR ALLURI SITHARAMARAJU_IDA),Alluri Sitharama Raju(DISTRICT COLLECTOR ALLURI SITHARAMARAJU_IDA),Normal/Others,Normal/Others,500000,Recommended,Recommended,2025-05-08T00:00:00.000Z,2025,Lok Sabha,18,0,True,487465,1,Construction of  Internal CC road from Main road to Killo Swamy house at Bamsuguda Village of Baski GP,Construction of  Internal CC road from Main road to Killo Swamy house at Bamsuguda Village of Baski GP,,Gumma Thanuja Rani,,ARAKU,500000,2025-05-08T00:00:00.000Z,2025-05-08 00:00:00+00:00,481
161700,Andhra Pradesh,Andhra Pradesh,TIRUPATI,TIRUPATI,Tirupati(DISTRICT COLLECTOR TIRUPATI_IDA),Tirupati(DISTRICT COLLECTOR TIRUPATI_IDA),Normal/Others,Normal/Others,50000,Recommended,Recommended,2024-12-27T00:00:00.000Z,2024,Lok Sabha,18,0,False,0,0,Providing street lights and fixtures at Samudayam  in Narayanavanam Mandal.,Providing street lights and fixtures at Samudayam  in Narayanavanam Mandal.,,Maddila Gurumoorthy,,TIRUPATI,50000,2024-12-27T00:00:00.000Z,2024-12-27 00:00:00+00:00,613
197637,Andhra Pradesh,Andhra Pradesh,ARAKU,ARAKU,Alluri Sitharama Raju(DISTRICT COLLECTOR ALLURI SITHARAMARAJU_IDA),Alluri Sitharama Raju(DISTRICT COLLECTOR ALLURI SITHARAMARAJU_IDA),Normal/Others,Normal/Others,500000,Recommended,Recommended,2025-05-08T00:00:00.000Z,2025,Lok Sabha,18,0,True,487259,1,construction of internal cc road from main road to killo balaram house at devarapali village baski GP,construction of internal cc road from main road to killo balaram house at devarapali village baski GP,,Gumma Thanuja Rani,,ARAKU,500000,2025-05-08T00:00:00.000Z,2025-05-08 00:00:00+00:00,481
140141,Andhra Pradesh,Andhra Pradesh,MACHILIPATNAM,MACHILIPATNAM,KRISHNA(DISTRICT COLLECTOR KRISHNA_IDA),KRISHNA(DISTRICT COLLECTOR KRISHNA_IDA),Normal/Others,Normal/Others,297000,Recommended,Recommended,2024-09-10T00:00:00.000Z,2024,Lok Sabha,18,0,False,0,0,mprovement of electrical distribution infrastructure at Ullipalem of Koduru Mandal in Krishna District,mprovement of electrical distribution infrastructure at Ullipalem of Koduru Mandal in Krishna District,,Balashowry Vallabbhaneni,,MACHILIPATNAM,297000,2024-09-10T00:00:00.000Z,2024-09-10 00:00:00+00:00,721
197997,Andhra Pradesh,Andhra Pradesh,RAJAHMUNDRY,RAJAHMUNDRY,"EAST GODAVARI(DISTRICT COLLECTOR, EAST GODAVARI)","EAST GODAVARI(DISTRICT COLLECTOR, EAST GODAVARI)",Normal/Others,Normal/Others,5000000,Recommended,Recommended,2025-05-09T00:00:00.000Z,2025,Lok Sabha,18,0,False,0,0,Construction of Multipurpose Activity Center in BC are (Patempeta) in Chagallu village of Chagallu Mandal,Construction of Multipurpose Activity Center in BC are (Patempeta) in Chagallu village of Chagallu Mandal,,Daggubati Purandeshwari,,RAJAHMUNDRY,5000000,2025-05-09T00:00:00.000Z,2025-05-09 00:00:00+00:00,480
161702,Andhra Pradesh,Andhra Pradesh,TIRUPATI,TIRUPATI,Tirupati(DISTRICT COLLECTOR TIRUPATI_IDA),Tirupati(DISTRICT COLLECTOR TIRUPATI_IDA),Normal/Others,Normal/Others,90000,Recommended,Recommended,2024-12-27T00:00:00.000Z,2024,Lok Sabha,18,0,False,0,0,Providing street lights and fixtures at Kasimitta in Narayanavanam Mandal.,Providing street lights and fixtures at Kasimitta in Narayanavanam Mandal.,,Maddila Gurumoorthy,,TIRUPATI,90000,2024-12-27T00:00:00.000Z,2024-12-27 00:00:00+00:00,613
198065,Andhra Pradesh,Andhra Pradesh,RAJAMPET,RAJAMPET,CHITTOOR(DISTRICT COLLECTOR CHITTOOR_IDA),CHITTOOR(DISTRICT COLLECTOR CHITTOOR_IDA),Normal/Others,Normal/Others,340000,Recommended,Recommended,2025-05-10T00:00:00.000Z,2025,Lok Sabha,18,0,False,0,0,Providing pipeline at  Nagari HW   Bommaiahgari palle G.P,Providing pipeline at  Nagari HW   Bommaiahgari palle G.P,,Midhun Reddy,,RAJAMPET,340000,2025-05-10T00:00:00.000Z,2025-05-10 00:00:00+00:00,479
1431,Andhra Pradesh,Andhra Pradesh,RAJAMPET,RAJAMPET,Y.S.R. Kadapa(DISTRICT COLLECTOR CUDDAPAH_IDA),Y.S.R. Kadapa(DISTRICT COLLECTOR CUDDAPAH_IDA),Normal/Others,Normal/Others,500000,Recommended,Recommended,2025-07-06T00:00:00.000Z,2025,Lok Sabha,18,0,False,0,0,Construction of Pipe Culvert and Approach Roads in Vontimitta Village and GP,Construction of Pipe Culvert and Approach Roads in Vontimitta Village and GP,,Midhun Reddy,,RAJAMPET,500000,2025-07-06T00:00:00.000Z,2025-07-06 00:00:00+00:00,422
198092,Andhra Pradesh,Andhra Pradesh,RAJAMPET,RAJAMPET,CHITTOOR(DISTRICT COLLECTOR CHITTOOR_IDA),CHITTOOR(DISTRICT COLLECTOR CHITTOOR_IDA),Normal/Others,Normal/Others,140000,Recommended,Recommended,2025-05-10T00:00:00.000Z,2025,Lok Sabha,18,0,False,0,0,"Providing pipeline at Busireddi gari palle, Ch Ch reddy gari palle G.P","Providing pipeline at Busireddi gari palle, Ch Ch reddy gari palle G.P",,Midhun Reddy,,RAJAMPET,140000,2025-05-10T00:00:00.000Z,2025-05-10 00:00:00+00:00,479
161704,Andhra Pradesh,Andhra Pradesh,TIRUPATI,TIRUPATI,Tirupati(DISTRICT COLLECTOR TIRUPATI_IDA),Tirupati(DISTRICT COLLECTOR TIRUPATI_IDA),Normal/Others,Normal/Others,424000,Recommended,Recommended,2024-12-27T00:00:00.000Z,2024,Lok Sabha,18,0,True,423883,1,"Providing of Electricity distribution infrastructure to Chenchuraaju Kandriga Village, Ramapuram Village, Pichatur Mandal.","Providing of Electricity distribution infrastructure to Chenchuraaju Kandriga Village, Ramapuram Village, Pichatur Mandal.",,Maddila Gurumoorthy,,TIRUPATI,424000,2024-12-27T00:00:00.000Z,2024-12-27 00:00:00+00:00,613
198127,Andhra Pradesh,Andhra Pradesh,RAJAMPET,RAJAMPET,CHITTOOR(DISTRICT COLLECTOR CHITTOOR_IDA),CHITTOOR(DISTRICT COLLECTOR CHITTOOR_IDA),Normal/Others,Normal/Others,75000,Recommended,Recommended,2025-05-10T00:00:00.000Z,2025,Lok Sabha,18,0,False,0,0,Providing pipeline at  Kallavari palle Ganugachintha G.P,Providing pipeline at  Kallavari palle Ganugachintha G.P,,Midhun Reddy,,RAJAMPET,75000,2025-05-10T00:00:00.000Z,2025-05-10 00:00:00+00:00,479
140144,Andhra Pradesh,Andhra Pradesh,MACHILIPATNAM,MACHILIPATNAM,KRISHNA(DISTRICT COLLECTOR KRISHNA_IDA),KRISHNA(DISTRICT COLLECTOR KRISHNA_IDA),Normal/Others,Normal/Others,896000,Recommended,Recommended,2024-09-10T00:00:00.000Z,2024,Lok Sabha,18,0,True,896000,1,"Purchase of Real time micro PCR system for cancer van at GGH, Machilipatnam","Purchase of Real time micro PCR system for cancer van at GGH, Machilipatnam",,Balashowry Vallabbhaneni,,MACHILIPATNAM,896000,2024-09-10T00:00:00.000Z,2024-09-10 00:00:00+00:00,721
198346,Andhra Pradesh,Andhra Pradesh,RAJAMPET,RAJAMPET,CHITTOOR(DISTRICT COLLECTOR CHITTOOR_IDA),CHITTOOR(DISTRICT COLLECTOR CHITTOOR_IDA),Normal/Others,Normal/Others,65000,Recommended,Recommended,2025-05-10T00:00:00.000Z,2025,Lok Sabha,18,0,False,0,0,Providing pipeline at GOTTIPALIVARI PALLE  RAYAVARI PALLE G.P,Providing pipeline at GOTTIPALIVARI PALLE  RAYAVARI PALLE G.P,,Midhun Reddy,,RAJAMPET,65000,2025-05-10T00:00:00.000Z,2025-05-10 00:00:00+00:00,479
161706,Andhra Pradesh,Andhra Pradesh,TIRUPATI,TIRUPATI,Tirupati(DISTRICT COLLECTOR TIRUPATI_IDA),Tirupati(DISTRICT COLLECTOR TIRUPATI_IDA),Normal/Others,Normal/Others,100000,Recommended,Recommended,2024-12-27T00:00:00.000Z,2024,Lok Sabha,18,0,True,96394,1,"Providing of Electricity distribution infrastructure to Ramapuram Jagananna Colony Ramapuram Village, Pichatur Mandal.","Providing of Electricity distribution infrastructure to Ramapuram Jagananna Colony Ramapuram Village, Pichatur Mandal.",,Maddila Gurumoorthy,,TIRUPATI,100000,2024-12-27T00:00:00.000Z,2024-12-27 00:00:00+00:00,613
198352,Andhra Pradesh,Andhra Pradesh,RAJAMPET,RAJAMPET,CHITTOOR(DISTRICT COLLECTOR CHITTOOR_IDA),CHITTOOR(DISTRICT COLLECTOR CHITTOOR_IDA),Normal/Others,Normal/Others,45000,Recommended,Recommended,2025-05-10T00:00:00.000Z,2025,Lok Sabha,18,0,False,0,0,Providing pipeline at UPPUVADDE PALLE GADDAMVARIPALLE G.P,Providing pipeline at UPPUVADDE PALLE GADDAMVARIPALLE G.P,,Midhun Reddy,,RAJAMPET,45000,2025-05-10T00:00:00.000Z,2025-05-10 00:00:00+00:00,479
898,Andhra Pradesh,Andhra Pradesh,TIRUPATI,TIRUPATI,Annamayya(DISTRICT COLLECTOR ANNAMAYYA_IDA),Annamayya(DISTRICT COLLECTOR ANNAMAYYA_IDA),Normal/Others,Normal/Others,288926,Recommended,Recommended,2024-11-02T00:00:00.000Z,2024,Lok Sabha,18,0,False,0,0,"Construction of CC road from Ramulavari Gudi to Jandaman in A.Puthanavari Palli (V), Anantha samudram G.P.in Pullampeta Mandal.","Construction of CC road from Ramulavari Gudi to Jandaman in A.Puthanavari Palli (V), Anantha samudram G.P.in Pullampeta Mandal.",,Maddila Gurumoorthy,,TIRUPATI,288926,2024-11-02T00:00:00.000Z,2024-11-02 00:00:00+00:00,668
198367,Andhra Pradesh,Andhra Pradesh,RAJAMPET,RAJAMPET,CHITTOOR(DISTRICT COLLECTOR CHITTOOR_IDA),CHITTOOR(DISTRICT COLLECTOR CHITTOOR_IDA),Normal/Others,Normal/Others,100000,Recommended,Recommended,2025-05-10T00:00:00.000Z,2025,Lok Sabha,18,0,False,0,0,"Augmentation of PWS Scheme at Erramvandlapalli, Ayyavandlapalli G.P","Augmentation of PWS Scheme at Erramvandlapalli, Ayyavandlapalli G.P",,Midhun Reddy,,RAJAMPET,100000,2025-05-10T00:00:00.000Z,2025-05-10 00:00:00+00:00,479
161708,Andhra Pradesh,Andhra Pradesh,TIRUPATI,TIRUPATI,Tirupati(DISTRICT COLLECTOR TIRUPATI_IDA),Tirupati(DISTRICT COLLECTOR TIRUPATI_IDA),Normal/Others,Normal/Others,256000,Recommended,Recommended,2024-12-27T00:00:00.000Z,2024,Lok Sabha,18,0,True,255918,1,"Providing of Electricity distribution infrastructure to Kothagallu kandriga Village Mudiyur Gram Panchayat, Pichatur Mandal.","Providing of Electricity distribution infrastructure to Kothagallu kandriga Village Mudiyur Gram Panchayat, Pichatur Mandal.",,Maddila Gurumoorthy,,TIRUPATI,256000,2024-12-27T00:00:00.000Z,2024-12-27 00:00:00+00:00,613
198978,Andhra Pradesh,Andhra Pradesh,TIRUPATI,TIRUPATI,Tirupati(DISTRICT COLLECTOR TIRUPATI_IDA),Tirupati(DISTRICT COLLECTOR TIRUPATI_IDA),Normal/Others,Normal/Others,435000,Recommended,Recommended,2025-05-19T00:00:00.000Z,2025,Lok Sabha,18,0,True,432724,1,Providing Street lights and fixtures in Saraswathikandriga of Saraswathikandriga GP in Yerpedu Mandal.,Providing Street lights and fixtures in Saraswathikandriga of Saraswathikandriga GP in Yerpedu Mandal.,,Maddila Gurumoorthy,,TIRUPATI,435000,2025-05-19T00:00:00.000Z,2025-05-19 00:00:00+00:00,470
140439,Andhra Pradesh,Andhra Pradesh,KADAPA,KADAPA,Y.S.R. Kadapa(DISTRICT COLLECTOR CUDDAPAH_IDA),Y.S.R. Kadapa(DISTRICT COLLECTOR CUDDAPAH_IDA),Normal/Others,Normal/Others,400000,Recommended,Recommended,2024-09-12T00:00:00.000Z,2024,Lok Sabha,18,0,False,0,0,"Newly Established Govt. Degree College for women, pulivendula YSR District to provide infra & Instuctional facilities to the college ex:- Dual  Desks & Desktopos.","Newly Established Govt. Degree College for women, pulivendula YSR District to provide infra & Instuctional facilities to the college ex:- Dual  Desks & Desktopos.",,Y S Avinash Reddy,,KADAPA,400000,2024-09-12T00:00:00.000Z,2024-09-12 00:00:00+00:00,719
161710,Andhra Pradesh,Andhra Pradesh,TIRUPATI,TIRUPATI,Tirupati(DISTRICT COLLECTOR TIRUPATI_IDA),Tirupati(DISTRICT COLLECTOR TIRUPATI_IDA),Normal/Others,Normal/Others,123000,Recommended,Recommended,2024-12-27T00:00:00.000Z,2024,Lok Sabha,18,0,True,122138,1,"Providing of Electricity distribution infrastructure to TK Puram HW Mudiyur Gram Panchayat, Pichatur Mandal.","Providing of Electricity distribution infrastructure to TK Puram HW Mudiyur Gram Panchayat, Pichatur Mandal.",,Maddila Gurumoorthy,,TIRUPATI,123000,2024-12-27T00:00:00.000Z,2024-12-27 00:00:00+00:00,613
175556,Andaman And Nicobar Islands,Andaman And Nicobar Islands,ANDAMAN AND NICOBAR ISLANDS,ANDAMAN AND NICOBAR ISLANDS,SOUTH ANDAMANS(Implementing District Authority(SA)),SOUTH ANDAMANS(Implementing District Authority(SA)),Repair and Renovation,Repair and Renovation,4947034,Recommended,Recommended,2025-02-14T00:00:00.000Z,2025,Lok Sabha,18,0,True,3655060,1,"Repair and renovation of road from CPWD complex, Ranchi Tikrey Dairyfarm to Fisheries Quarter, Port Blair","Repair and renovation of road from CPWD complex, Ranchi Tikrey Dairyfarm to Fisheries Quarter, Port Blair",,BISHNU PADA RAY,,ANDAMAN AND NICOBAR ISLANDS,4947034,2025-02-14T00:00:00.000Z,2025-02-14 00:00:00+00:00,564
175561,Andaman And Nicobar Islands,Andaman And Nicobar Islands,ANDAMAN AND NICOBAR ISLANDS,ANDAMAN AND NICOBAR ISLANDS,SOUTH ANDAMANS(Implementing District Authority(SA)),SOUTH ANDAMANS(Implementing District Authority(SA)),Normal/Others,Normal/Others,1498887,Recommended,Recommended,2025-02-14T00:00:00.000Z,2025,Lok Sabha,18,0,True,1189292,1,"Construction of CC Motorable road between Govt. Primary School and Shri SK Singh house at Garacharma, Ward No.18, Port Blair","Construction of CC Motorable road between Govt. Primary School and Shri SK Singh house at Garacharma, Ward No.18, Port Blair",,BISHNU PADA RAY,,ANDAMAN AND NICOBAR ISLANDS,1498887,2025-02-14T00:00:00.000Z,2025-02-14 00:00:00+00:00,564
188528,Andaman And Nicobar Islands,Andaman And Nicobar Islands,ANDAMAN AND NICOBAR ISLANDS,ANDAMAN AND NICOBAR ISLANDS,SOUTH ANDAMANS(Implementing District Authority(SA)),SOUTH ANDAMANS(Implementing District Authority(SA)),Normal/Others,Normal/Others,1320600,Recommended,Recommended,2025-04-01T00:00:00.000Z,2025,Lok Sabha,18,0,True,803540,1,"Construction of CC drain from CPWD quarters to Fisheries Quarters via Sree Shaktivel Murugan Temple for a length of 350 mtrs at Ranci Tikrey, Dairy Farm, Ward No.9, SVP.","Construction of CC drain from CPWD quarters to Fisheries Quarters via Sree Shaktivel Murugan Temple for a length of 350 mtrs at Ranci Tikrey, Dairy Farm, Ward No.9, SVP.",,BISHNU PADA RAY,,ANDAMAN AND NICOBAR ISLANDS,1320600,2025-04-01T00:00:00.000Z,2025-04-01 00:00:00+00:00,518
899,Andhra Pradesh,Andhra Pradesh,TIRUPATI,TIRUPATI,Annamayya(DISTRICT COLLECTOR ANNAMAYYA_IDA),Annamayya(DISTRICT COLLECTOR ANNAMAYYA_IDA),Normal/Others,Normal/Others,390388,Recommended,Recommended,2024-11-02T00:00:00.000Z,2024,Lok Sabha,18,0,False,0,0,"Construction of CC Road D. Narayana house to R&B road in Pullareddy Palli H/W (V), Anantha Samudram G.P. in Pullampeta Mandal.","Construction of CC Road D. Narayana house to R&B road in Pullareddy Palli H/W (V), Anantha Samudram G.P. in Pullampeta Mandal.",,Maddila Gurumoorthy,,TIRUPATI,390388,2024-11-02T00:00:00.000Z,2024-11-02 00:00:00+00:00,668
1489,Andhra Pradesh,Andhra Pradesh,ARAKU,ARAKU,"EAST GODAVARI(DISTRICT COLLECTOR, EAST GODAVARI)","EAST GODAVARI(DISTRICT COLLECTOR, EAST GODAVARI)",Normal/Others,Normal/Others,500000,Recommended,Recommended,2025-08-07T00:00:00.000Z,2025,Lok Sabha,18,0,False,0,0,construction of cc road from n16 road to kallepali venkataraju site of konthamuru,construction of cc road from n16 road to kallepali venkataraju site of konthamuru,,Gumma Thanuja Rani,,ARAKU,500000,2025-08-07T00:00:00.000Z,2025-08-07 00:00:00+00:00,390
141551,Andhra Pradesh,Andhra Pradesh,CHITTOOR,CHITTOOR,Tirupati(DISTRICT COLLECTOR TIRUPATI_IDA),Tirupati(DISTRICT COLLECTOR TIRUPATI_IDA),Normal/Others,Normal/Others,490000,Recommended,Recommended,2024-09-18T00:00:00.000Z,2024,Lok Sabha,18,0,False,0,0,"Construction of WBM Road from Jimkalamitta SC Colony to Snam alloys Pvt. Link road at Jimkalamitta Village, Damalacheruvu GP of Pakala Mandal, Chandragiri Constituency.","Construction of WBM Road from Jimkalamitta SC Colony to Snam alloys Pvt. Link road at Jimkalamitta Village, Damalacheruvu GP of Pakala Mandal, Chandragiri Constituency.",,DAGGUMALLA PRASADA RAO,,CHITTOOR,490000,2024-09-18T00:00:00.000Z,2024-09-18 00:00:00+00:00,713
161715,Andhra Pradesh,Andhra Pradesh,TIRUPATI,TIRUPATI,Tirupati(DISTRICT COLLECTOR TIRUPATI_IDA),Tirupati(DISTRICT COLLECTOR TIRUPATI_IDA),Normal/Others,Normal/Others,180000,Recommended,Recommended,2024-12-27T00:00:00.000Z,2024,Lok Sabha,18,0,False,0,0,Providing street lights and fixtures at Irugulam in Satyavedu Mandal.,Providing street lights and fixtures at Irugulam in Satyavedu Mandal.,,Maddila Gurumoorthy,,TIRUPATI,180000,2024-12-27T00:00:00.000Z,2024-12-27 00:00:00+00:00,613
161714,Andhra Pradesh,Andhra Pradesh,TIRUPATI,TIRUPATI,Tirupati(DISTRICT COLLECTOR TIRUPATI_IDA),Tirupati(DISTRICT COLLECTOR TIRUPATI_IDA),Normal/Others,Normal/Others,90000,Recommended,Recommended,2024-12-27T00:00:00.000Z,2024,Lok Sabha,18,0,False,0,0,"Providing street lights and fixtures at kolladam panchayat, Satyavedu Mandal.","Providing street lights and fixtures at kolladam panchayat, Satyavedu Mandal.",,Maddila Gurumoorthy,,TIRUPATI,90000,2024-12-27T00:00:00.000Z,2024-12-27 00:00:00+00:00,613
199561,Andhra Pradesh,Andhra Pradesh,BAPATLA,BAPATLA,Bapatla(DISTRICT COLLECTOR BAPATLA_IDA),Bapatla(DISTRICT COLLECTOR BAPATLA_IDA),Normal/Others,Normal/Others,2000000,Recommended,Recommended,2025-05-14T00:00:00.000Z,2025,Lok Sabha,18,0,True,953465,1,"Providing additional amenities to the Community Hall in Rachapudi Village, Korisapadu Mandal, Bapatla district","Providing additional amenities to the Community Hall in Rachapudi Village, Korisapadu Mandal, Bapatla district",,Krishna Prasad Tenneti,,BAPATLA,2000000,2025-05-14T00:00:00.000Z,2025-05-14 00:00:00+00:00,475
199550,Andhra Pradesh,Andhra Pradesh,TIRUPATI,TIRUPATI,Tirupati(DISTRICT COLLECTOR TIRUPATI_IDA),Tirupati(DISTRICT COLLECTOR TIRUPATI_IDA),Normal/Others,Normal/Others,200000,Recommended,Recommended,2025-05-19T00:00:00.000Z,2025,Lok Sabha,18,0,False,0,0,Construction of CC Open drain with cover slab from Ramalayam temple to venkatamuni house at Akkurthy Ho Akkurthy GP in Srikalahasthi Mandal.,Construction of CC Open drain with cover slab from Ramalayam temple to venkatamuni house at Akkurthy Ho Akkurthy GP in Srikalahasthi Mandal.,,Maddila Gurumoorthy,,TIRUPATI,200000,2025-05-19T00:00:00.000Z,2025-05-19 00:00:00+00:00,470
161717,Andhra Pradesh,Andhra Pradesh,TIRUPATI,TIRUPATI,Tirupati(DISTRICT COLLECTOR TIRUPATI_IDA),Tirupati(DISTRICT COLLECTOR TIRUPATI_IDA),Normal/Others,Normal/Others,90000,Recommended,Recommended,2024-12-27T00:00:00.000Z,2024,Lok Sabha,18,0,False,0,0,Providing street lights and fixtures at Rapallevada in Satyavedu Mandal.,Providing street lights and fixtures at Rapallevada in Satyavedu Mandal.,,Maddila Gurumoorthy,,TIRUPATI,90000,2024-12-27T00:00:00.000Z,2024-12-27 00:00:00+00:00,613
200753,Andhra Pradesh,Andhra Pradesh,RAJAMPET,RAJAMPET,Annamayya(DISTRICT COLLECTOR ANNAMAYYA_IDA),Annamayya(DISTRICT COLLECTOR ANNAMAYYA_IDA),Normal/Others,Normal/Others,500000,Recommended,Recommended,2025-05-20T00:00:00.000Z,2025,Lok Sabha,18,0,False,0,0,Construction of Bus Shelter at Garalamadugu V and G.P,Construction of Bus Shelter at Garalamadugu V and G.P,,Midhun Reddy,,RAJAMPET,500000,2025-05-20T00:00:00.000Z,2025-05-20 00:00:00+00:00,469
142933,Andhra Pradesh,Andhra Pradesh,CHITTOOR,CHITTOOR,CHITTOOR(DISTRICT COLLECTOR CHITTOOR_IDA),CHITTOOR(DISTRICT COLLECTOR CHITTOOR_IDA),Normal/Others,Normal/Others,350000,Recommended,Recommended,2024-09-23T00:00:00.000Z,2024,Lok Sabha,18,0,True,317387,2,"Construction of Bus Shelter in Thotavaripalli Village of Ayyappagari (GP), Puthalapattu Mandal of Puthalapattu Constituency","Construction of Bus Shelter in Thotavaripalli Village of Ayyappagari (GP), Puthalapattu Mandal of Puthalapattu Constituency",,DAGGUMALLA PRASADA RAO,,CHITTOOR,350000,2024-09-23T00:00:00.000Z,2024-09-23 00:00:00+00:00,708
201291,Andhra Pradesh,Andhra Pradesh,RAJAMPET,RAJAMPET,Annamayya(DISTRICT COLLECTOR ANNAMAYYA_IDA),Annamayya(DISTRICT COLLECTOR ANNAMAYYA_IDA),Normal/Others,Normal/Others,500000,Recommended,Recommended,2025-05-20T00:00:00.000Z,2025,Lok Sabha,18,0,False,0,0,"Construction of Community Hall in Kottapalli Village, Bandrevu G.P","Construction of Community Hall in Kottapalli Village, Bandrevu G.P",,Midhun Reddy,,RAJAMPET,500000,2025-05-20T00:00:00.000Z,2025-05-20 00:00:00+00:00,469
161719,Andhra Pradesh,Andhra Pradesh,TIRUPATI,TIRUPATI,Tirupati(DISTRICT COLLECTOR TIRUPATI_IDA),Tirupati(DISTRICT COLLECTOR TIRUPATI_IDA),Normal/Others,Normal/Others,180000,Recommended,Recommended,2024-12-27T00:00:00.000Z,2024,Lok Sabha,18,0,False,0,0,Providing street lights and fixtures at Rajagopala Puram in Satyavedu Mandal.,Providing street lights and fixtures at Rajagopala Puram in Satyavedu Mandal.,,Maddila Gurumoorthy,,TIRUPATI,180000,2024-12-27T00:00:00.000Z,2024-12-27 00:00:00+00:00,613
201307,Andhra Pradesh,Andhra Pradesh,RAJAMPET,RAJAMPET,Annamayya(DISTRICT COLLECTOR ANNAMAYYA_IDA),Annamayya(DISTRICT COLLECTOR ANNAMAYYA_IDA),Normal/Others,Normal/Others,500000,Recommended,Recommended,2025-05-20T00:00:00.000Z,2025,Lok Sabha,18,0,False,0,0,"Formation of Road from Balasanivandlapalli Village to Peddoota Vanka, Veeraballi (V and G.P) Reach 2","Formation of Road from Balasanivandlapalli Village to Peddoota Vanka, Veeraballi (V and G.P) Reach 2",,Midhun Reddy,,RAJAMPET,500000,2025-05-20T00:00:00.000Z,2025-05-20 00:00:00+00:00,469
1490,Andhra Pradesh,Andhra Pradesh,ARAKU,ARAKU,"EAST GODAVARI(DISTRICT COLLECTOR, EAST GODAVARI)","EAST GODAVARI(DISTRICT COLLECTOR, EAST GODAVARI)",Normal/Others,Normal/Others,500000,Recommended,Recommended,2025-08-07T00:00:00.000Z,2025,Lok Sabha,18,0,False,0,0,construction of cc road from nh16 road to kallepali venkataraju site of konthamuru,construction of cc road from nh16 road to kallepali venkataraju site of konthamuru,,Gumma Thanuja Rani,,ARAKU,500000,2025-08-07T00:00:00.000Z,2025-08-07 00:00:00+00:00,390
201546,Andhra Pradesh,Andhra Pradesh,BAPATLA,BAPATLA,Bapatla(DISTRICT COLLECTOR BAPATLA_IDA),Bapatla(DISTRICT COLLECTOR BAPATLA_IDA),Normal/Others,Normal/Others,300000,Recommended,Recommended,2025-06-06T00:00:00.000Z,2025,Lok Sabha,18,0,False,0,0,"Construction of CC Road from R and B Road to Poleramma Devasthanam in Krosuruvaripalem of Nizampatnam G P in Nizampatnam mandal, Bapatla district","Construction of CC Road from R and B Road to Poleramma Devasthanam in Krosuruvaripalem of Nizampatnam G P in Nizampatnam mandal, Bapatla district",,Krishna Prasad Tenneti,,BAPATLA,300000,2025-06-06T00:00:00.000Z,2025-06-06 00:00:00+00:00,452
161722,Andhra Pradesh,Andhra Pradesh,TIRUPATI,TIRUPATI,Tirupati(DISTRICT COLLECTOR TIRUPATI_IDA),Tirupati(DISTRICT COLLECTOR TIRUPATI_IDA),Normal/Others,Normal/Others,100000,Recommended,Recommended,2024-12-27T00:00:00.000Z,2024,Lok Sabha,18,0,False,0,0,Providing street lights and fixtures at Gudalavaari Pallem in Varadaiahpalem Mandal.,Providing street lights and fixtures at Gudalavaari Pallem in Varadaiahpalem Mandal.,,Maddila Gurumoorthy,,TIRUPATI,100000,2024-12-27T00:00:00.000Z,2024-12-27 00:00:00+00:00,613
203509,Andhra Pradesh,Andhra Pradesh,BAPATLA,BAPATLA,Bapatla(DISTRICT COLLECTOR BAPATLA_IDA),Bapatla(DISTRICT COLLECTOR BAPATLA_IDA),Normal/Others,Normal/Others,300000,Recommended,Recommended,2025-06-06T00:00:00.000Z,2025,Lok Sabha,18,0,True,282953,1,"Construction of CC Road from R B road to Surammatalli Temple of Gudavalli G.P, Cherukupalli mandal","Construction of CC Road from R B road to Surammatalli Temple of Gudavalli G.P, Cherukupalli mandal",,Krishna Prasad Tenneti,,BAPATLA,300000,2025-06-06T00:00:00.000Z,2025-06-06 00:00:00+00:00,452
143985,Andhra Pradesh,Andhra Pradesh,NARASARAOPET,NARASARAOPET,GUNTUR(DISTRICT COLLECTOR GUNTUR_IDA),GUNTUR(DISTRICT COLLECTOR GUNTUR_IDA),Normal/Others,Normal/Others,416758,Recommended,Recommended,2024-09-27T00:00:00.000Z,2024,Lok Sabha,18,0,True,416758,1,Fixing of New Connection & additional load in ESI Hospital Nadimpalem village of Prathipadu Mandal of Guntur District.,Fixing of New Connection & additional load in ESI Hospital Nadimpalem village of Prathipadu Mandal of Guntur District.,,Lavu Sri Krishna Devarayalu,,NARASARAOPET,416758,2024-09-27T00:00:00.000Z,2024-09-27 00:00:00+00:00,704
203601,Andhra Pradesh,Andhra Pradesh,KADAPA,KADAPA,Y.S.R. Kadapa(DISTRICT COLLECTOR CUDDAPAH_IDA),Y.S.R. Kadapa(DISTRICT COLLECTOR CUDDAPAH_IDA),Normal/Others,Normal/Others,450000,Recommended,Recommended,2025-05-27T00:00:00.000Z,2025,Lok Sabha,18,0,False,0,0,"Construction of Compound wall for Edga North side near Valasapalli road, Valasapalli Panchayat of Yerraguntla Manadal","Construction of Compound wall for Edga North side near Valasapalli road, Valasapalli Panchayat of Yerraguntla Manadal",,Y S Avinash Reddy,,KADAPA,450000,2025-05-27T00:00:00.000Z,2025-05-27 00:00:00+00:00,462
161724,Andhra Pradesh,Andhra Pradesh,TIRUPATI,TIRUPATI,Tirupati(DISTRICT COLLECTOR TIRUPATI_IDA),Tirupati(DISTRICT COLLECTOR TIRUPATI_IDA),Normal/Others,Normal/Others,100000,Recommended,Recommended,2024-12-27T00:00:00.000Z,2024,Lok Sabha,18,0,False,0,0,Providing street lights and fixtures at arudur in Varadaiahpalem Mandal.,Providing street lights and fixtures at arudur in Varadaiahpalem Mandal.,,Maddila Gurumoorthy,,TIRUPATI,100000,2024-12-27T00:00:00.000Z,2024-12-27 00:00:00+00:00,613
203802,Andhra Pradesh,Andhra Pradesh,BAPATLA,BAPATLA,PRAKASAM(DISTRICT COLLECTOR PRAKASAM_IDA),PRAKASAM(DISTRICT COLLECTOR PRAKASAM_IDA),Normal/Others,Normal/Others,700000,Recommended,Recommended,2025-05-26T00:00:00.000Z,2025,Lok Sabha,18,0,False,0,0,Sanction of Funds for Computer Lab and Digital Library in ZP Girls High School Chimakurthy,Sanction of Funds for Computer Lab and Digital Library in ZP Girls High School Chimakurthy,,Krishna Prasad Tenneti,,BAPATLA,700000,2025-05-26T00:00:00.000Z,2025-05-26 00:00:00+00:00,463
900,Andhra Pradesh,Andhra Pradesh,TIRUPATI,TIRUPATI,Annamayya(DISTRICT COLLECTOR ANNAMAYYA_IDA),Annamayya(DISTRICT COLLECTOR ANNAMAYYA_IDA),Normal/Others,Normal/Others,399479,Recommended,Recommended,2024-11-02T00:00:00.000Z,2024,Lok Sabha,18,0,False,0,0,Construction of CC road from Raju house to Sivalayam in Pullampeta G.P.& Mandal.,Construction of CC road from Raju house to Sivalayam in Pullampeta G.P.& Mandal.,,Maddila Gurumoorthy,,TIRUPATI,399479,2024-11-02T00:00:00.000Z,2024-11-02 00:00:00+00:00,668
204036,Andhra Pradesh,Andhra Pradesh,RAJAMPET,RAJAMPET,Annamayya(DISTRICT COLLECTOR ANNAMAYYA_IDA),Annamayya(DISTRICT COLLECTOR ANNAMAYYA_IDA),Normal/Others,Normal/Others,200000,Recommended,Recommended,2025-05-27T00:00:00.000Z,2025,Lok Sabha,18,0,False,0,0,Formation of Road from Krishnam Raju Fields to Balireddipalii R and B Road in Urlagattupadu G.P,Formation of Road from Krishnam Raju Fields to Balireddipalii R and B Road in Urlagattupadu G.P,,Midhun Reddy,,RAJAMPET,200000,2025-05-27T00:00:00.000Z,2025-05-27 00:00:00+00:00,462
161727,Andhra Pradesh,Andhra Pradesh,TIRUPATI,TIRUPATI,Tirupati(DISTRICT COLLECTOR TIRUPATI_IDA),Tirupati(DISTRICT COLLECTOR TIRUPATI_IDA),Normal/Others,Normal/Others,180000,Recommended,Recommended,2024-12-27T00:00:00.000Z,2024,Lok Sabha,18,0,False,0,0,Providing street lights and fixtures at Santha Vellore in Varadaiahpalem Mandal.,Providing street lights and fixtures at Santha Vellore in Varadaiahpalem Mandal.,,Maddila Gurumoorthy,,TIRUPATI,180000,2024-12-27T00:00:00.000Z,2024-12-27 00:00:00+00:00,613
204050,Andhra Pradesh,Andhra Pradesh,MACHILIPATNAM,MACHILIPATNAM,KRISHNA(DISTRICT COLLECTOR KRISHNA_IDA),KRISHNA(DISTRICT COLLECTOR KRISHNA_IDA),Normal/Others,Normal/Others,1000000,Recommended,Recommended,2025-05-27T00:00:00.000Z,2025,Lok Sabha,18,0,False,0,0,Emergency repairs to the pipe culvert at KM 0.750 on Elakurru medium drain in Kankatava village of Gudur Mandal in Krishna District,Emergency repairs to the pipe culvert at KM 0.750 on Elakurru medium drain in Kankatava village of Gudur Mandal in Krishna District,,Balashowry Vallabbhaneni,,MACHILIPATNAM,1000000,2025-05-27T00:00:00.000Z,2025-05-27 00:00:00+00:00,462
146050,Andhra Pradesh,Andhra Pradesh,KADAPA,KADAPA,Y.S.R. Kadapa(DISTRICT COLLECTOR CUDDAPAH_IDA),Y.S.R. Kadapa(DISTRICT COLLECTOR CUDDAPAH_IDA),Normal/Others,Normal/Others,200000,Recommended,Recommended,2024-10-08T00:00:00.000Z,2024,Lok Sabha,18,0,False,0,0,CONSTRUCTION OF COMPOUND WALL at Muslim Burial ground in Podadurthy V & GP of Kamalapuram (M) IN Y.S.R KADAPA District.,CONSTRUCTION OF COMPOUND WALL at Muslim Burial ground in Podadurthy V & GP of Kamalapuram (M) IN Y.S.R KADAPA District.,,Y S Avinash Reddy,,KADAPA,200000,2024-10-08T00:00:00.000Z,2024-10-08 00:00:00+00:00,693
204065,Andhra Pradesh,Andhra Pradesh,RAJAMPET,RAJAMPET,Annamayya(DISTRICT COLLECTOR ANNAMAYYA_IDA),Annamayya(DISTRICT COLLECTOR ANNAMAYYA_IDA),Normal/Others,Normal/Others,500000,Recommended,Recommended,2025-05-27T00:00:00.000Z,2025,Lok Sabha,18,0,False,0,0,Formation of Road from Indiranagar R and B Road to K Chimmarapa Reddy Agriculture filed at Balireddipalli (G.P),Formation of Road from Indiranagar R and B Road to K Chimmarapa Reddy Agriculture filed at Balireddipalli (G.P),,Midhun Reddy,,RAJAMPET,500000,2025-05-27T00:00:00.000Z,2025-05-27 00:00:00+00:00,462
161732,Andhra Pradesh,Andhra Pradesh,TIRUPATI,TIRUPATI,Tirupati(DISTRICT COLLECTOR TIRUPATI_IDA),Tirupati(DISTRICT COLLECTOR TIRUPATI_IDA),Normal/Others,Normal/Others,90000,Recommended,Recommended,2024-12-27T00:00:00.000Z,2024,Lok Sabha,18,0,False,0,0,Providing street lights and fixtures at Yanadivettu Panchayath in Varadhaiahpalem Mandal.,Providing street lights and fixtures at Yanadivettu Panchayath in Varadhaiahpalem Mandal.,,Maddila Gurumoorthy,,TIRUPATI,90000,2024-12-27T00:00:00.000Z,2024-12-27 00:00:00+00:00,613
204166,Andhra Pradesh,Andhra Pradesh,KADAPA,KADAPA,Y.S.R. Kadapa(DISTRICT COLLECTOR CUDDAPAH_IDA),Y.S.R. Kadapa(DISTRICT COLLECTOR CUDDAPAH_IDA),Normal/Others,Normal/Others,300000,Recommended,Recommended,2025-05-27T00:00:00.000Z,2025,Lok Sabha,18,0,False,0,0,Providing Bore Motor Pipe line in Jangamreddypalli Village of Simhadripuram Mandal,Providing Bore Motor Pipe line in Jangamreddypalli Village of Simhadripuram Mandal,,Y S Avinash Reddy,,KADAPA,300000,2025-05-27T00:00:00.000Z,2025-05-27 00:00:00+00:00,462
206727,Andhra Pradesh,Andhra Pradesh,VISAKHAPATNAM,VISAKHAPATNAM,Visakhapatnam(DISTRICT COLLECTOR VISAKHAPATNAM_IDA),Visakhapatnam(DISTRICT COLLECTOR VISAKHAPATNAM_IDA),Repair and Renovation,Repair and Renovation,1715000,Recommended,Recommended,2025-06-13T00:00:00.000Z,2025,Lok Sabha,18,0,False,0,0,"Renovation of the existing Anganwadi building to restore its functionality. The proposed work includes construction of toilets, renovation of the building, and installation of a water tank or municipal water connection along with a power meter. This will help reduce dependency on rented space and ensure long-term utilization of government infrastructure.","Renovation of the existing Anganwadi building to restore its functionality. The proposed work includes construction of toilets, renovation of the building, and installation of a water tank or municipal water connection along with a power meter. This will help reduce dependency on rented space and ensure long-term utilization of government infrastructure.",,Sribharat MathuKumli,,VISAKHAPATNAM,1715000,2025-06-13T00:00:00.000Z,2025-06-13 00:00:00+00:00,445
161734,Andhra Pradesh,Andhra Pradesh,TIRUPATI,TIRUPATI,Tirupati(DISTRICT COLLECTOR TIRUPATI_IDA),Tirupati(DISTRICT COLLECTOR TIRUPATI_IDA),Normal/Others,Normal/Others,90000,Recommended,Recommended,2024-12-27T00:00:00.000Z,2024,Lok Sabha,18,0,False,0,0,Providing street lights and fixtures at Varadaiahpalem in Varadhaiahpalem Mandal.,Providing street lights and fixtures at Varadaiahpalem in Varadhaiahpalem Mandal.,,Maddila Gurumoorthy,,TIRUPATI,90000,2024-12-27T00:00:00.000Z,2024-12-27 00:00:00+00:00,613
206897,Andhra Pradesh,Andhra Pradesh,MACHILIPATNAM,MACHILIPATNAM,KRISHNA(DISTRICT COLLECTOR KRISHNA_IDA),KRISHNA(DISTRICT COLLECTOR KRISHNA_IDA),Normal/Others,Normal/Others,1000000,Recommended,Recommended,2025-06-06T00:00:00.000Z,2025,Lok Sabha,18,0,False,0,0,Construction of 2vent 1000mm dia pipe culvert with approach roads at Chedurthipadu village of Nandivada Mandal in Krishna District,Construction of 2vent 1000mm dia pipe culvert with approach roads at Chedurthipadu village of Nandivada Mandal in Krishna District,,Balashowry Vallabbhaneni,,MACHILIPATNAM,1000000,2025-06-06T00:00:00.000Z,2025-06-06 00:00:00+00:00,452
146052,Andhra Pradesh,Andhra Pradesh,KADAPA,KADAPA,Y.S.R. Kadapa(DISTRICT COLLECTOR CUDDAPAH_IDA),Y.S.R. Kadapa(DISTRICT COLLECTOR CUDDAPAH_IDA),Normal/Others,Normal/Others,500000,Recommended,Recommended,2024-10-08T00:00:00.000Z,2024,Lok Sabha,18,0,False,0,0,Construction of gravel road from guda PRABHAKAR REDDY Fields to KUPPALA RAVI Fields Nagireddypalli habitation buggalapalli (GP) of Chain Thakomma Dinne mandal,Construction of gravel road from guda PRABHAKAR REDDY Fields to KUPPALA RAVI Fields Nagireddypalli habitation buggalapalli (GP) of Chain Thakomma Dinne mandal,,Y S Avinash Reddy,,KADAPA,500000,2024-10-08T00:00:00.000Z,2024-10-08 00:00:00+00:00,693
206912,Andhra Pradesh,Andhra Pradesh,BAPATLA,BAPATLA,Bapatla(DISTRICT COLLECTOR BAPATLA_IDA),Bapatla(DISTRICT COLLECTOR BAPATLA_IDA),Normal/Others,Normal/Others,360000,Recommended,Recommended,2025-06-06T00:00:00.000Z,2025,Lok Sabha,18,0,False,0,0,"Construction of CC Roa from Gade Manindra Rao House to Gade Kakulaswamy house in gadevaripalem of Thummala G.P., Pothumeraka Revenue Village, Repalle Mandal, Bapatla district","Construction of CC Roa from Gade Manindra Rao House to Gade Kakulaswamy house in gadevaripalem of Thummala G.P., Pothumeraka Revenue Village, Repalle Mandal, Bapatla district",,Krishna Prasad Tenneti,,BAPATLA,360000,2025-06-06T00:00:00.000Z,2025-06-06 00:00:00+00:00,452
161793,Andhra Pradesh,Andhra Pradesh,NANDYAL,NANDYAL,Nandyal(DISTRICT COLLECTOR NANDYAL_IDA),Nandyal(DISTRICT COLLECTOR NANDYAL_IDA),Normal/Others,Normal/Others,500000,Recommended,Recommended,2024-12-28T00:00:00.000Z,2024,Lok Sabha,18,0,False,0,0,"2. Development of Yellavathula Village Road to Sivamma House in B.C. Colony of Kotakonda Village, Rudravaram Mandal
Construction aimed at strengthening road connectivity within the village, improving mobility and accessibility for the residents.","2. Development of Yellavathula Village Road to Sivamma House in B.C. Colony of Kotakonda Village, Rudravaram Mandal
Construction aimed at strengthening road connectivity within the village, improving mobility and accessibility for the residents.",,DR BYREDDY SHABARI,,NANDYAL,500000,2024-12-28T00:00:00.000Z,2024-12-28 00:00:00+00:00,612
206914,Andhra Pradesh,Andhra Pradesh,BAPATLA,BAPATLA,Bapatla(DISTRICT COLLECTOR BAPATLA_IDA),Bapatla(DISTRICT COLLECTOR BAPATLA_IDA),Normal/Others,Normal/Others,300000,Recommended,Recommended,2025-06-06T00:00:00.000Z,2025,Lok Sabha,18,0,False,0,0,"Construction of CC Road from Ramamandhiram to Pagadam narsareddy house in Pagadamvaripalem of Rambhotlapalem GP, Cherukupalli Mandal, Bapatla District","Construction of CC Road from Ramamandhiram to Pagadam narsareddy house in Pagadamvaripalem of Rambhotlapalem GP, Cherukupalli Mandal, Bapatla District",,Krishna Prasad Tenneti,,BAPATLA,300000,2025-06-06T00:00:00.000Z,2025-06-06 00:00:00+00:00,452
206925,Andhra Pradesh,Andhra Pradesh,BAPATLA,BAPATLA,Bapatla(DISTRICT COLLECTOR BAPATLA_IDA),Bapatla(DISTRICT COLLECTOR BAPATLA_IDA),Normal/Others,Normal/Others,300000,Recommended,Recommended,2025-06-06T00:00:00.000Z,2025,Lok Sabha,18,0,False,0,0,"Construction of CC Road from Ramayanam Ramakoteswara Rao house to Gudi Rangavardhini house in Karmuru GP, Repalle Mandal, Bapatla district","Construction of CC Road from Ramayanam Ramakoteswara Rao house to Gudi Rangavardhini house in Karmuru GP, Repalle Mandal, Bapatla district",,Krishna Prasad Tenneti,,BAPATLA,300000,2025-06-06T00:00:00.000Z,2025-06-06 00:00:00+00:00,452
162086,Andhra Pradesh,Andhra Pradesh,NANDYAL,NANDYAL,Nandyal(DISTRICT COLLECTOR NANDYAL_IDA),Nandyal(DISTRICT COLLECTOR NANDYAL_IDA),Normal/Others,Normal/Others,500000,Recommended,Recommended,2024-12-28T00:00:00.000Z,2024,Lok Sabha,18,0,False,0,0,"Providing CC road from Anganwadi School to Sanjeevarayudu's house and other lanes in Erragudur (v)Hamlet of Pamulapadu Mandal to improve road connectivity, ensure safer pedestrian access, and enhance infrastructure for the benefit of residents and community services","Providing CC road from Anganwadi School to Sanjeevarayudu's house and other lanes in Erragudur (v)Hamlet of Pamulapadu Mandal to improve road connectivity, ensure safer pedestrian access, and enhance infrastructure for the benefit of residents and community services",,DR BYREDDY SHABARI,,NANDYAL,500000,2024-12-28T00:00:00.000Z,2024-12-28 00:00:00+00:00,612
207887,Andhra Pradesh,Andhra Pradesh,ONGOLE,ONGOLE,PRAKASAM(DISTRICT COLLECTOR PRAKASAM_IDA),PRAKASAM(DISTRICT COLLECTOR PRAKASAM_IDA),Normal/Others,Normal/Others,900000,Recommended,Recommended,2025-06-10T00:00:00.000Z,2025,Lok Sabha,18,0,False,0,0,"Providing 1000 LPH Reserve Osmosis Plant with Borewell, Motor and Shed","Providing 1000 LPH Reserve Osmosis Plant with Borewell, Motor and Shed",,Magunta Sreenivasulu Reddy,,ONGOLE,900000,2025-06-10T00:00:00.000Z,2025-06-10 00:00:00+00:00,448
146054,Andhra Pradesh,Andhra Pradesh,KADAPA,KADAPA,Y.S.R. Kadapa(DISTRICT COLLECTOR CUDDAPAH_IDA),Y.S.R. Kadapa(DISTRICT COLLECTOR CUDDAPAH_IDA),Normal/Others,Normal/Others,200000,Recommended,Recommended,2024-10-08T00:00:00.000Z,2024,Lok Sabha,18,0,False,0,0,Improvements to their gravel road from N Bala Obalah Fields to M Gangadarreddy fields in Machanuru Village of Machanuru GP of Pendlimarri Mandal,Improvements to their gravel road from N Bala Obalah Fields to M Gangadarreddy fields in Machanuru Village of Machanuru GP of Pendlimarri Mandal,,Y S Avinash Reddy,,KADAPA,200000,2024-10-08T00:00:00.000Z,2024-10-08 00:00:00+00:00,693
207889,Andhra Pradesh,Andhra Pradesh,ONGOLE,ONGOLE,PRAKASAM(DISTRICT COLLECTOR PRAKASAM_IDA),PRAKASAM(DISTRICT COLLECTOR PRAKASAM_IDA),Normal/Others,Normal/Others,1200000,Recommended,Recommended,2025-06-10T00:00:00.000Z,2025,Lok Sabha,18,0,False,0,0,"Providing 1000 LPH Reverse Osmosis Plant with Bore Well, Motor and Shed in Bodapadu Village","Providing 1000 LPH Reverse Osmosis Plant with Bore Well, Motor and Shed in Bodapadu Village",,Magunta Sreenivasulu Reddy,,ONGOLE,1200000,2025-06-10T00:00:00.000Z,2025-06-10 00:00:00+00:00,448
162215,Andhra Pradesh,Andhra Pradesh,HINDUPUR,HINDUPUR,Ananthapuramu(DISTRICT COLLECTOR ANANTAPUR_IDA),Ananthapuramu(DISTRICT COLLECTOR ANANTAPUR_IDA),Normal/Others,Normal/Others,1000000,Recommended,Recommended,2024-12-29T00:00:00.000Z,2024,Lok Sabha,18,0,False,0,0,Construction of community hall in Sno.203 B. Yaleru village Atmakuru (M),Construction of community hall in Sno.203 B. Yaleru village Atmakuru (M),,B K PARTHASARATHI,,HINDUPUR,1000000,2024-12-29T00:00:00.000Z,2024-12-29 00:00:00+00:00,611
207891,Andhra Pradesh,Andhra Pradesh,ONGOLE,ONGOLE,PRAKASAM(DISTRICT COLLECTOR PRAKASAM_IDA),PRAKASAM(DISTRICT COLLECTOR PRAKASAM_IDA),Normal/Others,Normal/Others,900000,Recommended,Recommended,2025-06-10T00:00:00.000Z,2025,Lok Sabha,18,0,False,0,0,"Providing 1000 LPH Reverse Osmosis Plant with Bore Well, Motor and Shed in Inimerla Village","Providing 1000 LPH Reverse Osmosis Plant with Bore Well, Motor and Shed in Inimerla Village",,Magunta Sreenivasulu Reddy,,ONGOLE,900000,2025-06-10T00:00:00.000Z,2025-06-10 00:00:00+00:00,448
207893,Andhra Pradesh,Andhra Pradesh,ONGOLE,ONGOLE,PRAKASAM(DISTRICT COLLECTOR PRAKASAM_IDA),PRAKASAM(DISTRICT COLLECTOR PRAKASAM_IDA),Normal/Others,Normal/Others,900000,Recommended,Recommended,2025-06-10T00:00:00.000Z,2025,Lok Sabha,18,0,False,0,0,"Providing 1000 LPH Reverse Osmosis Plant with Bore Well, Motor and Shed in Pole palli Village","Providing 1000 LPH Reverse Osmosis Plant with Bore Well, Motor and Shed in Pole palli Village",,Magunta Sreenivasulu Reddy,,ONGOLE,900000,2025-06-10T00:00:00.000Z,2025-06-10 00:00:00+00:00,448
162476,Andhra Pradesh,Andhra Pradesh,GUNTUR,GUNTUR,GUNTUR(DISTRICT COLLECTOR GUNTUR_IDA),GUNTUR(DISTRICT COLLECTOR GUNTUR_IDA),Normal/Others,Normal/Others,200000,Recommended,Recommended,2024-12-30T00:00:00.000Z,2024,Lok Sabha,18,0,False,0,0,Construction of retaining wall near Foot over bridge in Morampudi(V) of Duggirala(M),Construction of retaining wall near Foot over bridge in Morampudi(V) of Duggirala(M),,Dr Chandra Sekhar Pemmasani,,GUNTUR,200000,2024-12-30T00:00:00.000Z,2024-12-30 00:00:00+00:00,610
207971,Andhra Pradesh,Andhra Pradesh,RAJAMPET,RAJAMPET,Annamayya(DISTRICT COLLECTOR ANNAMAYYA_IDA),Annamayya(DISTRICT COLLECTOR ANNAMAYYA_IDA),Normal/Others,Normal/Others,490000,Recommended,Recommended,2025-06-11T00:00:00.000Z,2025,Lok Sabha,18,0,False,0,0,"Providing PVC Pipeline in Nakkaladinne Vaddi Palli, KV Palli G.P","Providing PVC Pipeline in Nakkaladinne Vaddi Palli, KV Palli G.P",,Midhun Reddy,,RAJAMPET,490000,2025-06-11T00:00:00.000Z,2025-06-11 00:00:00+00:00,447
146056,Andhra Pradesh,Andhra Pradesh,KADAPA,KADAPA,Y.S.R. Kadapa(DISTRICT COLLECTOR CUDDAPAH_IDA),Y.S.R. Kadapa(DISTRICT COLLECTOR CUDDAPAH_IDA),Normal/Others,Normal/Others,250000,Recommended,Recommended,2024-10-08T00:00:00.000Z,2024,Lok Sabha,18,0,False,0,0,"Completion of incompleted YSR Health clinic in Yallareddypalli (V)&(GP) of Kamalapuram (M), of Kadapa (DIST).","Completion of incompleted YSR Health clinic in Yallareddypalli (V)&(GP) of Kamalapuram (M), of Kadapa (DIST).",,Y S Avinash Reddy,,KADAPA,250000,2024-10-08T00:00:00.000Z,2024-10-08 00:00:00+00:00,693
208025,Andhra Pradesh,Andhra Pradesh,TIRUPATI,TIRUPATI,Tirupati(DISTRICT COLLECTOR TIRUPATI_IDA),Tirupati(DISTRICT COLLECTOR TIRUPATI_IDA),Normal/Others,Normal/Others,300000,Recommended,Recommended,2025-06-16T00:00:00.000Z,2025,Lok Sabha,18,0,False,0,0,Providing of Street lights at KCN Gunta GP of Sullurpeta Mandal.,Providing of Street lights at KCN Gunta GP of Sullurpeta Mandal.,,Maddila Gurumoorthy,,TIRUPATI,300000,2025-06-16T00:00:00.000Z,2025-06-16 00:00:00+00:00,442
163085,Andhra Pradesh,Andhra Pradesh,HINDUPUR,HINDUPUR,Sri Sathya Sai(DISTRICT COLLECTOR SRI SATHYA SAI_IDA),Sri Sathya Sai(DISTRICT COLLECTOR SRI SATHYA SAI_IDA),Normal/Others,Normal/Others,500000,Recommended,Recommended,2025-01-04T00:00:00.000Z,2025,Lok Sabha,18,0,False,0,0,construction of road from kanisettiipalli to burial ground,construction of road from kanisettiipalli to burial ground,,B K PARTHASARATHI,,HINDUPUR,500000,2025-01-04T00:00:00.000Z,2025-01-04 00:00:00+00:00,605
208083,Andhra Pradesh,Andhra Pradesh,TIRUPATI,TIRUPATI,Tirupati(DISTRICT COLLECTOR TIRUPATI_IDA),Tirupati(DISTRICT COLLECTOR TIRUPATI_IDA),Normal/Others,Normal/Others,500000,Recommended,Recommended,2025-06-16T00:00:00.000Z,2025,Lok Sabha,18,0,False,0,0,Construction of Open CC Drain from Ramalayam to Gonugodugu Kishtaiah (H) in Bhyravaram SC colony of Bhyravaram GP of Balayapalli Mandal.,Construction of Open CC Drain from Ramalayam to Gonugodugu Kishtaiah (H) in Bhyravaram SC colony of Bhyravaram GP of Balayapalli Mandal.,,Maddila Gurumoorthy,,TIRUPATI,500000,2025-06-16T00:00:00.000Z,2025-06-16 00:00:00+00:00,442
902,Andhra Pradesh,Andhra Pradesh,TIRUPATI,TIRUPATI,Annamayya(DISTRICT COLLECTOR ANNAMAYYA_IDA),Annamayya(DISTRICT COLLECTOR ANNAMAYYA_IDA),Normal/Others,Normal/Others,389748,Recommended,Recommended,2024-11-02T00:00:00.000Z,2024,Lok Sabha,18,0,False,0,0,Construction of Ramulavari Gudi to R& B Road A.Oedipally (V) Anantha Samudram G.P.in Pullampeta Mandal.,Construction of Ramulavari Gudi to R& B Road A.Oedipally (V) Anantha Samudram G.P.in Pullampeta Mandal.,,Maddila Gurumoorthy,,TIRUPATI,389748,2024-11-02T00:00:00.000Z,2024-11-02 00:00:00+00:00,668
208085,Andhra Pradesh,Andhra Pradesh,TIRUPATI,TIRUPATI,Tirupati(DISTRICT COLLECTOR TIRUPATI_IDA),Tirupati(DISTRICT COLLECTOR TIRUPATI_IDA),Normal/Others,Normal/Others,500000,Recommended,Recommended,2025-06-16T00:00:00.000Z,2025,Lok Sabha,18,0,False,0,0,Construction of Internal CC Roads at Kothakuppam of BV Palem GP in Tada Mandal.,Construction of Internal CC Roads at Kothakuppam of BV Palem GP in Tada Mandal.,,Maddila Gurumoorthy,,TIRUPATI,500000,2025-06-16T00:00:00.000Z,2025-06-16 00:00:00+00:00,442
163088,Andhra Pradesh,Andhra Pradesh,HINDUPUR,HINDUPUR,Sri Sathya Sai(DISTRICT COLLECTOR SRI SATHYA SAI_IDA),Sri Sathya Sai(DISTRICT COLLECTOR SRI SATHYA SAI_IDA),Normal/Others,Normal/Others,500000,Recommended,Recommended,2025-01-04T00:00:00.000Z,2025,Lok Sabha,18,0,False,0,0,construction of road from T.D palli cross to obulapuram(v) reach-2,construction of road from T.D palli cross to obulapuram(v) reach-2,,B K PARTHASARATHI,,HINDUPUR,500000,2025-01-04T00:00:00.000Z,2025-01-04 00:00:00+00:00,605
208158,Andhra Pradesh,Andhra Pradesh,VISAKHAPATNAM,VISAKHAPATNAM,VIZIANAGARAM(DISTRICT COLLECTOR VIZIANAGARAM_IDA),VIZIANAGARAM(DISTRICT COLLECTOR VIZIANAGARAM_IDA),Repair and Renovation,Repair and Renovation,1600000,Recommended,Recommended,2025-06-13T00:00:00.000Z,2025,Lok Sabha,18,0,False,0,0,Additional Classroom MPPS,Additional Classroom MPPS,,Sribharat MathuKumli,,VISAKHAPATNAM,1600000,2025-06-13T00:00:00.000Z,2025-06-13 00:00:00+00:00,445
146760,Andhra Pradesh,Andhra Pradesh,CHITTOOR,CHITTOOR,CHITTOOR(DISTRICT COLLECTOR CHITTOOR_IDA),CHITTOOR(DISTRICT COLLECTOR CHITTOOR_IDA),Normal/Others,Normal/Others,390000,Recommended,Recommended,2024-10-11T00:00:00.000Z,2024,Lok Sabha,18,0,False,0,0,OHSR Tank Minor repairs at Gadduru H/o. Battuvaripalle GP of Ramakuppam Mandal.,OHSR Tank Minor repairs at Gadduru H/o. Battuvaripalle GP of Ramakuppam Mandal.,,DAGGUMALLA PRASADA RAO,,CHITTOOR,390000,2024-10-11T00:00:00.000Z,2024-10-11 00:00:00+00:00,690
208633,Andhra Pradesh,Andhra Pradesh,TIRUPATI,TIRUPATI,Tirupati(DISTRICT COLLECTOR TIRUPATI_IDA),Tirupati(DISTRICT COLLECTOR TIRUPATI_IDA),Normal/Others,Normal/Others,500000,Recommended,Recommended,2025-06-16T00:00:00.000Z,2025,Lok Sabha,18,0,False,0,0,Construction of Internal CC Road from S.Munichandramma House to Anganwadi at Santhavellore ST Colony in Santhavellore GP of Varadaiahpalem Mandal.,Construction of Internal CC Road from S.Munichandramma House to Anganwadi at Santhavellore ST Colony in Santhavellore GP of Varadaiahpalem Mandal.,,Maddila Gurumoorthy,,TIRUPATI,500000,2025-06-16T00:00:00.000Z,2025-06-16 00:00:00+00:00,442
163112,Andhra Pradesh,Andhra Pradesh,SRIKAKULAM,SRIKAKULAM,SRIKAKULAM(District Collector Srikakulam_IDA),SRIKAKULAM(District Collector Srikakulam_IDA),Normal/Others,Normal/Others,500000,Recommended,Recommended,2025-01-02T00:00:00.000Z,2025,Lok Sabha,18,0,False,0,0,Providing Power Bore at Kothwal Street in Ward No.24 of Palasa  Kasibugga Municipality,Providing Power Bore at Kothwal Street in Ward No.24 of Palasa  Kasibugga Municipality,,Kinjarapu Ram Mohan Naidu,,SRIKAKULAM,500000,2025-01-02T00:00:00.000Z,2025-01-02 00:00:00+00:00,607
209706,Andhra Pradesh,Andhra Pradesh,VIZIANAGARAM,VIZIANAGARAM,VIZIANAGARAM(DISTRICT COLLECTOR VIZIANAGARAM_IDA),VIZIANAGARAM(DISTRICT COLLECTOR VIZIANAGARAM_IDA),Normal/Others,Normal/Others,499000,Recommended,Recommended,2025-06-17T00:00:00.000Z,2025,Lok Sabha,18,0,True,457509,1,Construction of CC Road and Drain from Plot.No.11 to Plot.No.16 at Jonouralist Colony besides ESI Hospital at Gajularega,Construction of CC Road and Drain from Plot.No.11 to Plot.No.16 at Jonouralist Colony besides ESI Hospital at Gajularega,,Appalanaidu Kalisetti,,VIZIANAGARAM,499000,2025-06-17T00:00:00.000Z,2025-06-17 00:00:00+00:00,441
209731,Andhra Pradesh,Andhra Pradesh,VIZIANAGARAM,VIZIANAGARAM,VIZIANAGARAM(DISTRICT COLLECTOR VIZIANAGARAM_IDA),VIZIANAGARAM(DISTRICT COLLECTOR VIZIANAGARAM_IDA),Normal/Others,Normal/Others,320000,Recommended,Recommended,2025-06-17T00:00:00.000Z,2025,Lok Sabha,18,0,True,283046,1,Construction of CC Road from Plot.No.52 to Main Road at Jonourlist Colony beside ESI Hospital at Gajularega,Construction of CC Road from Plot.No.52 to Main Road at Jonourlist Colony beside ESI Hospital at Gajularega,,Appalanaidu Kalisetti,,VIZIANAGARAM,320000,2025-06-17T00:00:00.000Z,2025-06-17 00:00:00+00:00,441
163124,Andhra Pradesh,Andhra Pradesh,SRIKAKULAM,SRIKAKULAM,SRIKAKULAM(District Collector Srikakulam_IDA),SRIKAKULAM(District Collector Srikakulam_IDA),Normal/Others,Normal/Others,650000,Recommended,Recommended,2025-01-02T00:00:00.000Z,2025,Lok Sabha,18,0,False,0,0,Construction of Toilets Block in ZPH School in Peddavanka village of Vajrapukothuru mandal,Construction of Toilets Block in ZPH School in Peddavanka village of Vajrapukothuru mandal,,Kinjarapu Ram Mohan Naidu,,SRIKAKULAM,650000,2025-01-02T00:00:00.000Z,2025-01-02 00:00:00+00:00,607
211592,Andhra Pradesh,Andhra Pradesh,RAJAMPET,RAJAMPET,CHITTOOR(DISTRICT COLLECTOR CHITTOOR_IDA),CHITTOOR(DISTRICT COLLECTOR CHITTOOR_IDA),Normal/Others,Normal/Others,500000,Recommended,Recommended,2025-06-24T00:00:00.000Z,2025,Lok Sabha,18,0,False,0,0,Internal CC Road in Chinthaparthivaripalli Village and GP,Internal CC Road in Chinthaparthivaripalli Village and GP,,Midhun Reddy,,RAJAMPET,500000,2025-06-24T00:00:00.000Z,2025-06-24 00:00:00+00:00,434
146762,Andhra Pradesh,Andhra Pradesh,CHITTOOR,CHITTOOR,CHITTOOR(DISTRICT COLLECTOR CHITTOOR_IDA),CHITTOOR(DISTRICT COLLECTOR CHITTOOR_IDA),Normal/Others,Normal/Others,500000,Recommended,Recommended,2024-10-11T00:00:00.000Z,2024,Lok Sabha,18,0,True,499898,2,Construction of Compound wall to SC Community Hall (Phase-I) at Mallanuru H/o. Mallanuru GP of Kuppam Mandal.,Construction of Compound wall to SC Community Hall (Phase-I) at Mallanuru H/o. Mallanuru GP of Kuppam Mandal.,,DAGGUMALLA PRASADA RAO,,CHITTOOR,500000,2024-10-11T00:00:00.000Z,2024-10-11 00:00:00+00:00,690
211616,Andhra Pradesh,Andhra Pradesh,RAJAMPET,RAJAMPET,Annamayya(DISTRICT COLLECTOR ANNAMAYYA_IDA),Annamayya(DISTRICT COLLECTOR ANNAMAYYA_IDA),Normal/Others,Normal/Others,300000,Recommended,Recommended,2025-06-24T00:00:00.000Z,2025,Lok Sabha,18,0,False,0,0,Formation of Road KVRR Puram Main Road to SC Lands in KVRR Puram Village and GP,Formation of Road KVRR Puram Main Road to SC Lands in KVRR Puram Village and GP,,Midhun Reddy,,RAJAMPET,300000,2025-06-24T00:00:00.000Z,2025-06-24 00:00:00+00:00,434
163212,Andhra Pradesh,Andhra Pradesh,SRIKAKULAM,SRIKAKULAM,SRIKAKULAM(District Collector Srikakulam_IDA),SRIKAKULAM(District Collector Srikakulam_IDA),Normal/Others,Normal/Others,1500000,Recommended,Recommended,2025-01-02T00:00:00.000Z,2025,Lok Sabha,18,0,False,0,0,"Construction of Anganwadi building at Chinadugam village, Jalumuru mandal","Construction of Anganwadi building at Chinadugam village, Jalumuru mandal",,Kinjarapu Ram Mohan Naidu,,SRIKAKULAM,1500000,2025-01-02T00:00:00.000Z,2025-01-02 00:00:00+00:00,607
211625,Andhra Pradesh,Andhra Pradesh,RAJAMPET,RAJAMPET,Annamayya(DISTRICT COLLECTOR ANNAMAYYA_IDA),Annamayya(DISTRICT COLLECTOR ANNAMAYYA_IDA),Normal/Others,Normal/Others,500000,Recommended,Recommended,2025-06-24T00:00:00.000Z,2025,Lok Sabha,18,0,False,0,0,Formation of Road from AG Palli to UK Road in Ananthaiahgaripalli Village and GP,Formation of Road from AG Palli to UK Road in Ananthaiahgaripalli Village and GP,,Midhun Reddy,,RAJAMPET,500000,2025-06-24T00:00:00.000Z,2025-06-24 00:00:00+00:00,434
212474,Andaman And Nicobar Islands,Andaman And Nicobar Islands,ANDAMAN AND NICOBAR ISLANDS,ANDAMAN AND NICOBAR ISLANDS,SOUTH ANDAMANS(Implementing District Authority(SA)),SOUTH ANDAMANS(Implementing District Authority(SA)),Normal/Others,Normal/Others,2756289,Recommended,Recommended,2025-06-25T00:00:00.000Z,2025,Lok Sabha,18,0,True,2288461,1,Con. of  black top road between main road near Govind Dutta House to Satsang Kendra for a length of 120 mtrs. Sub-work Con. of  Cement road for 120 mtrs.,Con. of  black top road between main road near Govind Dutta House to Satsang Kendra for a length of 120 mtrs. Sub-work Con. of  Cement road for 120 mtrs.,,BISHNU PADA RAY,,ANDAMAN AND NICOBAR ISLANDS,2756289,2025-06-25T00:00:00.000Z,2025-06-25 00:00:00+00:00,433
163217,Andhra Pradesh,Andhra Pradesh,SRIKAKULAM,SRIKAKULAM,SRIKAKULAM(District Collector Srikakulam_IDA),SRIKAKULAM(District Collector Srikakulam_IDA),Normal/Others,Normal/Others,800000,Recommended,Recommended,2025-01-02T00:00:00.000Z,2025,Lok Sabha,18,0,False,0,0,"Construction of Bus Shelter building at Rallapadu village, Polaki mandal","Construction of Bus Shelter building at Rallapadu village, Polaki mandal",,Kinjarapu Ram Mohan Naidu,,SRIKAKULAM,800000,2025-01-02T00:00:00.000Z,2025-01-02 00:00:00+00:00,607
213083,Andhra Pradesh,Andhra Pradesh,BAPATLA,BAPATLA,Bapatla(DISTRICT COLLECTOR BAPATLA_IDA),Bapatla(DISTRICT COLLECTOR BAPATLA_IDA),Normal/Others,Normal/Others,2000000,Recommended,Recommended,2025-07-09T00:00:00.000Z,2025,Lok Sabha,18,0,True,857776,1,"Construction of Community Hall in Surepalli Village, Muktheswaram, Ballikurava Mandal","Construction of Community Hall in Surepalli Village, Muktheswaram, Ballikurava Mandal",,Krishna Prasad Tenneti,,BAPATLA,2000000,2025-07-09T00:00:00.000Z,2025-07-09 00:00:00+00:00,419
147043,Andhra Pradesh,Andhra Pradesh,RAJAMPET,RAJAMPET,CHITTOOR(DISTRICT COLLECTOR CHITTOOR_IDA),CHITTOOR(DISTRICT COLLECTOR CHITTOOR_IDA),Normal/Others,Normal/Others,500000,Recommended,Recommended,2024-10-14T00:00:00.000Z,2024,Lok Sabha,18,0,False,0,0,"Construction of Community Hall Near DCC Bank Street, Sodam","Construction of Community Hall Near DCC Bank Street, Sodam",,Midhun Reddy,,RAJAMPET,500000,2024-10-14T00:00:00.000Z,2024-10-14 00:00:00+00:00,687
213467,Andhra Pradesh,Andhra Pradesh,MACHILIPATNAM,MACHILIPATNAM,KRISHNA(DISTRICT COLLECTOR KRISHNA_IDA),KRISHNA(DISTRICT COLLECTOR KRISHNA_IDA),Normal/Others,Normal/Others,700000,Recommended,Recommended,2025-06-29T00:00:00.000Z,2025,Lok Sabha,18,0,False,0,0,Restoration of shutters for cross regulator at KM 2.320 on Ampapuram U.T medium drain under the jurisdiction of DC No.2 Kakulapadu,Restoration of shutters for cross regulator at KM 2.320 on Ampapuram U.T medium drain under the jurisdiction of DC No.2 Kakulapadu,,Balashowry Vallabbhaneni,,MACHILIPATNAM,700000,2025-06-29T00:00:00.000Z,2025-06-29 00:00:00+00:00,429
163224,Andhra Pradesh,Andhra Pradesh,SRIKAKULAM,SRIKAKULAM,SRIKAKULAM(District Collector Srikakulam_IDA),SRIKAKULAM(District Collector Srikakulam_IDA),Normal/Others,Normal/Others,1000000,Recommended,Recommended,2025-01-02T00:00:00.000Z,2025,Lok Sabha,18,0,True,382515,1,"Construction of Burial Ground Shed, Burning Cot and Bore well at Kasimvalasa in 4th Ward, Amadalavalasa Municipality","Construction of Burial Ground Shed, Burning Cot and Bore well at Kasimvalasa in 4th Ward, Amadalavalasa Municipality",,Kinjarapu Ram Mohan Naidu,,SRIKAKULAM,1000000,2025-01-02T00:00:00.000Z,2025-01-02 00:00:00+00:00,607
213636,Andhra Pradesh,Andhra Pradesh,KAKINADA,KAKINADA,Kakinada(DISTRICT COLLECTOR KAKINADA_IDA),Kakinada(DISTRICT COLLECTOR KAKINADA_IDA),Normal/Others,Normal/Others,500000,Recommended,Recommended,2025-06-30T00:00:00.000Z,2025,Lok Sabha,18,0,True,498819,1,Construction of Volleyball Court,Construction of Volleyball Court,,TANGELLA UDAY SRINIVAS,,KAKINADA,500000,2025-06-30T00:00:00.000Z,2025-06-30 00:00:00+00:00,428
215302,Andhra Pradesh,Andhra Pradesh,RAJAMPET,RAJAMPET,Annamayya(DISTRICT COLLECTOR ANNAMAYYA_IDA),Annamayya(DISTRICT COLLECTOR ANNAMAYYA_IDA),Normal/Others,Normal/Others,200000,Recommended,Recommended,2025-07-06T00:00:00.000Z,2025,Lok Sabha,18,0,True,183546,1,Construction of CC Drain Rekkalakunda Palli to C Gollapalli,Construction of CC Drain Rekkalakunda Palli to C Gollapalli,,Midhun Reddy,,RAJAMPET,200000,2025-07-06T00:00:00.000Z,2025-07-06 00:00:00+00:00,422
163284,Andhra Pradesh,Andhra Pradesh,ANANTAPUR,ANANTAPUR,Ananthapuramu(DISTRICT COLLECTOR ANANTAPUR_IDA),Ananthapuramu(DISTRICT COLLECTOR ANANTAPUR_IDA),Normal/Others,Normal/Others,500000,Recommended,Recommended,2025-01-02T00:00:00.000Z,2025,Lok Sabha,18,0,False,0,0,Providing Bus Sheltar at Kasapuram of Guntakal mandal,Providing Bus Sheltar at Kasapuram of Guntakal mandal,,AMBICA G LAKSHMINARAYANA VALMIKI,,ANANTAPUR,500000,2025-01-02T00:00:00.000Z,2025-01-02 00:00:00+00:00,607
215308,Andhra Pradesh,Andhra Pradesh,RAJAMPET,RAJAMPET,Annamayya(DISTRICT COLLECTOR ANNAMAYYA_IDA),Annamayya(DISTRICT COLLECTOR ANNAMAYYA_IDA),Normal/Others,Normal/Others,200000,Recommended,Recommended,2025-07-06T00:00:00.000Z,2025,Lok Sabha,18,0,True,192284,1,"Construction CC Drain in Pathavuru Village, Nopalli GP","Construction CC Drain in Pathavuru Village, Nopalli GP",,Midhun Reddy,,RAJAMPET,200000,2025-07-06T00:00:00.000Z,2025-07-06 00:00:00+00:00,422
147046,Andhra Pradesh,Andhra Pradesh,RAJAMPET,RAJAMPET,Annamayya(DISTRICT COLLECTOR ANNAMAYYA_IDA),Annamayya(DISTRICT COLLECTOR ANNAMAYYA_IDA),Normal/Others,Normal/Others,300000,Recommended,Recommended,2024-10-14T00:00:00.000Z,2024,Lok Sabha,18,0,False,0,0,Formation of the Road from Tanguturu R&B Road at Aadapur Diguva HW to J Subramanyam fields in Aadapur (H&G.P),Formation of the Road from Tanguturu R&B Road at Aadapur Diguva HW to J Subramanyam fields in Aadapur (H&G.P),,Midhun Reddy,,RAJAMPET,300000,2024-10-14T00:00:00.000Z,2024-10-14 00:00:00+00:00,687
215314,Andhra Pradesh,Andhra Pradesh,RAJAMPET,RAJAMPET,Annamayya(DISTRICT COLLECTOR ANNAMAYYA_IDA),Annamayya(DISTRICT COLLECTOR ANNAMAYYA_IDA),Normal/Others,Normal/Others,200000,Recommended,Recommended,2025-07-06T00:00:00.000Z,2025,Lok Sabha,18,0,False,0,0,Laying of BT Road from Brahma Reddy Gardens to Raj Gardens in Upparapalli (V and G.P),Laying of BT Road from Brahma Reddy Gardens to Raj Gardens in Upparapalli (V and G.P),,Midhun Reddy,,RAJAMPET,200000,2025-07-06T00:00:00.000Z,2025-07-06 00:00:00+00:00,422
163291,Andhra Pradesh,Andhra Pradesh,ANANTAPUR,ANANTAPUR,Ananthapuramu(DISTRICT COLLECTOR ANANTAPUR_IDA),Ananthapuramu(DISTRICT COLLECTOR ANANTAPUR_IDA),Normal/Others,Normal/Others,4000000,Recommended,Recommended,2025-01-02T00:00:00.000Z,2025,Lok Sabha,18,0,True,3944844,3,"Construction of new building Vishranthi Dhamam (Male block) at Govt., General Hospital, Ananthapuramu","Construction of new building Vishranthi Dhamam (Male block) at Govt., General Hospital, Ananthapuramu",,AMBICA G LAKSHMINARAYANA VALMIKI,,ANANTAPUR,4000000,2025-01-02T00:00:00.000Z,2025-01-02 00:00:00+00:00,607
215867,Andhra Pradesh,Andhra Pradesh,TIRUPATI,TIRUPATI,Tirupati(DISTRICT COLLECTOR TIRUPATI_IDA),Tirupati(DISTRICT COLLECTOR TIRUPATI_IDA),Normal/Others,Normal/Others,500000,Recommended,Recommended,2025-07-15T00:00:00.000Z,2025,Lok Sabha,18,0,True,499987,1,Construction of Entrance Arch with gate at Government Degree College at Naidupeta in Tirupati District,Construction of Entrance Arch with gate at Government Degree College at Naidupeta in Tirupati District,,Maddila Gurumoorthy,,TIRUPATI,500000,2025-07-15T00:00:00.000Z,2025-07-15 00:00:00+00:00,413
932,Andhra Pradesh,Andhra Pradesh,NANDYAL,NANDYAL,KURNOOL(DISTRICT COLLECTOR KURNOOL_IDA),KURNOOL(DISTRICT COLLECTOR KURNOOL_IDA),Normal/Others,Normal/Others,500000,Recommended,Recommended,2024-12-09T00:00:00.000Z,2024,Lok Sabha,18,0,False,0,0,"providing CC Road alongwith drains from Lakshmi Reddy to Krishna Reddy house, Guttapadu Village of Orvakal Mandal.","providing CC Road alongwith drains from Lakshmi Reddy to Krishna Reddy house, Guttapadu Village of Orvakal Mandal.",,DR BYREDDY SHABARI,,NANDYAL,500000,2024-12-09T00:00:00.000Z,2024-12-09 00:00:00+00:00,631
216059,Andhra Pradesh,Andhra Pradesh,TIRUPATI,TIRUPATI,Tirupati(DISTRICT COLLECTOR TIRUPATI_IDA),Tirupati(DISTRICT COLLECTOR TIRUPATI_IDA),Normal/Others,Normal/Others,217000,Recommended,Recommended,2025-07-15T00:00:00.000Z,2025,Lok Sabha,18,0,True,215858,1,Providing Street Lights and fixtures in Chelluru GP in Yerpedu Mandal,Providing Street Lights and fixtures in Chelluru GP in Yerpedu Mandal,,Maddila Gurumoorthy,,TIRUPATI,217000,2025-07-15T00:00:00.000Z,2025-07-15 00:00:00+00:00,413
163576,Andhra Pradesh,Andhra Pradesh,ONGOLE,ONGOLE,PRAKASAM(DISTRICT COLLECTOR PRAKASAM_IDA),PRAKASAM(DISTRICT COLLECTOR PRAKASAM_IDA),Normal/Others,Normal/Others,1000000,Recommended,Recommended,2025-01-05T00:00:00.000Z,2025,Lok Sabha,18,0,True,992801,1,"Construction of Cultural Hall near P.V.R. Boys Municipal High School, Ongole","Construction of Cultural Hall near P.V.R. Boys Municipal High School, Ongole",,Magunta Sreenivasulu Reddy,,ONGOLE,1000000,2025-01-05T00:00:00.000Z,2025-01-05 00:00:00+00:00,604
216063,Andhra Pradesh,Andhra Pradesh,TIRUPATI,TIRUPATI,Tirupati(DISTRICT COLLECTOR TIRUPATI_IDA),Tirupati(DISTRICT COLLECTOR TIRUPATI_IDA),Normal/Others,Normal/Others,217000,Recommended,Recommended,2025-07-15T00:00:00.000Z,2025,Lok Sabha,18,0,True,215786,1,Providing Street Lights and fixtures in Kukkalagunta GP in Yerpedu Mandal,Providing Street Lights and fixtures in Kukkalagunta GP in Yerpedu Mandal,,Maddila Gurumoorthy,,TIRUPATI,217000,2025-07-15T00:00:00.000Z,2025-07-15 00:00:00+00:00,413
147534,Andhra Pradesh,Andhra Pradesh,KADAPA,KADAPA,Y.S.R. Kadapa(DISTRICT COLLECTOR CUDDAPAH_IDA),Y.S.R. Kadapa(DISTRICT COLLECTOR CUDDAPAH_IDA),Normal/Others,Normal/Others,95403,Recommended,Recommended,2024-10-16T00:00:00.000Z,2024,Lok Sabha,18,0,False,0,0,"Providing PVC Pipes 49 2/30 Inches to B.N.Thanda Village,K.Yerragudi  in CK peta Mandal","Providing PVC Pipes 49 2/30 Inches to B.N.Thanda Village,K.Yerragudi  in CK peta Mandal",,Y S Avinash Reddy,,KADAPA,95403,2024-10-16T00:00:00.000Z,2024-10-16 00:00:00+00:00,685
216066,Andhra Pradesh,Andhra Pradesh,TIRUPATI,TIRUPATI,Tirupati(DISTRICT COLLECTOR TIRUPATI_IDA),Tirupati(DISTRICT COLLECTOR TIRUPATI_IDA),Normal/Others,Normal/Others,500000,Recommended,Recommended,2025-07-15T00:00:00.000Z,2025,Lok Sabha,18,0,False,0,0,Construction of bus shelter at subbanaidu Kandriga of Subbanaidu kandriga GP in Srikalahasthi Mandal,Construction of bus shelter at subbanaidu Kandriga of Subbanaidu kandriga GP in Srikalahasthi Mandal,,Maddila Gurumoorthy,,TIRUPATI,500000,2025-07-15T00:00:00.000Z,2025-07-15 00:00:00+00:00,413
163760,Andhra Pradesh,Andhra Pradesh,AMALAPURAM,AMALAPURAM,Dr. B.R. Ambedkar Konaseema(DISTRICT COLLECTOR Dr B R AMBEDKAR KONASEEMA_IDA),Dr. B.R. Ambedkar Konaseema(DISTRICT COLLECTOR Dr B R AMBEDKAR KONASEEMA_IDA),Normal/Others,Normal/Others,7000000,Recommended,Recommended,2025-01-06T00:00:00.000Z,2025,Lok Sabha,18,0,False,0,0,Construction of CC Drain along R and B Road near P Gannavaram Junction towards Main Drain in P Gannavaram Village and Mandal,Construction of CC Drain along R and B Road near P Gannavaram Junction towards Main Drain in P Gannavaram Village and Mandal,,GM Harish Balayogi,,AMALAPURAM,7000000,2025-01-06T00:00:00.000Z,2025-01-06 00:00:00+00:00,603
216071,Andhra Pradesh,Andhra Pradesh,TIRUPATI,TIRUPATI,Tirupati(DISTRICT COLLECTOR TIRUPATI_IDA),Tirupati(DISTRICT COLLECTOR TIRUPATI_IDA),Normal/Others,Normal/Others,450000,Recommended,Recommended,2025-07-15T00:00:00.000Z,2025,Lok Sabha,18,0,False,0,0,Providing new pipeline in Vedam HO Vedam GP in Srikalahasthi Mandal,Providing new pipeline in Vedam HO Vedam GP in Srikalahasthi Mandal,,Maddila Gurumoorthy,,TIRUPATI,450000,2025-07-15T00:00:00.000Z,2025-07-15 00:00:00+00:00,413
163843,Andhra Pradesh,Andhra Pradesh,TIRUPATI,TIRUPATI,Tirupati(DISTRICT COLLECTOR TIRUPATI_IDA),Tirupati(DISTRICT COLLECTOR TIRUPATI_IDA),Normal/Others,Normal/Others,150000,Recommended,Recommended,2025-01-08T00:00:00.000Z,2025,Lok Sabha,18,0,False,0,0,Providing Street lights  and fixtures in CLN Palli in Varadaiahpalem Mandal.,Providing Street lights  and fixtures in CLN Palli in Varadaiahpalem Mandal.,,Maddila Gurumoorthy,,TIRUPATI,150000,2025-01-08T00:00:00.000Z,2025-01-08 00:00:00+00:00,601
175556,Andaman And Nicobar Islands,Andaman And Nicobar Islands,ANDAMAN AND NICOBAR ISLANDS,ANDAMAN AND NICOBAR ISLANDS,SOUTH ANDAMANS(Implementing District Authority(SA)),SOUTH ANDAMANS(Implementing District Authority(SA)),Repair and Renovation,Repair and Renovation,4947034,Recommended,Recommended,2025-02-14T00:00:00.000Z,2025,Lok Sabha,18,0,True,3655060,1,"Repair and renovation of road from CPWD complex, Ranchi Tikrey Dairyfarm to Fisheries Quarter, Port Blair","Repair and renovation of road from CPWD complex, Ranchi Tikrey Dairyfarm to Fisheries Quarter, Port Blair",,BISHNU PADA RAY,,ANDAMAN AND NICOBAR ISLANDS,4947034,2025-02-14T00:00:00.000Z,2025-02-14 00:00:00+00:00,564
175561,Andaman And Nicobar Islands,Andaman And Nicobar Islands,ANDAMAN AND NICOBAR ISLANDS,ANDAMAN AND NICOBAR ISLANDS,SOUTH ANDAMANS(Implementing District Authority(SA)),SOUTH ANDAMANS(Implementing District Authority(SA)),Normal/Others,Normal/Others,1498887,Recommended,Recommended,2025-02-14T00:00:00.000Z,2025,Lok Sabha,18,0,True,1189292,1,"Construction of CC Motorable road between Govt. Primary School and Shri SK Singh house at Garacharma, Ward No.18, Port Blair","Construction of CC Motorable road between Govt. Primary School and Shri SK Singh house at Garacharma, Ward No.18, Port Blair",,BISHNU PADA RAY,,ANDAMAN AND NICOBAR ISLANDS,1498887,2025-02-14T00:00:00.000Z,2025-02-14 00:00:00+00:00,564
188528,Andaman And Nicobar Islands,Andaman And Nicobar Islands,ANDAMAN AND NICOBAR ISLANDS,ANDAMAN AND NICOBAR ISLANDS,SOUTH ANDAMANS(Implementing District Authority(SA)),SOUTH ANDAMANS(Implementing District Authority(SA)),Normal/Others,Normal/Others,1320600,Recommended,Recommended,2025-04-01T00:00:00.000Z,2025,Lok Sabha,18,0,True,803540,1,"Construction of CC drain from CPWD quarters to Fisheries Quarters via Sree Shaktivel Murugan Temple for a length of 350 mtrs at Ranci Tikrey, Dairy Farm, Ward No.9, SVP.","Construction of CC drain from CPWD quarters to Fisheries Quarters via Sree Shaktivel Murugan Temple for a length of 350 mtrs at Ranci Tikrey, Dairy Farm, Ward No.9, SVP.",,BISHNU PADA RAY,,ANDAMAN AND NICOBAR ISLANDS,1320600,2025-04-01T00:00:00.000Z,2025-04-01 00:00:00+00:00,518
899,Andhra Pradesh,Andhra Pradesh,TIRUPATI,TIRUPATI,Annamayya(DISTRICT COLLECTOR ANNAMAYYA_IDA),Annamayya(DISTRICT COLLECTOR ANNAMAYYA_IDA),Normal/Others,Normal/Others,390388,Recommended,Recommended,2024-11-02T00:00:00.000Z,2024,Lok Sabha,18,0,False,0,0,"Construction of CC Road D. Narayana house to R&B road in Pullareddy Palli H/W (V), Anantha Samudram G.P. in Pullampeta Mandal.","Construction of CC Road D. Narayana house to R&B road in Pullareddy Palli H/W (V), Anantha Samudram G.P. in Pullampeta Mandal.",,Maddila Gurumoorthy,,TIRUPATI,390388,2024-11-02T00:00:00.000Z,2024-11-02 00:00:00+00:00,668
1489,Andhra Pradesh,Andhra Pradesh,ARAKU,ARAKU,"EAST GODAVARI(DISTRICT COLLECTOR, EAST GODAVARI)","EAST GODAVARI(DISTRICT COLLECTOR, EAST GODAVARI)",Normal/Others,Normal/Others,500000,Recommended,Recommended,2025-08-07T00:00:00.000Z,2025,Lok Sabha,18,0,False,0,0,construction of cc road from n16 road to kallepali venkataraju site of konthamuru,construction of cc road from n16 road to kallepali venkataraju site of konthamuru,,Gumma Thanuja Rani,,ARAKU,500000,2025-08-07T00:00:00.000Z,2025-08-07 00:00:00+00:00,390
141551,Andhra Pradesh,Andhra Pradesh,CHITTOOR,CHITTOOR,Tirupati(DISTRICT COLLECTOR TIRUPATI_IDA),Tirupati(DISTRICT COLLECTOR TIRUPATI_IDA),Normal/Others,Normal/Others,490000,Recommended,Recommended,2024-09-18T00:00:00.000Z,2024,Lok Sabha,18,0,False,0,0,"Construction of WBM Road from Jimkalamitta SC Colony to Snam alloys Pvt. Link road at Jimkalamitta Village, Damalacheruvu GP of Pakala Mandal, Chandragiri Constituency.","Construction of WBM Road from Jimkalamitta SC Colony to Snam alloys Pvt. Link road at Jimkalamitta Village, Damalacheruvu GP of Pakala Mandal, Chandragiri Constituency.",,DAGGUMALLA PRASADA RAO,,CHITTOOR,490000,2024-09-18T00:00:00.000Z,2024-09-18 00:00:00+00:00,713
161715,Andhra Pradesh,Andhra Pradesh,TIRUPATI,TIRUPATI,Tirupati(DISTRICT COLLECTOR TIRUPATI_IDA),Tirupati(DISTRICT COLLECTOR TIRUPATI_IDA),Normal/Others,Normal/Others,180000,Recommended,Recommended,2024-12-27T00:00:00.000Z,2024,Lok Sabha,18,0,False,0,0,Providing street lights and fixtures at Irugulam in Satyavedu Mandal.,Providing street lights and fixtures at Irugulam in Satyavedu Mandal.,,Maddila Gurumoorthy,,TIRUPATI,180000,2024-12-27T00:00:00.000Z,2024-12-27 00:00:00+00:00,613
199552,Andhra Pradesh,Andhra Pradesh,TIRUPATI,TIRUPATI,Tirupati(DISTRICT COLLECTOR TIRUPATI_IDA),Tirupati(DISTRICT COLLECTOR TIRUPATI_IDA),Normal/Others,Normal/Others,300000,Recommended,Recommended,2025-05-19T00:00:00.000Z,2025,Lok Sabha,18,0,True,299331,1,Construction of CC Open Drain with cover slab from Mekapilla Guravaiah house to gonu Thirupalaiah house at Akkurthy HW Ho Akkurthy GP in Srikalahasthi Mandal.,Construction of CC Open Drain with cover slab from Mekapilla Guravaiah house to gonu Thirupalaiah house at Akkurthy HW Ho Akkurthy GP in Srikalahasthi Mandal.,,Maddila Gurumoorthy,,TIRUPATI,300000,2025-05-19T00:00:00.000Z,2025-05-19 00:00:00+00:00,470
160022,Andhra Pradesh,Andhra Pradesh,NANDYAL,NANDYAL,Nandyal(DISTRICT COLLECTOR NANDYAL_IDA),Nandyal(DISTRICT COLLECTOR NANDYAL_IDA),Normal/Others,Normal/Others,500000,Recommended,Recommended,2024-12-20T00:00:00.000Z,2024,Lok Sabha,18,0,True,499912,1,New Formation of approach roads with Gravel surface from Nandyal BT Road to Allagadda polimera stone (allagadda rastha)   of Thalamudipi (V&GP) of  Midthur(M) in Nandyal District.,New Formation of approach roads with Gravel surface from Nandyal BT Road to Allagadda polimera stone (allagadda rastha)   of Thalamudipi (V&GP) of  Midthur(M) in Nandyal District.,,DR BYREDDY SHABARI,,NANDYAL,500000,2024-12-20T00:00:00.000Z,2024-12-20 00:00:00+00:00,620
160181,Andhra Pradesh,Andhra Pradesh,NANDYAL,NANDYAL,Nandyal(DISTRICT COLLECTOR NANDYAL_IDA),Nandyal(DISTRICT COLLECTOR NANDYAL_IDA),Normal/Others,Normal/Others,200000,Recommended,Recommended,2024-12-20T00:00:00.000Z,2024,Lok Sabha,18,0,True,159143,1,Construction of Compound wall to Burial Ground  (Bit 2) in Malyala village of Nandikotkur Mandal,Construction of Compound wall to Burial Ground  (Bit 2) in Malyala village of Nandikotkur Mandal,,DR BYREDDY SHABARI,,NANDYAL,200000,2024-12-20T00:00:00.000Z,2024-12-20 00:00:00+00:00,620
1409,Andhra Pradesh,Andhra Pradesh,TIRUPATI,TIRUPATI,Annamayya(DISTRICT COLLECTOR ANNAMAYYA_IDA),Annamayya(DISTRICT COLLECTOR ANNAMAYYA_IDA),Normal/Others,Normal/Others,450000,Recommended,Recommended,2025-06-28T00:00:00.000Z,2025,Lok Sabha,18,0,False,0,0,Providing Internal CC Road from Kuncham Srinivasulu House to Alakunta Venkata Subbamma House at Vadde Colony of H. Kothapalli GP of Rajampet Mandal.,Providing Internal CC Road from Kuncham Srinivasulu House to Alakunta Venkata Subbamma House at Vadde Colony of H. Kothapalli GP of Rajampet Mandal.,,Maddila Gurumoorthy,,TIRUPATI,450000,2025-06-28T00:00:00.000Z,2025-06-28 00:00:00+00:00,430
160201,Andhra Pradesh,Andhra Pradesh,NANDYAL,NANDYAL,Nandyal(DISTRICT COLLECTOR NANDYAL_IDA),Nandyal(DISTRICT COLLECTOR NANDYAL_IDA),Normal/Others,Normal/Others,500000,Recommended,Recommended,2024-12-20T00:00:00.000Z,2024,Lok Sabha,18,0,False,0,0,Providing  CC Road along with Drains from Sugali Venkateswarlu house to Anganwadi centre  in  Erragudur village H/O Pamulapadu of Pamulapadu Mandal,Providing  CC Road along with Drains from Sugali Venkateswarlu house to Anganwadi centre  in  Erragudur village H/O Pamulapadu of Pamulapadu Mandal,,DR BYREDDY SHABARI,,NANDYAL,500000,2024-12-20T00:00:00.000Z,2024-12-20 00:00:00+00:00,620
160207,Andhra Pradesh,Andhra Pradesh,NANDYAL,NANDYAL,Nandyal(DISTRICT COLLECTOR NANDYAL_IDA),Nandyal(DISTRICT COLLECTOR NANDYAL_IDA),Normal/Others,Normal/Others,500000,Recommended,Recommended,2024-12-20T00:00:00.000Z,2024,Lok Sabha,18,0,True,499856,1,"""CC Road along with Drains from Boya Pullaiah House to Masjid  in
Tarigopula(v) of J.Bunglow(M)""","""CC Road along with Drains from Boya Pullaiah House to Masjid  in
Tarigopula(v) of J.Bunglow(M)""",,DR BYREDDY SHABARI,,NANDYAL,500000,2024-12-20T00:00:00.000Z,2024-12-20 00:00:00+00:00,620
160291,Andhra Pradesh,Andhra Pradesh,NANDYAL,NANDYAL,Nandyal(DISTRICT COLLECTOR NANDYAL_IDA),Nandyal(DISTRICT COLLECTOR NANDYAL_IDA),Normal/Others,Normal/Others,500000,Recommended,Recommended,2024-12-20T00:00:00.000Z,2024,Lok Sabha,18,0,True,491698,1,Providing internal CC Road along with Drains Moulali (h) to Chakali Balanna(h)  in Pamulapadu(v)&(M),Providing internal CC Road along with Drains Moulali (h) to Chakali Balanna(h)  in Pamulapadu(v)&(M),,DR BYREDDY SHABARI,,NANDYAL,500000,2024-12-20T00:00:00.000Z,2024-12-20 00:00:00+00:00,620
160319,Andhra Pradesh,Andhra Pradesh,NANDYAL,NANDYAL,Nandyal(DISTRICT COLLECTOR NANDYAL_IDA),Nandyal(DISTRICT COLLECTOR NANDYAL_IDA),Normal/Others,Normal/Others,500000,Recommended,Recommended,2024-12-20T00:00:00.000Z,2024,Lok Sabha,18,0,False,0,0,Providing  CC Roads along with Drains and culverts in Byreddy Seshasayana Reddy Nagar and other areas of Parumanchala of  J.Bunglow Mandal.,Providing  CC Roads along with Drains and culverts in Byreddy Seshasayana Reddy Nagar and other areas of Parumanchala of  J.Bunglow Mandal.,,DR BYREDDY SHABARI,,NANDYAL,500000,2024-12-20T00:00:00.000Z,2024-12-20 00:00:00+00:00,620
1411,Andhra Pradesh,Andhra Pradesh,TIRUPATI,TIRUPATI,Annamayya(DISTRICT COLLECTOR ANNAMAYYA_IDA),Annamayya(DISTRICT COLLECTOR ANNAMAYYA_IDA),Normal/Others,Normal/Others,300000,Recommended,Recommended,2025-06-28T00:00:00.000Z,2025,Lok Sabha,18,0,False,0,0,Providing Internal CC Road from Choppa Narasa Reddy House to Meda Raghava Reddy House at Medavaripalli of H. Kothapalli GP of Rajampet Mandal.,Providing Internal CC Road from Choppa Narasa Reddy House to Meda Raghava Reddy House at Medavaripalli of H. Kothapalli GP of Rajampet Mandal.,,Maddila Gurumoorthy,,TIRUPATI,300000,2025-06-28T00:00:00.000Z,2025-06-28 00:00:00+00:00,430
160321,Andhra Pradesh,Andhra Pradesh,NANDYAL,NANDYAL,Nandyal(DISTRICT COLLECTOR NANDYAL_IDA),Nandyal(DISTRICT COLLECTOR NANDYAL_IDA),Normal/Others,Normal/Others,400000,Recommended,Recommended,2024-12-20T00:00:00.000Z,2024,Lok Sabha,18,0,True,385629,1,Providing  CC Roads along with Drains from  Peerla chavidi  to  Balaswamy house  in  of Tatipadu(v) of J.Bunglow Mandal.,Providing  CC Roads along with Drains from  Peerla chavidi  to  Balaswamy house  in  of Tatipadu(v) of J.Bunglow Mandal.,,DR BYREDDY SHABARI,,NANDYAL,400000,2024-12-20T00:00:00.000Z,2024-12-20 00:00:00+00:00,620
160323,Andhra Pradesh,Andhra Pradesh,NANDYAL,NANDYAL,Nandyal(DISTRICT COLLECTOR NANDYAL_IDA),Nandyal(DISTRICT COLLECTOR NANDYAL_IDA),Normal/Others,Normal/Others,400000,Recommended,Recommended,2024-12-20T00:00:00.000Z,2024,Lok Sabha,18,0,True,397325,1,Providing  CC Roads along with Drains from  Kammari Srinivasulu   to  S.C.Colony  in  Mandlem(v) of J.Bunglow Mandal.,Providing  CC Roads along with Drains from  Kammari Srinivasulu   to  S.C.Colony  in  Mandlem(v) of J.Bunglow Mandal.,,DR BYREDDY SHABARI,,NANDYAL,400000,2024-12-20T00:00:00.000Z,2024-12-20 00:00:00+00:00,620
188526,Andaman And Nicobar Islands,Andaman And Nicobar Islands,ANDAMAN AND NICOBAR ISLANDS,ANDAMAN AND NICOBAR ISLANDS,NORTH AND MIDDLE ANDAMAN(Implementing District Authority(N&MA)),NORTH AND MIDDLE ANDAMAN(Implementing District Authority(N&MA)),Normal/Others,Normal/Others,2096539,Recommended,Recommended,2025-04-01T00:00:00.000Z,2025,Lok Sabha,18,0,False,0,0,"Construction of Culvert near Bejoli Maiti house at Ward No.1, Madhupur Gram Panchayat, Diglipur","Construction of Culvert near Bejoli Maiti house at Ward No.1, Madhupur Gram Panchayat, Diglipur",,BISHNU PADA RAY,,ANDAMAN AND NICOBAR ISLANDS,2096539,2025-04-01T00:00:00.000Z,2025-04-01 00:00:00+00:00,518
161333,Andhra Pradesh,Andhra Pradesh,ARAKU,ARAKU,Alluri Sitharama Raju(DISTRICT COLLECTOR ALLURI SITHARAMARAJU_IDA),Alluri Sitharama Raju(DISTRICT COLLECTOR ALLURI SITHARAMARAJU_IDA),Normal/Others,Normal/Others,3000000,Recommended,Recommended,2024-12-27T00:00:00.000Z,2024,Lok Sabha,18,0,True,2997212,2,Construction of community centers and community halls,Construction of community centers and community halls,,Gumma Thanuja Rani,,ARAKU,3000000,2024-12-27T00:00:00.000Z,2024-12-27 00:00:00+00:00,613
161677,Andhra Pradesh,Andhra Pradesh,TIRUPATI,TIRUPATI,Tirupati(DISTRICT COLLECTOR TIRUPATI_IDA),Tirupati(DISTRICT COLLECTOR TIRUPATI_IDA),Normal/Others,Normal/Others,500000,Recommended,Recommended,2024-12-27T00:00:00.000Z,2024,Lok Sabha,18,0,False,0,0,Construction of Bus Shelter at Alathuru and Pattabhi colony road junction of BN Kandriga Mandal,Construction of Bus Shelter at Alathuru and Pattabhi colony road junction of BN Kandriga Mandal,,Maddila Gurumoorthy,,TIRUPATI,500000,2024-12-27T00:00:00.000Z,2024-12-27 00:00:00+00:00,613
1416,Andhra Pradesh,Andhra Pradesh,HINDUPUR,HINDUPUR,Ananthapuramu(DISTRICT COLLECTOR ANANTAPUR_IDA),Ananthapuramu(DISTRICT COLLECTOR ANANTAPUR_IDA),Repair and Renovation,Repair and Renovation,2500000,Recommended,Recommended,2025-07-01T00:00:00.000Z,2025,Lok Sabha,18,0,False,0,0,"Repairs to Community Hall (Kanakadasu Bhavan) near Indiramma colony at Sno. 169-2D, 169-2E. Garudapuram village of Kalyanadurg Mandal of Ananthapuramu district","Repairs to Community Hall (Kanakadasu Bhavan) near Indiramma colony at Sno. 169-2D, 169-2E. Garudapuram village of Kalyanadurg Mandal of Ananthapuramu district",,B K PARTHASARATHI,,HINDUPUR,2500000,2025-07-01T00:00:00.000Z,2025-07-01 00:00:00+00:00,427
161688,Andhra Pradesh,Andhra Pradesh,TIRUPATI,TIRUPATI,Tirupati(DISTRICT COLLECTOR TIRUPATI_IDA),Tirupati(DISTRICT COLLECTOR TIRUPATI_IDA),Normal/Others,Normal/Others,90000,Recommended,Recommended,2024-12-27T00:00:00.000Z,2024,Lok Sabha,18,0,False,0,0,Providing street lights and fixtures at Kondalacheruvu in Narayanavanam Mandal.,Providing street lights and fixtures at Kondalacheruvu in Narayanavanam Mandal.,,Maddila Gurumoorthy,,TIRUPATI,90000,2024-12-27T00:00:00.000Z,2024-12-27 00:00:00+00:00,613
135658,Andhra Pradesh,Andhra Pradesh,CHITTOOR,CHITTOOR,CHITTOOR(DISTRICT COLLECTOR CHITTOOR_IDA),CHITTOOR(DISTRICT COLLECTOR CHITTOOR_IDA),Normal/Others,Normal/Others,2000000,Recommended,Recommended,2024-08-13T00:00:00.000Z,2024,Lok Sabha,18,0,True,1753337,1,BT Road from Aragonda Main Road to Kondrajukalava Village and GP in Thavanampalli Mandal of Puthalapattu Constituency.,BT Road from Aragonda Main Road to Kondrajukalava Village and GP in Thavanampalli Mandal of Puthalapattu Constituency.,,DAGGUMALLA PRASADA RAO,,CHITTOOR,2000000,2024-08-13T00:00:00.000Z,2024-08-13 00:00:00+00:00,749
161690,Andhra Pradesh,Andhra Pradesh,TIRUPATI,TIRUPATI,Tirupati(DISTRICT COLLECTOR TIRUPATI_IDA),Tirupati(DISTRICT COLLECTOR TIRUPATI_IDA),Normal/Others,Normal/Others,90000,Recommended,Recommended,2024-12-27T00:00:00.000Z,2024,Lok Sabha,18,0,False,0,0,Providing street lights and fixtures at Thiruvatyam in Narayanavanam Mandal.,Providing street lights and fixtures at Thiruvatyam in Narayanavanam Mandal.,,Maddila Gurumoorthy,,TIRUPATI,90000,2024-12-27T00:00:00.000Z,2024-12-27 00:00:00+00:00,613
830,Andhra Pradesh,Andhra Pradesh,ELURU,ELURU,Kakinada(DISTRICT COLLECTOR KAKINADA_IDA),Kakinada(DISTRICT COLLECTOR KAKINADA_IDA),Normal/Others,Normal/Others,2500000,Recommended,Recommended,2024-09-09T00:00:00.000Z,2024,Lok Sabha,18,0,False,0,0,"Construction of Veterinary Hospital at A.V. Nagaram village of Thondangi mandal, Kakinada district.","Construction of Veterinary Hospital at A.V. Nagaram village of Thondangi mandal, Kakinada district.",,Putta Mahesh Kumar,,ELURU,2500000,2024-09-09T00:00:00.000Z,2024-09-09 00:00:00+00:00,722
161692,Andhra Pradesh,Andhra Pradesh,TIRUPATI,TIRUPATI,Tirupati(DISTRICT COLLECTOR TIRUPATI_IDA),Tirupati(DISTRICT COLLECTOR TIRUPATI_IDA),Normal/Others,Normal/Others,50000,Recommended,Recommended,2024-12-27T00:00:00.000Z,2024,Lok Sabha,18,0,False,0,0,Providing street lights and fixtures at Bramhanathangal in Narayanavanam Mandal.,Providing street lights and fixtures at Bramhanathangal in Narayanavanam Mandal.,,Maddila Gurumoorthy,,TIRUPATI,50000,2024-12-27T00:00:00.000Z,2024-12-27 00:00:00+00:00,613
135771,Andhra Pradesh,Andhra Pradesh,KADAPA,KADAPA,Y.S.R. Kadapa(DISTRICT COLLECTOR CUDDAPAH_IDA),Y.S.R. Kadapa(DISTRICT COLLECTOR CUDDAPAH_IDA),Normal/Others,Normal/Others,496000,Recommended,Recommended,2024-08-20T00:00:00.000Z,2024,Lok Sabha,18,0,False,0,0,"Laying of inspection track from Km 2.260 to km 2.900 of Cherlopalli Minor of Gurijala distributory near Bidinamcherla (V) of Simhadripuram (M), YSR District","Laying of inspection track from Km 2.260 to km 2.900 of Cherlopalli Minor of Gurijala distributory near Bidinamcherla (V) of Simhadripuram (M), YSR District",,Y S Avinash Reddy,,KADAPA,496000,2024-08-20T00:00:00.000Z,2024-08-20 00:00:00+00:00,742
161694,Andhra Pradesh,Andhra Pradesh,TIRUPATI,TIRUPATI,Tirupati(DISTRICT COLLECTOR TIRUPATI_IDA),Tirupati(DISTRICT COLLECTOR TIRUPATI_IDA),Normal/Others,Normal/Others,90000,Recommended,Recommended,2024-12-27T00:00:00.000Z,2024,Lok Sabha,18,0,False,0,0,Providing street lights and fixtures at G N Khandriga  in Narayanavanam Mandal.,Providing street lights and fixtures at G N Khandriga  in Narayanavanam Mandal.,,Maddila Gurumoorthy,,TIRUPATI,90000,2024-12-27T00:00:00.000Z,2024-12-27 00:00:00+00:00,613
1429,Andhra Pradesh,Andhra Pradesh,RAJAMPET,RAJAMPET,Tirupati(DISTRICT COLLECTOR TIRUPATI_IDA),Tirupati(DISTRICT COLLECTOR TIRUPATI_IDA),Normal/Others,Normal/Others,500000,Recommended,Recommended,2025-07-06T00:00:00.000Z,2025,Lok Sabha,18,0,False,0,0,Providing RO Plant in Janga Vandla Palli Village and GP,Providing RO Plant in Janga Vandla Palli Village and GP,,Midhun Reddy,,RAJAMPET,500000,2025-07-06T00:00:00.000Z,2025-07-06 00:00:00+00:00,422
161696,Andhra Pradesh,Andhra Pradesh,TIRUPATI,TIRUPATI,Tirupati(DISTRICT COLLECTOR TIRUPATI_IDA),Tirupati(DISTRICT COLLECTOR TIRUPATI_IDA),Normal/Others,Normal/Others,90000,Recommended,Recommended,2024-12-27T00:00:00.000Z,2024,Lok Sabha,18,0,False,0,0,Providing street lights and fixtures at Thumbur in Narayanavanam Mandal.,Providing street lights and fixtures at Thumbur in Narayanavanam Mandal.,,Maddila Gurumoorthy,,TIRUPATI,90000,2024-12-27T00:00:00.000Z,2024-12-27 00:00:00+00:00,613
137081,Andhra Pradesh,Andhra Pradesh,ELURU,ELURU,Eluru(DISTRICT COLLECTOR ELURU_IDA),Eluru(DISTRICT COLLECTOR ELURU_IDA),Normal/Others,Normal/Others,400000,Recommended,Recommended,2024-08-26T00:00:00.000Z,2024,Lok Sabha,18,0,False,0,0,Providing Laboratory equipment to Physical Science/Biological Science/Mathematics and Social Studies.,Providing Laboratory equipment to Physical Science/Biological Science/Mathematics and Social Studies.,,Putta Mahesh Kumar,,ELURU,400000,2024-08-26T00:00:00.000Z,2024-08-26 00:00:00+00:00,736
161698,Andhra Pradesh,Andhra Pradesh,TIRUPATI,TIRUPATI,Tirupati(DISTRICT COLLECTOR TIRUPATI_IDA),Tirupati(DISTRICT COLLECTOR TIRUPATI_IDA),Normal/Others,Normal/Others,90000,Recommended,Recommended,2024-12-27T00:00:00.000Z,2024,Lok Sabha,18,0,False,0,0,Providing street lights and fixtures at Paalamangalam North in Narayanavanam Mandal.,Providing street lights and fixtures at Paalamangalam North in Narayanavanam Mandal.,,Maddila Gurumoorthy,,TIRUPATI,90000,2024-12-27T00:00:00.000Z,2024-12-27 00:00:00+00:00,613
161700,Andhra Pradesh,Andhra Pradesh,TIRUPATI,TIRUPATI,Tirupati(DISTRICT COLLECTOR TIRUPATI_IDA),Tirupati(DISTRICT COLLECTOR TIRUPATI_IDA),Normal/Others,Normal/Others,50000,Recommended,Recommended,2024-12-27T00:00:00.000Z,2024,Lok Sabha,18,0,False,0,0,Providing street lights and fixtures at Samudayam  in Narayanavanam Mandal.,Providing street lights and fixtures at Samudayam  in Narayanavanam Mandal.,,Maddila Gurumoorthy,,TIRUPATI,50000,2024-12-27T00:00:00.000Z,2024-12-27 00:00:00+00:00,613
140141,Andhra Pradesh,Andhra Pradesh,MACHILIPATNAM,MACHILIPATNAM,KRISHNA(DISTRICT COLLECTOR KRISHNA_IDA),KRISHNA(DISTRICT COLLECTOR KRISHNA_IDA),Normal/Others,Normal/Others,297000,Recommended,Recommended,2024-09-10T00:00:00.000Z,2024,Lok Sabha,18,0,False,0,0,mprovement of electrical distribution infrastructure at Ullipalem of Koduru Mandal in Krishna District,mprovement of electrical distribution infrastructure at Ullipalem of Koduru Mandal in Krishna District,,Balashowry Vallabbhaneni,,MACHILIPATNAM,297000,2024-09-10T00:00:00.000Z,2024-09-10 00:00:00+00:00,721
161702,Andhra Pradesh,Andhra Pradesh,TIRUPATI,TIRUPATI,Tirupati(DISTRICT COLLECTOR TIRUPATI_IDA),Tirupati(DISTRICT COLLECTOR TIRUPATI_IDA),Normal/Others,Normal/Others,90000,Recommended,Recommended,2024-12-27T00:00:00.000Z,2024,Lok Sabha,18,0,False,0,0,Providing street lights and fixtures at Kasimitta in Narayanavanam Mandal.,Providing street lights and fixtures at Kasimitta in Narayanavanam Mandal.,,Maddila Gurumoorthy,,TIRUPATI,90000,2024-12-27T00:00:00.000Z,2024-12-27 00:00:00+00:00,613
1431,Andhra Pradesh,Andhra Pradesh,RAJAMPET,RAJAMPET,Y.S.R. Kadapa(DISTRICT COLLECTOR CUDDAPAH_IDA),Y.S.R. Kadapa(DISTRICT COLLECTOR CUDDAPAH_IDA),Normal/Others,Normal/Others,500000,Recommended,Recommended,2025-07-06T00:00:00.000Z,2025,Lok Sabha,18,0,False,0,0,Construction of Pipe Culvert and Approach Roads in Vontimitta Village and GP,Construction of Pipe Culvert and Approach Roads in Vontimitta Village and GP,,Midhun Reddy,,RAJAMPET,500000,2025-07-06T00:00:00.000Z,2025-07-06 00:00:00+00:00,422
161704,Andhra Pradesh,Andhra Pradesh,TIRUPATI,TIRUPATI,Tirupati(DISTRICT COLLECTOR TIRUPATI_IDA),Tirupati(DISTRICT COLLECTOR TIRUPATI_IDA),Normal/Others,Normal/Others,424000,Recommended,Recommended,2024-12-27T00:00:00.000Z,2024,Lok Sabha,18,0,True,423883,1,"Providing of Electricity distribution infrastructure to Chenchuraaju Kandriga Village, Ramapuram Village, Pichatur Mandal.","Providing of Electricity distribution infrastructure to Chenchuraaju Kandriga Village, Ramapuram Village, Pichatur Mandal.",,Maddila Gurumoorthy,,TIRUPATI,424000,2024-12-27T00:00:00.000Z,2024-12-27 00:00:00+00:00,613
140144,Andhra Pradesh,Andhra Pradesh,MACHILIPATNAM,MACHILIPATNAM,KRISHNA(DISTRICT COLLECTOR KRISHNA_IDA),KRISHNA(DISTRICT COLLECTOR KRISHNA_IDA),Normal/Others,Normal/Others,896000,Recommended,Recommended,2024-09-10T00:00:00.000Z,2024,Lok Sabha,18,0,True,896000,1,"Purchase of Real time micro PCR system for cancer van at GGH, Machilipatnam","Purchase of Real time micro PCR system for cancer van at GGH, Machilipatnam",,Balashowry Vallabbhaneni,,MACHILIPATNAM,896000,2024-09-10T00:00:00.000Z,2024-09-10 00:00:00+00:00,721
161706,Andhra Pradesh,Andhra Pradesh,TIRUPATI,TIRUPATI,Tirupati(DISTRICT COLLECTOR TIRUPATI_IDA),Tirupati(DISTRICT COLLECTOR TIRUPATI_IDA),Normal/Others,Normal/Others,100000,Recommended,Recommended,2024-12-27T00:00:00.000Z,2024,Lok Sabha,18,0,True,96394,1,"Providing of Electricity distribution infrastructure to Ramapuram Jagananna Colony Ramapuram Village, Pichatur Mandal.","Providing of Electricity distribution infrastructure to Ramapuram Jagananna Colony Ramapuram Village, Pichatur Mandal.",,Maddila Gurumoorthy,,TIRUPATI,100000,2024-12-27T00:00:00.000Z,2024-12-27 00:00:00+00:00,613
898,Andhra Pradesh,Andhra Pradesh,TIRUPATI,TIRUPATI,Annamayya(DISTRICT COLLECTOR ANNAMAYYA_IDA),Annamayya(DISTRICT COLLECTOR ANNAMAYYA_IDA),Normal/Others,Normal/Others,288926,Recommended,Recommended,2024-11-02T00:00:00.000Z,2024,Lok Sabha,18,0,False,0,0,"Construction of CC road from Ramulavari Gudi to Jandaman in A.Puthanavari Palli (V), Anantha samudram G.P.in Pullampeta Mandal.","Construction of CC road from Ramulavari Gudi to Jandaman in A.Puthanavari Palli (V), Anantha samudram G.P.in Pullampeta Mandal.",,Maddila Gurumoorthy,,TIRUPATI,288926,2024-11-02T00:00:00.000Z,2024-11-02 00:00:00+00:00,668
161708,Andhra Pradesh,Andhra Pradesh,TIRUPATI,TIRUPATI,Tirupati(DISTRICT COLLECTOR TIRUPATI_IDA),Tirupati(DISTRICT COLLECTOR TIRUPATI_IDA),Normal/Others,Normal/Others,256000,Recommended,Recommended,2024-12-27T00:00:00.000Z,2024,Lok Sabha,18,0,True,255918,1,"Providing of Electricity distribution infrastructure to Kothagallu kandriga Village Mudiyur Gram Panchayat, Pichatur Mandal.","Providing of Electricity distribution infrastructure to Kothagallu kandriga Village Mudiyur Gram Panchayat, Pichatur Mandal.",,Maddila Gurumoorthy,,TIRUPATI,256000,2024-12-27T00:00:00.000Z,2024-12-27 00:00:00+00:00,613
140439,Andhra Pradesh,Andhra Pradesh,KADAPA,KADAPA,Y.S.R. Kadapa(DISTRICT COLLECTOR CUDDAPAH_IDA),Y.S.R. Kadapa(DISTRICT COLLECTOR CUDDAPAH_IDA),Normal/Others,Normal/Others,400000,Recommended,Recommended,2024-09-12T00:00:00.000Z,2024,Lok Sabha,18,0,False,0,0,"Newly Established Govt. Degree College for women, pulivendula YSR District to provide infra & Instuctional facilities to the college ex:- Dual  Desks & Desktopos.","Newly Established Govt. Degree College for women, pulivendula YSR District to provide infra & Instuctional facilities to the college ex:- Dual  Desks & Desktopos.",,Y S Avinash Reddy,,KADAPA,400000,2024-09-12T00:00:00.000Z,2024-09-12 00:00:00+00:00,719
161710,Andhra Pradesh,Andhra Pradesh,TIRUPATI,TIRUPATI,Tirupati(DISTRICT COLLECTOR TIRUPATI_IDA),Tirupati(DISTRICT COLLECTOR TIRUPATI_IDA),Normal/Others,Normal/Others,123000,Recommended,Recommended,2024-12-27T00:00:00.000Z,2024,Lok Sabha,18,0,True,122138,1,"Providing of Electricity distribution infrastructure to TK Puram HW Mudiyur Gram Panchayat, Pichatur Mandal.","Providing of Electricity distribution infrastructure to TK Puram HW Mudiyur Gram Panchayat, Pichatur Mandal.",,Maddila Gurumoorthy,,TIRUPATI,123000,2024-12-27T00:00:00.000Z,2024-12-27 00:00:00+00:00,613
1488,Andhra Pradesh,Andhra Pradesh,ANANTAPUR,ANANTAPUR,Sri Sathya Sai(DISTRICT COLLECTOR SRI SATHYA SAI_IDA),Sri Sathya Sai(DISTRICT COLLECTOR SRI SATHYA SAI_IDA),Normal/Others,Normal/Others,500000,Recommended,Recommended,2025-08-06T00:00:00.000Z,2025,Lok Sabha,18,0,False,0,0,"Construction of Compound wall to Community hall at 14th ward, Hindupur","Construction of Compound wall to Community hall at 14th ward, Hindupur",,AMBICA G LAKSHMINARAYANA VALMIKI,,ANANTAPUR,500000,2025-08-06T00:00:00.000Z,2025-08-06 00:00:00+00:00,391
161712,Andhra Pradesh,Andhra Pradesh,TIRUPATI,TIRUPATI,Tirupati(DISTRICT COLLECTOR TIRUPATI_IDA),Tirupati(DISTRICT COLLECTOR TIRUPATI_IDA),Normal/Others,Normal/Others,100000,Recommended,Recommended,2024-12-27T00:00:00.000Z,2024,Lok Sabha,18,0,True,54176,1,"Providing of Electricity distribution infrastructure to Adivisankara Puram, Pichatur Mandal.","Providing of Electricity distribution infrastructure to Adivisankara Puram, Pichatur Mandal.",,Maddila Gurumoorthy,,TIRUPATI,100000,2024-12-27T00:00:00.000Z,2024-12-27 00:00:00+00:00,613
141507,Andhra Pradesh,Andhra Pradesh,CHITTOOR,CHITTOOR,CHITTOOR(DISTRICT COLLECTOR CHITTOOR_IDA),CHITTOOR(DISTRICT COLLECTOR CHITTOOR_IDA),Normal/Others,Normal/Others,600000,Recommended,Recommended,2024-09-18T00:00:00.000Z,2024,Lok Sabha,18,0,True,562848,2,"Minor Repairs to Govt. SW Girls Hostel at Thagguvaripalle, Bangarupalem Mandal of Puthalapattu Constituency.","Minor Repairs to Govt. SW Girls Hostel at Thagguvaripalle, Bangarupalem Mandal of Puthalapattu Constituency.",,DAGGUMALLA PRASADA RAO,,CHITTOOR,600000,2024-09-18T00:00:00.000Z,2024-09-18 00:00:00+00:00,713
161717,Andhra Pradesh,Andhra Pradesh,TIRUPATI,TIRUPATI,Tirupati(DISTRICT COLLECTOR TIRUPATI_IDA),Tirupati(DISTRICT COLLECTOR TIRUPATI_IDA),Normal/Others,Normal/Others,90000,Recommended,Recommended,2024-12-27T00:00:00.000Z,2024,Lok Sabha,18,0,False,0,0,Providing street lights and fixtures at Rapallevada in Satyavedu Mandal.,Providing street lights and fixtures at Rapallevada in Satyavedu Mandal.,,Maddila Gurumoorthy,,TIRUPATI,90000,2024-12-27T00:00:00.000Z,2024-12-27 00:00:00+00:00,613
161714,Andhra Pradesh,Andhra Pradesh,TIRUPATI,TIRUPATI,Tirupati(DISTRICT COLLECTOR TIRUPATI_IDA),Tirupati(DISTRICT COLLECTOR TIRUPATI_IDA),Normal/Others,Normal/Others,90000,Recommended,Recommended,2024-12-27T00:00:00.000Z,2024,Lok Sabha,18,0,False,0,0,"Providing street lights and fixtures at kolladam panchayat, Satyavedu Mandal.","Providing street lights and fixtures at kolladam panchayat, Satyavedu Mandal.",,Maddila Gurumoorthy,,TIRUPATI,90000,2024-12-27T00:00:00.000Z,2024-12-27 00:00:00+00:00,613
142933,Andhra Pradesh,Andhra Pradesh,CHITTOOR,CHITTOOR,CHITTOOR(DISTRICT COLLECTOR CHITTOOR_IDA),CHITTOOR(DISTRICT COLLECTOR CHITTOOR_IDA),Normal/Others,Normal/Others,350000,Recommended,Recommended,2024-09-23T00:00:00.000Z,2024,Lok Sabha,18,0,True,317387,2,"Construction of Bus Shelter in Thotavaripalli Village of Ayyappagari (GP), Puthalapattu Mandal of Puthalapattu Constituency","Construction of Bus Shelter in Thotavaripalli Village of Ayyappagari (GP), Puthalapattu Mandal of Puthalapattu Constituency",,DAGGUMALLA PRASADA RAO,,CHITTOOR,350000,2024-09-23T00:00:00.000Z,2024-09-23 00:00:00+00:00,708
161719,Andhra Pradesh,Andhra Pradesh,TIRUPATI,TIRUPATI,Tirupati(DISTRICT COLLECTOR TIRUPATI_IDA),Tirupati(DISTRICT COLLECTOR TIRUPATI_IDA),Normal/Others,Normal/Others,180000,Recommended,Recommended,2024-12-27T00:00:00.000Z,2024,Lok Sabha,18,0,False,0,0,Providing street lights and fixtures at Rajagopala Puram in Satyavedu Mandal.,Providing street lights and fixtures at Rajagopala Puram in Satyavedu Mandal.,,Maddila Gurumoorthy,,TIRUPATI,180000,2024-12-27T00:00:00.000Z,2024-12-27 00:00:00+00:00,613
1490,Andhra Pradesh,Andhra Pradesh,ARAKU,ARAKU,"EAST GODAVARI(DISTRICT COLLECTOR, EAST GODAVARI)","EAST GODAVARI(DISTRICT COLLECTOR, EAST GODAVARI)",Normal/Others,Normal/Others,500000,Recommended,Recommended,2025-08-07T00:00:00.000Z,2025,Lok Sabha,18,0,False,0,0,construction of cc road from nh16 road to kallepali venkataraju site of konthamuru,construction of cc road from nh16 road to kallepali venkataraju site of konthamuru,,Gumma Thanuja Rani,,ARAKU,500000,2025-08-07T00:00:00.000Z,2025-08-07 00:00:00+00:00,390
161722,Andhra Pradesh,Andhra Pradesh,TIRUPATI,TIRUPATI,Tirupati(DISTRICT COLLECTOR TIRUPATI_IDA),Tirupati(DISTRICT COLLECTOR TIRUPATI_IDA),Normal/Others,Normal/Others,100000,Recommended,Recommended,2024-12-27T00:00:00.000Z,2024,Lok Sabha,18,0,False,0,0,Providing street lights and fixtures at Gudalavaari Pallem in Varadaiahpalem Mandal.,Providing street lights and fixtures at Gudalavaari Pallem in Varadaiahpalem Mandal.,,Maddila Gurumoorthy,,TIRUPATI,100000,2024-12-27T00:00:00.000Z,2024-12-27 00:00:00+00:00,613
143985,Andhra Pradesh,Andhra Pradesh,NARASARAOPET,NARASARAOPET,GUNTUR(DISTRICT COLLECTOR GUNTUR_IDA),GUNTUR(DISTRICT COLLECTOR GUNTUR_IDA),Normal/Others,Normal/Others,416758,Recommended,Recommended,2024-09-27T00:00:00.000Z,2024,Lok Sabha,18,0,True,416758,1,Fixing of New Connection & additional load in ESI Hospital Nadimpalem village of Prathipadu Mandal of Guntur District.,Fixing of New Connection & additional load in ESI Hospital Nadimpalem village of Prathipadu Mandal of Guntur District.,,Lavu Sri Krishna Devarayalu,,NARASARAOPET,416758,2024-09-27T00:00:00.000Z,2024-09-27 00:00:00+00:00,704
161724,Andhra Pradesh,Andhra Pradesh,TIRUPATI,TIRUPATI,Tirupati(DISTRICT COLLECTOR TIRUPATI_IDA),Tirupati(DISTRICT COLLECTOR TIRUPATI_IDA),Normal/Others,Normal/Others,100000,Recommended,Recommended,2024-12-27T00:00:00.000Z,2024,Lok Sabha,18,0,False,0,0,Providing street lights and fixtures at arudur in Varadaiahpalem Mandal.,Providing street lights and fixtures at arudur in Varadaiahpalem Mandal.,,Maddila Gurumoorthy,,TIRUPATI,100000,2024-12-27T00:00:00.000Z,2024-12-27 00:00:00+00:00,613
900,Andhra Pradesh,Andhra Pradesh,TIRUPATI,TIRUPATI,Annamayya(DISTRICT COLLECTOR ANNAMAYYA_IDA),Annamayya(DISTRICT COLLECTOR ANNAMAYYA_IDA),Normal/Others,Normal/Others,399479,Recommended,Recommended,2024-11-02T00:00:00.000Z,2024,Lok Sabha,18,0,False,0,0,Construction of CC road from Raju house to Sivalayam in Pullampeta G.P.& Mandal.,Construction of CC road from Raju house to Sivalayam in Pullampeta G.P.& Mandal.,,Maddila Gurumoorthy,,TIRUPATI,399479,2024-11-02T00:00:00.000Z,2024-11-02 00:00:00+00:00,668
161727,Andhra Pradesh,Andhra Pradesh,TIRUPATI,TIRUPATI,Tirupati(DISTRICT COLLECTOR TIRUPATI_IDA),Tirupati(DISTRICT COLLECTOR TIRUPATI_IDA),Normal/Others,Normal/Others,180000,Recommended,Recommended,2024-12-27T00:00:00.000Z,2024,Lok Sabha,18,0,False,0,0,Providing street lights and fixtures at Santha Vellore in Varadaiahpalem Mandal.,Providing street lights and fixtures at Santha Vellore in Varadaiahpalem Mandal.,,Maddila Gurumoorthy,,TIRUPATI,180000,2024-12-27T00:00:00.000Z,2024-12-27 00:00:00+00:00,613
146050,Andhra Pradesh,Andhra Pradesh,KADAPA,KADAPA,Y.S.R. Kadapa(DISTRICT COLLECTOR CUDDAPAH_IDA),Y.S.R. Kadapa(DISTRICT COLLECTOR CUDDAPAH_IDA),Normal/Others,Normal/Others,200000,Recommended,Recommended,2024-10-08T00:00:00.000Z,2024,Lok Sabha,18,0,False,0,0,CONSTRUCTION OF COMPOUND WALL at Muslim Burial ground in Podadurthy V & GP of Kamalapuram (M) IN Y.S.R KADAPA District.,CONSTRUCTION OF COMPOUND WALL at Muslim Burial ground in Podadurthy V & GP of Kamalapuram (M) IN Y.S.R KADAPA District.,,Y S Avinash Reddy,,KADAPA,200000,2024-10-08T00:00:00.000Z,2024-10-08 00:00:00+00:00,693
161732,Andhra Pradesh,Andhra Pradesh,TIRUPATI,TIRUPATI,Tirupati(DISTRICT COLLECTOR TIRUPATI_IDA),Tirupati(DISTRICT COLLECTOR TIRUPATI_IDA),Normal/Others,Normal/Others,90000,Recommended,Recommended,2024-12-27T00:00:00.000Z,2024,Lok Sabha,18,0,False,0,0,Providing street lights and fixtures at Yanadivettu Panchayath in Varadhaiahpalem Mandal.,Providing street lights and fixtures at Yanadivettu Panchayath in Varadhaiahpalem Mandal.,,Maddila Gurumoorthy,,TIRUPATI,90000,2024-12-27T00:00:00.000Z,2024-12-27 00:00:00+00:00,613
161734,Andhra Pradesh,Andhra Pradesh,TIRUPATI,TIRUPATI,Tirupati(DISTRICT COLLECTOR TIRUPATI_IDA),Tirupati(DISTRICT COLLECTOR TIRUPATI_IDA),Normal/Others,Normal/Others,90000,Recommended,Recommended,2024-12-27T00:00:00.000Z,2024,Lok Sabha,18,0,False,0,0,Providing street lights and fixtures at Varadaiahpalem in Varadhaiahpalem Mandal.,Providing street lights and fixtures at Varadaiahpalem in Varadhaiahpalem Mandal.,,Maddila Gurumoorthy,,TIRUPATI,90000,2024-12-27T00:00:00.000Z,2024-12-27 00:00:00+00:00,613
146052,Andhra Pradesh,Andhra Pradesh,KADAPA,KADAPA,Y.S.R. Kadapa(DISTRICT COLLECTOR CUDDAPAH_IDA),Y.S.R. Kadapa(DISTRICT COLLECTOR CUDDAPAH_IDA),Normal/Others,Normal/Others,500000,Recommended,Recommended,2024-10-08T00:00:00.000Z,2024,Lok Sabha,18,0,False,0,0,Construction of gravel road from guda PRABHAKAR REDDY Fields to KUPPALA RAVI Fields Nagireddypalli habitation buggalapalli (GP) of Chain Thakomma Dinne mandal,Construction of gravel road from guda PRABHAKAR REDDY Fields to KUPPALA RAVI Fields Nagireddypalli habitation buggalapalli (GP) of Chain Thakomma Dinne mandal,,Y S Avinash Reddy,,KADAPA,500000,2024-10-08T00:00:00.000Z,2024-10-08 00:00:00+00:00,693
161793,Andhra Pradesh,Andhra Pradesh,NANDYAL,NANDYAL,Nandyal(DISTRICT COLLECTOR NANDYAL_IDA),Nandyal(DISTRICT COLLECTOR NANDYAL_IDA),Normal/Others,Normal/Others,500000,Recommended,Recommended,2024-12-28T00:00:00.000Z,2024,Lok Sabha,18,0,False,0,0,"2. Development of Yellavathula Village Road to Sivamma House in B.C. Colony of Kotakonda Village, Rudravaram Mandal
Construction aimed at strengthening road connectivity within the village, improving mobility and accessibility for the residents.","2. Development of Yellavathula Village Road to Sivamma House in B.C. Colony of Kotakonda Village, Rudravaram Mandal
Construction aimed at strengthening road connectivity within the village, improving mobility and accessibility for the residents.",,DR BYREDDY SHABARI,,NANDYAL,500000,2024-12-28T00:00:00.000Z,2024-12-28 00:00:00+00:00,612
162086,Andhra Pradesh,Andhra Pradesh,NANDYAL,NANDYAL,Nandyal(DISTRICT COLLECTOR NANDYAL_IDA),Nandyal(DISTRICT COLLECTOR NANDYAL_IDA),Normal/Others,Normal/Others,500000,Recommended,Recommended,2024-12-28T00:00:00.000Z,2024,Lok Sabha,18,0,False,0,0,"Providing CC road from Anganwadi School to Sanjeevarayudu's house and other lanes in Erragudur (v)Hamlet of Pamulapadu Mandal to improve road connectivity, ensure safer pedestrian access, and enhance infrastructure for the benefit of residents and community services","Providing CC road from Anganwadi School to Sanjeevarayudu's house and other lanes in Erragudur (v)Hamlet of Pamulapadu Mandal to improve road connectivity, ensure safer pedestrian access, and enhance infrastructure for the benefit of residents and community services",,DR BYREDDY SHABARI,,NANDYAL,500000,2024-12-28T00:00:00.000Z,2024-12-28 00:00:00+00:00,612
146054,Andhra Pradesh,Andhra Pradesh,KADAPA,KADAPA,Y.S.R. Kadapa(DISTRICT COLLECTOR CUDDAPAH_IDA),Y.S.R. Kadapa(DISTRICT COLLECTOR CUDDAPAH_IDA),Normal/Others,Normal/Others,200000,Recommended,Recommended,2024-10-08T00:00:00.000Z,2024,Lok Sabha,18,0,False,0,0,Improvements to their gravel road from N Bala Obalah Fields to M Gangadarreddy fields in Machanuru Village of Machanuru GP of Pendlimarri Mandal,Improvements to their gravel road from N Bala Obalah Fields to M Gangadarreddy fields in Machanuru Village of Machanuru GP of Pendlimarri Mandal,,Y S Avinash Reddy,,KADAPA,200000,2024-10-08T00:00:00.000Z,2024-10-08 00:00:00+00:00,693
162215,Andhra Pradesh,Andhra Pradesh,HINDUPUR,HINDUPUR,Ananthapuramu(DISTRICT COLLECTOR ANANTAPUR_IDA),Ananthapuramu(DISTRICT COLLECTOR ANANTAPUR_IDA),Normal/Others,Normal/Others,1000000,Recommended,Recommended,2024-12-29T00:00:00.000Z,2024,Lok Sabha,18,0,False,0,0,Construction of community hall in Sno.203 B. Yaleru village Atmakuru (M),Construction of community hall in Sno.203 B. Yaleru village Atmakuru (M),,B K PARTHASARATHI,,HINDUPUR,1000000,2024-12-29T00:00:00.000Z,2024-12-29 00:00:00+00:00,611
162476,Andhra Pradesh,Andhra Pradesh,GUNTUR,GUNTUR,GUNTUR(DISTRICT COLLECTOR GUNTUR_IDA),GUNTUR(DISTRICT COLLECTOR GUNTUR_IDA),Normal/Others,Normal/Others,200000,Recommended,Recommended,2024-12-30T00:00:00.000Z,2024,Lok Sabha,18,0,False,0,0,Construction of retaining wall near Foot over bridge in Morampudi(V) of Duggirala(M),Construction of retaining wall near Foot over bridge in Morampudi(V) of Duggirala(M),,Dr Chandra Sekhar Pemmasani,,GUNTUR,200000,2024-12-30T00:00:00.000Z,2024-12-30 00:00:00+00:00,610
146056,Andhra Pradesh,Andhra Pradesh,KADAPA,KADAPA,Y.S.R. Kadapa(DISTRICT COLLECTOR CUDDAPAH_IDA),Y.S.R. Kadapa(DISTRICT COLLECTOR CUDDAPAH_IDA),Normal/Others,Normal/Others,250000,Recommended,Recommended,2024-10-08T00:00:00.000Z,2024,Lok Sabha,18,0,False,0,0,"Completion of incompleted YSR Health clinic in Yallareddypalli (V)&(GP) of Kamalapuram (M), of Kadapa (DIST).","Completion of incompleted YSR Health clinic in Yallareddypalli (V)&(GP) of Kamalapuram (M), of Kadapa (DIST).",,Y S Avinash Reddy,,KADAPA,250000,2024-10-08T00:00:00.000Z,2024-10-08 00:00:00+00:00,693
163085,Andhra Pradesh,Andhra Pradesh,HINDUPUR,HINDUPUR,Sri Sathya Sai(DISTRICT COLLECTOR SRI SATHYA SAI_IDA),Sri Sathya Sai(DISTRICT COLLECTOR SRI SATHYA SAI_IDA),Normal/Others,Normal/Others,500000,Recommended,Recommended,2025-01-04T00:00:00.000Z,2025,Lok Sabha,18,0,False,0,0,construction of road from kanisettiipalli to burial ground,construction of road from kanisettiipalli to burial ground,,B K PARTHASARATHI,,HINDUPUR,500000,2025-01-04T00:00:00.000Z,2025-01-04 00:00:00+00:00,605
902,Andhra Pradesh,Andhra Pradesh,TIRUPATI,TIRUPATI,Annamayya(DISTRICT COLLECTOR ANNAMAYYA_IDA),Annamayya(DISTRICT COLLECTOR ANNAMAYYA_IDA),Normal/Others,Normal/Others,389748,Recommended,Recommended,2024-11-02T00:00:00.000Z,2024,Lok Sabha,18,0,False,0,0,Construction of Ramulavari Gudi to R& B Road A.Oedipally (V) Anantha Samudram G.P.in Pullampeta Mandal.,Construction of Ramulavari Gudi to R& B Road A.Oedipally (V) Anantha Samudram G.P.in Pullampeta Mandal.,,Maddila Gurumoorthy,,TIRUPATI,389748,2024-11-02T00:00:00.000Z,2024-11-02 00:00:00+00:00,668
163088,Andhra Pradesh,Andhra Pradesh,HINDUPUR,HINDUPUR,Sri Sathya Sai(DISTRICT COLLECTOR SRI SATHYA SAI_IDA),Sri Sathya Sai(DISTRICT COLLECTOR SRI SATHYA SAI_IDA),Normal/Others,Normal/Others,500000,Recommended,Recommended,2025-01-04T00:00:00.000Z,2025,Lok Sabha,18,0,False,0,0,construction of road from T.D palli cross to obulapuram(v) reach-2,construction of road from T.D palli cross to obulapuram(v) reach-2,,B K PARTHASARATHI,,HINDUPUR,500000,2025-01-04T00:00:00.000Z,2025-01-04 00:00:00+00:00,605
146760,Andhra Pradesh,Andhra Pradesh,CHITTOOR,CHITTOOR,CHITTOOR(DISTRICT COLLECTOR CHITTOOR_IDA),CHITTOOR(DISTRICT COLLECTOR CHITTOOR_IDA),Normal/Others,Normal/Others,390000,Recommended,Recommended,2024-10-11T00:00:00.000Z,2024,Lok Sabha,18,0,False,0,0,OHSR Tank Minor repairs at Gadduru H/o. Battuvaripalle GP of Ramakuppam Mandal.,OHSR Tank Minor repairs at Gadduru H/o. Battuvaripalle GP of Ramakuppam Mandal.,,DAGGUMALLA PRASADA RAO,,CHITTOOR,390000,2024-10-11T00:00:00.000Z,2024-10-11 00:00:00+00:00,690
163112,Andhra Pradesh,Andhra Pradesh,SRIKAKULAM,SRIKAKULAM,SRIKAKULAM(District Collector Srikakulam_IDA),SRIKAKULAM(District Collector Srikakulam_IDA),Normal/Others,Normal/Others,500000,Recommended,Recommended,2025-01-02T00:00:00.000Z,2025,Lok Sabha,18,0,False,0,0,Providing Power Bore at Kothwal Street in Ward No.24 of Palasa  Kasibugga Municipality,Providing Power Bore at Kothwal Street in Ward No.24 of Palasa  Kasibugga Municipality,,Kinjarapu Ram Mohan Naidu,,SRIKAKULAM,500000,2025-01-02T00:00:00.000Z,2025-01-02 00:00:00+00:00,607
163124,Andhra Pradesh,Andhra Pradesh,SRIKAKULAM,SRIKAKULAM,SRIKAKULAM(District Collector Srikakulam_IDA),SRIKAKULAM(District Collector Srikakulam_IDA),Normal/Others,Normal/Others,650000,Recommended,Recommended,2025-01-02T00:00:00.000Z,2025,Lok Sabha,18,0,False,0,0,Construction of Toilets Block in ZPH School in Peddavanka village of Vajrapukothuru mandal,Construction of Toilets Block in ZPH School in Peddavanka village of Vajrapukothuru mandal,,Kinjarapu Ram Mohan Naidu,,SRIKAKULAM,650000,2025-01-02T00:00:00.000Z,2025-01-02 00:00:00+00:00,607
146762,Andhra Pradesh,Andhra Pradesh,CHITTOOR,CHITTOOR,CHITTOOR(DISTRICT COLLECTOR CHITTOOR_IDA),CHITTOOR(DISTRICT COLLECTOR CHITTOOR_IDA),Normal/Others,Normal/Others,500000,Recommended,Recommended,2024-10-11T00:00:00.000Z,2024,Lok Sabha,18,0,True,499898,2,Construction of Compound wall to SC Community Hall (Phase-I) at Mallanuru H/o. Mallanuru GP of Kuppam Mandal.,Construction of Compound wall to SC Community Hall (Phase-I) at Mallanuru H/o. Mallanuru GP of Kuppam Mandal.,,DAGGUMALLA PRASADA RAO,,CHITTOOR,500000,2024-10-11T00:00:00.000Z,2024-10-11 00:00:00+00:00,690
163212,Andhra Pradesh,Andhra Pradesh,SRIKAKULAM,SRIKAKULAM,SRIKAKULAM(District Collector Srikakulam_IDA),SRIKAKULAM(District Collector Srikakulam_IDA),Normal/Others,Normal/Others,1500000,Recommended,Recommended,2025-01-02T00:00:00.000Z,2025,Lok Sabha,18,0,False,0,0,"Construction of Anganwadi building at Chinadugam village, Jalumuru mandal","Construction of Anganwadi building at Chinadugam village, Jalumuru mandal",,Kinjarapu Ram Mohan Naidu,,SRIKAKULAM,1500000,2025-01-02T00:00:00.000Z,2025-01-02 00:00:00+00:00,607
212474,Andaman And Nicobar Islands,Andaman And Nicobar Islands,ANDAMAN AND NICOBAR ISLANDS,ANDAMAN AND NICOBAR ISLANDS,SOUTH ANDAMANS(Implementing District Authority(SA)),SOUTH ANDAMANS(Implementing District Authority(SA)),Normal/Others,Normal/Others,2756289,Recommended,Recommended,2025-06-25T00:00:00.000Z,2025,Lok Sabha,18,0,True,2288461,1,Con. of  black top road between main road near Govind Dutta House to Satsang Kendra for a length of 120 mtrs. Sub-work Con. of  Cement road for 120 mtrs.,Con. of  black top road between main road near Govind Dutta House to Satsang Kendra for a length of 120 mtrs. Sub-work Con. of  Cement road for 120 mtrs.,,BISHNU PADA RAY,,ANDAMAN AND NICOBAR ISLANDS,2756289,2025-06-25T00:00:00.000Z,2025-06-25 00:00:00+00:00,433
163217,Andhra Pradesh,Andhra Pradesh,SRIKAKULAM,SRIKAKULAM,SRIKAKULAM(District Collector Srikakulam_IDA),SRIKAKULAM(District Collector Srikakulam_IDA),Normal/Others,Normal/Others,800000,Recommended,Recommended,2025-01-02T00:00:00.000Z,2025,Lok Sabha,18,0,False,0,0,"Construction of Bus Shelter building at Rallapadu village, Polaki mandal","Construction of Bus Shelter building at Rallapadu village, Polaki mandal",,Kinjarapu Ram Mohan Naidu,,SRIKAKULAM,800000,2025-01-02T00:00:00.000Z,2025-01-02 00:00:00+00:00,607
147043,Andhra Pradesh,Andhra Pradesh,RAJAMPET,RAJAMPET,CHITTOOR(DISTRICT COLLECTOR CHITTOOR_IDA),CHITTOOR(DISTRICT COLLECTOR CHITTOOR_IDA),Normal/Others,Normal/Others,500000,Recommended,Recommended,2024-10-14T00:00:00.000Z,2024,Lok Sabha,18,0,False,0,0,"Construction of Community Hall Near DCC Bank Street, Sodam","Construction of Community Hall Near DCC Bank Street, Sodam",,Midhun Reddy,,RAJAMPET,500000,2024-10-14T00:00:00.000Z,2024-10-14 00:00:00+00:00,687
163224,Andhra Pradesh,Andhra Pradesh,SRIKAKULAM,SRIKAKULAM,SRIKAKULAM(District Collector Srikakulam_IDA),SRIKAKULAM(District Collector Srikakulam_IDA),Normal/Others,Normal/Others,1000000,Recommended,Recommended,2025-01-02T00:00:00.000Z,2025,Lok Sabha,18,0,True,382515,1,"Construction of Burial Ground Shed, Burning Cot and Bore well at Kasimvalasa in 4th Ward, Amadalavalasa Municipality","Construction of Burial Ground Shed, Burning Cot and Bore well at Kasimvalasa in 4th Ward, Amadalavalasa Municipality",,Kinjarapu Ram Mohan Naidu,,SRIKAKULAM,1000000,2025-01-02T00:00:00.000Z,2025-01-02 00:00:00+00:00,607
163284,Andhra Pradesh,Andhra Pradesh,ANANTAPUR,ANANTAPUR,Ananthapuramu(DISTRICT COLLECTOR ANANTAPUR_IDA),Ananthapuramu(DISTRICT COLLECTOR ANANTAPUR_IDA),Normal/Others,Normal/Others,500000,Recommended,Recommended,2025-01-02T00:00:00.000Z,2025,Lok Sabha,18,0,False,0,0,Providing Bus Sheltar at Kasapuram of Guntakal mandal,Providing Bus Sheltar at Kasapuram of Guntakal mandal,,AMBICA G LAKSHMINARAYANA VALMIKI,,ANANTAPUR,500000,2025-01-02T00:00:00.000Z,2025-01-02 00:00:00+00:00,607
147046,Andhra Pradesh,Andhra Pradesh,RAJAMPET,RAJAMPET,Annamayya(DISTRICT COLLECTOR ANNAMAYYA_IDA),Annamayya(DISTRICT COLLECTOR ANNAMAYYA_IDA),Normal/Others,Normal/Others,300000,Recommended,Recommended,2024-10-14T00:00:00.000Z,2024,Lok Sabha,18,0,False,0,0,Formation of the Road from Tanguturu R&B Road at Aadapur Diguva HW to J Subramanyam fields in Aadapur (H&G.P),Formation of the Road from Tanguturu R&B Road at Aadapur Diguva HW to J Subramanyam fields in Aadapur (H&G.P),,Midhun Reddy,,RAJAMPET,300000,2024-10-14T00:00:00.000Z,2024-10-14 00:00:00+00:00,687
163291,Andhra Pradesh,Andhra Pradesh,ANANTAPUR,ANANTAPUR,Ananthapuramu(DISTRICT COLLECTOR ANANTAPUR_IDA),Ananthapuramu(DISTRICT COLLECTOR ANANTAPUR_IDA),Normal/Others,Normal/Others,4000000,Recommended,Recommended,2025-01-02T00:00:00.000Z,2025,Lok Sabha,18,0,True,3944844,3,"Construction of new building Vishranthi Dhamam (Male block) at Govt., General Hospital, Ananthapuramu","Construction of new building Vishranthi Dhamam (Male block) at Govt., General Hospital, Ananthapuramu",,AMBICA G LAKSHMINARAYANA VALMIKI,,ANANTAPUR,4000000,2025-01-02T00:00:00.000Z,2025-01-02 00:00:00+00:00,607
932,Andhra Pradesh,Andhra Pradesh,NANDYAL,NANDYAL,KURNOOL(DISTRICT COLLECTOR KURNOOL_IDA),KURNOOL(DISTRICT COLLECTOR KURNOOL_IDA),Normal/Others,Normal/Others,500000,Recommended,Recommended,2024-12-09T00:00:00.000Z,2024,Lok Sabha,18,0,False,0,0,"providing CC Road alongwith drains from Lakshmi Reddy to Krishna Reddy house, Guttapadu Village of Orvakal Mandal.","providing CC Road alongwith drains from Lakshmi Reddy to Krishna Reddy house, Guttapadu Village of Orvakal Mandal.",,DR BYREDDY SHABARI,,NANDYAL,500000,2024-12-09T00:00:00.000Z,2024-12-09 00:00:00+00:00,631
163576,Andhra Pradesh,Andhra Pradesh,ONGOLE,ONGOLE,PRAKASAM(DISTRICT COLLECTOR PRAKASAM_IDA),PRAKASAM(DISTRICT COLLECTOR PRAKASAM_IDA),Normal/Others,Normal/Others,1000000,Recommended,Recommended,2025-01-05T00:00:00.000Z,2025,Lok Sabha,18,0,True,992801,1,"Construction of Cultural Hall near P.V.R. Boys Municipal High School, Ongole","Construction of Cultural Hall near P.V.R. Boys Municipal High School, Ongole",,Magunta Sreenivasulu Reddy,,ONGOLE,1000000,2025-01-05T00:00:00.000Z,2025-01-05 00:00:00+00:00,604
147534,Andhra Pradesh,Andhra Pradesh,KADAPA,KADAPA,Y.S.R. Kadapa(DISTRICT COLLECTOR CUDDAPAH_IDA),Y.S.R. Kadapa(DISTRICT COLLECTOR CUDDAPAH_IDA),Normal/Others,Normal/Others,95403,Recommended,Recommended,2024-10-16T00:00:00.000Z,2024,Lok Sabha,18,0,False,0,0,"Providing PVC Pipes 49 2/30 Inches to B.N.Thanda Village,K.Yerragudi  in CK peta Mandal","Providing PVC Pipes 49 2/30 Inches to B.N.Thanda Village,K.Yerragudi  in CK peta Mandal",,Y S Avinash Reddy,,KADAPA,95403,2024-10-16T00:00:00.000Z,2024-10-16 00:00:00+00:00,685
163760,Andhra Pradesh,Andhra Pradesh,AMALAPURAM,AMALAPURAM,Dr. B.R. Ambedkar Konaseema(DISTRICT COLLECTOR Dr B R AMBEDKAR KONASEEMA_IDA),Dr. B.R. Ambedkar Konaseema(DISTRICT COLLECTOR Dr B R AMBEDKAR KONASEEMA_IDA),Normal/Others,Normal/Others,7000000,Recommended,Recommended,2025-01-06T00:00:00.000Z,2025,Lok Sabha,18,0,False,0,0,Construction of CC Drain along R and B Road near P Gannavaram Junction towards Main Drain in P Gannavaram Village and Mandal,Construction of CC Drain along R and B Road near P Gannavaram Junction towards Main Drain in P Gannavaram Village and Mandal,,GM Harish Balayogi,,AMALAPURAM,7000000,2025-01-06T00:00:00.000Z,2025-01-06 00:00:00+00:00,603
147536,Andhra Pradesh,Andhra Pradesh,KADAPA,KADAPA,Y.S.R. Kadapa(DISTRICT COLLECTOR CUDDAPAH_IDA),Y.S.R. Kadapa(DISTRICT COLLECTOR CUDDAPAH_IDA),Normal/Others,Normal/Others,69738,Recommended,Recommended,2024-10-16T00:00:00.000Z,2024,Lok Sabha,18,0,False,0,0,"Providing 15 GA Pipes cable to Moolapalli, Maddikavandlapalli  in CK peta Mandal","Providing 15 GA Pipes cable to Moolapalli, Maddikavandlapalli  in CK peta Mandal",,Y S Avinash Reddy,,KADAPA,69738,2024-10-16T00:00:00.000Z,2024-10-16 00:00:00+00:00,685
175556,Andaman And Nicobar Islands,Andaman And Nicobar Islands,ANDAMAN AND NICOBAR ISLANDS,ANDAMAN AND NICOBAR ISLANDS,SOUTH ANDAMANS(Implementing District Authority(SA)),SOUTH ANDAMANS(Implementing District Authority(SA)),Repair and Renovation,Repair and Renovation,4947034,Recommended,Recommended,2025-02-14T00:00:00.000Z,2025,Lok Sabha,18,0,True,3655060,1,"Repair and renovation of road from CPWD complex, Ranchi Tikrey Dairyfarm to Fisheries Quarter, Port Blair","Repair and renovation of road from CPWD complex, Ranchi Tikrey Dairyfarm to Fisheries Quarter, Port Blair",,BISHNU PADA RAY,,ANDAMAN AND NICOBAR ISLANDS,4947034,2025-02-14T00:00:00.000Z,2025-02-14 00:00:00+00:00,564
175561,Andaman And Nicobar Islands,Andaman And Nicobar Islands,ANDAMAN AND NICOBAR ISLANDS,ANDAMAN AND NICOBAR ISLANDS,SOUTH ANDAMANS(Implementing District Authority(SA)),SOUTH ANDAMANS(Implementing District Authority(SA)),Normal/Others,Normal/Others,1498887,Recommended,Recommended,2025-02-14T00:00:00.000Z,2025,Lok Sabha,18,0,True,1189292,1,"Construction of CC Motorable road between Govt. Primary School and Shri SK Singh house at Garacharma, Ward No.18, Port Blair","Construction of CC Motorable road between Govt. Primary School and Shri SK Singh house at Garacharma, Ward No.18, Port Blair",,BISHNU PADA RAY,,ANDAMAN AND NICOBAR ISLANDS,1498887,2025-02-14T00:00:00.000Z,2025-02-14 00:00:00+00:00,564
188528,Andaman And Nicobar Islands,Andaman And Nicobar Islands,ANDAMAN AND NICOBAR ISLANDS,ANDAMAN AND NICOBAR ISLANDS,SOUTH ANDAMANS(Implementing District Authority(SA)),SOUTH ANDAMANS(Implementing District Authority(SA)),Normal/Others,Normal/Others,1320600,Recommended,Recommended,2025-04-01T00:00:00.000Z,2025,Lok Sabha,18,0,True,803540,1,"Construction of CC drain from CPWD quarters to Fisheries Quarters via Sree Shaktivel Murugan Temple for a length of 350 mtrs at Ranci Tikrey, Dairy Farm, Ward No.9, SVP.","Construction of CC drain from CPWD quarters to Fisheries Quarters via Sree Shaktivel Murugan Temple for a length of 350 mtrs at Ranci Tikrey, Dairy Farm, Ward No.9, SVP.",,BISHNU PADA RAY,,ANDAMAN AND NICOBAR ISLANDS,1320600,2025-04-01T00:00:00.000Z,2025-04-01 00:00:00+00:00,518
899,Andhra Pradesh,Andhra Pradesh,TIRUPATI,TIRUPATI,Annamayya(DISTRICT COLLECTOR ANNAMAYYA_IDA),Annamayya(DISTRICT COLLECTOR ANNAMAYYA_IDA),Normal/Others,Normal/Others,390388,Recommended,Recommended,2024-11-02T00:00:00.000Z,2024,Lok Sabha,18,0,False,0,0,"Construction of CC Road D. Narayana house to R&B road in Pullareddy Palli H/W (V), Anantha Samudram G.P. in Pullampeta Mandal.","Construction of CC Road D. Narayana house to R&B road in Pullareddy Palli H/W (V), Anantha Samudram G.P. in Pullampeta Mandal.",,Maddila Gurumoorthy,,TIRUPATI,390388,2024-11-02T00:00:00.000Z,2024-11-02 00:00:00+00:00,668
1489,Andhra Pradesh,Andhra Pradesh,ARAKU,ARAKU,"EAST GODAVARI(DISTRICT COLLECTOR, EAST GODAVARI)","EAST GODAVARI(DISTRICT COLLECTOR, EAST GODAVARI)",Normal/Others,Normal/Others,500000,Recommended,Recommended,2025-08-07T00:00:00.000Z,2025,Lok Sabha,18,0,False,0,0,construction of cc road from n16 road to kallepali venkataraju site of konthamuru,construction of cc road from n16 road to kallepali venkataraju site of konthamuru,,Gumma Thanuja Rani,,ARAKU,500000,2025-08-07T00:00:00.000Z,2025-08-07 00:00:00+00:00,390
141551,Andhra Pradesh,Andhra Pradesh,CHITTOOR,CHITTOOR,Tirupati(DISTRICT COLLECTOR TIRUPATI_IDA),Tirupati(DISTRICT COLLECTOR TIRUPATI_IDA),Normal/Others,Normal/Others,490000,Recommended,Recommended,2024-09-18T00:00:00.000Z,2024,Lok Sabha,18,0,False,0,0,"Construction of WBM Road from Jimkalamitta SC Colony to Snam alloys Pvt. Link road at Jimkalamitta Village, Damalacheruvu GP of Pakala Mandal, Chandragiri Constituency.","Construction of WBM Road from Jimkalamitta SC Colony to Snam alloys Pvt. Link road at Jimkalamitta Village, Damalacheruvu GP of Pakala Mandal, Chandragiri Constituency.",,DAGGUMALLA PRASADA RAO,,CHITTOOR,490000,2024-09-18T00:00:00.000Z,2024-09-18 00:00:00+00:00,713
161715,Andhra Pradesh,Andhra Pradesh,TIRUPATI,TIRUPATI,Tirupati(DISTRICT COLLECTOR TIRUPATI_IDA),Tirupati(DISTRICT COLLECTOR TIRUPATI_IDA),Normal/Others,Normal/Others,180000,Recommended,Recommended,2024-12-27T00:00:00.000Z,2024,Lok Sabha,18,0,False,0,0,Providing street lights and fixtures at Irugulam in Satyavedu Mandal.,Providing street lights and fixtures at Irugulam in Satyavedu Mandal.,,Maddila Gurumoorthy,,TIRUPATI,180000,2024-12-27T00:00:00.000Z,2024-12-27 00:00:00+00:00,613
219426,Andhra Pradesh,Andhra Pradesh,GUNTUR,GUNTUR,GUNTUR(DISTRICT COLLECTOR GUNTUR_IDA),GUNTUR(DISTRICT COLLECTOR GUNTUR_IDA),Normal/Others,Normal/Others,1500000,Recommended,Recommended,2025-08-10T00:00:00.000Z,2025,Lok Sabha,18,0,False,0,0,"Construction of Karmashala Building in Pedanandipadu (V) (M), Guntur District","Construction of Karmashala Building in Pedanandipadu (V) (M), Guntur District",,Dr Chandra Sekhar Pemmasani,,GUNTUR,1500000,2025-08-10T00:00:00.000Z,2025-08-10 00:00:00+00:00,387
148283,Andhra Pradesh,Andhra Pradesh,KADAPA,KADAPA,Y.S.R. Kadapa(DISTRICT COLLECTOR CUDDAPAH_IDA),Y.S.R. Kadapa(DISTRICT COLLECTOR CUDDAPAH_IDA),Normal/Others,Normal/Others,495000,Recommended,Recommended,2024-10-20T00:00:00.000Z,2024,Lok Sabha,18,0,False,0,0,Formation of Road upto Gravel Surface from Ramireddypalli village to K.Venkatapuram of Kondapuram Mandal,Formation of Road upto Gravel Surface from Ramireddypalli village to K.Venkatapuram of Kondapuram Mandal,,Y S Avinash Reddy,,KADAPA,495000,2024-10-20T00:00:00.000Z,2024-10-20 00:00:00+00:00,681
219430,Andhra Pradesh,Andhra Pradesh,GUNTUR,GUNTUR,GUNTUR(DISTRICT COLLECTOR GUNTUR_IDA),GUNTUR(DISTRICT COLLECTOR GUNTUR_IDA),Normal/Others,Normal/Others,1000000,Recommended,Recommended,2025-08-10T00:00:00.000Z,2025,Lok Sabha,18,0,True,571993,1,"Providing additional Amenities to community hall in BC locality of Anumarlapudi (V) of Pedakakani(M), Guntur District","Providing additional Amenities to community hall in BC locality of Anumarlapudi (V) of Pedakakani(M), Guntur District",,Dr Chandra Sekhar Pemmasani,,GUNTUR,1000000,2025-08-10T00:00:00.000Z,2025-08-10 00:00:00+00:00,387
163872,Andhra Pradesh,Andhra Pradesh,TIRUPATI,TIRUPATI,Tirupati(DISTRICT COLLECTOR TIRUPATI_IDA),Tirupati(DISTRICT COLLECTOR TIRUPATI_IDA),Normal/Others,Normal/Others,80000,Recommended,Recommended,2025-01-08T00:00:00.000Z,2025,Lok Sabha,18,0,False,0,0,Providing Street lights  and fixtures in Kurinjalam in Varadaiahpalem Mandal.,Providing Street lights  and fixtures in Kurinjalam in Varadaiahpalem Mandal.,,Maddila Gurumoorthy,,TIRUPATI,80000,2025-01-08T00:00:00.000Z,2025-01-08 00:00:00+00:00,601
220734,Andhra Pradesh,Andhra Pradesh,ANAKAPALLE,ANAKAPALLE,Anakapalli(DISTRICT COLLECTOR ANAKAPALLI_IDA),Anakapalli(DISTRICT COLLECTOR ANAKAPALLI_IDA),Normal/Others,Normal/Others,4000000,Recommended,Recommended,2025-07-21T00:00:00.000Z,2025,Lok Sabha,18,0,True,2404378,2,Construction of class rooms (Arts Group) to Govt. Degree College of V.Madugula village and mandal  of Anakapalli District,Construction of class rooms (Arts Group) to Govt. Degree College of V.Madugula village and mandal  of Anakapalli District,,C.M.RAMESH,,ANAKAPALLE,4000000,2025-07-21T00:00:00.000Z,2025-07-21 00:00:00+00:00,407
220739,Andhra Pradesh,Andhra Pradesh,ANAKAPALLE,ANAKAPALLE,Anakapalli(DISTRICT COLLECTOR ANAKAPALLI_IDA),Anakapalli(DISTRICT COLLECTOR ANAKAPALLI_IDA),Normal/Others,Normal/Others,2000000,Recommended,Recommended,2025-07-21T00:00:00.000Z,2025,Lok Sabha,18,0,True,1222344,1,Construction of Office room cum toilets to Govt. Degree College of V.Madugula Village and Mandal of Anakapalli District,Construction of Office room cum toilets to Govt. Degree College of V.Madugula Village and Mandal of Anakapalli District,,C.M.RAMESH,,ANAKAPALLE,2000000,2025-07-21T00:00:00.000Z,2025-07-21 00:00:00+00:00,407
163874,Andhra Pradesh,Andhra Pradesh,TIRUPATI,TIRUPATI,Tirupati(DISTRICT COLLECTOR TIRUPATI_IDA),Tirupati(DISTRICT COLLECTOR TIRUPATI_IDA),Normal/Others,Normal/Others,80000,Recommended,Recommended,2025-01-08T00:00:00.000Z,2025,Lok Sabha,18,0,False,0,0,Providing Street lights  and fixtures in Kancharlapalem in Varadaiahpalem Mandal.,Providing Street lights  and fixtures in Kancharlapalem in Varadaiahpalem Mandal.,,Maddila Gurumoorthy,,TIRUPATI,80000,2025-01-08T00:00:00.000Z,2025-01-08 00:00:00+00:00,601
222848,Andhra Pradesh,Andhra Pradesh,TIRUPATI,TIRUPATI,Tirupati(DISTRICT COLLECTOR TIRUPATI_IDA),Tirupati(DISTRICT COLLECTOR TIRUPATI_IDA),Normal/Others,Normal/Others,1160000,Recommended,Recommended,2025-08-19T00:00:00.000Z,2025,Lok Sabha,18,0,True,1122524,1,Laying of CC Road from D.No.7-3-704 to D.No.7-3-717 in NTR Colony at 13th Ward of Sullurupeta Municipality.,Laying of CC Road from D.No.7-3-704 to D.No.7-3-717 in NTR Colony at 13th Ward of Sullurupeta Municipality.,,Maddila Gurumoorthy,,TIRUPATI,1160000,2025-08-19T00:00:00.000Z,2025-08-19 00:00:00+00:00,378
148902,Andhra Pradesh,Andhra Pradesh,TIRUPATI,TIRUPATI,Tirupati(DISTRICT COLLECTOR TIRUPATI_IDA),Tirupati(DISTRICT COLLECTOR TIRUPATI_IDA),Normal/Others,Normal/Others,500000,Recommended,Recommended,2024-10-21T00:00:00.000Z,2024,Lok Sabha,18,0,False,0,0,Construction of CC Open Drains with cover slabs from G. Penchulamma House to M. Bathaiah House at Bandarupalli S.T. Colony H/O Bandarupalli GP in Yerpedu Mandal.,Construction of CC Open Drains with cover slabs from G. Penchulamma House to M. Bathaiah House at Bandarupalli S.T. Colony H/O Bandarupalli GP in Yerpedu Mandal.,,Maddila Gurumoorthy,,TIRUPATI,500000,2024-10-21T00:00:00.000Z,2024-10-21 00:00:00+00:00,680
223121,Andhra Pradesh,Andhra Pradesh,TIRUPATI,TIRUPATI,Tirupati(DISTRICT COLLECTOR TIRUPATI_IDA),Tirupati(DISTRICT COLLECTOR TIRUPATI_IDA),Normal/Others,Normal/Others,500000,Recommended,Recommended,2025-08-19T00:00:00.000Z,2025,Lok Sabha,18,0,False,0,0,Construction of Internal CC Road from P.Mangaiah house to P.Sudha House at Santhavellore West HW in Santhavellore GP of Varadhaiahpalem Mandal.,Construction of Internal CC Road from P.Mangaiah house to P.Sudha House at Santhavellore West HW in Santhavellore GP of Varadhaiahpalem Mandal.,,Maddila Gurumoorthy,,TIRUPATI,500000,2025-08-19T00:00:00.000Z,2025-08-19 00:00:00+00:00,378
163876,Andhra Pradesh,Andhra Pradesh,TIRUPATI,TIRUPATI,Tirupati(DISTRICT COLLECTOR TIRUPATI_IDA),Tirupati(DISTRICT COLLECTOR TIRUPATI_IDA),Normal/Others,Normal/Others,80000,Recommended,Recommended,2025-01-08T00:00:00.000Z,2025,Lok Sabha,18,0,False,0,0,Providing Street lights  and fixtures in Matherimitta in Varadaiahpalem Mandal.,Providing Street lights  and fixtures in Matherimitta in Varadaiahpalem Mandal.,,Maddila Gurumoorthy,,TIRUPATI,80000,2025-01-08T00:00:00.000Z,2025-01-08 00:00:00+00:00,601
223551,Andhra Pradesh,Andhra Pradesh,BAPATLA,BAPATLA,Bapatla(DISTRICT COLLECTOR BAPATLA_IDA),Bapatla(DISTRICT COLLECTOR BAPATLA_IDA),Normal/Others,Normal/Others,400000,Recommended,Recommended,2025-08-16T00:00:00.000Z,2025,Lok Sabha,18,0,False,0,0,"Construction of GLSR in ST Colony along with borewell in Nagarajupalli Village, Martur Mandal, Bapatla district","Construction of GLSR in ST Colony along with borewell in Nagarajupalli Village, Martur Mandal, Bapatla district",,Krishna Prasad Tenneti,,BAPATLA,400000,2025-08-16T00:00:00.000Z,2025-08-16 00:00:00+00:00,381
962,Andhra Pradesh,Andhra Pradesh,NANDYAL,NANDYAL,KURNOOL(DISTRICT COLLECTOR KURNOOL_IDA),KURNOOL(DISTRICT COLLECTOR KURNOOL_IDA),Repair and Renovation,Repair and Renovation,500000,Recommended,Recommended,2024-12-15T00:00:00.000Z,2024,Lok Sabha,18,0,False,0,0,"Repairs to the sluice of Appala Reddy Cheruvu in Palakolanu Village, Orvakal Mandal. The proposed work includes restoration and strengthening of the sluice structure to ensure proper water flow management, prevent leakage, and enhance the irrigation potential of the tank, benefiting the local agricultural community.","Repairs to the sluice of Appala Reddy Cheruvu in Palakolanu Village, Orvakal Mandal. The proposed work includes restoration and strengthening of the sluice structure to ensure proper water flow management, prevent leakage, and enhance the irrigation potential of the tank, benefiting the local agricultural community.",,DR BYREDDY SHABARI,,NANDYAL,500000,2024-12-15T00:00:00.000Z,2024-12-15 00:00:00+00:00,625
223553,Andhra Pradesh,Andhra Pradesh,BAPATLA,BAPATLA,Bapatla(DISTRICT COLLECTOR BAPATLA_IDA),Bapatla(DISTRICT COLLECTOR BAPATLA_IDA),Normal/Others,Normal/Others,900000,Recommended,Recommended,2025-08-16T00:00:00.000Z,2025,Lok Sabha,18,0,False,0,0,"Providing RO Plant with infrastructure at Yedari madigapalle H o Garnepudi GP, Parchur Mandal","Providing RO Plant with infrastructure at Yedari madigapalle H o Garnepudi GP, Parchur Mandal",,Krishna Prasad Tenneti,,BAPATLA,900000,2025-08-16T00:00:00.000Z,2025-08-16 00:00:00+00:00,381
164721,Andhra Pradesh,Andhra Pradesh,AMALAPURAM,AMALAPURAM,Dr. B.R. Ambedkar Konaseema(DISTRICT COLLECTOR Dr B R AMBEDKAR KONASEEMA_IDA),Dr. B.R. Ambedkar Konaseema(DISTRICT COLLECTOR Dr B R AMBEDKAR KONASEEMA_IDA),Normal/Others,Normal/Others,500000,Recommended,Recommended,2025-01-10T00:00:00.000Z,2025,Lok Sabha,18,0,True,499449,1,Providing WBM Road near R and B Road towards Serella Reddy house in Pallamambika Nagara at Vanapallli Village,Providing WBM Road near R and B Road towards Serella Reddy house in Pallamambika Nagara at Vanapallli Village,,GM Harish Balayogi,,AMALAPURAM,500000,2025-01-10T00:00:00.000Z,2025-01-10 00:00:00+00:00,599
223836,Andhra Pradesh,Andhra Pradesh,ANANTAPUR,ANANTAPUR,Ananthapuramu(DISTRICT COLLECTOR ANANTAPUR_IDA),Ananthapuramu(DISTRICT COLLECTOR ANANTAPUR_IDA),Normal/Others,Normal/Others,1000000,Recommended,Recommended,2025-07-31T00:00:00.000Z,2025,Lok Sabha,18,0,True,408727,1,"Construction of Community hall at Ambedkar Nagar, 21st Division, Ananthapuramu","Construction of Community hall at Ambedkar Nagar, 21st Division, Ananthapuramu",,AMBICA G LAKSHMINARAYANA VALMIKI,,ANANTAPUR,1000000,2025-07-31T00:00:00.000Z,2025-07-31 00:00:00+00:00,397
149400,Andhra Pradesh,Andhra Pradesh,ELURU,ELURU,Eluru(DISTRICT COLLECTOR ELURU_IDA),Eluru(DISTRICT COLLECTOR ELURU_IDA),Normal/Others,Normal/Others,3204000,Recommended,Recommended,2024-10-25T00:00:00.000Z,2024,Lok Sabha,18,0,True,3198733,2,"Construction of Resting Barracks with attached wash rooms for Women in the District Police Office, Eluru","Construction of Resting Barracks with attached wash rooms for Women in the District Police Office, Eluru",,Putta Mahesh Kumar,,ELURU,3204000,2024-10-25T00:00:00.000Z,2024-10-25 00:00:00+00:00,676
223838,Andhra Pradesh,Andhra Pradesh,ANANTAPUR,ANANTAPUR,Ananthapuramu(DISTRICT COLLECTOR ANANTAPUR_IDA),Ananthapuramu(DISTRICT COLLECTOR ANANTAPUR_IDA),Repair and Renovation,Repair and Renovation,1000000,Recommended,Recommended,2025-07-31T00:00:00.000Z,2025,Lok Sabha,18,0,True,557347,1,Completion of Incomplete Community Hall at J.Venkatampalli village of Gummagatta Mandal,Completion of Incomplete Community Hall at J.Venkatampalli village of Gummagatta Mandal,,AMBICA G LAKSHMINARAYANA VALMIKI,,ANANTAPUR,1000000,2025-07-31T00:00:00.000Z,2025-07-31 00:00:00+00:00,397
166045,Andhra Pradesh,Andhra Pradesh,TIRUPATI,TIRUPATI,Tirupati(DISTRICT COLLECTOR TIRUPATI_IDA),Tirupati(DISTRICT COLLECTOR TIRUPATI_IDA),Normal/Others,Normal/Others,500000,Recommended,Recommended,2025-01-17T00:00:00.000Z,2025,Lok Sabha,18,0,False,0,0,Providing underground Drainage system with 360 mm Dia NP3 pipes from C. Chengaiah house to V Ramadevi house in Vaddaimitta H.o Kothaveerapuram G.P. in Yerpedu Mandal.,Providing underground Drainage system with 360 mm Dia NP3 pipes from C. Chengaiah house to V Ramadevi house in Vaddaimitta H.o Kothaveerapuram G.P. in Yerpedu Mandal.,,Maddila Gurumoorthy,,TIRUPATI,500000,2025-01-17T00:00:00.000Z,2025-01-17 00:00:00+00:00,592
223841,Andhra Pradesh,Andhra Pradesh,ANANTAPUR,ANANTAPUR,Ananthapuramu(DISTRICT COLLECTOR ANANTAPUR_IDA),Ananthapuramu(DISTRICT COLLECTOR ANANTAPUR_IDA),Normal/Others,Normal/Others,500000,Recommended,Recommended,2025-07-31T00:00:00.000Z,2025,Lok Sabha,18,0,False,0,0,"Providing New source Pumpset and Pipeline at Gunjepalli (V), Narpala (M)","Providing New source Pumpset and Pipeline at Gunjepalli (V), Narpala (M)",,AMBICA G LAKSHMINARAYANA VALMIKI,,ANANTAPUR,500000,2025-07-31T00:00:00.000Z,2025-07-31 00:00:00+00:00,397
223843,Andhra Pradesh,Andhra Pradesh,ANANTAPUR,ANANTAPUR,Ananthapuramu(DISTRICT COLLECTOR ANANTAPUR_IDA),Ananthapuramu(DISTRICT COLLECTOR ANANTAPUR_IDA),Normal/Others,Normal/Others,1000000,Recommended,Recommended,2025-07-31T00:00:00.000Z,2025,Lok Sabha,18,0,True,800000,1,Construction of Community Hall at Indiramma colony Sy.No. 358-1 at Garladinne Village and Mandal,Construction of Community Hall at Indiramma colony Sy.No. 358-1 at Garladinne Village and Mandal,,AMBICA G LAKSHMINARAYANA VALMIKI,,ANANTAPUR,1000000,2025-07-31T00:00:00.000Z,2025-07-31 00:00:00+00:00,397
166048,Andhra Pradesh,Andhra Pradesh,TIRUPATI,TIRUPATI,Tirupati(DISTRICT COLLECTOR TIRUPATI_IDA),Tirupati(DISTRICT COLLECTOR TIRUPATI_IDA),Normal/Others,Normal/Others,500000,Recommended,Recommended,2025-01-17T00:00:00.000Z,2025,Lok Sabha,18,0,False,0,0,Providing an underground drainage system at Internal Streets of Vaddimitta H.O Kothaveerapuram G.P.in Yerpedu Mandal.,Providing an underground drainage system at Internal Streets of Vaddimitta H.O Kothaveerapuram G.P.in Yerpedu Mandal.,,Maddila Gurumoorthy,,TIRUPATI,500000,2025-01-17T00:00:00.000Z,2025-01-17 00:00:00+00:00,592
223847,Andhra Pradesh,Andhra Pradesh,ANANTAPUR,ANANTAPUR,Ananthapuramu(DISTRICT COLLECTOR ANANTAPUR_IDA),Ananthapuramu(DISTRICT COLLECTOR ANANTAPUR_IDA),Normal/Others,Normal/Others,5000000,Recommended,Recommended,2025-07-31T00:00:00.000Z,2025,Lok Sabha,18,0,True,4515226,1,"Emergency, ICU Equipments for Tadipatri Area Hospital","Emergency, ICU Equipments for Tadipatri Area Hospital",,AMBICA G LAKSHMINARAYANA VALMIKI,,ANANTAPUR,5000000,2025-07-31T00:00:00.000Z,2025-07-31 00:00:00+00:00,397
150350,Andhra Pradesh,Andhra Pradesh,KADAPA,KADAPA,Y.S.R. Kadapa(DISTRICT COLLECTOR CUDDAPAH_IDA),Y.S.R. Kadapa(DISTRICT COLLECTOR CUDDAPAH_IDA),Normal/Others,Normal/Others,400000,Recommended,Recommended,2024-11-05T00:00:00.000Z,2024,Lok Sabha,18,0,False,0,0,construction of Bus Shelter at Thallapalli Village of Vempalli (M).,construction of Bus Shelter at Thallapalli Village of Vempalli (M).,,Y S Avinash Reddy,,KADAPA,400000,2024-11-05T00:00:00.000Z,2024-11-05 00:00:00+00:00,665
223851,Andhra Pradesh,Andhra Pradesh,ANANTAPUR,ANANTAPUR,Ananthapuramu(DISTRICT COLLECTOR ANANTAPUR_IDA),Ananthapuramu(DISTRICT COLLECTOR ANANTAPUR_IDA),Normal/Others,Normal/Others,250000,Recommended,Recommended,2025-07-31T00:00:00.000Z,2025,Lok Sabha,18,0,False,0,0,"Providing Borewell and Pumpset at Appajipeta (V), Pamidi (M)","Providing Borewell and Pumpset at Appajipeta (V), Pamidi (M)",,AMBICA G LAKSHMINARAYANA VALMIKI,,ANANTAPUR,250000,2025-07-31T00:00:00.000Z,2025-07-31 00:00:00+00:00,397
166418,Andhra Pradesh,Andhra Pradesh,KADAPA,KADAPA,Y.S.R. Kadapa(DISTRICT COLLECTOR CUDDAPAH_IDA),Y.S.R. Kadapa(DISTRICT COLLECTOR CUDDAPAH_IDA),Normal/Others,Normal/Others,200000,Recommended,Recommended,2025-01-18T00:00:00.000Z,2025,Lok Sabha,18,0,True,199861,1,Completion of incompleted road from B.M.A Road beside Suryyabhavan to Telugu Ganga canal of Konarajupalli  of Madapur Gramapanchayathi of Atlur Mandal,Completion of incompleted road from B.M.A Road beside Suryyabhavan to Telugu Ganga canal of Konarajupalli  of Madapur Gramapanchayathi of Atlur Mandal,,Y S Avinash Reddy,,KADAPA,200000,2025-01-18T00:00:00.000Z,2025-01-18 00:00:00+00:00,591
223855,Andhra Pradesh,Andhra Pradesh,ANANTAPUR,ANANTAPUR,Ananthapuramu(DISTRICT COLLECTOR ANANTAPUR_IDA),Ananthapuramu(DISTRICT COLLECTOR ANANTAPUR_IDA),Repair and Renovation,Repair and Renovation,1000000,Recommended,Recommended,2025-07-31T00:00:00.000Z,2025,Lok Sabha,18,0,True,987814,1,Completion of Incomplete community hall at Sevagad  (V) of Gooty mandal,Completion of Incomplete community hall at Sevagad  (V) of Gooty mandal,,AMBICA G LAKSHMINARAYANA VALMIKI,,ANANTAPUR,1000000,2025-07-31T00:00:00.000Z,2025-07-31 00:00:00+00:00,397
183102,Andaman And Nicobar Islands,Andaman And Nicobar Islands,ANDAMAN AND NICOBAR ISLANDS,ANDAMAN AND NICOBAR ISLANDS,SOUTH ANDAMANS(Implementing District Authority(SA)),SOUTH ANDAMANS(Implementing District Authority(SA)),Trust and Society,Trust and Society,4992971,Recommended,Recommended,2025-03-18T00:00:00.000Z,2025,Lok Sabha,18,0,True,2232133,1,"Con. Bore well with water tank (60000 Ltr capacity), boundary wall with gate, parking space, toilets with bathroom, drainage system, rain harvesting system at Sri Guruji Community Centre, Dollygunj","Con. Bore well with water tank (60000 Ltr capacity), boundary wall with gate, parking space, toilets with bathroom, drainage system, rain harvesting system at Sri Guruji Community Centre, Dollygunj",,BISHNU PADA RAY,,ANDAMAN AND NICOBAR ISLANDS,4992971,2025-03-18T00:00:00.000Z,2025-03-18 00:00:00+00:00,532
223858,Andhra Pradesh,Andhra Pradesh,ANANTAPUR,ANANTAPUR,Ananthapuramu(DISTRICT COLLECTOR ANANTAPUR_IDA),Ananthapuramu(DISTRICT COLLECTOR ANANTAPUR_IDA),Repair and Renovation,Repair and Renovation,500000,Recommended,Recommended,2025-07-31T00:00:00.000Z,2025,Lok Sabha,18,0,True,500000,1,"Completion of incomplete community hall Mamudur (V), Gooty mandal","Completion of incomplete community hall Mamudur (V), Gooty mandal",,AMBICA G LAKSHMINARAYANA VALMIKI,,ANANTAPUR,500000,2025-07-31T00:00:00.000Z,2025-07-31 00:00:00+00:00,397
166420,Andhra Pradesh,Andhra Pradesh,KADAPA,KADAPA,Y.S.R. Kadapa(DISTRICT COLLECTOR CUDDAPAH_IDA),Y.S.R. Kadapa(DISTRICT COLLECTOR CUDDAPAH_IDA),Normal/Others,Normal/Others,200000,Recommended,Recommended,2025-01-18T00:00:00.000Z,2025,Lok Sabha,18,0,False,0,0,Formation of Gravel Road from Thamballagondhi BT road to Dumpalavaripalli fields in Thamballagondhi Village GP of Atlur Mandal,Formation of Gravel Road from Thamballagondhi BT road to Dumpalavaripalli fields in Thamballagondhi Village GP of Atlur Mandal,,Y S Avinash Reddy,,KADAPA,200000,2025-01-18T00:00:00.000Z,2025-01-18 00:00:00+00:00,591
223860,Andhra Pradesh,Andhra Pradesh,ANANTAPUR,ANANTAPUR,Ananthapuramu(DISTRICT COLLECTOR ANANTAPUR_IDA),Ananthapuramu(DISTRICT COLLECTOR ANANTAPUR_IDA),Normal/Others,Normal/Others,1000000,Recommended,Recommended,2025-07-31T00:00:00.000Z,2025,Lok Sabha,18,0,True,494671,1,"Construction of Community Hall at Kadiripalli (V), Guntakal (M)","Construction of Community Hall at Kadiripalli (V), Guntakal (M)",,AMBICA G LAKSHMINARAYANA VALMIKI,,ANANTAPUR,1000000,2025-07-31T00:00:00.000Z,2025-07-31 00:00:00+00:00,397
151568,Andhra Pradesh,Andhra Pradesh,RAJAMPET,RAJAMPET,CHITTOOR(DISTRICT COLLECTOR CHITTOOR_IDA),CHITTOOR(DISTRICT COLLECTOR CHITTOOR_IDA),Normal/Others,Normal/Others,180000,Recommended,Recommended,2024-11-14T00:00:00.000Z,2024,Lok Sabha,18,0,True,160189,1,"Providing Borewell in Nayunivaripalli (V), Jogivaripalli (G.P)","Providing Borewell in Nayunivaripalli (V), Jogivaripalli (G.P)",,Midhun Reddy,,RAJAMPET,180000,2024-11-14T00:00:00.000Z,2024-11-14 00:00:00+00:00,656
223862,Andhra Pradesh,Andhra Pradesh,ANANTAPUR,ANANTAPUR,Ananthapuramu(DISTRICT COLLECTOR ANANTAPUR_IDA),Ananthapuramu(DISTRICT COLLECTOR ANANTAPUR_IDA),Normal/Others,Normal/Others,500000,Recommended,Recommended,2025-07-31T00:00:00.000Z,2025,Lok Sabha,18,0,True,499665,1,Providing 30 KL Sump at Kasturiba school at P.Kondapuram village of Pamidi mandal,Providing 30 KL Sump at Kasturiba school at P.Kondapuram village of Pamidi mandal,,AMBICA G LAKSHMINARAYANA VALMIKI,,ANANTAPUR,500000,2025-07-31T00:00:00.000Z,2025-07-31 00:00:00+00:00,397
166422,Andhra Pradesh,Andhra Pradesh,KADAPA,KADAPA,Y.S.R. Kadapa(DISTRICT COLLECTOR CUDDAPAH_IDA),Y.S.R. Kadapa(DISTRICT COLLECTOR CUDDAPAH_IDA),Normal/Others,Normal/Others,200000,Recommended,Recommended,2025-01-18T00:00:00.000Z,2025,Lok Sabha,18,0,True,199440,1,"Jungle clearence and Formation of gravel Road from BMA Road to Fields Dandu Bata of Manyamvaripalli Village GP ,   Atlur Mandal","Jungle clearence and Formation of gravel Road from BMA Road to Fields Dandu Bata of Manyamvaripalli Village GP ,   Atlur Mandal",,Y S Avinash Reddy,,KADAPA,200000,2025-01-18T00:00:00.000Z,2025-01-18 00:00:00+00:00,591
223864,Andhra Pradesh,Andhra Pradesh,ANANTAPUR,ANANTAPUR,Ananthapuramu(DISTRICT COLLECTOR ANANTAPUR_IDA),Ananthapuramu(DISTRICT COLLECTOR ANANTAPUR_IDA),Normal/Others,Normal/Others,1000000,Recommended,Recommended,2025-07-31T00:00:00.000Z,2025,Lok Sabha,18,0,True,658450,1,"Construction of Community Hall near Durgamma Temple in S.C. Colony, Mulakanuru (V), Kambadur","Construction of Community Hall near Durgamma Temple in S.C. Colony, Mulakanuru (V), Kambadur",,AMBICA G LAKSHMINARAYANA VALMIKI,,ANANTAPUR,1000000,2025-07-31T00:00:00.000Z,2025-07-31 00:00:00+00:00,397
223866,Andhra Pradesh,Andhra Pradesh,ANANTAPUR,ANANTAPUR,Ananthapuramu(DISTRICT COLLECTOR ANANTAPUR_IDA),Ananthapuramu(DISTRICT COLLECTOR ANANTAPUR_IDA),Normal/Others,Normal/Others,500000,Recommended,Recommended,2025-07-31T00:00:00.000Z,2025,Lok Sabha,18,0,False,0,0,"Providing Bus Shelter at Anumapalli (V), Settur (M)","Providing Bus Shelter at Anumapalli (V), Settur (M)",,AMBICA G LAKSHMINARAYANA VALMIKI,,ANANTAPUR,500000,2025-07-31T00:00:00.000Z,2025-07-31 00:00:00+00:00,397
166424,Andhra Pradesh,Andhra Pradesh,KADAPA,KADAPA,Y.S.R. Kadapa(DISTRICT COLLECTOR CUDDAPAH_IDA),Y.S.R. Kadapa(DISTRICT COLLECTOR CUDDAPAH_IDA),Normal/Others,Normal/Others,150000,Recommended,Recommended,2025-01-18T00:00:00.000Z,2025,Lok Sabha,18,0,False,0,0,Replacement of defunct  scheme in Mekavaripalli Habitation of Mekavaripalli GP,Replacement of defunct  scheme in Mekavaripalli Habitation of Mekavaripalli GP,,Y S Avinash Reddy,,KADAPA,150000,2025-01-18T00:00:00.000Z,2025-01-18 00:00:00+00:00,591
223868,Andhra Pradesh,Andhra Pradesh,ANANTAPUR,ANANTAPUR,Ananthapuramu(DISTRICT COLLECTOR ANANTAPUR_IDA),Ananthapuramu(DISTRICT COLLECTOR ANANTAPUR_IDA),Normal/Others,Normal/Others,500000,Recommended,Recommended,2025-07-31T00:00:00.000Z,2025,Lok Sabha,18,0,False,0,0,Construction of Community hall at 23rd ward at Kalyandurg,Construction of Community hall at 23rd ward at Kalyandurg,,AMBICA G LAKSHMINARAYANA VALMIKI,,ANANTAPUR,500000,2025-07-31T00:00:00.000Z,2025-07-31 00:00:00+00:00,397
151578,Andhra Pradesh,Andhra Pradesh,RAJAMPET,RAJAMPET,Annamayya(DISTRICT COLLECTOR ANNAMAYYA_IDA),Annamayya(DISTRICT COLLECTOR ANNAMAYYA_IDA),Normal/Others,Normal/Others,300000,Recommended,Recommended,2024-12-21T00:00:00.000Z,2024,Lok Sabha,18,0,False,0,0,"Construction of the Protection wall Near K Nagaraju Fields at Lakshmigaripalli (V), Settigunta G.P","Construction of the Protection wall Near K Nagaraju Fields at Lakshmigaripalli (V), Settigunta G.P",,Midhun Reddy,,RAJAMPET,300000,2024-12-21T00:00:00.000Z,2024-12-21 00:00:00+00:00,619
223870,Andhra Pradesh,Andhra Pradesh,ANANTAPUR,ANANTAPUR,Ananthapuramu(DISTRICT COLLECTOR ANANTAPUR_IDA),Ananthapuramu(DISTRICT COLLECTOR ANANTAPUR_IDA),Normal/Others,Normal/Others,1000000,Recommended,Recommended,2025-07-31T00:00:00.000Z,2025,Lok Sabha,18,0,False,0,0,"Construction of Community Hall at S.C.Colony, Durudakunta (V), Kalyandurg","Construction of Community Hall at S.C.Colony, Durudakunta (V), Kalyandurg",,AMBICA G LAKSHMINARAYANA VALMIKI,,ANANTAPUR,1000000,2025-07-31T00:00:00.000Z,2025-07-31 00:00:00+00:00,397
166427,Andhra Pradesh,Andhra Pradesh,KADAPA,KADAPA,Y.S.R. Kadapa(DISTRICT COLLECTOR CUDDAPAH_IDA),Y.S.R. Kadapa(DISTRICT COLLECTOR CUDDAPAH_IDA),Normal/Others,Normal/Others,200000,Recommended,Recommended,2025-01-18T00:00:00.000Z,2025,Lok Sabha,18,0,False,0,0,Formation of gravel Road from gangireddygaripalli to Siddugaripalli   of Thummalapalli GP of B Koduru Mandal,Formation of gravel Road from gangireddygaripalli to Siddugaripalli   of Thummalapalli GP of B Koduru Mandal,,Y S Avinash Reddy,,KADAPA,200000,2025-01-18T00:00:00.000Z,2025-01-18 00:00:00+00:00,591
223872,Andhra Pradesh,Andhra Pradesh,ANANTAPUR,ANANTAPUR,Ananthapuramu(DISTRICT COLLECTOR ANANTAPUR_IDA),Ananthapuramu(DISTRICT COLLECTOR ANANTAPUR_IDA),Normal/Others,Normal/Others,300000,Recommended,Recommended,2025-07-31T00:00:00.000Z,2025,Lok Sabha,18,0,False,0,0,"Construction of Kitchenshed in MPP School at Rampuram (V), Kambadur (M)","Construction of Kitchenshed in MPP School at Rampuram (V), Kambadur (M)",,AMBICA G LAKSHMINARAYANA VALMIKI,,ANANTAPUR,300000,2025-07-31T00:00:00.000Z,2025-07-31 00:00:00+00:00,397
1155,Andhra Pradesh,Andhra Pradesh,AMALAPURAM,AMALAPURAM,Kakinada(DISTRICT COLLECTOR KAKINADA_IDA),Kakinada(DISTRICT COLLECTOR KAKINADA_IDA),Repair and Renovation,Repair and Renovation,2000000,Recommended,Recommended,2025-03-01T00:00:00.000Z,2025,Lok Sabha,18,0,False,0,0,Repairs and improvements to the Rope way bridge across Athreya Paya in Korangi (V) of Tallarevu (M),Repairs and improvements to the Rope way bridge across Athreya Paya in Korangi (V) of Tallarevu (M),,GM Harish Balayogi,,AMALAPURAM,2000000,2025-03-01T00:00:00.000Z,2025-03-01 00:00:00+00:00,549
223878,Andhra Pradesh,Andhra Pradesh,ANANTAPUR,ANANTAPUR,Ananthapuramu(DISTRICT COLLECTOR ANANTAPUR_IDA),Ananthapuramu(DISTRICT COLLECTOR ANANTAPUR_IDA),Normal/Others,Normal/Others,1000000,Recommended,Recommended,2025-07-31T00:00:00.000Z,2025,Lok Sabha,18,0,True,1000000,2,"Construction of Community Hall near masjid in Chandra Babu nagar in Saifulah colony of Rudrampeta (V), Ananthapuramu rural mandal","Construction of Community Hall near masjid in Chandra Babu nagar in Saifulah colony of Rudrampeta (V), Ananthapuramu rural mandal",,AMBICA G LAKSHMINARAYANA VALMIKI,,ANANTAPUR,1000000,2025-07-31T00:00:00.000Z,2025-07-31 00:00:00+00:00,397
166429,Andhra Pradesh,Andhra Pradesh,KADAPA,KADAPA,Y.S.R. Kadapa(DISTRICT COLLECTOR CUDDAPAH_IDA),Y.S.R. Kadapa(DISTRICT COLLECTOR CUDDAPAH_IDA),Normal/Others,Normal/Others,200000,Recommended,Recommended,2025-01-18T00:00:00.000Z,2025,Lok Sabha,18,0,False,0,0,Formation of Gravel Road from Church to P Sesha reddy fields in Nandipalli village of vanampula GP of Badvel Mandal,Formation of Gravel Road from Church to P Sesha reddy fields in Nandipalli village of vanampula GP of Badvel Mandal,,Y S Avinash Reddy,,KADAPA,200000,2025-01-18T00:00:00.000Z,2025-01-18 00:00:00+00:00,591
223958,Andhra Pradesh,Andhra Pradesh,KURNOOL,KURNOOL,KURNOOL(DISTRICT COLLECTOR KURNOOL_IDA),KURNOOL(DISTRICT COLLECTOR KURNOOL_IDA),Normal/Others,Normal/Others,500000,Recommended,Recommended,2025-08-01T00:00:00.000Z,2025,Lok Sabha,18,0,False,0,0,Providing 1000 LPH RO Plant at Kurnool Bustand in Kurnool Town.,Providing 1000 LPH RO Plant at Kurnool Bustand in Kurnool Town.,,BASTIPATI NAGARAJU PANCHALINGALA,,KURNOOL,500000,2025-08-01T00:00:00.000Z,2025-08-01 00:00:00+00:00,396
151582,Andhra Pradesh,Andhra Pradesh,RAJAMPET,RAJAMPET,Annamayya(DISTRICT COLLECTOR ANNAMAYYA_IDA),Annamayya(DISTRICT COLLECTOR ANNAMAYYA_IDA),Normal/Others,Normal/Others,500000,Recommended,Recommended,2024-11-14T00:00:00.000Z,2024,Lok Sabha,18,0,False,0,0,Laying of Internal CC Road from Syed Khan House to Burial Ground in Bhagampalli (V&G.P),Laying of Internal CC Road from Syed Khan House to Burial Ground in Bhagampalli (V&G.P),,Midhun Reddy,,RAJAMPET,500000,2024-11-14T00:00:00.000Z,2024-11-14 00:00:00+00:00,656
223960,Andhra Pradesh,Andhra Pradesh,KURNOOL,KURNOOL,KURNOOL(DISTRICT COLLECTOR KURNOOL_IDA),KURNOOL(DISTRICT COLLECTOR KURNOOL_IDA),Normal/Others,Normal/Others,500000,Recommended,Recommended,2025-08-01T00:00:00.000Z,2025,Lok Sabha,18,0,False,0,0,Providing 1000 LPH RO Plant 2 at Kurnool Bustand in Kurnool Town.,Providing 1000 LPH RO Plant 2 at Kurnool Bustand in Kurnool Town.,,BASTIPATI NAGARAJU PANCHALINGALA,,KURNOOL,500000,2025-08-01T00:00:00.000Z,2025-08-01 00:00:00+00:00,396
166435,Andhra Pradesh,Andhra Pradesh,KADAPA,KADAPA,Y.S.R. Kadapa(DISTRICT COLLECTOR CUDDAPAH_IDA),Y.S.R. Kadapa(DISTRICT COLLECTOR CUDDAPAH_IDA),Normal/Others,Normal/Others,250000,Recommended,Recommended,2025-01-18T00:00:00.000Z,2025,Lok Sabha,18,0,True,249920,1,Formation of Gravel Road from  Lekkavaripalli village to Karatala alakshumaiah fields in Lekkavaripalli village  of Kaluvapalli GP Of gopavaram mandal,Formation of Gravel Road from  Lekkavaripalli village to Karatala alakshumaiah fields in Lekkavaripalli village  of Kaluvapalli GP Of gopavaram mandal,,Y S Avinash Reddy,,KADAPA,250000,2025-01-18T00:00:00.000Z,2025-01-18 00:00:00+00:00,591
223962,Andhra Pradesh,Andhra Pradesh,KURNOOL,KURNOOL,KURNOOL(DISTRICT COLLECTOR KURNOOL_IDA),KURNOOL(DISTRICT COLLECTOR KURNOOL_IDA),Normal/Others,Normal/Others,500000,Recommended,Recommended,2025-08-01T00:00:00.000Z,2025,Lok Sabha,18,0,False,0,0,Providing 1000 LPH RO Plant at Yemmiganur Bustand,Providing 1000 LPH RO Plant at Yemmiganur Bustand,,BASTIPATI NAGARAJU PANCHALINGALA,,KURNOOL,500000,2025-08-01T00:00:00.000Z,2025-08-01 00:00:00+00:00,396
223966,Andhra Pradesh,Andhra Pradesh,KURNOOL,KURNOOL,KURNOOL(DISTRICT COLLECTOR KURNOOL_IDA),KURNOOL(DISTRICT COLLECTOR KURNOOL_IDA),Normal/Others,Normal/Others,500000,Recommended,Recommended,2025-08-01T00:00:00.000Z,2025,Lok Sabha,18,0,False,0,0,Providing 1000 LPH RO Plant at Pattikonda Bustand.,Providing 1000 LPH RO Plant at Pattikonda Bustand.,,BASTIPATI NAGARAJU PANCHALINGALA,,KURNOOL,500000,2025-08-01T00:00:00.000Z,2025-08-01 00:00:00+00:00,396
166440,Andhra Pradesh,Andhra Pradesh,KADAPA,KADAPA,Y.S.R. Kadapa(DISTRICT COLLECTOR CUDDAPAH_IDA),Y.S.R. Kadapa(DISTRICT COLLECTOR CUDDAPAH_IDA),Normal/Others,Normal/Others,300000,Recommended,Recommended,2025-01-18T00:00:00.000Z,2025,Lok Sabha,18,0,False,0,0,Laying of CC road in varikuntla village  GP of SAKN Mandal,Laying of CC road in varikuntla village  GP of SAKN Mandal,,Y S Avinash Reddy,,KADAPA,300000,2025-01-18T00:00:00.000Z,2025-01-18 00:00:00+00:00,591
224241,Andhra Pradesh,Andhra Pradesh,NELLORE,NELLORE,Sri Potti Sriramulu Nellore(DISTRICT COLLECTOR NELLORE_IDA),Sri Potti Sriramulu Nellore(DISTRICT COLLECTOR NELLORE_IDA),Normal/Others,Normal/Others,700000,Recommended,Recommended,2025-08-01T00:00:00.000Z,2025,Lok Sabha,18,0,False,0,0,"Extension of HT LT Line works under SS-18 Distribution Transformer in Shabeer Colony, Udayagiri Village, Udayagiri Mandal, SPS Nellore District.","Extension of HT LT Line works under SS-18 Distribution Transformer in Shabeer Colony, Udayagiri Village, Udayagiri Mandal, SPS Nellore District.",,PRABHAKAR REDDY VEMIREDDY,,NELLORE,700000,2025-08-01T00:00:00.000Z,2025-08-01 00:00:00+00:00,396
152143,Andhra Pradesh,Andhra Pradesh,ARAKU,ARAKU,Alluri Sitharama Raju(DISTRICT COLLECTOR ALLURI SITHARAMARAJU_IDA),Alluri Sitharama Raju(DISTRICT COLLECTOR ALLURI SITHARAMARAJU_IDA),Normal/Others,Normal/Others,1394400,Recommended,Recommended,2024-11-12T00:00:00.000Z,2024,Lok Sabha,18,0,True,1394400,1,purchase of street lights,purchase of street lights,,Gumma Thanuja Rani,,ARAKU,1394400,2024-11-12T00:00:00.000Z,2024-11-12 00:00:00+00:00,658
225524,Andhra Pradesh,Andhra Pradesh,ANANTAPUR,ANANTAPUR,Ananthapuramu(DISTRICT COLLECTOR ANANTAPUR_IDA),Ananthapuramu(DISTRICT COLLECTOR ANANTAPUR_IDA),Normal/Others,Normal/Others,1000000,Recommended,Recommended,2025-08-06T00:00:00.000Z,2025,Lok Sabha,18,0,False,0,0,Construction of RO Plant and shet at Kasapuram village of Guntakal mandal,Construction of RO Plant and shet at Kasapuram village of Guntakal mandal,,AMBICA G LAKSHMINARAYANA VALMIKI,,ANANTAPUR,1000000,2025-08-06T00:00:00.000Z,2025-08-06 00:00:00+00:00,391
166443,Andhra Pradesh,Andhra Pradesh,KADAPA,KADAPA,Y.S.R. Kadapa(DISTRICT COLLECTOR CUDDAPAH_IDA),Y.S.R. Kadapa(DISTRICT COLLECTOR CUDDAPAH_IDA),Normal/Others,Normal/Others,300000,Recommended,Recommended,2025-01-18T00:00:00.000Z,2025,Lok Sabha,18,0,False,0,0,"Foramtion of Gravel Road from  Arya - Vyshya Burial Ground  to Thummachettu Mitta( G- Manu Mitta) of Porumamilla village , GP  Mandal","Foramtion of Gravel Road from  Arya - Vyshya Burial Ground  to Thummachettu Mitta( G- Manu Mitta) of Porumamilla village , GP  Mandal",,Y S Avinash Reddy,,KADAPA,300000,2025-01-18T00:00:00.000Z,2025-01-18 00:00:00+00:00,591
225527,Andhra Pradesh,Andhra Pradesh,ANANTAPUR,ANANTAPUR,Ananthapuramu(DISTRICT COLLECTOR ANANTAPUR_IDA),Ananthapuramu(DISTRICT COLLECTOR ANANTAPUR_IDA),Normal/Others,Normal/Others,850000,Recommended,Recommended,2025-08-06T00:00:00.000Z,2025,Lok Sabha,18,0,True,509552,1,"Providing 3 Wheller Vehicles to 5 Handicapped persons 1) Devarakonda Srikanth, S.o D.Munepppa (Late), Rakulakunta village of B.K.Samudram, 2) Devana Manohar Reddy, S.o D.Chinappa Reddy, Mamadur village of Gooty Mandal, 3) S.Srinath Reddy, S.o S.Gangai Reddy, Housing board, Ananthapramu, 4) Sane Harinath Reddy, S.o S.Nagireddy, Sangamesh Nagar, Ananthapuramu, 5) Shake Nabirasool, S.o S.Rasool sab, Maruthi nagar, Ananthapuramu.","Providing 3 Wheller Vehicles to 5 Handicapped persons 1) Devarakonda Srikanth, S.o D.Munepppa (Late), Rakulakunta village of B.K.Samudram, 2) Devana Manohar Reddy, S.o D.Chinappa Reddy, Mamadur village of Gooty Mandal, 3) S.Srinath Reddy, S.o S.Gangai Reddy, Housing board, Ananthapramu, 4) Sane Harinath Reddy, S.o S.Nagireddy, Sangamesh Nagar, Ananthapuramu, 5) Shake Nabirasool, S.o S.Rasool sab, Maruthi nagar, Ananthapuramu.",,AMBICA G LAKSHMINARAYANA VALMIKI,,ANANTAPUR,850000,2025-08-06T00:00:00.000Z,2025-08-06 00:00:00+00:00,391
227147,Andhra Pradesh,Andhra Pradesh,GUNTUR,GUNTUR,GUNTUR(DISTRICT COLLECTOR GUNTUR_IDA),GUNTUR(DISTRICT COLLECTOR GUNTUR_IDA),Normal/Others,Normal/Others,3000000,Recommended,Recommended,2025-08-24T00:00:00.000Z,2025,Lok Sabha,18,0,True,784926,1,Anjuman-E-Islamia Skill Development centre for development of Skills in Muslim Minority Youth,Anjuman-E-Islamia Skill Development centre for development of Skills in Muslim Minority Youth,,Dr Chandra Sekhar Pemmasani,,GUNTUR,3000000,2025-08-24T00:00:00.000Z,2025-08-24 00:00:00+00:00,373
166546,Andhra Pradesh,Andhra Pradesh,GUNTUR,GUNTUR,GUNTUR(DISTRICT COLLECTOR GUNTUR_IDA),GUNTUR(DISTRICT COLLECTOR GUNTUR_IDA),Normal/Others,Normal/Others,5000000,Recommended,Recommended,2025-01-19T00:00:00.000Z,2025,Lok Sabha,18,0,True,4939780,1,"Providing Amenities to Community Hall in Narakoduru village of Chebrolu Mandal, Guntur District","Providing Amenities to Community Hall in Narakoduru village of Chebrolu Mandal, Guntur District",,Dr Chandra Sekhar Pemmasani,,GUNTUR,5000000,2025-01-19T00:00:00.000Z,2025-01-19 00:00:00+00:00,590
227300,Andhra Pradesh,Andhra Pradesh,MACHILIPATNAM,MACHILIPATNAM,KRISHNA(DISTRICT COLLECTOR KRISHNA_IDA),KRISHNA(DISTRICT COLLECTOR KRISHNA_IDA),Normal/Others,Normal/Others,500000,Recommended,Recommended,2025-08-16T00:00:00.000Z,2025,Lok Sabha,18,0,False,0,0,Providing IT systems including hardware and software for St Marys EM High school Kankipadu,Providing IT systems including hardware and software for St Marys EM High school Kankipadu,,Balashowry Vallabbhaneni,,MACHILIPATNAM,500000,2025-08-16T00:00:00.000Z,2025-08-16 00:00:00+00:00,381
152146,Andhra Pradesh,Andhra Pradesh,ARAKU,ARAKU,Alluri Sitharama Raju(DISTRICT COLLECTOR ALLURI SITHARAMARAJU_IDA),Alluri Sitharama Raju(DISTRICT COLLECTOR ALLURI SITHARAMARAJU_IDA),Normal/Others,Normal/Others,1394400,Recommended,Recommended,2024-11-12T00:00:00.000Z,2024,Lok Sabha,18,0,True,1394400,1,purchase of street lights,purchase of street lights,,Gumma Thanuja Rani,,ARAKU,1394400,2024-11-12T00:00:00.000Z,2024-11-12 00:00:00+00:00,658
227323,Andhra Pradesh,Andhra Pradesh,BAPATLA,BAPATLA,Bapatla(DISTRICT COLLECTOR BAPATLA_IDA),Bapatla(DISTRICT COLLECTOR BAPATLA_IDA),Normal/Others,Normal/Others,600000,Recommended,Recommended,2025-08-16T00:00:00.000Z,2025,Lok Sabha,18,0,False,0,0,Construction of CC Road from Bethala Israel (H) to Kodali Sivaiah (H) in Moparru Village,Construction of CC Road from Bethala Israel (H) to Kodali Sivaiah (H) in Moparru Village,,Krishna Prasad Tenneti,,BAPATLA,600000,2025-08-16T00:00:00.000Z,2025-08-16 00:00:00+00:00,381
167461,Andhra Pradesh,Andhra Pradesh,NELLORE,NELLORE,Sri Potti Sriramulu Nellore(DISTRICT COLLECTOR NELLORE_IDA),Sri Potti Sriramulu Nellore(DISTRICT COLLECTOR NELLORE_IDA),Normal/Others,Normal/Others,500000,Recommended,Recommended,2025-01-21T00:00:00.000Z,2025,Lok Sabha,18,0,True,345226,1,Construction of Compound Wall at Main Burial Ground Front Side wall in Yallayapalem Grama Panchyat  in Kodavalur Mandal,Construction of Compound Wall at Main Burial Ground Front Side wall in Yallayapalem Grama Panchyat  in Kodavalur Mandal,,PRABHAKAR REDDY VEMIREDDY,,NELLORE,500000,2025-01-21T00:00:00.000Z,2025-01-21 00:00:00+00:00,588
227325,Andhra Pradesh,Andhra Pradesh,BAPATLA,BAPATLA,Bapatla(DISTRICT COLLECTOR BAPATLA_IDA),Bapatla(DISTRICT COLLECTOR BAPATLA_IDA),Normal/Others,Normal/Others,600000,Recommended,Recommended,2025-08-16T00:00:00.000Z,2025,Lok Sabha,18,0,False,0,0,Construction of CC Road from existing CC Road to Hindu burial ground in Vetapalem Village,Construction of CC Road from existing CC Road to Hindu burial ground in Vetapalem Village,,Krishna Prasad Tenneti,,BAPATLA,600000,2025-08-16T00:00:00.000Z,2025-08-16 00:00:00+00:00,381
227328,Andhra Pradesh,Andhra Pradesh,BAPATLA,BAPATLA,Bapatla(DISTRICT COLLECTOR BAPATLA_IDA),Bapatla(DISTRICT COLLECTOR BAPATLA_IDA),Normal/Others,Normal/Others,1200000,Recommended,Recommended,2025-08-16T00:00:00.000Z,2025,Lok Sabha,18,0,False,0,0,"Construction of community hall in Lukkavaripalem of Pedamatlapudi G.P., Nagaram Mandal","Construction of community hall in Lukkavaripalem of Pedamatlapudi G.P., Nagaram Mandal",,Krishna Prasad Tenneti,,BAPATLA,1200000,2025-08-16T00:00:00.000Z,2025-08-16 00:00:00+00:00,381
168682,Andhra Pradesh,Andhra Pradesh,SRIKAKULAM,SRIKAKULAM,SRIKAKULAM(District Collector Srikakulam_IDA),SRIKAKULAM(District Collector Srikakulam_IDA),Normal/Others,Normal/Others,500000,Recommended,Recommended,2025-01-24T00:00:00.000Z,2025,Lok Sabha,18,0,True,277290,1,Construction of Community Hall at Thotavuru Village of Sirimamidi GP of Sompeta mandal,Construction of Community Hall at Thotavuru Village of Sirimamidi GP of Sompeta mandal,,Kinjarapu Ram Mohan Naidu,,SRIKAKULAM,500000,2025-01-24T00:00:00.000Z,2025-01-24 00:00:00+00:00,585
227330,Andhra Pradesh,Andhra Pradesh,BAPATLA,BAPATLA,Bapatla(DISTRICT COLLECTOR BAPATLA_IDA),Bapatla(DISTRICT COLLECTOR BAPATLA_IDA),Normal/Others,Normal/Others,1200000,Recommended,Recommended,2025-08-16T00:00:00.000Z,2025,Lok Sabha,18,0,True,1163025,1,Augmentation of PWS Scheme to visweswaram G.P.,Augmentation of PWS Scheme to visweswaram G.P.,,Krishna Prasad Tenneti,,BAPATLA,1200000,2025-08-16T00:00:00.000Z,2025-08-16 00:00:00+00:00,381
152250,Andhra Pradesh,Andhra Pradesh,KADAPA,KADAPA,Y.S.R. Kadapa(DISTRICT COLLECTOR CUDDAPAH_IDA),Y.S.R. Kadapa(DISTRICT COLLECTOR CUDDAPAH_IDA),Normal/Others,Normal/Others,300000,Recommended,Recommended,2024-11-13T00:00:00.000Z,2024,Lok Sabha,18,0,False,0,0,Formation of Road upto Gravel surface from R& B road at S.Kothapalli village to Yerragudi Devudu Manam of S.Kothapalli village of sankepalli GP in Kondapuram Mandal,Formation of Road upto Gravel surface from R& B road at S.Kothapalli village to Yerragudi Devudu Manam of S.Kothapalli village of sankepalli GP in Kondapuram Mandal,,Y S Avinash Reddy,,KADAPA,300000,2024-11-13T00:00:00.000Z,2024-11-13 00:00:00+00:00,657
227344,Andhra Pradesh,Andhra Pradesh,HINDUPUR,HINDUPUR,Sri Sathya Sai(DISTRICT COLLECTOR SRI SATHYA SAI_IDA),Sri Sathya Sai(DISTRICT COLLECTOR SRI SATHYA SAI_IDA),Normal/Others,Normal/Others,6000000,Recommended,Recommended,2025-08-16T00:00:00.000Z,2025,Lok Sabha,18,0,True,2162831,1,"Construction of Community Hall in Sno. 353 in BC Colony 2, Kanaganipalli village mandal","Construction of Community Hall in Sno. 353 in BC Colony 2, Kanaganipalli village mandal",,B K PARTHASARATHI,,HINDUPUR,6000000,2025-08-16T00:00:00.000Z,2025-08-16 00:00:00+00:00,381
168892,Andhra Pradesh,Andhra Pradesh,ELURU,ELURU,Eluru(DISTRICT COLLECTOR ELURU_IDA),Eluru(DISTRICT COLLECTOR ELURU_IDA),Normal/Others,Normal/Others,1000000,Recommended,Recommended,2025-01-25T00:00:00.000Z,2025,Lok Sabha,18,0,False,0,0,Construction of Multipurpose Hall at Kothapalli village of Lingapalem Mandal,Construction of Multipurpose Hall at Kothapalli village of Lingapalem Mandal,,Putta Mahesh Kumar,,ELURU,1000000,2025-01-25T00:00:00.000Z,2025-01-25 00:00:00+00:00,584
227768,Andhra Pradesh,Andhra Pradesh,ONGOLE,ONGOLE,PRAKASAM(DISTRICT COLLECTOR PRAKASAM_IDA),PRAKASAM(DISTRICT COLLECTOR PRAKASAM_IDA),Normal/Others,Normal/Others,725000,Recommended,Recommended,2025-08-20T00:00:00.000Z,2025,Lok Sabha,18,0,True,725000,1,"Providing Suzuki Vehicle Model EECO5 STR to Jawahar Navodaya Vidhyalaya for Mobile Dispensary Purpose in Kalujuvvalapadu Village, Tarlupadu Mandal","Providing Suzuki Vehicle Model EECO5 STR to Jawahar Navodaya Vidhyalaya for Mobile Dispensary Purpose in Kalujuvvalapadu Village, Tarlupadu Mandal",,Magunta Sreenivasulu Reddy,,ONGOLE,725000,2025-08-20T00:00:00.000Z,2025-08-20 00:00:00+00:00,377
1199,Andhra Pradesh,Andhra Pradesh,ARAKU,ARAKU,"EAST GODAVARI(DISTRICT COLLECTOR, EAST GODAVARI)","EAST GODAVARI(DISTRICT COLLECTOR, EAST GODAVARI)",Normal/Others,Normal/Others,500000,Recommended,Recommended,2025-03-25T00:00:00.000Z,2025,Lok Sabha,18,0,False,0,0,"Construction of CC drainage at M.Mallavaram village, Gokavaram Mandal","Construction of CC drainage at M.Mallavaram village, Gokavaram Mandal",,Gumma Thanuja Rani,,ARAKU,500000,2025-03-25T00:00:00.000Z,2025-03-25 00:00:00+00:00,525
228329,Andhra Pradesh,Andhra Pradesh,KADAPA,KADAPA,Y.S.R. Kadapa(DISTRICT COLLECTOR CUDDAPAH_IDA),Y.S.R. Kadapa(DISTRICT COLLECTOR CUDDAPAH_IDA),Normal/Others,Normal/Others,450000,Recommended,Recommended,2025-08-29T00:00:00.000Z,2025,Lok Sabha,18,0,False,0,0,"Excavation of Pit for Koneru Near  Gurajala Village,  Simhadripuram Mandal Reach 2","Excavation of Pit for Koneru Near  Gurajala Village,  Simhadripuram Mandal Reach 2",,Y S Avinash Reddy,,KADAPA,450000,2025-08-29T00:00:00.000Z,2025-08-29 00:00:00+00:00,368
168927,Andhra Pradesh,Andhra Pradesh,RAJAMPET,RAJAMPET,Annamayya(DISTRICT COLLECTOR ANNAMAYYA_IDA),Annamayya(DISTRICT COLLECTOR ANNAMAYYA_IDA),Normal/Others,Normal/Others,200000,Recommended,Recommended,2025-01-30T00:00:00.000Z,2025,Lok Sabha,18,0,False,0,0,"Providing Borewell in Ankemvaripalli (V), Near Sachivalayam 3, Kalikiri G.P","Providing Borewell in Ankemvaripalli (V), Near Sachivalayam 3, Kalikiri G.P",,Midhun Reddy,,RAJAMPET,200000,2025-01-30T00:00:00.000Z,2025-01-30 00:00:00+00:00,579
229682,Andhra Pradesh,Andhra Pradesh,NANDYAL,NANDYAL,Nandyal(DISTRICT COLLECTOR NANDYAL_IDA),Nandyal(DISTRICT COLLECTOR NANDYAL_IDA),Repair and Renovation,Repair and Renovation,600000,Recommended,Recommended,2025-08-28T00:00:00.000Z,2025,Lok Sabha,18,0,True,591815,1,"Repairs to the OP Building at CHC Dhone, Nandyal District, covering essential civil works, roof and floor repairs, and painting to restore the building for safe use by patients and staff","Repairs to the OP Building at CHC Dhone, Nandyal District, covering essential civil works, roof and floor repairs, and painting to restore the building for safe use by patients and staff",,DR BYREDDY SHABARI,,NANDYAL,600000,2025-08-28T00:00:00.000Z,2025-08-28 00:00:00+00:00,369
152252,Andhra Pradesh,Andhra Pradesh,KADAPA,KADAPA,Y.S.R. Kadapa(DISTRICT COLLECTOR CUDDAPAH_IDA),Y.S.R. Kadapa(DISTRICT COLLECTOR CUDDAPAH_IDA),Normal/Others,Normal/Others,400000,Recommended,Recommended,2024-11-13T00:00:00.000Z,2024,Lok Sabha,18,0,False,0,0,Formation of Road upto Gravel Surface from K.Manohar Reddy Fields to Kulaya Reddy Fields and other areas at B.Kottalapalli village and GP of Kondapuram Mandal,Formation of Road upto Gravel Surface from K.Manohar Reddy Fields to Kulaya Reddy Fields and other areas at B.Kottalapalli village and GP of Kondapuram Mandal,,Y S Avinash Reddy,,KADAPA,400000,2024-11-13T00:00:00.000Z,2024-11-13 00:00:00+00:00,657
229765,Andhra Pradesh,Andhra Pradesh,KADAPA,KADAPA,Y.S.R. Kadapa(DISTRICT COLLECTOR CUDDAPAH_IDA),Y.S.R. Kadapa(DISTRICT COLLECTOR CUDDAPAH_IDA),Normal/Others,Normal/Others,496000,Recommended,Recommended,2025-08-29T00:00:00.000Z,2025,Lok Sabha,18,0,False,0,0,"Providing Motor and Pipe line at  Nagulaguttapalli Village,Chakrayapeta, Mandal","Providing Motor and Pipe line at  Nagulaguttapalli Village,Chakrayapeta, Mandal",,Y S Avinash Reddy,,KADAPA,496000,2025-08-29T00:00:00.000Z,2025-08-29 00:00:00+00:00,368
169342,Andhra Pradesh,Andhra Pradesh,SRIKAKULAM,SRIKAKULAM,SRIKAKULAM(District Collector Srikakulam_IDA),SRIKAKULAM(District Collector Srikakulam_IDA),Normal/Others,Normal/Others,900000,Recommended,Recommended,2025-01-27T00:00:00.000Z,2025,Lok Sabha,18,0,True,718160,1,"Construction of Cremation Shed in Vadada village of Vadada GP, Gara mandal","Construction of Cremation Shed in Vadada village of Vadada GP, Gara mandal",,Kinjarapu Ram Mohan Naidu,,SRIKAKULAM,900000,2025-01-27T00:00:00.000Z,2025-01-27 00:00:00+00:00,582
169477,Andhra Pradesh,Andhra Pradesh,ELURU,ELURU,Eluru(DISTRICT COLLECTOR ELURU_IDA),Eluru(DISTRICT COLLECTOR ELURU_IDA),Normal/Others,Normal/Others,2000000,Recommended,Recommended,2025-01-28T00:00:00.000Z,2025,Lok Sabha,18,0,True,1947249,1,"Construction of 4Th Floor to existing Multipurpose Hall at Vallurivari Street Powerpeta ,Eluru Municipal Corporation Eluru","Construction of 4Th Floor to existing Multipurpose Hall at Vallurivari Street Powerpeta ,Eluru Municipal Corporation Eluru",,Putta Mahesh Kumar,,ELURU,2000000,2025-01-28T00:00:00.000Z,2025-01-28 00:00:00+00:00,581
152573,Andhra Pradesh,Andhra Pradesh,RAJAMPET,RAJAMPET,Annamayya(DISTRICT COLLECTOR ANNAMAYYA_IDA),Annamayya(DISTRICT COLLECTOR ANNAMAYYA_IDA),Normal/Others,Normal/Others,250000,Recommended,Recommended,2024-11-14T00:00:00.000Z,2024,Lok Sabha,18,0,False,0,0,"Providing Borewell, Pipe Line & Motor in Kummarapalli (V), Odiveedu (G.P)","Providing Borewell, Pipe Line & Motor in Kummarapalli (V), Odiveedu (G.P)",,Midhun Reddy,,RAJAMPET,250000,2024-11-14T00:00:00.000Z,2024-11-14 00:00:00+00:00,656
169611,Andhra Pradesh,Andhra Pradesh,VIZIANAGARAM,VIZIANAGARAM,VIZIANAGARAM(DISTRICT COLLECTOR VIZIANAGARAM_IDA),VIZIANAGARAM(DISTRICT COLLECTOR VIZIANAGARAM_IDA),Normal/Others,Normal/Others,1050000,Recommended,Recommended,2025-01-28T00:00:00.000Z,2025,Lok Sabha,18,0,False,0,0,Providing R.O Plant with Water Coller at Gantyada Village of Gantyada Mandal.,Providing R.O Plant with Water Coller at Gantyada Village of Gantyada Mandal.,,Appalanaidu Kalisetti,,VIZIANAGARAM,1050000,2025-01-28T00:00:00.000Z,2025-01-28 00:00:00+00:00,581
175556,Andaman And Nicobar Islands,Andaman And Nicobar Islands,ANDAMAN AND NICOBAR ISLANDS,ANDAMAN AND NICOBAR ISLANDS,SOUTH ANDAMANS(Implementing District Authority(SA)),SOUTH ANDAMANS(Implementing District Authority(SA)),Repair and Renovation,Repair and Renovation,4947034,Recommended,Recommended,2025-02-14T00:00:00.000Z,2025,Lok Sabha,18,0,True,3655060,1,"Repair and renovation of road from CPWD complex, Ranchi Tikrey Dairyfarm to Fisheries Quarter, Port Blair","Repair and renovation of road from CPWD complex, Ranchi Tikrey Dairyfarm to Fisheries Quarter, Port Blair",,BISHNU PADA RAY,,ANDAMAN AND NICOBAR ISLANDS,4947034,2025-02-14T00:00:00.000Z,2025-02-14 00:00:00+00:00,564
175561,Andaman And Nicobar Islands,Andaman And Nicobar Islands,ANDAMAN AND NICOBAR ISLANDS,ANDAMAN AND NICOBAR ISLANDS,SOUTH ANDAMANS(Implementing District Authority(SA)),SOUTH ANDAMANS(Implementing District Authority(SA)),Normal/Others,Normal/Others,1498887,Recommended,Recommended,2025-02-14T00:00:00.000Z,2025,Lok Sabha,18,0,True,1189292,1,"Construction of CC Motorable road between Govt. Primary School and Shri SK Singh house at Garacharma, Ward No.18, Port Blair","Construction of CC Motorable road between Govt. Primary School and Shri SK Singh house at Garacharma, Ward No.18, Port Blair",,BISHNU PADA RAY,,ANDAMAN AND NICOBAR ISLANDS,1498887,2025-02-14T00:00:00.000Z,2025-02-14 00:00:00+00:00,564
188528,Andaman And Nicobar Islands,Andaman And Nicobar Islands,ANDAMAN AND NICOBAR ISLANDS,ANDAMAN AND NICOBAR ISLANDS,SOUTH ANDAMANS(Implementing District Authority(SA)),SOUTH ANDAMANS(Implementing District Authority(SA)),Normal/Others,Normal/Others,1320600,Recommended,Recommended,2025-04-01T00:00:00.000Z,2025,Lok Sabha,18,0,True,803540,1,"Construction of CC drain from CPWD quarters to Fisheries Quarters via Sree Shaktivel Murugan Temple for a length of 350 mtrs at Ranci Tikrey, Dairy Farm, Ward No.9, SVP.","Construction of CC drain from CPWD quarters to Fisheries Quarters via Sree Shaktivel Murugan Temple for a length of 350 mtrs at Ranci Tikrey, Dairy Farm, Ward No.9, SVP.",,BISHNU PADA RAY,,ANDAMAN AND NICOBAR ISLANDS,1320600,2025-04-01T00:00:00.000Z,2025-04-01 00:00:00+00:00,518
899,Andhra Pradesh,Andhra Pradesh,TIRUPATI,TIRUPATI,Annamayya(DISTRICT COLLECTOR ANNAMAYYA_IDA),Annamayya(DISTRICT COLLECTOR ANNAMAYYA_IDA),Normal/Others,Normal/Others,390388,Recommended,Recommended,2024-11-02T00:00:00.000Z,2024,Lok Sabha,18,0,False,0,0,"Construction of CC Road D. Narayana house to R&B road in Pullareddy Palli H/W (V), Anantha Samudram G.P. in Pullampeta Mandal.","Construction of CC Road D. Narayana house to R&B road in Pullareddy Palli H/W (V), Anantha Samudram G.P. in Pullampeta Mandal.",,Maddila Gurumoorthy,,TIRUPATI,390388,2024-11-02T00:00:00.000Z,2024-11-02 00:00:00+00:00,668
1489,Andhra Pradesh,Andhra Pradesh,ARAKU,ARAKU,"EAST GODAVARI(DISTRICT COLLECTOR, EAST GODAVARI)","EAST GODAVARI(DISTRICT COLLECTOR, EAST GODAVARI)",Normal/Others,Normal/Others,500000,Recommended,Recommended,2025-08-07T00:00:00.000Z,2025,Lok Sabha,18,0,False,0,0,construction of cc road from n16 road to kallepali venkataraju site of konthamuru,construction of cc road from n16 road to kallepali venkataraju site of konthamuru,,Gumma Thanuja Rani,,ARAKU,500000,2025-08-07T00:00:00.000Z,2025-08-07 00:00:00+00:00,390
141551,Andhra Pradesh,Andhra Pradesh,CHITTOOR,CHITTOOR,Tirupati(DISTRICT COLLECTOR TIRUPATI_IDA),Tirupati(DISTRICT COLLECTOR TIRUPATI_IDA),Normal/Others,Normal/Others,490000,Recommended,Recommended,2024-09-18T00:00:00.000Z,2024,Lok Sabha,18,0,False,0,0,"Construction of WBM Road from Jimkalamitta SC Colony to Snam alloys Pvt. Link road at Jimkalamitta Village, Damalacheruvu GP of Pakala Mandal, Chandragiri Constituency.","Construction of WBM Road from Jimkalamitta SC Colony to Snam alloys Pvt. Link road at Jimkalamitta Village, Damalacheruvu GP of Pakala Mandal, Chandragiri Constituency.",,DAGGUMALLA PRASADA RAO,,CHITTOOR,490000,2024-09-18T00:00:00.000Z,2024-09-18 00:00:00+00:00,713
161715,Andhra Pradesh,Andhra Pradesh,TIRUPATI,TIRUPATI,Tirupati(DISTRICT COLLECTOR TIRUPATI_IDA),Tirupati(DISTRICT COLLECTOR TIRUPATI_IDA),Normal/Others,Normal/Others,180000,Recommended,Recommended,2024-12-27T00:00:00.000Z,2024,Lok Sabha,18,0,False,0,0,Providing street lights and fixtures at Irugulam in Satyavedu Mandal.,Providing street lights and fixtures at Irugulam in Satyavedu Mandal.,,Maddila Gurumoorthy,,TIRUPATI,180000,2024-12-27T00:00:00.000Z,2024-12-27 00:00:00+00:00,613
199552,Andhra Pradesh,Andhra Pradesh,TIRUPATI,TIRUPATI,Tirupati(DISTRICT COLLECTOR TIRUPATI_IDA),Tirupati(DISTRICT COLLECTOR TIRUPATI_IDA),Normal/Others,Normal/Others,300000,Recommended,Recommended,2025-05-19T00:00:00.000Z,2025,Lok Sabha,18,0,True,299331,1,Construction of CC Open Drain with cover slab from Mekapilla Guravaiah house to gonu Thirupalaiah house at Akkurthy HW Ho Akkurthy GP in Srikalahasthi Mandal.,Construction of CC Open Drain with cover slab from Mekapilla Guravaiah house to gonu Thirupalaiah house at Akkurthy HW Ho Akkurthy GP in Srikalahasthi Mandal.,,Maddila Gurumoorthy,,TIRUPATI,300000,2025-05-19T00:00:00.000Z,2025-05-19 00:00:00+00:00,470
1416,Andhra Pradesh,Andhra Pradesh,HINDUPUR,HINDUPUR,Ananthapuramu(DISTRICT COLLECTOR ANANTAPUR_IDA),Ananthapuramu(DISTRICT COLLECTOR ANANTAPUR_IDA),Repair and Renovation,Repair and Renovation,2500000,Recommended,Recommended,2025-07-01T00:00:00.000Z,2025,Lok Sabha,18,0,False,0,0,"Repairs to Community Hall (Kanakadasu Bhavan) near Indiramma colony at Sno. 169-2D, 169-2E. Garudapuram village of Kalyanadurg Mandal of Ananthapuramu district","Repairs to Community Hall (Kanakadasu Bhavan) near Indiramma colony at Sno. 169-2D, 169-2E. Garudapuram village of Kalyanadurg Mandal of Ananthapuramu district",,B K PARTHASARATHI,,HINDUPUR,2500000,2025-07-01T00:00:00.000Z,2025-07-01 00:00:00+00:00,427
195718,Andhra Pradesh,Andhra Pradesh,NANDYAL,NANDYAL,Nandyal(DISTRICT COLLECTOR NANDYAL_IDA),Nandyal(DISTRICT COLLECTOR NANDYAL_IDA),Normal/Others,Normal/Others,500000,Recommended,Recommended,2025-04-30T00:00:00.000Z,2025,Lok Sabha,18,0,True,500000,2,"Provision of safe drinking water and three phase power supply to Balapalatippa H O Erramatam GP, Kothapalli Mandal, Nandyal District. The area is facing acute water scarcity due to deep groundwater levels and insufficient solar-based supply. With a population of 135 in Janalagudem habitation, the existing infrastructure is inadequate. A borewell, pump set, and pipeline are essential to ensure uninterrupted water supply for public health and development.","Provision of safe drinking water and three phase power supply to Balapalatippa H O Erramatam GP, Kothapalli Mandal, Nandyal District. The area is facing acute water scarcity due to deep groundwater levels and insufficient solar-based supply. With a population of 135 in Janalagudem habitation, the existing infrastructure is inadequate. A borewell, pump set, and pipeline are essential to ensure uninterrupted water supply for public health and development.",,DR BYREDDY SHABARI,,NANDYAL,500000,2025-04-30T00:00:00.000Z,2025-04-30 00:00:00+00:00,489
161688,Andhra Pradesh,Andhra Pradesh,TIRUPATI,TIRUPATI,Tirupati(DISTRICT COLLECTOR TIRUPATI_IDA),Tirupati(DISTRICT COLLECTOR TIRUPATI_IDA),Normal/Others,Normal/Others,90000,Recommended,Recommended,2024-12-27T00:00:00.000Z,2024,Lok Sabha,18,0,False,0,0,Providing street lights and fixtures at Kondalacheruvu in Narayanavanam Mandal.,Providing street lights and fixtures at Kondalacheruvu in Narayanavanam Mandal.,,Maddila Gurumoorthy,,TIRUPATI,90000,2024-12-27T00:00:00.000Z,2024-12-27 00:00:00+00:00,613
196377,Andhra Pradesh,Andhra Pradesh,SRIKAKULAM,SRIKAKULAM,SRIKAKULAM(District Collector Srikakulam_IDA),SRIKAKULAM(District Collector Srikakulam_IDA),Normal/Others,Normal/Others,915000,Recommended,Recommended,2025-05-04T00:00:00.000Z,2025,Lok Sabha,18,0,True,906229,1,Providing Electrical Poles and Line in Korlakota GP Limits (7.50 lakh) and Kothavalasa GP Limits (1.65 lakh) of Amadalavalasa mandal,Providing Electrical Poles and Line in Korlakota GP Limits (7.50 lakh) and Kothavalasa GP Limits (1.65 lakh) of Amadalavalasa mandal,,Kinjarapu Ram Mohan Naidu,,SRIKAKULAM,915000,2025-05-04T00:00:00.000Z,2025-05-04 00:00:00+00:00,485
135658,Andhra Pradesh,Andhra Pradesh,CHITTOOR,CHITTOOR,CHITTOOR(DISTRICT COLLECTOR CHITTOOR_IDA),CHITTOOR(DISTRICT COLLECTOR CHITTOOR_IDA),Normal/Others,Normal/Others,2000000,Recommended,Recommended,2024-08-13T00:00:00.000Z,2024,Lok Sabha,18,0,True,1753337,1,BT Road from Aragonda Main Road to Kondrajukalava Village and GP in Thavanampalli Mandal of Puthalapattu Constituency.,BT Road from Aragonda Main Road to Kondrajukalava Village and GP in Thavanampalli Mandal of Puthalapattu Constituency.,,DAGGUMALLA PRASADA RAO,,CHITTOOR,2000000,2024-08-13T00:00:00.000Z,2024-08-13 00:00:00+00:00,749
196786,Andhra Pradesh,Andhra Pradesh,RAJAMPET,RAJAMPET,CHITTOOR(DISTRICT COLLECTOR CHITTOOR_IDA),CHITTOOR(DISTRICT COLLECTOR CHITTOOR_IDA),Normal/Others,Normal/Others,53000,Recommended,Recommended,2025-05-10T00:00:00.000Z,2025,Lok Sabha,18,0,False,0,0,"Augumenatation of PWS Scheme at Vootupalle,  Thimmanayunipalle GP","Augumenatation of PWS Scheme at Vootupalle,  Thimmanayunipalle GP",,Midhun Reddy,,RAJAMPET,53000,2025-05-10T00:00:00.000Z,2025-05-10 00:00:00+00:00,479
161690,Andhra Pradesh,Andhra Pradesh,TIRUPATI,TIRUPATI,Tirupati(DISTRICT COLLECTOR TIRUPATI_IDA),Tirupati(DISTRICT COLLECTOR TIRUPATI_IDA),Normal/Others,Normal/Others,90000,Recommended,Recommended,2024-12-27T00:00:00.000Z,2024,Lok Sabha,18,0,False,0,0,Providing street lights and fixtures at Thiruvatyam in Narayanavanam Mandal.,Providing street lights and fixtures at Thiruvatyam in Narayanavanam Mandal.,,Maddila Gurumoorthy,,TIRUPATI,90000,2024-12-27T00:00:00.000Z,2024-12-27 00:00:00+00:00,613
197236,Andhra Pradesh,Andhra Pradesh,ARAKU,ARAKU,Parvathipuram Manyam(District Collector Parvathipuram Manyam_IDA),Parvathipuram Manyam(District Collector Parvathipuram Manyam_IDA),Normal/Others,Normal/Others,150000,Recommended,Recommended,2025-05-07T00:00:00.000Z,2025,Lok Sabha,18,0,True,148319,1,formation of gravell road with drainage at burja village at Eedubilli polinaidu house,formation of gravell road with drainage at burja village at Eedubilli polinaidu house,,Gumma Thanuja Rani,,ARAKU,150000,2025-05-07T00:00:00.000Z,2025-05-07 00:00:00+00:00,482
830,Andhra Pradesh,Andhra Pradesh,ELURU,ELURU,Kakinada(DISTRICT COLLECTOR KAKINADA_IDA),Kakinada(DISTRICT COLLECTOR KAKINADA_IDA),Normal/Others,Normal/Others,2500000,Recommended,Recommended,2024-09-09T00:00:00.000Z,2024,Lok Sabha,18,0,False,0,0,"Construction of Veterinary Hospital at A.V. Nagaram village of Thondangi mandal, Kakinada district.","Construction of Veterinary Hospital at A.V. Nagaram village of Thondangi mandal, Kakinada district.",,Putta Mahesh Kumar,,ELURU,2500000,2024-09-09T00:00:00.000Z,2024-09-09 00:00:00+00:00,722
197238,Andhra Pradesh,Andhra Pradesh,ARAKU,ARAKU,Parvathipuram Manyam(District Collector Parvathipuram Manyam_IDA),Parvathipuram Manyam(District Collector Parvathipuram Manyam_IDA),Normal/Others,Normal/Others,200000,Recommended,Recommended,2025-05-07T00:00:00.000Z,2025,Lok Sabha,18,0,False,0,0,formation of gravel road at burrial ground at venkatapuram village and providing rig borewell,formation of gravel road at burrial ground at venkatapuram village and providing rig borewell,,Gumma Thanuja Rani,,ARAKU,200000,2025-05-07T00:00:00.000Z,2025-05-07 00:00:00+00:00,482
161692,Andhra Pradesh,Andhra Pradesh,TIRUPATI,TIRUPATI,Tirupati(DISTRICT COLLECTOR TIRUPATI_IDA),Tirupati(DISTRICT COLLECTOR TIRUPATI_IDA),Normal/Others,Normal/Others,50000,Recommended,Recommended,2024-12-27T00:00:00.000Z,2024,Lok Sabha,18,0,False,0,0,Providing street lights and fixtures at Bramhanathangal in Narayanavanam Mandal.,Providing street lights and fixtures at Bramhanathangal in Narayanavanam Mandal.,,Maddila Gurumoorthy,,TIRUPATI,50000,2024-12-27T00:00:00.000Z,2024-12-27 00:00:00+00:00,613
197240,Andhra Pradesh,Andhra Pradesh,ARAKU,ARAKU,Parvathipuram Manyam(District Collector Parvathipuram Manyam_IDA),Parvathipuram Manyam(District Collector Parvathipuram Manyam_IDA),Normal/Others,Normal/Others,300000,Recommended,Recommended,2025-05-07T00:00:00.000Z,2025,Lok Sabha,18,0,True,271619,1,construction of cc road at ballakristapuram village at rice mill,construction of cc road at ballakristapuram village at rice mill,,Gumma Thanuja Rani,,ARAKU,300000,2025-05-07T00:00:00.000Z,2025-05-07 00:00:00+00:00,482
135771,Andhra Pradesh,Andhra Pradesh,KADAPA,KADAPA,Y.S.R. Kadapa(DISTRICT COLLECTOR CUDDAPAH_IDA),Y.S.R. Kadapa(DISTRICT COLLECTOR CUDDAPAH_IDA),Normal/Others,Normal/Others,496000,Recommended,Recommended,2024-08-20T00:00:00.000Z,2024,Lok Sabha,18,0,False,0,0,"Laying of inspection track from Km 2.260 to km 2.900 of Cherlopalli Minor of Gurijala distributory near Bidinamcherla (V) of Simhadripuram (M), YSR District","Laying of inspection track from Km 2.260 to km 2.900 of Cherlopalli Minor of Gurijala distributory near Bidinamcherla (V) of Simhadripuram (M), YSR District",,Y S Avinash Reddy,,KADAPA,496000,2024-08-20T00:00:00.000Z,2024-08-20 00:00:00+00:00,742
197281,Andhra Pradesh,Andhra Pradesh,ARAKU,ARAKU,Parvathipuram Manyam(District Collector Parvathipuram Manyam_IDA),Parvathipuram Manyam(District Collector Parvathipuram Manyam_IDA),Normal/Others,Normal/Others,300000,Recommended,Recommended,2025-05-07T00:00:00.000Z,2025,Lok Sabha,18,0,True,290755,1,formatin of gravel road at panukuvalasa village,formatin of gravel road at panukuvalasa village,,Gumma Thanuja Rani,,ARAKU,300000,2025-05-07T00:00:00.000Z,2025-05-07 00:00:00+00:00,482
161694,Andhra Pradesh,Andhra Pradesh,TIRUPATI,TIRUPATI,Tirupati(DISTRICT COLLECTOR TIRUPATI_IDA),Tirupati(DISTRICT COLLECTOR TIRUPATI_IDA),Normal/Others,Normal/Others,90000,Recommended,Recommended,2024-12-27T00:00:00.000Z,2024,Lok Sabha,18,0,False,0,0,Providing street lights and fixtures at G N Khandriga  in Narayanavanam Mandal.,Providing street lights and fixtures at G N Khandriga  in Narayanavanam Mandal.,,Maddila Gurumoorthy,,TIRUPATI,90000,2024-12-27T00:00:00.000Z,2024-12-27 00:00:00+00:00,613
197283,Andhra Pradesh,Andhra Pradesh,ARAKU,ARAKU,Parvathipuram Manyam(District Collector Parvathipuram Manyam_IDA),Parvathipuram Manyam(District Collector Parvathipuram Manyam_IDA),Normal/Others,Normal/Others,300000,Recommended,Recommended,2025-05-07T00:00:00.000Z,2025,Lok Sabha,18,0,False,0,0,providing single phase transformer at nukkalavada village,providing single phase transformer at nukkalavada village,,Gumma Thanuja Rani,,ARAKU,300000,2025-05-07T00:00:00.000Z,2025-05-07 00:00:00+00:00,482
1429,Andhra Pradesh,Andhra Pradesh,RAJAMPET,RAJAMPET,Tirupati(DISTRICT COLLECTOR TIRUPATI_IDA),Tirupati(DISTRICT COLLECTOR TIRUPATI_IDA),Normal/Others,Normal/Others,500000,Recommended,Recommended,2025-07-06T00:00:00.000Z,2025,Lok Sabha,18,0,False,0,0,Providing RO Plant in Janga Vandla Palli Village and GP,Providing RO Plant in Janga Vandla Palli Village and GP,,Midhun Reddy,,RAJAMPET,500000,2025-07-06T00:00:00.000Z,2025-07-06 00:00:00+00:00,422
197288,Andhra Pradesh,Andhra Pradesh,KADAPA,KADAPA,Y.S.R. Kadapa(DISTRICT COLLECTOR CUDDAPAH_IDA),Y.S.R. Kadapa(DISTRICT COLLECTOR CUDDAPAH_IDA),Normal/Others,Normal/Others,250000,Recommended,Recommended,2025-05-27T00:00:00.000Z,2025,Lok Sabha,18,0,False,0,0,"Providing Ro Water Plant Machinery, Motor to Hari Swamy Temple in  Yerramreddypalli Village, Pulivendula Municipality,YSR District","Providing Ro Water Plant Machinery, Motor to Hari Swamy Temple in  Yerramreddypalli Village, Pulivendula Municipality,YSR District",,Y S Avinash Reddy,,KADAPA,250000,2025-05-27T00:00:00.000Z,2025-05-27 00:00:00+00:00,462
161696,Andhra Pradesh,Andhra Pradesh,TIRUPATI,TIRUPATI,Tirupati(DISTRICT COLLECTOR TIRUPATI_IDA),Tirupati(DISTRICT COLLECTOR TIRUPATI_IDA),Normal/Others,Normal/Others,90000,Recommended,Recommended,2024-12-27T00:00:00.000Z,2024,Lok Sabha,18,0,False,0,0,Providing street lights and fixtures at Thumbur in Narayanavanam Mandal.,Providing street lights and fixtures at Thumbur in Narayanavanam Mandal.,,Maddila Gurumoorthy,,TIRUPATI,90000,2024-12-27T00:00:00.000Z,2024-12-27 00:00:00+00:00,613
197294,Andhra Pradesh,Andhra Pradesh,KADAPA,KADAPA,Y.S.R. Kadapa(DISTRICT COLLECTOR CUDDAPAH_IDA),Y.S.R. Kadapa(DISTRICT COLLECTOR CUDDAPAH_IDA),Normal/Others,Normal/Others,497000,Recommended,Recommended,2025-05-27T00:00:00.000Z,2025,Lok Sabha,18,0,False,0,0,"Construction of compound wall for community Hall Near Ramalayam Temple, Vemula Village Mandal, YSR District","Construction of compound wall for community Hall Near Ramalayam Temple, Vemula Village Mandal, YSR District",,Y S Avinash Reddy,,KADAPA,497000,2025-05-27T00:00:00.000Z,2025-05-27 00:00:00+00:00,462
137081,Andhra Pradesh,Andhra Pradesh,ELURU,ELURU,Eluru(DISTRICT COLLECTOR ELURU_IDA),Eluru(DISTRICT COLLECTOR ELURU_IDA),Normal/Others,Normal/Others,400000,Recommended,Recommended,2024-08-26T00:00:00.000Z,2024,Lok Sabha,18,0,False,0,0,Providing Laboratory equipment to Physical Science/Biological Science/Mathematics and Social Studies.,Providing Laboratory equipment to Physical Science/Biological Science/Mathematics and Social Studies.,,Putta Mahesh Kumar,,ELURU,400000,2024-08-26T00:00:00.000Z,2024-08-26 00:00:00+00:00,736
197619,Andhra Pradesh,Andhra Pradesh,ARAKU,ARAKU,Parvathipuram Manyam(District Collector Parvathipuram Manyam_IDA),Parvathipuram Manyam(District Collector Parvathipuram Manyam_IDA),Normal/Others,Normal/Others,300000,Recommended,Recommended,2025-05-08T00:00:00.000Z,2025,Lok Sabha,18,0,True,271522,1,construction of cc road with drainage Rand B road to Aavala tirupatiama house,construction of cc road with drainage Rand B road to Aavala tirupatiama house,,Gumma Thanuja Rani,,ARAKU,300000,2025-05-08T00:00:00.000Z,2025-05-08 00:00:00+00:00,481
161698,Andhra Pradesh,Andhra Pradesh,TIRUPATI,TIRUPATI,Tirupati(DISTRICT COLLECTOR TIRUPATI_IDA),Tirupati(DISTRICT COLLECTOR TIRUPATI_IDA),Normal/Others,Normal/Others,90000,Recommended,Recommended,2024-12-27T00:00:00.000Z,2024,Lok Sabha,18,0,False,0,0,Providing street lights and fixtures at Paalamangalam North in Narayanavanam Mandal.,Providing street lights and fixtures at Paalamangalam North in Narayanavanam Mandal.,,Maddila Gurumoorthy,,TIRUPATI,90000,2024-12-27T00:00:00.000Z,2024-12-27 00:00:00+00:00,613
197623,Andhra Pradesh,Andhra Pradesh,ARAKU,ARAKU,Parvathipuram Manyam(District Collector Parvathipuram Manyam_IDA),Parvathipuram Manyam(District Collector Parvathipuram Manyam_IDA),Normal/Others,Normal/Others,200000,Recommended,Recommended,2025-05-08T00:00:00.000Z,2025,Lok Sabha,18,0,True,189962,1,formation of gravel road from hanuman temple to chilakalapalli BT road bridge at palagara village,formation of gravel road from hanuman temple to chilakalapalli BT road bridge at palagara village,,Gumma Thanuja Rani,,ARAKU,200000,2025-05-08T00:00:00.000Z,2025-05-08 00:00:00+00:00,481
197635,Andhra Pradesh,Andhra Pradesh,ARAKU,ARAKU,Alluri Sitharama Raju(DISTRICT COLLECTOR ALLURI SITHARAMARAJU_IDA),Alluri Sitharama Raju(DISTRICT COLLECTOR ALLURI SITHARAMARAJU_IDA),Normal/Others,Normal/Others,500000,Recommended,Recommended,2025-05-08T00:00:00.000Z,2025,Lok Sabha,18,0,True,487465,1,Construction of  Internal CC road from Main road to Killo Swamy house at Bamsuguda Village of Baski GP,Construction of  Internal CC road from Main road to Killo Swamy house at Bamsuguda Village of Baski GP,,Gumma Thanuja Rani,,ARAKU,500000,2025-05-08T00:00:00.000Z,2025-05-08 00:00:00+00:00,481
161700,Andhra Pradesh,Andhra Pradesh,TIRUPATI,TIRUPATI,Tirupati(DISTRICT COLLECTOR TIRUPATI_IDA),Tirupati(DISTRICT COLLECTOR TIRUPATI_IDA),Normal/Others,Normal/Others,50000,Recommended,Recommended,2024-12-27T00:00:00.000Z,2024,Lok Sabha,18,0,False,0,0,Providing street lights and fixtures at Samudayam  in Narayanavanam Mandal.,Providing street lights and fixtures at Samudayam  in Narayanavanam Mandal.,,Maddila Gurumoorthy,,TIRUPATI,50000,2024-12-27T00:00:00.000Z,2024-12-27 00:00:00+00:00,613
197637,Andhra Pradesh,Andhra Pradesh,ARAKU,ARAKU,Alluri Sitharama Raju(DISTRICT COLLECTOR ALLURI SITHARAMARAJU_IDA),Alluri Sitharama Raju(DISTRICT COLLECTOR ALLURI SITHARAMARAJU_IDA),Normal/Others,Normal/Others,500000,Recommended,Recommended,2025-05-08T00:00:00.000Z,2025,Lok Sabha,18,0,True,487259,1,construction of internal cc road from main road to killo balaram house at devarapali village baski GP,construction of internal cc road from main road to killo balaram house at devarapali village baski GP,,Gumma Thanuja Rani,,ARAKU,500000,2025-05-08T00:00:00.000Z,2025-05-08 00:00:00+00:00,481
140141,Andhra Pradesh,Andhra Pradesh,MACHILIPATNAM,MACHILIPATNAM,KRISHNA(DISTRICT COLLECTOR KRISHNA_IDA),KRISHNA(DISTRICT COLLECTOR KRISHNA_IDA),Normal/Others,Normal/Others,297000,Recommended,Recommended,2024-09-10T00:00:00.000Z,2024,Lok Sabha,18,0,False,0,0,mprovement of electrical distribution infrastructure at Ullipalem of Koduru Mandal in Krishna District,mprovement of electrical distribution infrastructure at Ullipalem of Koduru Mandal in Krishna District,,Balashowry Vallabbhaneni,,MACHILIPATNAM,297000,2024-09-10T00:00:00.000Z,2024-09-10 00:00:00+00:00,721
197997,Andhra Pradesh,Andhra Pradesh,RAJAHMUNDRY,RAJAHMUNDRY,"EAST GODAVARI(DISTRICT COLLECTOR, EAST GODAVARI)","EAST GODAVARI(DISTRICT COLLECTOR, EAST GODAVARI)",Normal/Others,Normal/Others,5000000,Recommended,Recommended,2025-05-09T00:00:00.000Z,2025,Lok Sabha,18,0,False,0,0,Construction of Multipurpose Activity Center in BC are (Patempeta) in Chagallu village of Chagallu Mandal,Construction of Multipurpose Activity Center in BC are (Patempeta) in Chagallu village of Chagallu Mandal,,Daggubati Purandeshwari,,RAJAHMUNDRY,5000000,2025-05-09T00:00:00.000Z,2025-05-09 00:00:00+00:00,480
161702,Andhra Pradesh,Andhra Pradesh,TIRUPATI,TIRUPATI,Tirupati(DISTRICT COLLECTOR TIRUPATI_IDA),Tirupati(DISTRICT COLLECTOR TIRUPATI_IDA),Normal/Others,Normal/Others,90000,Recommended,Recommended,2024-12-27T00:00:00.000Z,2024,Lok Sabha,18,0,False,0,0,Providing street lights and fixtures at Kasimitta in Narayanavanam Mandal.,Providing street lights and fixtures at Kasimitta in Narayanavanam Mandal.,,Maddila Gurumoorthy,,TIRUPATI,90000,2024-12-27T00:00:00.000Z,2024-12-27 00:00:00+00:00,613
198065,Andhra Pradesh,Andhra Pradesh,RAJAMPET,RAJAMPET,CHITTOOR(DISTRICT COLLECTOR CHITTOOR_IDA),CHITTOOR(DISTRICT COLLECTOR CHITTOOR_IDA),Normal/Others,Normal/Others,340000,Recommended,Recommended,2025-05-10T00:00:00.000Z,2025,Lok Sabha,18,0,False,0,0,Providing pipeline at  Nagari HW   Bommaiahgari palle G.P,Providing pipeline at  Nagari HW   Bommaiahgari palle G.P,,Midhun Reddy,,RAJAMPET,340000,2025-05-10T00:00:00.000Z,2025-05-10 00:00:00+00:00,479
1431,Andhra Pradesh,Andhra Pradesh,RAJAMPET,RAJAMPET,Y.S.R. Kadapa(DISTRICT COLLECTOR CUDDAPAH_IDA),Y.S.R. Kadapa(DISTRICT COLLECTOR CUDDAPAH_IDA),Normal/Others,Normal/Others,500000,Recommended,Recommended,2025-07-06T00:00:00.000Z,2025,Lok Sabha,18,0,False,0,0,Construction of Pipe Culvert and Approach Roads in Vontimitta Village and GP,Construction of Pipe Culvert and Approach Roads in Vontimitta Village and GP,,Midhun Reddy,,RAJAMPET,500000,2025-07-06T00:00:00.000Z,2025-07-06 00:00:00+00:00,422
198092,Andhra Pradesh,Andhra Pradesh,RAJAMPET,RAJAMPET,CHITTOOR(DISTRICT COLLECTOR CHITTOOR_IDA),CHITTOOR(DISTRICT COLLECTOR CHITTOOR_IDA),Normal/Others,Normal/Others,140000,Recommended,Recommended,2025-05-10T00:00:00.000Z,2025,Lok Sabha,18,0,False,0,0,"Providing pipeline at Busireddi gari palle, Ch Ch reddy gari palle G.P","Providing pipeline at Busireddi gari palle, Ch Ch reddy gari palle G.P",,Midhun Reddy,,RAJAMPET,140000,2025-05-10T00:00:00.000Z,2025-05-10 00:00:00+00:00,479
161704,Andhra Pradesh,Andhra Pradesh,TIRUPATI,TIRUPATI,Tirupati(DISTRICT COLLECTOR TIRUPATI_IDA),Tirupati(DISTRICT COLLECTOR TIRUPATI_IDA),Normal/Others,Normal/Others,424000,Recommended,Recommended,2024-12-27T00:00:00.000Z,2024,Lok Sabha,18,0,True,423883,1,"Providing of Electricity distribution infrastructure to Chenchuraaju Kandriga Village, Ramapuram Village, Pichatur Mandal.","Providing of Electricity distribution infrastructure to Chenchuraaju Kandriga Village, Ramapuram Village, Pichatur Mandal.",,Maddila Gurumoorthy,,TIRUPATI,424000,2024-12-27T00:00:00.000Z,2024-12-27 00:00:00+00:00,613
198127,Andhra Pradesh,Andhra Pradesh,RAJAMPET,RAJAMPET,CHITTOOR(DISTRICT COLLECTOR CHITTOOR_IDA),CHITTOOR(DISTRICT COLLECTOR CHITTOOR_IDA),Normal/Others,Normal/Others,75000,Recommended,Recommended,2025-05-10T00:00:00.000Z,2025,Lok Sabha,18,0,False,0,0,Providing pipeline at  Kallavari palle Ganugachintha G.P,Providing pipeline at  Kallavari palle Ganugachintha G.P,,Midhun Reddy,,RAJAMPET,75000,2025-05-10T00:00:00.000Z,2025-05-10 00:00:00+00:00,479
140144,Andhra Pradesh,Andhra Pradesh,MACHILIPATNAM,MACHILIPATNAM,KRISHNA(DISTRICT COLLECTOR KRISHNA_IDA),KRISHNA(DISTRICT COLLECTOR KRISHNA_IDA),Normal/Others,Normal/Others,896000,Recommended,Recommended,2024-09-10T00:00:00.000Z,2024,Lok Sabha,18,0,True,896000,1,"Purchase of Real time micro PCR system for cancer van at GGH, Machilipatnam","Purchase of Real time micro PCR system for cancer van at GGH, Machilipatnam",,Balashowry Vallabbhaneni,,MACHILIPATNAM,896000,2024-09-10T00:00:00.000Z,2024-09-10 00:00:00+00:00,721
198346,Andhra Pradesh,Andhra Pradesh,RAJAMPET,RAJAMPET,CHITTOOR(DISTRICT COLLECTOR CHITTOOR_IDA),CHITTOOR(DISTRICT COLLECTOR CHITTOOR_IDA),Normal/Others,Normal/Others,65000,Recommended,Recommended,2025-05-10T00:00:00.000Z,2025,Lok Sabha,18,0,False,0,0,Providing pipeline at GOTTIPALIVARI PALLE  RAYAVARI PALLE G.P,Providing pipeline at GOTTIPALIVARI PALLE  RAYAVARI PALLE G.P,,Midhun Reddy,,RAJAMPET,65000,2025-05-10T00:00:00.000Z,2025-05-10 00:00:00+00:00,479
161706,Andhra Pradesh,Andhra Pradesh,TIRUPATI,TIRUPATI,Tirupati(DISTRICT COLLECTOR TIRUPATI_IDA),Tirupati(DISTRICT COLLECTOR TIRUPATI_IDA),Normal/Others,Normal/Others,100000,Recommended,Recommended,2024-12-27T00:00:00.000Z,2024,Lok Sabha,18,0,True,96394,1,"Providing of Electricity distribution infrastructure to Ramapuram Jagananna Colony Ramapuram Village, Pichatur Mandal.","Providing of Electricity distribution infrastructure to Ramapuram Jagananna Colony Ramapuram Village, Pichatur Mandal.",,Maddila Gurumoorthy,,TIRUPATI,100000,2024-12-27T00:00:00.000Z,2024-12-27 00:00:00+00:00,613
198352,Andhra Pradesh,Andhra Pradesh,RAJAMPET,RAJAMPET,CHITTOOR(DISTRICT COLLECTOR CHITTOOR_IDA),CHITTOOR(DISTRICT COLLECTOR CHITTOOR_IDA),Normal/Others,Normal/Others,45000,Recommended,Recommended,2025-05-10T00:00:00.000Z,2025,Lok Sabha,18,0,False,0,0,Providing pipeline at UPPUVADDE PALLE GADDAMVARIPALLE G.P,Providing pipeline at UPPUVADDE PALLE GADDAMVARIPALLE G.P,,Midhun Reddy,,RAJAMPET,45000,2025-05-10T00:00:00.000Z,2025-05-10 00:00:00+00:00,479
898,Andhra Pradesh,Andhra Pradesh,TIRUPATI,TIRUPATI,Annamayya(DISTRICT COLLECTOR ANNAMAYYA_IDA),Annamayya(DISTRICT COLLECTOR ANNAMAYYA_IDA),Normal/Others,Normal/Others,288926,Recommended,Recommended,2024-11-02T00:00:00.000Z,2024,Lok Sabha,18,0,False,0,0,"Construction of CC road from Ramulavari Gudi to Jandaman in A.Puthanavari Palli (V), Anantha samudram G.P.in Pullampeta Mandal.","Construction of CC road from Ramulavari Gudi to Jandaman in A.Puthanavari Palli (V), Anantha samudram G.P.in Pullampeta Mandal.",,Maddila Gurumoorthy,,TIRUPATI,288926,2024-11-02T00:00:00.000Z,2024-11-02 00:00:00+00:00,668
198367,Andhra Pradesh,Andhra Pradesh,RAJAMPET,RAJAMPET,CHITTOOR(DISTRICT COLLECTOR CHITTOOR_IDA),CHITTOOR(DISTRICT COLLECTOR CHITTOOR_IDA),Normal/Others,Normal/Others,100000,Recommended,Recommended,2025-05-10T00:00:00.000Z,2025,Lok Sabha,18,0,False,0,0,"Augmentation of PWS Scheme at Erramvandlapalli, Ayyavandlapalli G.P","Augmentation of PWS Scheme at Erramvandlapalli, Ayyavandlapalli G.P",,Midhun Reddy,,RAJAMPET,100000,2025-05-10T00:00:00.000Z,2025-05-10 00:00:00+00:00,479
161708,Andhra Pradesh,Andhra Pradesh,TIRUPATI,TIRUPATI,Tirupati(DISTRICT COLLECTOR TIRUPATI_IDA),Tirupati(DISTRICT COLLECTOR TIRUPATI_IDA),Normal/Others,Normal/Others,256000,Recommended,Recommended,2024-12-27T00:00:00.000Z,2024,Lok Sabha,18,0,True,255918,1,"Providing of Electricity distribution infrastructure to Kothagallu kandriga Village Mudiyur Gram Panchayat, Pichatur Mandal.","Providing of Electricity distribution infrastructure to Kothagallu kandriga Village Mudiyur Gram Panchayat, Pichatur Mandal.",,Maddila Gurumoorthy,,TIRUPATI,256000,2024-12-27T00:00:00.000Z,2024-12-27 00:00:00+00:00,613
198978,Andhra Pradesh,Andhra Pradesh,TIRUPATI,TIRUPATI,Tirupati(DISTRICT COLLECTOR TIRUPATI_IDA),Tirupati(DISTRICT COLLECTOR TIRUPATI_IDA),Normal/Others,Normal/Others,435000,Recommended,Recommended,2025-05-19T00:00:00.000Z,2025,Lok Sabha,18,0,True,432724,1,Providing Street lights and fixtures in Saraswathikandriga of Saraswathikandriga GP in Yerpedu Mandal.,Providing Street lights and fixtures in Saraswathikandriga of Saraswathikandriga GP in Yerpedu Mandal.,,Maddila Gurumoorthy,,TIRUPATI,435000,2025-05-19T00:00:00.000Z,2025-05-19 00:00:00+00:00,470
140439,Andhra Pradesh,Andhra Pradesh,KADAPA,KADAPA,Y.S.R. Kadapa(DISTRICT COLLECTOR CUDDAPAH_IDA),Y.S.R. Kadapa(DISTRICT COLLECTOR CUDDAPAH_IDA),Normal/Others,Normal/Others,400000,Recommended,Recommended,2024-09-12T00:00:00.000Z,2024,Lok Sabha,18,0,False,0,0,"Newly Established Govt. Degree College for women, pulivendula YSR District to provide infra & Instuctional facilities to the college ex:- Dual  Desks & Desktopos.","Newly Established Govt. Degree College for women, pulivendula YSR District to provide infra & Instuctional facilities to the college ex:- Dual  Desks & Desktopos.",,Y S Avinash Reddy,,KADAPA,400000,2024-09-12T00:00:00.000Z,2024-09-12 00:00:00+00:00,719
199337,Andhra Pradesh,Andhra Pradesh,ARAKU,ARAKU,Parvathipuram Manyam(District Collector Parvathipuram Manyam_IDA),Parvathipuram Manyam(District Collector Parvathipuram Manyam_IDA),Normal/Others,Normal/Others,100000,Recommended,Recommended,2025-05-14T00:00:00.000Z,2025,Lok Sabha,18,0,True,97916,1,formaton of selected earthern road from kusumuru vantharam to bevara simhadri naidu field,formaton of selected earthern road from kusumuru vantharam to bevara simhadri naidu field,,Gumma Thanuja Rani,,ARAKU,100000,2025-05-14T00:00:00.000Z,2025-05-14 00:00:00+00:00,475
175556,Andaman And Nicobar Islands,Andaman And Nicobar Islands,ANDAMAN AND NICOBAR ISLANDS,ANDAMAN AND NICOBAR ISLANDS,SOUTH ANDAMANS(Implementing District Authority(SA)),SOUTH ANDAMANS(Implementing District Authority(SA)),Repair and Renovation,Repair and Renovation,4947034,Recommended,Recommended,2025-02-14T00:00:00.000Z,2025,Lok Sabha,18,0,True,3655060,1,"Repair and renovation of road from CPWD complex, Ranchi Tikrey Dairyfarm to Fisheries Quarter, Port Blair","Repair and renovation of road from CPWD complex, Ranchi Tikrey Dairyfarm to Fisheries Quarter, Port Blair",,BISHNU PADA RAY,,ANDAMAN AND NICOBAR ISLANDS,4947034,2025-02-14T00:00:00.000Z,2025-02-14 00:00:00+00:00,564
175561,Andaman And Nicobar Islands,Andaman And Nicobar Islands,ANDAMAN AND NICOBAR ISLANDS,ANDAMAN AND NICOBAR ISLANDS,SOUTH ANDAMANS(Implementing District Authority(SA)),SOUTH ANDAMANS(Implementing District Authority(SA)),Normal/Others,Normal/Others,1498887,Recommended,Recommended,2025-02-14T00:00:00.000Z,2025,Lok Sabha,18,0,True,1189292,1,"Construction of CC Motorable road between Govt. Primary School and Shri SK Singh house at Garacharma, Ward No.18, Port Blair","Construction of CC Motorable road between Govt. Primary School and Shri SK Singh house at Garacharma, Ward No.18, Port Blair",,BISHNU PADA RAY,,ANDAMAN AND NICOBAR ISLANDS,1498887,2025-02-14T00:00:00.000Z,2025-02-14 00:00:00+00:00,564
188528,Andaman And Nicobar Islands,Andaman And Nicobar Islands,ANDAMAN AND NICOBAR ISLANDS,ANDAMAN AND NICOBAR ISLANDS,SOUTH ANDAMANS(Implementing District Authority(SA)),SOUTH ANDAMANS(Implementing District Authority(SA)),Normal/Others,Normal/Others,1320600,Recommended,Recommended,2025-04-01T00:00:00.000Z,2025,Lok Sabha,18,0,True,803540,1,"Construction of CC drain from CPWD quarters to Fisheries Quarters via Sree Shaktivel Murugan Temple for a length of 350 mtrs at Ranci Tikrey, Dairy Farm, Ward No.9, SVP.","Construction of CC drain from CPWD quarters to Fisheries Quarters via Sree Shaktivel Murugan Temple for a length of 350 mtrs at Ranci Tikrey, Dairy Farm, Ward No.9, SVP.",,BISHNU PADA RAY,,ANDAMAN AND NICOBAR ISLANDS,1320600,2025-04-01T00:00:00.000Z,2025-04-01 00:00:00+00:00,518
899,Andhra Pradesh,Andhra Pradesh,TIRUPATI,TIRUPATI,Annamayya(DISTRICT COLLECTOR ANNAMAYYA_IDA),Annamayya(DISTRICT COLLECTOR ANNAMAYYA_IDA),Normal/Others,Normal/Others,390388,Recommended,Recommended,2024-11-02T00:00:00.000Z,2024,Lok Sabha,18,0,False,0,0,"Construction of CC Road D. Narayana house to R&B road in Pullareddy Palli H/W (V), Anantha Samudram G.P. in Pullampeta Mandal.","Construction of CC Road D. Narayana house to R&B road in Pullareddy Palli H/W (V), Anantha Samudram G.P. in Pullampeta Mandal.",,Maddila Gurumoorthy,,TIRUPATI,390388,2024-11-02T00:00:00.000Z,2024-11-02 00:00:00+00:00,668
1489,Andhra Pradesh,Andhra Pradesh,ARAKU,ARAKU,"EAST GODAVARI(DISTRICT COLLECTOR, EAST GODAVARI)","EAST GODAVARI(DISTRICT COLLECTOR, EAST GODAVARI)",Normal/Others,Normal/Others,500000,Recommended,Recommended,2025-08-07T00:00:00.000Z,2025,Lok Sabha,18,0,False,0,0,construction of cc road from n16 road to kallepali venkataraju site of konthamuru,construction of cc road from n16 road to kallepali venkataraju site of konthamuru,,Gumma Thanuja Rani,,ARAKU,500000,2025-08-07T00:00:00.000Z,2025-08-07 00:00:00+00:00,390
141551,Andhra Pradesh,Andhra Pradesh,CHITTOOR,CHITTOOR,Tirupati(DISTRICT COLLECTOR TIRUPATI_IDA),Tirupati(DISTRICT COLLECTOR TIRUPATI_IDA),Normal/Others,Normal/Others,490000,Recommended,Recommended,2024-09-18T00:00:00.000Z,2024,Lok Sabha,18,0,False,0,0,"Construction of WBM Road from Jimkalamitta SC Colony to Snam alloys Pvt. Link road at Jimkalamitta Village, Damalacheruvu GP of Pakala Mandal, Chandragiri Constituency.","Construction of WBM Road from Jimkalamitta SC Colony to Snam alloys Pvt. Link road at Jimkalamitta Village, Damalacheruvu GP of Pakala Mandal, Chandragiri Constituency.",,DAGGUMALLA PRASADA RAO,,CHITTOOR,490000,2024-09-18T00:00:00.000Z,2024-09-18 00:00:00+00:00,713
161715,Andhra Pradesh,Andhra Pradesh,TIRUPATI,TIRUPATI,Tirupati(DISTRICT COLLECTOR TIRUPATI_IDA),Tirupati(DISTRICT COLLECTOR TIRUPATI_IDA),Normal/Others,Normal/Others,180000,Recommended,Recommended,2024-12-27T00:00:00.000Z,2024,Lok Sabha,18,0,False,0,0,Providing street lights and fixtures at Irugulam in Satyavedu Mandal.,Providing street lights and fixtures at Irugulam in Satyavedu Mandal.,,Maddila Gurumoorthy,,TIRUPATI,180000,2024-12-27T00:00:00.000Z,2024-12-27 00:00:00+00:00,613
199552,Andhra Pradesh,Andhra Pradesh,TIRUPATI,TIRUPATI,Tirupati(DISTRICT COLLECTOR TIRUPATI_IDA),Tirupati(DISTRICT COLLECTOR TIRUPATI_IDA),Normal/Others,Normal/Others,300000,Recommended,Recommended,2025-05-19T00:00:00.000Z,2025,Lok Sabha,18,0,True,299331,1,Construction of CC Open Drain with cover slab from Mekapilla Guravaiah house to gonu Thirupalaiah house at Akkurthy HW Ho Akkurthy GP in Srikalahasthi Mandal.,Construction of CC Open Drain with cover slab from Mekapilla Guravaiah house to gonu Thirupalaiah house at Akkurthy HW Ho Akkurthy GP in Srikalahasthi Mandal.,,Maddila Gurumoorthy,,TIRUPATI,300000,2025-05-19T00:00:00.000Z,2025-05-19 00:00:00+00:00,470
169799,Andhra Pradesh,Andhra Pradesh,SRIKAKULAM,SRIKAKULAM,SRIKAKULAM(District Collector Srikakulam_IDA),SRIKAKULAM(District Collector Srikakulam_IDA),Normal/Others,Normal/Others,500000,Recommended,Recommended,2025-01-29T00:00:00.000Z,2025,Lok Sabha,18,0,False,0,0,Construction of Community Hall at Lakkavaram village of Palasapuram GP of Sompeta mandal.,Construction of Community Hall at Lakkavaram village of Palasapuram GP of Sompeta mandal.,,Kinjarapu Ram Mohan Naidu,,SRIKAKULAM,500000,2025-01-29T00:00:00.000Z,2025-01-29 00:00:00+00:00,580
152589,Andhra Pradesh,Andhra Pradesh,RAJAMPET,RAJAMPET,Annamayya(DISTRICT COLLECTOR ANNAMAYYA_IDA),Annamayya(DISTRICT COLLECTOR ANNAMAYYA_IDA),Normal/Others,Normal/Others,200000,Recommended,Recommended,2024-11-14T00:00:00.000Z,2024,Lok Sabha,18,0,True,184805,1,Construction of Compound wall to Hindu Burail Ground in Pullampeta (V&G.P),Construction of Compound wall to Hindu Burail Ground in Pullampeta (V&G.P),,Midhun Reddy,,RAJAMPET,200000,2024-11-14T00:00:00.000Z,2024-11-14 00:00:00+00:00,656
169812,Andhra Pradesh,Andhra Pradesh,GUNTUR,GUNTUR,GUNTUR(DISTRICT COLLECTOR GUNTUR_IDA),GUNTUR(DISTRICT COLLECTOR GUNTUR_IDA),Normal/Others,Normal/Others,500000,Recommended,Recommended,2025-02-06T00:00:00.000Z,2025,Lok Sabha,18,0,True,483814,1,"Providing internal CC roads in Pamulapadu (V) of Tadikonda Mandal, Guntur District","Providing internal CC roads in Pamulapadu (V) of Tadikonda Mandal, Guntur District",,Dr Chandra Sekhar Pemmasani,,GUNTUR,500000,2025-02-06T00:00:00.000Z,2025-02-06 00:00:00+00:00,572
1294,Andhra Pradesh,Andhra Pradesh,ANAKAPALLE,ANAKAPALLE,Y.S.R. Kadapa(DISTRICT COLLECTOR CUDDAPAH_IDA),Y.S.R. Kadapa(DISTRICT COLLECTOR CUDDAPAH_IDA),Repair and Renovation,Repair and Renovation,2480752,Recommended,Recommended,2025-05-07T00:00:00.000Z,2025,Lok Sabha,18,0,False,0,0,Urgent repairs to Kamalapuram - Potladurthi road from KM 18-110 - 18-200 near Potladurthi Village of Yerraguntla Mandal in YSR Kadapa District,Urgent repairs to Kamalapuram - Potladurthi road from KM 18-110 - 18-200 near Potladurthi Village of Yerraguntla Mandal in YSR Kadapa District,,C.M.RAMESH,,ANAKAPALLE,2480752,2025-05-07T00:00:00.000Z,2025-05-07 00:00:00+00:00,482
169818,Andhra Pradesh,Andhra Pradesh,GUNTUR,GUNTUR,GUNTUR(DISTRICT COLLECTOR GUNTUR_IDA),GUNTUR(DISTRICT COLLECTOR GUNTUR_IDA),Normal/Others,Normal/Others,500000,Recommended,Recommended,2025-02-06T00:00:00.000Z,2025,Lok Sabha,18,0,True,481043,1,"Providing internal CC roads in Vemavaram (V) of Phirangipuram Mandal, Guntur District","Providing internal CC roads in Vemavaram (V) of Phirangipuram Mandal, Guntur District",,Dr Chandra Sekhar Pemmasani,,GUNTUR,500000,2025-02-06T00:00:00.000Z,2025-02-06 00:00:00+00:00,572
152984,Andhra Pradesh,Andhra Pradesh,KADAPA,KADAPA,Y.S.R. Kadapa(DISTRICT COLLECTOR CUDDAPAH_IDA),Y.S.R. Kadapa(DISTRICT COLLECTOR CUDDAPAH_IDA),Normal/Others,Normal/Others,300000,Recommended,Recommended,2024-12-14T00:00:00.000Z,2024,Lok Sabha,18,0,False,0,0,Formation of Road upto Gravel Surface from Vara Lakshmi Fields to N Pedha Obulesu Fields at B Kottalapalli (V &GP) of Kondapuram Mandal,Formation of Road upto Gravel Surface from Vara Lakshmi Fields to N Pedha Obulesu Fields at B Kottalapalli (V &GP) of Kondapuram Mandal,,Y S Avinash Reddy,,KADAPA,300000,2024-12-14T00:00:00.000Z,2024-12-14 00:00:00+00:00,626
170942,Andhra Pradesh,Andhra Pradesh,GUNTUR,GUNTUR,GUNTUR(DISTRICT COLLECTOR GUNTUR_IDA),GUNTUR(DISTRICT COLLECTOR GUNTUR_IDA),Normal/Others,Normal/Others,1000000,Recommended,Recommended,2025-02-06T00:00:00.000Z,2025,Lok Sabha,18,0,False,0,0,"Construction of Karma shala building in Hindu Burial ground at Vengalayapalem (V) of Guntur Rural Mandal, Guntur District","Construction of Karma shala building in Hindu Burial ground at Vengalayapalem (V) of Guntur Rural Mandal, Guntur District",,Dr Chandra Sekhar Pemmasani,,GUNTUR,1000000,2025-02-06T00:00:00.000Z,2025-02-06 00:00:00+00:00,572
172266,Andhra Pradesh,Andhra Pradesh,ANANTAPUR,ANANTAPUR,Ananthapuramu(DISTRICT COLLECTOR ANANTAPUR_IDA),Ananthapuramu(DISTRICT COLLECTOR ANANTAPUR_IDA),Normal/Others,Normal/Others,500000,Recommended,Recommended,2025-02-03T00:00:00.000Z,2025,Lok Sabha,18,0,False,0,0,"Providing Bus Shelter at Nemakal (V), Bommanhal (M)","Providing Bus Shelter at Nemakal (V), Bommanhal (M)",,AMBICA G LAKSHMINARAYANA VALMIKI,,ANANTAPUR,500000,2025-02-03T00:00:00.000Z,2025-02-03 00:00:00+00:00,575
155540,Andhra Pradesh,Andhra Pradesh,KADAPA,KADAPA,Y.S.R. Kadapa(DISTRICT COLLECTOR CUDDAPAH_IDA),Y.S.R. Kadapa(DISTRICT COLLECTOR CUDDAPAH_IDA),Normal/Others,Normal/Others,300000,Recommended,Recommended,2024-12-14T00:00:00.000Z,2024,Lok Sabha,18,0,False,0,0,"Construction of Bus Shelter at ZPHS  High School at Nallapureddypalli Village,  Erraballi GP of Pulivendula Mandal","Construction of Bus Shelter at ZPHS  High School at Nallapureddypalli Village,  Erraballi GP of Pulivendula Mandal",,Y S Avinash Reddy,,KADAPA,300000,2024-12-14T00:00:00.000Z,2024-12-14 00:00:00+00:00,626
172278,Andhra Pradesh,Andhra Pradesh,ANANTAPUR,ANANTAPUR,Ananthapuramu(DISTRICT COLLECTOR ANANTAPUR_IDA),Ananthapuramu(DISTRICT COLLECTOR ANANTAPUR_IDA),Normal/Others,Normal/Others,500000,Recommended,Recommended,2025-02-03T00:00:00.000Z,2025,Lok Sabha,18,0,True,356063,1,"Construction of Compound Wall to OHSR tank at Mamuduru (V), Gooty (M)","Construction of Compound Wall to OHSR tank at Mamuduru (V), Gooty (M)",,AMBICA G LAKSHMINARAYANA VALMIKI,,ANANTAPUR,500000,2025-02-03T00:00:00.000Z,2025-02-03 00:00:00+00:00,575
173829,Andhra Pradesh,Andhra Pradesh,HINDUPUR,HINDUPUR,Sri Sathya Sai(DISTRICT COLLECTOR SRI SATHYA SAI_IDA),Sri Sathya Sai(DISTRICT COLLECTOR SRI SATHYA SAI_IDA),Normal/Others,Normal/Others,500000,Recommended,Recommended,2025-02-06T00:00:00.000Z,2025,Lok Sabha,18,0,False,0,0,Construction of Bus shelter at Rajiv Gandhi circle at in survey No. 435-3 of Madakasira Nagarapanchayat.,Construction of Bus shelter at Rajiv Gandhi circle at in survey No. 435-3 of Madakasira Nagarapanchayat.,,B K PARTHASARATHI,,HINDUPUR,500000,2025-02-06T00:00:00.000Z,2025-02-06 00:00:00+00:00,572
155623,Andhra Pradesh,Andhra Pradesh,RAJAMPET,RAJAMPET,Annamayya(DISTRICT COLLECTOR ANNAMAYYA_IDA),Annamayya(DISTRICT COLLECTOR ANNAMAYYA_IDA),Normal/Others,Normal/Others,500000,Recommended,Recommended,2024-11-28T00:00:00.000Z,2024,Lok Sabha,18,0,False,0,0,"Providing Borewell & Pump Set & Pipeline from Othacheruvu to Badiselavanka, Thimmasamudram (G.P)","Providing Borewell & Pump Set & Pipeline from Othacheruvu to Badiselavanka, Thimmasamudram (G.P)",,Midhun Reddy,,RAJAMPET,500000,2024-11-28T00:00:00.000Z,2024-11-28 00:00:00+00:00,642
173831,Andhra Pradesh,Andhra Pradesh,HINDUPUR,HINDUPUR,Sri Sathya Sai(DISTRICT COLLECTOR SRI SATHYA SAI_IDA),Sri Sathya Sai(DISTRICT COLLECTOR SRI SATHYA SAI_IDA),Normal/Others,Normal/Others,500000,Recommended,Recommended,2025-02-06T00:00:00.000Z,2025,Lok Sabha,18,0,False,0,0,Construction of Bus shelter in Survey No.108-1A at Dodderi Village of Rolla (M),Construction of Bus shelter in Survey No.108-1A at Dodderi Village of Rolla (M),,B K PARTHASARATHI,,HINDUPUR,500000,2025-02-06T00:00:00.000Z,2025-02-06 00:00:00+00:00,572
173837,Andhra Pradesh,Andhra Pradesh,HINDUPUR,HINDUPUR,Sri Sathya Sai(DISTRICT COLLECTOR SRI SATHYA SAI_IDA),Sri Sathya Sai(DISTRICT COLLECTOR SRI SATHYA SAI_IDA),Normal/Others,Normal/Others,500000,Recommended,Recommended,2025-02-06T00:00:00.000Z,2025,Lok Sabha,18,0,False,0,0,Construction of compound wall to Ambedkar Smruthi Vanam SC in Sno 593-1 of Amarapuram(V)M,Construction of compound wall to Ambedkar Smruthi Vanam SC in Sno 593-1 of Amarapuram(V)M,,B K PARTHASARATHI,,HINDUPUR,500000,2025-02-06T00:00:00.000Z,2025-02-06 00:00:00+00:00,572
156397,Andhra Pradesh,Andhra Pradesh,HINDUPUR,HINDUPUR,Ananthapuramu(DISTRICT COLLECTOR ANANTAPUR_IDA),Ananthapuramu(DISTRICT COLLECTOR ANANTAPUR_IDA),Normal/Others,Normal/Others,500000,Recommended,Recommended,2024-12-02T00:00:00.000Z,2024,Lok Sabha,18,0,True,498353,1,Improvement of electricity distribution infrastructure,Improvement of electricity distribution infrastructure,,B K PARTHASARATHI,,HINDUPUR,500000,2024-12-02T00:00:00.000Z,2024-12-02 00:00:00+00:00,638
174787,Andhra Pradesh,Andhra Pradesh,VIZIANAGARAM,VIZIANAGARAM,VIZIANAGARAM(DISTRICT COLLECTOR VIZIANAGARAM_IDA),VIZIANAGARAM(DISTRICT COLLECTOR VIZIANAGARAM_IDA),Normal/Others,Normal/Others,200000,Recommended,Recommended,2025-02-10T00:00:00.000Z,2025,Lok Sabha,18,0,False,0,0,Construction of CC Drains from Yarabala Eswar rao House to Reddi Savitramma House at Ambedkar colony in ward No.10 of Bobbili Municipality,Construction of CC Drains from Yarabala Eswar rao House to Reddi Savitramma House at Ambedkar colony in ward No.10 of Bobbili Municipality,,Appalanaidu Kalisetti,,VIZIANAGARAM,200000,2025-02-10T00:00:00.000Z,2025-02-10 00:00:00+00:00,568
1344,Andhra Pradesh,Andhra Pradesh,VIZIANAGARAM,VIZIANAGARAM,Anakapalli(DISTRICT COLLECTOR ANAKAPALLI_IDA),Anakapalli(DISTRICT COLLECTOR ANAKAPALLI_IDA),Normal/Others,Normal/Others,992839,Recommended,Recommended,2025-05-29T00:00:00.000Z,2025,Lok Sabha,18,0,False,0,0,"Developmental Works of Intrepretation centre at Sri Alluri Seetharamaraju Memorial Park,Krishnadevipeta,Golugonda Mandal of Anakapalli District","Developmental Works of Intrepretation centre at Sri Alluri Seetharamaraju Memorial Park,Krishnadevipeta,Golugonda Mandal of Anakapalli District",,Appalanaidu Kalisetti,,VIZIANAGARAM,992839,2025-05-29T00:00:00.000Z,2025-05-29 00:00:00+00:00,460
175376,Andhra Pradesh,Andhra Pradesh,ELURU,ELURU,Eluru(DISTRICT COLLECTOR ELURU_IDA),Eluru(DISTRICT COLLECTOR ELURU_IDA),Normal/Others,Normal/Others,2000000,Recommended,Recommended,2025-02-13T00:00:00.000Z,2025,Lok Sabha,18,0,False,0,0,Construction of Multipurpose Hall Located Near JB Park(SC area)Ameenapeta of Eluru,Construction of Multipurpose Hall Located Near JB Park(SC area)Ameenapeta of Eluru,,Putta Mahesh Kumar,,ELURU,2000000,2025-02-13T00:00:00.000Z,2025-02-13 00:00:00+00:00,565
157017,Andhra Pradesh,Andhra Pradesh,KADAPA,KADAPA,Y.S.R. Kadapa(DISTRICT COLLECTOR CUDDAPAH_IDA),Y.S.R. Kadapa(DISTRICT COLLECTOR CUDDAPAH_IDA),Normal/Others,Normal/Others,400000,Recommended,Recommended,2024-12-14T00:00:00.000Z,2024,Lok Sabha,18,0,False,0,0,Electrification of Colony at Nallapureddypalli Village Errabali GP of Pulivendula Mandal,Electrification of Colony at Nallapureddypalli Village Errabali GP of Pulivendula Mandal,,Y S Avinash Reddy,,KADAPA,400000,2024-12-14T00:00:00.000Z,2024-12-14 00:00:00+00:00,626
176275,Andhra Pradesh,Andhra Pradesh,VIZIANAGARAM,VIZIANAGARAM,VIZIANAGARAM(DISTRICT COLLECTOR VIZIANAGARAM_IDA),VIZIANAGARAM(DISTRICT COLLECTOR VIZIANAGARAM_IDA),Normal/Others,Normal/Others,300000,Recommended,Recommended,2025-02-18T00:00:00.000Z,2025,Lok Sabha,18,0,False,0,0,Extension of CC Road from Pedda Veedhi R and B Road to Bethanapalli Sugreevudu House in Penta Village of Bobbili Mandal,Extension of CC Road from Pedda Veedhi R and B Road to Bethanapalli Sugreevudu House in Penta Village of Bobbili Mandal,,Appalanaidu Kalisetti,,VIZIANAGARAM,300000,2025-02-18T00:00:00.000Z,2025-02-18 00:00:00+00:00,560
176288,Andhra Pradesh,Andhra Pradesh,VIZIANAGARAM,VIZIANAGARAM,VIZIANAGARAM(DISTRICT COLLECTOR VIZIANAGARAM_IDA),VIZIANAGARAM(DISTRICT COLLECTOR VIZIANAGARAM_IDA),Normal/Others,Normal/Others,1200000,Recommended,Recommended,2025-02-18T00:00:00.000Z,2025,Lok Sabha,18,0,False,0,0,Construction of Community Hall in Kondarajupalem Village Covered in Kongavanipalem Revenue Village of Bhogapuram Mandal,Construction of Community Hall in Kondarajupalem Village Covered in Kongavanipalem Revenue Village of Bhogapuram Mandal,,Appalanaidu Kalisetti,,VIZIANAGARAM,1200000,2025-02-18T00:00:00.000Z,2025-02-18 00:00:00+00:00,560
157138,Andhra Pradesh,Andhra Pradesh,HINDUPUR,HINDUPUR,Sri Sathya Sai(DISTRICT COLLECTOR SRI SATHYA SAI_IDA),Sri Sathya Sai(DISTRICT COLLECTOR SRI SATHYA SAI_IDA),Normal/Others,Normal/Others,8000000,Recommended,Recommended,2024-12-06T00:00:00.000Z,2024,Lok Sabha,18,0,True,5892449,2,construction of community hall at Survey No. 294-2 of Parigi village,construction of community hall at Survey No. 294-2 of Parigi village,,B K PARTHASARATHI,,HINDUPUR,8000000,2024-12-06T00:00:00.000Z,2024-12-06 00:00:00+00:00,634
178911,Andhra Pradesh,Andhra Pradesh,RAJAHMUNDRY,RAJAHMUNDRY,"EAST GODAVARI(DISTRICT COLLECTOR, EAST GODAVARI)","EAST GODAVARI(DISTRICT COLLECTOR, EAST GODAVARI)",Normal/Others,Normal/Others,5000000,Recommended,Recommended,2025-03-12T00:00:00.000Z,2025,Lok Sabha,18,0,False,0,0,Construction of a Multipurpose Activity Centre in the SC Locality near Ambedkar Statue in Dharnikota of Anaparthi Vilalge,Construction of a Multipurpose Activity Centre in the SC Locality near Ambedkar Statue in Dharnikota of Anaparthi Vilalge,,Daggubati Purandeshwari,,RAJAHMUNDRY,5000000,2025-03-12T00:00:00.000Z,2025-03-12 00:00:00+00:00,538
175559,Andaman And Nicobar Islands,Andaman And Nicobar Islands,ANDAMAN AND NICOBAR ISLANDS,ANDAMAN AND NICOBAR ISLANDS,SOUTH ANDAMANS(Implementing District Authority(SA)),SOUTH ANDAMANS(Implementing District Authority(SA)),Normal/Others,Normal/Others,976436,Recommended,Recommended,2025-02-14T00:00:00.000Z,2025,Lok Sabha,18,0,True,730885,1,"Extension of Multipurpse Hall at Nayagaon near Juvenile Home, Port Blair","Extension of Multipurpse Hall at Nayagaon near Juvenile Home, Port Blair",,BISHNU PADA RAY,,ANDAMAN AND NICOBAR ISLANDS,976436,2025-02-14T00:00:00.000Z,2025-02-14 00:00:00+00:00,564
179124,Andhra Pradesh,Andhra Pradesh,RAJAHMUNDRY,RAJAHMUNDRY,"EAST GODAVARI(DISTRICT COLLECTOR, EAST GODAVARI)","EAST GODAVARI(DISTRICT COLLECTOR, EAST GODAVARI)",Normal/Others,Normal/Others,8000000,Recommended,Recommended,2025-03-12T00:00:00.000Z,2025,Lok Sabha,18,0,False,0,0,Construction of additional infrastructure at Phule Ambedkar Bhavan in the Municipal Corporation of Rajamahendravaram,Construction of additional infrastructure at Phule Ambedkar Bhavan in the Municipal Corporation of Rajamahendravaram,,Daggubati Purandeshwari,,RAJAHMUNDRY,8000000,2025-03-12T00:00:00.000Z,2025-03-12 00:00:00+00:00,538
157510,Andhra Pradesh,Andhra Pradesh,ANANTAPUR,ANANTAPUR,Ananthapuramu(DISTRICT COLLECTOR ANANTAPUR_IDA),Ananthapuramu(DISTRICT COLLECTOR ANANTAPUR_IDA),Normal/Others,Normal/Others,1000000,Recommended,Recommended,2024-12-09T00:00:00.000Z,2024,Lok Sabha,18,0,False,0,0,Construction of SC Community Hall in Kothapalli village of Kambadur Mandal,Construction of SC Community Hall in Kothapalli village of Kambadur Mandal,,AMBICA G LAKSHMINARAYANA VALMIKI,,ANANTAPUR,1000000,2024-12-09T00:00:00.000Z,2024-12-09 00:00:00+00:00,631
180022,Andhra Pradesh,Andhra Pradesh,RAJAHMUNDRY,RAJAHMUNDRY,"EAST GODAVARI(DISTRICT COLLECTOR, EAST GODAVARI)","EAST GODAVARI(DISTRICT COLLECTOR, EAST GODAVARI)",Trust and Society,Trust and Society,5000000,Recommended,Recommended,2025-03-12T00:00:00.000Z,2025,Lok Sabha,18,0,False,0,0,Hospital building in Sri Vivekananda Maharogi Arogya Kendram at Bommuru Village,Hospital building in Sri Vivekananda Maharogi Arogya Kendram at Bommuru Village,,Daggubati Purandeshwari,,RAJAHMUNDRY,5000000,2025-03-12T00:00:00.000Z,2025-03-12 00:00:00+00:00,538
180801,Andhra Pradesh,Andhra Pradesh,MACHILIPATNAM,MACHILIPATNAM,KRISHNA(DISTRICT COLLECTOR KRISHNA_IDA),KRISHNA(DISTRICT COLLECTOR KRISHNA_IDA),Repair and Renovation,Repair and Renovation,3000000,Recommended,Recommended,2025-03-10T00:00:00.000Z,2025,Lok Sabha,18,0,True,2168199,1,Repairs to SS filters and recoupment of filter media in SS filers 2 numbers of PWS scheme,Repairs to SS filters and recoupment of filter media in SS filers 2 numbers of PWS scheme,,Balashowry Vallabbhaneni,,MACHILIPATNAM,3000000,2025-03-10T00:00:00.000Z,2025-03-10 00:00:00+00:00,540
157527,Andhra Pradesh,Andhra Pradesh,ANANTAPUR,ANANTAPUR,Ananthapuramu(DISTRICT COLLECTOR ANANTAPUR_IDA),Ananthapuramu(DISTRICT COLLECTOR ANANTAPUR_IDA),Normal/Others,Normal/Others,500000,Recommended,Recommended,2024-12-09T00:00:00.000Z,2024,Lok Sabha,18,0,True,499613,1,Providing Bus Sheltar at Chennampalli village of  Kambadur Mandal,Providing Bus Sheltar at Chennampalli village of  Kambadur Mandal,,AMBICA G LAKSHMINARAYANA VALMIKI,,ANANTAPUR,500000,2024-12-09T00:00:00.000Z,2024-12-09 00:00:00+00:00,631
180804,Andhra Pradesh,Andhra Pradesh,MACHILIPATNAM,MACHILIPATNAM,KRISHNA(DISTRICT COLLECTOR KRISHNA_IDA),KRISHNA(DISTRICT COLLECTOR KRISHNA_IDA),Repair and Renovation,Repair and Renovation,900000,Recommended,Recommended,2025-03-10T00:00:00.000Z,2025,Lok Sabha,18,0,True,654660,1,Recoupment of filter media to SS filters 1 number of PWS scheme in Vadlamannadu village of Gudlavalleru Mandal in Krishna District,Recoupment of filter media to SS filters 1 number of PWS scheme in Vadlamannadu village of Gudlavalleru Mandal in Krishna District,,Balashowry Vallabbhaneni,,MACHILIPATNAM,900000,2025-03-10T00:00:00.000Z,2025-03-10 00:00:00+00:00,540
1360,Andhra Pradesh,Andhra Pradesh,TIRUPATI,TIRUPATI,Sri Potti Sriramulu Nellore(DISTRICT COLLECTOR NELLORE_IDA),Sri Potti Sriramulu Nellore(DISTRICT COLLECTOR NELLORE_IDA),Normal/Others,Normal/Others,499451,Recommended,Recommended,2025-06-16T00:00:00.000Z,2025,Lok Sabha,18,0,False,0,0,"Construction of CC Road from Leburu Ankalamma Temple to Pallipadu Road of Lebur village in Indukurpeta Mandal, SPS Nellore District.","Construction of CC Road from Leburu Ankalamma Temple to Pallipadu Road of Lebur village in Indukurpeta Mandal, SPS Nellore District.",,Maddila Gurumoorthy,,TIRUPATI,499451,2025-06-16T00:00:00.000Z,2025-06-16 00:00:00+00:00,442
182047,Andhra Pradesh,Andhra Pradesh,KADAPA,KADAPA,Y.S.R. Kadapa(DISTRICT COLLECTOR CUDDAPAH_IDA),Y.S.R. Kadapa(DISTRICT COLLECTOR CUDDAPAH_IDA),Normal/Others,Normal/Others,499000,Recommended,Recommended,2025-04-04T00:00:00.000Z,2025,Lok Sabha,18,0,False,0,0,Fromation of Gravel Road from BC Colony Yerragandu Veerareddy fields to  other locations in Thavvaraipalli  of Khajipeta,Fromation of Gravel Road from BC Colony Yerragandu Veerareddy fields to  other locations in Thavvaraipalli  of Khajipeta,,Y S Avinash Reddy,,KADAPA,499000,2025-04-04T00:00:00.000Z,2025-04-04 00:00:00+00:00,515
157627,Andhra Pradesh,Andhra Pradesh,RAJAMPET,RAJAMPET,Annamayya(DISTRICT COLLECTOR ANNAMAYYA_IDA),Annamayya(DISTRICT COLLECTOR ANNAMAYYA_IDA),Normal/Others,Normal/Others,180000,Recommended,Recommended,2024-12-09T00:00:00.000Z,2024,Lok Sabha,18,0,False,0,0,"Providing Borewell at Near Panchayath Office, Ananthaiahgaripalli  (V&G.P)","Providing Borewell at Near Panchayath Office, Ananthaiahgaripalli  (V&G.P)",,Midhun Reddy,,RAJAMPET,180000,2024-12-09T00:00:00.000Z,2024-12-09 00:00:00+00:00,631
182159,Andhra Pradesh,Andhra Pradesh,KAKINADA,KAKINADA,Kakinada(DISTRICT COLLECTOR KAKINADA_IDA),Kakinada(DISTRICT COLLECTOR KAKINADA_IDA),Normal/Others,Normal/Others,500000,Recommended,Recommended,2025-03-15T00:00:00.000Z,2025,Lok Sabha,18,0,True,496902,1,Construction of Compound wall to Burial Ground at North and East side,Construction of Compound wall to Burial Ground at North and East side,,TANGELLA UDAY SRINIVAS,,KAKINADA,500000,2025-03-15T00:00:00.000Z,2025-03-15 00:00:00+00:00,535
182164,Andhra Pradesh,Andhra Pradesh,KAKINADA,KAKINADA,Kakinada(DISTRICT COLLECTOR KAKINADA_IDA),Kakinada(DISTRICT COLLECTOR KAKINADA_IDA),Normal/Others,Normal/Others,2000000,Recommended,Recommended,2025-03-15T00:00:00.000Z,2025,Lok Sabha,18,0,True,1664113,1,Construction of Community Hall at 28th Ward,Construction of Community Hall at 28th Ward,,TANGELLA UDAY SRINIVAS,,KAKINADA,2000000,2025-03-15T00:00:00.000Z,2025-03-15 00:00:00+00:00,535
157652,Andhra Pradesh,Andhra Pradesh,RAJAMPET,RAJAMPET,Annamayya(DISTRICT COLLECTOR ANNAMAYYA_IDA),Annamayya(DISTRICT COLLECTOR ANNAMAYYA_IDA),Normal/Others,Normal/Others,150000,Recommended,Recommended,2024-12-09T00:00:00.000Z,2024,Lok Sabha,18,0,False,0,0,"Providing 10 HP Motor & Pump set and G.I Pipes at Eguvarajuvaripalli (V), Reddivaripalli (G.P)","Providing 10 HP Motor & Pump set and G.I Pipes at Eguvarajuvaripalli (V), Reddivaripalli (G.P)",,Midhun Reddy,,RAJAMPET,150000,2024-12-09T00:00:00.000Z,2024-12-09 00:00:00+00:00,631
182167,Andhra Pradesh,Andhra Pradesh,KAKINADA,KAKINADA,Kakinada(DISTRICT COLLECTOR KAKINADA_IDA),Kakinada(DISTRICT COLLECTOR KAKINADA_IDA),Normal/Others,Normal/Others,500000,Recommended,Recommended,2025-03-15T00:00:00.000Z,2025,Lok Sabha,18,0,False,0,0,Construction of Market shed at 6th ward,Construction of Market shed at 6th ward,,TANGELLA UDAY SRINIVAS,,KAKINADA,500000,2025-03-15T00:00:00.000Z,2025-03-15 00:00:00+00:00,535
182170,Andhra Pradesh,Andhra Pradesh,KAKINADA,KAKINADA,Kakinada(DISTRICT COLLECTOR KAKINADA_IDA),Kakinada(DISTRICT COLLECTOR KAKINADA_IDA),Normal/Others,Normal/Others,500000,Recommended,Recommended,2025-03-15T00:00:00.000Z,2025,Lok Sabha,18,0,False,0,0,Construction of Compound wall to SC Community Hall at 4th Ward,Construction of Compound wall to SC Community Hall at 4th Ward,,TANGELLA UDAY SRINIVAS,,KAKINADA,500000,2025-03-15T00:00:00.000Z,2025-03-15 00:00:00+00:00,535
175556,Andaman And Nicobar Islands,Andaman And Nicobar Islands,ANDAMAN AND NICOBAR ISLANDS,ANDAMAN AND NICOBAR ISLANDS,SOUTH ANDAMANS(Implementing District Authority(SA)),SOUTH ANDAMANS(Implementing District Authority(SA)),Repair and Renovation,Repair and Renovation,4947034,Recommended,Recommended,2025-02-14T00:00:00.000Z,2025,Lok Sabha,18,0,True,3655060,1,"Repair and renovation of road from CPWD complex, Ranchi Tikrey Dairyfarm to Fisheries Quarter, Port Blair","Repair and renovation of road from CPWD complex, Ranchi Tikrey Dairyfarm to Fisheries Quarter, Port Blair",,BISHNU PADA RAY,,ANDAMAN AND NICOBAR ISLANDS,4947034,2025-02-14T00:00:00.000Z,2025-02-14 00:00:00+00:00,564
175561,Andaman And Nicobar Islands,Andaman And Nicobar Islands,ANDAMAN AND NICOBAR ISLANDS,ANDAMAN AND NICOBAR ISLANDS,SOUTH ANDAMANS(Implementing District Authority(SA)),SOUTH ANDAMANS(Implementing District Authority(SA)),Normal/Others,Normal/Others,1498887,Recommended,Recommended,2025-02-14T00:00:00.000Z,2025,Lok Sabha,18,0,True,1189292,1,"Construction of CC Motorable road between Govt. Primary School and Shri SK Singh house at Garacharma, Ward No.18, Port Blair","Construction of CC Motorable road between Govt. Primary School and Shri SK Singh house at Garacharma, Ward No.18, Port Blair",,BISHNU PADA RAY,,ANDAMAN AND NICOBAR ISLANDS,1498887,2025-02-14T00:00:00.000Z,2025-02-14 00:00:00+00:00,564
188528,Andaman And Nicobar Islands,Andaman And Nicobar Islands,ANDAMAN AND NICOBAR ISLANDS,ANDAMAN AND NICOBAR ISLANDS,SOUTH ANDAMANS(Implementing District Authority(SA)),SOUTH ANDAMANS(Implementing District Authority(SA)),Normal/Others,Normal/Others,1320600,Recommended,Recommended,2025-04-01T00:00:00.000Z,2025,Lok Sabha,18,0,True,803540,1,"Construction of CC drain from CPWD quarters to Fisheries Quarters via Sree Shaktivel Murugan Temple for a length of 350 mtrs at Ranci Tikrey, Dairy Farm, Ward No.9, SVP.","Construction of CC drain from CPWD quarters to Fisheries Quarters via Sree Shaktivel Murugan Temple for a length of 350 mtrs at Ranci Tikrey, Dairy Farm, Ward No.9, SVP.",,BISHNU PADA RAY,,ANDAMAN AND NICOBAR ISLANDS,1320600,2025-04-01T00:00:00.000Z,2025-04-01 00:00:00+00:00,518
899,Andhra Pradesh,Andhra Pradesh,TIRUPATI,TIRUPATI,Annamayya(DISTRICT COLLECTOR ANNAMAYYA_IDA),Annamayya(DISTRICT COLLECTOR ANNAMAYYA_IDA),Normal/Others,Normal/Others,390388,Recommended,Recommended,2024-11-02T00:00:00.000Z,2024,Lok Sabha,18,0,False,0,0,"Construction of CC Road D. Narayana house to R&B road in Pullareddy Palli H/W (V), Anantha Samudram G.P. in Pullampeta Mandal.","Construction of CC Road D. Narayana house to R&B road in Pullareddy Palli H/W (V), Anantha Samudram G.P. in Pullampeta Mandal.",,Maddila Gurumoorthy,,TIRUPATI,390388,2024-11-02T00:00:00.000Z,2024-11-02 00:00:00+00:00,668
1489,Andhra Pradesh,Andhra Pradesh,ARAKU,ARAKU,"EAST GODAVARI(DISTRICT COLLECTOR, EAST GODAVARI)","EAST GODAVARI(DISTRICT COLLECTOR, EAST GODAVARI)",Normal/Others,Normal/Others,500000,Recommended,Recommended,2025-08-07T00:00:00.000Z,2025,Lok Sabha,18,0,False,0,0,construction of cc road from n16 road to kallepali venkataraju site of konthamuru,construction of cc road from n16 road to kallepali venkataraju site of konthamuru,,Gumma Thanuja Rani,,ARAKU,500000,2025-08-07T00:00:00.000Z,2025-08-07 00:00:00+00:00,390
141551,Andhra Pradesh,Andhra Pradesh,CHITTOOR,CHITTOOR,Tirupati(DISTRICT COLLECTOR TIRUPATI_IDA),Tirupati(DISTRICT COLLECTOR TIRUPATI_IDA),Normal/Others,Normal/Others,490000,Recommended,Recommended,2024-09-18T00:00:00.000Z,2024,Lok Sabha,18,0,False,0,0,"Construction of WBM Road from Jimkalamitta SC Colony to Snam alloys Pvt. Link road at Jimkalamitta Village, Damalacheruvu GP of Pakala Mandal, Chandragiri Constituency.","Construction of WBM Road from Jimkalamitta SC Colony to Snam alloys Pvt. Link road at Jimkalamitta Village, Damalacheruvu GP of Pakala Mandal, Chandragiri Constituency.",,DAGGUMALLA PRASADA RAO,,CHITTOOR,490000,2024-09-18T00:00:00.000Z,2024-09-18 00:00:00+00:00,713
161715,Andhra Pradesh,Andhra Pradesh,TIRUPATI,TIRUPATI,Tirupati(DISTRICT COLLECTOR TIRUPATI_IDA),Tirupati(DISTRICT COLLECTOR TIRUPATI_IDA),Normal/Others,Normal/Others,180000,Recommended,Recommended,2024-12-27T00:00:00.000Z,2024,Lok Sabha,18,0,False,0,0,Providing street lights and fixtures at Irugulam in Satyavedu Mandal.,Providing street lights and fixtures at Irugulam in Satyavedu Mandal.,,Maddila Gurumoorthy,,TIRUPATI,180000,2024-12-27T00:00:00.000Z,2024-12-27 00:00:00+00:00,613
199552,Andhra Pradesh,Andhra Pradesh,TIRUPATI,TIRUPATI,Tirupati(DISTRICT COLLECTOR TIRUPATI_IDA),Tirupati(DISTRICT COLLECTOR TIRUPATI_IDA),Normal/Others,Normal/Others,300000,Recommended,Recommended,2025-05-19T00:00:00.000Z,2025,Lok Sabha,18,0,True,299331,1,Construction of CC Open Drain with cover slab from Mekapilla Guravaiah house to gonu Thirupalaiah house at Akkurthy HW Ho Akkurthy GP in Srikalahasthi Mandal.,Construction of CC Open Drain with cover slab from Mekapilla Guravaiah house to gonu Thirupalaiah house at Akkurthy HW Ho Akkurthy GP in Srikalahasthi Mandal.,,Maddila Gurumoorthy,,TIRUPATI,300000,2025-05-19T00:00:00.000Z,2025-05-19 00:00:00+00:00,470
161712,Andhra Pradesh,Andhra Pradesh,TIRUPATI,TIRUPATI,Tirupati(DISTRICT COLLECTOR TIRUPATI_IDA),Tirupati(DISTRICT COLLECTOR TIRUPATI_IDA),Normal/Others,Normal/Others,100000,Recommended,Recommended,2024-12-27T00:00:00.000Z,2024,Lok Sabha,18,0,True,54176,1,"Providing of Electricity distribution infrastructure to Adivisankara Puram, Pichatur Mandal.","Providing of Electricity distribution infrastructure to Adivisankara Puram, Pichatur Mandal.",,Maddila Gurumoorthy,,TIRUPATI,100000,2024-12-27T00:00:00.000Z,2024-12-27 00:00:00+00:00,613
199544,Andhra Pradesh,Andhra Pradesh,TIRUPATI,TIRUPATI,Tirupati(DISTRICT COLLECTOR TIRUPATI_IDA),Tirupati(DISTRICT COLLECTOR TIRUPATI_IDA),Normal/Others,Normal/Others,490000,Recommended,Recommended,2025-05-19T00:00:00.000Z,2025,Lok Sabha,18,0,True,470775,1,Construction of CC Open drain with cover slab from Gunakala Bhaskaraiah house to Boda Thirupal Reddy house at Akkurthy Ho Akkurthy GP in Srikalahasthi Mandal.,Construction of CC Open drain with cover slab from Gunakala Bhaskaraiah house to Boda Thirupal Reddy house at Akkurthy Ho Akkurthy GP in Srikalahasthi Mandal.,,Maddila Gurumoorthy,,TIRUPATI,490000,2025-05-19T00:00:00.000Z,2025-05-19 00:00:00+00:00,470
141507,Andhra Pradesh,Andhra Pradesh,CHITTOOR,CHITTOOR,CHITTOOR(DISTRICT COLLECTOR CHITTOOR_IDA),CHITTOOR(DISTRICT COLLECTOR CHITTOOR_IDA),Normal/Others,Normal/Others,600000,Recommended,Recommended,2024-09-18T00:00:00.000Z,2024,Lok Sabha,18,0,True,562848,2,"Minor Repairs to Govt. SW Girls Hostel at Thagguvaripalle, Bangarupalem Mandal of Puthalapattu Constituency.","Minor Repairs to Govt. SW Girls Hostel at Thagguvaripalle, Bangarupalem Mandal of Puthalapattu Constituency.",,DAGGUMALLA PRASADA RAO,,CHITTOOR,600000,2024-09-18T00:00:00.000Z,2024-09-18 00:00:00+00:00,713
199547,Andhra Pradesh,Andhra Pradesh,TIRUPATI,TIRUPATI,Tirupati(DISTRICT COLLECTOR TIRUPATI_IDA),Tirupati(DISTRICT COLLECTOR TIRUPATI_IDA),Normal/Others,Normal/Others,150000,Recommended,Recommended,2025-05-19T00:00:00.000Z,2025,Lok Sabha,18,0,False,0,0,Providing new submersible pumpset with all its accessories at Akkurthy Ho Akkurthy GP in Srikalahasthi Mandal.,Providing new submersible pumpset with all its accessories at Akkurthy Ho Akkurthy GP in Srikalahasthi Mandal.,,Maddila Gurumoorthy,,TIRUPATI,150000,2025-05-19T00:00:00.000Z,2025-05-19 00:00:00+00:00,470
161714,Andhra Pradesh,Andhra Pradesh,TIRUPATI,TIRUPATI,Tirupati(DISTRICT COLLECTOR TIRUPATI_IDA),Tirupati(DISTRICT COLLECTOR TIRUPATI_IDA),Normal/Others,Normal/Others,90000,Recommended,Recommended,2024-12-27T00:00:00.000Z,2024,Lok Sabha,18,0,False,0,0,"Providing street lights and fixtures at kolladam panchayat, Satyavedu Mandal.","Providing street lights and fixtures at kolladam panchayat, Satyavedu Mandal.",,Maddila Gurumoorthy,,TIRUPATI,90000,2024-12-27T00:00:00.000Z,2024-12-27 00:00:00+00:00,613
199550,Andhra Pradesh,Andhra Pradesh,TIRUPATI,TIRUPATI,Tirupati(DISTRICT COLLECTOR TIRUPATI_IDA),Tirupati(DISTRICT COLLECTOR TIRUPATI_IDA),Normal/Others,Normal/Others,200000,Recommended,Recommended,2025-05-19T00:00:00.000Z,2025,Lok Sabha,18,0,False,0,0,Construction of CC Open drain with cover slab from Ramalayam temple to venkatamuni house at Akkurthy Ho Akkurthy GP in Srikalahasthi Mandal.,Construction of CC Open drain with cover slab from Ramalayam temple to venkatamuni house at Akkurthy Ho Akkurthy GP in Srikalahasthi Mandal.,,Maddila Gurumoorthy,,TIRUPATI,200000,2025-05-19T00:00:00.000Z,2025-05-19 00:00:00+00:00,470
199561,Andhra Pradesh,Andhra Pradesh,BAPATLA,BAPATLA,Bapatla(DISTRICT COLLECTOR BAPATLA_IDA),Bapatla(DISTRICT COLLECTOR BAPATLA_IDA),Normal/Others,Normal/Others,2000000,Recommended,Recommended,2025-05-14T00:00:00.000Z,2025,Lok Sabha,18,0,True,953465,1,"Providing additional amenities to the Community Hall in Rachapudi Village, Korisapadu Mandal, Bapatla district","Providing additional amenities to the Community Hall in Rachapudi Village, Korisapadu Mandal, Bapatla district",,Krishna Prasad Tenneti,,BAPATLA,2000000,2025-05-14T00:00:00.000Z,2025-05-14 00:00:00+00:00,475
161717,Andhra Pradesh,Andhra Pradesh,TIRUPATI,TIRUPATI,Tirupati(DISTRICT COLLECTOR TIRUPATI_IDA),Tirupati(DISTRICT COLLECTOR TIRUPATI_IDA),Normal/Others,Normal/Others,90000,Recommended,Recommended,2024-12-27T00:00:00.000Z,2024,Lok Sabha,18,0,False,0,0,Providing street lights and fixtures at Rapallevada in Satyavedu Mandal.,Providing street lights and fixtures at Rapallevada in Satyavedu Mandal.,,Maddila Gurumoorthy,,TIRUPATI,90000,2024-12-27T00:00:00.000Z,2024-12-27 00:00:00+00:00,613
200753,Andhra Pradesh,Andhra Pradesh,RAJAMPET,RAJAMPET,Annamayya(DISTRICT COLLECTOR ANNAMAYYA_IDA),Annamayya(DISTRICT COLLECTOR ANNAMAYYA_IDA),Normal/Others,Normal/Others,500000,Recommended,Recommended,2025-05-20T00:00:00.000Z,2025,Lok Sabha,18,0,False,0,0,Construction of Bus Shelter at Garalamadugu V and G.P,Construction of Bus Shelter at Garalamadugu V and G.P,,Midhun Reddy,,RAJAMPET,500000,2025-05-20T00:00:00.000Z,2025-05-20 00:00:00+00:00,469
142933,Andhra Pradesh,Andhra Pradesh,CHITTOOR,CHITTOOR,CHITTOOR(DISTRICT COLLECTOR CHITTOOR_IDA),CHITTOOR(DISTRICT COLLECTOR CHITTOOR_IDA),Normal/Others,Normal/Others,350000,Recommended,Recommended,2024-09-23T00:00:00.000Z,2024,Lok Sabha,18,0,True,317387,2,"Construction of Bus Shelter in Thotavaripalli Village of Ayyappagari (GP), Puthalapattu Mandal of Puthalapattu Constituency","Construction of Bus Shelter in Thotavaripalli Village of Ayyappagari (GP), Puthalapattu Mandal of Puthalapattu Constituency",,DAGGUMALLA PRASADA RAO,,CHITTOOR,350000,2024-09-23T00:00:00.000Z,2024-09-23 00:00:00+00:00,708
201291,Andhra Pradesh,Andhra Pradesh,RAJAMPET,RAJAMPET,Annamayya(DISTRICT COLLECTOR ANNAMAYYA_IDA),Annamayya(DISTRICT COLLECTOR ANNAMAYYA_IDA),Normal/Others,Normal/Others,500000,Recommended,Recommended,2025-05-20T00:00:00.000Z,2025,Lok Sabha,18,0,False,0,0,"Construction of Community Hall in Kottapalli Village, Bandrevu G.P","Construction of Community Hall in Kottapalli Village, Bandrevu G.P",,Midhun Reddy,,RAJAMPET,500000,2025-05-20T00:00:00.000Z,2025-05-20 00:00:00+00:00,469
161719,Andhra Pradesh,Andhra Pradesh,TIRUPATI,TIRUPATI,Tirupati(DISTRICT COLLECTOR TIRUPATI_IDA),Tirupati(DISTRICT COLLECTOR TIRUPATI_IDA),Normal/Others,Normal/Others,180000,Recommended,Recommended,2024-12-27T00:00:00.000Z,2024,Lok Sabha,18,0,False,0,0,Providing street lights and fixtures at Rajagopala Puram in Satyavedu Mandal.,Providing street lights and fixtures at Rajagopala Puram in Satyavedu Mandal.,,Maddila Gurumoorthy,,TIRUPATI,180000,2024-12-27T00:00:00.000Z,2024-12-27 00:00:00+00:00,613
201307,Andhra Pradesh,Andhra Pradesh,RAJAMPET,RAJAMPET,Annamayya(DISTRICT COLLECTOR ANNAMAYYA_IDA),Annamayya(DISTRICT COLLECTOR ANNAMAYYA_IDA),Normal/Others,Normal/Others,500000,Recommended,Recommended,2025-05-20T00:00:00.000Z,2025,Lok Sabha,18,0,False,0,0,"Formation of Road from Balasanivandlapalli Village to Peddoota Vanka, Veeraballi (V and G.P) Reach 2","Formation of Road from Balasanivandlapalli Village to Peddoota Vanka, Veeraballi (V and G.P) Reach 2",,Midhun Reddy,,RAJAMPET,500000,2025-05-20T00:00:00.000Z,2025-05-20 00:00:00+00:00,469
1490,Andhra Pradesh,Andhra Pradesh,ARAKU,ARAKU,"EAST GODAVARI(DISTRICT COLLECTOR, EAST GODAVARI)","EAST GODAVARI(DISTRICT COLLECTOR, EAST GODAVARI)",Normal/Others,Normal/Others,500000,Recommended,Recommended,2025-08-07T00:00:00.000Z,2025,Lok Sabha,18,0,False,0,0,construction of cc road from nh16 road to kallepali venkataraju site of konthamuru,construction of cc road from nh16 road to kallepali venkataraju site of konthamuru,,Gumma Thanuja Rani,,ARAKU,500000,2025-08-07T00:00:00.000Z,2025-08-07 00:00:00+00:00,390
201546,Andhra Pradesh,Andhra Pradesh,BAPATLA,BAPATLA,Bapatla(DISTRICT COLLECTOR BAPATLA_IDA),Bapatla(DISTRICT COLLECTOR BAPATLA_IDA),Normal/Others,Normal/Others,300000,Recommended,Recommended,2025-06-06T00:00:00.000Z,2025,Lok Sabha,18,0,False,0,0,"Construction of CC Road from R and B Road to Poleramma Devasthanam in Krosuruvaripalem of Nizampatnam G P in Nizampatnam mandal, Bapatla district","Construction of CC Road from R and B Road to Poleramma Devasthanam in Krosuruvaripalem of Nizampatnam G P in Nizampatnam mandal, Bapatla district",,Krishna Prasad Tenneti,,BAPATLA,300000,2025-06-06T00:00:00.000Z,2025-06-06 00:00:00+00:00,452
161722,Andhra Pradesh,Andhra Pradesh,TIRUPATI,TIRUPATI,Tirupati(DISTRICT COLLECTOR TIRUPATI_IDA),Tirupati(DISTRICT COLLECTOR TIRUPATI_IDA),Normal/Others,Normal/Others,100000,Recommended,Recommended,2024-12-27T00:00:00.000Z,2024,Lok Sabha,18,0,False,0,0,Providing street lights and fixtures at Gudalavaari Pallem in Varadaiahpalem Mandal.,Providing street lights and fixtures at Gudalavaari Pallem in Varadaiahpalem Mandal.,,Maddila Gurumoorthy,,TIRUPATI,100000,2024-12-27T00:00:00.000Z,2024-12-27 00:00:00+00:00,613
203509,Andhra Pradesh,Andhra Pradesh,BAPATLA,BAPATLA,Bapatla(DISTRICT COLLECTOR BAPATLA_IDA),Bapatla(DISTRICT COLLECTOR BAPATLA_IDA),Normal/Others,Normal/Others,300000,Recommended,Recommended,2025-06-06T00:00:00.000Z,2025,Lok Sabha,18,0,True,282953,1,"Construction of CC Road from R B road to Surammatalli Temple of Gudavalli G.P, Cherukupalli mandal","Construction of CC Road from R B road to Surammatalli Temple of Gudavalli G.P, Cherukupalli mandal",,Krishna Prasad Tenneti,,BAPATLA,300000,2025-06-06T00:00:00.000Z,2025-06-06 00:00:00+00:00,452
143985,Andhra Pradesh,Andhra Pradesh,NARASARAOPET,NARASARAOPET,GUNTUR(DISTRICT COLLECTOR GUNTUR_IDA),GUNTUR(DISTRICT COLLECTOR GUNTUR_IDA),Normal/Others,Normal/Others,416758,Recommended,Recommended,2024-09-27T00:00:00.000Z,2024,Lok Sabha,18,0,True,416758,1,Fixing of New Connection & additional load in ESI Hospital Nadimpalem village of Prathipadu Mandal of Guntur District.,Fixing of New Connection & additional load in ESI Hospital Nadimpalem village of Prathipadu Mandal of Guntur District.,,Lavu Sri Krishna Devarayalu,,NARASARAOPET,416758,2024-09-27T00:00:00.000Z,2024-09-27 00:00:00+00:00,704
203601,Andhra Pradesh,Andhra Pradesh,KADAPA,KADAPA,Y.S.R. Kadapa(DISTRICT COLLECTOR CUDDAPAH_IDA),Y.S.R. Kadapa(DISTRICT COLLECTOR CUDDAPAH_IDA),Normal/Others,Normal/Others,450000,Recommended,Recommended,2025-05-27T00:00:00.000Z,2025,Lok Sabha,18,0,False,0,0,"Construction of Compound wall for Edga North side near Valasapalli road, Valasapalli Panchayat of Yerraguntla Manadal","Construction of Compound wall for Edga North side near Valasapalli road, Valasapalli Panchayat of Yerraguntla Manadal",,Y S Avinash Reddy,,KADAPA,450000,2025-05-27T00:00:00.000Z,2025-05-27 00:00:00+00:00,462
161724,Andhra Pradesh,Andhra Pradesh,TIRUPATI,TIRUPATI,Tirupati(DISTRICT COLLECTOR TIRUPATI_IDA),Tirupati(DISTRICT COLLECTOR TIRUPATI_IDA),Normal/Others,Normal/Others,100000,Recommended,Recommended,2024-12-27T00:00:00.000Z,2024,Lok Sabha,18,0,False,0,0,Providing street lights and fixtures at arudur in Varadaiahpalem Mandal.,Providing street lights and fixtures at arudur in Varadaiahpalem Mandal.,,Maddila Gurumoorthy,,TIRUPATI,100000,2024-12-27T00:00:00.000Z,2024-12-27 00:00:00+00:00,613
203802,Andhra Pradesh,Andhra Pradesh,BAPATLA,BAPATLA,PRAKASAM(DISTRICT COLLECTOR PRAKASAM_IDA),PRAKASAM(DISTRICT COLLECTOR PRAKASAM_IDA),Normal/Others,Normal/Others,700000,Recommended,Recommended,2025-05-26T00:00:00.000Z,2025,Lok Sabha,18,0,False,0,0,Sanction of Funds for Computer Lab and Digital Library in ZP Girls High School Chimakurthy,Sanction of Funds for Computer Lab and Digital Library in ZP Girls High School Chimakurthy,,Krishna Prasad Tenneti,,BAPATLA,700000,2025-05-26T00:00:00.000Z,2025-05-26 00:00:00+00:00,463
900,Andhra Pradesh,Andhra Pradesh,TIRUPATI,TIRUPATI,Annamayya(DISTRICT COLLECTOR ANNAMAYYA_IDA),Annamayya(DISTRICT COLLECTOR ANNAMAYYA_IDA),Normal/Others,Normal/Others,399479,Recommended,Recommended,2024-11-02T00:00:00.000Z,2024,Lok Sabha,18,0,False,0,0,Construction of CC road from Raju house to Sivalayam in Pullampeta G.P.& Mandal.,Construction of CC road from Raju house to Sivalayam in Pullampeta G.P.& Mandal.,,Maddila Gurumoorthy,,TIRUPATI,399479,2024-11-02T00:00:00.000Z,2024-11-02 00:00:00+00:00,668
204036,Andhra Pradesh,Andhra Pradesh,RAJAMPET,RAJAMPET,Annamayya(DISTRICT COLLECTOR ANNAMAYYA_IDA),Annamayya(DISTRICT COLLECTOR ANNAMAYYA_IDA),Normal/Others,Normal/Others,200000,Recommended,Recommended,2025-05-27T00:00:00.000Z,2025,Lok Sabha,18,0,False,0,0,Formation of Road from Krishnam Raju Fields to Balireddipalii R and B Road in Urlagattupadu G.P,Formation of Road from Krishnam Raju Fields to Balireddipalii R and B Road in Urlagattupadu G.P,,Midhun Reddy,,RAJAMPET,200000,2025-05-27T00:00:00.000Z,2025-05-27 00:00:00+00:00,462
161727,Andhra Pradesh,Andhra Pradesh,TIRUPATI,TIRUPATI,Tirupati(DISTRICT COLLECTOR TIRUPATI_IDA),Tirupati(DISTRICT COLLECTOR TIRUPATI_IDA),Normal/Others,Normal/Others,180000,Recommended,Recommended,2024-12-27T00:00:00.000Z,2024,Lok Sabha,18,0,False,0,0,Providing street lights and fixtures at Santha Vellore in Varadaiahpalem Mandal.,Providing street lights and fixtures at Santha Vellore in Varadaiahpalem Mandal.,,Maddila Gurumoorthy,,TIRUPATI,180000,2024-12-27T00:00:00.000Z,2024-12-27 00:00:00+00:00,613
204050,Andhra Pradesh,Andhra Pradesh,MACHILIPATNAM,MACHILIPATNAM,KRISHNA(DISTRICT COLLECTOR KRISHNA_IDA),KRISHNA(DISTRICT COLLECTOR KRISHNA_IDA),Normal/Others,Normal/Others,1000000,Recommended,Recommended,2025-05-27T00:00:00.000Z,2025,Lok Sabha,18,0,False,0,0,Emergency repairs to the pipe culvert at KM 0.750 on Elakurru medium drain in Kankatava village of Gudur Mandal in Krishna District,Emergency repairs to the pipe culvert at KM 0.750 on Elakurru medium drain in Kankatava village of Gudur Mandal in Krishna District,,Balashowry Vallabbhaneni,,MACHILIPATNAM,1000000,2025-05-27T00:00:00.000Z,2025-05-27 00:00:00+00:00,462
146050,Andhra Pradesh,Andhra Pradesh,KADAPA,KADAPA,Y.S.R. Kadapa(DISTRICT COLLECTOR CUDDAPAH_IDA),Y.S.R. Kadapa(DISTRICT COLLECTOR CUDDAPAH_IDA),Normal/Others,Normal/Others,200000,Recommended,Recommended,2024-10-08T00:00:00.000Z,2024,Lok Sabha,18,0,False,0,0,CONSTRUCTION OF COMPOUND WALL at Muslim Burial ground in Podadurthy V & GP of Kamalapuram (M) IN Y.S.R KADAPA District.,CONSTRUCTION OF COMPOUND WALL at Muslim Burial ground in Podadurthy V & GP of Kamalapuram (M) IN Y.S.R KADAPA District.,,Y S Avinash Reddy,,KADAPA,200000,2024-10-08T00:00:00.000Z,2024-10-08 00:00:00+00:00,693
204065,Andhra Pradesh,Andhra Pradesh,RAJAMPET,RAJAMPET,Annamayya(DISTRICT COLLECTOR ANNAMAYYA_IDA),Annamayya(DISTRICT COLLECTOR ANNAMAYYA_IDA),Normal/Others,Normal/Others,500000,Recommended,Recommended,2025-05-27T00:00:00.000Z,2025,Lok Sabha,18,0,False,0,0,Formation of Road from Indiranagar R and B Road to K Chimmarapa Reddy Agriculture filed at Balireddipalli (G.P),Formation of Road from Indiranagar R and B Road to K Chimmarapa Reddy Agriculture filed at Balireddipalli (G.P),,Midhun Reddy,,RAJAMPET,500000,2025-05-27T00:00:00.000Z,2025-05-27 00:00:00+00:00,462
161732,Andhra Pradesh,Andhra Pradesh,TIRUPATI,TIRUPATI,Tirupati(DISTRICT COLLECTOR TIRUPATI_IDA),Tirupati(DISTRICT COLLECTOR TIRUPATI_IDA),Normal/Others,Normal/Others,90000,Recommended,Recommended,2024-12-27T00:00:00.000Z,2024,Lok Sabha,18,0,False,0,0,Providing street lights and fixtures at Yanadivettu Panchayath in Varadhaiahpalem Mandal.,Providing street lights and fixtures at Yanadivettu Panchayath in Varadhaiahpalem Mandal.,,Maddila Gurumoorthy,,TIRUPATI,90000,2024-12-27T00:00:00.000Z,2024-12-27 00:00:00+00:00,613
204166,Andhra Pradesh,Andhra Pradesh,KADAPA,KADAPA,Y.S.R. Kadapa(DISTRICT COLLECTOR CUDDAPAH_IDA),Y.S.R. Kadapa(DISTRICT COLLECTOR CUDDAPAH_IDA),Normal/Others,Normal/Others,300000,Recommended,Recommended,2025-05-27T00:00:00.000Z,2025,Lok Sabha,18,0,False,0,0,Providing Bore Motor Pipe line in Jangamreddypalli Village of Simhadripuram Mandal,Providing Bore Motor Pipe line in Jangamreddypalli Village of Simhadripuram Mandal,,Y S Avinash Reddy,,KADAPA,300000,2025-05-27T00:00:00.000Z,2025-05-27 00:00:00+00:00,462
206727,Andhra Pradesh,Andhra Pradesh,VISAKHAPATNAM,VISAKHAPATNAM,Visakhapatnam(DISTRICT COLLECTOR VISAKHAPATNAM_IDA),Visakhapatnam(DISTRICT COLLECTOR VISAKHAPATNAM_IDA),Repair and Renovation,Repair and Renovation,1715000,Recommended,Recommended,2025-06-13T00:00:00.000Z,2025,Lok Sabha,18,0,False,0,0,"Renovation of the existing Anganwadi building to restore its functionality. The proposed work includes construction of toilets, renovation of the building, and installation of a water tank or municipal water connection along with a power meter. This will help reduce dependency on rented space and ensure long-term utilization of government infrastructure.","Renovation of the existing Anganwadi building to restore its functionality. The proposed work includes construction of toilets, renovation of the building, and installation of a water tank or municipal water connection along with a power meter. This will help reduce dependency on rented space and ensure long-term utilization of government infrastructure.",,Sribharat MathuKumli,,VISAKHAPATNAM,1715000,2025-06-13T00:00:00.000Z,2025-06-13 00:00:00+00:00,445
161734,Andhra Pradesh,Andhra Pradesh,TIRUPATI,TIRUPATI,Tirupati(DISTRICT COLLECTOR TIRUPATI_IDA),Tirupati(DISTRICT COLLECTOR TIRUPATI_IDA),Normal/Others,Normal/Others,90000,Recommended,Recommended,2024-12-27T00:00:00.000Z,2024,Lok Sabha,18,0,False,0,0,Providing street lights and fixtures at Varadaiahpalem in Varadhaiahpalem Mandal.,Providing street lights and fixtures at Varadaiahpalem in Varadhaiahpalem Mandal.,,Maddila Gurumoorthy,,TIRUPATI,90000,2024-12-27T00:00:00.000Z,2024-12-27 00:00:00+00:00,613
206897,Andhra Pradesh,Andhra Pradesh,MACHILIPATNAM,MACHILIPATNAM,KRISHNA(DISTRICT COLLECTOR KRISHNA_IDA),KRISHNA(DISTRICT COLLECTOR KRISHNA_IDA),Normal/Others,Normal/Others,1000000,Recommended,Recommended,2025-06-06T00:00:00.000Z,2025,Lok Sabha,18,0,False,0,0,Construction of 2vent 1000mm dia pipe culvert with approach roads at Chedurthipadu village of Nandivada Mandal in Krishna District,Construction of 2vent 1000mm dia pipe culvert with approach roads at Chedurthipadu village of Nandivada Mandal in Krishna District,,Balashowry Vallabbhaneni,,MACHILIPATNAM,1000000,2025-06-06T00:00:00.000Z,2025-06-06 00:00:00+00:00,452
146052,Andhra Pradesh,Andhra Pradesh,KADAPA,KADAPA,Y.S.R. Kadapa(DISTRICT COLLECTOR CUDDAPAH_IDA),Y.S.R. Kadapa(DISTRICT COLLECTOR CUDDAPAH_IDA),Normal/Others,Normal/Others,500000,Recommended,Recommended,2024-10-08T00:00:00.000Z,2024,Lok Sabha,18,0,False,0,0,Construction of gravel road from guda PRABHAKAR REDDY Fields to KUPPALA RAVI Fields Nagireddypalli habitation buggalapalli (GP) of Chain Thakomma Dinne mandal,Construction of gravel road from guda PRABHAKAR REDDY Fields to KUPPALA RAVI Fields Nagireddypalli habitation buggalapalli (GP) of Chain Thakomma Dinne mandal,,Y S Avinash Reddy,,KADAPA,500000,2024-10-08T00:00:00.000Z,2024-10-08 00:00:00+00:00,693
206912,Andhra Pradesh,Andhra Pradesh,BAPATLA,BAPATLA,Bapatla(DISTRICT COLLECTOR BAPATLA_IDA),Bapatla(DISTRICT COLLECTOR BAPATLA_IDA),Normal/Others,Normal/Others,360000,Recommended,Recommended,2025-06-06T00:00:00.000Z,2025,Lok Sabha,18,0,False,0,0,"Construction of CC Roa from Gade Manindra Rao House to Gade Kakulaswamy house in gadevaripalem of Thummala G.P., Pothumeraka Revenue Village, Repalle Mandal, Bapatla district","Construction of CC Roa from Gade Manindra Rao House to Gade Kakulaswamy house in gadevaripalem of Thummala G.P., Pothumeraka Revenue Village, Repalle Mandal, Bapatla district",,Krishna Prasad Tenneti,,BAPATLA,360000,2025-06-06T00:00:00.000Z,2025-06-06 00:00:00+00:00,452
161793,Andhra Pradesh,Andhra Pradesh,NANDYAL,NANDYAL,Nandyal(DISTRICT COLLECTOR NANDYAL_IDA),Nandyal(DISTRICT COLLECTOR NANDYAL_IDA),Normal/Others,Normal/Others,500000,Recommended,Recommended,2024-12-28T00:00:00.000Z,2024,Lok Sabha,18,0,False,0,0,"2. Development of Yellavathula Village Road to Sivamma House in B.C. Colony of Kotakonda Village, Rudravaram Mandal
Construction aimed at strengthening road connectivity within the village, improving mobility and accessibility for the residents.","2. Development of Yellavathula Village Road to Sivamma House in B.C. Colony of Kotakonda Village, Rudravaram Mandal
Construction aimed at strengthening road connectivity within the village, improving mobility and accessibility for the residents.",,DR BYREDDY SHABARI,,NANDYAL,500000,2024-12-28T00:00:00.000Z,2024-12-28 00:00:00+00:00,612
206914,Andhra Pradesh,Andhra Pradesh,BAPATLA,BAPATLA,Bapatla(DISTRICT COLLECTOR BAPATLA_IDA),Bapatla(DISTRICT COLLECTOR BAPATLA_IDA),Normal/Others,Normal/Others,300000,Recommended,Recommended,2025-06-06T00:00:00.000Z,2025,Lok Sabha,18,0,False,0,0,"Construction of CC Road from Ramamandhiram to Pagadam narsareddy house in Pagadamvaripalem of Rambhotlapalem GP, Cherukupalli Mandal, Bapatla District","Construction of CC Road from Ramamandhiram to Pagadam narsareddy house in Pagadamvaripalem of Rambhotlapalem GP, Cherukupalli Mandal, Bapatla District",,Krishna Prasad Tenneti,,BAPATLA,300000,2025-06-06T00:00:00.000Z,2025-06-06 00:00:00+00:00,452
206925,Andhra Pradesh,Andhra Pradesh,BAPATLA,BAPATLA,Bapatla(DISTRICT COLLECTOR BAPATLA_IDA),Bapatla(DISTRICT COLLECTOR BAPATLA_IDA),Normal/Others,Normal/Others,300000,Recommended,Recommended,2025-06-06T00:00:00.000Z,2025,Lok Sabha,18,0,False,0,0,"Construction of CC Road from Ramayanam Ramakoteswara Rao house to Gudi Rangavardhini house in Karmuru GP, Repalle Mandal, Bapatla district","Construction of CC Road from Ramayanam Ramakoteswara Rao house to Gudi Rangavardhini house in Karmuru GP, Repalle Mandal, Bapatla district",,Krishna Prasad Tenneti,,BAPATLA,300000,2025-06-06T00:00:00.000Z,2025-06-06 00:00:00+00:00,452
162086,Andhra Pradesh,Andhra Pradesh,NANDYAL,NANDYAL,Nandyal(DISTRICT COLLECTOR NANDYAL_IDA),Nandyal(DISTRICT COLLECTOR NANDYAL_IDA),Normal/Others,Normal/Others,500000,Recommended,Recommended,2024-12-28T00:00:00.000Z,2024,Lok Sabha,18,0,False,0,0,"Providing CC road from Anganwadi School to Sanjeevarayudu's house and other lanes in Erragudur (v)Hamlet of Pamulapadu Mandal to improve road connectivity, ensure safer pedestrian access, and enhance infrastructure for the benefit of residents and community services","Providing CC road from Anganwadi School to Sanjeevarayudu's house and other lanes in Erragudur (v)Hamlet of Pamulapadu Mandal to improve road connectivity, ensure safer pedestrian access, and enhance infrastructure for the benefit of residents and community services",,DR BYREDDY SHABARI,,NANDYAL,500000,2024-12-28T00:00:00.000Z,2024-12-28 00:00:00+00:00,612
207887,Andhra Pradesh,Andhra Pradesh,ONGOLE,ONGOLE,PRAKASAM(DISTRICT COLLECTOR PRAKASAM_IDA),PRAKASAM(DISTRICT COLLECTOR PRAKASAM_IDA),Normal/Others,Normal/Others,900000,Recommended,Recommended,2025-06-10T00:00:00.000Z,2025,Lok Sabha,18,0,False,0,0,"Providing 1000 LPH Reserve Osmosis Plant with Borewell, Motor and Shed","Providing 1000 LPH Reserve Osmosis Plant with Borewell, Motor and Shed",,Magunta Sreenivasulu Reddy,,ONGOLE,900000,2025-06-10T00:00:00.000Z,2025-06-10 00:00:00+00:00,448
146054,Andhra Pradesh,Andhra Pradesh,KADAPA,KADAPA,Y.S.R. Kadapa(DISTRICT COLLECTOR CUDDAPAH_IDA),Y.S.R. Kadapa(DISTRICT COLLECTOR CUDDAPAH_IDA),Normal/Others,Normal/Others,200000,Recommended,Recommended,2024-10-08T00:00:00.000Z,2024,Lok Sabha,18,0,False,0,0,Improvements to their gravel road from N Bala Obalah Fields to M Gangadarreddy fields in Machanuru Village of Machanuru GP of Pendlimarri Mandal,Improvements to their gravel road from N Bala Obalah Fields to M Gangadarreddy fields in Machanuru Village of Machanuru GP of Pendlimarri Mandal,,Y S Avinash Reddy,,KADAPA,200000,2024-10-08T00:00:00.000Z,2024-10-08 00:00:00+00:00,693
207889,Andhra Pradesh,Andhra Pradesh,ONGOLE,ONGOLE,PRAKASAM(DISTRICT COLLECTOR PRAKASAM_IDA),PRAKASAM(DISTRICT COLLECTOR PRAKASAM_IDA),Normal/Others,Normal/Others,1200000,Recommended,Recommended,2025-06-10T00:00:00.000Z,2025,Lok Sabha,18,0,False,0,0,"Providing 1000 LPH Reverse Osmosis Plant with Bore Well, Motor and Shed in Bodapadu Village","Providing 1000 LPH Reverse Osmosis Plant with Bore Well, Motor and Shed in Bodapadu Village",,Magunta Sreenivasulu Reddy,,ONGOLE,1200000,2025-06-10T00:00:00.000Z,2025-06-10 00:00:00+00:00,448
162215,Andhra Pradesh,Andhra Pradesh,HINDUPUR,HINDUPUR,Ananthapuramu(DISTRICT COLLECTOR ANANTAPUR_IDA),Ananthapuramu(DISTRICT COLLECTOR ANANTAPUR_IDA),Normal/Others,Normal/Others,1000000,Recommended,Recommended,2024-12-29T00:00:00.000Z,2024,Lok Sabha,18,0,False,0,0,Construction of community hall in Sno.203 B. Yaleru village Atmakuru (M),Construction of community hall in Sno.203 B. Yaleru village Atmakuru (M),,B K PARTHASARATHI,,HINDUPUR,1000000,2024-12-29T00:00:00.000Z,2024-12-29 00:00:00+00:00,611
207891,Andhra Pradesh,Andhra Pradesh,ONGOLE,ONGOLE,PRAKASAM(DISTRICT COLLECTOR PRAKASAM_IDA),PRAKASAM(DISTRICT COLLECTOR PRAKASAM_IDA),Normal/Others,Normal/Others,900000,Recommended,Recommended,2025-06-10T00:00:00.000Z,2025,Lok Sabha,18,0,False,0,0,"Providing 1000 LPH Reverse Osmosis Plant with Bore Well, Motor and Shed in Inimerla Village","Providing 1000 LPH Reverse Osmosis Plant with Bore Well, Motor and Shed in Inimerla Village",,Magunta Sreenivasulu Reddy,,ONGOLE,900000,2025-06-10T00:00:00.000Z,2025-06-10 00:00:00+00:00,448
175556,Andaman And Nicobar Islands,Andaman And Nicobar Islands,ANDAMAN AND NICOBAR ISLANDS,ANDAMAN AND NICOBAR ISLANDS,SOUTH ANDAMANS(Implementing District Authority(SA)),SOUTH ANDAMANS(Implementing District Authority(SA)),Repair and Renovation,Repair and Renovation,4947034,Recommended,Recommended,2025-02-14T00:00:00.000Z,2025,Lok Sabha,18,0,True,3655060,1,"Repair and renovation of road from CPWD complex, Ranchi Tikrey Dairyfarm to Fisheries Quarter, Port Blair","Repair and renovation of road from CPWD complex, Ranchi Tikrey Dairyfarm to Fisheries Quarter, Port Blair",,BISHNU PADA RAY,,ANDAMAN AND NICOBAR ISLANDS,4947034,2025-02-14T00:00:00.000Z,2025-02-14 00:00:00+00:00,564
175561,Andaman And Nicobar Islands,Andaman And Nicobar Islands,ANDAMAN AND NICOBAR ISLANDS,ANDAMAN AND NICOBAR ISLANDS,SOUTH ANDAMANS(Implementing District Authority(SA)),SOUTH ANDAMANS(Implementing District Authority(SA)),Normal/Others,Normal/Others,1498887,Recommended,Recommended,2025-02-14T00:00:00.000Z,2025,Lok Sabha,18,0,True,1189292,1,"Construction of CC Motorable road between Govt. Primary School and Shri SK Singh house at Garacharma, Ward No.18, Port Blair","Construction of CC Motorable road between Govt. Primary School and Shri SK Singh house at Garacharma, Ward No.18, Port Blair",,BISHNU PADA RAY,,ANDAMAN AND NICOBAR ISLANDS,1498887,2025-02-14T00:00:00.000Z,2025-02-14 00:00:00+00:00,564
188528,Andaman And Nicobar Islands,Andaman And Nicobar Islands,ANDAMAN AND NICOBAR ISLANDS,ANDAMAN AND NICOBAR ISLANDS,SOUTH ANDAMANS(Implementing District Authority(SA)),SOUTH ANDAMANS(Implementing District Authority(SA)),Normal/Others,Normal/Others,1320600,Recommended,Recommended,2025-04-01T00:00:00.000Z,2025,Lok Sabha,18,0,True,803540,1,"Construction of CC drain from CPWD quarters to Fisheries Quarters via Sree Shaktivel Murugan Temple for a length of 350 mtrs at Ranci Tikrey, Dairy Farm, Ward No.9, SVP.","Construction of CC drain from CPWD quarters to Fisheries Quarters via Sree Shaktivel Murugan Temple for a length of 350 mtrs at Ranci Tikrey, Dairy Farm, Ward No.9, SVP.",,BISHNU PADA RAY,,ANDAMAN AND NICOBAR ISLANDS,1320600,2025-04-01T00:00:00.000Z,2025-04-01 00:00:00+00:00,518
899,Andhra Pradesh,Andhra Pradesh,TIRUPATI,TIRUPATI,Annamayya(DISTRICT COLLECTOR ANNAMAYYA_IDA),Annamayya(DISTRICT COLLECTOR ANNAMAYYA_IDA),Normal/Others,Normal/Others,390388,Recommended,Recommended,2024-11-02T00:00:00.000Z,2024,Lok Sabha,18,0,False,0,0,"Construction of CC Road D. Narayana house to R&B road in Pullareddy Palli H/W (V), Anantha Samudram G.P. in Pullampeta Mandal.","Construction of CC Road D. Narayana house to R&B road in Pullareddy Palli H/W (V), Anantha Samudram G.P. in Pullampeta Mandal.",,Maddila Gurumoorthy,,TIRUPATI,390388,2024-11-02T00:00:00.000Z,2024-11-02 00:00:00+00:00,668
1489,Andhra Pradesh,Andhra Pradesh,ARAKU,ARAKU,"EAST GODAVARI(DISTRICT COLLECTOR, EAST GODAVARI)","EAST GODAVARI(DISTRICT COLLECTOR, EAST GODAVARI)",Normal/Others,Normal/Others,500000,Recommended,Recommended,2025-08-07T00:00:00.000Z,2025,Lok Sabha,18,0,False,0,0,construction of cc road from n16 road to kallepali venkataraju site of konthamuru,construction of cc road from n16 road to kallepali venkataraju site of konthamuru,,Gumma Thanuja Rani,,ARAKU,500000,2025-08-07T00:00:00.000Z,2025-08-07 00:00:00+00:00,390
141551,Andhra Pradesh,Andhra Pradesh,CHITTOOR,CHITTOOR,Tirupati(DISTRICT COLLECTOR TIRUPATI_IDA),Tirupati(DISTRICT COLLECTOR TIRUPATI_IDA),Normal/Others,Normal/Others,490000,Recommended,Recommended,2024-09-18T00:00:00.000Z,2024,Lok Sabha,18,0,False,0,0,"Construction of WBM Road from Jimkalamitta SC Colony to Snam alloys Pvt. Link road at Jimkalamitta Village, Damalacheruvu GP of Pakala Mandal, Chandragiri Constituency.","Construction of WBM Road from Jimkalamitta SC Colony to Snam alloys Pvt. Link road at Jimkalamitta Village, Damalacheruvu GP of Pakala Mandal, Chandragiri Constituency.",,DAGGUMALLA PRASADA RAO,,CHITTOOR,490000,2024-09-18T00:00:00.000Z,2024-09-18 00:00:00+00:00,713
161715,Andhra Pradesh,Andhra Pradesh,TIRUPATI,TIRUPATI,Tirupati(DISTRICT COLLECTOR TIRUPATI_IDA),Tirupati(DISTRICT COLLECTOR TIRUPATI_IDA),Normal/Others,Normal/Others,180000,Recommended,Recommended,2024-12-27T00:00:00.000Z,2024,Lok Sabha,18,0,False,0,0,Providing street lights and fixtures at Irugulam in Satyavedu Mandal.,Providing street lights and fixtures at Irugulam in Satyavedu Mandal.,,Maddila Gurumoorthy,,TIRUPATI,180000,2024-12-27T00:00:00.000Z,2024-12-27 00:00:00+00:00,613
199552,Andhra Pradesh,Andhra Pradesh,TIRUPATI,TIRUPATI,Tirupati(DISTRICT COLLECTOR TIRUPATI_IDA),Tirupati(DISTRICT COLLECTOR TIRUPATI_IDA),Normal/Others,Normal/Others,300000,Recommended,Recommended,2025-05-19T00:00:00.000Z,2025,Lok Sabha,18,0,True,299331,1,Construction of CC Open Drain with cover slab from Mekapilla Guravaiah house to gonu Thirupalaiah house at Akkurthy HW Ho Akkurthy GP in Srikalahasthi Mandal.,Construction of CC Open Drain with cover slab from Mekapilla Guravaiah house to gonu Thirupalaiah house at Akkurthy HW Ho Akkurthy GP in Srikalahasthi Mandal.,,Maddila Gurumoorthy,,TIRUPATI,300000,2025-05-19T00:00:00.000Z,2025-05-19 00:00:00+00:00,470
158196,Andhra Pradesh,Andhra Pradesh,NANDYAL,NANDYAL,Nandyal(DISTRICT COLLECTOR NANDYAL_IDA),Nandyal(DISTRICT COLLECTOR NANDYAL_IDA),Normal/Others,Normal/Others,500000,Recommended,Recommended,2024-12-12T00:00:00.000Z,2024,Lok Sabha,18,0,False,0,0,"Establishment of a Mineral Water Plant in Thudicherla Village, Jupad Bunglow Mandal with a budget allocation of ?5,00,000 to ensure access to safe drinking water for the residents.","Establishment of a Mineral Water Plant in Thudicherla Village, Jupad Bunglow Mandal with a budget allocation of ?5,00,000 to ensure access to safe drinking water for the residents.",,DR BYREDDY SHABARI,,NANDYAL,500000,2024-12-12T00:00:00.000Z,2024-12-12 00:00:00+00:00,628
183409,Andhra Pradesh,Andhra Pradesh,ELURU,ELURU,Eluru(DISTRICT COLLECTOR ELURU_IDA),Eluru(DISTRICT COLLECTOR ELURU_IDA),Normal/Others,Normal/Others,280000,Recommended,Recommended,2025-03-18T00:00:00.000Z,2025,Lok Sabha,18,0,False,0,0,The DC estimate is for Shofting of 160 Mts.33KV Line Duly Erecting 150Mts.33KV line on 33KV Vangayagudem-Santhoshnagar-Santhinagar Feeder,The DC estimate is for Shofting of 160 Mts.33KV Line Duly Erecting 150Mts.33KV line on 33KV Vangayagudem-Santhoshnagar-Santhinagar Feeder,,Putta Mahesh Kumar,,ELURU,280000,2025-03-18T00:00:00.000Z,2025-03-18 00:00:00+00:00,532
1362,Andhra Pradesh,Andhra Pradesh,TIRUPATI,TIRUPATI,Annamayya(DISTRICT COLLECTOR ANNAMAYYA_IDA),Annamayya(DISTRICT COLLECTOR ANNAMAYYA_IDA),Normal/Others,Normal/Others,1767296,Recommended,Recommended,2025-06-16T00:00:00.000Z,2025,Lok Sabha,18,0,False,0,0,"Providing CC Road and Culvert from Bujji Basha house to KM Palli, Veeraballi GP and Mandal, Annamayya District.","Providing CC Road and Culvert from Bujji Basha house to KM Palli, Veeraballi GP and Mandal, Annamayya District.",,Maddila Gurumoorthy,,TIRUPATI,1767296,2025-06-16T00:00:00.000Z,2025-06-16 00:00:00+00:00,442
185211,Andhra Pradesh,Andhra Pradesh,ELURU,ELURU,Eluru(DISTRICT COLLECTOR ELURU_IDA),Eluru(DISTRICT COLLECTOR ELURU_IDA),Repair and Renovation,Repair and Renovation,2500000,Recommended,Recommended,2025-03-21T00:00:00.000Z,2025,Lok Sabha,18,0,False,0,0,"Renovation and Repairs of Girls Hostel Building of SSR Govt,P.E.T College in Gopannapalem(V) Denduluru(M)","Renovation and Repairs of Girls Hostel Building of SSR Govt,P.E.T College in Gopannapalem(V) Denduluru(M)",,Putta Mahesh Kumar,,ELURU,2500000,2025-03-21T00:00:00.000Z,2025-03-21 00:00:00+00:00,529
158437,Andhra Pradesh,Andhra Pradesh,NANDYAL,NANDYAL,Nandyal(DISTRICT COLLECTOR NANDYAL_IDA),Nandyal(DISTRICT COLLECTOR NANDYAL_IDA),Normal/Others,Normal/Others,500000,Recommended,Recommended,2024-12-13T00:00:00.000Z,2024,Lok Sabha,18,0,True,499622,1,"Establishment of a mineral water plant in Pedda Gummadapuram Village of Kothapalle Mandal to provide safe and clean drinking water, ensuring improved public health, hygiene, and accessibility to potable water for the residents.","Establishment of a mineral water plant in Pedda Gummadapuram Village of Kothapalle Mandal to provide safe and clean drinking water, ensuring improved public health, hygiene, and accessibility to potable water for the residents.",,DR BYREDDY SHABARI,,NANDYAL,500000,2024-12-13T00:00:00.000Z,2024-12-13 00:00:00+00:00,627
186736,Andhra Pradesh,Andhra Pradesh,BAPATLA,BAPATLA,Bapatla(DISTRICT COLLECTOR BAPATLA_IDA),Bapatla(DISTRICT COLLECTOR BAPATLA_IDA),Normal/Others,Normal/Others,1000000,Recommended,Recommended,2025-03-26T00:00:00.000Z,2025,Lok Sabha,18,0,False,0,0,"Purchase of IT Systems including hardware and software for education purpose in Bapatla Municipal High School, Bapatla Municipality","Purchase of IT Systems including hardware and software for education purpose in Bapatla Municipal High School, Bapatla Municipality",,Krishna Prasad Tenneti,,BAPATLA,1000000,2025-03-26T00:00:00.000Z,2025-03-26 00:00:00+00:00,524
188548,Andhra Pradesh,Andhra Pradesh,RAJAMPET,RAJAMPET,CHITTOOR(DISTRICT COLLECTOR CHITTOOR_IDA),CHITTOOR(DISTRICT COLLECTOR CHITTOOR_IDA),Normal/Others,Normal/Others,200000,Recommended,Recommended,2025-04-01T00:00:00.000Z,2025,Lok Sabha,18,0,False,0,0,"Borewell at Palyam Near Ayyappa Swamy Temple, Palyam (G.P) Kallur","Borewell at Palyam Near Ayyappa Swamy Temple, Palyam (G.P) Kallur",,Midhun Reddy,,RAJAMPET,200000,2025-04-01T00:00:00.000Z,2025-04-01 00:00:00+00:00,518
158753,Andhra Pradesh,Andhra Pradesh,NANDYAL,NANDYAL,Nandyal(DISTRICT COLLECTOR NANDYAL_IDA),Nandyal(DISTRICT COLLECTOR NANDYAL_IDA),Normal/Others,Normal/Others,500000,Recommended,Recommended,2024-12-14T00:00:00.000Z,2024,Lok Sabha,18,0,False,0,0,"Setting up a mineral water plant in Veerapuram hamlet, Guvvalakuntla village, Kothapalli Mandal, to provide clean drinking water. Activities include installation of purification systems, quality testing, and local employment generation. The project aims to improve public health and ensure sustainable access to safe water","Setting up a mineral water plant in Veerapuram hamlet, Guvvalakuntla village, Kothapalli Mandal, to provide clean drinking water. Activities include installation of purification systems, quality testing, and local employment generation. The project aims to improve public health and ensure sustainable access to safe water",,DR BYREDDY SHABARI,,NANDYAL,500000,2024-12-14T00:00:00.000Z,2024-12-14 00:00:00+00:00,626
188554,Andhra Pradesh,Andhra Pradesh,RAJAMPET,RAJAMPET,Annamayya(DISTRICT COLLECTOR ANNAMAYYA_IDA),Annamayya(DISTRICT COLLECTOR ANNAMAYYA_IDA),Normal/Others,Normal/Others,200000,Recommended,Recommended,2025-04-01T00:00:00.000Z,2025,Lok Sabha,18,0,False,0,0,Providing Borewell at Nadimbattuvaripalli (V) Ratiguntapalli GP,Providing Borewell at Nadimbattuvaripalli (V) Ratiguntapalli GP,,Midhun Reddy,,RAJAMPET,200000,2025-04-01T00:00:00.000Z,2025-04-01 00:00:00+00:00,518
189406,Andhra Pradesh,Andhra Pradesh,GUNTUR,GUNTUR,GUNTUR(DISTRICT COLLECTOR GUNTUR_IDA),GUNTUR(DISTRICT COLLECTOR GUNTUR_IDA),Normal/Others,Normal/Others,661000,Recommended,Recommended,2025-04-04T00:00:00.000Z,2025,Lok Sabha,18,0,True,661000,1,"Small Animals Anaesthetic Machine with ventilator and with Isoflurane vaporizer for Govt Veterinary Poly Clinic, Guntur","Small Animals Anaesthetic Machine with ventilator and with Isoflurane vaporizer for Govt Veterinary Poly Clinic, Guntur",,Dr Chandra Sekhar Pemmasani,,GUNTUR,661000,2025-04-04T00:00:00.000Z,2025-04-04 00:00:00+00:00,515
160022,Andhra Pradesh,Andhra Pradesh,NANDYAL,NANDYAL,Nandyal(DISTRICT COLLECTOR NANDYAL_IDA),Nandyal(DISTRICT COLLECTOR NANDYAL_IDA),Normal/Others,Normal/Others,500000,Recommended,Recommended,2024-12-20T00:00:00.000Z,2024,Lok Sabha,18,0,True,499912,1,New Formation of approach roads with Gravel surface from Nandyal BT Road to Allagadda polimera stone (allagadda rastha)   of Thalamudipi (V&GP) of  Midthur(M) in Nandyal District.,New Formation of approach roads with Gravel surface from Nandyal BT Road to Allagadda polimera stone (allagadda rastha)   of Thalamudipi (V&GP) of  Midthur(M) in Nandyal District.,,DR BYREDDY SHABARI,,NANDYAL,500000,2024-12-20T00:00:00.000Z,2024-12-20 00:00:00+00:00,620
191639,Andhra Pradesh,Andhra Pradesh,KADAPA,KADAPA,Y.S.R. Kadapa(DISTRICT COLLECTOR CUDDAPAH_IDA),Y.S.R. Kadapa(DISTRICT COLLECTOR CUDDAPAH_IDA),Normal/Others,Normal/Others,300000,Recommended,Recommended,2025-05-27T00:00:00.000Z,2025,Lok Sabha,18,0,True,275219,1,"Providing RO Water Plant Machinary Equipment to Theluru Village, Thoudur Mandal, YSR District","Providing RO Water Plant Machinary Equipment to Theluru Village, Thoudur Mandal, YSR District",,Y S Avinash Reddy,,KADAPA,300000,2025-05-27T00:00:00.000Z,2025-05-27 00:00:00+00:00,462
191641,Andhra Pradesh,Andhra Pradesh,KADAPA,KADAPA,Y.S.R. Kadapa(DISTRICT COLLECTOR CUDDAPAH_IDA),Y.S.R. Kadapa(DISTRICT COLLECTOR CUDDAPAH_IDA),Normal/Others,Normal/Others,497000,Recommended,Recommended,2025-05-27T00:00:00.000Z,2025,Lok Sabha,18,0,True,496813,1,"Fromation of Gravel Road from Lomada Bharadrampalli Village Road to Kullayappa Fields of  1.5km, Lomada Village, Simhadripuram Mandal, YSR District.","Fromation of Gravel Road from Lomada Bharadrampalli Village Road to Kullayappa Fields of  1.5km, Lomada Village, Simhadripuram Mandal, YSR District.",,Y S Avinash Reddy,,KADAPA,497000,2025-05-27T00:00:00.000Z,2025-05-27 00:00:00+00:00,462
160181,Andhra Pradesh,Andhra Pradesh,NANDYAL,NANDYAL,Nandyal(DISTRICT COLLECTOR NANDYAL_IDA),Nandyal(DISTRICT COLLECTOR NANDYAL_IDA),Normal/Others,Normal/Others,200000,Recommended,Recommended,2024-12-20T00:00:00.000Z,2024,Lok Sabha,18,0,True,159143,1,Construction of Compound wall to Burial Ground  (Bit 2) in Malyala village of Nandikotkur Mandal,Construction of Compound wall to Burial Ground  (Bit 2) in Malyala village of Nandikotkur Mandal,,DR BYREDDY SHABARI,,NANDYAL,200000,2024-12-20T00:00:00.000Z,2024-12-20 00:00:00+00:00,620
191940,Andhra Pradesh,Andhra Pradesh,RAJAMPET,RAJAMPET,CHITTOOR(DISTRICT COLLECTOR CHITTOOR_IDA),CHITTOOR(DISTRICT COLLECTOR CHITTOOR_IDA),Normal/Others,Normal/Others,300000,Recommended,Recommended,2025-04-21T00:00:00.000Z,2025,Lok Sabha,18,0,False,0,0,Development works to Bus Shelter in Sodum,Development works to Bus Shelter in Sodum,,Midhun Reddy,,RAJAMPET,300000,2025-04-21T00:00:00.000Z,2025-04-21 00:00:00+00:00,498
1409,Andhra Pradesh,Andhra Pradesh,TIRUPATI,TIRUPATI,Annamayya(DISTRICT COLLECTOR ANNAMAYYA_IDA),Annamayya(DISTRICT COLLECTOR ANNAMAYYA_IDA),Normal/Others,Normal/Others,450000,Recommended,Recommended,2025-06-28T00:00:00.000Z,2025,Lok Sabha,18,0,False,0,0,Providing Internal CC Road from Kuncham Srinivasulu House to Alakunta Venkata Subbamma House at Vadde Colony of H. Kothapalli GP of Rajampet Mandal.,Providing Internal CC Road from Kuncham Srinivasulu House to Alakunta Venkata Subbamma House at Vadde Colony of H. Kothapalli GP of Rajampet Mandal.,,Maddila Gurumoorthy,,TIRUPATI,450000,2025-06-28T00:00:00.000Z,2025-06-28 00:00:00+00:00,430
191945,Andhra Pradesh,Andhra Pradesh,RAJAMPET,RAJAMPET,CHITTOOR(DISTRICT COLLECTOR CHITTOOR_IDA),CHITTOOR(DISTRICT COLLECTOR CHITTOOR_IDA),Normal/Others,Normal/Others,125000,Recommended,Recommended,2025-04-21T00:00:00.000Z,2025,Lok Sabha,18,0,False,0,0,Providing Pipe Line Near MDO Office Sodum,Providing Pipe Line Near MDO Office Sodum,,Midhun Reddy,,RAJAMPET,125000,2025-04-21T00:00:00.000Z,2025-04-21 00:00:00+00:00,498
160201,Andhra Pradesh,Andhra Pradesh,NANDYAL,NANDYAL,Nandyal(DISTRICT COLLECTOR NANDYAL_IDA),Nandyal(DISTRICT COLLECTOR NANDYAL_IDA),Normal/Others,Normal/Others,500000,Recommended,Recommended,2024-12-20T00:00:00.000Z,2024,Lok Sabha,18,0,False,0,0,Providing  CC Road along with Drains from Sugali Venkateswarlu house to Anganwadi centre  in  Erragudur village H/O Pamulapadu of Pamulapadu Mandal,Providing  CC Road along with Drains from Sugali Venkateswarlu house to Anganwadi centre  in  Erragudur village H/O Pamulapadu of Pamulapadu Mandal,,DR BYREDDY SHABARI,,NANDYAL,500000,2024-12-20T00:00:00.000Z,2024-12-20 00:00:00+00:00,620
191948,Andhra Pradesh,Andhra Pradesh,RAJAMPET,RAJAMPET,CHITTOOR(DISTRICT COLLECTOR CHITTOOR_IDA),CHITTOOR(DISTRICT COLLECTOR CHITTOOR_IDA),Normal/Others,Normal/Others,125000,Recommended,Recommended,2025-04-21T00:00:00.000Z,2025,Lok Sabha,18,0,False,0,0,Providing Pipe Line in Moravapalli Village GP,Providing Pipe Line in Moravapalli Village GP,,Midhun Reddy,,RAJAMPET,125000,2025-04-21T00:00:00.000Z,2025-04-21 00:00:00+00:00,498
191951,Andhra Pradesh,Andhra Pradesh,RAJAMPET,RAJAMPET,CHITTOOR(DISTRICT COLLECTOR CHITTOOR_IDA),CHITTOOR(DISTRICT COLLECTOR CHITTOOR_IDA),Normal/Others,Normal/Others,75000,Recommended,Recommended,2025-04-21T00:00:00.000Z,2025,Lok Sabha,18,0,False,0,0,Providing Pipe Line in Jogivaripalli (Village and GP),Providing Pipe Line in Jogivaripalli (Village and GP),,Midhun Reddy,,RAJAMPET,75000,2025-04-21T00:00:00.000Z,2025-04-21 00:00:00+00:00,498
160207,Andhra Pradesh,Andhra Pradesh,NANDYAL,NANDYAL,Nandyal(DISTRICT COLLECTOR NANDYAL_IDA),Nandyal(DISTRICT COLLECTOR NANDYAL_IDA),Normal/Others,Normal/Others,500000,Recommended,Recommended,2024-12-20T00:00:00.000Z,2024,Lok Sabha,18,0,True,499856,1,"""CC Road along with Drains from Boya Pullaiah House to Masjid  in
Tarigopula(v) of J.Bunglow(M)""","""CC Road along with Drains from Boya Pullaiah House to Masjid  in
Tarigopula(v) of J.Bunglow(M)""",,DR BYREDDY SHABARI,,NANDYAL,500000,2024-12-20T00:00:00.000Z,2024-12-20 00:00:00+00:00,620
191977,Andhra Pradesh,Andhra Pradesh,RAJAMPET,RAJAMPET,Annamayya(DISTRICT COLLECTOR ANNAMAYYA_IDA),Annamayya(DISTRICT COLLECTOR ANNAMAYYA_IDA),Normal/Others,Normal/Others,300000,Recommended,Recommended,2025-04-21T00:00:00.000Z,2025,Lok Sabha,18,0,False,0,0,Installing Borewell and Providing Motor in Palem Village Pathegadda GP,Installing Borewell and Providing Motor in Palem Village Pathegadda GP,,Midhun Reddy,,RAJAMPET,300000,2025-04-21T00:00:00.000Z,2025-04-21 00:00:00+00:00,498
191986,Andhra Pradesh,Andhra Pradesh,RAJAMPET,RAJAMPET,Annamayya(DISTRICT COLLECTOR ANNAMAYYA_IDA),Annamayya(DISTRICT COLLECTOR ANNAMAYYA_IDA),Normal/Others,Normal/Others,180000,Recommended,Recommended,2025-04-21T00:00:00.000Z,2025,Lok Sabha,18,0,False,0,0,"Borewell in Nakkaladinnevaddipalli (V), KV Palli (G.P)","Borewell in Nakkaladinnevaddipalli (V), KV Palli (G.P)",,Midhun Reddy,,RAJAMPET,180000,2025-04-21T00:00:00.000Z,2025-04-21 00:00:00+00:00,498
160291,Andhra Pradesh,Andhra Pradesh,NANDYAL,NANDYAL,Nandyal(DISTRICT COLLECTOR NANDYAL_IDA),Nandyal(DISTRICT COLLECTOR NANDYAL_IDA),Normal/Others,Normal/Others,500000,Recommended,Recommended,2024-12-20T00:00:00.000Z,2024,Lok Sabha,18,0,True,491698,1,Providing internal CC Road along with Drains Moulali (h) to Chakali Balanna(h)  in Pamulapadu(v)&(M),Providing internal CC Road along with Drains Moulali (h) to Chakali Balanna(h)  in Pamulapadu(v)&(M),,DR BYREDDY SHABARI,,NANDYAL,500000,2024-12-20T00:00:00.000Z,2024-12-20 00:00:00+00:00,620
191989,Andhra Pradesh,Andhra Pradesh,RAJAMPET,RAJAMPET,Annamayya(DISTRICT COLLECTOR ANNAMAYYA_IDA),Annamayya(DISTRICT COLLECTOR ANNAMAYYA_IDA),Normal/Others,Normal/Others,300000,Recommended,Recommended,2025-04-21T00:00:00.000Z,2025,Lok Sabha,18,0,False,0,0,New Borewell  and Motor at Diguvabattavaripalli BC Colony of Rathiguntapalli GP,New Borewell  and Motor at Diguvabattavaripalli BC Colony of Rathiguntapalli GP,,Midhun Reddy,,RAJAMPET,300000,2025-04-21T00:00:00.000Z,2025-04-21 00:00:00+00:00,498
192544,Andhra Pradesh,Andhra Pradesh,VIZIANAGARAM,VIZIANAGARAM,VIZIANAGARAM(DISTRICT COLLECTOR VIZIANAGARAM_IDA),VIZIANAGARAM(DISTRICT COLLECTOR VIZIANAGARAM_IDA),Normal/Others,Normal/Others,200000,Recommended,Recommended,2025-04-19T00:00:00.000Z,2025,Lok Sabha,18,0,False,0,0,Completion of Incomplete Anganwadi Building at Kotasirlam Gram Panchayat of Ramabhadrapuram Mandal,Completion of Incomplete Anganwadi Building at Kotasirlam Gram Panchayat of Ramabhadrapuram Mandal,,Appalanaidu Kalisetti,,VIZIANAGARAM,200000,2025-04-19T00:00:00.000Z,2025-04-19 00:00:00+00:00,500
160319,Andhra Pradesh,Andhra Pradesh,NANDYAL,NANDYAL,Nandyal(DISTRICT COLLECTOR NANDYAL_IDA),Nandyal(DISTRICT COLLECTOR NANDYAL_IDA),Normal/Others,Normal/Others,500000,Recommended,Recommended,2024-12-20T00:00:00.000Z,2024,Lok Sabha,18,0,False,0,0,Providing  CC Roads along with Drains and culverts in Byreddy Seshasayana Reddy Nagar and other areas of Parumanchala of  J.Bunglow Mandal.,Providing  CC Roads along with Drains and culverts in Byreddy Seshasayana Reddy Nagar and other areas of Parumanchala of  J.Bunglow Mandal.,,DR BYREDDY SHABARI,,NANDYAL,500000,2024-12-20T00:00:00.000Z,2024-12-20 00:00:00+00:00,620
193184,Andhra Pradesh,Andhra Pradesh,ARAKU,ARAKU,Parvathipuram Manyam(District Collector Parvathipuram Manyam_IDA),Parvathipuram Manyam(District Collector Parvathipuram Manyam_IDA),Normal/Others,Normal/Others,200000,Recommended,Recommended,2025-05-07T00:00:00.000Z,2025,Lok Sabha,18,0,True,200000,1,formation of gravel road from water pond to beemavarapu field at kavitibadra village,formation of gravel road from water pond to beemavarapu field at kavitibadra village,,Gumma Thanuja Rani,,ARAKU,200000,2025-05-07T00:00:00.000Z,2025-05-07 00:00:00+00:00,482
1411,Andhra Pradesh,Andhra Pradesh,TIRUPATI,TIRUPATI,Annamayya(DISTRICT COLLECTOR ANNAMAYYA_IDA),Annamayya(DISTRICT COLLECTOR ANNAMAYYA_IDA),Normal/Others,Normal/Others,300000,Recommended,Recommended,2025-06-28T00:00:00.000Z,2025,Lok Sabha,18,0,False,0,0,Providing Internal CC Road from Choppa Narasa Reddy House to Meda Raghava Reddy House at Medavaripalli of H. Kothapalli GP of Rajampet Mandal.,Providing Internal CC Road from Choppa Narasa Reddy House to Meda Raghava Reddy House at Medavaripalli of H. Kothapalli GP of Rajampet Mandal.,,Maddila Gurumoorthy,,TIRUPATI,300000,2025-06-28T00:00:00.000Z,2025-06-28 00:00:00+00:00,430
193217,Andhra Pradesh,Andhra Pradesh,ARAKU,ARAKU,Parvathipuram Manyam(District Collector Parvathipuram Manyam_IDA),Parvathipuram Manyam(District Collector Parvathipuram Manyam_IDA),Normal/Others,Normal/Others,500000,Recommended,Recommended,2025-05-07T00:00:00.000Z,2025,Lok Sabha,18,0,True,498266,1,construction of cc drain at EX-MLA house surroundings,construction of cc drain at EX-MLA house surroundings,,Gumma Thanuja Rani,,ARAKU,500000,2025-05-07T00:00:00.000Z,2025-05-07 00:00:00+00:00,482
160321,Andhra Pradesh,Andhra Pradesh,NANDYAL,NANDYAL,Nandyal(DISTRICT COLLECTOR NANDYAL_IDA),Nandyal(DISTRICT COLLECTOR NANDYAL_IDA),Normal/Others,Normal/Others,400000,Recommended,Recommended,2024-12-20T00:00:00.000Z,2024,Lok Sabha,18,0,True,385629,1,Providing  CC Roads along with Drains from  Peerla chavidi  to  Balaswamy house  in  of Tatipadu(v) of J.Bunglow Mandal.,Providing  CC Roads along with Drains from  Peerla chavidi  to  Balaswamy house  in  of Tatipadu(v) of J.Bunglow Mandal.,,DR BYREDDY SHABARI,,NANDYAL,400000,2024-12-20T00:00:00.000Z,2024-12-20 00:00:00+00:00,620
193228,Andhra Pradesh,Andhra Pradesh,ARAKU,ARAKU,Parvathipuram Manyam(District Collector Parvathipuram Manyam_IDA),Parvathipuram Manyam(District Collector Parvathipuram Manyam_IDA),Normal/Others,Normal/Others,300000,Recommended,Recommended,2025-05-07T00:00:00.000Z,2025,Lok Sabha,18,0,True,291724,1,construction of cc road from garava baburao house to sc street,construction of cc road from garava baburao house to sc street,,Gumma Thanuja Rani,,ARAKU,300000,2025-05-07T00:00:00.000Z,2025-05-07 00:00:00+00:00,482
194142,Andhra Pradesh,Andhra Pradesh,RAJAMPET,RAJAMPET,Annamayya(DISTRICT COLLECTOR ANNAMAYYA_IDA),Annamayya(DISTRICT COLLECTOR ANNAMAYYA_IDA),Normal/Others,Normal/Others,300000,Recommended,Recommended,2025-04-24T00:00:00.000Z,2025,Lok Sabha,18,0,False,0,0,Internal CC Roads in Kuravapalli Village Balamvaripalli GP,Internal CC Roads in Kuravapalli Village Balamvaripalli GP,,Midhun Reddy,,RAJAMPET,300000,2025-04-24T00:00:00.000Z,2025-04-24 00:00:00+00:00,495
160323,Andhra Pradesh,Andhra Pradesh,NANDYAL,NANDYAL,Nandyal(DISTRICT COLLECTOR NANDYAL_IDA),Nandyal(DISTRICT COLLECTOR NANDYAL_IDA),Normal/Others,Normal/Others,400000,Recommended,Recommended,2024-12-20T00:00:00.000Z,2024,Lok Sabha,18,0,True,397325,1,Providing  CC Roads along with Drains from  Kammari Srinivasulu   to  S.C.Colony  in  Mandlem(v) of J.Bunglow Mandal.,Providing  CC Roads along with Drains from  Kammari Srinivasulu   to  S.C.Colony  in  Mandlem(v) of J.Bunglow Mandal.,,DR BYREDDY SHABARI,,NANDYAL,400000,2024-12-20T00:00:00.000Z,2024-12-20 00:00:00+00:00,620
194412,Andhra Pradesh,Andhra Pradesh,KURNOOL,KURNOOL,KURNOOL(DISTRICT COLLECTOR KURNOOL_IDA),KURNOOL(DISTRICT COLLECTOR KURNOOL_IDA),Repair and Renovation,Repair and Renovation,500000,Recommended,Recommended,2025-04-25T00:00:00.000Z,2025,Lok Sabha,18,0,True,499202,1,"Repairs and Renovation at Hostel, Krishnagiri Mandal, Pattikonda Constituency","Repairs and Renovation at Hostel, Krishnagiri Mandal, Pattikonda Constituency",,BASTIPATI NAGARAJU PANCHALINGALA,,KURNOOL,500000,2025-04-25T00:00:00.000Z,2025-04-25 00:00:00+00:00,494
188526,Andaman And Nicobar Islands,Andaman And Nicobar Islands,ANDAMAN AND NICOBAR ISLANDS,ANDAMAN AND NICOBAR ISLANDS,NORTH AND MIDDLE ANDAMAN(Implementing District Authority(N&MA)),NORTH AND MIDDLE ANDAMAN(Implementing District Authority(N&MA)),Normal/Others,Normal/Others,2096539,Recommended,Recommended,2025-04-01T00:00:00.000Z,2025,Lok Sabha,18,0,False,0,0,"Construction of Culvert near Bejoli Maiti house at Ward No.1, Madhupur Gram Panchayat, Diglipur","Construction of Culvert near Bejoli Maiti house at Ward No.1, Madhupur Gram Panchayat, Diglipur",,BISHNU PADA RAY,,ANDAMAN AND NICOBAR ISLANDS,2096539,2025-04-01T00:00:00.000Z,2025-04-01 00:00:00+00:00,518
194505,Andhra Pradesh,Andhra Pradesh,RAJAHMUNDRY,RAJAHMUNDRY,"EAST GODAVARI(DISTRICT COLLECTOR, EAST GODAVARI)","EAST GODAVARI(DISTRICT COLLECTOR, EAST GODAVARI)",Normal/Others,Normal/Others,2500000,Recommended,Recommended,2025-05-09T00:00:00.000Z,2025,Lok Sabha,18,0,False,0,0,Construction of BC Community Hall at D.Muppavaram Village,Construction of BC Community Hall at D.Muppavaram Village,,Daggubati Purandeshwari,,RAJAHMUNDRY,2500000,2025-05-09T00:00:00.000Z,2025-05-09 00:00:00+00:00,480
161333,Andhra Pradesh,Andhra Pradesh,ARAKU,ARAKU,Alluri Sitharama Raju(DISTRICT COLLECTOR ALLURI SITHARAMARAJU_IDA),Alluri Sitharama Raju(DISTRICT COLLECTOR ALLURI SITHARAMARAJU_IDA),Normal/Others,Normal/Others,3000000,Recommended,Recommended,2024-12-27T00:00:00.000Z,2024,Lok Sabha,18,0,True,2997212,2,Construction of community centers and community halls,Construction of community centers and community halls,,Gumma Thanuja Rani,,ARAKU,3000000,2024-12-27T00:00:00.000Z,2024-12-27 00:00:00+00:00,613
194514,Andhra Pradesh,Andhra Pradesh,RAJAHMUNDRY,RAJAHMUNDRY,"EAST GODAVARI(DISTRICT COLLECTOR, EAST GODAVARI)","EAST GODAVARI(DISTRICT COLLECTOR, EAST GODAVARI)",Normal/Others,Normal/Others,2000000,Recommended,Recommended,2025-05-09T00:00:00.000Z,2025,Lok Sabha,18,0,False,0,0,Construction of BC Community Hall at Undrajavaram Village,Construction of BC Community Hall at Undrajavaram Village,,Daggubati Purandeshwari,,RAJAHMUNDRY,2000000,2025-05-09T00:00:00.000Z,2025-05-09 00:00:00+00:00,480
175556,Andaman And Nicobar Islands,Andaman And Nicobar Islands,ANDAMAN AND NICOBAR ISLANDS,ANDAMAN AND NICOBAR ISLANDS,SOUTH ANDAMANS(Implementing District Authority(SA)),SOUTH ANDAMANS(Implementing District Authority(SA)),Repair and Renovation,Repair and Renovation,4947034,Recommended,Recommended,2025-02-14T00:00:00.000Z,2025,Lok Sabha,18,0,True,3655060,1,"Repair and renovation of road from CPWD complex, Ranchi Tikrey Dairyfarm to Fisheries Quarter, Port Blair","Repair and renovation of road from CPWD complex, Ranchi Tikrey Dairyfarm to Fisheries Quarter, Port Blair",,BISHNU PADA RAY,,ANDAMAN AND NICOBAR ISLANDS,4947034,2025-02-14T00:00:00.000Z,2025-02-14 00:00:00+00:00,564
175561,Andaman And Nicobar Islands,Andaman And Nicobar Islands,ANDAMAN AND NICOBAR ISLANDS,ANDAMAN AND NICOBAR ISLANDS,SOUTH ANDAMANS(Implementing District Authority(SA)),SOUTH ANDAMANS(Implementing District Authority(SA)),Normal/Others,Normal/Others,1498887,Recommended,Recommended,2025-02-14T00:00:00.000Z,2025,Lok Sabha,18,0,True,1189292,1,"Construction of CC Motorable road between Govt. Primary School and Shri SK Singh house at Garacharma, Ward No.18, Port Blair","Construction of CC Motorable road between Govt. Primary School and Shri SK Singh house at Garacharma, Ward No.18, Port Blair",,BISHNU PADA RAY,,ANDAMAN AND NICOBAR ISLANDS,1498887,2025-02-14T00:00:00.000Z,2025-02-14 00:00:00+00:00,564
188528,Andaman And Nicobar Islands,Andaman And Nicobar Islands,ANDAMAN AND NICOBAR ISLANDS,ANDAMAN AND NICOBAR ISLANDS,SOUTH ANDAMANS(Implementing District Authority(SA)),SOUTH ANDAMANS(Implementing District Authority(SA)),Normal/Others,Normal/Others,1320600,Recommended,Recommended,2025-04-01T00:00:00.000Z,2025,Lok Sabha,18,0,True,803540,1,"Construction of CC drain from CPWD quarters to Fisheries Quarters via Sree Shaktivel Murugan Temple for a length of 350 mtrs at Ranci Tikrey, Dairy Farm, Ward No.9, SVP.","Construction of CC drain from CPWD quarters to Fisheries Quarters via Sree Shaktivel Murugan Temple for a length of 350 mtrs at Ranci Tikrey, Dairy Farm, Ward No.9, SVP.",,BISHNU PADA RAY,,ANDAMAN AND NICOBAR ISLANDS,1320600,2025-04-01T00:00:00.000Z,2025-04-01 00:00:00+00:00,518
899,Andhra Pradesh,Andhra Pradesh,TIRUPATI,TIRUPATI,Annamayya(DISTRICT COLLECTOR ANNAMAYYA_IDA),Annamayya(DISTRICT COLLECTOR ANNAMAYYA_IDA),Normal/Others,Normal/Others,390388,Recommended,Recommended,2024-11-02T00:00:00.000Z,2024,Lok Sabha,18,0,False,0,0,"Construction of CC Road D. Narayana house to R&B road in Pullareddy Palli H/W (V), Anantha Samudram G.P. in Pullampeta Mandal.","Construction of CC Road D. Narayana house to R&B road in Pullareddy Palli H/W (V), Anantha Samudram G.P. in Pullampeta Mandal.",,Maddila Gurumoorthy,,TIRUPATI,390388,2024-11-02T00:00:00.000Z,2024-11-02 00:00:00+00:00,668
1489,Andhra Pradesh,Andhra Pradesh,ARAKU,ARAKU,"EAST GODAVARI(DISTRICT COLLECTOR, EAST GODAVARI)","EAST GODAVARI(DISTRICT COLLECTOR, EAST GODAVARI)",Normal/Others,Normal/Others,500000,Recommended,Recommended,2025-08-07T00:00:00.000Z,2025,Lok Sabha,18,0,False,0,0,construction of cc road from n16 road to kallepali venkataraju site of konthamuru,construction of cc road from n16 road to kallepali venkataraju site of konthamuru,,Gumma Thanuja Rani,,ARAKU,500000,2025-08-07T00:00:00.000Z,2025-08-07 00:00:00+00:00,390
141551,Andhra Pradesh,Andhra Pradesh,CHITTOOR,CHITTOOR,Tirupati(DISTRICT COLLECTOR TIRUPATI_IDA),Tirupati(DISTRICT COLLECTOR TIRUPATI_IDA),Normal/Others,Normal/Others,490000,Recommended,Recommended,2024-09-18T00:00:00.000Z,2024,Lok Sabha,18,0,False,0,0,"Construction of WBM Road from Jimkalamitta SC Colony to Snam alloys Pvt. Link road at Jimkalamitta Village, Damalacheruvu GP of Pakala Mandal, Chandragiri Constituency.","Construction of WBM Road from Jimkalamitta SC Colony to Snam alloys Pvt. Link road at Jimkalamitta Village, Damalacheruvu GP of Pakala Mandal, Chandragiri Constituency.",,DAGGUMALLA PRASADA RAO,,CHITTOOR,490000,2024-09-18T00:00:00.000Z,2024-09-18 00:00:00+00:00,713
161715,Andhra Pradesh,Andhra Pradesh,TIRUPATI,TIRUPATI,Tirupati(DISTRICT COLLECTOR TIRUPATI_IDA),Tirupati(DISTRICT COLLECTOR TIRUPATI_IDA),Normal/Others,Normal/Others,180000,Recommended,Recommended,2024-12-27T00:00:00.000Z,2024,Lok Sabha,18,0,False,0,0,Providing street lights and fixtures at Irugulam in Satyavedu Mandal.,Providing street lights and fixtures at Irugulam in Satyavedu Mandal.,,Maddila Gurumoorthy,,TIRUPATI,180000,2024-12-27T00:00:00.000Z,2024-12-27 00:00:00+00:00,613
199552,Andhra Pradesh,Andhra Pradesh,TIRUPATI,TIRUPATI,Tirupati(DISTRICT COLLECTOR TIRUPATI_IDA),Tirupati(DISTRICT COLLECTOR TIRUPATI_IDA),Normal/Others,Normal/Others,300000,Recommended,Recommended,2025-05-19T00:00:00.000Z,2025,Lok Sabha,18,0,True,299331,1,Construction of CC Open Drain with cover slab from Mekapilla Guravaiah house to gonu Thirupalaiah house at Akkurthy HW Ho Akkurthy GP in Srikalahasthi Mandal.,Construction of CC Open Drain with cover slab from Mekapilla Guravaiah house to gonu Thirupalaiah house at Akkurthy HW Ho Akkurthy GP in Srikalahasthi Mandal.,,Maddila Gurumoorthy,,TIRUPATI,300000,2025-05-19T00:00:00.000Z,2025-05-19 00:00:00+00:00,470
163849,Andhra Pradesh,Andhra Pradesh,TIRUPATI,TIRUPATI,Tirupati(DISTRICT COLLECTOR TIRUPATI_IDA),Tirupati(DISTRICT COLLECTOR TIRUPATI_IDA),Normal/Others,Normal/Others,80000,Recommended,Recommended,2025-01-08T00:00:00.000Z,2025,Lok Sabha,18,0,False,0,0,Providing Street lights  and fixtures in Pullivelam in Varadaiahpalem Mandal.,Providing Street lights  and fixtures in Pullivelam in Varadaiahpalem Mandal.,,Maddila Gurumoorthy,,TIRUPATI,80000,2025-01-08T00:00:00.000Z,2025-01-08 00:00:00+00:00,601
217535,Andhra Pradesh,Andhra Pradesh,KADAPA,KADAPA,Y.S.R. Kadapa(DISTRICT COLLECTOR CUDDAPAH_IDA),Y.S.R. Kadapa(DISTRICT COLLECTOR CUDDAPAH_IDA),Normal/Others,Normal/Others,400000,Recommended,Recommended,2025-07-14T00:00:00.000Z,2025,Lok Sabha,18,0,False,0,0,Electrification of Colony at Nallapureddypalli Village Errabali GP of Pulivendula Mandal,Electrification of Colony at Nallapureddypalli Village Errabali GP of Pulivendula Mandal,,Y S Avinash Reddy,,KADAPA,400000,2025-07-14T00:00:00.000Z,2025-07-14 00:00:00+00:00,414
163869,Andhra Pradesh,Andhra Pradesh,TIRUPATI,TIRUPATI,Tirupati(DISTRICT COLLECTOR TIRUPATI_IDA),Tirupati(DISTRICT COLLECTOR TIRUPATI_IDA),Normal/Others,Normal/Others,80000,Recommended,Recommended,2025-01-08T00:00:00.000Z,2025,Lok Sabha,18,0,False,0,0,Providing Street lights  and fixtures in Nellatur in Varadaiahpalem Mandal.,Providing Street lights  and fixtures in Nellatur in Varadaiahpalem Mandal.,,Maddila Gurumoorthy,,TIRUPATI,80000,2025-01-08T00:00:00.000Z,2025-01-08 00:00:00+00:00,601
219426,Andhra Pradesh,Andhra Pradesh,GUNTUR,GUNTUR,GUNTUR(DISTRICT COLLECTOR GUNTUR_IDA),GUNTUR(DISTRICT COLLECTOR GUNTUR_IDA),Normal/Others,Normal/Others,1500000,Recommended,Recommended,2025-08-10T00:00:00.000Z,2025,Lok Sabha,18,0,False,0,0,"Construction of Karmashala Building in Pedanandipadu (V) (M), Guntur District","Construction of Karmashala Building in Pedanandipadu (V) (M), Guntur District",,Dr Chandra Sekhar Pemmasani,,GUNTUR,1500000,2025-08-10T00:00:00.000Z,2025-08-10 00:00:00+00:00,387
148283,Andhra Pradesh,Andhra Pradesh,KADAPA,KADAPA,Y.S.R. Kadapa(DISTRICT COLLECTOR CUDDAPAH_IDA),Y.S.R. Kadapa(DISTRICT COLLECTOR CUDDAPAH_IDA),Normal/Others,Normal/Others,495000,Recommended,Recommended,2024-10-20T00:00:00.000Z,2024,Lok Sabha,18,0,False,0,0,Formation of Road upto Gravel Surface from Ramireddypalli village to K.Venkatapuram of Kondapuram Mandal,Formation of Road upto Gravel Surface from Ramireddypalli village to K.Venkatapuram of Kondapuram Mandal,,Y S Avinash Reddy,,KADAPA,495000,2024-10-20T00:00:00.000Z,2024-10-20 00:00:00+00:00,681
219430,Andhra Pradesh,Andhra Pradesh,GUNTUR,GUNTUR,GUNTUR(DISTRICT COLLECTOR GUNTUR_IDA),GUNTUR(DISTRICT COLLECTOR GUNTUR_IDA),Normal/Others,Normal/Others,1000000,Recommended,Recommended,2025-08-10T00:00:00.000Z,2025,Lok Sabha,18,0,True,571993,1,"Providing additional Amenities to community hall in BC locality of Anumarlapudi (V) of Pedakakani(M), Guntur District","Providing additional Amenities to community hall in BC locality of Anumarlapudi (V) of Pedakakani(M), Guntur District",,Dr Chandra Sekhar Pemmasani,,GUNTUR,1000000,2025-08-10T00:00:00.000Z,2025-08-10 00:00:00+00:00,387
163872,Andhra Pradesh,Andhra Pradesh,TIRUPATI,TIRUPATI,Tirupati(DISTRICT COLLECTOR TIRUPATI_IDA),Tirupati(DISTRICT COLLECTOR TIRUPATI_IDA),Normal/Others,Normal/Others,80000,Recommended,Recommended,2025-01-08T00:00:00.000Z,2025,Lok Sabha,18,0,False,0,0,Providing Street lights  and fixtures in Kurinjalam in Varadaiahpalem Mandal.,Providing Street lights  and fixtures in Kurinjalam in Varadaiahpalem Mandal.,,Maddila Gurumoorthy,,TIRUPATI,80000,2025-01-08T00:00:00.000Z,2025-01-08 00:00:00+00:00,601
220734,Andhra Pradesh,Andhra Pradesh,ANAKAPALLE,ANAKAPALLE,Anakapalli(DISTRICT COLLECTOR ANAKAPALLI_IDA),Anakapalli(DISTRICT COLLECTOR ANAKAPALLI_IDA),Normal/Others,Normal/Others,4000000,Recommended,Recommended,2025-07-21T00:00:00.000Z,2025,Lok Sabha,18,0,True,2404378,2,Construction of class rooms (Arts Group) to Govt. Degree College of V.Madugula village and mandal  of Anakapalli District,Construction of class rooms (Arts Group) to Govt. Degree College of V.Madugula village and mandal  of Anakapalli District,,C.M.RAMESH,,ANAKAPALLE,4000000,2025-07-21T00:00:00.000Z,2025-07-21 00:00:00+00:00,407
220739,Andhra Pradesh,Andhra Pradesh,ANAKAPALLE,ANAKAPALLE,Anakapalli(DISTRICT COLLECTOR ANAKAPALLI_IDA),Anakapalli(DISTRICT COLLECTOR ANAKAPALLI_IDA),Normal/Others,Normal/Others,2000000,Recommended,Recommended,2025-07-21T00:00:00.000Z,2025,Lok Sabha,18,0,True,1222344,1,Construction of Office room cum toilets to Govt. Degree College of V.Madugula Village and Mandal of Anakapalli District,Construction of Office room cum toilets to Govt. Degree College of V.Madugula Village and Mandal of Anakapalli District,,C.M.RAMESH,,ANAKAPALLE,2000000,2025-07-21T00:00:00.000Z,2025-07-21 00:00:00+00:00,407
163874,Andhra Pradesh,Andhra Pradesh,TIRUPATI,TIRUPATI,Tirupati(DISTRICT COLLECTOR TIRUPATI_IDA),Tirupati(DISTRICT COLLECTOR TIRUPATI_IDA),Normal/Others,Normal/Others,80000,Recommended,Recommended,2025-01-08T00:00:00.000Z,2025,Lok Sabha,18,0,False,0,0,Providing Street lights  and fixtures in Kancharlapalem in Varadaiahpalem Mandal.,Providing Street lights  and fixtures in Kancharlapalem in Varadaiahpalem Mandal.,,Maddila Gurumoorthy,,TIRUPATI,80000,2025-01-08T00:00:00.000Z,2025-01-08 00:00:00+00:00,601
222848,Andhra Pradesh,Andhra Pradesh,TIRUPATI,TIRUPATI,Tirupati(DISTRICT COLLECTOR TIRUPATI_IDA),Tirupati(DISTRICT COLLECTOR TIRUPATI_IDA),Normal/Others,Normal/Others,1160000,Recommended,Recommended,2025-08-19T00:00:00.000Z,2025,Lok Sabha,18,0,True,1122524,1,Laying of CC Road from D.No.7-3-704 to D.No.7-3-717 in NTR Colony at 13th Ward of Sullurupeta Municipality.,Laying of CC Road from D.No.7-3-704 to D.No.7-3-717 in NTR Colony at 13th Ward of Sullurupeta Municipality.,,Maddila Gurumoorthy,,TIRUPATI,1160000,2025-08-19T00:00:00.000Z,2025-08-19 00:00:00+00:00,378
148902,Andhra Pradesh,Andhra Pradesh,TIRUPATI,TIRUPATI,Tirupati(DISTRICT COLLECTOR TIRUPATI_IDA),Tirupati(DISTRICT COLLECTOR TIRUPATI_IDA),Normal/Others,Normal/Others,500000,Recommended,Recommended,2024-10-21T00:00:00.000Z,2024,Lok Sabha,18,0,False,0,0,Construction of CC Open Drains with cover slabs from G. Penchulamma House to M. Bathaiah House at Bandarupalli S.T. Colony H/O Bandarupalli GP in Yerpedu Mandal.,Construction of CC Open Drains with cover slabs from G. Penchulamma House to M. Bathaiah House at Bandarupalli S.T. Colony H/O Bandarupalli GP in Yerpedu Mandal.,,Maddila Gurumoorthy,,TIRUPATI,500000,2024-10-21T00:00:00.000Z,2024-10-21 00:00:00+00:00,680
223121,Andhra Pradesh,Andhra Pradesh,TIRUPATI,TIRUPATI,Tirupati(DISTRICT COLLECTOR TIRUPATI_IDA),Tirupati(DISTRICT COLLECTOR TIRUPATI_IDA),Normal/Others,Normal/Others,500000,Recommended,Recommended,2025-08-19T00:00:00.000Z,2025,Lok Sabha,18,0,False,0,0,Construction of Internal CC Road from P.Mangaiah house to P.Sudha House at Santhavellore West HW in Santhavellore GP of Varadhaiahpalem Mandal.,Construction of Internal CC Road from P.Mangaiah house to P.Sudha House at Santhavellore West HW in Santhavellore GP of Varadhaiahpalem Mandal.,,Maddila Gurumoorthy,,TIRUPATI,500000,2025-08-19T00:00:00.000Z,2025-08-19 00:00:00+00:00,378
163876,Andhra Pradesh,Andhra Pradesh,TIRUPATI,TIRUPATI,Tirupati(DISTRICT COLLECTOR TIRUPATI_IDA),Tirupati(DISTRICT COLLECTOR TIRUPATI_IDA),Normal/Others,Normal/Others,80000,Recommended,Recommended,2025-01-08T00:00:00.000Z,2025,Lok Sabha,18,0,False,0,0,Providing Street lights  and fixtures in Matherimitta in Varadaiahpalem Mandal.,Providing Street lights  and fixtures in Matherimitta in Varadaiahpalem Mandal.,,Maddila Gurumoorthy,,TIRUPATI,80000,2025-01-08T00:00:00.000Z,2025-01-08 00:00:00+00:00,601
223551,Andhra Pradesh,Andhra Pradesh,BAPATLA,BAPATLA,Bapatla(DISTRICT COLLECTOR BAPATLA_IDA),Bapatla(DISTRICT COLLECTOR BAPATLA_IDA),Normal/Others,Normal/Others,400000,Recommended,Recommended,2025-08-16T00:00:00.000Z,2025,Lok Sabha,18,0,False,0,0,"Construction of GLSR in ST Colony along with borewell in Nagarajupalli Village, Martur Mandal, Bapatla district","Construction of GLSR in ST Colony along with borewell in Nagarajupalli Village, Martur Mandal, Bapatla district",,Krishna Prasad Tenneti,,BAPATLA,400000,2025-08-16T00:00:00.000Z,2025-08-16 00:00:00+00:00,381
962,Andhra Pradesh,Andhra Pradesh,NANDYAL,NANDYAL,KURNOOL(DISTRICT COLLECTOR KURNOOL_IDA),KURNOOL(DISTRICT COLLECTOR KURNOOL_IDA),Repair and Renovation,Repair and Renovation,500000,Recommended,Recommended,2024-12-15T00:00:00.000Z,2024,Lok Sabha,18,0,False,0,0,"Repairs to the sluice of Appala Reddy Cheruvu in Palakolanu Village, Orvakal Mandal. The proposed work includes restoration and strengthening of the sluice structure to ensure proper water flow management, prevent leakage, and enhance the irrigation potential of the tank, benefiting the local agricultural community.","Repairs to the sluice of Appala Reddy Cheruvu in Palakolanu Village, Orvakal Mandal. The proposed work includes restoration and strengthening of the sluice structure to ensure proper water flow management, prevent leakage, and enhance the irrigation potential of the tank, benefiting the local agricultural community.",,DR BYREDDY SHABARI,,NANDYAL,500000,2024-12-15T00:00:00.000Z,2024-12-15 00:00:00+00:00,625
223553,Andhra Pradesh,Andhra Pradesh,BAPATLA,BAPATLA,Bapatla(DISTRICT COLLECTOR BAPATLA_IDA),Bapatla(DISTRICT COLLECTOR BAPATLA_IDA),Normal/Others,Normal/Others,900000,Recommended,Recommended,2025-08-16T00:00:00.000Z,2025,Lok Sabha,18,0,False,0,0,"Providing RO Plant with infrastructure at Yedari madigapalle H o Garnepudi GP, Parchur Mandal","Providing RO Plant with infrastructure at Yedari madigapalle H o Garnepudi GP, Parchur Mandal",,Krishna Prasad Tenneti,,BAPATLA,900000,2025-08-16T00:00:00.000Z,2025-08-16 00:00:00+00:00,381
164721,Andhra Pradesh,Andhra Pradesh,AMALAPURAM,AMALAPURAM,Dr. B.R. Ambedkar Konaseema(DISTRICT COLLECTOR Dr B R AMBEDKAR KONASEEMA_IDA),Dr. B.R. Ambedkar Konaseema(DISTRICT COLLECTOR Dr B R AMBEDKAR KONASEEMA_IDA),Normal/Others,Normal/Others,500000,Recommended,Recommended,2025-01-10T00:00:00.000Z,2025,Lok Sabha,18,0,True,499449,1,Providing WBM Road near R and B Road towards Serella Reddy house in Pallamambika Nagara at Vanapallli Village,Providing WBM Road near R and B Road towards Serella Reddy house in Pallamambika Nagara at Vanapallli Village,,GM Harish Balayogi,,AMALAPURAM,500000,2025-01-10T00:00:00.000Z,2025-01-10 00:00:00+00:00,599
223836,Andhra Pradesh,Andhra Pradesh,ANANTAPUR,ANANTAPUR,Ananthapuramu(DISTRICT COLLECTOR ANANTAPUR_IDA),Ananthapuramu(DISTRICT COLLECTOR ANANTAPUR_IDA),Normal/Others,Normal/Others,1000000,Recommended,Recommended,2025-07-31T00:00:00.000Z,2025,Lok Sabha,18,0,True,408727,1,"Construction of Community hall at Ambedkar Nagar, 21st Division, Ananthapuramu","Construction of Community hall at Ambedkar Nagar, 21st Division, Ananthapuramu",,AMBICA G LAKSHMINARAYANA VALMIKI,,ANANTAPUR,1000000,2025-07-31T00:00:00.000Z,2025-07-31 00:00:00+00:00,397
149400,Andhra Pradesh,Andhra Pradesh,ELURU,ELURU,Eluru(DISTRICT COLLECTOR ELURU_IDA),Eluru(DISTRICT COLLECTOR ELURU_IDA),Normal/Others,Normal/Others,3204000,Recommended,Recommended,2024-10-25T00:00:00.000Z,2024,Lok Sabha,18,0,True,3198733,2,"Construction of Resting Barracks with attached wash rooms for Women in the District Police Office, Eluru","Construction of Resting Barracks with attached wash rooms for Women in the District Police Office, Eluru",,Putta Mahesh Kumar,,ELURU,3204000,2024-10-25T00:00:00.000Z,2024-10-25 00:00:00+00:00,676
223838,Andhra Pradesh,Andhra Pradesh,ANANTAPUR,ANANTAPUR,Ananthapuramu(DISTRICT COLLECTOR ANANTAPUR_IDA),Ananthapuramu(DISTRICT COLLECTOR ANANTAPUR_IDA),Repair and Renovation,Repair and Renovation,1000000,Recommended,Recommended,2025-07-31T00:00:00.000Z,2025,Lok Sabha,18,0,True,557347,1,Completion of Incomplete Community Hall at J.Venkatampalli village of Gummagatta Mandal,Completion of Incomplete Community Hall at J.Venkatampalli village of Gummagatta Mandal,,AMBICA G LAKSHMINARAYANA VALMIKI,,ANANTAPUR,1000000,2025-07-31T00:00:00.000Z,2025-07-31 00:00:00+00:00,397
166045,Andhra Pradesh,Andhra Pradesh,TIRUPATI,TIRUPATI,Tirupati(DISTRICT COLLECTOR TIRUPATI_IDA),Tirupati(DISTRICT COLLECTOR TIRUPATI_IDA),Normal/Others,Normal/Others,500000,Recommended,Recommended,2025-01-17T00:00:00.000Z,2025,Lok Sabha,18,0,False,0,0,Providing underground Drainage system with 360 mm Dia NP3 pipes from C. Chengaiah house to V Ramadevi house in Vaddaimitta H.o Kothaveerapuram G.P. in Yerpedu Mandal.,Providing underground Drainage system with 360 mm Dia NP3 pipes from C. Chengaiah house to V Ramadevi house in Vaddaimitta H.o Kothaveerapuram G.P. in Yerpedu Mandal.,,Maddila Gurumoorthy,,TIRUPATI,500000,2025-01-17T00:00:00.000Z,2025-01-17 00:00:00+00:00,592
223841,Andhra Pradesh,Andhra Pradesh,ANANTAPUR,ANANTAPUR,Ananthapuramu(DISTRICT COLLECTOR ANANTAPUR_IDA),Ananthapuramu(DISTRICT COLLECTOR ANANTAPUR_IDA),Normal/Others,Normal/Others,500000,Recommended,Recommended,2025-07-31T00:00:00.000Z,2025,Lok Sabha,18,0,False,0,0,"Providing New source Pumpset and Pipeline at Gunjepalli (V), Narpala (M)","Providing New source Pumpset and Pipeline at Gunjepalli (V), Narpala (M)",,AMBICA G LAKSHMINARAYANA VALMIKI,,ANANTAPUR,500000,2025-07-31T00:00:00.000Z,2025-07-31 00:00:00+00:00,397
223843,Andhra Pradesh,Andhra Pradesh,ANANTAPUR,ANANTAPUR,Ananthapuramu(DISTRICT COLLECTOR ANANTAPUR_IDA),Ananthapuramu(DISTRICT COLLECTOR ANANTAPUR_IDA),Normal/Others,Normal/Others,1000000,Recommended,Recommended,2025-07-31T00:00:00.000Z,2025,Lok Sabha,18,0,True,800000,1,Construction of Community Hall at Indiramma colony Sy.No. 358-1 at Garladinne Village and Mandal,Construction of Community Hall at Indiramma colony Sy.No. 358-1 at Garladinne Village and Mandal,,AMBICA G LAKSHMINARAYANA VALMIKI,,ANANTAPUR,1000000,2025-07-31T00:00:00.000Z,2025-07-31 00:00:00+00:00,397
166048,Andhra Pradesh,Andhra Pradesh,TIRUPATI,TIRUPATI,Tirupati(DISTRICT COLLECTOR TIRUPATI_IDA),Tirupati(DISTRICT COLLECTOR TIRUPATI_IDA),Normal/Others,Normal/Others,500000,Recommended,Recommended,2025-01-17T00:00:00.000Z,2025,Lok Sabha,18,0,False,0,0,Providing an underground drainage system at Internal Streets of Vaddimitta H.O Kothaveerapuram G.P.in Yerpedu Mandal.,Providing an underground drainage system at Internal Streets of Vaddimitta H.O Kothaveerapuram G.P.in Yerpedu Mandal.,,Maddila Gurumoorthy,,TIRUPATI,500000,2025-01-17T00:00:00.000Z,2025-01-17 00:00:00+00:00,592
223847,Andhra Pradesh,Andhra Pradesh,ANANTAPUR,ANANTAPUR,Ananthapuramu(DISTRICT COLLECTOR ANANTAPUR_IDA),Ananthapuramu(DISTRICT COLLECTOR ANANTAPUR_IDA),Normal/Others,Normal/Others,5000000,Recommended,Recommended,2025-07-31T00:00:00.000Z,2025,Lok Sabha,18,0,True,4515226,1,"Emergency, ICU Equipments for Tadipatri Area Hospital","Emergency, ICU Equipments for Tadipatri Area Hospital",,AMBICA G LAKSHMINARAYANA VALMIKI,,ANANTAPUR,5000000,2025-07-31T00:00:00.000Z,2025-07-31 00:00:00+00:00,397
150350,Andhra Pradesh,Andhra Pradesh,KADAPA,KADAPA,Y.S.R. Kadapa(DISTRICT COLLECTOR CUDDAPAH_IDA),Y.S.R. Kadapa(DISTRICT COLLECTOR CUDDAPAH_IDA),Normal/Others,Normal/Others,400000,Recommended,Recommended,2024-11-05T00:00:00.000Z,2024,Lok Sabha,18,0,False,0,0,construction of Bus Shelter at Thallapalli Village of Vempalli (M).,construction of Bus Shelter at Thallapalli Village of Vempalli (M).,,Y S Avinash Reddy,,KADAPA,400000,2024-11-05T00:00:00.000Z,2024-11-05 00:00:00+00:00,665
223851,Andhra Pradesh,Andhra Pradesh,ANANTAPUR,ANANTAPUR,Ananthapuramu(DISTRICT COLLECTOR ANANTAPUR_IDA),Ananthapuramu(DISTRICT COLLECTOR ANANTAPUR_IDA),Normal/Others,Normal/Others,250000,Recommended,Recommended,2025-07-31T00:00:00.000Z,2025,Lok Sabha,18,0,False,0,0,"Providing Borewell and Pumpset at Appajipeta (V), Pamidi (M)","Providing Borewell and Pumpset at Appajipeta (V), Pamidi (M)",,AMBICA G LAKSHMINARAYANA VALMIKI,,ANANTAPUR,250000,2025-07-31T00:00:00.000Z,2025-07-31 00:00:00+00:00,397
166418,Andhra Pradesh,Andhra Pradesh,KADAPA,KADAPA,Y.S.R. Kadapa(DISTRICT COLLECTOR CUDDAPAH_IDA),Y.S.R. Kadapa(DISTRICT COLLECTOR CUDDAPAH_IDA),Normal/Others,Normal/Others,200000,Recommended,Recommended,2025-01-18T00:00:00.000Z,2025,Lok Sabha,18,0,True,199861,1,Completion of incompleted road from B.M.A Road beside Suryyabhavan to Telugu Ganga canal of Konarajupalli  of Madapur Gramapanchayathi of Atlur Mandal,Completion of incompleted road from B.M.A Road beside Suryyabhavan to Telugu Ganga canal of Konarajupalli  of Madapur Gramapanchayathi of Atlur Mandal,,Y S Avinash Reddy,,KADAPA,200000,2025-01-18T00:00:00.000Z,2025-01-18 00:00:00+00:00,591
223855,Andhra Pradesh,Andhra Pradesh,ANANTAPUR,ANANTAPUR,Ananthapuramu(DISTRICT COLLECTOR ANANTAPUR_IDA),Ananthapuramu(DISTRICT COLLECTOR ANANTAPUR_IDA),Repair and Renovation,Repair and Renovation,1000000,Recommended,Recommended,2025-07-31T00:00:00.000Z,2025,Lok Sabha,18,0,True,987814,1,Completion of Incomplete community hall at Sevagad  (V) of Gooty mandal,Completion of Incomplete community hall at Sevagad  (V) of Gooty mandal,,AMBICA G LAKSHMINARAYANA VALMIKI,,ANANTAPUR,1000000,2025-07-31T00:00:00.000Z,2025-07-31 00:00:00+00:00,397
183102,Andaman And Nicobar Islands,Andaman And Nicobar Islands,ANDAMAN AND NICOBAR ISLANDS,ANDAMAN AND NICOBAR ISLANDS,SOUTH ANDAMANS(Implementing District Authority(SA)),SOUTH ANDAMANS(Implementing District Authority(SA)),Trust and Society,Trust and Society,4992971,Recommended,Recommended,2025-03-18T00:00:00.000Z,2025,Lok Sabha,18,0,True,2232133,1,"Con. Bore well with water tank (60000 Ltr capacity), boundary wall with gate, parking space, toilets with bathroom, drainage system, rain harvesting system at Sri Guruji Community Centre, Dollygunj","Con. Bore well with water tank (60000 Ltr capacity), boundary wall with gate, parking space, toilets with bathroom, drainage system, rain harvesting system at Sri Guruji Community Centre, Dollygunj",,BISHNU PADA RAY,,ANDAMAN AND NICOBAR ISLANDS,4992971,2025-03-18T00:00:00.000Z,2025-03-18 00:00:00+00:00,532
223858,Andhra Pradesh,Andhra Pradesh,ANANTAPUR,ANANTAPUR,Ananthapuramu(DISTRICT COLLECTOR ANANTAPUR_IDA),Ananthapuramu(DISTRICT COLLECTOR ANANTAPUR_IDA),Repair and Renovation,Repair and Renovation,500000,Recommended,Recommended,2025-07-31T00:00:00.000Z,2025,Lok Sabha,18,0,True,500000,1,"Completion of incomplete community hall Mamudur (V), Gooty mandal","Completion of incomplete community hall Mamudur (V), Gooty mandal",,AMBICA G LAKSHMINARAYANA VALMIKI,,ANANTAPUR,500000,2025-07-31T00:00:00.000Z,2025-07-31 00:00:00+00:00,397
166420,Andhra Pradesh,Andhra Pradesh,KADAPA,KADAPA,Y.S.R. Kadapa(DISTRICT COLLECTOR CUDDAPAH_IDA),Y.S.R. Kadapa(DISTRICT COLLECTOR CUDDAPAH_IDA),Normal/Others,Normal/Others,200000,Recommended,Recommended,2025-01-18T00:00:00.000Z,2025,Lok Sabha,18,0,False,0,0,Formation of Gravel Road from Thamballagondhi BT road to Dumpalavaripalli fields in Thamballagondhi Village GP of Atlur Mandal,Formation of Gravel Road from Thamballagondhi BT road to Dumpalavaripalli fields in Thamballagondhi Village GP of Atlur Mandal,,Y S Avinash Reddy,,KADAPA,200000,2025-01-18T00:00:00.000Z,2025-01-18 00:00:00+00:00,591
223860,Andhra Pradesh,Andhra Pradesh,ANANTAPUR,ANANTAPUR,Ananthapuramu(DISTRICT COLLECTOR ANANTAPUR_IDA),Ananthapuramu(DISTRICT COLLECTOR ANANTAPUR_IDA),Normal/Others,Normal/Others,1000000,Recommended,Recommended,2025-07-31T00:00:00.000Z,2025,Lok Sabha,18,0,True,494671,1,"Construction of Community Hall at Kadiripalli (V), Guntakal (M)","Construction of Community Hall at Kadiripalli (V), Guntakal (M)",,AMBICA G LAKSHMINARAYANA VALMIKI,,ANANTAPUR,1000000,2025-07-31T00:00:00.000Z,2025-07-31 00:00:00+00:00,397
151568,Andhra Pradesh,Andhra Pradesh,RAJAMPET,RAJAMPET,CHITTOOR(DISTRICT COLLECTOR CHITTOOR_IDA),CHITTOOR(DISTRICT COLLECTOR CHITTOOR_IDA),Normal/Others,Normal/Others,180000,Recommended,Recommended,2024-11-14T00:00:00.000Z,2024,Lok Sabha,18,0,True,160189,1,"Providing Borewell in Nayunivaripalli (V), Jogivaripalli (G.P)","Providing Borewell in Nayunivaripalli (V), Jogivaripalli (G.P)",,Midhun Reddy,,RAJAMPET,180000,2024-11-14T00:00:00.000Z,2024-11-14 00:00:00+00:00,656
223862,Andhra Pradesh,Andhra Pradesh,ANANTAPUR,ANANTAPUR,Ananthapuramu(DISTRICT COLLECTOR ANANTAPUR_IDA),Ananthapuramu(DISTRICT COLLECTOR ANANTAPUR_IDA),Normal/Others,Normal/Others,500000,Recommended,Recommended,2025-07-31T00:00:00.000Z,2025,Lok Sabha,18,0,True,499665,1,Providing 30 KL Sump at Kasturiba school at P.Kondapuram village of Pamidi mandal,Providing 30 KL Sump at Kasturiba school at P.Kondapuram village of Pamidi mandal,,AMBICA G LAKSHMINARAYANA VALMIKI,,ANANTAPUR,500000,2025-07-31T00:00:00.000Z,2025-07-31 00:00:00+00:00,397
166422,Andhra Pradesh,Andhra Pradesh,KADAPA,KADAPA,Y.S.R. Kadapa(DISTRICT COLLECTOR CUDDAPAH_IDA),Y.S.R. Kadapa(DISTRICT COLLECTOR CUDDAPAH_IDA),Normal/Others,Normal/Others,200000,Recommended,Recommended,2025-01-18T00:00:00.000Z,2025,Lok Sabha,18,0,True,199440,1,"Jungle clearence and Formation of gravel Road from BMA Road to Fields Dandu Bata of Manyamvaripalli Village GP ,   Atlur Mandal","Jungle clearence and Formation of gravel Road from BMA Road to Fields Dandu Bata of Manyamvaripalli Village GP ,   Atlur Mandal",,Y S Avinash Reddy,,KADAPA,200000,2025-01-18T00:00:00.000Z,2025-01-18 00:00:00+00:00,591
223864,Andhra Pradesh,Andhra Pradesh,ANANTAPUR,ANANTAPUR,Ananthapuramu(DISTRICT COLLECTOR ANANTAPUR_IDA),Ananthapuramu(DISTRICT COLLECTOR ANANTAPUR_IDA),Normal/Others,Normal/Others,1000000,Recommended,Recommended,2025-07-31T00:00:00.000Z,2025,Lok Sabha,18,0,True,658450,1,"Construction of Community Hall near Durgamma Temple in S.C. Colony, Mulakanuru (V), Kambadur","Construction of Community Hall near Durgamma Temple in S.C. Colony, Mulakanuru (V), Kambadur",,AMBICA G LAKSHMINARAYANA VALMIKI,,ANANTAPUR,1000000,2025-07-31T00:00:00.000Z,2025-07-31 00:00:00+00:00,397
223866,Andhra Pradesh,Andhra Pradesh,ANANTAPUR,ANANTAPUR,Ananthapuramu(DISTRICT COLLECTOR ANANTAPUR_IDA),Ananthapuramu(DISTRICT COLLECTOR ANANTAPUR_IDA),Normal/Others,Normal/Others,500000,Recommended,Recommended,2025-07-31T00:00:00.000Z,2025,Lok Sabha,18,0,False,0,0,"Providing Bus Shelter at Anumapalli (V), Settur (M)","Providing Bus Shelter at Anumapalli (V), Settur (M)",,AMBICA G LAKSHMINARAYANA VALMIKI,,ANANTAPUR,500000,2025-07-31T00:00:00.000Z,2025-07-31 00:00:00+00:00,397
166424,Andhra Pradesh,Andhra Pradesh,KADAPA,KADAPA,Y.S.R. Kadapa(DISTRICT COLLECTOR CUDDAPAH_IDA),Y.S.R. Kadapa(DISTRICT COLLECTOR CUDDAPAH_IDA),Normal/Others,Normal/Others,150000,Recommended,Recommended,2025-01-18T00:00:00.000Z,2025,Lok Sabha,18,0,False,0,0,Replacement of defunct  scheme in Mekavaripalli Habitation of Mekavaripalli GP,Replacement of defunct  scheme in Mekavaripalli Habitation of Mekavaripalli GP,,Y S Avinash Reddy,,KADAPA,150000,2025-01-18T00:00:00.000Z,2025-01-18 00:00:00+00:00,591
223868,Andhra Pradesh,Andhra Pradesh,ANANTAPUR,ANANTAPUR,Ananthapuramu(DISTRICT COLLECTOR ANANTAPUR_IDA),Ananthapuramu(DISTRICT COLLECTOR ANANTAPUR_IDA),Normal/Others,Normal/Others,500000,Recommended,Recommended,2025-07-31T00:00:00.000Z,2025,Lok Sabha,18,0,False,0,0,Construction of Community hall at 23rd ward at Kalyandurg,Construction of Community hall at 23rd ward at Kalyandurg,,AMBICA G LAKSHMINARAYANA VALMIKI,,ANANTAPUR,500000,2025-07-31T00:00:00.000Z,2025-07-31 00:00:00+00:00,397
175556,Andaman And Nicobar Islands,Andaman And Nicobar Islands,ANDAMAN AND NICOBAR ISLANDS,ANDAMAN AND NICOBAR ISLANDS,SOUTH ANDAMANS(Implementing District Authority(SA)),SOUTH ANDAMANS(Implementing District Authority(SA)),Repair and Renovation,Repair and Renovation,4947034,Recommended,Recommended,2025-02-14T00:00:00.000Z,2025,Lok Sabha,18,0,True,3655060,1,"Repair and renovation of road from CPWD complex, Ranchi Tikrey Dairyfarm to Fisheries Quarter, Port Blair","Repair and renovation of road from CPWD complex, Ranchi Tikrey Dairyfarm to Fisheries Quarter, Port Blair",,BISHNU PADA RAY,,ANDAMAN AND NICOBAR ISLANDS,4947034,2025-02-14T00:00:00.000Z,2025-02-14 00:00:00+00:00,564
175561,Andaman And Nicobar Islands,Andaman And Nicobar Islands,ANDAMAN AND NICOBAR ISLANDS,ANDAMAN AND NICOBAR ISLANDS,SOUTH ANDAMANS(Implementing District Authority(SA)),SOUTH ANDAMANS(Implementing District Authority(SA)),Normal/Others,Normal/Others,1498887,Recommended,Recommended,2025-02-14T00:00:00.000Z,2025,Lok Sabha,18,0,True,1189292,1,"Construction of CC Motorable road between Govt. Primary School and Shri SK Singh house at Garacharma, Ward No.18, Port Blair","Construction of CC Motorable road between Govt. Primary School and Shri SK Singh house at Garacharma, Ward No.18, Port Blair",,BISHNU PADA RAY,,ANDAMAN AND NICOBAR ISLANDS,1498887,2025-02-14T00:00:00.000Z,2025-02-14 00:00:00+00:00,564
188528,Andaman And Nicobar Islands,Andaman And Nicobar Islands,ANDAMAN AND NICOBAR ISLANDS,ANDAMAN AND NICOBAR ISLANDS,SOUTH ANDAMANS(Implementing District Authority(SA)),SOUTH ANDAMANS(Implementing District Authority(SA)),Normal/Others,Normal/Others,1320600,Recommended,Recommended,2025-04-01T00:00:00.000Z,2025,Lok Sabha,18,0,True,803540,1,"Construction of CC drain from CPWD quarters to Fisheries Quarters via Sree Shaktivel Murugan Temple for a length of 350 mtrs at Ranci Tikrey, Dairy Farm, Ward No.9, SVP.","Construction of CC drain from CPWD quarters to Fisheries Quarters via Sree Shaktivel Murugan Temple for a length of 350 mtrs at Ranci Tikrey, Dairy Farm, Ward No.9, SVP.",,BISHNU PADA RAY,,ANDAMAN AND NICOBAR ISLANDS,1320600,2025-04-01T00:00:00.000Z,2025-04-01 00:00:00+00:00,518
899,Andhra Pradesh,Andhra Pradesh,TIRUPATI,TIRUPATI,Annamayya(DISTRICT COLLECTOR ANNAMAYYA_IDA),Annamayya(DISTRICT COLLECTOR ANNAMAYYA_IDA),Normal/Others,Normal/Others,390388,Recommended,Recommended,2024-11-02T00:00:00.000Z,2024,Lok Sabha,18,0,False,0,0,"Construction of CC Road D. Narayana house to R&B road in Pullareddy Palli H/W (V), Anantha Samudram G.P. in Pullampeta Mandal.","Construction of CC Road D. Narayana house to R&B road in Pullareddy Palli H/W (V), Anantha Samudram G.P. in Pullampeta Mandal.",,Maddila Gurumoorthy,,TIRUPATI,390388,2024-11-02T00:00:00.000Z,2024-11-02 00:00:00+00:00,668
1489,Andhra Pradesh,Andhra Pradesh,ARAKU,ARAKU,"EAST GODAVARI(DISTRICT COLLECTOR, EAST GODAVARI)","EAST GODAVARI(DISTRICT COLLECTOR, EAST GODAVARI)",Normal/Others,Normal/Others,500000,Recommended,Recommended,2025-08-07T00:00:00.000Z,2025,Lok Sabha,18,0,False,0,0,construction of cc road from n16 road to kallepali venkataraju site of konthamuru,construction of cc road from n16 road to kallepali venkataraju site of konthamuru,,Gumma Thanuja Rani,,ARAKU,500000,2025-08-07T00:00:00.000Z,2025-08-07 00:00:00+00:00,390
141551,Andhra Pradesh,Andhra Pradesh,CHITTOOR,CHITTOOR,Tirupati(DISTRICT COLLECTOR TIRUPATI_IDA),Tirupati(DISTRICT COLLECTOR TIRUPATI_IDA),Normal/Others,Normal/Others,490000,Recommended,Recommended,2024-09-18T00:00:00.000Z,2024,Lok Sabha,18,0,False,0,0,"Construction of WBM Road from Jimkalamitta SC Colony to Snam alloys Pvt. Link road at Jimkalamitta Village, Damalacheruvu GP of Pakala Mandal, Chandragiri Constituency.","Construction of WBM Road from Jimkalamitta SC Colony to Snam alloys Pvt. Link road at Jimkalamitta Village, Damalacheruvu GP of Pakala Mandal, Chandragiri Constituency.",,DAGGUMALLA PRASADA RAO,,CHITTOOR,490000,2024-09-18T00:00:00.000Z,2024-09-18 00:00:00+00:00,713
161715,Andhra Pradesh,Andhra Pradesh,TIRUPATI,TIRUPATI,Tirupati(DISTRICT COLLECTOR TIRUPATI_IDA),Tirupati(DISTRICT COLLECTOR TIRUPATI_IDA),Normal/Others,Normal/Others,180000,Recommended,Recommended,2024-12-27T00:00:00.000Z,2024,Lok Sabha,18,0,False,0,0,Providing street lights and fixtures at Irugulam in Satyavedu Mandal.,Providing street lights and fixtures at Irugulam in Satyavedu Mandal.,,Maddila Gurumoorthy,,TIRUPATI,180000,2024-12-27T00:00:00.000Z,2024-12-27 00:00:00+00:00,613
199552,Andhra Pradesh,Andhra Pradesh,TIRUPATI,TIRUPATI,Tirupati(DISTRICT COLLECTOR TIRUPATI_IDA),Tirupati(DISTRICT COLLECTOR TIRUPATI_IDA),Normal/Others,Normal/Others,300000,Recommended,Recommended,2025-05-19T00:00:00.000Z,2025,Lok Sabha,18,0,True,299331,1,Construction of CC Open Drain with cover slab from Mekapilla Guravaiah house to gonu Thirupalaiah house at Akkurthy HW Ho Akkurthy GP in Srikalahasthi Mandal.,Construction of CC Open Drain with cover slab from Mekapilla Guravaiah house to gonu Thirupalaiah house at Akkurthy HW Ho Akkurthy GP in Srikalahasthi Mandal.,,Maddila Gurumoorthy,,TIRUPATI,300000,2025-05-19T00:00:00.000Z,2025-05-19 00:00:00+00:00,470
1155,Andhra Pradesh,Andhra Pradesh,AMALAPURAM,AMALAPURAM,Kakinada(DISTRICT COLLECTOR KAKINADA_IDA),Kakinada(DISTRICT COLLECTOR KAKINADA_IDA),Repair and Renovation,Repair and Renovation,2000000,Recommended,Recommended,2025-03-01T00:00:00.000Z,2025,Lok Sabha,18,0,False,0,0,Repairs and improvements to the Rope way bridge across Athreya Paya in Korangi (V) of Tallarevu (M),Repairs and improvements to the Rope way bridge across Athreya Paya in Korangi (V) of Tallarevu (M),,GM Harish Balayogi,,AMALAPURAM,2000000,2025-03-01T00:00:00.000Z,2025-03-01 00:00:00+00:00,549
223878,Andhra Pradesh,Andhra Pradesh,ANANTAPUR,ANANTAPUR,Ananthapuramu(DISTRICT COLLECTOR ANANTAPUR_IDA),Ananthapuramu(DISTRICT COLLECTOR ANANTAPUR_IDA),Normal/Others,Normal/Others,1000000,Recommended,Recommended,2025-07-31T00:00:00.000Z,2025,Lok Sabha,18,0,True,1000000,2,"Construction of Community Hall near masjid in Chandra Babu nagar in Saifulah colony of Rudrampeta (V), Ananthapuramu rural mandal","Construction of Community Hall near masjid in Chandra Babu nagar in Saifulah colony of Rudrampeta (V), Ananthapuramu rural mandal",,AMBICA G LAKSHMINARAYANA VALMIKI,,ANANTAPUR,1000000,2025-07-31T00:00:00.000Z,2025-07-31 00:00:00+00:00,397
166429,Andhra Pradesh,Andhra Pradesh,KADAPA,KADAPA,Y.S.R. Kadapa(DISTRICT COLLECTOR CUDDAPAH_IDA),Y.S.R. Kadapa(DISTRICT COLLECTOR CUDDAPAH_IDA),Normal/Others,Normal/Others,200000,Recommended,Recommended,2025-01-18T00:00:00.000Z,2025,Lok Sabha,18,0,False,0,0,Formation of Gravel Road from Church to P Sesha reddy fields in Nandipalli village of vanampula GP of Badvel Mandal,Formation of Gravel Road from Church to P Sesha reddy fields in Nandipalli village of vanampula GP of Badvel Mandal,,Y S Avinash Reddy,,KADAPA,200000,2025-01-18T00:00:00.000Z,2025-01-18 00:00:00+00:00,591
223958,Andhra Pradesh,Andhra Pradesh,KURNOOL,KURNOOL,KURNOOL(DISTRICT COLLECTOR KURNOOL_IDA),KURNOOL(DISTRICT COLLECTOR KURNOOL_IDA),Normal/Others,Normal/Others,500000,Recommended,Recommended,2025-08-01T00:00:00.000Z,2025,Lok Sabha,18,0,False,0,0,Providing 1000 LPH RO Plant at Kurnool Bustand in Kurnool Town.,Providing 1000 LPH RO Plant at Kurnool Bustand in Kurnool Town.,,BASTIPATI NAGARAJU PANCHALINGALA,,KURNOOL,500000,2025-08-01T00:00:00.000Z,2025-08-01 00:00:00+00:00,396
151582,Andhra Pradesh,Andhra Pradesh,RAJAMPET,RAJAMPET,Annamayya(DISTRICT COLLECTOR ANNAMAYYA_IDA),Annamayya(DISTRICT COLLECTOR ANNAMAYYA_IDA),Normal/Others,Normal/Others,500000,Recommended,Recommended,2024-11-14T00:00:00.000Z,2024,Lok Sabha,18,0,False,0,0,Laying of Internal CC Road from Syed Khan House to Burial Ground in Bhagampalli (V&G.P),Laying of Internal CC Road from Syed Khan House to Burial Ground in Bhagampalli (V&G.P),,Midhun Reddy,,RAJAMPET,500000,2024-11-14T00:00:00.000Z,2024-11-14 00:00:00+00:00,656
223960,Andhra Pradesh,Andhra Pradesh,KURNOOL,KURNOOL,KURNOOL(DISTRICT COLLECTOR KURNOOL_IDA),KURNOOL(DISTRICT COLLECTOR KURNOOL_IDA),Normal/Others,Normal/Others,500000,Recommended,Recommended,2025-08-01T00:00:00.000Z,2025,Lok Sabha,18,0,False,0,0,Providing 1000 LPH RO Plant 2 at Kurnool Bustand in Kurnool Town.,Providing 1000 LPH RO Plant 2 at Kurnool Bustand in Kurnool Town.,,BASTIPATI NAGARAJU PANCHALINGALA,,KURNOOL,500000,2025-08-01T00:00:00.000Z,2025-08-01 00:00:00+00:00,396
166435,Andhra Pradesh,Andhra Pradesh,KADAPA,KADAPA,Y.S.R. Kadapa(DISTRICT COLLECTOR CUDDAPAH_IDA),Y.S.R. Kadapa(DISTRICT COLLECTOR CUDDAPAH_IDA),Normal/Others,Normal/Others,250000,Recommended,Recommended,2025-01-18T00:00:00.000Z,2025,Lok Sabha,18,0,True,249920,1,Formation of Gravel Road from  Lekkavaripalli village to Karatala alakshumaiah fields in Lekkavaripalli village  of Kaluvapalli GP Of gopavaram mandal,Formation of Gravel Road from  Lekkavaripalli village to Karatala alakshumaiah fields in Lekkavaripalli village  of Kaluvapalli GP Of gopavaram mandal,,Y S Avinash Reddy,,KADAPA,250000,2025-01-18T00:00:00.000Z,2025-01-18 00:00:00+00:00,591
223962,Andhra Pradesh,Andhra Pradesh,KURNOOL,KURNOOL,KURNOOL(DISTRICT COLLECTOR KURNOOL_IDA),KURNOOL(DISTRICT COLLECTOR KURNOOL_IDA),Normal/Others,Normal/Others,500000,Recommended,Recommended,2025-08-01T00:00:00.000Z,2025,Lok Sabha,18,0,False,0,0,Providing 1000 LPH RO Plant at Yemmiganur Bustand,Providing 1000 LPH RO Plant at Yemmiganur Bustand,,BASTIPATI NAGARAJU PANCHALINGALA,,KURNOOL,500000,2025-08-01T00:00:00.000Z,2025-08-01 00:00:00+00:00,396
223966,Andhra Pradesh,Andhra Pradesh,KURNOOL,KURNOOL,KURNOOL(DISTRICT COLLECTOR KURNOOL_IDA),KURNOOL(DISTRICT COLLECTOR KURNOOL_IDA),Normal/Others,Normal/Others,500000,Recommended,Recommended,2025-08-01T00:00:00.000Z,2025,Lok Sabha,18,0,False,0,0,Providing 1000 LPH RO Plant at Pattikonda Bustand.,Providing 1000 LPH RO Plant at Pattikonda Bustand.,,BASTIPATI NAGARAJU PANCHALINGALA,,KURNOOL,500000,2025-08-01T00:00:00.000Z,2025-08-01 00:00:00+00:00,396
166440,Andhra Pradesh,Andhra Pradesh,KADAPA,KADAPA,Y.S.R. Kadapa(DISTRICT COLLECTOR CUDDAPAH_IDA),Y.S.R. Kadapa(DISTRICT COLLECTOR CUDDAPAH_IDA),Normal/Others,Normal/Others,300000,Recommended,Recommended,2025-01-18T00:00:00.000Z,2025,Lok Sabha,18,0,False,0,0,Laying of CC road in varikuntla village  GP of SAKN Mandal,Laying of CC road in varikuntla village  GP of SAKN Mandal,,Y S Avinash Reddy,,KADAPA,300000,2025-01-18T00:00:00.000Z,2025-01-18 00:00:00+00:00,591
224241,Andhra Pradesh,Andhra Pradesh,NELLORE,NELLORE,Sri Potti Sriramulu Nellore(DISTRICT COLLECTOR NELLORE_IDA),Sri Potti Sriramulu Nellore(DISTRICT COLLECTOR NELLORE_IDA),Normal/Others,Normal/Others,700000,Recommended,Recommended,2025-08-01T00:00:00.000Z,2025,Lok Sabha,18,0,False,0,0,"Extension of HT LT Line works under SS-18 Distribution Transformer in Shabeer Colony, Udayagiri Village, Udayagiri Mandal, SPS Nellore District.","Extension of HT LT Line works under SS-18 Distribution Transformer in Shabeer Colony, Udayagiri Village, Udayagiri Mandal, SPS Nellore District.",,PRABHAKAR REDDY VEMIREDDY,,NELLORE,700000,2025-08-01T00:00:00.000Z,2025-08-01 00:00:00+00:00,396
152143,Andhra Pradesh,Andhra Pradesh,ARAKU,ARAKU,Alluri Sitharama Raju(DISTRICT COLLECTOR ALLURI SITHARAMARAJU_IDA),Alluri Sitharama Raju(DISTRICT COLLECTOR ALLURI SITHARAMARAJU_IDA),Normal/Others,Normal/Others,1394400,Recommended,Recommended,2024-11-12T00:00:00.000Z,2024,Lok Sabha,18,0,True,1394400,1,purchase of street lights,purchase of street lights,,Gumma Thanuja Rani,,ARAKU,1394400,2024-11-12T00:00:00.000Z,2024-11-12 00:00:00+00:00,658
225524,Andhra Pradesh,Andhra Pradesh,ANANTAPUR,ANANTAPUR,Ananthapuramu(DISTRICT COLLECTOR ANANTAPUR_IDA),Ananthapuramu(DISTRICT COLLECTOR ANANTAPUR_IDA),Normal/Others,Normal/Others,1000000,Recommended,Recommended,2025-08-06T00:00:00.000Z,2025,Lok Sabha,18,0,False,0,0,Construction of RO Plant and shet at Kasapuram village of Guntakal mandal,Construction of RO Plant and shet at Kasapuram village of Guntakal mandal,,AMBICA G LAKSHMINARAYANA VALMIKI,,ANANTAPUR,1000000,2025-08-06T00:00:00.000Z,2025-08-06 00:00:00+00:00,391
166443,Andhra Pradesh,Andhra Pradesh,KADAPA,KADAPA,Y.S.R. Kadapa(DISTRICT COLLECTOR CUDDAPAH_IDA),Y.S.R. Kadapa(DISTRICT COLLECTOR CUDDAPAH_IDA),Normal/Others,Normal/Others,300000,Recommended,Recommended,2025-01-18T00:00:00.000Z,2025,Lok Sabha,18,0,False,0,0,"Foramtion of Gravel Road from  Arya - Vyshya Burial Ground  to Thummachettu Mitta( G- Manu Mitta) of Porumamilla village , GP  Mandal","Foramtion of Gravel Road from  Arya - Vyshya Burial Ground  to Thummachettu Mitta( G- Manu Mitta) of Porumamilla village , GP  Mandal",,Y S Avinash Reddy,,KADAPA,300000,2025-01-18T00:00:00.000Z,2025-01-18 00:00:00+00:00,591
225527,Andhra Pradesh,Andhra Pradesh,ANANTAPUR,ANANTAPUR,Ananthapuramu(DISTRICT COLLECTOR ANANTAPUR_IDA),Ananthapuramu(DISTRICT COLLECTOR ANANTAPUR_IDA),Normal/Others,Normal/Others,850000,Recommended,Recommended,2025-08-06T00:00:00.000Z,2025,Lok Sabha,18,0,True,509552,1,"Providing 3 Wheller Vehicles to 5 Handicapped persons 1) Devarakonda Srikanth, S.o D.Munepppa (Late), Rakulakunta village of B.K.Samudram, 2) Devana Manohar Reddy, S.o D.Chinappa Reddy, Mamadur village of Gooty Mandal, 3) S.Srinath Reddy, S.o S.Gangai Reddy, Housing board, Ananthapramu, 4) Sane Harinath Reddy, S.o S.Nagireddy, Sangamesh Nagar, Ananthapuramu, 5) Shake Nabirasool, S.o S.Rasool sab, Maruthi nagar, Ananthapuramu.","Providing 3 Wheller Vehicles to 5 Handicapped persons 1) Devarakonda Srikanth, S.o D.Munepppa (Late), Rakulakunta village of B.K.Samudram, 2) Devana Manohar Reddy, S.o D.Chinappa Reddy, Mamadur village of Gooty Mandal, 3) S.Srinath Reddy, S.o S.Gangai Reddy, Housing board, Ananthapramu, 4) Sane Harinath Reddy, S.o S.Nagireddy, Sangamesh Nagar, Ananthapuramu, 5) Shake Nabirasool, S.o S.Rasool sab, Maruthi nagar, Ananthapuramu.",,AMBICA G LAKSHMINARAYANA VALMIKI,,ANANTAPUR,850000,2025-08-06T00:00:00.000Z,2025-08-06 00:00:00+00:00,391
227147,Andhra Pradesh,Andhra Pradesh,GUNTUR,GUNTUR,GUNTUR(DISTRICT COLLECTOR GUNTUR_IDA),GUNTUR(DISTRICT COLLECTOR GUNTUR_IDA),Normal/Others,Normal/Others,3000000,Recommended,Recommended,2025-08-24T00:00:00.000Z,2025,Lok Sabha,18,0,True,784926,1,Anjuman-E-Islamia Skill Development centre for development of Skills in Muslim Minority Youth,Anjuman-E-Islamia Skill Development centre for development of Skills in Muslim Minority Youth,,Dr Chandra Sekhar Pemmasani,,GUNTUR,3000000,2025-08-24T00:00:00.000Z,2025-08-24 00:00:00+00:00,373
166546,Andhra Pradesh,Andhra Pradesh,GUNTUR,GUNTUR,GUNTUR(DISTRICT COLLECTOR GUNTUR_IDA),GUNTUR(DISTRICT COLLECTOR GUNTUR_IDA),Normal/Others,Normal/Others,5000000,Recommended,Recommended,2025-01-19T00:00:00.000Z,2025,Lok Sabha,18,0,True,4939780,1,"Providing Amenities to Community Hall in Narakoduru village of Chebrolu Mandal, Guntur District","Providing Amenities to Community Hall in Narakoduru village of Chebrolu Mandal, Guntur District",,Dr Chandra Sekhar Pemmasani,,GUNTUR,5000000,2025-01-19T00:00:00.000Z,2025-01-19 00:00:00+00:00,590
227300,Andhra Pradesh,Andhra Pradesh,MACHILIPATNAM,MACHILIPATNAM,KRISHNA(DISTRICT COLLECTOR KRISHNA_IDA),KRISHNA(DISTRICT COLLECTOR KRISHNA_IDA),Normal/Others,Normal/Others,500000,Recommended,Recommended,2025-08-16T00:00:00.000Z,2025,Lok Sabha,18,0,False,0,0,Providing IT systems including hardware and software for St Marys EM High school Kankipadu,Providing IT systems including hardware and software for St Marys EM High school Kankipadu,,Balashowry Vallabbhaneni,,MACHILIPATNAM,500000,2025-08-16T00:00:00.000Z,2025-08-16 00:00:00+00:00,381
152146,Andhra Pradesh,Andhra Pradesh,ARAKU,ARAKU,Alluri Sitharama Raju(DISTRICT COLLECTOR ALLURI SITHARAMARAJU_IDA),Alluri Sitharama Raju(DISTRICT COLLECTOR ALLURI SITHARAMARAJU_IDA),Normal/Others,Normal/Others,1394400,Recommended,Recommended,2024-11-12T00:00:00.000Z,2024,Lok Sabha,18,0,True,1394400,1,purchase of street lights,purchase of street lights,,Gumma Thanuja Rani,,ARAKU,1394400,2024-11-12T00:00:00.000Z,2024-11-12 00:00:00+00:00,658
227323,Andhra Pradesh,Andhra Pradesh,BAPATLA,BAPATLA,Bapatla(DISTRICT COLLECTOR BAPATLA_IDA),Bapatla(DISTRICT COLLECTOR BAPATLA_IDA),Normal/Others,Normal/Others,600000,Recommended,Recommended,2025-08-16T00:00:00.000Z,2025,Lok Sabha,18,0,False,0,0,Construction of CC Road from Bethala Israel (H) to Kodali Sivaiah (H) in Moparru Village,Construction of CC Road from Bethala Israel (H) to Kodali Sivaiah (H) in Moparru Village,,Krishna Prasad Tenneti,,BAPATLA,600000,2025-08-16T00:00:00.000Z,2025-08-16 00:00:00+00:00,381
167461,Andhra Pradesh,Andhra Pradesh,NELLORE,NELLORE,Sri Potti Sriramulu Nellore(DISTRICT COLLECTOR NELLORE_IDA),Sri Potti Sriramulu Nellore(DISTRICT COLLECTOR NELLORE_IDA),Normal/Others,Normal/Others,500000,Recommended,Recommended,2025-01-21T00:00:00.000Z,2025,Lok Sabha,18,0,True,345226,1,Construction of Compound Wall at Main Burial Ground Front Side wall in Yallayapalem Grama Panchyat  in Kodavalur Mandal,Construction of Compound Wall at Main Burial Ground Front Side wall in Yallayapalem Grama Panchyat  in Kodavalur Mandal,,PRABHAKAR REDDY VEMIREDDY,,NELLORE,500000,2025-01-21T00:00:00.000Z,2025-01-21 00:00:00+00:00,588
227325,Andhra Pradesh,Andhra Pradesh,BAPATLA,BAPATLA,Bapatla(DISTRICT COLLECTOR BAPATLA_IDA),Bapatla(DISTRICT COLLECTOR BAPATLA_IDA),Normal/Others,Normal/Others,600000,Recommended,Recommended,2025-08-16T00:00:00.000Z,2025,Lok Sabha,18,0,False,0,0,Construction of CC Road from existing CC Road to Hindu burial ground in Vetapalem Village,Construction of CC Road from existing CC Road to Hindu burial ground in Vetapalem Village,,Krishna Prasad Tenneti,,BAPATLA,600000,2025-08-16T00:00:00.000Z,2025-08-16 00:00:00+00:00,381
227328,Andhra Pradesh,Andhra Pradesh,BAPATLA,BAPATLA,Bapatla(DISTRICT COLLECTOR BAPATLA_IDA),Bapatla(DISTRICT COLLECTOR BAPATLA_IDA),Normal/Others,Normal/Others,1200000,Recommended,Recommended,2025-08-16T00:00:00.000Z,2025,Lok Sabha,18,0,False,0,0,"Construction of community hall in Lukkavaripalem of Pedamatlapudi G.P., Nagaram Mandal","Construction of community hall in Lukkavaripalem of Pedamatlapudi G.P., Nagaram Mandal",,Krishna Prasad Tenneti,,BAPATLA,1200000,2025-08-16T00:00:00.000Z,2025-08-16 00:00:00+00:00,381
168682,Andhra Pradesh,Andhra Pradesh,SRIKAKULAM,SRIKAKULAM,SRIKAKULAM(District Collector Srikakulam_IDA),SRIKAKULAM(District Collector Srikakulam_IDA),Normal/Others,Normal/Others,500000,Recommended,Recommended,2025-01-24T00:00:00.000Z,2025,Lok Sabha,18,0,True,277290,1,Construction of Community Hall at Thotavuru Village of Sirimamidi GP of Sompeta mandal,Construction of Community Hall at Thotavuru Village of Sirimamidi GP of Sompeta mandal,,Kinjarapu Ram Mohan Naidu,,SRIKAKULAM,500000,2025-01-24T00:00:00.000Z,2025-01-24 00:00:00+00:00,585
227330,Andhra Pradesh,Andhra Pradesh,BAPATLA,BAPATLA,Bapatla(DISTRICT COLLECTOR BAPATLA_IDA),Bapatla(DISTRICT COLLECTOR BAPATLA_IDA),Normal/Others,Normal/Others,1200000,Recommended,Recommended,2025-08-16T00:00:00.000Z,2025,Lok Sabha,18,0,True,1163025,1,Augmentation of PWS Scheme to visweswaram G.P.,Augmentation of PWS Scheme to visweswaram G.P.,,Krishna Prasad Tenneti,,BAPATLA,1200000,2025-08-16T00:00:00.000Z,2025-08-16 00:00:00+00:00,381
152250,Andhra Pradesh,Andhra Pradesh,KADAPA,KADAPA,Y.S.R. Kadapa(DISTRICT COLLECTOR CUDDAPAH_IDA),Y.S.R. Kadapa(DISTRICT COLLECTOR CUDDAPAH_IDA),Normal/Others,Normal/Others,300000,Recommended,Recommended,2024-11-13T00:00:00.000Z,2024,Lok Sabha,18,0,False,0,0,Formation of Road upto Gravel surface from R& B road at S.Kothapalli village to Yerragudi Devudu Manam of S.Kothapalli village of sankepalli GP in Kondapuram Mandal,Formation of Road upto Gravel surface from R& B road at S.Kothapalli village to Yerragudi Devudu Manam of S.Kothapalli village of sankepalli GP in Kondapuram Mandal,,Y S Avinash Reddy,,KADAPA,300000,2024-11-13T00:00:00.000Z,2024-11-13 00:00:00+00:00,657
227344,Andhra Pradesh,Andhra Pradesh,HINDUPUR,HINDUPUR,Sri Sathya Sai(DISTRICT COLLECTOR SRI SATHYA SAI_IDA),Sri Sathya Sai(DISTRICT COLLECTOR SRI SATHYA SAI_IDA),Normal/Others,Normal/Others,6000000,Recommended,Recommended,2025-08-16T00:00:00.000Z,2025,Lok Sabha,18,0,True,2162831,1,"Construction of Community Hall in Sno. 353 in BC Colony 2, Kanaganipalli village mandal","Construction of Community Hall in Sno. 353 in BC Colony 2, Kanaganipalli village mandal",,B K PARTHASARATHI,,HINDUPUR,6000000,2025-08-16T00:00:00.000Z,2025-08-16 00:00:00+00:00,381
168892,Andhra Pradesh,Andhra Pradesh,ELURU,ELURU,Eluru(DISTRICT COLLECTOR ELURU_IDA),Eluru(DISTRICT COLLECTOR ELURU_IDA),Normal/Others,Normal/Others,1000000,Recommended,Recommended,2025-01-25T00:00:00.000Z,2025,Lok Sabha,18,0,False,0,0,Construction of Multipurpose Hall at Kothapalli village of Lingapalem Mandal,Construction of Multipurpose Hall at Kothapalli village of Lingapalem Mandal,,Putta Mahesh Kumar,,ELURU,1000000,2025-01-25T00:00:00.000Z,2025-01-25 00:00:00+00:00,584
227768,Andhra Pradesh,Andhra Pradesh,ONGOLE,ONGOLE,PRAKASAM(DISTRICT COLLECTOR PRAKASAM_IDA),PRAKASAM(DISTRICT COLLECTOR PRAKASAM_IDA),Normal/Others,Normal/Others,725000,Recommended,Recommended,2025-08-20T00:00:00.000Z,2025,Lok Sabha,18,0,True,725000,1,"Providing Suzuki Vehicle Model EECO5 STR to Jawahar Navodaya Vidhyalaya for Mobile Dispensary Purpose in Kalujuvvalapadu Village, Tarlupadu Mandal","Providing Suzuki Vehicle Model EECO5 STR to Jawahar Navodaya Vidhyalaya for Mobile Dispensary Purpose in Kalujuvvalapadu Village, Tarlupadu Mandal",,Magunta Sreenivasulu Reddy,,ONGOLE,725000,2025-08-20T00:00:00.000Z,2025-08-20 00:00:00+00:00,377
1199,Andhra Pradesh,Andhra Pradesh,ARAKU,ARAKU,"EAST GODAVARI(DISTRICT COLLECTOR, EAST GODAVARI)","EAST GODAVARI(DISTRICT COLLECTOR, EAST GODAVARI)",Normal/Others,Normal/Others,500000,Recommended,Recommended,2025-03-25T00:00:00.000Z,2025,Lok Sabha,18,0,False,0,0,"Construction of CC drainage at M.Mallavaram village, Gokavaram Mandal","Construction of CC drainage at M.Mallavaram village, Gokavaram Mandal",,Gumma Thanuja Rani,,ARAKU,500000,2025-03-25T00:00:00.000Z,2025-03-25 00:00:00+00:00,525
228329,Andhra Pradesh,Andhra Pradesh,KADAPA,KADAPA,Y.S.R. Kadapa(DISTRICT COLLECTOR CUDDAPAH_IDA),Y.S.R. Kadapa(DISTRICT COLLECTOR CUDDAPAH_IDA),Normal/Others,Normal/Others,450000,Recommended,Recommended,2025-08-29T00:00:00.000Z,2025,Lok Sabha,18,0,False,0,0,"Excavation of Pit for Koneru Near  Gurajala Village,  Simhadripuram Mandal Reach 2","Excavation of Pit for Koneru Near  Gurajala Village,  Simhadripuram Mandal Reach 2",,Y S Avinash Reddy,,KADAPA,450000,2025-08-29T00:00:00.000Z,2025-08-29 00:00:00+00:00,368
168927,Andhra Pradesh,Andhra Pradesh,RAJAMPET,RAJAMPET,Annamayya(DISTRICT COLLECTOR ANNAMAYYA_IDA),Annamayya(DISTRICT COLLECTOR ANNAMAYYA_IDA),Normal/Others,Normal/Others,200000,Recommended,Recommended,2025-01-30T00:00:00.000Z,2025,Lok Sabha,18,0,False,0,0,"Providing Borewell in Ankemvaripalli (V), Near Sachivalayam 3, Kalikiri G.P","Providing Borewell in Ankemvaripalli (V), Near Sachivalayam 3, Kalikiri G.P",,Midhun Reddy,,RAJAMPET,200000,2025-01-30T00:00:00.000Z,2025-01-30 00:00:00+00:00,579
229682,Andhra Pradesh,Andhra Pradesh,NANDYAL,NANDYAL,Nandyal(DISTRICT COLLECTOR NANDYAL_IDA),Nandyal(DISTRICT COLLECTOR NANDYAL_IDA),Repair and Renovation,Repair and Renovation,600000,Recommended,Recommended,2025-08-28T00:00:00.000Z,2025,Lok Sabha,18,0,True,591815,1,"Repairs to the OP Building at CHC Dhone, Nandyal District, covering essential civil works, roof and floor repairs, and painting to restore the building for safe use by patients and staff","Repairs to the OP Building at CHC Dhone, Nandyal District, covering essential civil works, roof and floor repairs, and painting to restore the building for safe use by patients and staff",,DR BYREDDY SHABARI,,NANDYAL,600000,2025-08-28T00:00:00.000Z,2025-08-28 00:00:00+00:00,369
152252,Andhra Pradesh,Andhra Pradesh,KADAPA,KADAPA,Y.S.R. Kadapa(DISTRICT COLLECTOR CUDDAPAH_IDA),Y.S.R. Kadapa(DISTRICT COLLECTOR CUDDAPAH_IDA),Normal/Others,Normal/Others,400000,Recommended,Recommended,2024-11-13T00:00:00.000Z,2024,Lok Sabha,18,0,False,0,0,Formation of Road upto Gravel Surface from K.Manohar Reddy Fields to Kulaya Reddy Fields and other areas at B.Kottalapalli village and GP of Kondapuram Mandal,Formation of Road upto Gravel Surface from K.Manohar Reddy Fields to Kulaya Reddy Fields and other areas at B.Kottalapalli village and GP of Kondapuram Mandal,,Y S Avinash Reddy,,KADAPA,400000,2024-11-13T00:00:00.000Z,2024-11-13 00:00:00+00:00,657
229765,Andhra Pradesh,Andhra Pradesh,KADAPA,KADAPA,Y.S.R. Kadapa(DISTRICT COLLECTOR CUDDAPAH_IDA),Y.S.R. Kadapa(DISTRICT COLLECTOR CUDDAPAH_IDA),Normal/Others,Normal/Others,496000,Recommended,Recommended,2025-08-29T00:00:00.000Z,2025,Lok Sabha,18,0,False,0,0,"Providing Motor and Pipe line at  Nagulaguttapalli Village,Chakrayapeta, Mandal","Providing Motor and Pipe line at  Nagulaguttapalli Village,Chakrayapeta, Mandal",,Y S Avinash Reddy,,KADAPA,496000,2025-08-29T00:00:00.000Z,2025-08-29 00:00:00+00:00,368
169342,Andhra Pradesh,Andhra Pradesh,SRIKAKULAM,SRIKAKULAM,SRIKAKULAM(District Collector Srikakulam_IDA),SRIKAKULAM(District Collector Srikakulam_IDA),Normal/Others,Normal/Others,900000,Recommended,Recommended,2025-01-27T00:00:00.000Z,2025,Lok Sabha,18,0,True,718160,1,"Construction of Cremation Shed in Vadada village of Vadada GP, Gara mandal","Construction of Cremation Shed in Vadada village of Vadada GP, Gara mandal",,Kinjarapu Ram Mohan Naidu,,SRIKAKULAM,900000,2025-01-27T00:00:00.000Z,2025-01-27 00:00:00+00:00,582
169477,Andhra Pradesh,Andhra Pradesh,ELURU,ELURU,Eluru(DISTRICT COLLECTOR ELURU_IDA),Eluru(DISTRICT COLLECTOR ELURU_IDA),Normal/Others,Normal/Others,2000000,Recommended,Recommended,2025-01-28T00:00:00.000Z,2025,Lok Sabha,18,0,True,1947249,1,"Construction of 4Th Floor to existing Multipurpose Hall at Vallurivari Street Powerpeta ,Eluru Municipal Corporation Eluru","Construction of 4Th Floor to existing Multipurpose Hall at Vallurivari Street Powerpeta ,Eluru Municipal Corporation Eluru",,Putta Mahesh Kumar,,ELURU,2000000,2025-01-28T00:00:00.000Z,2025-01-28 00:00:00+00:00,581
152573,Andhra Pradesh,Andhra Pradesh,RAJAMPET,RAJAMPET,Annamayya(DISTRICT COLLECTOR ANNAMAYYA_IDA),Annamayya(DISTRICT COLLECTOR ANNAMAYYA_IDA),Normal/Others,Normal/Others,250000,Recommended,Recommended,2024-11-14T00:00:00.000Z,2024,Lok Sabha,18,0,False,0,0,"Providing Borewell, Pipe Line & Motor in Kummarapalli (V), Odiveedu (G.P)","Providing Borewell, Pipe Line & Motor in Kummarapalli (V), Odiveedu (G.P)",,Midhun Reddy,,RAJAMPET,250000,2024-11-14T00:00:00.000Z,2024-11-14 00:00:00+00:00,656
175556,Andaman And Nicobar Islands,Andaman And Nicobar Islands,ANDAMAN AND NICOBAR ISLANDS,ANDAMAN AND NICOBAR ISLANDS,SOUTH ANDAMANS(Implementing District Authority(SA)),SOUTH ANDAMANS(Implementing District Authority(SA)),Repair and Renovation,Repair and Renovation,4947034,Recommended,Recommended,2025-02-14T00:00:00.000Z,2025,Lok Sabha,18,0,True,3655060,1,"Repair and renovation of road from CPWD complex, Ranchi Tikrey Dairyfarm to Fisheries Quarter, Port Blair","Repair and renovation of road from CPWD complex, Ranchi Tikrey Dairyfarm to Fisheries Quarter, Port Blair",,BISHNU PADA RAY,,ANDAMAN AND NICOBAR ISLANDS,4947034,2025-02-14T00:00:00.000Z,2025-02-14 00:00:00+00:00,564
175561,Andaman And Nicobar Islands,Andaman And Nicobar Islands,ANDAMAN AND NICOBAR ISLANDS,ANDAMAN AND NICOBAR ISLANDS,SOUTH ANDAMANS(Implementing District Authority(SA)),SOUTH ANDAMANS(Implementing District Authority(SA)),Normal/Others,Normal/Others,1498887,Recommended,Recommended,2025-02-14T00:00:00.000Z,2025,Lok Sabha,18,0,True,1189292,1,"Construction of CC Motorable road between Govt. Primary School and Shri SK Singh house at Garacharma, Ward No.18, Port Blair","Construction of CC Motorable road between Govt. Primary School and Shri SK Singh house at Garacharma, Ward No.18, Port Blair",,BISHNU PADA RAY,,ANDAMAN AND NICOBAR ISLANDS,1498887,2025-02-14T00:00:00.000Z,2025-02-14 00:00:00+00:00,564
188528,Andaman And Nicobar Islands,Andaman And Nicobar Islands,ANDAMAN AND NICOBAR ISLANDS,ANDAMAN AND NICOBAR ISLANDS,SOUTH ANDAMANS(Implementing District Authority(SA)),SOUTH ANDAMANS(Implementing District Authority(SA)),Normal/Others,Normal/Others,1320600,Recommended,Recommended,2025-04-01T00:00:00.000Z,2025,Lok Sabha,18,0,True,803540,1,"Construction of CC drain from CPWD quarters to Fisheries Quarters via Sree Shaktivel Murugan Temple for a length of 350 mtrs at Ranci Tikrey, Dairy Farm, Ward No.9, SVP.","Construction of CC drain from CPWD quarters to Fisheries Quarters via Sree Shaktivel Murugan Temple for a length of 350 mtrs at Ranci Tikrey, Dairy Farm, Ward No.9, SVP.",,BISHNU PADA RAY,,ANDAMAN AND NICOBAR ISLANDS,1320600,2025-04-01T00:00:00.000Z,2025-04-01 00:00:00+00:00,518
899,Andhra Pradesh,Andhra Pradesh,TIRUPATI,TIRUPATI,Annamayya(DISTRICT COLLECTOR ANNAMAYYA_IDA),Annamayya(DISTRICT COLLECTOR ANNAMAYYA_IDA),Normal/Others,Normal/Others,390388,Recommended,Recommended,2024-11-02T00:00:00.000Z,2024,Lok Sabha,18,0,False,0,0,"Construction of CC Road D. Narayana house to R&B road in Pullareddy Palli H/W (V), Anantha Samudram G.P. in Pullampeta Mandal.","Construction of CC Road D. Narayana house to R&B road in Pullareddy Palli H/W (V), Anantha Samudram G.P. in Pullampeta Mandal.",,Maddila Gurumoorthy,,TIRUPATI,390388,2024-11-02T00:00:00.000Z,2024-11-02 00:00:00+00:00,668
1489,Andhra Pradesh,Andhra Pradesh,ARAKU,ARAKU,"EAST GODAVARI(DISTRICT COLLECTOR, EAST GODAVARI)","EAST GODAVARI(DISTRICT COLLECTOR, EAST GODAVARI)",Normal/Others,Normal/Others,500000,Recommended,Recommended,2025-08-07T00:00:00.000Z,2025,Lok Sabha,18,0,False,0,0,construction of cc road from n16 road to kallepali venkataraju site of konthamuru,construction of cc road from n16 road to kallepali venkataraju site of konthamuru,,Gumma Thanuja Rani,,ARAKU,500000,2025-08-07T00:00:00.000Z,2025-08-07 00:00:00+00:00,390
141551,Andhra Pradesh,Andhra Pradesh,CHITTOOR,CHITTOOR,Tirupati(DISTRICT COLLECTOR TIRUPATI_IDA),Tirupati(DISTRICT COLLECTOR TIRUPATI_IDA),Normal/Others,Normal/Others,490000,Recommended,Recommended,2024-09-18T00:00:00.000Z,2024,Lok Sabha,18,0,False,0,0,"Construction of WBM Road from Jimkalamitta SC Colony to Snam alloys Pvt. Link road at Jimkalamitta Village, Damalacheruvu GP of Pakala Mandal, Chandragiri Constituency.","Construction of WBM Road from Jimkalamitta SC Colony to Snam alloys Pvt. Link road at Jimkalamitta Village, Damalacheruvu GP of Pakala Mandal, Chandragiri Constituency.",,DAGGUMALLA PRASADA RAO,,CHITTOOR,490000,2024-09-18T00:00:00.000Z,2024-09-18 00:00:00+00:00,713
161715,Andhra Pradesh,Andhra Pradesh,TIRUPATI,TIRUPATI,Tirupati(DISTRICT COLLECTOR TIRUPATI_IDA),Tirupati(DISTRICT COLLECTOR TIRUPATI_IDA),Normal/Others,Normal/Others,180000,Recommended,Recommended,2024-12-27T00:00:00.000Z,2024,Lok Sabha,18,0,False,0,0,Providing street lights and fixtures at Irugulam in Satyavedu Mandal.,Providing street lights and fixtures at Irugulam in Satyavedu Mandal.,,Maddila Gurumoorthy,,TIRUPATI,180000,2024-12-27T00:00:00.000Z,2024-12-27 00:00:00+00:00,613
199552,Andhra Pradesh,Andhra Pradesh,TIRUPATI,TIRUPATI,Tirupati(DISTRICT COLLECTOR TIRUPATI_IDA),Tirupati(DISTRICT COLLECTOR TIRUPATI_IDA),Normal/Others,Normal/Others,300000,Recommended,Recommended,2025-05-19T00:00:00.000Z,2025,Lok Sabha,18,0,True,299331,1,Construction of CC Open Drain with cover slab from Mekapilla Guravaiah house to gonu Thirupalaiah house at Akkurthy HW Ho Akkurthy GP in Srikalahasthi Mandal.,Construction of CC Open Drain with cover slab from Mekapilla Guravaiah house to gonu Thirupalaiah house at Akkurthy HW Ho Akkurthy GP in Srikalahasthi Mandal.,,Maddila Gurumoorthy,,TIRUPATI,300000,2025-05-19T00:00:00.000Z,2025-05-19 00:00:00+00:00,470
169621,Andhra Pradesh,Andhra Pradesh,VIZIANAGARAM,VIZIANAGARAM,VIZIANAGARAM(DISTRICT COLLECTOR VIZIANAGARAM_IDA),VIZIANAGARAM(DISTRICT COLLECTOR VIZIANAGARAM_IDA),Normal/Others,Normal/Others,1050000,Recommended,Recommended,2025-01-28T00:00:00.000Z,2025,Lok Sabha,18,0,True,1037817,1,Providing R.O Plant with Water Coller at Gajapathinagaram Village of Gajpathinagaram Mandal,Providing R.O Plant with Water Coller at Gajapathinagaram Village of Gajpathinagaram Mandal,,Appalanaidu Kalisetti,,VIZIANAGARAM,1050000,2025-01-28T00:00:00.000Z,2025-01-28 00:00:00+00:00,581
152586,Andhra Pradesh,Andhra Pradesh,RAJAMPET,RAJAMPET,Annamayya(DISTRICT COLLECTOR ANNAMAYYA_IDA),Annamayya(DISTRICT COLLECTOR ANNAMAYYA_IDA),Normal/Others,Normal/Others,200000,Recommended,Recommended,2024-11-14T00:00:00.000Z,2024,Lok Sabha,18,0,False,0,0,"Providing Borewell at Venkateswara ST Colony, Tkammapalli (G.P)","Providing Borewell at Venkateswara ST Colony, Tkammapalli (G.P)",,Midhun Reddy,,RAJAMPET,200000,2024-11-14T00:00:00.000Z,2024-11-14 00:00:00+00:00,656
169793,Andhra Pradesh,Andhra Pradesh,SRIKAKULAM,SRIKAKULAM,SRIKAKULAM(District Collector Srikakulam_IDA),SRIKAKULAM(District Collector Srikakulam_IDA),Normal/Others,Normal/Others,2000000,Recommended,Recommended,2025-01-29T00:00:00.000Z,2025,Lok Sabha,18,0,True,766593,1,Construction of Rooms and Halls in the existing Public and Community Buildings at Bus Stand in Kotabommali village of Kotabommali mandal,Construction of Rooms and Halls in the existing Public and Community Buildings at Bus Stand in Kotabommali village of Kotabommali mandal,,Kinjarapu Ram Mohan Naidu,,SRIKAKULAM,2000000,2025-01-29T00:00:00.000Z,2025-01-29 00:00:00+00:00,580
169799,Andhra Pradesh,Andhra Pradesh,SRIKAKULAM,SRIKAKULAM,SRIKAKULAM(District Collector Srikakulam_IDA),SRIKAKULAM(District Collector Srikakulam_IDA),Normal/Others,Normal/Others,500000,Recommended,Recommended,2025-01-29T00:00:00.000Z,2025,Lok Sabha,18,0,False,0,0,Construction of Community Hall at Lakkavaram village of Palasapuram GP of Sompeta mandal.,Construction of Community Hall at Lakkavaram village of Palasapuram GP of Sompeta mandal.,,Kinjarapu Ram Mohan Naidu,,SRIKAKULAM,500000,2025-01-29T00:00:00.000Z,2025-01-29 00:00:00+00:00,580
152589,Andhra Pradesh,Andhra Pradesh,RAJAMPET,RAJAMPET,Annamayya(DISTRICT COLLECTOR ANNAMAYYA_IDA),Annamayya(DISTRICT COLLECTOR ANNAMAYYA_IDA),Normal/Others,Normal/Others,200000,Recommended,Recommended,2024-11-14T00:00:00.000Z,2024,Lok Sabha,18,0,True,184805,1,Construction of Compound wall to Hindu Burail Ground in Pullampeta (V&G.P),Construction of Compound wall to Hindu Burail Ground in Pullampeta (V&G.P),,Midhun Reddy,,RAJAMPET,200000,2024-11-14T00:00:00.000Z,2024-11-14 00:00:00+00:00,656
169812,Andhra Pradesh,Andhra Pradesh,GUNTUR,GUNTUR,GUNTUR(DISTRICT COLLECTOR GUNTUR_IDA),GUNTUR(DISTRICT COLLECTOR GUNTUR_IDA),Normal/Others,Normal/Others,500000,Recommended,Recommended,2025-02-06T00:00:00.000Z,2025,Lok Sabha,18,0,True,483814,1,"Providing internal CC roads in Pamulapadu (V) of Tadikonda Mandal, Guntur District","Providing internal CC roads in Pamulapadu (V) of Tadikonda Mandal, Guntur District",,Dr Chandra Sekhar Pemmasani,,GUNTUR,500000,2025-02-06T00:00:00.000Z,2025-02-06 00:00:00+00:00,572
1294,Andhra Pradesh,Andhra Pradesh,ANAKAPALLE,ANAKAPALLE,Y.S.R. Kadapa(DISTRICT COLLECTOR CUDDAPAH_IDA),Y.S.R. Kadapa(DISTRICT COLLECTOR CUDDAPAH_IDA),Repair and Renovation,Repair and Renovation,2480752,Recommended,Recommended,2025-05-07T00:00:00.000Z,2025,Lok Sabha,18,0,False,0,0,Urgent repairs to Kamalapuram - Potladurthi road from KM 18-110 - 18-200 near Potladurthi Village of Yerraguntla Mandal in YSR Kadapa District,Urgent repairs to Kamalapuram - Potladurthi road from KM 18-110 - 18-200 near Potladurthi Village of Yerraguntla Mandal in YSR Kadapa District,,C.M.RAMESH,,ANAKAPALLE,2480752,2025-05-07T00:00:00.000Z,2025-05-07 00:00:00+00:00,482
169818,Andhra Pradesh,Andhra Pradesh,GUNTUR,GUNTUR,GUNTUR(DISTRICT COLLECTOR GUNTUR_IDA),GUNTUR(DISTRICT COLLECTOR GUNTUR_IDA),Normal/Others,Normal/Others,500000,Recommended,Recommended,2025-02-06T00:00:00.000Z,2025,Lok Sabha,18,0,True,481043,1,"Providing internal CC roads in Vemavaram (V) of Phirangipuram Mandal, Guntur District","Providing internal CC roads in Vemavaram (V) of Phirangipuram Mandal, Guntur District",,Dr Chandra Sekhar Pemmasani,,GUNTUR,500000,2025-02-06T00:00:00.000Z,2025-02-06 00:00:00+00:00,572
152984,Andhra Pradesh,Andhra Pradesh,KADAPA,KADAPA,Y.S.R. Kadapa(DISTRICT COLLECTOR CUDDAPAH_IDA),Y.S.R. Kadapa(DISTRICT COLLECTOR CUDDAPAH_IDA),Normal/Others,Normal/Others,300000,Recommended,Recommended,2024-12-14T00:00:00.000Z,2024,Lok Sabha,18,0,False,0,0,Formation of Road upto Gravel Surface from Vara Lakshmi Fields to N Pedha Obulesu Fields at B Kottalapalli (V &GP) of Kondapuram Mandal,Formation of Road upto Gravel Surface from Vara Lakshmi Fields to N Pedha Obulesu Fields at B Kottalapalli (V &GP) of Kondapuram Mandal,,Y S Avinash Reddy,,KADAPA,300000,2024-12-14T00:00:00.000Z,2024-12-14 00:00:00+00:00,626
170942,Andhra Pradesh,Andhra Pradesh,GUNTUR,GUNTUR,GUNTUR(DISTRICT COLLECTOR GUNTUR_IDA),GUNTUR(DISTRICT COLLECTOR GUNTUR_IDA),Normal/Others,Normal/Others,1000000,Recommended,Recommended,2025-02-06T00:00:00.000Z,2025,Lok Sabha,18,0,False,0,0,"Construction of Karma shala building in Hindu Burial ground at Vengalayapalem (V) of Guntur Rural Mandal, Guntur District","Construction of Karma shala building in Hindu Burial ground at Vengalayapalem (V) of Guntur Rural Mandal, Guntur District",,Dr Chandra Sekhar Pemmasani,,GUNTUR,1000000,2025-02-06T00:00:00.000Z,2025-02-06 00:00:00+00:00,572
172266,Andhra Pradesh,Andhra Pradesh,ANANTAPUR,ANANTAPUR,Ananthapuramu(DISTRICT COLLECTOR ANANTAPUR_IDA),Ananthapuramu(DISTRICT COLLECTOR ANANTAPUR_IDA),Normal/Others,Normal/Others,500000,Recommended,Recommended,2025-02-03T00:00:00.000Z,2025,Lok Sabha,18,0,False,0,0,"Providing Bus Shelter at Nemakal (V), Bommanhal (M)","Providing Bus Shelter at Nemakal (V), Bommanhal (M)",,AMBICA G LAKSHMINARAYANA VALMIKI,,ANANTAPUR,500000,2025-02-03T00:00:00.000Z,2025-02-03 00:00:00+00:00,575
155540,Andhra Pradesh,Andhra Pradesh,KADAPA,KADAPA,Y.S.R. Kadapa(DISTRICT COLLECTOR CUDDAPAH_IDA),Y.S.R. Kadapa(DISTRICT COLLECTOR CUDDAPAH_IDA),Normal/Others,Normal/Others,300000,Recommended,Recommended,2024-12-14T00:00:00.000Z,2024,Lok Sabha,18,0,False,0,0,"Construction of Bus Shelter at ZPHS  High School at Nallapureddypalli Village,  Erraballi GP of Pulivendula Mandal","Construction of Bus Shelter at ZPHS  High School at Nallapureddypalli Village,  Erraballi GP of Pulivendula Mandal",,Y S Avinash Reddy,,KADAPA,300000,2024-12-14T00:00:00.000Z,2024-12-14 00:00:00+00:00,626
172278,Andhra Pradesh,Andhra Pradesh,ANANTAPUR,ANANTAPUR,Ananthapuramu(DISTRICT COLLECTOR ANANTAPUR_IDA),Ananthapuramu(DISTRICT COLLECTOR ANANTAPUR_IDA),Normal/Others,Normal/Others,500000,Recommended,Recommended,2025-02-03T00:00:00.000Z,2025,Lok Sabha,18,0,True,356063,1,"Construction of Compound Wall to OHSR tank at Mamuduru (V), Gooty (M)","Construction of Compound Wall to OHSR tank at Mamuduru (V), Gooty (M)",,AMBICA G LAKSHMINARAYANA VALMIKI,,ANANTAPUR,500000,2025-02-03T00:00:00.000Z,2025-02-03 00:00:00+00:00,575
173829,Andhra Pradesh,Andhra Pradesh,HINDUPUR,HINDUPUR,Sri Sathya Sai(DISTRICT COLLECTOR SRI SATHYA SAI_IDA),Sri Sathya Sai(DISTRICT COLLECTOR SRI SATHYA SAI_IDA),Normal/Others,Normal/Others,500000,Recommended,Recommended,2025-02-06T00:00:00.000Z,2025,Lok Sabha,18,0,False,0,0,Construction of Bus shelter at Rajiv Gandhi circle at in survey No. 435-3 of Madakasira Nagarapanchayat.,Construction of Bus shelter at Rajiv Gandhi circle at in survey No. 435-3 of Madakasira Nagarapanchayat.,,B K PARTHASARATHI,,HINDUPUR,500000,2025-02-06T00:00:00.000Z,2025-02-06 00:00:00+00:00,572
155623,Andhra Pradesh,Andhra Pradesh,RAJAMPET,RAJAMPET,Annamayya(DISTRICT COLLECTOR ANNAMAYYA_IDA),Annamayya(DISTRICT COLLECTOR ANNAMAYYA_IDA),Normal/Others,Normal/Others,500000,Recommended,Recommended,2024-11-28T00:00:00.000Z,2024,Lok Sabha,18,0,False,0,0,"Providing Borewell & Pump Set & Pipeline from Othacheruvu to Badiselavanka, Thimmasamudram (G.P)","Providing Borewell & Pump Set & Pipeline from Othacheruvu to Badiselavanka, Thimmasamudram (G.P)",,Midhun Reddy,,RAJAMPET,500000,2024-11-28T00:00:00.000Z,2024-11-28 00:00:00+00:00,642
173831,Andhra Pradesh,Andhra Pradesh,HINDUPUR,HINDUPUR,Sri Sathya Sai(DISTRICT COLLECTOR SRI SATHYA SAI_IDA),Sri Sathya Sai(DISTRICT COLLECTOR SRI SATHYA SAI_IDA),Normal/Others,Normal/Others,500000,Recommended,Recommended,2025-02-06T00:00:00.000Z,2025,Lok Sabha,18,0,False,0,0,Construction of Bus shelter in Survey No.108-1A at Dodderi Village of Rolla (M),Construction of Bus shelter in Survey No.108-1A at Dodderi Village of Rolla (M),,B K PARTHASARATHI,,HINDUPUR,500000,2025-02-06T00:00:00.000Z,2025-02-06 00:00:00+00:00,572
173837,Andhra Pradesh,Andhra Pradesh,HINDUPUR,HINDUPUR,Sri Sathya Sai(DISTRICT COLLECTOR SRI SATHYA SAI_IDA),Sri Sathya Sai(DISTRICT COLLECTOR SRI SATHYA SAI_IDA),Normal/Others,Normal/Others,500000,Recommended,Recommended,2025-02-06T00:00:00.000Z,2025,Lok Sabha,18,0,False,0,0,Construction of compound wall to Ambedkar Smruthi Vanam SC in Sno 593-1 of Amarapuram(V)M,Construction of compound wall to Ambedkar Smruthi Vanam SC in Sno 593-1 of Amarapuram(V)M,,B K PARTHASARATHI,,HINDUPUR,500000,2025-02-06T00:00:00.000Z,2025-02-06 00:00:00+00:00,572
156397,Andhra Pradesh,Andhra Pradesh,HINDUPUR,HINDUPUR,Ananthapuramu(DISTRICT COLLECTOR ANANTAPUR_IDA),Ananthapuramu(DISTRICT COLLECTOR ANANTAPUR_IDA),Normal/Others,Normal/Others,500000,Recommended,Recommended,2024-12-02T00:00:00.000Z,2024,Lok Sabha,18,0,True,498353,1,Improvement of electricity distribution infrastructure,Improvement of electricity distribution infrastructure,,B K PARTHASARATHI,,HINDUPUR,500000,2024-12-02T00:00:00.000Z,2024-12-02 00:00:00+00:00,638
174787,Andhra Pradesh,Andhra Pradesh,VIZIANAGARAM,VIZIANAGARAM,VIZIANAGARAM(DISTRICT COLLECTOR VIZIANAGARAM_IDA),VIZIANAGARAM(DISTRICT COLLECTOR VIZIANAGARAM_IDA),Normal/Others,Normal/Others,200000,Recommended,Recommended,2025-02-10T00:00:00.000Z,2025,Lok Sabha,18,0,False,0,0,Construction of CC Drains from Yarabala Eswar rao House to Reddi Savitramma House at Ambedkar colony in ward No.10 of Bobbili Municipality,Construction of CC Drains from Yarabala Eswar rao House to Reddi Savitramma House at Ambedkar colony in ward No.10 of Bobbili Municipality,,Appalanaidu Kalisetti,,VIZIANAGARAM,200000,2025-02-10T00:00:00.000Z,2025-02-10 00:00:00+00:00,568
175556,Andaman And Nicobar Islands,Andaman And Nicobar Islands,ANDAMAN AND NICOBAR ISLANDS,ANDAMAN AND NICOBAR ISLANDS,SOUTH ANDAMANS(Implementing District Authority(SA)),SOUTH ANDAMANS(Implementing District Authority(SA)),Repair and Renovation,Repair and Renovation,4947034,Recommended,Recommended,2025-02-14T00:00:00.000Z,2025,Lok Sabha,18,0,True,3655060,1,"Repair and renovation of road from CPWD complex, Ranchi Tikrey Dairyfarm to Fisheries Quarter, Port Blair","Repair and renovation of road from CPWD complex, Ranchi Tikrey Dairyfarm to Fisheries Quarter, Port Blair",,BISHNU PADA RAY,,ANDAMAN AND NICOBAR ISLANDS,4947034,2025-02-14T00:00:00.000Z,2025-02-14 00:00:00+00:00,564
175561,Andaman And Nicobar Islands,Andaman And Nicobar Islands,ANDAMAN AND NICOBAR ISLANDS,ANDAMAN AND NICOBAR ISLANDS,SOUTH ANDAMANS(Implementing District Authority(SA)),SOUTH ANDAMANS(Implementing District Authority(SA)),Normal/Others,Normal/Others,1498887,Recommended,Recommended,2025-02-14T00:00:00.000Z,2025,Lok Sabha,18,0,True,1189292,1,"Construction of CC Motorable road between Govt. Primary School and Shri SK Singh house at Garacharma, Ward No.18, Port Blair","Construction of CC Motorable road between Govt. Primary School and Shri SK Singh house at Garacharma, Ward No.18, Port Blair",,BISHNU PADA RAY,,ANDAMAN AND NICOBAR ISLANDS,1498887,2025-02-14T00:00:00.000Z,2025-02-14 00:00:00+00:00,564
188528,Andaman And Nicobar Islands,Andaman And Nicobar Islands,ANDAMAN AND NICOBAR ISLANDS,ANDAMAN AND NICOBAR ISLANDS,SOUTH ANDAMANS(Implementing District Authority(SA)),SOUTH ANDAMANS(Implementing District Authority(SA)),Normal/Others,Normal/Others,1320600,Recommended,Recommended,2025-04-01T00:00:00.000Z,2025,Lok Sabha,18,0,True,803540,1,"Construction of CC drain from CPWD quarters to Fisheries Quarters via Sree Shaktivel Murugan Temple for a length of 350 mtrs at Ranci Tikrey, Dairy Farm, Ward No.9, SVP.","Construction of CC drain from CPWD quarters to Fisheries Quarters via Sree Shaktivel Murugan Temple for a length of 350 mtrs at Ranci Tikrey, Dairy Farm, Ward No.9, SVP.",,BISHNU PADA RAY,,ANDAMAN AND NICOBAR ISLANDS,1320600,2025-04-01T00:00:00.000Z,2025-04-01 00:00:00+00:00,518
899,Andhra Pradesh,Andhra Pradesh,TIRUPATI,TIRUPATI,Annamayya(DISTRICT COLLECTOR ANNAMAYYA_IDA),Annamayya(DISTRICT COLLECTOR ANNAMAYYA_IDA),Normal/Others,Normal/Others,390388,Recommended,Recommended,2024-11-02T00:00:00.000Z,2024,Lok Sabha,18,0,False,0,0,"Construction of CC Road D. Narayana house to R&B road in Pullareddy Palli H/W (V), Anantha Samudram G.P. in Pullampeta Mandal.","Construction of CC Road D. Narayana house to R&B road in Pullareddy Palli H/W (V), Anantha Samudram G.P. in Pullampeta Mandal.",,Maddila Gurumoorthy,,TIRUPATI,390388,2024-11-02T00:00:00.000Z,2024-11-02 00:00:00+00:00,668
1489,Andhra Pradesh,Andhra Pradesh,ARAKU,ARAKU,"EAST GODAVARI(DISTRICT COLLECTOR, EAST GODAVARI)","EAST GODAVARI(DISTRICT COLLECTOR, EAST GODAVARI)",Normal/Others,Normal/Others,500000,Recommended,Recommended,2025-08-07T00:00:00.000Z,2025,Lok Sabha,18,0,False,0,0,construction of cc road from n16 road to kallepali venkataraju site of konthamuru,construction of cc road from n16 road to kallepali venkataraju site of konthamuru,,Gumma Thanuja Rani,,ARAKU,500000,2025-08-07T00:00:00.000Z,2025-08-07 00:00:00+00:00,390
141551,Andhra Pradesh,Andhra Pradesh,CHITTOOR,CHITTOOR,Tirupati(DISTRICT COLLECTOR TIRUPATI_IDA),Tirupati(DISTRICT COLLECTOR TIRUPATI_IDA),Normal/Others,Normal/Others,490000,Recommended,Recommended,2024-09-18T00:00:00.000Z,2024,Lok Sabha,18,0,False,0,0,"Construction of WBM Road from Jimkalamitta SC Colony to Snam alloys Pvt. Link road at Jimkalamitta Village, Damalacheruvu GP of Pakala Mandal, Chandragiri Constituency.","Construction of WBM Road from Jimkalamitta SC Colony to Snam alloys Pvt. Link road at Jimkalamitta Village, Damalacheruvu GP of Pakala Mandal, Chandragiri Constituency.",,DAGGUMALLA PRASADA RAO,,CHITTOOR,490000,2024-09-18T00:00:00.000Z,2024-09-18 00:00:00+00:00,713
161715,Andhra Pradesh,Andhra Pradesh,TIRUPATI,TIRUPATI,Tirupati(DISTRICT COLLECTOR TIRUPATI_IDA),Tirupati(DISTRICT COLLECTOR TIRUPATI_IDA),Normal/Others,Normal/Others,180000,Recommended,Recommended,2024-12-27T00:00:00.000Z,2024,Lok Sabha,18,0,False,0,0,Providing street lights and fixtures at Irugulam in Satyavedu Mandal.,Providing street lights and fixtures at Irugulam in Satyavedu Mandal.,,Maddila Gurumoorthy,,TIRUPATI,180000,2024-12-27T00:00:00.000Z,2024-12-27 00:00:00+00:00,613
199552,Andhra Pradesh,Andhra Pradesh,TIRUPATI,TIRUPATI,Tirupati(DISTRICT COLLECTOR TIRUPATI_IDA),Tirupati(DISTRICT COLLECTOR TIRUPATI_IDA),Normal/Others,Normal/Others,300000,Recommended,Recommended,2025-05-19T00:00:00.000Z,2025,Lok Sabha,18,0,True,299331,1,Construction of CC Open Drain with cover slab from Mekapilla Guravaiah house to gonu Thirupalaiah house at Akkurthy HW Ho Akkurthy GP in Srikalahasthi Mandal.,Construction of CC Open Drain with cover slab from Mekapilla Guravaiah house to gonu Thirupalaiah house at Akkurthy HW Ho Akkurthy GP in Srikalahasthi Mandal.,,Maddila Gurumoorthy,,TIRUPATI,300000,2025-05-19T00:00:00.000Z,2025-05-19 00:00:00+00:00,470
157017,Andhra Pradesh,Andhra Pradesh,KADAPA,KADAPA,Y.S.R. Kadapa(DISTRICT COLLECTOR CUDDAPAH_IDA),Y.S.R. Kadapa(DISTRICT COLLECTOR CUDDAPAH_IDA),Normal/Others,Normal/Others,400000,Recommended,Recommended,2024-12-14T00:00:00.000Z,2024,Lok Sabha,18,0,False,0,0,Electrification of Colony at Nallapureddypalli Village Errabali GP of Pulivendula Mandal,Electrification of Colony at Nallapureddypalli Village Errabali GP of Pulivendula Mandal,,Y S Avinash Reddy,,KADAPA,400000,2024-12-14T00:00:00.000Z,2024-12-14 00:00:00+00:00,626
176275,Andhra Pradesh,Andhra Pradesh,VIZIANAGARAM,VIZIANAGARAM,VIZIANAGARAM(DISTRICT COLLECTOR VIZIANAGARAM_IDA),VIZIANAGARAM(DISTRICT COLLECTOR VIZIANAGARAM_IDA),Normal/Others,Normal/Others,300000,Recommended,Recommended,2025-02-18T00:00:00.000Z,2025,Lok Sabha,18,0,False,0,0,Extension of CC Road from Pedda Veedhi R and B Road to Bethanapalli Sugreevudu House in Penta Village of Bobbili Mandal,Extension of CC Road from Pedda Veedhi R and B Road to Bethanapalli Sugreevudu House in Penta Village of Bobbili Mandal,,Appalanaidu Kalisetti,,VIZIANAGARAM,300000,2025-02-18T00:00:00.000Z,2025-02-18 00:00:00+00:00,560
176288,Andhra Pradesh,Andhra Pradesh,VIZIANAGARAM,VIZIANAGARAM,VIZIANAGARAM(DISTRICT COLLECTOR VIZIANAGARAM_IDA),VIZIANAGARAM(DISTRICT COLLECTOR VIZIANAGARAM_IDA),Normal/Others,Normal/Others,1200000,Recommended,Recommended,2025-02-18T00:00:00.000Z,2025,Lok Sabha,18,0,False,0,0,Construction of Community Hall in Kondarajupalem Village Covered in Kongavanipalem Revenue Village of Bhogapuram Mandal,Construction of Community Hall in Kondarajupalem Village Covered in Kongavanipalem Revenue Village of Bhogapuram Mandal,,Appalanaidu Kalisetti,,VIZIANAGARAM,1200000,2025-02-18T00:00:00.000Z,2025-02-18 00:00:00+00:00,560
157138,Andhra Pradesh,Andhra Pradesh,HINDUPUR,HINDUPUR,Sri Sathya Sai(DISTRICT COLLECTOR SRI SATHYA SAI_IDA),Sri Sathya Sai(DISTRICT COLLECTOR SRI SATHYA SAI_IDA),Normal/Others,Normal/Others,8000000,Recommended,Recommended,2024-12-06T00:00:00.000Z,2024,Lok Sabha,18,0,True,5892449,2,construction of community hall at Survey No. 294-2 of Parigi village,construction of community hall at Survey No. 294-2 of Parigi village,,B K PARTHASARATHI,,HINDUPUR,8000000,2024-12-06T00:00:00.000Z,2024-12-06 00:00:00+00:00,634
178911,Andhra Pradesh,Andhra Pradesh,RAJAHMUNDRY,RAJAHMUNDRY,"EAST GODAVARI(DISTRICT COLLECTOR, EAST GODAVARI)","EAST GODAVARI(DISTRICT COLLECTOR, EAST GODAVARI)",Normal/Others,Normal/Others,5000000,Recommended,Recommended,2025-03-12T00:00:00.000Z,2025,Lok Sabha,18,0,False,0,0,Construction of a Multipurpose Activity Centre in the SC Locality near Ambedkar Statue in Dharnikota of Anaparthi Vilalge,Construction of a Multipurpose Activity Centre in the SC Locality near Ambedkar Statue in Dharnikota of Anaparthi Vilalge,,Daggubati Purandeshwari,,RAJAHMUNDRY,5000000,2025-03-12T00:00:00.000Z,2025-03-12 00:00:00+00:00,538
175559,Andaman And Nicobar Islands,Andaman And Nicobar Islands,ANDAMAN AND NICOBAR ISLANDS,ANDAMAN AND NICOBAR ISLANDS,SOUTH ANDAMANS(Implementing District Authority(SA)),SOUTH ANDAMANS(Implementing District Authority(SA)),Normal/Others,Normal/Others,976436,Recommended,Recommended,2025-02-14T00:00:00.000Z,2025,Lok Sabha,18,0,True,730885,1,"Extension of Multipurpse Hall at Nayagaon near Juvenile Home, Port Blair","Extension of Multipurpse Hall at Nayagaon near Juvenile Home, Port Blair",,BISHNU PADA RAY,,ANDAMAN AND NICOBAR ISLANDS,976436,2025-02-14T00:00:00.000Z,2025-02-14 00:00:00+00:00,564
179124,Andhra Pradesh,Andhra Pradesh,RAJAHMUNDRY,RAJAHMUNDRY,"EAST GODAVARI(DISTRICT COLLECTOR, EAST GODAVARI)","EAST GODAVARI(DISTRICT COLLECTOR, EAST GODAVARI)",Normal/Others,Normal/Others,8000000,Recommended,Recommended,2025-03-12T00:00:00.000Z,2025,Lok Sabha,18,0,False,0,0,Construction of additional infrastructure at Phule Ambedkar Bhavan in the Municipal Corporation of Rajamahendravaram,Construction of additional infrastructure at Phule Ambedkar Bhavan in the Municipal Corporation of Rajamahendravaram,,Daggubati Purandeshwari,,RAJAHMUNDRY,8000000,2025-03-12T00:00:00.000Z,2025-03-12 00:00:00+00:00,538
157510,Andhra Pradesh,Andhra Pradesh,ANANTAPUR,ANANTAPUR,Ananthapuramu(DISTRICT COLLECTOR ANANTAPUR_IDA),Ananthapuramu(DISTRICT COLLECTOR ANANTAPUR_IDA),Normal/Others,Normal/Others,1000000,Recommended,Recommended,2024-12-09T00:00:00.000Z,2024,Lok Sabha,18,0,False,0,0,Construction of SC Community Hall in Kothapalli village of Kambadur Mandal,Construction of SC Community Hall in Kothapalli village of Kambadur Mandal,,AMBICA G LAKSHMINARAYANA VALMIKI,,ANANTAPUR,1000000,2024-12-09T00:00:00.000Z,2024-12-09 00:00:00+00:00,631
180022,Andhra Pradesh,Andhra Pradesh,RAJAHMUNDRY,RAJAHMUNDRY,"EAST GODAVARI(DISTRICT COLLECTOR, EAST GODAVARI)","EAST GODAVARI(DISTRICT COLLECTOR, EAST GODAVARI)",Trust and Society,Trust and Society,5000000,Recommended,Recommended,2025-03-12T00:00:00.000Z,2025,Lok Sabha,18,0,False,0,0,Hospital building in Sri Vivekananda Maharogi Arogya Kendram at Bommuru Village,Hospital building in Sri Vivekananda Maharogi Arogya Kendram at Bommuru Village,,Daggubati Purandeshwari,,RAJAHMUNDRY,5000000,2025-03-12T00:00:00.000Z,2025-03-12 00:00:00+00:00,538
180801,Andhra Pradesh,Andhra Pradesh,MACHILIPATNAM,MACHILIPATNAM,KRISHNA(DISTRICT COLLECTOR KRISHNA_IDA),KRISHNA(DISTRICT COLLECTOR KRISHNA_IDA),Repair and Renovation,Repair and Renovation,3000000,Recommended,Recommended,2025-03-10T00:00:00.000Z,2025,Lok Sabha,18,0,True,2168199,1,Repairs to SS filters and recoupment of filter media in SS filers 2 numbers of PWS scheme,Repairs to SS filters and recoupment of filter media in SS filers 2 numbers of PWS scheme,,Balashowry Vallabbhaneni,,MACHILIPATNAM,3000000,2025-03-10T00:00:00.000Z,2025-03-10 00:00:00+00:00,540
157527,Andhra Pradesh,Andhra Pradesh,ANANTAPUR,ANANTAPUR,Ananthapuramu(DISTRICT COLLECTOR ANANTAPUR_IDA),Ananthapuramu(DISTRICT COLLECTOR ANANTAPUR_IDA),Normal/Others,Normal/Others,500000,Recommended,Recommended,2024-12-09T00:00:00.000Z,2024,Lok Sabha,18,0,True,499613,1,Providing Bus Sheltar at Chennampalli village of  Kambadur Mandal,Providing Bus Sheltar at Chennampalli village of  Kambadur Mandal,,AMBICA G LAKSHMINARAYANA VALMIKI,,ANANTAPUR,500000,2024-12-09T00:00:00.000Z,2024-12-09 00:00:00+00:00,631
180804,Andhra Pradesh,Andhra Pradesh,MACHILIPATNAM,MACHILIPATNAM,KRISHNA(DISTRICT COLLECTOR KRISHNA_IDA),KRISHNA(DISTRICT COLLECTOR KRISHNA_IDA),Repair and Renovation,Repair and Renovation,900000,Recommended,Recommended,2025-03-10T00:00:00.000Z,2025,Lok Sabha,18,0,True,654660,1,Recoupment of filter media to SS filters 1 number of PWS scheme in Vadlamannadu village of Gudlavalleru Mandal in Krishna District,Recoupment of filter media to SS filters 1 number of PWS scheme in Vadlamannadu village of Gudlavalleru Mandal in Krishna District,,Balashowry Vallabbhaneni,,MACHILIPATNAM,900000,2025-03-10T00:00:00.000Z,2025-03-10 00:00:00+00:00,540
1360,Andhra Pradesh,Andhra Pradesh,TIRUPATI,TIRUPATI,Sri Potti Sriramulu Nellore(DISTRICT COLLECTOR NELLORE_IDA),Sri Potti Sriramulu Nellore(DISTRICT COLLECTOR NELLORE_IDA),Normal/Others,Normal/Others,499451,Recommended,Recommended,2025-06-16T00:00:00.000Z,2025,Lok Sabha,18,0,False,0,0,"Construction of CC Road from Leburu Ankalamma Temple to Pallipadu Road of Lebur village in Indukurpeta Mandal, SPS Nellore District.","Construction of CC Road from Leburu Ankalamma Temple to Pallipadu Road of Lebur village in Indukurpeta Mandal, SPS Nellore District.",,Maddila Gurumoorthy,,TIRUPATI,499451,2025-06-16T00:00:00.000Z,2025-06-16 00:00:00+00:00,442
182047,Andhra Pradesh,Andhra Pradesh,KADAPA,KADAPA,Y.S.R. Kadapa(DISTRICT COLLECTOR CUDDAPAH_IDA),Y.S.R. Kadapa(DISTRICT COLLECTOR CUDDAPAH_IDA),Normal/Others,Normal/Others,499000,Recommended,Recommended,2025-04-04T00:00:00.000Z,2025,Lok Sabha,18,0,False,0,0,Fromation of Gravel Road from BC Colony Yerragandu Veerareddy fields to  other locations in Thavvaraipalli  of Khajipeta,Fromation of Gravel Road from BC Colony Yerragandu Veerareddy fields to  other locations in Thavvaraipalli  of Khajipeta,,Y S Avinash Reddy,,KADAPA,499000,2025-04-04T00:00:00.000Z,2025-04-04 00:00:00+00:00,515
157627,Andhra Pradesh,Andhra Pradesh,RAJAMPET,RAJAMPET,Annamayya(DISTRICT COLLECTOR ANNAMAYYA_IDA),Annamayya(DISTRICT COLLECTOR ANNAMAYYA_IDA),Normal/Others,Normal/Others,180000,Recommended,Recommended,2024-12-09T00:00:00.000Z,2024,Lok Sabha,18,0,False,0,0,"Providing Borewell at Near Panchayath Office, Ananthaiahgaripalli  (V&G.P)","Providing Borewell at Near Panchayath Office, Ananthaiahgaripalli  (V&G.P)",,Midhun Reddy,,RAJAMPET,180000,2024-12-09T00:00:00.000Z,2024-12-09 00:00:00+00:00,631
182159,Andhra Pradesh,Andhra Pradesh,KAKINADA,KAKINADA,Kakinada(DISTRICT COLLECTOR KAKINADA_IDA),Kakinada(DISTRICT COLLECTOR KAKINADA_IDA),Normal/Others,Normal/Others,500000,Recommended,Recommended,2025-03-15T00:00:00.000Z,2025,Lok Sabha,18,0,True,496902,1,Construction of Compound wall to Burial Ground at North and East side,Construction of Compound wall to Burial Ground at North and East side,,TANGELLA UDAY SRINIVAS,,KAKINADA,500000,2025-03-15T00:00:00.000Z,2025-03-15 00:00:00+00:00,535
182164,Andhra Pradesh,Andhra Pradesh,KAKINADA,KAKINADA,Kakinada(DISTRICT COLLECTOR KAKINADA_IDA),Kakinada(DISTRICT COLLECTOR KAKINADA_IDA),Normal/Others,Normal/Others,2000000,Recommended,Recommended,2025-03-15T00:00:00.000Z,2025,Lok Sabha,18,0,True,1664113,1,Construction of Community Hall at 28th Ward,Construction of Community Hall at 28th Ward,,TANGELLA UDAY SRINIVAS,,KAKINADA,2000000,2025-03-15T00:00:00.000Z,2025-03-15 00:00:00+00:00,535
157652,Andhra Pradesh,Andhra Pradesh,RAJAMPET,RAJAMPET,Annamayya(DISTRICT COLLECTOR ANNAMAYYA_IDA),Annamayya(DISTRICT COLLECTOR ANNAMAYYA_IDA),Normal/Others,Normal/Others,150000,Recommended,Recommended,2024-12-09T00:00:00.000Z,2024,Lok Sabha,18,0,False,0,0,"Providing 10 HP Motor & Pump set and G.I Pipes at Eguvarajuvaripalli (V), Reddivaripalli (G.P)","Providing 10 HP Motor & Pump set and G.I Pipes at Eguvarajuvaripalli (V), Reddivaripalli (G.P)",,Midhun Reddy,,RAJAMPET,150000,2024-12-09T00:00:00.000Z,2024-12-09 00:00:00+00:00,631
182167,Andhra Pradesh,Andhra Pradesh,KAKINADA,KAKINADA,Kakinada(DISTRICT COLLECTOR KAKINADA_IDA),Kakinada(DISTRICT COLLECTOR KAKINADA_IDA),Normal/Others,Normal/Others,500000,Recommended,Recommended,2025-03-15T00:00:00.000Z,2025,Lok Sabha,18,0,False,0,0,Construction of Market shed at 6th ward,Construction of Market shed at 6th ward,,TANGELLA UDAY SRINIVAS,,KAKINADA,500000,2025-03-15T00:00:00.000Z,2025-03-15 00:00:00+00:00,535
175556,Andaman And Nicobar Islands,Andaman And Nicobar Islands,ANDAMAN AND NICOBAR ISLANDS,ANDAMAN AND NICOBAR ISLANDS,SOUTH ANDAMANS(Implementing District Authority(SA)),SOUTH ANDAMANS(Implementing District Authority(SA)),Repair and Renovation,Repair and Renovation,4947034,Recommended,Recommended,2025-02-14T00:00:00.000Z,2025,Lok Sabha,18,0,True,3655060,1,"Repair and renovation of road from CPWD complex, Ranchi Tikrey Dairyfarm to Fisheries Quarter, Port Blair","Repair and renovation of road from CPWD complex, Ranchi Tikrey Dairyfarm to Fisheries Quarter, Port Blair",,BISHNU PADA RAY,,ANDAMAN AND NICOBAR ISLANDS,4947034,2025-02-14T00:00:00.000Z,2025-02-14 00:00:00+00:00,564
175561,Andaman And Nicobar Islands,Andaman And Nicobar Islands,ANDAMAN AND NICOBAR ISLANDS,ANDAMAN AND NICOBAR ISLANDS,SOUTH ANDAMANS(Implementing District Authority(SA)),SOUTH ANDAMANS(Implementing District Authority(SA)),Normal/Others,Normal/Others,1498887,Recommended,Recommended,2025-02-14T00:00:00.000Z,2025,Lok Sabha,18,0,True,1189292,1,"Construction of CC Motorable road between Govt. Primary School and Shri SK Singh house at Garacharma, Ward No.18, Port Blair","Construction of CC Motorable road between Govt. Primary School and Shri SK Singh house at Garacharma, Ward No.18, Port Blair",,BISHNU PADA RAY,,ANDAMAN AND NICOBAR ISLANDS,1498887,2025-02-14T00:00:00.000Z,2025-02-14 00:00:00+00:00,564
188528,Andaman And Nicobar Islands,Andaman And Nicobar Islands,ANDAMAN AND NICOBAR ISLANDS,ANDAMAN AND NICOBAR ISLANDS,SOUTH ANDAMANS(Implementing District Authority(SA)),SOUTH ANDAMANS(Implementing District Authority(SA)),Normal/Others,Normal/Others,1320600,Recommended,Recommended,2025-04-01T00:00:00.000Z,2025,Lok Sabha,18,0,True,803540,1,"Construction of CC drain from CPWD quarters to Fisheries Quarters via Sree Shaktivel Murugan Temple for a length of 350 mtrs at Ranci Tikrey, Dairy Farm, Ward No.9, SVP.","Construction of CC drain from CPWD quarters to Fisheries Quarters via Sree Shaktivel Murugan Temple for a length of 350 mtrs at Ranci Tikrey, Dairy Farm, Ward No.9, SVP.",,BISHNU PADA RAY,,ANDAMAN AND NICOBAR ISLANDS,1320600,2025-04-01T00:00:00.000Z,2025-04-01 00:00:00+00:00,518
899,Andhra Pradesh,Andhra Pradesh,TIRUPATI,TIRUPATI,Annamayya(DISTRICT COLLECTOR ANNAMAYYA_IDA),Annamayya(DISTRICT COLLECTOR ANNAMAYYA_IDA),Normal/Others,Normal/Others,390388,Recommended,Recommended,2024-11-02T00:00:00.000Z,2024,Lok Sabha,18,0,False,0,0,"Construction of CC Road D. Narayana house to R&B road in Pullareddy Palli H/W (V), Anantha Samudram G.P. in Pullampeta Mandal.","Construction of CC Road D. Narayana house to R&B road in Pullareddy Palli H/W (V), Anantha Samudram G.P. in Pullampeta Mandal.",,Maddila Gurumoorthy,,TIRUPATI,390388,2024-11-02T00:00:00.000Z,2024-11-02 00:00:00+00:00,668
1489,Andhra Pradesh,Andhra Pradesh,ARAKU,ARAKU,"EAST GODAVARI(DISTRICT COLLECTOR, EAST GODAVARI)","EAST GODAVARI(DISTRICT COLLECTOR, EAST GODAVARI)",Normal/Others,Normal/Others,500000,Recommended,Recommended,2025-08-07T00:00:00.000Z,2025,Lok Sabha,18,0,False,0,0,construction of cc road from n16 road to kallepali venkataraju site of konthamuru,construction of cc road from n16 road to kallepali venkataraju site of konthamuru,,Gumma Thanuja Rani,,ARAKU,500000,2025-08-07T00:00:00.000Z,2025-08-07 00:00:00+00:00,390
141551,Andhra Pradesh,Andhra Pradesh,CHITTOOR,CHITTOOR,Tirupati(DISTRICT COLLECTOR TIRUPATI_IDA),Tirupati(DISTRICT COLLECTOR TIRUPATI_IDA),Normal/Others,Normal/Others,490000,Recommended,Recommended,2024-09-18T00:00:00.000Z,2024,Lok Sabha,18,0,False,0,0,"Construction of WBM Road from Jimkalamitta SC Colony to Snam alloys Pvt. Link road at Jimkalamitta Village, Damalacheruvu GP of Pakala Mandal, Chandragiri Constituency.","Construction of WBM Road from Jimkalamitta SC Colony to Snam alloys Pvt. Link road at Jimkalamitta Village, Damalacheruvu GP of Pakala Mandal, Chandragiri Constituency.",,DAGGUMALLA PRASADA RAO,,CHITTOOR,490000,2024-09-18T00:00:00.000Z,2024-09-18 00:00:00+00:00,713
161715,Andhra Pradesh,Andhra Pradesh,TIRUPATI,TIRUPATI,Tirupati(DISTRICT COLLECTOR TIRUPATI_IDA),Tirupati(DISTRICT COLLECTOR TIRUPATI_IDA),Normal/Others,Normal/Others,180000,Recommended,Recommended,2024-12-27T00:00:00.000Z,2024,Lok Sabha,18,0,False,0,0,Providing street lights and fixtures at Irugulam in Satyavedu Mandal.,Providing street lights and fixtures at Irugulam in Satyavedu Mandal.,,Maddila Gurumoorthy,,TIRUPATI,180000,2024-12-27T00:00:00.000Z,2024-12-27 00:00:00+00:00,613
199552,Andhra Pradesh,Andhra Pradesh,TIRUPATI,TIRUPATI,Tirupati(DISTRICT COLLECTOR TIRUPATI_IDA),Tirupati(DISTRICT COLLECTOR TIRUPATI_IDA),Normal/Others,Normal/Others,300000,Recommended,Recommended,2025-05-19T00:00:00.000Z,2025,Lok Sabha,18,0,True,299331,1,Construction of CC Open Drain with cover slab from Mekapilla Guravaiah house to gonu Thirupalaiah house at Akkurthy HW Ho Akkurthy GP in Srikalahasthi Mandal.,Construction of CC Open Drain with cover slab from Mekapilla Guravaiah house to gonu Thirupalaiah house at Akkurthy HW Ho Akkurthy GP in Srikalahasthi Mandal.,,Maddila Gurumoorthy,,TIRUPATI,300000,2025-05-19T00:00:00.000Z,2025-05-19 00:00:00+00:00,470
182352,Andhra Pradesh,Andhra Pradesh,GUNTUR,GUNTUR,GUNTUR(DISTRICT COLLECTOR GUNTUR_IDA),GUNTUR(DISTRICT COLLECTOR GUNTUR_IDA),Normal/Others,Normal/Others,2500000,Recommended,Recommended,2025-03-30T00:00:00.000Z,2025,Lok Sabha,18,0,False,0,0,"Providing ceremony rooms location at burial ground in Angalakuduru village of Tenali Mandal, Guntur District","Providing ceremony rooms location at burial ground in Angalakuduru village of Tenali Mandal, Guntur District",,Dr Chandra Sekhar Pemmasani,,GUNTUR,2500000,2025-03-30T00:00:00.000Z,2025-03-30 00:00:00+00:00,520
183349,Andhra Pradesh,Andhra Pradesh,ELURU,ELURU,Eluru(DISTRICT COLLECTOR ELURU_IDA),Eluru(DISTRICT COLLECTOR ELURU_IDA),Normal/Others,Normal/Others,250000,Recommended,Recommended,2025-03-18T00:00:00.000Z,2025,Lok Sabha,18,0,True,235134,1,Extension Of Pipe Line at Nagendra Swamy Temple in Danagudem Road of Kaikalur Village.,Extension Of Pipe Line at Nagendra Swamy Temple in Danagudem Road of Kaikalur Village.,,Putta Mahesh Kumar,,ELURU,250000,2025-03-18T00:00:00.000Z,2025-03-18 00:00:00+00:00,532
158196,Andhra Pradesh,Andhra Pradesh,NANDYAL,NANDYAL,Nandyal(DISTRICT COLLECTOR NANDYAL_IDA),Nandyal(DISTRICT COLLECTOR NANDYAL_IDA),Normal/Others,Normal/Others,500000,Recommended,Recommended,2024-12-12T00:00:00.000Z,2024,Lok Sabha,18,0,False,0,0,"Establishment of a Mineral Water Plant in Thudicherla Village, Jupad Bunglow Mandal with a budget allocation of ?5,00,000 to ensure access to safe drinking water for the residents.","Establishment of a Mineral Water Plant in Thudicherla Village, Jupad Bunglow Mandal with a budget allocation of ?5,00,000 to ensure access to safe drinking water for the residents.",,DR BYREDDY SHABARI,,NANDYAL,500000,2024-12-12T00:00:00.000Z,2024-12-12 00:00:00+00:00,628
183409,Andhra Pradesh,Andhra Pradesh,ELURU,ELURU,Eluru(DISTRICT COLLECTOR ELURU_IDA),Eluru(DISTRICT COLLECTOR ELURU_IDA),Normal/Others,Normal/Others,280000,Recommended,Recommended,2025-03-18T00:00:00.000Z,2025,Lok Sabha,18,0,False,0,0,The DC estimate is for Shofting of 160 Mts.33KV Line Duly Erecting 150Mts.33KV line on 33KV Vangayagudem-Santhoshnagar-Santhinagar Feeder,The DC estimate is for Shofting of 160 Mts.33KV Line Duly Erecting 150Mts.33KV line on 33KV Vangayagudem-Santhoshnagar-Santhinagar Feeder,,Putta Mahesh Kumar,,ELURU,280000,2025-03-18T00:00:00.000Z,2025-03-18 00:00:00+00:00,532
1362,Andhra Pradesh,Andhra Pradesh,TIRUPATI,TIRUPATI,Annamayya(DISTRICT COLLECTOR ANNAMAYYA_IDA),Annamayya(DISTRICT COLLECTOR ANNAMAYYA_IDA),Normal/Others,Normal/Others,1767296,Recommended,Recommended,2025-06-16T00:00:00.000Z,2025,Lok Sabha,18,0,False,0,0,"Providing CC Road and Culvert from Bujji Basha house to KM Palli, Veeraballi GP and Mandal, Annamayya District.","Providing CC Road and Culvert from Bujji Basha house to KM Palli, Veeraballi GP and Mandal, Annamayya District.",,Maddila Gurumoorthy,,TIRUPATI,1767296,2025-06-16T00:00:00.000Z,2025-06-16 00:00:00+00:00,442
185211,Andhra Pradesh,Andhra Pradesh,ELURU,ELURU,Eluru(DISTRICT COLLECTOR ELURU_IDA),Eluru(DISTRICT COLLECTOR ELURU_IDA),Repair and Renovation,Repair and Renovation,2500000,Recommended,Recommended,2025-03-21T00:00:00.000Z,2025,Lok Sabha,18,0,False,0,0,"Renovation and Repairs of Girls Hostel Building of SSR Govt,P.E.T College in Gopannapalem(V) Denduluru(M)","Renovation and Repairs of Girls Hostel Building of SSR Govt,P.E.T College in Gopannapalem(V) Denduluru(M)",,Putta Mahesh Kumar,,ELURU,2500000,2025-03-21T00:00:00.000Z,2025-03-21 00:00:00+00:00,529
158437,Andhra Pradesh,Andhra Pradesh,NANDYAL,NANDYAL,Nandyal(DISTRICT COLLECTOR NANDYAL_IDA),Nandyal(DISTRICT COLLECTOR NANDYAL_IDA),Normal/Others,Normal/Others,500000,Recommended,Recommended,2024-12-13T00:00:00.000Z,2024,Lok Sabha,18,0,True,499622,1,"Establishment of a mineral water plant in Pedda Gummadapuram Village of Kothapalle Mandal to provide safe and clean drinking water, ensuring improved public health, hygiene, and accessibility to potable water for the residents.","Establishment of a mineral water plant in Pedda Gummadapuram Village of Kothapalle Mandal to provide safe and clean drinking water, ensuring improved public health, hygiene, and accessibility to potable water for the residents.",,DR BYREDDY SHABARI,,NANDYAL,500000,2024-12-13T00:00:00.000Z,2024-12-13 00:00:00+00:00,627
186736,Andhra Pradesh,Andhra Pradesh,BAPATLA,BAPATLA,Bapatla(DISTRICT COLLECTOR BAPATLA_IDA),Bapatla(DISTRICT COLLECTOR BAPATLA_IDA),Normal/Others,Normal/Others,1000000,Recommended,Recommended,2025-03-26T00:00:00.000Z,2025,Lok Sabha,18,0,False,0,0,"Purchase of IT Systems including hardware and software for education purpose in Bapatla Municipal High School, Bapatla Municipality","Purchase of IT Systems including hardware and software for education purpose in Bapatla Municipal High School, Bapatla Municipality",,Krishna Prasad Tenneti,,BAPATLA,1000000,2025-03-26T00:00:00.000Z,2025-03-26 00:00:00+00:00,524
188548,Andhra Pradesh,Andhra Pradesh,RAJAMPET,RAJAMPET,CHITTOOR(DISTRICT COLLECTOR CHITTOOR_IDA),CHITTOOR(DISTRICT COLLECTOR CHITTOOR_IDA),Normal/Others,Normal/Others,200000,Recommended,Recommended,2025-04-01T00:00:00.000Z,2025,Lok Sabha,18,0,False,0,0,"Borewell at Palyam Near Ayyappa Swamy Temple, Palyam (G.P) Kallur","Borewell at Palyam Near Ayyappa Swamy Temple, Palyam (G.P) Kallur",,Midhun Reddy,,RAJAMPET,200000,2025-04-01T00:00:00.000Z,2025-04-01 00:00:00+00:00,518
158753,Andhra Pradesh,Andhra Pradesh,NANDYAL,NANDYAL,Nandyal(DISTRICT COLLECTOR NANDYAL_IDA),Nandyal(DISTRICT COLLECTOR NANDYAL_IDA),Normal/Others,Normal/Others,500000,Recommended,Recommended,2024-12-14T00:00:00.000Z,2024,Lok Sabha,18,0,False,0,0,"Setting up a mineral water plant in Veerapuram hamlet, Guvvalakuntla village, Kothapalli Mandal, to provide clean drinking water. Activities include installation of purification systems, quality testing, and local employment generation. The project aims to improve public health and ensure sustainable access to safe water","Setting up a mineral water plant in Veerapuram hamlet, Guvvalakuntla village, Kothapalli Mandal, to provide clean drinking water. Activities include installation of purification systems, quality testing, and local employment generation. The project aims to improve public health and ensure sustainable access to safe water",,DR BYREDDY SHABARI,,NANDYAL,500000,2024-12-14T00:00:00.000Z,2024-12-14 00:00:00+00:00,626
188554,Andhra Pradesh,Andhra Pradesh,RAJAMPET,RAJAMPET,Annamayya(DISTRICT COLLECTOR ANNAMAYYA_IDA),Annamayya(DISTRICT COLLECTOR ANNAMAYYA_IDA),Normal/Others,Normal/Others,200000,Recommended,Recommended,2025-04-01T00:00:00.000Z,2025,Lok Sabha,18,0,False,0,0,Providing Borewell at Nadimbattuvaripalli (V) Ratiguntapalli GP,Providing Borewell at Nadimbattuvaripalli (V) Ratiguntapalli GP,,Midhun Reddy,,RAJAMPET,200000,2025-04-01T00:00:00.000Z,2025-04-01 00:00:00+00:00,518
189406,Andhra Pradesh,Andhra Pradesh,GUNTUR,GUNTUR,GUNTUR(DISTRICT COLLECTOR GUNTUR_IDA),GUNTUR(DISTRICT COLLECTOR GUNTUR_IDA),Normal/Others,Normal/Others,661000,Recommended,Recommended,2025-04-04T00:00:00.000Z,2025,Lok Sabha,18,0,True,661000,1,"Small Animals Anaesthetic Machine with ventilator and with Isoflurane vaporizer for Govt Veterinary Poly Clinic, Guntur","Small Animals Anaesthetic Machine with ventilator and with Isoflurane vaporizer for Govt Veterinary Poly Clinic, Guntur",,Dr Chandra Sekhar Pemmasani,,GUNTUR,661000,2025-04-04T00:00:00.000Z,2025-04-04 00:00:00+00:00,515
160022,Andhra Pradesh,Andhra Pradesh,NANDYAL,NANDYAL,Nandyal(DISTRICT COLLECTOR NANDYAL_IDA),Nandyal(DISTRICT COLLECTOR NANDYAL_IDA),Normal/Others,Normal/Others,500000,Recommended,Recommended,2024-12-20T00:00:00.000Z,2024,Lok Sabha,18,0,True,499912,1,New Formation of approach roads with Gravel surface from Nandyal BT Road to Allagadda polimera stone (allagadda rastha)   of Thalamudipi (V&GP) of  Midthur(M) in Nandyal District.,New Formation of approach roads with Gravel surface from Nandyal BT Road to Allagadda polimera stone (allagadda rastha)   of Thalamudipi (V&GP) of  Midthur(M) in Nandyal District.,,DR BYREDDY SHABARI,,NANDYAL,500000,2024-12-20T00:00:00.000Z,2024-12-20 00:00:00+00:00,620
191639,Andhra Pradesh,Andhra Pradesh,KADAPA,KADAPA,Y.S.R. Kadapa(DISTRICT COLLECTOR CUDDAPAH_IDA),Y.S.R. Kadapa(DISTRICT COLLECTOR CUDDAPAH_IDA),Normal/Others,Normal/Others,300000,Recommended,Recommended,2025-05-27T00:00:00.000Z,2025,Lok Sabha,18,0,True,275219,1,"Providing RO Water Plant Machinary Equipment to Theluru Village, Thoudur Mandal, YSR District","Providing RO Water Plant Machinary Equipment to Theluru Village, Thoudur Mandal, YSR District",,Y S Avinash Reddy,,KADAPA,300000,2025-05-27T00:00:00.000Z,2025-05-27 00:00:00+00:00,462
191641,Andhra Pradesh,Andhra Pradesh,KADAPA,KADAPA,Y.S.R. Kadapa(DISTRICT COLLECTOR CUDDAPAH_IDA),Y.S.R. Kadapa(DISTRICT COLLECTOR CUDDAPAH_IDA),Normal/Others,Normal/Others,497000,Recommended,Recommended,2025-05-27T00:00:00.000Z,2025,Lok Sabha,18,0,True,496813,1,"Fromation of Gravel Road from Lomada Bharadrampalli Village Road to Kullayappa Fields of  1.5km, Lomada Village, Simhadripuram Mandal, YSR District.","Fromation of Gravel Road from Lomada Bharadrampalli Village Road to Kullayappa Fields of  1.5km, Lomada Village, Simhadripuram Mandal, YSR District.",,Y S Avinash Reddy,,KADAPA,497000,2025-05-27T00:00:00.000Z,2025-05-27 00:00:00+00:00,462
160181,Andhra Pradesh,Andhra Pradesh,NANDYAL,NANDYAL,Nandyal(DISTRICT COLLECTOR NANDYAL_IDA),Nandyal(DISTRICT COLLECTOR NANDYAL_IDA),Normal/Others,Normal/Others,200000,Recommended,Recommended,2024-12-20T00:00:00.000Z,2024,Lok Sabha,18,0,True,159143,1,Construction of Compound wall to Burial Ground  (Bit 2) in Malyala village of Nandikotkur Mandal,Construction of Compound wall to Burial Ground  (Bit 2) in Malyala village of Nandikotkur Mandal,,DR BYREDDY SHABARI,,NANDYAL,200000,2024-12-20T00:00:00.000Z,2024-12-20 00:00:00+00:00,620
191940,Andhra Pradesh,Andhra Pradesh,RAJAMPET,RAJAMPET,CHITTOOR(DISTRICT COLLECTOR CHITTOOR_IDA),CHITTOOR(DISTRICT COLLECTOR CHITTOOR_IDA),Normal/Others,Normal/Others,300000,Recommended,Recommended,2025-04-21T00:00:00.000Z,2025,Lok Sabha,18,0,False,0,0,Development works to Bus Shelter in Sodum,Development works to Bus Shelter in Sodum,,Midhun Reddy,,RAJAMPET,300000,2025-04-21T00:00:00.000Z,2025-04-21 00:00:00+00:00,498
1409,Andhra Pradesh,Andhra Pradesh,TIRUPATI,TIRUPATI,Annamayya(DISTRICT COLLECTOR ANNAMAYYA_IDA),Annamayya(DISTRICT COLLECTOR ANNAMAYYA_IDA),Normal/Others,Normal/Others,450000,Recommended,Recommended,2025-06-28T00:00:00.000Z,2025,Lok Sabha,18,0,False,0,0,Providing Internal CC Road from Kuncham Srinivasulu House to Alakunta Venkata Subbamma House at Vadde Colony of H. Kothapalli GP of Rajampet Mandal.,Providing Internal CC Road from Kuncham Srinivasulu House to Alakunta Venkata Subbamma House at Vadde Colony of H. Kothapalli GP of Rajampet Mandal.,,Maddila Gurumoorthy,,TIRUPATI,450000,2025-06-28T00:00:00.000Z,2025-06-28 00:00:00+00:00,430
191945,Andhra Pradesh,Andhra Pradesh,RAJAMPET,RAJAMPET,CHITTOOR(DISTRICT COLLECTOR CHITTOOR_IDA),CHITTOOR(DISTRICT COLLECTOR CHITTOOR_IDA),Normal/Others,Normal/Others,125000,Recommended,Recommended,2025-04-21T00:00:00.000Z,2025,Lok Sabha,18,0,False,0,0,Providing Pipe Line Near MDO Office Sodum,Providing Pipe Line Near MDO Office Sodum,,Midhun Reddy,,RAJAMPET,125000,2025-04-21T00:00:00.000Z,2025-04-21 00:00:00+00:00,498
175556,Andaman And Nicobar Islands,Andaman And Nicobar Islands,ANDAMAN AND NICOBAR ISLANDS,ANDAMAN AND NICOBAR ISLANDS,SOUTH ANDAMANS(Implementing District Authority(SA)),SOUTH ANDAMANS(Implementing District Authority(SA)),Repair and Renovation,Repair and Renovation,4947034,Recommended,Recommended,2025-02-14T00:00:00.000Z,2025,Lok Sabha,18,0,True,3655060,1,"Repair and renovation of road from CPWD complex, Ranchi Tikrey Dairyfarm to Fisheries Quarter, Port Blair","Repair and renovation of road from CPWD complex, Ranchi Tikrey Dairyfarm to Fisheries Quarter, Port Blair",,BISHNU PADA RAY,,ANDAMAN AND NICOBAR ISLANDS,4947034,2025-02-14T00:00:00.000Z,2025-02-14 00:00:00+00:00,564
175561,Andaman And Nicobar Islands,Andaman And Nicobar Islands,ANDAMAN AND NICOBAR ISLANDS,ANDAMAN AND NICOBAR ISLANDS,SOUTH ANDAMANS(Implementing District Authority(SA)),SOUTH ANDAMANS(Implementing District Authority(SA)),Normal/Others,Normal/Others,1498887,Recommended,Recommended,2025-02-14T00:00:00.000Z,2025,Lok Sabha,18,0,True,1189292,1,"Construction of CC Motorable road between Govt. Primary School and Shri SK Singh house at Garacharma, Ward No.18, Port Blair","Construction of CC Motorable road between Govt. Primary School and Shri SK Singh house at Garacharma, Ward No.18, Port Blair",,BISHNU PADA RAY,,ANDAMAN AND NICOBAR ISLANDS,1498887,2025-02-14T00:00:00.000Z,2025-02-14 00:00:00+00:00,564
188528,Andaman And Nicobar Islands,Andaman And Nicobar Islands,ANDAMAN AND NICOBAR ISLANDS,ANDAMAN AND NICOBAR ISLANDS,SOUTH ANDAMANS(Implementing District Authority(SA)),SOUTH ANDAMANS(Implementing District Authority(SA)),Normal/Others,Normal/Others,1320600,Recommended,Recommended,2025-04-01T00:00:00.000Z,2025,Lok Sabha,18,0,True,803540,1,"Construction of CC drain from CPWD quarters to Fisheries Quarters via Sree Shaktivel Murugan Temple for a length of 350 mtrs at Ranci Tikrey, Dairy Farm, Ward No.9, SVP.","Construction of CC drain from CPWD quarters to Fisheries Quarters via Sree Shaktivel Murugan Temple for a length of 350 mtrs at Ranci Tikrey, Dairy Farm, Ward No.9, SVP.",,BISHNU PADA RAY,,ANDAMAN AND NICOBAR ISLANDS,1320600,2025-04-01T00:00:00.000Z,2025-04-01 00:00:00+00:00,518
899,Andhra Pradesh,Andhra Pradesh,TIRUPATI,TIRUPATI,Annamayya(DISTRICT COLLECTOR ANNAMAYYA_IDA),Annamayya(DISTRICT COLLECTOR ANNAMAYYA_IDA),Normal/Others,Normal/Others,390388,Recommended,Recommended,2024-11-02T00:00:00.000Z,2024,Lok Sabha,18,0,False,0,0,"Construction of CC Road D. Narayana house to R&B road in Pullareddy Palli H/W (V), Anantha Samudram G.P. in Pullampeta Mandal.","Construction of CC Road D. Narayana house to R&B road in Pullareddy Palli H/W (V), Anantha Samudram G.P. in Pullampeta Mandal.",,Maddila Gurumoorthy,,TIRUPATI,390388,2024-11-02T00:00:00.000Z,2024-11-02 00:00:00+00:00,668
1489,Andhra Pradesh,Andhra Pradesh,ARAKU,ARAKU,"EAST GODAVARI(DISTRICT COLLECTOR, EAST GODAVARI)","EAST GODAVARI(DISTRICT COLLECTOR, EAST GODAVARI)",Normal/Others,Normal/Others,500000,Recommended,Recommended,2025-08-07T00:00:00.000Z,2025,Lok Sabha,18,0,False,0,0,construction of cc road from n16 road to kallepali venkataraju site of konthamuru,construction of cc road from n16 road to kallepali venkataraju site of konthamuru,,Gumma Thanuja Rani,,ARAKU,500000,2025-08-07T00:00:00.000Z,2025-08-07 00:00:00+00:00,390
141551,Andhra Pradesh,Andhra Pradesh,CHITTOOR,CHITTOOR,Tirupati(DISTRICT COLLECTOR TIRUPATI_IDA),Tirupati(DISTRICT COLLECTOR TIRUPATI_IDA),Normal/Others,Normal/Others,490000,Recommended,Recommended,2024-09-18T00:00:00.000Z,2024,Lok Sabha,18,0,False,0,0,"Construction of WBM Road from Jimkalamitta SC Colony to Snam alloys Pvt. Link road at Jimkalamitta Village, Damalacheruvu GP of Pakala Mandal, Chandragiri Constituency.","Construction of WBM Road from Jimkalamitta SC Colony to Snam alloys Pvt. Link road at Jimkalamitta Village, Damalacheruvu GP of Pakala Mandal, Chandragiri Constituency.",,DAGGUMALLA PRASADA RAO,,CHITTOOR,490000,2024-09-18T00:00:00.000Z,2024-09-18 00:00:00+00:00,713
161715,Andhra Pradesh,Andhra Pradesh,TIRUPATI,TIRUPATI,Tirupati(DISTRICT COLLECTOR TIRUPATI_IDA),Tirupati(DISTRICT COLLECTOR TIRUPATI_IDA),Normal/Others,Normal/Others,180000,Recommended,Recommended,2024-12-27T00:00:00.000Z,2024,Lok Sabha,18,0,False,0,0,Providing street lights and fixtures at Irugulam in Satyavedu Mandal.,Providing street lights and fixtures at Irugulam in Satyavedu Mandal.,,Maddila Gurumoorthy,,TIRUPATI,180000,2024-12-27T00:00:00.000Z,2024-12-27 00:00:00+00:00,613
199552,Andhra Pradesh,Andhra Pradesh,TIRUPATI,TIRUPATI,Tirupati(DISTRICT COLLECTOR TIRUPATI_IDA),Tirupati(DISTRICT COLLECTOR TIRUPATI_IDA),Normal/Others,Normal/Others,300000,Recommended,Recommended,2025-05-19T00:00:00.000Z,2025,Lok Sabha,18,0,True,299331,1,Construction of CC Open Drain with cover slab from Mekapilla Guravaiah house to gonu Thirupalaiah house at Akkurthy HW Ho Akkurthy GP in Srikalahasthi Mandal.,Construction of CC Open Drain with cover slab from Mekapilla Guravaiah house to gonu Thirupalaiah house at Akkurthy HW Ho Akkurthy GP in Srikalahasthi Mandal.,,Maddila Gurumoorthy,,TIRUPATI,300000,2025-05-19T00:00:00.000Z,2025-05-19 00:00:00+00:00,470
191951,Andhra Pradesh,Andhra Pradesh,RAJAMPET,RAJAMPET,CHITTOOR(DISTRICT COLLECTOR CHITTOOR_IDA),CHITTOOR(DISTRICT COLLECTOR CHITTOOR_IDA),Normal/Others,Normal/Others,75000,Recommended,Recommended,2025-04-21T00:00:00.000Z,2025,Lok Sabha,18,0,False,0,0,Providing Pipe Line in Jogivaripalli (Village and GP),Providing Pipe Line in Jogivaripalli (Village and GP),,Midhun Reddy,,RAJAMPET,75000,2025-04-21T00:00:00.000Z,2025-04-21 00:00:00+00:00,498
160207,Andhra Pradesh,Andhra Pradesh,NANDYAL,NANDYAL,Nandyal(DISTRICT COLLECTOR NANDYAL_IDA),Nandyal(DISTRICT COLLECTOR NANDYAL_IDA),Normal/Others,Normal/Others,500000,Recommended,Recommended,2024-12-20T00:00:00.000Z,2024,Lok Sabha,18,0,True,499856,1,"""CC Road along with Drains from Boya Pullaiah House to Masjid  in
Tarigopula(v) of J.Bunglow(M)""","""CC Road along with Drains from Boya Pullaiah House to Masjid  in
Tarigopula(v) of J.Bunglow(M)""",,DR BYREDDY SHABARI,,NANDYAL,500000,2024-12-20T00:00:00.000Z,2024-12-20 00:00:00+00:00,620
191977,Andhra Pradesh,Andhra Pradesh,RAJAMPET,RAJAMPET,Annamayya(DISTRICT COLLECTOR ANNAMAYYA_IDA),Annamayya(DISTRICT COLLECTOR ANNAMAYYA_IDA),Normal/Others,Normal/Others,300000,Recommended,Recommended,2025-04-21T00:00:00.000Z,2025,Lok Sabha,18,0,False,0,0,Installing Borewell and Providing Motor in Palem Village Pathegadda GP,Installing Borewell and Providing Motor in Palem Village Pathegadda GP,,Midhun Reddy,,RAJAMPET,300000,2025-04-21T00:00:00.000Z,2025-04-21 00:00:00+00:00,498
191986,Andhra Pradesh,Andhra Pradesh,RAJAMPET,RAJAMPET,Annamayya(DISTRICT COLLECTOR ANNAMAYYA_IDA),Annamayya(DISTRICT COLLECTOR ANNAMAYYA_IDA),Normal/Others,Normal/Others,180000,Recommended,Recommended,2025-04-21T00:00:00.000Z,2025,Lok Sabha,18,0,False,0,0,"Borewell in Nakkaladinnevaddipalli (V), KV Palli (G.P)","Borewell in Nakkaladinnevaddipalli (V), KV Palli (G.P)",,Midhun Reddy,,RAJAMPET,180000,2025-04-21T00:00:00.000Z,2025-04-21 00:00:00+00:00,498
160291,Andhra Pradesh,Andhra Pradesh,NANDYAL,NANDYAL,Nandyal(DISTRICT COLLECTOR NANDYAL_IDA),Nandyal(DISTRICT COLLECTOR NANDYAL_IDA),Normal/Others,Normal/Others,500000,Recommended,Recommended,2024-12-20T00:00:00.000Z,2024,Lok Sabha,18,0,True,491698,1,Providing internal CC Road along with Drains Moulali (h) to Chakali Balanna(h)  in Pamulapadu(v)&(M),Providing internal CC Road along with Drains Moulali (h) to Chakali Balanna(h)  in Pamulapadu(v)&(M),,DR BYREDDY SHABARI,,NANDYAL,500000,2024-12-20T00:00:00.000Z,2024-12-20 00:00:00+00:00,620
191989,Andhra Pradesh,Andhra Pradesh,RAJAMPET,RAJAMPET,Annamayya(DISTRICT COLLECTOR ANNAMAYYA_IDA),Annamayya(DISTRICT COLLECTOR ANNAMAYYA_IDA),Normal/Others,Normal/Others,300000,Recommended,Recommended,2025-04-21T00:00:00.000Z,2025,Lok Sabha,18,0,False,0,0,New Borewell  and Motor at Diguvabattavaripalli BC Colony of Rathiguntapalli GP,New Borewell  and Motor at Diguvabattavaripalli BC Colony of Rathiguntapalli GP,,Midhun Reddy,,RAJAMPET,300000,2025-04-21T00:00:00.000Z,2025-04-21 00:00:00+00:00,498
192544,Andhra Pradesh,Andhra Pradesh,VIZIANAGARAM,VIZIANAGARAM,VIZIANAGARAM(DISTRICT COLLECTOR VIZIANAGARAM_IDA),VIZIANAGARAM(DISTRICT COLLECTOR VIZIANAGARAM_IDA),Normal/Others,Normal/Others,200000,Recommended,Recommended,2025-04-19T00:00:00.000Z,2025,Lok Sabha,18,0,False,0,0,Completion of Incomplete Anganwadi Building at Kotasirlam Gram Panchayat of Ramabhadrapuram Mandal,Completion of Incomplete Anganwadi Building at Kotasirlam Gram Panchayat of Ramabhadrapuram Mandal,,Appalanaidu Kalisetti,,VIZIANAGARAM,200000,2025-04-19T00:00:00.000Z,2025-04-19 00:00:00+00:00,500
160319,Andhra Pradesh,Andhra Pradesh,NANDYAL,NANDYAL,Nandyal(DISTRICT COLLECTOR NANDYAL_IDA),Nandyal(DISTRICT COLLECTOR NANDYAL_IDA),Normal/Others,Normal/Others,500000,Recommended,Recommended,2024-12-20T00:00:00.000Z,2024,Lok Sabha,18,0,False,0,0,Providing  CC Roads along with Drains and culverts in Byreddy Seshasayana Reddy Nagar and other areas of Parumanchala of  J.Bunglow Mandal.,Providing  CC Roads along with Drains and culverts in Byreddy Seshasayana Reddy Nagar and other areas of Parumanchala of  J.Bunglow Mandal.,,DR BYREDDY SHABARI,,NANDYAL,500000,2024-12-20T00:00:00.000Z,2024-12-20 00:00:00+00:00,620
193184,Andhra Pradesh,Andhra Pradesh,ARAKU,ARAKU,Parvathipuram Manyam(District Collector Parvathipuram Manyam_IDA),Parvathipuram Manyam(District Collector Parvathipuram Manyam_IDA),Normal/Others,Normal/Others,200000,Recommended,Recommended,2025-05-07T00:00:00.000Z,2025,Lok Sabha,18,0,True,200000,1,formation of gravel road from water pond to beemavarapu field at kavitibadra village,formation of gravel road from water pond to beemavarapu field at kavitibadra village,,Gumma Thanuja Rani,,ARAKU,200000,2025-05-07T00:00:00.000Z,2025-05-07 00:00:00+00:00,482
1411,Andhra Pradesh,Andhra Pradesh,TIRUPATI,TIRUPATI,Annamayya(DISTRICT COLLECTOR ANNAMAYYA_IDA),Annamayya(DISTRICT COLLECTOR ANNAMAYYA_IDA),Normal/Others,Normal/Others,300000,Recommended,Recommended,2025-06-28T00:00:00.000Z,2025,Lok Sabha,18,0,False,0,0,Providing Internal CC Road from Choppa Narasa Reddy House to Meda Raghava Reddy House at Medavaripalli of H. Kothapalli GP of Rajampet Mandal.,Providing Internal CC Road from Choppa Narasa Reddy House to Meda Raghava Reddy House at Medavaripalli of H. Kothapalli GP of Rajampet Mandal.,,Maddila Gurumoorthy,,TIRUPATI,300000,2025-06-28T00:00:00.000Z,2025-06-28 00:00:00+00:00,430
193217,Andhra Pradesh,Andhra Pradesh,ARAKU,ARAKU,Parvathipuram Manyam(District Collector Parvathipuram Manyam_IDA),Parvathipuram Manyam(District Collector Parvathipuram Manyam_IDA),Normal/Others,Normal/Others,500000,Recommended,Recommended,2025-05-07T00:00:00.000Z,2025,Lok Sabha,18,0,True,498266,1,construction of cc drain at EX-MLA house surroundings,construction of cc drain at EX-MLA house surroundings,,Gumma Thanuja Rani,,ARAKU,500000,2025-05-07T00:00:00.000Z,2025-05-07 00:00:00+00:00,482
160321,Andhra Pradesh,Andhra Pradesh,NANDYAL,NANDYAL,Nandyal(DISTRICT COLLECTOR NANDYAL_IDA),Nandyal(DISTRICT COLLECTOR NANDYAL_IDA),Normal/Others,Normal/Others,400000,Recommended,Recommended,2024-12-20T00:00:00.000Z,2024,Lok Sabha,18,0,True,385629,1,Providing  CC Roads along with Drains from  Peerla chavidi  to  Balaswamy house  in  of Tatipadu(v) of J.Bunglow Mandal.,Providing  CC Roads along with Drains from  Peerla chavidi  to  Balaswamy house  in  of Tatipadu(v) of J.Bunglow Mandal.,,DR BYREDDY SHABARI,,NANDYAL,400000,2024-12-20T00:00:00.000Z,2024-12-20 00:00:00+00:00,620
193228,Andhra Pradesh,Andhra Pradesh,ARAKU,ARAKU,Parvathipuram Manyam(District Collector Parvathipuram Manyam_IDA),Parvathipuram Manyam(District Collector Parvathipuram Manyam_IDA),Normal/Others,Normal/Others,300000,Recommended,Recommended,2025-05-07T00:00:00.000Z,2025,Lok Sabha,18,0,True,291724,1,construction of cc road from garava baburao house to sc street,construction of cc road from garava baburao house to sc street,,Gumma Thanuja Rani,,ARAKU,300000,2025-05-07T00:00:00.000Z,2025-05-07 00:00:00+00:00,482
194142,Andhra Pradesh,Andhra Pradesh,RAJAMPET,RAJAMPET,Annamayya(DISTRICT COLLECTOR ANNAMAYYA_IDA),Annamayya(DISTRICT COLLECTOR ANNAMAYYA_IDA),Normal/Others,Normal/Others,300000,Recommended,Recommended,2025-04-24T00:00:00.000Z,2025,Lok Sabha,18,0,False,0,0,Internal CC Roads in Kuravapalli Village Balamvaripalli GP,Internal CC Roads in Kuravapalli Village Balamvaripalli GP,,Midhun Reddy,,RAJAMPET,300000,2025-04-24T00:00:00.000Z,2025-04-24 00:00:00+00:00,495
160323,Andhra Pradesh,Andhra Pradesh,NANDYAL,NANDYAL,Nandyal(DISTRICT COLLECTOR NANDYAL_IDA),Nandyal(DISTRICT COLLECTOR NANDYAL_IDA),Normal/Others,Normal/Others,400000,Recommended,Recommended,2024-12-20T00:00:00.000Z,2024,Lok Sabha,18,0,True,397325,1,Providing  CC Roads along with Drains from  Kammari Srinivasulu   to  S.C.Colony  in  Mandlem(v) of J.Bunglow Mandal.,Providing  CC Roads along with Drains from  Kammari Srinivasulu   to  S.C.Colony  in  Mandlem(v) of J.Bunglow Mandal.,,DR BYREDDY SHABARI,,NANDYAL,400000,2024-12-20T00:00:00.000Z,2024-12-20 00:00:00+00:00,620
194412,Andhra Pradesh,Andhra Pradesh,KURNOOL,KURNOOL,KURNOOL(DISTRICT COLLECTOR KURNOOL_IDA),KURNOOL(DISTRICT COLLECTOR KURNOOL_IDA),Repair and Renovation,Repair and Renovation,500000,Recommended,Recommended,2025-04-25T00:00:00.000Z,2025,Lok Sabha,18,0,True,499202,1,"Repairs and Renovation at Hostel, Krishnagiri Mandal, Pattikonda Constituency","Repairs and Renovation at Hostel, Krishnagiri Mandal, Pattikonda Constituency",,BASTIPATI NAGARAJU PANCHALINGALA,,KURNOOL,500000,2025-04-25T00:00:00.000Z,2025-04-25 00:00:00+00:00,494
188526,Andaman And Nicobar Islands,Andaman And Nicobar Islands,ANDAMAN AND NICOBAR ISLANDS,ANDAMAN AND NICOBAR ISLANDS,NORTH AND MIDDLE ANDAMAN(Implementing District Authority(N&MA)),NORTH AND MIDDLE ANDAMAN(Implementing District Authority(N&MA)),Normal/Others,Normal/Others,2096539,Recommended,Recommended,2025-04-01T00:00:00.000Z,2025,Lok Sabha,18,0,False,0,0,"Construction of Culvert near Bejoli Maiti house at Ward No.1, Madhupur Gram Panchayat, Diglipur","Construction of Culvert near Bejoli Maiti house at Ward No.1, Madhupur Gram Panchayat, Diglipur",,BISHNU PADA RAY,,ANDAMAN AND NICOBAR ISLANDS,2096539,2025-04-01T00:00:00.000Z,2025-04-01 00:00:00+00:00,518
194505,Andhra Pradesh,Andhra Pradesh,RAJAHMUNDRY,RAJAHMUNDRY,"EAST GODAVARI(DISTRICT COLLECTOR, EAST GODAVARI)","EAST GODAVARI(DISTRICT COLLECTOR, EAST GODAVARI)",Normal/Others,Normal/Others,2500000,Recommended,Recommended,2025-05-09T00:00:00.000Z,2025,Lok Sabha,18,0,False,0,0,Construction of BC Community Hall at D.Muppavaram Village,Construction of BC Community Hall at D.Muppavaram Village,,Daggubati Purandeshwari,,RAJAHMUNDRY,2500000,2025-05-09T00:00:00.000Z,2025-05-09 00:00:00+00:00,480
161333,Andhra Pradesh,Andhra Pradesh,ARAKU,ARAKU,Alluri Sitharama Raju(DISTRICT COLLECTOR ALLURI SITHARAMARAJU_IDA),Alluri Sitharama Raju(DISTRICT COLLECTOR ALLURI SITHARAMARAJU_IDA),Normal/Others,Normal/Others,3000000,Recommended,Recommended,2024-12-27T00:00:00.000Z,2024,Lok Sabha,18,0,True,2997212,2,Construction of community centers and community halls,Construction of community centers and community halls,,Gumma Thanuja Rani,,ARAKU,3000000,2024-12-27T00:00:00.000Z,2024-12-27 00:00:00+00:00,613
175556,Andaman And Nicobar Islands,Andaman And Nicobar Islands,ANDAMAN AND NICOBAR ISLANDS,ANDAMAN AND NICOBAR ISLANDS,SOUTH ANDAMANS(Implementing District Authority(SA)),SOUTH ANDAMANS(Implementing District Authority(SA)),Repair and Renovation,Repair and Renovation,4947034,Recommended,Recommended,2025-02-14T00:00:00.000Z,2025,Lok Sabha,18,0,True,3655060,1,"Repair and renovation of road from CPWD complex, Ranchi Tikrey Dairyfarm to Fisheries Quarter, Port Blair","Repair and renovation of road from CPWD complex, Ranchi Tikrey Dairyfarm to Fisheries Quarter, Port Blair",,BISHNU PADA RAY,,ANDAMAN AND NICOBAR ISLANDS,4947034,2025-02-14T00:00:00.000Z,2025-02-14 00:00:00+00:00,564
175561,Andaman And Nicobar Islands,Andaman And Nicobar Islands,ANDAMAN AND NICOBAR ISLANDS,ANDAMAN AND NICOBAR ISLANDS,SOUTH ANDAMANS(Implementing District Authority(SA)),SOUTH ANDAMANS(Implementing District Authority(SA)),Normal/Others,Normal/Others,1498887,Recommended,Recommended,2025-02-14T00:00:00.000Z,2025,Lok Sabha,18,0,True,1189292,1,"Construction of CC Motorable road between Govt. Primary School and Shri SK Singh house at Garacharma, Ward No.18, Port Blair","Construction of CC Motorable road between Govt. Primary School and Shri SK Singh house at Garacharma, Ward No.18, Port Blair",,BISHNU PADA RAY,,ANDAMAN AND NICOBAR ISLANDS,1498887,2025-02-14T00:00:00.000Z,2025-02-14 00:00:00+00:00,564
188528,Andaman And Nicobar Islands,Andaman And Nicobar Islands,ANDAMAN AND NICOBAR ISLANDS,ANDAMAN AND NICOBAR ISLANDS,SOUTH ANDAMANS(Implementing District Authority(SA)),SOUTH ANDAMANS(Implementing District Authority(SA)),Normal/Others,Normal/Others,1320600,Recommended,Recommended,2025-04-01T00:00:00.000Z,2025,Lok Sabha,18,0,True,803540,1,"Construction of CC drain from CPWD quarters to Fisheries Quarters via Sree Shaktivel Murugan Temple for a length of 350 mtrs at Ranci Tikrey, Dairy Farm, Ward No.9, SVP.","Construction of CC drain from CPWD quarters to Fisheries Quarters via Sree Shaktivel Murugan Temple for a length of 350 mtrs at Ranci Tikrey, Dairy Farm, Ward No.9, SVP.",,BISHNU PADA RAY,,ANDAMAN AND NICOBAR ISLANDS,1320600,2025-04-01T00:00:00.000Z,2025-04-01 00:00:00+00:00,518
899,Andhra Pradesh,Andhra Pradesh,TIRUPATI,TIRUPATI,Annamayya(DISTRICT COLLECTOR ANNAMAYYA_IDA),Annamayya(DISTRICT COLLECTOR ANNAMAYYA_IDA),Normal/Others,Normal/Others,390388,Recommended,Recommended,2024-11-02T00:00:00.000Z,2024,Lok Sabha,18,0,False,0,0,"Construction of CC Road D. Narayana house to R&B road in Pullareddy Palli H/W (V), Anantha Samudram G.P. in Pullampeta Mandal.","Construction of CC Road D. Narayana house to R&B road in Pullareddy Palli H/W (V), Anantha Samudram G.P. in Pullampeta Mandal.",,Maddila Gurumoorthy,,TIRUPATI,390388,2024-11-02T00:00:00.000Z,2024-11-02 00:00:00+00:00,668
1489,Andhra Pradesh,Andhra Pradesh,ARAKU,ARAKU,"EAST GODAVARI(DISTRICT COLLECTOR, EAST GODAVARI)","EAST GODAVARI(DISTRICT COLLECTOR, EAST GODAVARI)",Normal/Others,Normal/Others,500000,Recommended,Recommended,2025-08-07T00:00:00.000Z,2025,Lok Sabha,18,0,False,0,0,construction of cc road from n16 road to kallepali venkataraju site of konthamuru,construction of cc road from n16 road to kallepali venkataraju site of konthamuru,,Gumma Thanuja Rani,,ARAKU,500000,2025-08-07T00:00:00.000Z,2025-08-07 00:00:00+00:00,390
141551,Andhra Pradesh,Andhra Pradesh,CHITTOOR,CHITTOOR,Tirupati(DISTRICT COLLECTOR TIRUPATI_IDA),Tirupati(DISTRICT COLLECTOR TIRUPATI_IDA),Normal/Others,Normal/Others,490000,Recommended,Recommended,2024-09-18T00:00:00.000Z,2024,Lok Sabha,18,0,False,0,0,"Construction of WBM Road from Jimkalamitta SC Colony to Snam alloys Pvt. Link road at Jimkalamitta Village, Damalacheruvu GP of Pakala Mandal, Chandragiri Constituency.","Construction of WBM Road from Jimkalamitta SC Colony to Snam alloys Pvt. Link road at Jimkalamitta Village, Damalacheruvu GP of Pakala Mandal, Chandragiri Constituency.",,DAGGUMALLA PRASADA RAO,,CHITTOOR,490000,2024-09-18T00:00:00.000Z,2024-09-18 00:00:00+00:00,713
161715,Andhra Pradesh,Andhra Pradesh,TIRUPATI,TIRUPATI,Tirupati(DISTRICT COLLECTOR TIRUPATI_IDA),Tirupati(DISTRICT COLLECTOR TIRUPATI_IDA),Normal/Others,Normal/Others,180000,Recommended,Recommended,2024-12-27T00:00:00.000Z,2024,Lok Sabha,18,0,False,0,0,Providing street lights and fixtures at Irugulam in Satyavedu Mandal.,Providing street lights and fixtures at Irugulam in Satyavedu Mandal.,,Maddila Gurumoorthy,,TIRUPATI,180000,2024-12-27T00:00:00.000Z,2024-12-27 00:00:00+00:00,613
199552,Andhra Pradesh,Andhra Pradesh,TIRUPATI,TIRUPATI,Tirupati(DISTRICT COLLECTOR TIRUPATI_IDA),Tirupati(DISTRICT COLLECTOR TIRUPATI_IDA),Normal/Others,Normal/Others,300000,Recommended,Recommended,2025-05-19T00:00:00.000Z,2025,Lok Sabha,18,0,True,299331,1,Construction of CC Open Drain with cover slab from Mekapilla Guravaiah house to gonu Thirupalaiah house at Akkurthy HW Ho Akkurthy GP in Srikalahasthi Mandal.,Construction of CC Open Drain with cover slab from Mekapilla Guravaiah house to gonu Thirupalaiah house at Akkurthy HW Ho Akkurthy GP in Srikalahasthi Mandal.,,Maddila Gurumoorthy,,TIRUPATI,300000,2025-05-19T00:00:00.000Z,2025-05-19 00:00:00+00:00,470
194517,Andhra Pradesh,Andhra Pradesh,RAJAHMUNDRY,RAJAHMUNDRY,"EAST GODAVARI(DISTRICT COLLECTOR, EAST GODAVARI)","EAST GODAVARI(DISTRICT COLLECTOR, EAST GODAVARI)",Normal/Others,Normal/Others,2000000,Recommended,Recommended,2025-05-09T00:00:00.000Z,2025,Lok Sabha,18,0,True,1776408,2,Construction of SC Community Hall at Khandavalli Village,Construction of SC Community Hall at Khandavalli Village,,Daggubati Purandeshwari,,RAJAHMUNDRY,2000000,2025-05-09T00:00:00.000Z,2025-05-09 00:00:00+00:00,480
161677,Andhra Pradesh,Andhra Pradesh,TIRUPATI,TIRUPATI,Tirupati(DISTRICT COLLECTOR TIRUPATI_IDA),Tirupati(DISTRICT COLLECTOR TIRUPATI_IDA),Normal/Others,Normal/Others,500000,Recommended,Recommended,2024-12-27T00:00:00.000Z,2024,Lok Sabha,18,0,False,0,0,Construction of Bus Shelter at Alathuru and Pattabhi colony road junction of BN Kandriga Mandal,Construction of Bus Shelter at Alathuru and Pattabhi colony road junction of BN Kandriga Mandal,,Maddila Gurumoorthy,,TIRUPATI,500000,2024-12-27T00:00:00.000Z,2024-12-27 00:00:00+00:00,613
194526,Andhra Pradesh,Andhra Pradesh,RAJAHMUNDRY,RAJAHMUNDRY,"EAST GODAVARI(DISTRICT COLLECTOR, EAST GODAVARI)","EAST GODAVARI(DISTRICT COLLECTOR, EAST GODAVARI)",Normal/Others,Normal/Others,1000000,Recommended,Recommended,2025-05-09T00:00:00.000Z,2025,Lok Sabha,18,0,False,0,0,Construction of a Multipurpose Activity Centre in the SC area of West Chodavaram Village,Construction of a Multipurpose Activity Centre in the SC area of West Chodavaram Village,,Daggubati Purandeshwari,,RAJAHMUNDRY,1000000,2025-05-09T00:00:00.000Z,2025-05-09 00:00:00+00:00,480
1416,Andhra Pradesh,Andhra Pradesh,HINDUPUR,HINDUPUR,Ananthapuramu(DISTRICT COLLECTOR ANANTAPUR_IDA),Ananthapuramu(DISTRICT COLLECTOR ANANTAPUR_IDA),Repair and Renovation,Repair and Renovation,2500000,Recommended,Recommended,2025-07-01T00:00:00.000Z,2025,Lok Sabha,18,0,False,0,0,"Repairs to Community Hall (Kanakadasu Bhavan) near Indiramma colony at Sno. 169-2D, 169-2E. Garudapuram village of Kalyanadurg Mandal of Ananthapuramu district","Repairs to Community Hall (Kanakadasu Bhavan) near Indiramma colony at Sno. 169-2D, 169-2E. Garudapuram village of Kalyanadurg Mandal of Ananthapuramu district",,B K PARTHASARATHI,,HINDUPUR,2500000,2025-07-01T00:00:00.000Z,2025-07-01 00:00:00+00:00,427
195718,Andhra Pradesh,Andhra Pradesh,NANDYAL,NANDYAL,Nandyal(DISTRICT COLLECTOR NANDYAL_IDA),Nandyal(DISTRICT COLLECTOR NANDYAL_IDA),Normal/Others,Normal/Others,500000,Recommended,Recommended,2025-04-30T00:00:00.000Z,2025,Lok Sabha,18,0,True,500000,2,"Provision of safe drinking water and three phase power supply to Balapalatippa H O Erramatam GP, Kothapalli Mandal, Nandyal District. The area is facing acute water scarcity due to deep groundwater levels and insufficient solar-based supply. With a population of 135 in Janalagudem habitation, the existing infrastructure is inadequate. A borewell, pump set, and pipeline are essential to ensure uninterrupted water supply for public health and development.","Provision of safe drinking water and three phase power supply to Balapalatippa H O Erramatam GP, Kothapalli Mandal, Nandyal District. The area is facing acute water scarcity due to deep groundwater levels and insufficient solar-based supply. With a population of 135 in Janalagudem habitation, the existing infrastructure is inadequate. A borewell, pump set, and pipeline are essential to ensure uninterrupted water supply for public health and development.",,DR BYREDDY SHABARI,,NANDYAL,500000,2025-04-30T00:00:00.000Z,2025-04-30 00:00:00+00:00,489
161688,Andhra Pradesh,Andhra Pradesh,TIRUPATI,TIRUPATI,Tirupati(DISTRICT COLLECTOR TIRUPATI_IDA),Tirupati(DISTRICT COLLECTOR TIRUPATI_IDA),Normal/Others,Normal/Others,90000,Recommended,Recommended,2024-12-27T00:00:00.000Z,2024,Lok Sabha,18,0,False,0,0,Providing street lights and fixtures at Kondalacheruvu in Narayanavanam Mandal.,Providing street lights and fixtures at Kondalacheruvu in Narayanavanam Mandal.,,Maddila Gurumoorthy,,TIRUPATI,90000,2024-12-27T00:00:00.000Z,2024-12-27 00:00:00+00:00,613
196377,Andhra Pradesh,Andhra Pradesh,SRIKAKULAM,SRIKAKULAM,SRIKAKULAM(District Collector Srikakulam_IDA),SRIKAKULAM(District Collector Srikakulam_IDA),Normal/Others,Normal/Others,915000,Recommended,Recommended,2025-05-04T00:00:00.000Z,2025,Lok Sabha,18,0,True,906229,1,Providing Electrical Poles and Line in Korlakota GP Limits (7.50 lakh) and Kothavalasa GP Limits (1.65 lakh) of Amadalavalasa mandal,Providing Electrical Poles and Line in Korlakota GP Limits (7.50 lakh) and Kothavalasa GP Limits (1.65 lakh) of Amadalavalasa mandal,,Kinjarapu Ram Mohan Naidu,,SRIKAKULAM,915000,2025-05-04T00:00:00.000Z,2025-05-04 00:00:00+00:00,485
135658,Andhra Pradesh,Andhra Pradesh,CHITTOOR,CHITTOOR,CHITTOOR(DISTRICT COLLECTOR CHITTOOR_IDA),CHITTOOR(DISTRICT COLLECTOR CHITTOOR_IDA),Normal/Others,Normal/Others,2000000,Recommended,Recommended,2024-08-13T00:00:00.000Z,2024,Lok Sabha,18,0,True,1753337,1,BT Road from Aragonda Main Road to Kondrajukalava Village and GP in Thavanampalli Mandal of Puthalapattu Constituency.,BT Road from Aragonda Main Road to Kondrajukalava Village and GP in Thavanampalli Mandal of Puthalapattu Constituency.,,DAGGUMALLA PRASADA RAO,,CHITTOOR,2000000,2024-08-13T00:00:00.000Z,2024-08-13 00:00:00+00:00,749
196786,Andhra Pradesh,Andhra Pradesh,RAJAMPET,RAJAMPET,CHITTOOR(DISTRICT COLLECTOR CHITTOOR_IDA),CHITTOOR(DISTRICT COLLECTOR CHITTOOR_IDA),Normal/Others,Normal/Others,53000,Recommended,Recommended,2025-05-10T00:00:00.000Z,2025,Lok Sabha,18,0,False,0,0,"Augumenatation of PWS Scheme at Vootupalle,  Thimmanayunipalle GP","Augumenatation of PWS Scheme at Vootupalle,  Thimmanayunipalle GP",,Midhun Reddy,,RAJAMPET,53000,2025-05-10T00:00:00.000Z,2025-05-10 00:00:00+00:00,479
161690,Andhra Pradesh,Andhra Pradesh,TIRUPATI,TIRUPATI,Tirupati(DISTRICT COLLECTOR TIRUPATI_IDA),Tirupati(DISTRICT COLLECTOR TIRUPATI_IDA),Normal/Others,Normal/Others,90000,Recommended,Recommended,2024-12-27T00:00:00.000Z,2024,Lok Sabha,18,0,False,0,0,Providing street lights and fixtures at Thiruvatyam in Narayanavanam Mandal.,Providing street lights and fixtures at Thiruvatyam in Narayanavanam Mandal.,,Maddila Gurumoorthy,,TIRUPATI,90000,2024-12-27T00:00:00.000Z,2024-12-27 00:00:00+00:00,613
197236,Andhra Pradesh,Andhra Pradesh,ARAKU,ARAKU,Parvathipuram Manyam(District Collector Parvathipuram Manyam_IDA),Parvathipuram Manyam(District Collector Parvathipuram Manyam_IDA),Normal/Others,Normal/Others,150000,Recommended,Recommended,2025-05-07T00:00:00.000Z,2025,Lok Sabha,18,0,True,148319,1,formation of gravell road with drainage at burja village at Eedubilli polinaidu house,formation of gravell road with drainage at burja village at Eedubilli polinaidu house,,Gumma Thanuja Rani,,ARAKU,150000,2025-05-07T00:00:00.000Z,2025-05-07 00:00:00+00:00,482
830,Andhra Pradesh,Andhra Pradesh,ELURU,ELURU,Kakinada(DISTRICT COLLECTOR KAKINADA_IDA),Kakinada(DISTRICT COLLECTOR KAKINADA_IDA),Normal/Others,Normal/Others,2500000,Recommended,Recommended,2024-09-09T00:00:00.000Z,2024,Lok Sabha,18,0,False,0,0,"Construction of Veterinary Hospital at A.V. Nagaram village of Thondangi mandal, Kakinada district.","Construction of Veterinary Hospital at A.V. Nagaram village of Thondangi mandal, Kakinada district.",,Putta Mahesh Kumar,,ELURU,2500000,2024-09-09T00:00:00.000Z,2024-09-09 00:00:00+00:00,722
197238,Andhra Pradesh,Andhra Pradesh,ARAKU,ARAKU,Parvathipuram Manyam(District Collector Parvathipuram Manyam_IDA),Parvathipuram Manyam(District Collector Parvathipuram Manyam_IDA),Normal/Others,Normal/Others,200000,Recommended,Recommended,2025-05-07T00:00:00.000Z,2025,Lok Sabha,18,0,False,0,0,formation of gravel road at burrial ground at venkatapuram village and providing rig borewell,formation of gravel road at burrial ground at venkatapuram village and providing rig borewell,,Gumma Thanuja Rani,,ARAKU,200000,2025-05-07T00:00:00.000Z,2025-05-07 00:00:00+00:00,482
161692,Andhra Pradesh,Andhra Pradesh,TIRUPATI,TIRUPATI,Tirupati(DISTRICT COLLECTOR TIRUPATI_IDA),Tirupati(DISTRICT COLLECTOR TIRUPATI_IDA),Normal/Others,Normal/Others,50000,Recommended,Recommended,2024-12-27T00:00:00.000Z,2024,Lok Sabha,18,0,False,0,0,Providing street lights and fixtures at Bramhanathangal in Narayanavanam Mandal.,Providing street lights and fixtures at Bramhanathangal in Narayanavanam Mandal.,,Maddila Gurumoorthy,,TIRUPATI,50000,2024-12-27T00:00:00.000Z,2024-12-27 00:00:00+00:00,613
197240,Andhra Pradesh,Andhra Pradesh,ARAKU,ARAKU,Parvathipuram Manyam(District Collector Parvathipuram Manyam_IDA),Parvathipuram Manyam(District Collector Parvathipuram Manyam_IDA),Normal/Others,Normal/Others,300000,Recommended,Recommended,2025-05-07T00:00:00.000Z,2025,Lok Sabha,18,0,True,271619,1,construction of cc road at ballakristapuram village at rice mill,construction of cc road at ballakristapuram village at rice mill,,Gumma Thanuja Rani,,ARAKU,300000,2025-05-07T00:00:00.000Z,2025-05-07 00:00:00+00:00,482
135771,Andhra Pradesh,Andhra Pradesh,KADAPA,KADAPA,Y.S.R. Kadapa(DISTRICT COLLECTOR CUDDAPAH_IDA),Y.S.R. Kadapa(DISTRICT COLLECTOR CUDDAPAH_IDA),Normal/Others,Normal/Others,496000,Recommended,Recommended,2024-08-20T00:00:00.000Z,2024,Lok Sabha,18,0,False,0,0,"Laying of inspection track from Km 2.260 to km 2.900 of Cherlopalli Minor of Gurijala distributory near Bidinamcherla (V) of Simhadripuram (M), YSR District","Laying of inspection track from Km 2.260 to km 2.900 of Cherlopalli Minor of Gurijala distributory near Bidinamcherla (V) of Simhadripuram (M), YSR District",,Y S Avinash Reddy,,KADAPA,496000,2024-08-20T00:00:00.000Z,2024-08-20 00:00:00+00:00,742
197281,Andhra Pradesh,Andhra Pradesh,ARAKU,ARAKU,Parvathipuram Manyam(District Collector Parvathipuram Manyam_IDA),Parvathipuram Manyam(District Collector Parvathipuram Manyam_IDA),Normal/Others,Normal/Others,300000,Recommended,Recommended,2025-05-07T00:00:00.000Z,2025,Lok Sabha,18,0,True,290755,1,formatin of gravel road at panukuvalasa village,formatin of gravel road at panukuvalasa village,,Gumma Thanuja Rani,,ARAKU,300000,2025-05-07T00:00:00.000Z,2025-05-07 00:00:00+00:00,482
161694,Andhra Pradesh,Andhra Pradesh,TIRUPATI,TIRUPATI,Tirupati(DISTRICT COLLECTOR TIRUPATI_IDA),Tirupati(DISTRICT COLLECTOR TIRUPATI_IDA),Normal/Others,Normal/Others,90000,Recommended,Recommended,2024-12-27T00:00:00.000Z,2024,Lok Sabha,18,0,False,0,0,Providing street lights and fixtures at G N Khandriga  in Narayanavanam Mandal.,Providing street lights and fixtures at G N Khandriga  in Narayanavanam Mandal.,,Maddila Gurumoorthy,,TIRUPATI,90000,2024-12-27T00:00:00.000Z,2024-12-27 00:00:00+00:00,613
197283,Andhra Pradesh,Andhra Pradesh,ARAKU,ARAKU,Parvathipuram Manyam(District Collector Parvathipuram Manyam_IDA),Parvathipuram Manyam(District Collector Parvathipuram Manyam_IDA),Normal/Others,Normal/Others,300000,Recommended,Recommended,2025-05-07T00:00:00.000Z,2025,Lok Sabha,18,0,False,0,0,providing single phase transformer at nukkalavada village,providing single phase transformer at nukkalavada village,,Gumma Thanuja Rani,,ARAKU,300000,2025-05-07T00:00:00.000Z,2025-05-07 00:00:00+00:00,482
1429,Andhra Pradesh,Andhra Pradesh,RAJAMPET,RAJAMPET,Tirupati(DISTRICT COLLECTOR TIRUPATI_IDA),Tirupati(DISTRICT COLLECTOR TIRUPATI_IDA),Normal/Others,Normal/Others,500000,Recommended,Recommended,2025-07-06T00:00:00.000Z,2025,Lok Sabha,18,0,False,0,0,Providing RO Plant in Janga Vandla Palli Village and GP,Providing RO Plant in Janga Vandla Palli Village and GP,,Midhun Reddy,,RAJAMPET,500000,2025-07-06T00:00:00.000Z,2025-07-06 00:00:00+00:00,422
197288,Andhra Pradesh,Andhra Pradesh,KADAPA,KADAPA,Y.S.R. Kadapa(DISTRICT COLLECTOR CUDDAPAH_IDA),Y.S.R. Kadapa(DISTRICT COLLECTOR CUDDAPAH_IDA),Normal/Others,Normal/Others,250000,Recommended,Recommended,2025-05-27T00:00:00.000Z,2025,Lok Sabha,18,0,False,0,0,"Providing Ro Water Plant Machinery, Motor to Hari Swamy Temple in  Yerramreddypalli Village, Pulivendula Municipality,YSR District","Providing Ro Water Plant Machinery, Motor to Hari Swamy Temple in  Yerramreddypalli Village, Pulivendula Municipality,YSR District",,Y S Avinash Reddy,,KADAPA,250000,2025-05-27T00:00:00.000Z,2025-05-27 00:00:00+00:00,462
161696,Andhra Pradesh,Andhra Pradesh,TIRUPATI,TIRUPATI,Tirupati(DISTRICT COLLECTOR TIRUPATI_IDA),Tirupati(DISTRICT COLLECTOR TIRUPATI_IDA),Normal/Others,Normal/Others,90000,Recommended,Recommended,2024-12-27T00:00:00.000Z,2024,Lok Sabha,18,0,False,0,0,Providing street lights and fixtures at Thumbur in Narayanavanam Mandal.,Providing street lights and fixtures at Thumbur in Narayanavanam Mandal.,,Maddila Gurumoorthy,,TIRUPATI,90000,2024-12-27T00:00:00.000Z,2024-12-27 00:00:00+00:00,613
197294,Andhra Pradesh,Andhra Pradesh,KADAPA,KADAPA,Y.S.R. Kadapa(DISTRICT COLLECTOR CUDDAPAH_IDA),Y.S.R. Kadapa(DISTRICT COLLECTOR CUDDAPAH_IDA),Normal/Others,Normal/Others,497000,Recommended,Recommended,2025-05-27T00:00:00.000Z,2025,Lok Sabha,18,0,False,0,0,"Construction of compound wall for community Hall Near Ramalayam Temple, Vemula Village Mandal, YSR District","Construction of compound wall for community Hall Near Ramalayam Temple, Vemula Village Mandal, YSR District",,Y S Avinash Reddy,,KADAPA,497000,2025-05-27T00:00:00.000Z,2025-05-27 00:00:00+00:00,462
175556,Andaman And Nicobar Islands,Andaman And Nicobar Islands,ANDAMAN AND NICOBAR ISLANDS,ANDAMAN AND NICOBAR ISLANDS,SOUTH ANDAMANS(Implementing District Authority(SA)),SOUTH ANDAMANS(Implementing District Authority(SA)),Repair and Renovation,Repair and Renovation,4947034,Recommended,Recommended,2025-02-14T00:00:00.000Z,2025,Lok Sabha,18,0,True,3655060,1,"Repair and renovation of road from CPWD complex, Ranchi Tikrey Dairyfarm to Fisheries Quarter, Port Blair","Repair and renovation of road from CPWD complex, Ranchi Tikrey Dairyfarm to Fisheries Quarter, Port Blair",,BISHNU PADA RAY,,ANDAMAN AND NICOBAR ISLANDS,4947034,2025-02-14T00:00:00.000Z,2025-02-14 00:00:00+00:00,564
175561,Andaman And Nicobar Islands,Andaman And Nicobar Islands,ANDAMAN AND NICOBAR ISLANDS,ANDAMAN AND NICOBAR ISLANDS,SOUTH ANDAMANS(Implementing District Authority(SA)),SOUTH ANDAMANS(Implementing District Authority(SA)),Normal/Others,Normal/Others,1498887,Recommended,Recommended,2025-02-14T00:00:00.000Z,2025,Lok Sabha,18,0,True,1189292,1,"Construction of CC Motorable road between Govt. Primary School and Shri SK Singh house at Garacharma, Ward No.18, Port Blair","Construction of CC Motorable road between Govt. Primary School and Shri SK Singh house at Garacharma, Ward No.18, Port Blair",,BISHNU PADA RAY,,ANDAMAN AND NICOBAR ISLANDS,1498887,2025-02-14T00:00:00.000Z,2025-02-14 00:00:00+00:00,564
188528,Andaman And Nicobar Islands,Andaman And Nicobar Islands,ANDAMAN AND NICOBAR ISLANDS,ANDAMAN AND NICOBAR ISLANDS,SOUTH ANDAMANS(Implementing District Authority(SA)),SOUTH ANDAMANS(Implementing District Authority(SA)),Normal/Others,Normal/Others,1320600,Recommended,Recommended,2025-04-01T00:00:00.000Z,2025,Lok Sabha,18,0,True,803540,1,"Construction of CC drain from CPWD quarters to Fisheries Quarters via Sree Shaktivel Murugan Temple for a length of 350 mtrs at Ranci Tikrey, Dairy Farm, Ward No.9, SVP.","Construction of CC drain from CPWD quarters to Fisheries Quarters via Sree Shaktivel Murugan Temple for a length of 350 mtrs at Ranci Tikrey, Dairy Farm, Ward No.9, SVP.",,BISHNU PADA RAY,,ANDAMAN AND NICOBAR ISLANDS,1320600,2025-04-01T00:00:00.000Z,2025-04-01 00:00:00+00:00,518
899,Andhra Pradesh,Andhra Pradesh,TIRUPATI,TIRUPATI,Annamayya(DISTRICT COLLECTOR ANNAMAYYA_IDA),Annamayya(DISTRICT COLLECTOR ANNAMAYYA_IDA),Normal/Others,Normal/Others,390388,Recommended,Recommended,2024-11-02T00:00:00.000Z,2024,Lok Sabha,18,0,False,0,0,"Construction of CC Road D. Narayana house to R&B road in Pullareddy Palli H/W (V), Anantha Samudram G.P. in Pullampeta Mandal.","Construction of CC Road D. Narayana house to R&B road in Pullareddy Palli H/W (V), Anantha Samudram G.P. in Pullampeta Mandal.",,Maddila Gurumoorthy,,TIRUPATI,390388,2024-11-02T00:00:00.000Z,2024-11-02 00:00:00+00:00,668
1489,Andhra Pradesh,Andhra Pradesh,ARAKU,ARAKU,"EAST GODAVARI(DISTRICT COLLECTOR, EAST GODAVARI)","EAST GODAVARI(DISTRICT COLLECTOR, EAST GODAVARI)",Normal/Others,Normal/Others,500000,Recommended,Recommended,2025-08-07T00:00:00.000Z,2025,Lok Sabha,18,0,False,0,0,construction of cc road from n16 road to kallepali venkataraju site of konthamuru,construction of cc road from n16 road to kallepali venkataraju site of konthamuru,,Gumma Thanuja Rani,,ARAKU,500000,2025-08-07T00:00:00.000Z,2025-08-07 00:00:00+00:00,390
141551,Andhra Pradesh,Andhra Pradesh,CHITTOOR,CHITTOOR,Tirupati(DISTRICT COLLECTOR TIRUPATI_IDA),Tirupati(DISTRICT COLLECTOR TIRUPATI_IDA),Normal/Others,Normal/Others,490000,Recommended,Recommended,2024-09-18T00:00:00.000Z,2024,Lok Sabha,18,0,False,0,0,"Construction of WBM Road from Jimkalamitta SC Colony to Snam alloys Pvt. Link road at Jimkalamitta Village, Damalacheruvu GP of Pakala Mandal, Chandragiri Constituency.","Construction of WBM Road from Jimkalamitta SC Colony to Snam alloys Pvt. Link road at Jimkalamitta Village, Damalacheruvu GP of Pakala Mandal, Chandragiri Constituency.",,DAGGUMALLA PRASADA RAO,,CHITTOOR,490000,2024-09-18T00:00:00.000Z,2024-09-18 00:00:00+00:00,713
161715,Andhra Pradesh,Andhra Pradesh,TIRUPATI,TIRUPATI,Tirupati(DISTRICT COLLECTOR TIRUPATI_IDA),Tirupati(DISTRICT COLLECTOR TIRUPATI_IDA),Normal/Others,Normal/Others,180000,Recommended,Recommended,2024-12-27T00:00:00.000Z,2024,Lok Sabha,18,0,False,0,0,Providing street lights and fixtures at Irugulam in Satyavedu Mandal.,Providing street lights and fixtures at Irugulam in Satyavedu Mandal.,,Maddila Gurumoorthy,,TIRUPATI,180000,2024-12-27T00:00:00.000Z,2024-12-27 00:00:00+00:00,613
199552,Andhra Pradesh,Andhra Pradesh,TIRUPATI,TIRUPATI,Tirupati(DISTRICT COLLECTOR TIRUPATI_IDA),Tirupati(DISTRICT COLLECTOR TIRUPATI_IDA),Normal/Others,Normal/Others,300000,Recommended,Recommended,2025-05-19T00:00:00.000Z,2025,Lok Sabha,18,0,True,299331,1,Construction of CC Open Drain with cover slab from Mekapilla Guravaiah house to gonu Thirupalaiah house at Akkurthy HW Ho Akkurthy GP in Srikalahasthi Mandal.,Construction of CC Open Drain with cover slab from Mekapilla Guravaiah house to gonu Thirupalaiah house at Akkurthy HW Ho Akkurthy GP in Srikalahasthi Mandal.,,Maddila Gurumoorthy,,TIRUPATI,300000,2025-05-19T00:00:00.000Z,2025-05-19 00:00:00+00:00,470
161698,Andhra Pradesh,Andhra Pradesh,TIRUPATI,TIRUPATI,Tirupati(DISTRICT COLLECTOR TIRUPATI_IDA),Tirupati(DISTRICT COLLECTOR TIRUPATI_IDA),Normal/Others,Normal/Others,90000,Recommended,Recommended,2024-12-27T00:00:00.000Z,2024,Lok Sabha,18,0,False,0,0,Providing street lights and fixtures at Paalamangalam North in Narayanavanam Mandal.,Providing street lights and fixtures at Paalamangalam North in Narayanavanam Mandal.,,Maddila Gurumoorthy,,TIRUPATI,90000,2024-12-27T00:00:00.000Z,2024-12-27 00:00:00+00:00,613
197623,Andhra Pradesh,Andhra Pradesh,ARAKU,ARAKU,Parvathipuram Manyam(District Collector Parvathipuram Manyam_IDA),Parvathipuram Manyam(District Collector Parvathipuram Manyam_IDA),Normal/Others,Normal/Others,200000,Recommended,Recommended,2025-05-08T00:00:00.000Z,2025,Lok Sabha,18,0,True,189962,1,formation of gravel road from hanuman temple to chilakalapalli BT road bridge at palagara village,formation of gravel road from hanuman temple to chilakalapalli BT road bridge at palagara village,,Gumma Thanuja Rani,,ARAKU,200000,2025-05-08T00:00:00.000Z,2025-05-08 00:00:00+00:00,481
197635,Andhra Pradesh,Andhra Pradesh,ARAKU,ARAKU,Alluri Sitharama Raju(DISTRICT COLLECTOR ALLURI SITHARAMARAJU_IDA),Alluri Sitharama Raju(DISTRICT COLLECTOR ALLURI SITHARAMARAJU_IDA),Normal/Others,Normal/Others,500000,Recommended,Recommended,2025-05-08T00:00:00.000Z,2025,Lok Sabha,18,0,True,487465,1,Construction of  Internal CC road from Main road to Killo Swamy house at Bamsuguda Village of Baski GP,Construction of  Internal CC road from Main road to Killo Swamy house at Bamsuguda Village of Baski GP,,Gumma Thanuja Rani,,ARAKU,500000,2025-05-08T00:00:00.000Z,2025-05-08 00:00:00+00:00,481
161700,Andhra Pradesh,Andhra Pradesh,TIRUPATI,TIRUPATI,Tirupati(DISTRICT COLLECTOR TIRUPATI_IDA),Tirupati(DISTRICT COLLECTOR TIRUPATI_IDA),Normal/Others,Normal/Others,50000,Recommended,Recommended,2024-12-27T00:00:00.000Z,2024,Lok Sabha,18,0,False,0,0,Providing street lights and fixtures at Samudayam  in Narayanavanam Mandal.,Providing street lights and fixtures at Samudayam  in Narayanavanam Mandal.,,Maddila Gurumoorthy,,TIRUPATI,50000,2024-12-27T00:00:00.000Z,2024-12-27 00:00:00+00:00,613
197637,Andhra Pradesh,Andhra Pradesh,ARAKU,ARAKU,Alluri Sitharama Raju(DISTRICT COLLECTOR ALLURI SITHARAMARAJU_IDA),Alluri Sitharama Raju(DISTRICT COLLECTOR ALLURI SITHARAMARAJU_IDA),Normal/Others,Normal/Others,500000,Recommended,Recommended,2025-05-08T00:00:00.000Z,2025,Lok Sabha,18,0,True,487259,1,construction of internal cc road from main road to killo balaram house at devarapali village baski GP,construction of internal cc road from main road to killo balaram house at devarapali village baski GP,,Gumma Thanuja Rani,,ARAKU,500000,2025-05-08T00:00:00.000Z,2025-05-08 00:00:00+00:00,481
140141,Andhra Pradesh,Andhra Pradesh,MACHILIPATNAM,MACHILIPATNAM,KRISHNA(DISTRICT COLLECTOR KRISHNA_IDA),KRISHNA(DISTRICT COLLECTOR KRISHNA_IDA),Normal/Others,Normal/Others,297000,Recommended,Recommended,2024-09-10T00:00:00.000Z,2024,Lok Sabha,18,0,False,0,0,mprovement of electrical distribution infrastructure at Ullipalem of Koduru Mandal in Krishna District,mprovement of electrical distribution infrastructure at Ullipalem of Koduru Mandal in Krishna District,,Balashowry Vallabbhaneni,,MACHILIPATNAM,297000,2024-09-10T00:00:00.000Z,2024-09-10 00:00:00+00:00,721
197997,Andhra Pradesh,Andhra Pradesh,RAJAHMUNDRY,RAJAHMUNDRY,"EAST GODAVARI(DISTRICT COLLECTOR, EAST GODAVARI)","EAST GODAVARI(DISTRICT COLLECTOR, EAST GODAVARI)",Normal/Others,Normal/Others,5000000,Recommended,Recommended,2025-05-09T00:00:00.000Z,2025,Lok Sabha,18,0,False,0,0,Construction of Multipurpose Activity Center in BC are (Patempeta) in Chagallu village of Chagallu Mandal,Construction of Multipurpose Activity Center in BC are (Patempeta) in Chagallu village of Chagallu Mandal,,Daggubati Purandeshwari,,RAJAHMUNDRY,5000000,2025-05-09T00:00:00.000Z,2025-05-09 00:00:00+00:00,480
161702,Andhra Pradesh,Andhra Pradesh,TIRUPATI,TIRUPATI,Tirupati(DISTRICT COLLECTOR TIRUPATI_IDA),Tirupati(DISTRICT COLLECTOR TIRUPATI_IDA),Normal/Others,Normal/Others,90000,Recommended,Recommended,2024-12-27T00:00:00.000Z,2024,Lok Sabha,18,0,False,0,0,Providing street lights and fixtures at Kasimitta in Narayanavanam Mandal.,Providing street lights and fixtures at Kasimitta in Narayanavanam Mandal.,,Maddila Gurumoorthy,,TIRUPATI,90000,2024-12-27T00:00:00.000Z,2024-12-27 00:00:00+00:00,613
198065,Andhra Pradesh,Andhra Pradesh,RAJAMPET,RAJAMPET,CHITTOOR(DISTRICT COLLECTOR CHITTOOR_IDA),CHITTOOR(DISTRICT COLLECTOR CHITTOOR_IDA),Normal/Others,Normal/Others,340000,Recommended,Recommended,2025-05-10T00:00:00.000Z,2025,Lok Sabha,18,0,False,0,0,Providing pipeline at  Nagari HW   Bommaiahgari palle G.P,Providing pipeline at  Nagari HW   Bommaiahgari palle G.P,,Midhun Reddy,,RAJAMPET,340000,2025-05-10T00:00:00.000Z,2025-05-10 00:00:00+00:00,479
1431,Andhra Pradesh,Andhra Pradesh,RAJAMPET,RAJAMPET,Y.S.R. Kadapa(DISTRICT COLLECTOR CUDDAPAH_IDA),Y.S.R. Kadapa(DISTRICT COLLECTOR CUDDAPAH_IDA),Normal/Others,Normal/Others,500000,Recommended,Recommended,2025-07-06T00:00:00.000Z,2025,Lok Sabha,18,0,False,0,0,Construction of Pipe Culvert and Approach Roads in Vontimitta Village and GP,Construction of Pipe Culvert and Approach Roads in Vontimitta Village and GP,,Midhun Reddy,,RAJAMPET,500000,2025-07-06T00:00:00.000Z,2025-07-06 00:00:00+00:00,422
198092,Andhra Pradesh,Andhra Pradesh,RAJAMPET,RAJAMPET,CHITTOOR(DISTRICT COLLECTOR CHITTOOR_IDA),CHITTOOR(DISTRICT COLLECTOR CHITTOOR_IDA),Normal/Others,Normal/Others,140000,Recommended,Recommended,2025-05-10T00:00:00.000Z,2025,Lok Sabha,18,0,False,0,0,"Providing pipeline at Busireddi gari palle, Ch Ch reddy gari palle G.P","Providing pipeline at Busireddi gari palle, Ch Ch reddy gari palle G.P",,Midhun Reddy,,RAJAMPET,140000,2025-05-10T00:00:00.000Z,2025-05-10 00:00:00+00:00,479
161704,Andhra Pradesh,Andhra Pradesh,TIRUPATI,TIRUPATI,Tirupati(DISTRICT COLLECTOR TIRUPATI_IDA),Tirupati(DISTRICT COLLECTOR TIRUPATI_IDA),Normal/Others,Normal/Others,424000,Recommended,Recommended,2024-12-27T00:00:00.000Z,2024,Lok Sabha,18,0,True,423883,1,"Providing of Electricity distribution infrastructure to Chenchuraaju Kandriga Village, Ramapuram Village, Pichatur Mandal.","Providing of Electricity distribution infrastructure to Chenchuraaju Kandriga Village, Ramapuram Village, Pichatur Mandal.",,Maddila Gurumoorthy,,TIRUPATI,424000,2024-12-27T00:00:00.000Z,2024-12-27 00:00:00+00:00,613
198127,Andhra Pradesh,Andhra Pradesh,RAJAMPET,RAJAMPET,CHITTOOR(DISTRICT COLLECTOR CHITTOOR_IDA),CHITTOOR(DISTRICT COLLECTOR CHITTOOR_IDA),Normal/Others,Normal/Others,75000,Recommended,Recommended,2025-05-10T00:00:00.000Z,2025,Lok Sabha,18,0,False,0,0,Providing pipeline at  Kallavari palle Ganugachintha G.P,Providing pipeline at  Kallavari palle Ganugachintha G.P,,Midhun Reddy,,RAJAMPET,75000,2025-05-10T00:00:00.000Z,2025-05-10 00:00:00+00:00,479
140144,Andhra Pradesh,Andhra Pradesh,MACHILIPATNAM,MACHILIPATNAM,KRISHNA(DISTRICT COLLECTOR KRISHNA_IDA),KRISHNA(DISTRICT COLLECTOR KRISHNA_IDA),Normal/Others,Normal/Others,896000,Recommended,Recommended,2024-09-10T00:00:00.000Z,2024,Lok Sabha,18,0,True,896000,1,"Purchase of Real time micro PCR system for cancer van at GGH, Machilipatnam","Purchase of Real time micro PCR system for cancer van at GGH, Machilipatnam",,Balashowry Vallabbhaneni,,MACHILIPATNAM,896000,2024-09-10T00:00:00.000Z,2024-09-10 00:00:00+00:00,721
198346,Andhra Pradesh,Andhra Pradesh,RAJAMPET,RAJAMPET,CHITTOOR(DISTRICT COLLECTOR CHITTOOR_IDA),CHITTOOR(DISTRICT COLLECTOR CHITTOOR_IDA),Normal/Others,Normal/Others,65000,Recommended,Recommended,2025-05-10T00:00:00.000Z,2025,Lok Sabha,18,0,False,0,0,Providing pipeline at GOTTIPALIVARI PALLE  RAYAVARI PALLE G.P,Providing pipeline at GOTTIPALIVARI PALLE  RAYAVARI PALLE G.P,,Midhun Reddy,,RAJAMPET,65000,2025-05-10T00:00:00.000Z,2025-05-10 00:00:00+00:00,479
161706,Andhra Pradesh,Andhra Pradesh,TIRUPATI,TIRUPATI,Tirupati(DISTRICT COLLECTOR TIRUPATI_IDA),Tirupati(DISTRICT COLLECTOR TIRUPATI_IDA),Normal/Others,Normal/Others,100000,Recommended,Recommended,2024-12-27T00:00:00.000Z,2024,Lok Sabha,18,0,True,96394,1,"Providing of Electricity distribution infrastructure to Ramapuram Jagananna Colony Ramapuram Village, Pichatur Mandal.","Providing of Electricity distribution infrastructure to Ramapuram Jagananna Colony Ramapuram Village, Pichatur Mandal.",,Maddila Gurumoorthy,,TIRUPATI,100000,2024-12-27T00:00:00.000Z,2024-12-27 00:00:00+00:00,613
198352,Andhra Pradesh,Andhra Pradesh,RAJAMPET,RAJAMPET,CHITTOOR(DISTRICT COLLECTOR CHITTOOR_IDA),CHITTOOR(DISTRICT COLLECTOR CHITTOOR_IDA),Normal/Others,Normal/Others,45000,Recommended,Recommended,2025-05-10T00:00:00.000Z,2025,Lok Sabha,18,0,False,0,0,Providing pipeline at UPPUVADDE PALLE GADDAMVARIPALLE G.P,Providing pipeline at UPPUVADDE PALLE GADDAMVARIPALLE G.P,,Midhun Reddy,,RAJAMPET,45000,2025-05-10T00:00:00.000Z,2025-05-10 00:00:00+00:00,479
898,Andhra Pradesh,Andhra Pradesh,TIRUPATI,TIRUPATI,Annamayya(DISTRICT COLLECTOR ANNAMAYYA_IDA),Annamayya(DISTRICT COLLECTOR ANNAMAYYA_IDA),Normal/Others,Normal/Others,288926,Recommended,Recommended,2024-11-02T00:00:00.000Z,2024,Lok Sabha,18,0,False,0,0,"Construction of CC road from Ramulavari Gudi to Jandaman in A.Puthanavari Palli (V), Anantha samudram G.P.in Pullampeta Mandal.","Construction of CC road from Ramulavari Gudi to Jandaman in A.Puthanavari Palli (V), Anantha samudram G.P.in Pullampeta Mandal.",,Maddila Gurumoorthy,,TIRUPATI,288926,2024-11-02T00:00:00.000Z,2024-11-02 00:00:00+00:00,668
198367,Andhra Pradesh,Andhra Pradesh,RAJAMPET,RAJAMPET,CHITTOOR(DISTRICT COLLECTOR CHITTOOR_IDA),CHITTOOR(DISTRICT COLLECTOR CHITTOOR_IDA),Normal/Others,Normal/Others,100000,Recommended,Recommended,2025-05-10T00:00:00.000Z,2025,Lok Sabha,18,0,False,0,0,"Augmentation of PWS Scheme at Erramvandlapalli, Ayyavandlapalli G.P","Augmentation of PWS Scheme at Erramvandlapalli, Ayyavandlapalli G.P",,Midhun Reddy,,RAJAMPET,100000,2025-05-10T00:00:00.000Z,2025-05-10 00:00:00+00:00,479
161708,Andhra Pradesh,Andhra Pradesh,TIRUPATI,TIRUPATI,Tirupati(DISTRICT COLLECTOR TIRUPATI_IDA),Tirupati(DISTRICT COLLECTOR TIRUPATI_IDA),Normal/Others,Normal/Others,256000,Recommended,Recommended,2024-12-27T00:00:00.000Z,2024,Lok Sabha,18,0,True,255918,1,"Providing of Electricity distribution infrastructure to Kothagallu kandriga Village Mudiyur Gram Panchayat, Pichatur Mandal.","Providing of Electricity distribution infrastructure to Kothagallu kandriga Village Mudiyur Gram Panchayat, Pichatur Mandal.",,Maddila Gurumoorthy,,TIRUPATI,256000,2024-12-27T00:00:00.000Z,2024-12-27 00:00:00+00:00,613
198978,Andhra Pradesh,Andhra Pradesh,TIRUPATI,TIRUPATI,Tirupati(DISTRICT COLLECTOR TIRUPATI_IDA),Tirupati(DISTRICT COLLECTOR TIRUPATI_IDA),Normal/Others,Normal/Others,435000,Recommended,Recommended,2025-05-19T00:00:00.000Z,2025,Lok Sabha,18,0,True,432724,1,Providing Street lights and fixtures in Saraswathikandriga of Saraswathikandriga GP in Yerpedu Mandal.,Providing Street lights and fixtures in Saraswathikandriga of Saraswathikandriga GP in Yerpedu Mandal.,,Maddila Gurumoorthy,,TIRUPATI,435000,2025-05-19T00:00:00.000Z,2025-05-19 00:00:00+00:00,470
140439,Andhra Pradesh,Andhra Pradesh,KADAPA,KADAPA,Y.S.R. Kadapa(DISTRICT COLLECTOR CUDDAPAH_IDA),Y.S.R. Kadapa(DISTRICT COLLECTOR CUDDAPAH_IDA),Normal/Others,Normal/Others,400000,Recommended,Recommended,2024-09-12T00:00:00.000Z,2024,Lok Sabha,18,0,False,0,0,"Newly Established Govt. Degree College for women, pulivendula YSR District to provide infra & Instuctional facilities to the college ex:- Dual  Desks & Desktopos.","Newly Established Govt. Degree College for women, pulivendula YSR District to provide infra & Instuctional facilities to the college ex:- Dual  Desks & Desktopos.",,Y S Avinash Reddy,,KADAPA,400000,2024-09-12T00:00:00.000Z,2024-09-12 00:00:00+00:00,719
175556,Andaman And Nicobar Islands,Andaman And Nicobar Islands,ANDAMAN AND NICOBAR ISLANDS,ANDAMAN AND NICOBAR ISLANDS,SOUTH ANDAMANS(Implementing District Authority(SA)),SOUTH ANDAMANS(Implementing District Authority(SA)),Repair and Renovation,Repair and Renovation,4947034,Recommended,Recommended,2025-02-14T00:00:00.000Z,2025,Lok Sabha,18,0,True,3655060,1,"Repair and renovation of road from CPWD complex, Ranchi Tikrey Dairyfarm to Fisheries Quarter, Port Blair","Repair and renovation of road from CPWD complex, Ranchi Tikrey Dairyfarm to Fisheries Quarter, Port Blair",,BISHNU PADA RAY,,ANDAMAN AND NICOBAR ISLANDS,4947034,2025-02-14T00:00:00.000Z,2025-02-14 00:00:00+00:00,564
175561,Andaman And Nicobar Islands,Andaman And Nicobar Islands,ANDAMAN AND NICOBAR ISLANDS,ANDAMAN AND NICOBAR ISLANDS,SOUTH ANDAMANS(Implementing District Authority(SA)),SOUTH ANDAMANS(Implementing District Authority(SA)),Normal/Others,Normal/Others,1498887,Recommended,Recommended,2025-02-14T00:00:00.000Z,2025,Lok Sabha,18,0,True,1189292,1,"Construction of CC Motorable road between Govt. Primary School and Shri SK Singh house at Garacharma, Ward No.18, Port Blair","Construction of CC Motorable road between Govt. Primary School and Shri SK Singh house at Garacharma, Ward No.18, Port Blair",,BISHNU PADA RAY,,ANDAMAN AND NICOBAR ISLANDS,1498887,2025-02-14T00:00:00.000Z,2025-02-14 00:00:00+00:00,564
188528,Andaman And Nicobar Islands,Andaman And Nicobar Islands,ANDAMAN AND NICOBAR ISLANDS,ANDAMAN AND NICOBAR ISLANDS,SOUTH ANDAMANS(Implementing District Authority(SA)),SOUTH ANDAMANS(Implementing District Authority(SA)),Normal/Others,Normal/Others,1320600,Recommended,Recommended,2025-04-01T00:00:00.000Z,2025,Lok Sabha,18,0,True,803540,1,"Construction of CC drain from CPWD quarters to Fisheries Quarters via Sree Shaktivel Murugan Temple for a length of 350 mtrs at Ranci Tikrey, Dairy Farm, Ward No.9, SVP.","Construction of CC drain from CPWD quarters to Fisheries Quarters via Sree Shaktivel Murugan Temple for a length of 350 mtrs at Ranci Tikrey, Dairy Farm, Ward No.9, SVP.",,BISHNU PADA RAY,,ANDAMAN AND NICOBAR ISLANDS,1320600,2025-04-01T00:00:00.000Z,2025-04-01 00:00:00+00:00,518
899,Andhra Pradesh,Andhra Pradesh,TIRUPATI,TIRUPATI,Annamayya(DISTRICT COLLECTOR ANNAMAYYA_IDA),Annamayya(DISTRICT COLLECTOR ANNAMAYYA_IDA),Normal/Others,Normal/Others,390388,Recommended,Recommended,2024-11-02T00:00:00.000Z,2024,Lok Sabha,18,0,False,0,0,"Construction of CC Road D. Narayana house to R&B road in Pullareddy Palli H/W (V), Anantha Samudram G.P. in Pullampeta Mandal.","Construction of CC Road D. Narayana house to R&B road in Pullareddy Palli H/W (V), Anantha Samudram G.P. in Pullampeta Mandal.",,Maddila Gurumoorthy,,TIRUPATI,390388,2024-11-02T00:00:00.000Z,2024-11-02 00:00:00+00:00,668
1489,Andhra Pradesh,Andhra Pradesh,ARAKU,ARAKU,"EAST GODAVARI(DISTRICT COLLECTOR, EAST GODAVARI)","EAST GODAVARI(DISTRICT COLLECTOR, EAST GODAVARI)",Normal/Others,Normal/Others,500000,Recommended,Recommended,2025-08-07T00:00:00.000Z,2025,Lok Sabha,18,0,False,0,0,construction of cc road from n16 road to kallepali venkataraju site of konthamuru,construction of cc road from n16 road to kallepali venkataraju site of konthamuru,,Gumma Thanuja Rani,,ARAKU,500000,2025-08-07T00:00:00.000Z,2025-08-07 00:00:00+00:00,390
141551,Andhra Pradesh,Andhra Pradesh,CHITTOOR,CHITTOOR,Tirupati(DISTRICT COLLECTOR TIRUPATI_IDA),Tirupati(DISTRICT COLLECTOR TIRUPATI_IDA),Normal/Others,Normal/Others,490000,Recommended,Recommended,2024-09-18T00:00:00.000Z,2024,Lok Sabha,18,0,False,0,0,"Construction of WBM Road from Jimkalamitta SC Colony to Snam alloys Pvt. Link road at Jimkalamitta Village, Damalacheruvu GP of Pakala Mandal, Chandragiri Constituency.","Construction of WBM Road from Jimkalamitta SC Colony to Snam alloys Pvt. Link road at Jimkalamitta Village, Damalacheruvu GP of Pakala Mandal, Chandragiri Constituency.",,DAGGUMALLA PRASADA RAO,,CHITTOOR,490000,2024-09-18T00:00:00.000Z,2024-09-18 00:00:00+00:00,713
161715,Andhra Pradesh,Andhra Pradesh,TIRUPATI,TIRUPATI,Tirupati(DISTRICT COLLECTOR TIRUPATI_IDA),Tirupati(DISTRICT COLLECTOR TIRUPATI_IDA),Normal/Others,Normal/Others,180000,Recommended,Recommended,2024-12-27T00:00:00.000Z,2024,Lok Sabha,18,0,False,0,0,Providing street lights and fixtures at Irugulam in Satyavedu Mandal.,Providing street lights and fixtures at Irugulam in Satyavedu Mandal.,,Maddila Gurumoorthy,,TIRUPATI,180000,2024-12-27T00:00:00.000Z,2024-12-27 00:00:00+00:00,613
199552,Andhra Pradesh,Andhra Pradesh,TIRUPATI,TIRUPATI,Tirupati(DISTRICT COLLECTOR TIRUPATI_IDA),Tirupati(DISTRICT COLLECTOR TIRUPATI_IDA),Normal/Others,Normal/Others,300000,Recommended,Recommended,2025-05-19T00:00:00.000Z,2025,Lok Sabha,18,0,True,299331,1,Construction of CC Open Drain with cover slab from Mekapilla Guravaiah house to gonu Thirupalaiah house at Akkurthy HW Ho Akkurthy GP in Srikalahasthi Mandal.,Construction of CC Open Drain with cover slab from Mekapilla Guravaiah house to gonu Thirupalaiah house at Akkurthy HW Ho Akkurthy GP in Srikalahasthi Mandal.,,Maddila Gurumoorthy,,TIRUPATI,300000,2025-05-19T00:00:00.000Z,2025-05-19 00:00:00+00:00,470
204036,Andhra Pradesh,Andhra Pradesh,RAJAMPET,RAJAMPET,Annamayya(DISTRICT COLLECTOR ANNAMAYYA_IDA),Annamayya(DISTRICT COLLECTOR ANNAMAYYA_IDA),Normal/Others,Normal/Others,200000,Recommended,Recommended,2025-05-27T00:00:00.000Z,2025,Lok Sabha,18,0,False,0,0,Formation of Road from Krishnam Raju Fields to Balireddipalii R and B Road in Urlagattupadu G.P,Formation of Road from Krishnam Raju Fields to Balireddipalii R and B Road in Urlagattupadu G.P,,Midhun Reddy,,RAJAMPET,200000,2025-05-27T00:00:00.000Z,2025-05-27 00:00:00+00:00,462
161727,Andhra Pradesh,Andhra Pradesh,TIRUPATI,TIRUPATI,Tirupati(DISTRICT COLLECTOR TIRUPATI_IDA),Tirupati(DISTRICT COLLECTOR TIRUPATI_IDA),Normal/Others,Normal/Others,180000,Recommended,Recommended,2024-12-27T00:00:00.000Z,2024,Lok Sabha,18,0,False,0,0,Providing street lights and fixtures at Santha Vellore in Varadaiahpalem Mandal.,Providing street lights and fixtures at Santha Vellore in Varadaiahpalem Mandal.,,Maddila Gurumoorthy,,TIRUPATI,180000,2024-12-27T00:00:00.000Z,2024-12-27 00:00:00+00:00,613
204050,Andhra Pradesh,Andhra Pradesh,MACHILIPATNAM,MACHILIPATNAM,KRISHNA(DISTRICT COLLECTOR KRISHNA_IDA),KRISHNA(DISTRICT COLLECTOR KRISHNA_IDA),Normal/Others,Normal/Others,1000000,Recommended,Recommended,2025-05-27T00:00:00.000Z,2025,Lok Sabha,18,0,False,0,0,Emergency repairs to the pipe culvert at KM 0.750 on Elakurru medium drain in Kankatava village of Gudur Mandal in Krishna District,Emergency repairs to the pipe culvert at KM 0.750 on Elakurru medium drain in Kankatava village of Gudur Mandal in Krishna District,,Balashowry Vallabbhaneni,,MACHILIPATNAM,1000000,2025-05-27T00:00:00.000Z,2025-05-27 00:00:00+00:00,462
146050,Andhra Pradesh,Andhra Pradesh,KADAPA,KADAPA,Y.S.R. Kadapa(DISTRICT COLLECTOR CUDDAPAH_IDA),Y.S.R. Kadapa(DISTRICT COLLECTOR CUDDAPAH_IDA),Normal/Others,Normal/Others,200000,Recommended,Recommended,2024-10-08T00:00:00.000Z,2024,Lok Sabha,18,0,False,0,0,CONSTRUCTION OF COMPOUND WALL at Muslim Burial ground in Podadurthy V & GP of Kamalapuram (M) IN Y.S.R KADAPA District.,CONSTRUCTION OF COMPOUND WALL at Muslim Burial ground in Podadurthy V & GP of Kamalapuram (M) IN Y.S.R KADAPA District.,,Y S Avinash Reddy,,KADAPA,200000,2024-10-08T00:00:00.000Z,2024-10-08 00:00:00+00:00,693
204065,Andhra Pradesh,Andhra Pradesh,RAJAMPET,RAJAMPET,Annamayya(DISTRICT COLLECTOR ANNAMAYYA_IDA),Annamayya(DISTRICT COLLECTOR ANNAMAYYA_IDA),Normal/Others,Normal/Others,500000,Recommended,Recommended,2025-05-27T00:00:00.000Z,2025,Lok Sabha,18,0,False,0,0,Formation of Road from Indiranagar R and B Road to K Chimmarapa Reddy Agriculture filed at Balireddipalli (G.P),Formation of Road from Indiranagar R and B Road to K Chimmarapa Reddy Agriculture filed at Balireddipalli (G.P),,Midhun Reddy,,RAJAMPET,500000,2025-05-27T00:00:00.000Z,2025-05-27 00:00:00+00:00,462
161732,Andhra Pradesh,Andhra Pradesh,TIRUPATI,TIRUPATI,Tirupati(DISTRICT COLLECTOR TIRUPATI_IDA),Tirupati(DISTRICT COLLECTOR TIRUPATI_IDA),Normal/Others,Normal/Others,90000,Recommended,Recommended,2024-12-27T00:00:00.000Z,2024,Lok Sabha,18,0,False,0,0,Providing street lights and fixtures at Yanadivettu Panchayath in Varadhaiahpalem Mandal.,Providing street lights and fixtures at Yanadivettu Panchayath in Varadhaiahpalem Mandal.,,Maddila Gurumoorthy,,TIRUPATI,90000,2024-12-27T00:00:00.000Z,2024-12-27 00:00:00+00:00,613
204166,Andhra Pradesh,Andhra Pradesh,KADAPA,KADAPA,Y.S.R. Kadapa(DISTRICT COLLECTOR CUDDAPAH_IDA),Y.S.R. Kadapa(DISTRICT COLLECTOR CUDDAPAH_IDA),Normal/Others,Normal/Others,300000,Recommended,Recommended,2025-05-27T00:00:00.000Z,2025,Lok Sabha,18,0,False,0,0,Providing Bore Motor Pipe line in Jangamreddypalli Village of Simhadripuram Mandal,Providing Bore Motor Pipe line in Jangamreddypalli Village of Simhadripuram Mandal,,Y S Avinash Reddy,,KADAPA,300000,2025-05-27T00:00:00.000Z,2025-05-27 00:00:00+00:00,462
206727,Andhra Pradesh,Andhra Pradesh,VISAKHAPATNAM,VISAKHAPATNAM,Visakhapatnam(DISTRICT COLLECTOR VISAKHAPATNAM_IDA),Visakhapatnam(DISTRICT COLLECTOR VISAKHAPATNAM_IDA),Repair and Renovation,Repair and Renovation,1715000,Recommended,Recommended,2025-06-13T00:00:00.000Z,2025,Lok Sabha,18,0,False,0,0,"Renovation of the existing Anganwadi building to restore its functionality. The proposed work includes construction of toilets, renovation of the building, and installation of a water tank or municipal water connection along with a power meter. This will help reduce dependency on rented space and ensure long-term utilization of government infrastructure.","Renovation of the existing Anganwadi building to restore its functionality. The proposed work includes construction of toilets, renovation of the building, and installation of a water tank or municipal water connection along with a power meter. This will help reduce dependency on rented space and ensure long-term utilization of government infrastructure.",,Sribharat MathuKumli,,VISAKHAPATNAM,1715000,2025-06-13T00:00:00.000Z,2025-06-13 00:00:00+00:00,445
161734,Andhra Pradesh,Andhra Pradesh,TIRUPATI,TIRUPATI,Tirupati(DISTRICT COLLECTOR TIRUPATI_IDA),Tirupati(DISTRICT COLLECTOR TIRUPATI_IDA),Normal/Others,Normal/Others,90000,Recommended,Recommended,2024-12-27T00:00:00.000Z,2024,Lok Sabha,18,0,False,0,0,Providing street lights and fixtures at Varadaiahpalem in Varadhaiahpalem Mandal.,Providing street lights and fixtures at Varadaiahpalem in Varadhaiahpalem Mandal.,,Maddila Gurumoorthy,,TIRUPATI,90000,2024-12-27T00:00:00.000Z,2024-12-27 00:00:00+00:00,613
206897,Andhra Pradesh,Andhra Pradesh,MACHILIPATNAM,MACHILIPATNAM,KRISHNA(DISTRICT COLLECTOR KRISHNA_IDA),KRISHNA(DISTRICT COLLECTOR KRISHNA_IDA),Normal/Others,Normal/Others,1000000,Recommended,Recommended,2025-06-06T00:00:00.000Z,2025,Lok Sabha,18,0,False,0,0,Construction of 2vent 1000mm dia pipe culvert with approach roads at Chedurthipadu village of Nandivada Mandal in Krishna District,Construction of 2vent 1000mm dia pipe culvert with approach roads at Chedurthipadu village of Nandivada Mandal in Krishna District,,Balashowry Vallabbhaneni,,MACHILIPATNAM,1000000,2025-06-06T00:00:00.000Z,2025-06-06 00:00:00+00:00,452
146052,Andhra Pradesh,Andhra Pradesh,KADAPA,KADAPA,Y.S.R. Kadapa(DISTRICT COLLECTOR CUDDAPAH_IDA),Y.S.R. Kadapa(DISTRICT COLLECTOR CUDDAPAH_IDA),Normal/Others,Normal/Others,500000,Recommended,Recommended,2024-10-08T00:00:00.000Z,2024,Lok Sabha,18,0,False,0,0,Construction of gravel road from guda PRABHAKAR REDDY Fields to KUPPALA RAVI Fields Nagireddypalli habitation buggalapalli (GP) of Chain Thakomma Dinne mandal,Construction of gravel road from guda PRABHAKAR REDDY Fields to KUPPALA RAVI Fields Nagireddypalli habitation buggalapalli (GP) of Chain Thakomma Dinne mandal,,Y S Avinash Reddy,,KADAPA,500000,2024-10-08T00:00:00.000Z,2024-10-08 00:00:00+00:00,693
206912,Andhra Pradesh,Andhra Pradesh,BAPATLA,BAPATLA,Bapatla(DISTRICT COLLECTOR BAPATLA_IDA),Bapatla(DISTRICT COLLECTOR BAPATLA_IDA),Normal/Others,Normal/Others,360000,Recommended,Recommended,2025-06-06T00:00:00.000Z,2025,Lok Sabha,18,0,False,0,0,"Construction of CC Roa from Gade Manindra Rao House to Gade Kakulaswamy house in gadevaripalem of Thummala G.P., Pothumeraka Revenue Village, Repalle Mandal, Bapatla district","Construction of CC Roa from Gade Manindra Rao House to Gade Kakulaswamy house in gadevaripalem of Thummala G.P., Pothumeraka Revenue Village, Repalle Mandal, Bapatla district",,Krishna Prasad Tenneti,,BAPATLA,360000,2025-06-06T00:00:00.000Z,2025-06-06 00:00:00+00:00,452
161793,Andhra Pradesh,Andhra Pradesh,NANDYAL,NANDYAL,Nandyal(DISTRICT COLLECTOR NANDYAL_IDA),Nandyal(DISTRICT COLLECTOR NANDYAL_IDA),Normal/Others,Normal/Others,500000,Recommended,Recommended,2024-12-28T00:00:00.000Z,2024,Lok Sabha,18,0,False,0,0,"2. Development of Yellavathula Village Road to Sivamma House in B.C. Colony of Kotakonda Village, Rudravaram Mandal
Construction aimed at strengthening road connectivity within the village, improving mobility and accessibility for the residents.","2. Development of Yellavathula Village Road to Sivamma House in B.C. Colony of Kotakonda Village, Rudravaram Mandal
Construction aimed at strengthening road connectivity within the village, improving mobility and accessibility for the residents.",,DR BYREDDY SHABARI,,NANDYAL,500000,2024-12-28T00:00:00.000Z,2024-12-28 00:00:00+00:00,612
206914,Andhra Pradesh,Andhra Pradesh,BAPATLA,BAPATLA,Bapatla(DISTRICT COLLECTOR BAPATLA_IDA),Bapatla(DISTRICT COLLECTOR BAPATLA_IDA),Normal/Others,Normal/Others,300000,Recommended,Recommended,2025-06-06T00:00:00.000Z,2025,Lok Sabha,18,0,False,0,0,"Construction of CC Road from Ramamandhiram to Pagadam narsareddy house in Pagadamvaripalem of Rambhotlapalem GP, Cherukupalli Mandal, Bapatla District","Construction of CC Road from Ramamandhiram to Pagadam narsareddy house in Pagadamvaripalem of Rambhotlapalem GP, Cherukupalli Mandal, Bapatla District",,Krishna Prasad Tenneti,,BAPATLA,300000,2025-06-06T00:00:00.000Z,2025-06-06 00:00:00+00:00,452
206925,Andhra Pradesh,Andhra Pradesh,BAPATLA,BAPATLA,Bapatla(DISTRICT COLLECTOR BAPATLA_IDA),Bapatla(DISTRICT COLLECTOR BAPATLA_IDA),Normal/Others,Normal/Others,300000,Recommended,Recommended,2025-06-06T00:00:00.000Z,2025,Lok Sabha,18,0,False,0,0,"Construction of CC Road from Ramayanam Ramakoteswara Rao house to Gudi Rangavardhini house in Karmuru GP, Repalle Mandal, Bapatla district","Construction of CC Road from Ramayanam Ramakoteswara Rao house to Gudi Rangavardhini house in Karmuru GP, Repalle Mandal, Bapatla district",,Krishna Prasad Tenneti,,BAPATLA,300000,2025-06-06T00:00:00.000Z,2025-06-06 00:00:00+00:00,452
162086,Andhra Pradesh,Andhra Pradesh,NANDYAL,NANDYAL,Nandyal(DISTRICT COLLECTOR NANDYAL_IDA),Nandyal(DISTRICT COLLECTOR NANDYAL_IDA),Normal/Others,Normal/Others,500000,Recommended,Recommended,2024-12-28T00:00:00.000Z,2024,Lok Sabha,18,0,False,0,0,"Providing CC road from Anganwadi School to Sanjeevarayudu's house and other lanes in Erragudur (v)Hamlet of Pamulapadu Mandal to improve road connectivity, ensure safer pedestrian access, and enhance infrastructure for the benefit of residents and community services","Providing CC road from Anganwadi School to Sanjeevarayudu's house and other lanes in Erragudur (v)Hamlet of Pamulapadu Mandal to improve road connectivity, ensure safer pedestrian access, and enhance infrastructure for the benefit of residents and community services",,DR BYREDDY SHABARI,,NANDYAL,500000,2024-12-28T00:00:00.000Z,2024-12-28 00:00:00+00:00,612
207887,Andhra Pradesh,Andhra Pradesh,ONGOLE,ONGOLE,PRAKASAM(DISTRICT COLLECTOR PRAKASAM_IDA),PRAKASAM(DISTRICT COLLECTOR PRAKASAM_IDA),Normal/Others,Normal/Others,900000,Recommended,Recommended,2025-06-10T00:00:00.000Z,2025,Lok Sabha,18,0,False,0,0,"Providing 1000 LPH Reserve Osmosis Plant with Borewell, Motor and Shed","Providing 1000 LPH Reserve Osmosis Plant with Borewell, Motor and Shed",,Magunta Sreenivasulu Reddy,,ONGOLE,900000,2025-06-10T00:00:00.000Z,2025-06-10 00:00:00+00:00,448
146054,Andhra Pradesh,Andhra Pradesh,KADAPA,KADAPA,Y.S.R. Kadapa(DISTRICT COLLECTOR CUDDAPAH_IDA),Y.S.R. Kadapa(DISTRICT COLLECTOR CUDDAPAH_IDA),Normal/Others,Normal/Others,200000,Recommended,Recommended,2024-10-08T00:00:00.000Z,2024,Lok Sabha,18,0,False,0,0,Improvements to their gravel road from N Bala Obalah Fields to M Gangadarreddy fields in Machanuru Village of Machanuru GP of Pendlimarri Mandal,Improvements to their gravel road from N Bala Obalah Fields to M Gangadarreddy fields in Machanuru Village of Machanuru GP of Pendlimarri Mandal,,Y S Avinash Reddy,,KADAPA,200000,2024-10-08T00:00:00.000Z,2024-10-08 00:00:00+00:00,693
207889,Andhra Pradesh,Andhra Pradesh,ONGOLE,ONGOLE,PRAKASAM(DISTRICT COLLECTOR PRAKASAM_IDA),PRAKASAM(DISTRICT COLLECTOR PRAKASAM_IDA),Normal/Others,Normal/Others,1200000,Recommended,Recommended,2025-06-10T00:00:00.000Z,2025,Lok Sabha,18,0,False,0,0,"Providing 1000 LPH Reverse Osmosis Plant with Bore Well, Motor and Shed in Bodapadu Village","Providing 1000 LPH Reverse Osmosis Plant with Bore Well, Motor and Shed in Bodapadu Village",,Magunta Sreenivasulu Reddy,,ONGOLE,1200000,2025-06-10T00:00:00.000Z,2025-06-10 00:00:00+00:00,448
162215,Andhra Pradesh,Andhra Pradesh,HINDUPUR,HINDUPUR,Ananthapuramu(DISTRICT COLLECTOR ANANTAPUR_IDA),Ananthapuramu(DISTRICT COLLECTOR ANANTAPUR_IDA),Normal/Others,Normal/Others,1000000,Recommended,Recommended,2024-12-29T00:00:00.000Z,2024,Lok Sabha,18,0,False,0,0,Construction of community hall in Sno.203 B. Yaleru village Atmakuru (M),Construction of community hall in Sno.203 B. Yaleru village Atmakuru (M),,B K PARTHASARATHI,,HINDUPUR,1000000,2024-12-29T00:00:00.000Z,2024-12-29 00:00:00+00:00,611
175556,Andaman And Nicobar Islands,Andaman And Nicobar Islands,ANDAMAN AND NICOBAR ISLANDS,ANDAMAN AND NICOBAR ISLANDS,SOUTH ANDAMANS(Implementing District Authority(SA)),SOUTH ANDAMANS(Implementing District Authority(SA)),Repair and Renovation,Repair and Renovation,4947034,Recommended,Recommended,2025-02-14T00:00:00.000Z,2025,Lok Sabha,18,0,True,3655060,1,"Repair and renovation of road from CPWD complex, Ranchi Tikrey Dairyfarm to Fisheries Quarter, Port Blair","Repair and renovation of road from CPWD complex, Ranchi Tikrey Dairyfarm to Fisheries Quarter, Port Blair",,BISHNU PADA RAY,,ANDAMAN AND NICOBAR ISLANDS,4947034,2025-02-14T00:00:00.000Z,2025-02-14 00:00:00+00:00,564
175561,Andaman And Nicobar Islands,Andaman And Nicobar Islands,ANDAMAN AND NICOBAR ISLANDS,ANDAMAN AND NICOBAR ISLANDS,SOUTH ANDAMANS(Implementing District Authority(SA)),SOUTH ANDAMANS(Implementing District Authority(SA)),Normal/Others,Normal/Others,1498887,Recommended,Recommended,2025-02-14T00:00:00.000Z,2025,Lok Sabha,18,0,True,1189292,1,"Construction of CC Motorable road between Govt. Primary School and Shri SK Singh house at Garacharma, Ward No.18, Port Blair","Construction of CC Motorable road between Govt. Primary School and Shri SK Singh house at Garacharma, Ward No.18, Port Blair",,BISHNU PADA RAY,,ANDAMAN AND NICOBAR ISLANDS,1498887,2025-02-14T00:00:00.000Z,2025-02-14 00:00:00+00:00,564
188528,Andaman And Nicobar Islands,Andaman And Nicobar Islands,ANDAMAN AND NICOBAR ISLANDS,ANDAMAN AND NICOBAR ISLANDS,SOUTH ANDAMANS(Implementing District Authority(SA)),SOUTH ANDAMANS(Implementing District Authority(SA)),Normal/Others,Normal/Others,1320600,Recommended,Recommended,2025-04-01T00:00:00.000Z,2025,Lok Sabha,18,0,True,803540,1,"Construction of CC drain from CPWD quarters to Fisheries Quarters via Sree Shaktivel Murugan Temple for a length of 350 mtrs at Ranci Tikrey, Dairy Farm, Ward No.9, SVP.","Construction of CC drain from CPWD quarters to Fisheries Quarters via Sree Shaktivel Murugan Temple for a length of 350 mtrs at Ranci Tikrey, Dairy Farm, Ward No.9, SVP.",,BISHNU PADA RAY,,ANDAMAN AND NICOBAR ISLANDS,1320600,2025-04-01T00:00:00.000Z,2025-04-01 00:00:00+00:00,518
899,Andhra Pradesh,Andhra Pradesh,TIRUPATI,TIRUPATI,Annamayya(DISTRICT COLLECTOR ANNAMAYYA_IDA),Annamayya(DISTRICT COLLECTOR ANNAMAYYA_IDA),Normal/Others,Normal/Others,390388,Recommended,Recommended,2024-11-02T00:00:00.000Z,2024,Lok Sabha,18,0,False,0,0,"Construction of CC Road D. Narayana house to R&B road in Pullareddy Palli H/W (V), Anantha Samudram G.P. in Pullampeta Mandal.","Construction of CC Road D. Narayana house to R&B road in Pullareddy Palli H/W (V), Anantha Samudram G.P. in Pullampeta Mandal.",,Maddila Gurumoorthy,,TIRUPATI,390388,2024-11-02T00:00:00.000Z,2024-11-02 00:00:00+00:00,668
1489,Andhra Pradesh,Andhra Pradesh,ARAKU,ARAKU,"EAST GODAVARI(DISTRICT COLLECTOR, EAST GODAVARI)","EAST GODAVARI(DISTRICT COLLECTOR, EAST GODAVARI)",Normal/Others,Normal/Others,500000,Recommended,Recommended,2025-08-07T00:00:00.000Z,2025,Lok Sabha,18,0,False,0,0,construction of cc road from n16 road to kallepali venkataraju site of konthamuru,construction of cc road from n16 road to kallepali venkataraju site of konthamuru,,Gumma Thanuja Rani,,ARAKU,500000,2025-08-07T00:00:00.000Z,2025-08-07 00:00:00+00:00,390
141551,Andhra Pradesh,Andhra Pradesh,CHITTOOR,CHITTOOR,Tirupati(DISTRICT COLLECTOR TIRUPATI_IDA),Tirupati(DISTRICT COLLECTOR TIRUPATI_IDA),Normal/Others,Normal/Others,490000,Recommended,Recommended,2024-09-18T00:00:00.000Z,2024,Lok Sabha,18,0,False,0,0,"Construction of WBM Road from Jimkalamitta SC Colony to Snam alloys Pvt. Link road at Jimkalamitta Village, Damalacheruvu GP of Pakala Mandal, Chandragiri Constituency.","Construction of WBM Road from Jimkalamitta SC Colony to Snam alloys Pvt. Link road at Jimkalamitta Village, Damalacheruvu GP of Pakala Mandal, Chandragiri Constituency.",,DAGGUMALLA PRASADA RAO,,CHITTOOR,490000,2024-09-18T00:00:00.000Z,2024-09-18 00:00:00+00:00,713
161715,Andhra Pradesh,Andhra Pradesh,TIRUPATI,TIRUPATI,Tirupati(DISTRICT COLLECTOR TIRUPATI_IDA),Tirupati(DISTRICT COLLECTOR TIRUPATI_IDA),Normal/Others,Normal/Others,180000,Recommended,Recommended,2024-12-27T00:00:00.000Z,2024,Lok Sabha,18,0,False,0,0,Providing street lights and fixtures at Irugulam in Satyavedu Mandal.,Providing street lights and fixtures at Irugulam in Satyavedu Mandal.,,Maddila Gurumoorthy,,TIRUPATI,180000,2024-12-27T00:00:00.000Z,2024-12-27 00:00:00+00:00,613
199552,Andhra Pradesh,Andhra Pradesh,TIRUPATI,TIRUPATI,Tirupati(DISTRICT COLLECTOR TIRUPATI_IDA),Tirupati(DISTRICT COLLECTOR TIRUPATI_IDA),Normal/Others,Normal/Others,300000,Recommended,Recommended,2025-05-19T00:00:00.000Z,2025,Lok Sabha,18,0,True,299331,1,Construction of CC Open Drain with cover slab from Mekapilla Guravaiah house to gonu Thirupalaiah house at Akkurthy HW Ho Akkurthy GP in Srikalahasthi Mandal.,Construction of CC Open Drain with cover slab from Mekapilla Guravaiah house to gonu Thirupalaiah house at Akkurthy HW Ho Akkurthy GP in Srikalahasthi Mandal.,,Maddila Gurumoorthy,,TIRUPATI,300000,2025-05-19T00:00:00.000Z,2025-05-19 00:00:00+00:00,470
162476,Andhra Pradesh,Andhra Pradesh,GUNTUR,GUNTUR,GUNTUR(DISTRICT COLLECTOR GUNTUR_IDA),GUNTUR(DISTRICT COLLECTOR GUNTUR_IDA),Normal/Others,Normal/Others,200000,Recommended,Recommended,2024-12-30T00:00:00.000Z,2024,Lok Sabha,18,0,False,0,0,Construction of retaining wall near Foot over bridge in Morampudi(V) of Duggirala(M),Construction of retaining wall near Foot over bridge in Morampudi(V) of Duggirala(M),,Dr Chandra Sekhar Pemmasani,,GUNTUR,200000,2024-12-30T00:00:00.000Z,2024-12-30 00:00:00+00:00,610
207971,Andhra Pradesh,Andhra Pradesh,RAJAMPET,RAJAMPET,Annamayya(DISTRICT COLLECTOR ANNAMAYYA_IDA),Annamayya(DISTRICT COLLECTOR ANNAMAYYA_IDA),Normal/Others,Normal/Others,490000,Recommended,Recommended,2025-06-11T00:00:00.000Z,2025,Lok Sabha,18,0,False,0,0,"Providing PVC Pipeline in Nakkaladinne Vaddi Palli, KV Palli G.P","Providing PVC Pipeline in Nakkaladinne Vaddi Palli, KV Palli G.P",,Midhun Reddy,,RAJAMPET,490000,2025-06-11T00:00:00.000Z,2025-06-11 00:00:00+00:00,447
146056,Andhra Pradesh,Andhra Pradesh,KADAPA,KADAPA,Y.S.R. Kadapa(DISTRICT COLLECTOR CUDDAPAH_IDA),Y.S.R. Kadapa(DISTRICT COLLECTOR CUDDAPAH_IDA),Normal/Others,Normal/Others,250000,Recommended,Recommended,2024-10-08T00:00:00.000Z,2024,Lok Sabha,18,0,False,0,0,"Completion of incompleted YSR Health clinic in Yallareddypalli (V)&(GP) of Kamalapuram (M), of Kadapa (DIST).","Completion of incompleted YSR Health clinic in Yallareddypalli (V)&(GP) of Kamalapuram (M), of Kadapa (DIST).",,Y S Avinash Reddy,,KADAPA,250000,2024-10-08T00:00:00.000Z,2024-10-08 00:00:00+00:00,693
208025,Andhra Pradesh,Andhra Pradesh,TIRUPATI,TIRUPATI,Tirupati(DISTRICT COLLECTOR TIRUPATI_IDA),Tirupati(DISTRICT COLLECTOR TIRUPATI_IDA),Normal/Others,Normal/Others,300000,Recommended,Recommended,2025-06-16T00:00:00.000Z,2025,Lok Sabha,18,0,False,0,0,Providing of Street lights at KCN Gunta GP of Sullurpeta Mandal.,Providing of Street lights at KCN Gunta GP of Sullurpeta Mandal.,,Maddila Gurumoorthy,,TIRUPATI,300000,2025-06-16T00:00:00.000Z,2025-06-16 00:00:00+00:00,442
163085,Andhra Pradesh,Andhra Pradesh,HINDUPUR,HINDUPUR,Sri Sathya Sai(DISTRICT COLLECTOR SRI SATHYA SAI_IDA),Sri Sathya Sai(DISTRICT COLLECTOR SRI SATHYA SAI_IDA),Normal/Others,Normal/Others,500000,Recommended,Recommended,2025-01-04T00:00:00.000Z,2025,Lok Sabha,18,0,False,0,0,construction of road from kanisettiipalli to burial ground,construction of road from kanisettiipalli to burial ground,,B K PARTHASARATHI,,HINDUPUR,500000,2025-01-04T00:00:00.000Z,2025-01-04 00:00:00+00:00,605
208083,Andhra Pradesh,Andhra Pradesh,TIRUPATI,TIRUPATI,Tirupati(DISTRICT COLLECTOR TIRUPATI_IDA),Tirupati(DISTRICT COLLECTOR TIRUPATI_IDA),Normal/Others,Normal/Others,500000,Recommended,Recommended,2025-06-16T00:00:00.000Z,2025,Lok Sabha,18,0,False,0,0,Construction of Open CC Drain from Ramalayam to Gonugodugu Kishtaiah (H) in Bhyravaram SC colony of Bhyravaram GP of Balayapalli Mandal.,Construction of Open CC Drain from Ramalayam to Gonugodugu Kishtaiah (H) in Bhyravaram SC colony of Bhyravaram GP of Balayapalli Mandal.,,Maddila Gurumoorthy,,TIRUPATI,500000,2025-06-16T00:00:00.000Z,2025-06-16 00:00:00+00:00,442
902,Andhra Pradesh,Andhra Pradesh,TIRUPATI,TIRUPATI,Annamayya(DISTRICT COLLECTOR ANNAMAYYA_IDA),Annamayya(DISTRICT COLLECTOR ANNAMAYYA_IDA),Normal/Others,Normal/Others,389748,Recommended,Recommended,2024-11-02T00:00:00.000Z,2024,Lok Sabha,18,0,False,0,0,Construction of Ramulavari Gudi to R& B Road A.Oedipally (V) Anantha Samudram G.P.in Pullampeta Mandal.,Construction of Ramulavari Gudi to R& B Road A.Oedipally (V) Anantha Samudram G.P.in Pullampeta Mandal.,,Maddila Gurumoorthy,,TIRUPATI,389748,2024-11-02T00:00:00.000Z,2024-11-02 00:00:00+00:00,668
208085,Andhra Pradesh,Andhra Pradesh,TIRUPATI,TIRUPATI,Tirupati(DISTRICT COLLECTOR TIRUPATI_IDA),Tirupati(DISTRICT COLLECTOR TIRUPATI_IDA),Normal/Others,Normal/Others,500000,Recommended,Recommended,2025-06-16T00:00:00.000Z,2025,Lok Sabha,18,0,False,0,0,Construction of Internal CC Roads at Kothakuppam of BV Palem GP in Tada Mandal.,Construction of Internal CC Roads at Kothakuppam of BV Palem GP in Tada Mandal.,,Maddila Gurumoorthy,,TIRUPATI,500000,2025-06-16T00:00:00.000Z,2025-06-16 00:00:00+00:00,442
163088,Andhra Pradesh,Andhra Pradesh,HINDUPUR,HINDUPUR,Sri Sathya Sai(DISTRICT COLLECTOR SRI SATHYA SAI_IDA),Sri Sathya Sai(DISTRICT COLLECTOR SRI SATHYA SAI_IDA),Normal/Others,Normal/Others,500000,Recommended,Recommended,2025-01-04T00:00:00.000Z,2025,Lok Sabha,18,0,False,0,0,construction of road from T.D palli cross to obulapuram(v) reach-2,construction of road from T.D palli cross to obulapuram(v) reach-2,,B K PARTHASARATHI,,HINDUPUR,500000,2025-01-04T00:00:00.000Z,2025-01-04 00:00:00+00:00,605
208158,Andhra Pradesh,Andhra Pradesh,VISAKHAPATNAM,VISAKHAPATNAM,VIZIANAGARAM(DISTRICT COLLECTOR VIZIANAGARAM_IDA),VIZIANAGARAM(DISTRICT COLLECTOR VIZIANAGARAM_IDA),Repair and Renovation,Repair and Renovation,1600000,Recommended,Recommended,2025-06-13T00:00:00.000Z,2025,Lok Sabha,18,0,False,0,0,Additional Classroom MPPS,Additional Classroom MPPS,,Sribharat MathuKumli,,VISAKHAPATNAM,1600000,2025-06-13T00:00:00.000Z,2025-06-13 00:00:00+00:00,445
146760,Andhra Pradesh,Andhra Pradesh,CHITTOOR,CHITTOOR,CHITTOOR(DISTRICT COLLECTOR CHITTOOR_IDA),CHITTOOR(DISTRICT COLLECTOR CHITTOOR_IDA),Normal/Others,Normal/Others,390000,Recommended,Recommended,2024-10-11T00:00:00.000Z,2024,Lok Sabha,18,0,False,0,0,OHSR Tank Minor repairs at Gadduru H/o. Battuvaripalle GP of Ramakuppam Mandal.,OHSR Tank Minor repairs at Gadduru H/o. Battuvaripalle GP of Ramakuppam Mandal.,,DAGGUMALLA PRASADA RAO,,CHITTOOR,390000,2024-10-11T00:00:00.000Z,2024-10-11 00:00:00+00:00,690
208633,Andhra Pradesh,Andhra Pradesh,TIRUPATI,TIRUPATI,Tirupati(DISTRICT COLLECTOR TIRUPATI_IDA),Tirupati(DISTRICT COLLECTOR TIRUPATI_IDA),Normal/Others,Normal/Others,500000,Recommended,Recommended,2025-06-16T00:00:00.000Z,2025,Lok Sabha,18,0,False,0,0,Construction of Internal CC Road from S.Munichandramma House to Anganwadi at Santhavellore ST Colony in Santhavellore GP of Varadaiahpalem Mandal.,Construction of Internal CC Road from S.Munichandramma House to Anganwadi at Santhavellore ST Colony in Santhavellore GP of Varadaiahpalem Mandal.,,Maddila Gurumoorthy,,TIRUPATI,500000,2025-06-16T00:00:00.000Z,2025-06-16 00:00:00+00:00,442
163112,Andhra Pradesh,Andhra Pradesh,SRIKAKULAM,SRIKAKULAM,SRIKAKULAM(District Collector Srikakulam_IDA),SRIKAKULAM(District Collector Srikakulam_IDA),Normal/Others,Normal/Others,500000,Recommended,Recommended,2025-01-02T00:00:00.000Z,2025,Lok Sabha,18,0,False,0,0,Providing Power Bore at Kothwal Street in Ward No.24 of Palasa  Kasibugga Municipality,Providing Power Bore at Kothwal Street in Ward No.24 of Palasa  Kasibugga Municipality,,Kinjarapu Ram Mohan Naidu,,SRIKAKULAM,500000,2025-01-02T00:00:00.000Z,2025-01-02 00:00:00+00:00,607
209706,Andhra Pradesh,Andhra Pradesh,VIZIANAGARAM,VIZIANAGARAM,VIZIANAGARAM(DISTRICT COLLECTOR VIZIANAGARAM_IDA),VIZIANAGARAM(DISTRICT COLLECTOR VIZIANAGARAM_IDA),Normal/Others,Normal/Others,499000,Recommended,Recommended,2025-06-17T00:00:00.000Z,2025,Lok Sabha,18,0,True,457509,1,Construction of CC Road and Drain from Plot.No.11 to Plot.No.16 at Jonouralist Colony besides ESI Hospital at Gajularega,Construction of CC Road and Drain from Plot.No.11 to Plot.No.16 at Jonouralist Colony besides ESI Hospital at Gajularega,,Appalanaidu Kalisetti,,VIZIANAGARAM,499000,2025-06-17T00:00:00.000Z,2025-06-17 00:00:00+00:00,441
209731,Andhra Pradesh,Andhra Pradesh,VIZIANAGARAM,VIZIANAGARAM,VIZIANAGARAM(DISTRICT COLLECTOR VIZIANAGARAM_IDA),VIZIANAGARAM(DISTRICT COLLECTOR VIZIANAGARAM_IDA),Normal/Others,Normal/Others,320000,Recommended,Recommended,2025-06-17T00:00:00.000Z,2025,Lok Sabha,18,0,True,283046,1,Construction of CC Road from Plot.No.52 to Main Road at Jonourlist Colony beside ESI Hospital at Gajularega,Construction of CC Road from Plot.No.52 to Main Road at Jonourlist Colony beside ESI Hospital at Gajularega,,Appalanaidu Kalisetti,,VIZIANAGARAM,320000,2025-06-17T00:00:00.000Z,2025-06-17 00:00:00+00:00,441
163124,Andhra Pradesh,Andhra Pradesh,SRIKAKULAM,SRIKAKULAM,SRIKAKULAM(District Collector Srikakulam_IDA),SRIKAKULAM(District Collector Srikakulam_IDA),Normal/Others,Normal/Others,650000,Recommended,Recommended,2025-01-02T00:00:00.000Z,2025,Lok Sabha,18,0,False,0,0,Construction of Toilets Block in ZPH School in Peddavanka village of Vajrapukothuru mandal,Construction of Toilets Block in ZPH School in Peddavanka village of Vajrapukothuru mandal,,Kinjarapu Ram Mohan Naidu,,SRIKAKULAM,650000,2025-01-02T00:00:00.000Z,2025-01-02 00:00:00+00:00,607
211592,Andhra Pradesh,Andhra Pradesh,RAJAMPET,RAJAMPET,CHITTOOR(DISTRICT COLLECTOR CHITTOOR_IDA),CHITTOOR(DISTRICT COLLECTOR CHITTOOR_IDA),Normal/Others,Normal/Others,500000,Recommended,Recommended,2025-06-24T00:00:00.000Z,2025,Lok Sabha,18,0,False,0,0,Internal CC Road in Chinthaparthivaripalli Village and GP,Internal CC Road in Chinthaparthivaripalli Village and GP,,Midhun Reddy,,RAJAMPET,500000,2025-06-24T00:00:00.000Z,2025-06-24 00:00:00+00:00,434
146762,Andhra Pradesh,Andhra Pradesh,CHITTOOR,CHITTOOR,CHITTOOR(DISTRICT COLLECTOR CHITTOOR_IDA),CHITTOOR(DISTRICT COLLECTOR CHITTOOR_IDA),Normal/Others,Normal/Others,500000,Recommended,Recommended,2024-10-11T00:00:00.000Z,2024,Lok Sabha,18,0,True,499898,2,Construction of Compound wall to SC Community Hall (Phase-I) at Mallanuru H/o. Mallanuru GP of Kuppam Mandal.,Construction of Compound wall to SC Community Hall (Phase-I) at Mallanuru H/o. Mallanuru GP of Kuppam Mandal.,,DAGGUMALLA PRASADA RAO,,CHITTOOR,500000,2024-10-11T00:00:00.000Z,2024-10-11 00:00:00+00:00,690
211616,Andhra Pradesh,Andhra Pradesh,RAJAMPET,RAJAMPET,Annamayya(DISTRICT COLLECTOR ANNAMAYYA_IDA),Annamayya(DISTRICT COLLECTOR ANNAMAYYA_IDA),Normal/Others,Normal/Others,300000,Recommended,Recommended,2025-06-24T00:00:00.000Z,2025,Lok Sabha,18,0,False,0,0,Formation of Road KVRR Puram Main Road to SC Lands in KVRR Puram Village and GP,Formation of Road KVRR Puram Main Road to SC Lands in KVRR Puram Village and GP,,Midhun Reddy,,RAJAMPET,300000,2025-06-24T00:00:00.000Z,2025-06-24 00:00:00+00:00,434
163212,Andhra Pradesh,Andhra Pradesh,SRIKAKULAM,SRIKAKULAM,SRIKAKULAM(District Collector Srikakulam_IDA),SRIKAKULAM(District Collector Srikakulam_IDA),Normal/Others,Normal/Others,1500000,Recommended,Recommended,2025-01-02T00:00:00.000Z,2025,Lok Sabha,18,0,False,0,0,"Construction of Anganwadi building at Chinadugam village, Jalumuru mandal","Construction of Anganwadi building at Chinadugam village, Jalumuru mandal",,Kinjarapu Ram Mohan Naidu,,SRIKAKULAM,1500000,2025-01-02T00:00:00.000Z,2025-01-02 00:00:00+00:00,607
211625,Andhra Pradesh,Andhra Pradesh,RAJAMPET,RAJAMPET,Annamayya(DISTRICT COLLECTOR ANNAMAYYA_IDA),Annamayya(DISTRICT COLLECTOR ANNAMAYYA_IDA),Normal/Others,Normal/Others,500000,Recommended,Recommended,2025-06-24T00:00:00.000Z,2025,Lok Sabha,18,0,False,0,0,Formation of Road from AG Palli to UK Road in Ananthaiahgaripalli Village and GP,Formation of Road from AG Palli to UK Road in Ananthaiahgaripalli Village and GP,,Midhun Reddy,,RAJAMPET,500000,2025-06-24T00:00:00.000Z,2025-06-24 00:00:00+00:00,434
175556,Andaman And Nicobar Islands,Andaman And Nicobar Islands,ANDAMAN AND NICOBAR ISLANDS,ANDAMAN AND NICOBAR ISLANDS,SOUTH ANDAMANS(Implementing District Authority(SA)),SOUTH ANDAMANS(Implementing District Authority(SA)),Repair and Renovation,Repair and Renovation,4947034,Recommended,Recommended,2025-02-14T00:00:00.000Z,2025,Lok Sabha,18,0,True,3655060,1,"Repair and renovation of road from CPWD complex, Ranchi Tikrey Dairyfarm to Fisheries Quarter, Port Blair","Repair and renovation of road from CPWD complex, Ranchi Tikrey Dairyfarm to Fisheries Quarter, Port Blair",,BISHNU PADA RAY,,ANDAMAN AND NICOBAR ISLANDS,4947034,2025-02-14T00:00:00.000Z,2025-02-14 00:00:00+00:00,564
175561,Andaman And Nicobar Islands,Andaman And Nicobar Islands,ANDAMAN AND NICOBAR ISLANDS,ANDAMAN AND NICOBAR ISLANDS,SOUTH ANDAMANS(Implementing District Authority(SA)),SOUTH ANDAMANS(Implementing District Authority(SA)),Normal/Others,Normal/Others,1498887,Recommended,Recommended,2025-02-14T00:00:00.000Z,2025,Lok Sabha,18,0,True,1189292,1,"Construction of CC Motorable road between Govt. Primary School and Shri SK Singh house at Garacharma, Ward No.18, Port Blair","Construction of CC Motorable road between Govt. Primary School and Shri SK Singh house at Garacharma, Ward No.18, Port Blair",,BISHNU PADA RAY,,ANDAMAN AND NICOBAR ISLANDS,1498887,2025-02-14T00:00:00.000Z,2025-02-14 00:00:00+00:00,564
188528,Andaman And Nicobar Islands,Andaman And Nicobar Islands,ANDAMAN AND NICOBAR ISLANDS,ANDAMAN AND NICOBAR ISLANDS,SOUTH ANDAMANS(Implementing District Authority(SA)),SOUTH ANDAMANS(Implementing District Authority(SA)),Normal/Others,Normal/Others,1320600,Recommended,Recommended,2025-04-01T00:00:00.000Z,2025,Lok Sabha,18,0,True,803540,1,"Construction of CC drain from CPWD quarters to Fisheries Quarters via Sree Shaktivel Murugan Temple for a length of 350 mtrs at Ranci Tikrey, Dairy Farm, Ward No.9, SVP.","Construction of CC drain from CPWD quarters to Fisheries Quarters via Sree Shaktivel Murugan Temple for a length of 350 mtrs at Ranci Tikrey, Dairy Farm, Ward No.9, SVP.",,BISHNU PADA RAY,,ANDAMAN AND NICOBAR ISLANDS,1320600,2025-04-01T00:00:00.000Z,2025-04-01 00:00:00+00:00,518
899,Andhra Pradesh,Andhra Pradesh,TIRUPATI,TIRUPATI,Annamayya(DISTRICT COLLECTOR ANNAMAYYA_IDA),Annamayya(DISTRICT COLLECTOR ANNAMAYYA_IDA),Normal/Others,Normal/Others,390388,Recommended,Recommended,2024-11-02T00:00:00.000Z,2024,Lok Sabha,18,0,False,0,0,"Construction of CC Road D. Narayana house to R&B road in Pullareddy Palli H/W (V), Anantha Samudram G.P. in Pullampeta Mandal.","Construction of CC Road D. Narayana house to R&B road in Pullareddy Palli H/W (V), Anantha Samudram G.P. in Pullampeta Mandal.",,Maddila Gurumoorthy,,TIRUPATI,390388,2024-11-02T00:00:00.000Z,2024-11-02 00:00:00+00:00,668
1489,Andhra Pradesh,Andhra Pradesh,ARAKU,ARAKU,"EAST GODAVARI(DISTRICT COLLECTOR, EAST GODAVARI)","EAST GODAVARI(DISTRICT COLLECTOR, EAST GODAVARI)",Normal/Others,Normal/Others,500000,Recommended,Recommended,2025-08-07T00:00:00.000Z,2025,Lok Sabha,18,0,False,0,0,construction of cc road from n16 road to kallepali venkataraju site of konthamuru,construction of cc road from n16 road to kallepali venkataraju site of konthamuru,,Gumma Thanuja Rani,,ARAKU,500000,2025-08-07T00:00:00.000Z,2025-08-07 00:00:00+00:00,390
141551,Andhra Pradesh,Andhra Pradesh,CHITTOOR,CHITTOOR,Tirupati(DISTRICT COLLECTOR TIRUPATI_IDA),Tirupati(DISTRICT COLLECTOR TIRUPATI_IDA),Normal/Others,Normal/Others,490000,Recommended,Recommended,2024-09-18T00:00:00.000Z,2024,Lok Sabha,18,0,False,0,0,"Construction of WBM Road from Jimkalamitta SC Colony to Snam alloys Pvt. Link road at Jimkalamitta Village, Damalacheruvu GP of Pakala Mandal, Chandragiri Constituency.","Construction of WBM Road from Jimkalamitta SC Colony to Snam alloys Pvt. Link road at Jimkalamitta Village, Damalacheruvu GP of Pakala Mandal, Chandragiri Constituency.",,DAGGUMALLA PRASADA RAO,,CHITTOOR,490000,2024-09-18T00:00:00.000Z,2024-09-18 00:00:00+00:00,713
161715,Andhra Pradesh,Andhra Pradesh,TIRUPATI,TIRUPATI,Tirupati(DISTRICT COLLECTOR TIRUPATI_IDA),Tirupati(DISTRICT COLLECTOR TIRUPATI_IDA),Normal/Others,Normal/Others,180000,Recommended,Recommended,2024-12-27T00:00:00.000Z,2024,Lok Sabha,18,0,False,0,0,Providing street lights and fixtures at Irugulam in Satyavedu Mandal.,Providing street lights and fixtures at Irugulam in Satyavedu Mandal.,,Maddila Gurumoorthy,,TIRUPATI,180000,2024-12-27T00:00:00.000Z,2024-12-27 00:00:00+00:00,613
199552,Andhra Pradesh,Andhra Pradesh,TIRUPATI,TIRUPATI,Tirupati(DISTRICT COLLECTOR TIRUPATI_IDA),Tirupati(DISTRICT COLLECTOR TIRUPATI_IDA),Normal/Others,Normal/Others,300000,Recommended,Recommended,2025-05-19T00:00:00.000Z,2025,Lok Sabha,18,0,True,299331,1,Construction of CC Open Drain with cover slab from Mekapilla Guravaiah house to gonu Thirupalaiah house at Akkurthy HW Ho Akkurthy GP in Srikalahasthi Mandal.,Construction of CC Open Drain with cover slab from Mekapilla Guravaiah house to gonu Thirupalaiah house at Akkurthy HW Ho Akkurthy GP in Srikalahasthi Mandal.,,Maddila Gurumoorthy,,TIRUPATI,300000,2025-05-19T00:00:00.000Z,2025-05-19 00:00:00+00:00,470
1506,Arunachal Pradesh,Arunachal Pradesh,ARUNACHAL EAST,ARUNACHAL EAST,LOWER SIANG(Deputy Commisioner Lower Siang_IDA),LOWER SIANG(Deputy Commisioner Lower Siang_IDA),Normal/Others,Normal/Others,500000,Recommended,Recommended,2025-08-09T00:00:00.000Z,2025,Lok Sabha,18,0,False,0,0,Construction of CC Step at Mane Village in Lower Siang District,Construction of CC Step at Mane Village in Lower Siang District,,Shri Tapir Gao,,ARUNACHAL EAST,500000,2025-08-09T00:00:00.000Z,2025-08-09 00:00:00+00:00,388
213083,Andhra Pradesh,Andhra Pradesh,BAPATLA,BAPATLA,Bapatla(DISTRICT COLLECTOR BAPATLA_IDA),Bapatla(DISTRICT COLLECTOR BAPATLA_IDA),Normal/Others,Normal/Others,2000000,Recommended,Recommended,2025-07-09T00:00:00.000Z,2025,Lok Sabha,18,0,True,857776,1,"Construction of Community Hall in Surepalli Village, Muktheswaram, Ballikurava Mandal","Construction of Community Hall in Surepalli Village, Muktheswaram, Ballikurava Mandal",,Krishna Prasad Tenneti,,BAPATLA,2000000,2025-07-09T00:00:00.000Z,2025-07-09 00:00:00+00:00,419
225908,Arunachal Pradesh,Arunachal Pradesh,ARUNACHAL EAST,ARUNACHAL EAST,"UPPER SIANG(DISTRICT PLANNING OFFICER,YINGKIONG)","UPPER SIANG(DISTRICT PLANNING OFFICER,YINGKIONG)",Normal/Others,Normal/Others,500000,Recommended,Recommended,2025-08-08T00:00:00.000Z,2025,Lok Sabha,18,0,True,500000,2,"Construction of MIC at Keung arik, Silli Village Mopom in Upper Siang District","Construction of MIC at Keung arik, Silli Village Mopom in Upper Siang District",,Shri Tapir Gao,,ARUNACHAL EAST,500000,2025-08-08T00:00:00.000Z,2025-08-08 00:00:00+00:00,389
226004,Arunachal Pradesh,Arunachal Pradesh,ARUNACHAL EAST,ARUNACHAL EAST,"UPPER SIANG(DISTRICT PLANNING OFFICER,YINGKIONG)","UPPER SIANG(DISTRICT PLANNING OFFICER,YINGKIONG)",Normal/Others,Normal/Others,400000,Recommended,Recommended,2025-08-09T00:00:00.000Z,2025,Lok Sabha,18,0,True,400000,2,"Construction of Culvert at Pubuk Village, Jengging in Upper Siang District","Construction of Culvert at Pubuk Village, Jengging in Upper Siang District",,Shri Tapir Gao,,ARUNACHAL EAST,400000,2025-08-09T00:00:00.000Z,2025-08-09 00:00:00+00:00,388
147043,Andhra Pradesh,Andhra Pradesh,RAJAMPET,RAJAMPET,CHITTOOR(DISTRICT COLLECTOR CHITTOOR_IDA),CHITTOOR(DISTRICT COLLECTOR CHITTOOR_IDA),Normal/Others,Normal/Others,500000,Recommended,Recommended,2024-10-14T00:00:00.000Z,2024,Lok Sabha,18,0,False,0,0,"Construction of Community Hall Near DCC Bank Street, Sodam","Construction of Community Hall Near DCC Bank Street, Sodam",,Midhun Reddy,,RAJAMPET,500000,2024-10-14T00:00:00.000Z,2024-10-14 00:00:00+00:00,687
226011,Arunachal Pradesh,Arunachal Pradesh,ARUNACHAL WEST,ARUNACHAL WEST,KURUNG KUMEY(Deputy Commissioner Kurung Kumey_IDA),KURUNG KUMEY(Deputy Commissioner Kurung Kumey_IDA),Normal/Others,Normal/Others,400000,Recommended,Recommended,2025-08-19T00:00:00.000Z,2025,Lok Sabha,18,0,False,0,0,Construction of Playground at Nikja Village,Construction of Playground at Nikja Village,,Kiren Rijiju,,ARUNACHAL WEST,400000,2025-08-19T00:00:00.000Z,2025-08-19 00:00:00+00:00,378
226016,Arunachal Pradesh,Arunachal Pradesh,ARUNACHAL WEST,ARUNACHAL WEST,KURUNG KUMEY(Deputy Commissioner Kurung Kumey_IDA),KURUNG KUMEY(Deputy Commissioner Kurung Kumey_IDA),Normal/Others,Normal/Others,800000,Recommended,Recommended,2025-08-19T00:00:00.000Z,2025,Lok Sabha,18,0,False,0,0,Construction of Toilet and Renovation of Rostrum at Sango Village,Construction of Toilet and Renovation of Rostrum at Sango Village,,Kiren Rijiju,,ARUNACHAL WEST,800000,2025-08-19T00:00:00.000Z,2025-08-19 00:00:00+00:00,378
213467,Andhra Pradesh,Andhra Pradesh,MACHILIPATNAM,MACHILIPATNAM,KRISHNA(DISTRICT COLLECTOR KRISHNA_IDA),KRISHNA(DISTRICT COLLECTOR KRISHNA_IDA),Normal/Others,Normal/Others,700000,Recommended,Recommended,2025-06-29T00:00:00.000Z,2025,Lok Sabha,18,0,False,0,0,Restoration of shutters for cross regulator at KM 2.320 on Ampapuram U.T medium drain under the jurisdiction of DC No.2 Kakulapadu,Restoration of shutters for cross regulator at KM 2.320 on Ampapuram U.T medium drain under the jurisdiction of DC No.2 Kakulapadu,,Balashowry Vallabbhaneni,,MACHILIPATNAM,700000,2025-06-29T00:00:00.000Z,2025-06-29 00:00:00+00:00,429
226028,Arunachal Pradesh,Arunachal Pradesh,ARUNACHAL WEST,ARUNACHAL WEST,PAPUM PARE(DEPUTY COMMISSIONER PAPUM PARE_IDA),PAPUM PARE(DEPUTY COMMISSIONER PAPUM PARE_IDA),Normal/Others,Normal/Others,1500000,Recommended,Recommended,2025-08-19T00:00:00.000Z,2025,Lok Sabha,18,0,True,1500000,1,Construction of CC Drain at Tai Colony at Sagalee,Construction of CC Drain at Tai Colony at Sagalee,,Kiren Rijiju,,ARUNACHAL WEST,1500000,2025-08-19T00:00:00.000Z,2025-08-19 00:00:00+00:00,378
163224,Andhra Pradesh,Andhra Pradesh,SRIKAKULAM,SRIKAKULAM,SRIKAKULAM(District Collector Srikakulam_IDA),SRIKAKULAM(District Collector Srikakulam_IDA),Normal/Others,Normal/Others,1000000,Recommended,Recommended,2025-01-02T00:00:00.000Z,2025,Lok Sabha,18,0,True,382515,1,"Construction of Burial Ground Shed, Burning Cot and Bore well at Kasimvalasa in 4th Ward, Amadalavalasa Municipality","Construction of Burial Ground Shed, Burning Cot and Bore well at Kasimvalasa in 4th Ward, Amadalavalasa Municipality",,Kinjarapu Ram Mohan Naidu,,SRIKAKULAM,1000000,2025-01-02T00:00:00.000Z,2025-01-02 00:00:00+00:00,607
213636,Andhra Pradesh,Andhra Pradesh,KAKINADA,KAKINADA,Kakinada(DISTRICT COLLECTOR KAKINADA_IDA),Kakinada(DISTRICT COLLECTOR KAKINADA_IDA),Normal/Others,Normal/Others,500000,Recommended,Recommended,2025-06-30T00:00:00.000Z,2025,Lok Sabha,18,0,True,498819,1,Construction of Volleyball Court,Construction of Volleyball Court,,TANGELLA UDAY SRINIVAS,,KAKINADA,500000,2025-06-30T00:00:00.000Z,2025-06-30 00:00:00+00:00,428
215302,Andhra Pradesh,Andhra Pradesh,RAJAMPET,RAJAMPET,Annamayya(DISTRICT COLLECTOR ANNAMAYYA_IDA),Annamayya(DISTRICT COLLECTOR ANNAMAYYA_IDA),Normal/Others,Normal/Others,200000,Recommended,Recommended,2025-07-06T00:00:00.000Z,2025,Lok Sabha,18,0,True,183546,1,Construction of CC Drain Rekkalakunda Palli to C Gollapalli,Construction of CC Drain Rekkalakunda Palli to C Gollapalli,,Midhun Reddy,,RAJAMPET,200000,2025-07-06T00:00:00.000Z,2025-07-06 00:00:00+00:00,422
163284,Andhra Pradesh,Andhra Pradesh,ANANTAPUR,ANANTAPUR,Ananthapuramu(DISTRICT COLLECTOR ANANTAPUR_IDA),Ananthapuramu(DISTRICT COLLECTOR ANANTAPUR_IDA),Normal/Others,Normal/Others,500000,Recommended,Recommended,2025-01-02T00:00:00.000Z,2025,Lok Sabha,18,0,False,0,0,Providing Bus Sheltar at Kasapuram of Guntakal mandal,Providing Bus Sheltar at Kasapuram of Guntakal mandal,,AMBICA G LAKSHMINARAYANA VALMIKI,,ANANTAPUR,500000,2025-01-02T00:00:00.000Z,2025-01-02 00:00:00+00:00,607
215308,Andhra Pradesh,Andhra Pradesh,RAJAMPET,RAJAMPET,Annamayya(DISTRICT COLLECTOR ANNAMAYYA_IDA),Annamayya(DISTRICT COLLECTOR ANNAMAYYA_IDA),Normal/Others,Normal/Others,200000,Recommended,Recommended,2025-07-06T00:00:00.000Z,2025,Lok Sabha,18,0,True,192284,1,"Construction CC Drain in Pathavuru Village, Nopalli GP","Construction CC Drain in Pathavuru Village, Nopalli GP",,Midhun Reddy,,RAJAMPET,200000,2025-07-06T00:00:00.000Z,2025-07-06 00:00:00+00:00,422
147046,Andhra Pradesh,Andhra Pradesh,RAJAMPET,RAJAMPET,Annamayya(DISTRICT COLLECTOR ANNAMAYYA_IDA),Annamayya(DISTRICT COLLECTOR ANNAMAYYA_IDA),Normal/Others,Normal/Others,300000,Recommended,Recommended,2024-10-14T00:00:00.000Z,2024,Lok Sabha,18,0,False,0,0,Formation of the Road from Tanguturu R&B Road at Aadapur Diguva HW to J Subramanyam fields in Aadapur (H&G.P),Formation of the Road from Tanguturu R&B Road at Aadapur Diguva HW to J Subramanyam fields in Aadapur (H&G.P),,Midhun Reddy,,RAJAMPET,300000,2024-10-14T00:00:00.000Z,2024-10-14 00:00:00+00:00,687
215314,Andhra Pradesh,Andhra Pradesh,RAJAMPET,RAJAMPET,Annamayya(DISTRICT COLLECTOR ANNAMAYYA_IDA),Annamayya(DISTRICT COLLECTOR ANNAMAYYA_IDA),Normal/Others,Normal/Others,200000,Recommended,Recommended,2025-07-06T00:00:00.000Z,2025,Lok Sabha,18,0,False,0,0,Laying of BT Road from Brahma Reddy Gardens to Raj Gardens in Upparapalli (V and G.P),Laying of BT Road from Brahma Reddy Gardens to Raj Gardens in Upparapalli (V and G.P),,Midhun Reddy,,RAJAMPET,200000,2025-07-06T00:00:00.000Z,2025-07-06 00:00:00+00:00,422
163291,Andhra Pradesh,Andhra Pradesh,ANANTAPUR,ANANTAPUR,Ananthapuramu(DISTRICT COLLECTOR ANANTAPUR_IDA),Ananthapuramu(DISTRICT COLLECTOR ANANTAPUR_IDA),Normal/Others,Normal/Others,4000000,Recommended,Recommended,2025-01-02T00:00:00.000Z,2025,Lok Sabha,18,0,True,3944844,3,"Construction of new building Vishranthi Dhamam (Male block) at Govt., General Hospital, Ananthapuramu","Construction of new building Vishranthi Dhamam (Male block) at Govt., General Hospital, Ananthapuramu",,AMBICA G LAKSHMINARAYANA VALMIKI,,ANANTAPUR,4000000,2025-01-02T00:00:00.000Z,2025-01-02 00:00:00+00:00,607
215867,Andhra Pradesh,Andhra Pradesh,TIRUPATI,TIRUPATI,Tirupati(DISTRICT COLLECTOR TIRUPATI_IDA),Tirupati(DISTRICT COLLECTOR TIRUPATI_IDA),Normal/Others,Normal/Others,500000,Recommended,Recommended,2025-07-15T00:00:00.000Z,2025,Lok Sabha,18,0,True,499987,1,Construction of Entrance Arch with gate at Government Degree College at Naidupeta in Tirupati District,Construction of Entrance Arch with gate at Government Degree College at Naidupeta in Tirupati District,,Maddila Gurumoorthy,,TIRUPATI,500000,2025-07-15T00:00:00.000Z,2025-07-15 00:00:00+00:00,413
932,Andhra Pradesh,Andhra Pradesh,NANDYAL,NANDYAL,KURNOOL(DISTRICT COLLECTOR KURNOOL_IDA),KURNOOL(DISTRICT COLLECTOR KURNOOL_IDA),Normal/Others,Normal/Others,500000,Recommended,Recommended,2024-12-09T00:00:00.000Z,2024,Lok Sabha,18,0,False,0,0,"providing CC Road alongwith drains from Lakshmi Reddy to Krishna Reddy house, Guttapadu Village of Orvakal Mandal.","providing CC Road alongwith drains from Lakshmi Reddy to Krishna Reddy house, Guttapadu Village of Orvakal Mandal.",,DR BYREDDY SHABARI,,NANDYAL,500000,2024-12-09T00:00:00.000Z,2024-12-09 00:00:00+00:00,631
216059,Andhra Pradesh,Andhra Pradesh,TIRUPATI,TIRUPATI,Tirupati(DISTRICT COLLECTOR TIRUPATI_IDA),Tirupati(DISTRICT COLLECTOR TIRUPATI_IDA),Normal/Others,Normal/Others,217000,Recommended,Recommended,2025-07-15T00:00:00.000Z,2025,Lok Sabha,18,0,True,215858,1,Providing Street Lights and fixtures in Chelluru GP in Yerpedu Mandal,Providing Street Lights and fixtures in Chelluru GP in Yerpedu Mandal,,Maddila Gurumoorthy,,TIRUPATI,217000,2025-07-15T00:00:00.000Z,2025-07-15 00:00:00+00:00,413
163576,Andhra Pradesh,Andhra Pradesh,ONGOLE,ONGOLE,PRAKASAM(DISTRICT COLLECTOR PRAKASAM_IDA),PRAKASAM(DISTRICT COLLECTOR PRAKASAM_IDA),Normal/Others,Normal/Others,1000000,Recommended,Recommended,2025-01-05T00:00:00.000Z,2025,Lok Sabha,18,0,True,992801,1,"Construction of Cultural Hall near P.V.R. Boys Municipal High School, Ongole","Construction of Cultural Hall near P.V.R. Boys Municipal High School, Ongole",,Magunta Sreenivasulu Reddy,,ONGOLE,1000000,2025-01-05T00:00:00.000Z,2025-01-05 00:00:00+00:00,604
216063,Andhra Pradesh,Andhra Pradesh,TIRUPATI,TIRUPATI,Tirupati(DISTRICT COLLECTOR TIRUPATI_IDA),Tirupati(DISTRICT COLLECTOR TIRUPATI_IDA),Normal/Others,Normal/Others,217000,Recommended,Recommended,2025-07-15T00:00:00.000Z,2025,Lok Sabha,18,0,True,215786,1,Providing Street Lights and fixtures in Kukkalagunta GP in Yerpedu Mandal,Providing Street Lights and fixtures in Kukkalagunta GP in Yerpedu Mandal,,Maddila Gurumoorthy,,TIRUPATI,217000,2025-07-15T00:00:00.000Z,2025-07-15 00:00:00+00:00,413
147534,Andhra Pradesh,Andhra Pradesh,KADAPA,KADAPA,Y.S.R. Kadapa(DISTRICT COLLECTOR CUDDAPAH_IDA),Y.S.R. Kadapa(DISTRICT COLLECTOR CUDDAPAH_IDA),Normal/Others,Normal/Others,95403,Recommended,Recommended,2024-10-16T00:00:00.000Z,2024,Lok Sabha,18,0,False,0,0,"Providing PVC Pipes 49 2/30 Inches to B.N.Thanda Village,K.Yerragudi  in CK peta Mandal","Providing PVC Pipes 49 2/30 Inches to B.N.Thanda Village,K.Yerragudi  in CK peta Mandal",,Y S Avinash Reddy,,KADAPA,95403,2024-10-16T00:00:00.000Z,2024-10-16 00:00:00+00:00,685
1054,Assam,Assam,BARPETA,BARPETA,CHIRANG(Deputy Commissioner Chirang_IDA),CHIRANG(Deputy Commissioner Chirang_IDA),Normal/Others,Normal/Others,1000000,Recommended,Recommended,2025-01-17T00:00:00.000Z,2025,Lok Sabha,18,0,False,0,0,"Construction of Boundary wall with fencing and gate at Gandhi Mohila Committee, vill-Palasguri at Khagrabari","Construction of Boundary wall with fencing and gate at Gandhi Mohila Committee, vill-Palasguri at Khagrabari",,PHANI BHUSAN CHOUDHURY,,BARPETA,1000000,2025-01-17T00:00:00.000Z,2025-01-17 00:00:00+00:00,592
1306,Assam,Assam,JORHAT,JORHAT,TINSUKIA(DC Tinsukia),TINSUKIA(DC Tinsukia),Normal/Others,Normal/Others,999998,Recommended,Recommended,2025-05-14T00:00:00.000Z,2025,Lok Sabha,18,0,False,0,0,"Construction of a Museum at 2 No. Tupsinga Gaon, Sadiya, Tinsukia District, Assam.","Construction of a Museum at 2 No. Tupsinga Gaon, Sadiya, Tinsukia District, Assam.",,GAURAV GOGOI,,JORHAT,999998,2025-05-14T00:00:00.000Z,2025-05-14 00:00:00+00:00,475
216066,Andhra Pradesh,Andhra Pradesh,TIRUPATI,TIRUPATI,Tirupati(DISTRICT COLLECTOR TIRUPATI_IDA),Tirupati(DISTRICT COLLECTOR TIRUPATI_IDA),Normal/Others,Normal/Others,500000,Recommended,Recommended,2025-07-15T00:00:00.000Z,2025,Lok Sabha,18,0,False,0,0,Construction of bus shelter at subbanaidu Kandriga of Subbanaidu kandriga GP in Srikalahasthi Mandal,Construction of bus shelter at subbanaidu Kandriga of Subbanaidu kandriga GP in Srikalahasthi Mandal,,Maddila Gurumoorthy,,TIRUPATI,500000,2025-07-15T00:00:00.000Z,2025-07-15 00:00:00+00:00,413
1486,Assam,Assam,JORHAT,JORHAT,Biswanath(Deputy Commissioner Biswanath_IDA),Biswanath(Deputy Commissioner Biswanath_IDA),Normal/Others,Normal/Others,1200000,Recommended,Recommended,2025-08-06T00:00:00.000Z,2025,Lok Sabha,18,0,False,0,0,"Construction of Freedom Fighter Late Babu Chabilal Upadhyaya Smriti Sthal at Sri Sri Bishnu Mandir, Balipukhuri Gaon, Jarabari GP, Biswanath District.","Construction of Freedom Fighter Late Babu Chabilal Upadhyaya Smriti Sthal at Sri Sri Bishnu Mandir, Balipukhuri Gaon, Jarabari GP, Biswanath District.",,GAURAV GOGOI,,JORHAT,1200000,2025-08-06T00:00:00.000Z,2025-08-06 00:00:00+00:00,391
163760,Andhra Pradesh,Andhra Pradesh,AMALAPURAM,AMALAPURAM,Dr. B.R. Ambedkar Konaseema(DISTRICT COLLECTOR Dr B R AMBEDKAR KONASEEMA_IDA),Dr. B.R. Ambedkar Konaseema(DISTRICT COLLECTOR Dr B R AMBEDKAR KONASEEMA_IDA),Normal/Others,Normal/Others,7000000,Recommended,Recommended,2025-01-06T00:00:00.000Z,2025,Lok Sabha,18,0,False,0,0,Construction of CC Drain along R and B Road near P Gannavaram Junction towards Main Drain in P Gannavaram Village and Mandal,Construction of CC Drain along R and B Road near P Gannavaram Junction towards Main Drain in P Gannavaram Village and Mandal,,GM Harish Balayogi,,AMALAPURAM,7000000,2025-01-06T00:00:00.000Z,2025-01-06 00:00:00+00:00,603
136746,Assam,Assam,GUWAHATI,GUWAHATI,KAMRUP METRO(DEPUTY COMMISSIONER KAMRUP METROPOLITAN_IDA),KAMRUP METRO(DEPUTY COMMISSIONER KAMRUP METROPOLITAN_IDA),Normal/Others,Normal/Others,700000,Recommended,Recommended,2024-08-22T00:00:00.000Z,2024,Lok Sabha,18,0,True,700000,2,"Construction of boundary wall with gate at Niramay Healthcare Centre , Govt pensioner office , Chandmari .","Construction of boundary wall with gate at Niramay Healthcare Centre , Govt pensioner office , Chandmari .",,BIJULI KALITA MEDHI,,GUWAHATI,700000,2024-08-22T00:00:00.000Z,2024-08-22 00:00:00+00:00,740
136757,Assam,Assam,GUWAHATI,GUWAHATI,KAMRUP METRO(DEPUTY COMMISSIONER KAMRUP METROPOLITAN_IDA),KAMRUP METRO(DEPUTY COMMISSIONER KAMRUP METROPOLITAN_IDA),Normal/Others,Normal/Others,1000000,Recommended,Recommended,2024-08-22T00:00:00.000Z,2024,Lok Sabha,18,0,True,1000000,2,"Construction of Community hall at Krishna Nagar Unnayan Samittee. Japorigog , Krishna Nagar","Construction of Community hall at Krishna Nagar Unnayan Samittee. Japorigog , Krishna Nagar",,BIJULI KALITA MEDHI,,GUWAHATI,1000000,2024-08-22T00:00:00.000Z,2024-08-22 00:00:00+00:00,740
216071,Andhra Pradesh,Andhra Pradesh,TIRUPATI,TIRUPATI,Tirupati(DISTRICT COLLECTOR TIRUPATI_IDA),Tirupati(DISTRICT COLLECTOR TIRUPATI_IDA),Normal/Others,Normal/Others,450000,Recommended,Recommended,2025-07-15T00:00:00.000Z,2025,Lok Sabha,18,0,False,0,0,Providing new pipeline in Vedam HO Vedam GP in Srikalahasthi Mandal,Providing new pipeline in Vedam HO Vedam GP in Srikalahasthi Mandal,,Maddila Gurumoorthy,,TIRUPATI,450000,2025-07-15T00:00:00.000Z,2025-07-15 00:00:00+00:00,413
137519,Assam,Assam,Diphu,Diphu,KARBI ANGLONG(DEPUTY COMMISSIONER KARBI ANGLONG_IDA),KARBI ANGLONG(DEPUTY COMMISSIONER KARBI ANGLONG_IDA),Normal/Others,Normal/Others,5000000,Recommended,Recommended,2024-08-29T00:00:00.000Z,2024,Lok Sabha,18,0,True,5000000,2,Installation of Solar Light under Singhason MAC Constituency,Installation of Solar Light under Singhason MAC Constituency,,AMARSING TISSO,,Diphu,5000000,2024-08-29T00:00:00.000Z,2024-08-29 00:00:00+00:00,733
137597,Assam,Assam,Diphu,Diphu,KARBI ANGLONG(DEPUTY COMMISSIONER KARBI ANGLONG_IDA),KARBI ANGLONG(DEPUTY COMMISSIONER KARBI ANGLONG_IDA),Normal/Others,Normal/Others,400000,Recommended,Recommended,2024-08-29T00:00:00.000Z,2024,Lok Sabha,18,0,True,285828,2,"Construction of ringwell near the house of Sri Elison Terang, Mohendijua","Construction of ringwell near the house of Sri Elison Terang, Mohendijua",,AMARSING TISSO,,Diphu,400000,2024-08-29T00:00:00.000Z,2024-08-29 00:00:00+00:00,733
175556,Andaman And Nicobar Islands,Andaman And Nicobar Islands,ANDAMAN AND NICOBAR ISLANDS,ANDAMAN AND NICOBAR ISLANDS,SOUTH ANDAMANS(Implementing District Authority(SA)),SOUTH ANDAMANS(Implementing District Authority(SA)),Repair and Renovation,Repair and Renovation,4947034,Recommended,Recommended,2025-02-14T00:00:00.000Z,2025,Lok Sabha,18,0,True,3655060,1,"Repair and renovation of road from CPWD complex, Ranchi Tikrey Dairyfarm to Fisheries Quarter, Port Blair","Repair and renovation of road from CPWD complex, Ranchi Tikrey Dairyfarm to Fisheries Quarter, Port Blair",,BISHNU PADA RAY,,ANDAMAN AND NICOBAR ISLANDS,4947034,2025-02-14T00:00:00.000Z,2025-02-14 00:00:00+00:00,564
175561,Andaman And Nicobar Islands,Andaman And Nicobar Islands,ANDAMAN AND NICOBAR ISLANDS,ANDAMAN AND NICOBAR ISLANDS,SOUTH ANDAMANS(Implementing District Authority(SA)),SOUTH ANDAMANS(Implementing District Authority(SA)),Normal/Others,Normal/Others,1498887,Recommended,Recommended,2025-02-14T00:00:00.000Z,2025,Lok Sabha,18,0,True,1189292,1,"Construction of CC Motorable road between Govt. Primary School and Shri SK Singh house at Garacharma, Ward No.18, Port Blair","Construction of CC Motorable road between Govt. Primary School and Shri SK Singh house at Garacharma, Ward No.18, Port Blair",,BISHNU PADA RAY,,ANDAMAN AND NICOBAR ISLANDS,1498887,2025-02-14T00:00:00.000Z,2025-02-14 00:00:00+00:00,564
188528,Andaman And Nicobar Islands,Andaman And Nicobar Islands,ANDAMAN AND NICOBAR ISLANDS,ANDAMAN AND NICOBAR ISLANDS,SOUTH ANDAMANS(Implementing District Authority(SA)),SOUTH ANDAMANS(Implementing District Authority(SA)),Normal/Others,Normal/Others,1320600,Recommended,Recommended,2025-04-01T00:00:00.000Z,2025,Lok Sabha,18,0,True,803540,1,"Construction of CC drain from CPWD quarters to Fisheries Quarters via Sree Shaktivel Murugan Temple for a length of 350 mtrs at Ranci Tikrey, Dairy Farm, Ward No.9, SVP.","Construction of CC drain from CPWD quarters to Fisheries Quarters via Sree Shaktivel Murugan Temple for a length of 350 mtrs at Ranci Tikrey, Dairy Farm, Ward No.9, SVP.",,BISHNU PADA RAY,,ANDAMAN AND NICOBAR ISLANDS,1320600,2025-04-01T00:00:00.000Z,2025-04-01 00:00:00+00:00,518
899,Andhra Pradesh,Andhra Pradesh,TIRUPATI,TIRUPATI,Annamayya(DISTRICT COLLECTOR ANNAMAYYA_IDA),Annamayya(DISTRICT COLLECTOR ANNAMAYYA_IDA),Normal/Others,Normal/Others,390388,Recommended,Recommended,2024-11-02T00:00:00.000Z,2024,Lok Sabha,18,0,False,0,0,"Construction of CC Road D. Narayana house to R&B road in Pullareddy Palli H/W (V), Anantha Samudram G.P. in Pullampeta Mandal.","Construction of CC Road D. Narayana house to R&B road in Pullareddy Palli H/W (V), Anantha Samudram G.P. in Pullampeta Mandal.",,Maddila Gurumoorthy,,TIRUPATI,390388,2024-11-02T00:00:00.000Z,2024-11-02 00:00:00+00:00,668
1489,Andhra Pradesh,Andhra Pradesh,ARAKU,ARAKU,"EAST GODAVARI(DISTRICT COLLECTOR, EAST GODAVARI)","EAST GODAVARI(DISTRICT COLLECTOR, EAST GODAVARI)",Normal/Others,Normal/Others,500000,Recommended,Recommended,2025-08-07T00:00:00.000Z,2025,Lok Sabha,18,0,False,0,0,construction of cc road from n16 road to kallepali venkataraju site of konthamuru,construction of cc road from n16 road to kallepali venkataraju site of konthamuru,,Gumma Thanuja Rani,,ARAKU,500000,2025-08-07T00:00:00.000Z,2025-08-07 00:00:00+00:00,390
141551,Andhra Pradesh,Andhra Pradesh,CHITTOOR,CHITTOOR,Tirupati(DISTRICT COLLECTOR TIRUPATI_IDA),Tirupati(DISTRICT COLLECTOR TIRUPATI_IDA),Normal/Others,Normal/Others,490000,Recommended,Recommended,2024-09-18T00:00:00.000Z,2024,Lok Sabha,18,0,False,0,0,"Construction of WBM Road from Jimkalamitta SC Colony to Snam alloys Pvt. Link road at Jimkalamitta Village, Damalacheruvu GP of Pakala Mandal, Chandragiri Constituency.","Construction of WBM Road from Jimkalamitta SC Colony to Snam alloys Pvt. Link road at Jimkalamitta Village, Damalacheruvu GP of Pakala Mandal, Chandragiri Constituency.",,DAGGUMALLA PRASADA RAO,,CHITTOOR,490000,2024-09-18T00:00:00.000Z,2024-09-18 00:00:00+00:00,713
161715,Andhra Pradesh,Andhra Pradesh,TIRUPATI,TIRUPATI,Tirupati(DISTRICT COLLECTOR TIRUPATI_IDA),Tirupati(DISTRICT COLLECTOR TIRUPATI_IDA),Normal/Others,Normal/Others,180000,Recommended,Recommended,2024-12-27T00:00:00.000Z,2024,Lok Sabha,18,0,False,0,0,Providing street lights and fixtures at Irugulam in Satyavedu Mandal.,Providing street lights and fixtures at Irugulam in Satyavedu Mandal.,,Maddila Gurumoorthy,,TIRUPATI,180000,2024-12-27T00:00:00.000Z,2024-12-27 00:00:00+00:00,613
199552,Andhra Pradesh,Andhra Pradesh,TIRUPATI,TIRUPATI,Tirupati(DISTRICT COLLECTOR TIRUPATI_IDA),Tirupati(DISTRICT COLLECTOR TIRUPATI_IDA),Normal/Others,Normal/Others,300000,Recommended,Recommended,2025-05-19T00:00:00.000Z,2025,Lok Sabha,18,0,True,299331,1,Construction of CC Open Drain with cover slab from Mekapilla Guravaiah house to gonu Thirupalaiah house at Akkurthy HW Ho Akkurthy GP in Srikalahasthi Mandal.,Construction of CC Open Drain with cover slab from Mekapilla Guravaiah house to gonu Thirupalaiah house at Akkurthy HW Ho Akkurthy GP in Srikalahasthi Mandal.,,Maddila Gurumoorthy,,TIRUPATI,300000,2025-05-19T00:00:00.000Z,2025-05-19 00:00:00+00:00,470
139960,Assam,Assam,GUWAHATI,GUWAHATI,KAMRUP METRO(DEPUTY COMMISSIONER KAMRUP METROPOLITAN_IDA),KAMRUP METRO(DEPUTY COMMISSIONER KAMRUP METROPOLITAN_IDA),Normal/Others,Normal/Others,500000,Recommended,Recommended,2024-09-08T00:00:00.000Z,2024,Lok Sabha,18,0,True,500000,2,"Construction of Community hall at Jyoti Nagar mahila samiti , Jyotinagar .","Construction of Community hall at Jyoti Nagar mahila samiti , Jyotinagar .",,BIJULI KALITA MEDHI,,GUWAHATI,500000,2024-09-08T00:00:00.000Z,2024-09-08 00:00:00+00:00,723
215032,Bihar,Bihar,NALANDA,NALANDA,NALANDA(DISTRICT PLANNING OFFICER NALANDA_IDA),NALANDA(DISTRICT PLANNING OFFICER NALANDA_IDA),Normal/Others,Normal/Others,300000,Recommended,Recommended,2025-07-06T00:00:00.000Z,2025,Lok Sabha,18,0,False,0,0,Silao block ke panchayat gorawan Bindidih ke gram Junedi me Rohit je ke ghar se Brijnandan Prasad ke ghar hote hue main gali me PCC dhalai.,Silao block ke panchayat gorawan Bindidih ke gram Junedi me Rohit je ke ghar se Brijnandan Prasad ke ghar hote hue main gali me PCC dhalai.,,Kaushalendra Kumar,,NALANDA,300000,2025-07-06T00:00:00.000Z,2025-07-06 00:00:00+00:00,422
163843,Andhra Pradesh,Andhra Pradesh,TIRUPATI,TIRUPATI,Tirupati(DISTRICT COLLECTOR TIRUPATI_IDA),Tirupati(DISTRICT COLLECTOR TIRUPATI_IDA),Normal/Others,Normal/Others,150000,Recommended,Recommended,2025-01-08T00:00:00.000Z,2025,Lok Sabha,18,0,False,0,0,Providing Street lights  and fixtures in CLN Palli in Varadaiahpalem Mandal.,Providing Street lights  and fixtures in CLN Palli in Varadaiahpalem Mandal.,,Maddila Gurumoorthy,,TIRUPATI,150000,2025-01-08T00:00:00.000Z,2025-01-08 00:00:00+00:00,601
215802,Bihar,Bihar,KARAKAT,KARAKAT,AURANGABAD(DISTRICT PLANNING OFFICER AURANGABAD_IDA),AURANGABAD(DISTRICT PLANNING OFFICER AURANGABAD_IDA),Normal/Others,Normal/Others,600000,Recommended,Recommended,2025-07-10T00:00:00.000Z,2025,Lok Sabha,18,0,False,0,0,"prakhand barun, panchayat- dhangai, gram- rampur men shambhu singh ke ghar se mahendra singh ke ghar ki or PCC","prakhand barun, panchayat- dhangai, gram- rampur men shambhu singh ke ghar se mahendra singh ke ghar ki or PCC",,RAJA RAM SINGH,,KARAKAT,600000,2025-07-10T00:00:00.000Z,2025-07-10 00:00:00+00:00,418
140235,Assam,Assam,GUWAHATI,GUWAHATI,KAMRUP(DEPUTY COMMISSIONER KAMRUP_IDA),KAMRUP(DEPUTY COMMISSIONER KAMRUP_IDA),Repair and Renovation,Repair and Renovation,500000,Recommended,Recommended,2024-09-10T00:00:00.000Z,2024,Lok Sabha,18,0,True,299997,2,Retrofittinng in building at Dalukagata satra uunayan Samity.,Retrofittinng in building at Dalukagata satra uunayan Samity.,,BIJULI KALITA MEDHI,,GUWAHATI,500000,2024-09-10T00:00:00.000Z,2024-09-10 00:00:00+00:00,721
216084,Bihar,Bihar,KARAKAT,KARAKAT,ROHTAS(District Planning Officer Rohtas_IDA),ROHTAS(District Planning Officer Rohtas_IDA),Normal/Others,Normal/Others,800000,Recommended,Recommended,2025-07-10T00:00:00.000Z,2025,Lok Sabha,18,0,False,0,0,"prakhand-Dehri, panchayat- Jamuhar, gram- rudrpura men main road se shambhu yadav ke ghar hote huye binod yadav ke ghar ki or Slab sahit naali ewam PCC karya","prakhand-Dehri, panchayat- Jamuhar, gram- rudrpura men main road se shambhu yadav ke ghar hote huye binod yadav ke ghar ki or Slab sahit naali ewam PCC karya",,RAJA RAM SINGH,,KARAKAT,800000,2025-07-10T00:00:00.000Z,2025-07-10 00:00:00+00:00,418
216107,Bihar,Bihar,KARAKAT,KARAKAT,AURANGABAD(DISTRICT PLANNING OFFICER AURANGABAD_IDA),AURANGABAD(DISTRICT PLANNING OFFICER AURANGABAD_IDA),Normal/Others,Normal/Others,300000,Recommended,Recommended,2025-07-10T00:00:00.000Z,2025,Lok Sabha,18,0,True,300000,1,"Prakhand- Daudnagar, Panchayat- Tarar, Gram- Tarar Harinagar me Aanganbaadi kendra ke paas High Mast Light","Prakhand- Daudnagar, Panchayat- Tarar, Gram- Tarar Harinagar me Aanganbaadi kendra ke paas High Mast Light",,RAJA RAM SINGH,,KARAKAT,300000,2025-07-10T00:00:00.000Z,2025-07-10 00:00:00+00:00,418
141491,Assam,Assam,NOWGONG,NOWGONG,NAGAON(DEPUTY COMMISSIONER NOWGONG_IDA),NAGAON(DEPUTY COMMISSIONER NOWGONG_IDA),Repair and Renovation,Repair and Renovation,200000,Recommended,Recommended,2024-12-02T00:00:00.000Z,2024,Lok Sabha,18,0,False,0,0,"Repairing of public reading room at Dakhin Solmari near Subahi Muktab, Magurmari GP.","Repairing of public reading room at Dakhin Solmari near Subahi Muktab, Magurmari GP.",,Pradyut Bordoloi,,NOWGONG,200000,2024-12-02T00:00:00.000Z,2024-12-02 00:00:00+00:00,638
216120,Bihar,Bihar,UJJARPUR,UJJARPUR,SAMASTIPUR(DISTRICT PLANNING OFFICER SAMASTIPUR_IDA),SAMASTIPUR(DISTRICT PLANNING OFFICER SAMASTIPUR_IDA),Normal/Others,Normal/Others,850000,Recommended,Recommended,2025-07-09T00:00:00.000Z,2025,Lok Sabha,18,0,False,0,0,MOHIUDDINNAGAR VIDHANSABHA ANTARGAT PATORY PRAKHAND KE DHAMAUN UTTARI PANCHAYAT KE NIRANJAN SWAMI STHAN PURANA GAHVAR KE NIKAT STREET LIGHT KA ADHISHTHAPAN KARY,MOHIUDDINNAGAR VIDHANSABHA ANTARGAT PATORY PRAKHAND KE DHAMAUN UTTARI PANCHAYAT KE NIRANJAN SWAMI STHAN PURANA GAHVAR KE NIKAT STREET LIGHT KA ADHISHTHAPAN KARY,,Nityanand Rai,,UJJARPUR,850000,2025-07-09T00:00:00.000Z,2025-07-09 00:00:00+00:00,419
217530,Andhra Pradesh,Andhra Pradesh,KADAPA,KADAPA,Y.S.R. Kadapa(DISTRICT COLLECTOR CUDDAPAH_IDA),Y.S.R. Kadapa(DISTRICT COLLECTOR CUDDAPAH_IDA),Normal/Others,Normal/Others,200000,Recommended,Recommended,2025-07-14T00:00:00.000Z,2025,Lok Sabha,18,0,False,0,0,Providing of Bore Motor Pipe line in Sri Veerakondamma Thalli Devastanam Vemula Village of Vemula Mandal,Providing of Bore Motor Pipe line in Sri Veerakondamma Thalli Devastanam Vemula Village of Vemula Mandal,,Y S Avinash Reddy,,KADAPA,200000,2025-07-14T00:00:00.000Z,2025-07-14 00:00:00+00:00,414
217038,Bihar,Bihar,KARAKAT,KARAKAT,AURANGABAD(DISTRICT PLANNING OFFICER AURANGABAD_IDA),AURANGABAD(DISTRICT PLANNING OFFICER AURANGABAD_IDA),Normal/Others,Normal/Others,399400,Recommended,Recommended,2025-07-11T00:00:00.000Z,2025,Lok Sabha,18,0,True,392874,1,"prkhand- Dauudnagar, manar panchayat ke navratan chak men purv me PCC se aanganbaadi kendra ki or PPC karya","prkhand- Dauudnagar, manar panchayat ke navratan chak men purv me PCC se aanganbaadi kendra ki or PPC karya",,RAJA RAM SINGH,,KARAKAT,399400,2025-07-11T00:00:00.000Z,2025-07-11 00:00:00+00:00,417
141493,Assam,Assam,NOWGONG,NOWGONG,NAGAON(DEPUTY COMMISSIONER NOWGONG_IDA),NAGAON(DEPUTY COMMISSIONER NOWGONG_IDA),Normal/Others,Normal/Others,200000,Recommended,Recommended,2024-12-02T00:00:00.000Z,2024,Lok Sabha,18,0,True,132531,1,"Extention of boundary wall at 2 No. Bhatiakhali Milon Eidgah near Jamir Tiniali, 2 No. Bhatikhali GP
Bhatiakhali","Extention of boundary wall at 2 No. Bhatiakhali Milon Eidgah near Jamir Tiniali, 2 No. Bhatikhali GP
Bhatiakhali",,Pradyut Bordoloi,,NOWGONG,200000,2024-12-02T00:00:00.000Z,2024-12-02 00:00:00+00:00,638
217041,Bihar,Bihar,KARAKAT,KARAKAT,AURANGABAD(DISTRICT PLANNING OFFICER AURANGABAD_IDA),AURANGABAD(DISTRICT PLANNING OFFICER AURANGABAD_IDA),Normal/Others,Normal/Others,200000,Recommended,Recommended,2025-07-11T00:00:00.000Z,2025,Lok Sabha,18,0,True,197102,1,"prakhand- Daudnagar, panchayat- anchha ke jagabigha gaon me indradev mehta ke ghar se baidnath mehta ke ghar hote huye paeen ki or naali nirman","prakhand- Daudnagar, panchayat- anchha ke jagabigha gaon me indradev mehta ke ghar se baidnath mehta ke ghar hote huye paeen ki or naali nirman",,RAJA RAM SINGH,,KARAKAT,200000,2025-07-11T00:00:00.000Z,2025-07-11 00:00:00+00:00,417
217122,Bihar,Bihar,KARAKAT,KARAKAT,AURANGABAD(DISTRICT PLANNING OFFICER AURANGABAD_IDA),AURANGABAD(DISTRICT PLANNING OFFICER AURANGABAD_IDA),Normal/Others,Normal/Others,500000,Recommended,Recommended,2025-07-11T00:00:00.000Z,2025,Lok Sabha,18,0,True,495089,1,"prakhand- obra, gram- kaithi, tola- mangaru bigha me shahid smarak se mahendra mistri, naresh mistri ke ghar hote huye ramvisay paswan ke ghar ki or PCC nirman karya","prakhand- obra, gram- kaithi, tola- mangaru bigha me shahid smarak se mahendra mistri, naresh mistri ke ghar hote huye ramvisay paswan ke ghar ki or PCC nirman karya",,RAJA RAM SINGH,,KARAKAT,500000,2025-07-11T00:00:00.000Z,2025-07-11 00:00:00+00:00,417
141495,Assam,Assam,NOWGONG,NOWGONG,NAGAON(DEPUTY COMMISSIONER NOWGONG_IDA),NAGAON(DEPUTY COMMISSIONER NOWGONG_IDA),Normal/Others,Normal/Others,200000,Recommended,Recommended,2024-12-02T00:00:00.000Z,2024,Lok Sabha,18,0,True,150000,1,"Construction of community hall at 5 No. Bogamukh near Abdul Hekim house, Bhurbandha GP","Construction of community hall at 5 No. Bogamukh near Abdul Hekim house, Bhurbandha GP",,Pradyut Bordoloi,,NOWGONG,200000,2024-12-02T00:00:00.000Z,2024-12-02 00:00:00+00:00,638
217995,Bihar,Bihar,BHAGALPUR,BHAGALPUR,BHAGALPUR(DISTRICT PLANNING OFFICER BHAGALPUR_IDA),BHAGALPUR(DISTRICT PLANNING OFFICER BHAGALPUR_IDA),Normal/Others,Normal/Others,1470100,Recommended,Recommended,2025-07-14T00:00:00.000Z,2025,Lok Sabha,18,0,False,0,0,"Construction of stair ghat in Badi Pokhar at village Ganga Karhariya, Panchyat Kashimpur Goradih Block.","Construction of stair ghat in Badi Pokhar at village Ganga Karhariya, Panchyat Kashimpur Goradih Block.",,Ajay Kumar Mandal,,BHAGALPUR,1470100,2025-07-14T00:00:00.000Z,2025-07-14 00:00:00+00:00,414
147536,Andhra Pradesh,Andhra Pradesh,KADAPA,KADAPA,Y.S.R. Kadapa(DISTRICT COLLECTOR CUDDAPAH_IDA),Y.S.R. Kadapa(DISTRICT COLLECTOR CUDDAPAH_IDA),Normal/Others,Normal/Others,69738,Recommended,Recommended,2024-10-16T00:00:00.000Z,2024,Lok Sabha,18,0,False,0,0,"Providing 15 GA Pipes cable to Moolapalli, Maddikavandlapalli  in CK peta Mandal","Providing 15 GA Pipes cable to Moolapalli, Maddikavandlapalli  in CK peta Mandal",,Y S Avinash Reddy,,KADAPA,69738,2024-10-16T00:00:00.000Z,2024-10-16 00:00:00+00:00,685
218751,Bihar,Bihar,KARAKAT,KARAKAT,AURANGABAD(DISTRICT PLANNING OFFICER AURANGABAD_IDA),AURANGABAD(DISTRICT PLANNING OFFICER AURANGABAD_IDA),Normal/Others,Normal/Others,300000,Recommended,Recommended,2025-07-15T00:00:00.000Z,2025,Lok Sabha,18,0,False,0,0,"panchayat- bhopatpur, gram- bishun bigha men jairam yadav ke ghar se bhola yadav ke ghar hote huye satrughan yaadav ke ghar ki or PCC","panchayat- bhopatpur, gram- bishun bigha men jairam yadav ke ghar se bhola yadav ke ghar hote huye satrughan yaadav ke ghar ki or PCC",,RAJA RAM SINGH,,KARAKAT,300000,2025-07-15T00:00:00.000Z,2025-07-15 00:00:00+00:00,413
141497,Assam,Assam,NOWGONG,NOWGONG,NAGAON(DEPUTY COMMISSIONER NOWGONG_IDA),NAGAON(DEPUTY COMMISSIONER NOWGONG_IDA),Normal/Others,Normal/Others,200000,Recommended,Recommended,2024-12-02T00:00:00.000Z,2024,Lok Sabha,18,0,False,0,0,"Construction of community hall at Teromile near Iman Ali house, Pachim Salpara, Salpara GP","Construction of community hall at Teromile near Iman Ali house, Pachim Salpara, Salpara GP",,Pradyut Bordoloi,,NOWGONG,200000,2024-12-02T00:00:00.000Z,2024-12-02 00:00:00+00:00,638
218761,Bihar,Bihar,KARAKAT,KARAKAT,AURANGABAD(DISTRICT PLANNING OFFICER AURANGABAD_IDA),AURANGABAD(DISTRICT PLANNING OFFICER AURANGABAD_IDA),Normal/Others,Normal/Others,500000,Recommended,Recommended,2025-07-15T00:00:00.000Z,2025,Lok Sabha,18,0,True,492718,1,"Prakahnd- obra, panchayat- khudwan, gram- kalen men shyamsundar das ke ghar se kapil das ke ghar hote huye main road ki or Naali ewam PCC nirman","Prakahnd- obra, panchayat- khudwan, gram- kalen men shyamsundar das ke ghar se kapil das ke ghar hote huye main road ki or Naali ewam PCC nirman",,RAJA RAM SINGH,,KARAKAT,500000,2025-07-15T00:00:00.000Z,2025-07-15 00:00:00+00:00,413
218802,Bihar,Bihar,NALANDA,NALANDA,NALANDA(DISTRICT PLANNING OFFICER NALANDA_IDA),NALANDA(DISTRICT PLANNING OFFICER NALANDA_IDA),Normal/Others,Normal/Others,500000,Recommended,Recommended,2025-07-17T00:00:00.000Z,2025,Lok Sabha,18,0,False,0,0,"Rahui block ke gram Khirauna ke khata no. 1026, 1097 ke plot no. 2958, 2959 me chahardiwari nirman.","Rahui block ke gram Khirauna ke khata no. 1026, 1097 ke plot no. 2958, 2959 me chahardiwari nirman.",,Kaushalendra Kumar,,NALANDA,500000,2025-07-17T00:00:00.000Z,2025-07-17 00:00:00+00:00,411
142020,Assam,Assam,NOWGONG,NOWGONG,NAGAON(DEPUTY COMMISSIONER NOWGONG_IDA),NAGAON(DEPUTY COMMISSIONER NOWGONG_IDA),Normal/Others,Normal/Others,200000,Recommended,Recommended,2024-09-20T00:00:00.000Z,2024,Lok Sabha,18,0,False,0,0,Improvement of road with sand Gravelling from Kaoimari Charialli to  Mustafa Ahmed House,Improvement of road with sand Gravelling from Kaoimari Charialli to  Mustafa Ahmed House,,Pradyut Bordoloi,,NOWGONG,200000,2024-09-20T00:00:00.000Z,2024-09-20 00:00:00+00:00,711
219000,Bihar,Bihar,KATIHAR,KATIHAR,KATIHAR(DISTRICT PLANNING OFFICER KATIHAR_IDA),KATIHAR(DISTRICT PLANNING OFFICER KATIHAR_IDA),Normal/Others,Normal/Others,970000,Recommended,Recommended,2025-07-16T00:00:00.000Z,2025,Lok Sabha,18,0,True,965000,1,Purchase and installation of 16 meter high electric powered high mast LED lights,Purchase and installation of 16 meter high electric powered high mast LED lights,,TARIQ ANWAR,,KATIHAR,970000,2025-07-16T00:00:00.000Z,2025-07-16 00:00:00+00:00,412
217532,Andhra Pradesh,Andhra Pradesh,KADAPA,KADAPA,Y.S.R. Kadapa(DISTRICT COLLECTOR CUDDAPAH_IDA),Y.S.R. Kadapa(DISTRICT COLLECTOR CUDDAPAH_IDA),Normal/Others,Normal/Others,300000,Recommended,Recommended,2025-07-14T00:00:00.000Z,2025,Lok Sabha,18,0,False,0,0,Providing RO Water plant Machenery to Machanapalli Village Duvvuru MandalYSR District,Providing RO Water plant Machenery to Machanapalli Village Duvvuru MandalYSR District,,Y S Avinash Reddy,,KADAPA,300000,2025-07-14T00:00:00.000Z,2025-07-14 00:00:00+00:00,414
219135,Bihar,Bihar,KATIHAR,KATIHAR,KATIHAR(DISTRICT PLANNING OFFICER KATIHAR_IDA),KATIHAR(DISTRICT PLANNING OFFICER KATIHAR_IDA),Normal/Others,Normal/Others,970000,Recommended,Recommended,2025-07-16T00:00:00.000Z,2025,Lok Sabha,18,0,True,965000,1,Purchase and installation of 16 meter high electric powered high mast LED lights,Purchase and installation of 16 meter high electric powered high mast LED lights,,TARIQ ANWAR,,KATIHAR,970000,2025-07-16T00:00:00.000Z,2025-07-16 00:00:00+00:00,412
142761,Assam,Assam,DHUBRI,DHUBRI,DHUBRI(DEPUTY COMMISSIONER DHUBRI_IDA),DHUBRI(DEPUTY COMMISSIONER DHUBRI_IDA),Normal/Others,Normal/Others,500000,Recommended,Recommended,2024-09-23T00:00:00.000Z,2024,Lok Sabha,18,0,True,375000,1,Construction of Boundary wall near Satduburi Par Graveyard at village Bidyardabri.,Construction of Boundary wall near Satduburi Par Graveyard at village Bidyardabri.,,RAKIBUL HUSSAIN,,DHUBRI,500000,2024-09-23T00:00:00.000Z,2024-09-23 00:00:00+00:00,708
219160,Bihar,Bihar,KATIHAR,KATIHAR,KATIHAR(DISTRICT PLANNING OFFICER KATIHAR_IDA),KATIHAR(DISTRICT PLANNING OFFICER KATIHAR_IDA),Normal/Others,Normal/Others,970000,Recommended,Recommended,2025-07-16T00:00:00.000Z,2025,Lok Sabha,18,0,False,0,0,Purchase and installation of 16 meter high electric powered high mast LED lights,Purchase and installation of 16 meter high electric powered high mast LED lights,,TARIQ ANWAR,,KATIHAR,970000,2025-07-16T00:00:00.000Z,2025-07-16 00:00:00+00:00,412
219622,Bihar,Bihar,KARAKAT,KARAKAT,AURANGABAD(DISTRICT PLANNING OFFICER AURANGABAD_IDA),AURANGABAD(DISTRICT PLANNING OFFICER AURANGABAD_IDA),Normal/Others,Normal/Others,75000,Recommended,Recommended,2025-07-18T00:00:00.000Z,2025,Lok Sabha,18,0,True,74510,1,"prakhand- daudnagar , panchayat- mahawar, gram- purna bigha me nilam kumari pati sawargiye sanjay yadav ke ghar ke pass sarvjanik asthal par  chapakal","prakhand- daudnagar , panchayat- mahawar, gram- purna bigha me nilam kumari pati sawargiye sanjay yadav ke ghar ke pass sarvjanik asthal par  chapakal",,RAJA RAM SINGH,,KARAKAT,75000,2025-07-18T00:00:00.000Z,2025-07-18 00:00:00+00:00,410
142774,Assam,Assam,DHUBRI,DHUBRI,DHUBRI(DEPUTY COMMISSIONER DHUBRI_IDA),DHUBRI(DEPUTY COMMISSIONER DHUBRI_IDA),Normal/Others,Normal/Others,500000,Recommended,Recommended,2024-09-23T00:00:00.000Z,2024,Lok Sabha,18,0,True,375000,1,Construction of Community Hall at Raniganj,Construction of Community Hall at Raniganj,,RAKIBUL HUSSAIN,,DHUBRI,500000,2024-09-23T00:00:00.000Z,2024-09-23 00:00:00+00:00,708
219630,Bihar,Bihar,KARAKAT,KARAKAT,AURANGABAD(DISTRICT PLANNING OFFICER AURANGABAD_IDA),AURANGABAD(DISTRICT PLANNING OFFICER AURANGABAD_IDA),Normal/Others,Normal/Others,500000,Recommended,Recommended,2025-07-18T00:00:00.000Z,2025,Lok Sabha,18,0,False,0,0,nagar parisad ward no 1 muhalla pachkathwa ravidas sthal ka boundary wall evam gate nirman,nagar parisad ward no 1 muhalla pachkathwa ravidas sthal ka boundary wall evam gate nirman,,RAJA RAM SINGH,,KARAKAT,500000,2025-07-18T00:00:00.000Z,2025-07-18 00:00:00+00:00,410
163849,Andhra Pradesh,Andhra Pradesh,TIRUPATI,TIRUPATI,Tirupati(DISTRICT COLLECTOR TIRUPATI_IDA),Tirupati(DISTRICT COLLECTOR TIRUPATI_IDA),Normal/Others,Normal/Others,80000,Recommended,Recommended,2025-01-08T00:00:00.000Z,2025,Lok Sabha,18,0,False,0,0,Providing Street lights  and fixtures in Pullivelam in Varadaiahpalem Mandal.,Providing Street lights  and fixtures in Pullivelam in Varadaiahpalem Mandal.,,Maddila Gurumoorthy,,TIRUPATI,80000,2025-01-08T00:00:00.000Z,2025-01-08 00:00:00+00:00,601
219768,Bihar,Bihar,KARAKAT,KARAKAT,AURANGABAD(DISTRICT PLANNING OFFICER AURANGABAD_IDA),AURANGABAD(DISTRICT PLANNING OFFICER AURANGABAD_IDA),Normal/Others,Normal/Others,599900,Recommended,Recommended,2025-07-18T00:00:00.000Z,2025,Lok Sabha,18,0,False,0,0,"Prakhand- daudnagar, nagar parisad, ward no.- 16 men gram- ramnagar men dasai singh ke ghar se vimal singh ke ghar ki or slab sahit naali ewam PCC","Prakhand- daudnagar, nagar parisad, ward no.- 16 men gram- ramnagar men dasai singh ke ghar se vimal singh ke ghar ki or slab sahit naali ewam PCC",,RAJA RAM SINGH,,KARAKAT,599900,2025-07-18T00:00:00.000Z,2025-07-18 00:00:00+00:00,410
143227,Assam,Assam,DHUBRI,DHUBRI,SOUTH SALMARA MANCACHAR(Deputy Commissioner South Salmara Mankachar_IDA),SOUTH SALMARA MANCACHAR(Deputy Commissioner South Salmara Mankachar_IDA),Normal/Others,Normal/Others,500000,Recommended,Recommended,2024-09-24T00:00:00.000Z,2024,Lok Sabha,18,0,False,0,0,Construction of Waiting Shed at Hatsingimari,Construction of Waiting Shed at Hatsingimari,,RAKIBUL HUSSAIN,,DHUBRI,500000,2024-09-24T00:00:00.000Z,2024-09-24 00:00:00+00:00,707
220647,Bihar,Bihar,KISHANGANJ,KISHANGANJ,PURNIA(DISTRICT PLANNING OFFICER PURNIA_IDA),PURNIA(DISTRICT PLANNING OFFICER PURNIA_IDA),Normal/Others,Normal/Others,640000,Recommended,Recommended,2025-08-20T00:00:00.000Z,2025,Lok Sabha,18,0,True,640000,1,Amour Prakhand Antergart Majhua Panchayat ke Bhakri Chowk me. (12M) High Mast Light.,Amour Prakhand Antergart Majhua Panchayat ke Bhakri Chowk me. (12M) High Mast Light.,,Dr Mohammad Jawed,,KISHANGANJ,640000,2025-08-20T00:00:00.000Z,2025-08-20 00:00:00+00:00,377
220650,Bihar,Bihar,KISHANGANJ,KISHANGANJ,PURNIA(DISTRICT PLANNING OFFICER PURNIA_IDA),PURNIA(DISTRICT PLANNING OFFICER PURNIA_IDA),Normal/Others,Normal/Others,640000,Recommended,Recommended,2025-08-20T00:00:00.000Z,2025,Lok Sabha,18,0,True,640000,1,Amour Prakhand Antergart Nitandar Panchayat ke Belgachhi Chowk me. (12M) High Mast Light.,Amour Prakhand Antergart Nitandar Panchayat ke Belgachhi Chowk me. (12M) High Mast Light.,,Dr Mohammad Jawed,,KISHANGANJ,640000,2025-08-20T00:00:00.000Z,2025-08-20 00:00:00+00:00,377
143233,Assam,Assam,DHUBRI,DHUBRI,GOALPARA(Deputy Commissioner Goalpara_IDA),GOALPARA(Deputy Commissioner Goalpara_IDA),Normal/Others,Normal/Others,500000,Recommended,Recommended,2024-09-24T00:00:00.000Z,2024,Lok Sabha,18,0,True,300000,1,Renovation and Repairing of Community Hall near Khanka and Foringapara,Renovation and Repairing of Community Hall near Khanka and Foringapara,,RAKIBUL HUSSAIN,,DHUBRI,500000,2024-09-24T00:00:00.000Z,2024-09-24 00:00:00+00:00,707
220654,Bihar,Bihar,KISHANGANJ,KISHANGANJ,PURNIA(DISTRICT PLANNING OFFICER PURNIA_IDA),PURNIA(DISTRICT PLANNING OFFICER PURNIA_IDA),Normal/Others,Normal/Others,640000,Recommended,Recommended,2025-08-20T00:00:00.000Z,2025,Lok Sabha,18,0,True,640000,1,Amour Prakhand Antergart Pothia Panchayat ke Tarona Haat me. (12M) High Mast Light.,Amour Prakhand Antergart Pothia Panchayat ke Tarona Haat me. (12M) High Mast Light.,,Dr Mohammad Jawed,,KISHANGANJ,640000,2025-08-20T00:00:00.000Z,2025-08-20 00:00:00+00:00,377
217535,Andhra Pradesh,Andhra Pradesh,KADAPA,KADAPA,Y.S.R. Kadapa(DISTRICT COLLECTOR CUDDAPAH_IDA),Y.S.R. Kadapa(DISTRICT COLLECTOR CUDDAPAH_IDA),Normal/Others,Normal/Others,400000,Recommended,Recommended,2025-07-14T00:00:00.000Z,2025,Lok Sabha,18,0,False,0,0,Electrification of Colony at Nallapureddypalli Village Errabali GP of Pulivendula Mandal,Electrification of Colony at Nallapureddypalli Village Errabali GP of Pulivendula Mandal,,Y S Avinash Reddy,,KADAPA,400000,2025-07-14T00:00:00.000Z,2025-07-14 00:00:00+00:00,414
220656,Bihar,Bihar,KISHANGANJ,KISHANGANJ,PURNIA(DISTRICT PLANNING OFFICER PURNIA_IDA),PURNIA(DISTRICT PLANNING OFFICER PURNIA_IDA),Normal/Others,Normal/Others,640000,Recommended,Recommended,2025-08-20T00:00:00.000Z,2025,Lok Sabha,18,0,True,640000,1,Amour Prakhand Antergart Bhawanipur Panchayat ke Rani Sahalo Chowk me. (12M) High Mast Light.,Amour Prakhand Antergart Bhawanipur Panchayat ke Rani Sahalo Chowk me. (12M) High Mast Light.,,Dr Mohammad Jawed,,KISHANGANJ,640000,2025-08-20T00:00:00.000Z,2025-08-20 00:00:00+00:00,377
143255,Assam,Assam,DHUBRI,DHUBRI,GOALPARA(Deputy Commissioner Goalpara_IDA),GOALPARA(Deputy Commissioner Goalpara_IDA),Normal/Others,Normal/Others,500000,Recommended,Recommended,2024-09-24T00:00:00.000Z,2024,Lok Sabha,18,0,True,500000,2,Construction of Boundary Wall with Iron Gate near Play ground of Goalpara Town Eidgah,Construction of Boundary Wall with Iron Gate near Play ground of Goalpara Town Eidgah,,RAKIBUL HUSSAIN,,DHUBRI,500000,2024-09-24T00:00:00.000Z,2024-09-24 00:00:00+00:00,707
220690,Bihar,Bihar,KISHANGANJ,KISHANGANJ,PURNIA(DISTRICT PLANNING OFFICER PURNIA_IDA),PURNIA(DISTRICT PLANNING OFFICER PURNIA_IDA),Normal/Others,Normal/Others,640000,Recommended,Recommended,2025-08-20T00:00:00.000Z,2025,Lok Sabha,18,0,False,0,0,Baisi Nagar Panchayat Antergart Baisi Anumandal Parisar me. (12M) High Mast Light.,Baisi Nagar Panchayat Antergart Baisi Anumandal Parisar me. (12M) High Mast Light.,,Dr Mohammad Jawed,,KISHANGANJ,640000,2025-08-20T00:00:00.000Z,2025-08-20 00:00:00+00:00,377
220692,Bihar,Bihar,KISHANGANJ,KISHANGANJ,PURNIA(DISTRICT PLANNING OFFICER PURNIA_IDA),PURNIA(DISTRICT PLANNING OFFICER PURNIA_IDA),Normal/Others,Normal/Others,640000,Recommended,Recommended,2025-08-20T00:00:00.000Z,2025,Lok Sabha,18,0,False,0,0,Baisi Prakhand Antergart Sadipur Bhatha Panchayat ke  Sadipur Bhatha Pakki Tola Kudhia Chowk me. (12M) High Mast Light.,Baisi Prakhand Antergart Sadipur Bhatha Panchayat ke  Sadipur Bhatha Pakki Tola Kudhia Chowk me. (12M) High Mast Light.,,Dr Mohammad Jawed,,KISHANGANJ,640000,2025-08-20T00:00:00.000Z,2025-08-20 00:00:00+00:00,377
143259,Assam,Assam,DHUBRI,DHUBRI,GOALPARA(Deputy Commissioner Goalpara_IDA),GOALPARA(Deputy Commissioner Goalpara_IDA),Normal/Others,Normal/Others,500000,Recommended,Recommended,2024-09-24T00:00:00.000Z,2024,Lok Sabha,18,0,True,500000,2,Construction of Community Hall at Krishnai Weekly Market,Construction of Community Hall at Krishnai Weekly Market,,RAKIBUL HUSSAIN,,DHUBRI,500000,2024-09-24T00:00:00.000Z,2024-09-24 00:00:00+00:00,707
220695,Bihar,Bihar,KISHANGANJ,KISHANGANJ,PURNIA(DISTRICT PLANNING OFFICER PURNIA_IDA),PURNIA(DISTRICT PLANNING OFFICER PURNIA_IDA),Normal/Others,Normal/Others,640000,Recommended,Recommended,2025-08-20T00:00:00.000Z,2025,Lok Sabha,18,0,False,0,0,Baisi Prakhand Antergart Ganghar Panchayat ke Kurban Chowk me. (12M) High Mast Light.,Baisi Prakhand Antergart Ganghar Panchayat ke Kurban Chowk me. (12M) High Mast Light.,,Dr Mohammad Jawed,,KISHANGANJ,640000,2025-08-20T00:00:00.000Z,2025-08-20 00:00:00+00:00,377
220958,Bihar,Bihar,VALMIKI NAGAR,VALMIKI NAGAR,PASHCHIM CHAMPARAN(DISTRICT PLANNING OFFICER WEST CHAMPARANBETTIAH_IDA),PASHCHIM CHAMPARAN(DISTRICT PLANNING OFFICER WEST CHAMPARANBETTIAH_IDA),Normal/Others,Normal/Others,1300000,Recommended,Recommended,2025-07-22T00:00:00.000Z,2025,Lok Sabha,18,0,False,0,0,prakhand thakraha antrgat panchayat thakraha ke thakraha bazar ke pass hanumaan mandir tatha madhy vidhyalay ke bagal mai sawchalay sahit samudahik bhawan ka nirmaan kaary ...,prakhand thakraha antrgat panchayat thakraha ke thakraha bazar ke pass hanumaan mandir tatha madhy vidhyalay ke bagal mai sawchalay sahit samudahik bhawan ka nirmaan kaary ...,,Sunil Kumar ,,VALMIKI NAGAR,1300000,2025-07-22T00:00:00.000Z,2025-07-22 00:00:00+00:00,406
143868,Assam,Assam,Diphu,Diphu,KARBI ANGLONG(DEPUTY COMMISSIONER KARBI ANGLONG_IDA),KARBI ANGLONG(DEPUTY COMMISSIONER KARBI ANGLONG_IDA),Normal/Others,Normal/Others,500000,Recommended,Recommended,2024-10-28T00:00:00.000Z,2024,Lok Sabha,18,0,True,364451,2,"Earth filling work at Dengkimo Aklam Cultural Complex, Centre","Earth filling work at Dengkimo Aklam Cultural Complex, Centre",,AMARSING TISSO,,Diphu,500000,2024-10-28T00:00:00.000Z,2024-10-28 00:00:00+00:00,673
221052,Bihar,Bihar,PURVI CHAMPARAN,PURVI CHAMPARAN,PURBI CHAMPARAN(DISTRICT PLANNING OFFICER MOTHIHARI EAST CHAMPARAN_IDA),PURBI CHAMPARAN(DISTRICT PLANNING OFFICER MOTHIHARI EAST CHAMPARAN_IDA),Normal/Others,Normal/Others,1498700,Recommended,Recommended,2025-07-22T00:00:00.000Z,2025,Lok Sabha,18,0,False,0,0,MOTIHARI NAGAR NIGAM KE MEENA BAJAR KE VIBHINN MARGO KA VIKAS EWAM SAUNDRYIKARAN KARYA.,MOTIHARI NAGAR NIGAM KE MEENA BAJAR KE VIBHINN MARGO KA VIKAS EWAM SAUNDRYIKARAN KARYA.,,Radha Mohan Singh,,PURVI CHAMPARAN,1498700,2025-07-22T00:00:00.000Z,2025-07-22 00:00:00+00:00,406
221396,Bihar,Bihar,MAHARAJGANJ,MAHARAJGANJ,SIWAN(DISTRICT PLANNING OFFICER SIWAN_IDA),SIWAN(DISTRICT PLANNING OFFICER SIWAN_IDA),Normal/Others,Normal/Others,800000,Recommended,Recommended,2025-07-23T00:00:00.000Z,2025,Lok Sabha,18,0,False,0,0,Goraiyakothi Prakhand ke Panchayt Sani Basantpur Antargat Gram Jadishpur me Pokhara par Ghat ka NIrman Karya,Goraiyakothi Prakhand ke Panchayt Sani Basantpur Antargat Gram Jadishpur me Pokhara par Ghat ka NIrman Karya,,Shri Janardan Singh Sigriwal ,,MAHARAJGANJ,800000,2025-07-23T00:00:00.000Z,2025-07-23 00:00:00+00:00,405
143871,Assam,Assam,GUWAHATI,GUWAHATI,KAMRUP(DEPUTY COMMISSIONER KAMRUP_IDA),KAMRUP(DEPUTY COMMISSIONER KAMRUP_IDA),Normal/Others,Normal/Others,500000,Recommended,Recommended,2024-09-26T00:00:00.000Z,2024,Lok Sabha,18,0,True,275554,3,"Construction of room at Amrit Chandra Thakuria Commerce Sr Secondary School , Uparhali Dakhala. Pin -781122","Construction of room at Amrit Chandra Thakuria Commerce Sr Secondary School , Uparhali Dakhala. Pin -781122",,BIJULI KALITA MEDHI,,GUWAHATI,500000,2024-09-26T00:00:00.000Z,2024-09-26 00:00:00+00:00,705
221398,Bihar,Bihar,MAHARAJGANJ,MAHARAJGANJ,SIWAN(DISTRICT PLANNING OFFICER SIWAN_IDA),SIWAN(DISTRICT PLANNING OFFICER SIWAN_IDA),Normal/Others,Normal/Others,800000,Recommended,Recommended,2025-07-23T00:00:00.000Z,2025,Lok Sabha,18,0,True,795297,1,Prakhand Goraiyakothi ke Panchayat Lilaru Aurangabad Antargat Gram Gopalpur me Ward No-02 me Pokhara par Ghat ka Nirman Karya,Prakhand Goraiyakothi ke Panchayat Lilaru Aurangabad Antargat Gram Gopalpur me Ward No-02 me Pokhara par Ghat ka Nirman Karya,,Shri Janardan Singh Sigriwal ,,MAHARAJGANJ,800000,2025-07-23T00:00:00.000Z,2025-07-23 00:00:00+00:00,405
221403,Bihar,Bihar,MAHARAJGANJ,MAHARAJGANJ,SIWAN(DISTRICT PLANNING OFFICER SIWAN_IDA),SIWAN(DISTRICT PLANNING OFFICER SIWAN_IDA),Normal/Others,Normal/Others,800000,Recommended,Recommended,2025-07-23T00:00:00.000Z,2025,Lok Sabha,18,0,False,0,0,Panchayat Sarari Dakshin Antaragt Gram Sareya Purab Tola me Ghat ka Nirman Karya,Panchayat Sarari Dakshin Antaragt Gram Sareya Purab Tola me Ghat ka Nirman Karya,,Shri Janardan Singh Sigriwal ,,MAHARAJGANJ,800000,2025-07-23T00:00:00.000Z,2025-07-23 00:00:00+00:00,405
143873,Assam,Assam,GUWAHATI,GUWAHATI,KAMRUP(DEPUTY COMMISSIONER KAMRUP_IDA),KAMRUP(DEPUTY COMMISSIONER KAMRUP_IDA),Normal/Others,Normal/Others,500000,Recommended,Recommended,2024-09-26T00:00:00.000Z,2024,Lok Sabha,18,0,True,299879,4,"Construction of Community hall at Boko sahitya sabha , Satadal Shakha , Boko - 781123","Construction of Community hall at Boko sahitya sabha , Satadal Shakha , Boko - 781123",,BIJULI KALITA MEDHI,,GUWAHATI,500000,2024-09-26T00:00:00.000Z,2024-09-26 00:00:00+00:00,705
221554,Bihar,Bihar,HAJIPUR,HAJIPUR,VAISHALI(DISTRICT PLANNING OFFICER VAISHALI_IDA),VAISHALI(DISTRICT PLANNING OFFICER VAISHALI_IDA),Normal/Others,Normal/Others,1000000,Recommended,Recommended,2025-07-23T00:00:00.000Z,2025,Lok Sabha,18,0,False,0,0,"Block Sahdai Buzurg, Panchayat Pohiyar ke Gram Lodipur Chak Pahar Urf Rampur me Amar Singh Baba ke ghar se Neve Lal Sahni ke ghar hote hue Sonelal Ram ke ghar tak PCC Nirman","Block Sahdai Buzurg, Panchayat Pohiyar ke Gram Lodipur Chak Pahar Urf Rampur me Amar Singh Baba ke ghar se Neve Lal Sahni ke ghar hote hue Sonelal Ram ke ghar tak PCC Nirman",,CHIRAG PASWAN,,HAJIPUR,1000000,2025-07-23T00:00:00.000Z,2025-07-23 00:00:00+00:00,405
221591,Bihar,Bihar,HAJIPUR,HAJIPUR,VAISHALI(DISTRICT PLANNING OFFICER VAISHALI_IDA),VAISHALI(DISTRICT PLANNING OFFICER VAISHALI_IDA),Normal/Others,Normal/Others,1000000,Recommended,Recommended,2025-07-23T00:00:00.000Z,2025,Lok Sabha,18,0,False,0,0,"Block Hajipur, Gram Dayalpur Sapha, Panchayat Dayalpur Ke Ward No. 2 Me Jaylal Paswan ke Ghar Se Hote Hue Kusheshwar Singh Ke murgi Farm Hote Hue Suday Paswan Ke Ghar tak PCC Nirman","Block Hajipur, Gram Dayalpur Sapha, Panchayat Dayalpur Ke Ward No. 2 Me Jaylal Paswan ke Ghar Se Hote Hue Kusheshwar Singh Ke murgi Farm Hote Hue Suday Paswan Ke Ghar tak PCC Nirman",,CHIRAG PASWAN,,HAJIPUR,1000000,2025-07-23T00:00:00.000Z,2025-07-23 00:00:00+00:00,405
144134,Assam,Assam,GUWAHATI,GUWAHATI,KAMRUP(DEPUTY COMMISSIONER KAMRUP_IDA),KAMRUP(DEPUTY COMMISSIONER KAMRUP_IDA),Normal/Others,Normal/Others,800000,Recommended,Recommended,2024-09-28T00:00:00.000Z,2024,Lok Sabha,18,0,True,479312,4,Construction of Open Stage for Cultural activities at Nagarbera Anchalik Rash Samity . Pin -781127,Construction of Open Stage for Cultural activities at Nagarbera Anchalik Rash Samity . Pin -781127,,BIJULI KALITA MEDHI,,GUWAHATI,800000,2024-09-28T00:00:00.000Z,2024-09-28 00:00:00+00:00,703
221794,Bihar,Bihar,HAJIPUR,HAJIPUR,VAISHALI(DISTRICT PLANNING OFFICER VAISHALI_IDA),VAISHALI(DISTRICT PLANNING OFFICER VAISHALI_IDA),Normal/Others,Normal/Others,1000000,Recommended,Recommended,2025-07-24T00:00:00.000Z,2025,Lok Sabha,18,0,False,0,0,Block Bidupur Ke Gram Panchayat Kaithaulia Ke Ward No. 11 me Ram Narayan Rai ke Ghar Se Shankar Thakur ke Ghar tak PCC Nirman,Block Bidupur Ke Gram Panchayat Kaithaulia Ke Ward No. 11 me Ram Narayan Rai ke Ghar Se Shankar Thakur ke Ghar tak PCC Nirman,,CHIRAG PASWAN,,HAJIPUR,1000000,2025-07-24T00:00:00.000Z,2025-07-24 00:00:00+00:00,404
163869,Andhra Pradesh,Andhra Pradesh,TIRUPATI,TIRUPATI,Tirupati(DISTRICT COLLECTOR TIRUPATI_IDA),Tirupati(DISTRICT COLLECTOR TIRUPATI_IDA),Normal/Others,Normal/Others,80000,Recommended,Recommended,2025-01-08T00:00:00.000Z,2025,Lok Sabha,18,0,False,0,0,Providing Street lights  and fixtures in Nellatur in Varadaiahpalem Mandal.,Providing Street lights  and fixtures in Nellatur in Varadaiahpalem Mandal.,,Maddila Gurumoorthy,,TIRUPATI,80000,2025-01-08T00:00:00.000Z,2025-01-08 00:00:00+00:00,601
222035,Bihar,Bihar,NALANDA,NALANDA,NALANDA(DISTRICT PLANNING OFFICER NALANDA_IDA),NALANDA(DISTRICT PLANNING OFFICER NALANDA_IDA),Normal/Others,Normal/Others,300000,Recommended,Recommended,2025-07-26T00:00:00.000Z,2025,Lok Sabha,18,0,False,0,0,Hilsa block ke korawan gram me Brijlala prasad khalihan se Ranjan kumar ke ghar tak it soling and pcc nirman.,Hilsa block ke korawan gram me Brijlala prasad khalihan se Ranjan kumar ke ghar tak it soling and pcc nirman.,,Kaushalendra Kumar,,NALANDA,300000,2025-07-26T00:00:00.000Z,2025-07-26 00:00:00+00:00,402
145936,Assam,Assam,DHUBRI,DHUBRI,BARPETA(DEPUTY COMMISSIONER BARPETA 1),BARPETA(DEPUTY COMMISSIONER BARPETA 1),Normal/Others,Normal/Others,500000,Recommended,Recommended,2024-10-07T00:00:00.000Z,2024,Lok Sabha,18,0,True,300000,1,Construction of Community Hall at Lokpriya Girls' College Kalgachia,Construction of Community Hall at Lokpriya Girls' College Kalgachia,,RAKIBUL HUSSAIN,,DHUBRI,500000,2024-10-07T00:00:00.000Z,2024-10-07 00:00:00+00:00,694
222044,Bihar,Bihar,NALANDA,NALANDA,NALANDA(DISTRICT PLANNING OFFICER NALANDA_IDA),NALANDA(DISTRICT PLANNING OFFICER NALANDA_IDA),Normal/Others,Normal/Others,500000,Recommended,Recommended,2025-07-26T00:00:00.000Z,2025,Lok Sabha,18,0,False,0,0,Noorsarai block ke nirpur panchayat ke ward no. 5 me pachwara payne se Dr. Navin ke ghar tak pcc dhalai and nala nirman.,Noorsarai block ke nirpur panchayat ke ward no. 5 me pachwara payne se Dr. Navin ke ghar tak pcc dhalai and nala nirman.,,Kaushalendra Kumar,,NALANDA,500000,2025-07-26T00:00:00.000Z,2025-07-26 00:00:00+00:00,402
222568,Bihar,Bihar,SITAMARHI,SITAMARHI,SITAMARHI(DISTRICT PLANNING OFFICER SITAMARHI_IDA),SITAMARHI(DISTRICT PLANNING OFFICER SITAMARHI_IDA),Normal/Others,Normal/Others,499600,Recommended,Recommended,2025-07-26T00:00:00.000Z,2025,Lok Sabha,18,0,False,0,0,construction of a permanent bathing ghat at the government pond located near Marar Punaura border in Ward No. 04 of Sitamarhi Municipal Corporation area,construction of a permanent bathing ghat at the government pond located near Marar Punaura border in Ward No. 04 of Sitamarhi Municipal Corporation area,,DEVESH CHANDRA THAKUR,,SITAMARHI,499600,2025-07-26T00:00:00.000Z,2025-07-26 00:00:00+00:00,402
145958,Assam,Assam,DHUBRI,DHUBRI,BARPETA(DEPUTY COMMISSIONER BARPETA 1),BARPETA(DEPUTY COMMISSIONER BARPETA 1),Normal/Others,Normal/Others,500000,Recommended,Recommended,2024-10-07T00:00:00.000Z,2024,Lok Sabha,18,0,True,300000,1,Construction of raised Platform Middle Barghol Char near Taijuddin Supa at Barghol,Construction of raised Platform Middle Barghol Char near Taijuddin Supa at Barghol,,RAKIBUL HUSSAIN,,DHUBRI,500000,2024-10-07T00:00:00.000Z,2024-10-07 00:00:00+00:00,694
222714,Bihar,Bihar,AURANGABAD,AURANGABAD,GAYA(DISTRICT PLANNING OFFICER GAYA_IDA),GAYA(DISTRICT PLANNING OFFICER GAYA_IDA),Normal/Others,Normal/Others,400000,Recommended,Recommended,2025-07-27T00:00:00.000Z,2025,Lok Sabha,18,0,True,400000,1,Installation of High Mast Light in the   Bikopur Bazaar of   Panchayat  Bikopur  of    Imamganj  Block,Installation of High Mast Light in the   Bikopur Bazaar of   Panchayat  Bikopur  of    Imamganj  Block,,ABHAY KUMAR SINHA,,AURANGABAD,400000,2025-07-27T00:00:00.000Z,2025-07-27 00:00:00+00:00,401
219426,Andhra Pradesh,Andhra Pradesh,GUNTUR,GUNTUR,GUNTUR(DISTRICT COLLECTOR GUNTUR_IDA),GUNTUR(DISTRICT COLLECTOR GUNTUR_IDA),Normal/Others,Normal/Others,1500000,Recommended,Recommended,2025-08-10T00:00:00.000Z,2025,Lok Sabha,18,0,False,0,0,"Construction of Karmashala Building in Pedanandipadu (V) (M), Guntur District","Construction of Karmashala Building in Pedanandipadu (V) (M), Guntur District",,Dr Chandra Sekhar Pemmasani,,GUNTUR,1500000,2025-08-10T00:00:00.000Z,2025-08-10 00:00:00+00:00,387
222718,Bihar,Bihar,AURANGABAD,AURANGABAD,AURANGABAD(DISTRICT PLANNING OFFICER AURANGABAD_IDA),AURANGABAD(DISTRICT PLANNING OFFICER AURANGABAD_IDA),Normal/Others,Normal/Others,600000,Recommended,Recommended,2025-07-27T00:00:00.000Z,2025,Lok Sabha,18,0,True,600000,1,Installation of High Mast Light in Sadar Hospital    Ward No  09   Aurangabad City,Installation of High Mast Light in Sadar Hospital    Ward No  09   Aurangabad City,,ABHAY KUMAR SINHA,,AURANGABAD,600000,2025-07-27T00:00:00.000Z,2025-07-27 00:00:00+00:00,401
146003,Assam,Assam,DHUBRI,DHUBRI,GOALPARA(Deputy Commissioner Goalpara_IDA),GOALPARA(Deputy Commissioner Goalpara_IDA),Normal/Others,Normal/Others,200000,Recommended,Recommended,2024-10-07T00:00:00.000Z,2024,Lok Sabha,18,0,True,200000,2,"Construction of Septic Tank over shed for Latrine and Bathroom at Goalpara Girls' College Goalpara, Mariam Nagar","Construction of Septic Tank over shed for Latrine and Bathroom at Goalpara Girls' College Goalpara, Mariam Nagar",,RAKIBUL HUSSAIN,,DHUBRI,200000,2024-10-07T00:00:00.000Z,2024-10-07 00:00:00+00:00,694
222767,Bihar,Bihar,AURANGABAD,AURANGABAD,GAYA(DISTRICT PLANNING OFFICER GAYA_IDA),GAYA(DISTRICT PLANNING OFFICER GAYA_IDA),Normal/Others,Normal/Others,400000,Recommended,Recommended,2025-07-27T00:00:00.000Z,2025,Lok Sabha,18,0,True,400000,1,Installation of High Mast Light in  Mahatma Gandhi Play Ground  of      Village Lohri    Panchayat Manjholi   Block Imamganj,Installation of High Mast Light in  Mahatma Gandhi Play Ground  of      Village Lohri    Panchayat Manjholi   Block Imamganj,,ABHAY KUMAR SINHA,,AURANGABAD,400000,2025-07-27T00:00:00.000Z,2025-07-27 00:00:00+00:00,401
222774,Bihar,Bihar,AURANGABAD,AURANGABAD,GAYA(DISTRICT PLANNING OFFICER GAYA_IDA),GAYA(DISTRICT PLANNING OFFICER GAYA_IDA),Normal/Others,Normal/Others,400000,Recommended,Recommended,2025-07-27T00:00:00.000Z,2025,Lok Sabha,18,0,True,400000,1,Installation of High Mast Light near Ravidas Temple of Majhauli Village and Panchayat  of Imamganj Block,Installation of High Mast Light near Ravidas Temple of Majhauli Village and Panchayat  of Imamganj Block,,ABHAY KUMAR SINHA,,AURANGABAD,400000,2025-07-27T00:00:00.000Z,2025-07-27 00:00:00+00:00,401
146771,Assam,Assam,LAKHIMPUR,LAKHIMPUR,LAKHIMPUR(DEPUTY COMMISSIONER LAKHIMPUR_IDA),LAKHIMPUR(DEPUTY COMMISSIONER LAKHIMPUR_IDA),Normal/Others,Normal/Others,500000,Recommended,Recommended,2024-10-11T00:00:00.000Z,2024,Lok Sabha,18,0,True,499916,2,"Kaoimari Gorkha Kriisti Bhawan, No.1 Kaoimari, PO- Badhakora, Lakhimpur LAC","Kaoimari Gorkha Kriisti Bhawan, No.1 Kaoimari, PO- Badhakora, Lakhimpur LAC",,Pradan Baruah,,LAKHIMPUR,500000,2024-10-11T00:00:00.000Z,2024-10-11 00:00:00+00:00,690
222814,Bihar,Bihar,NAWADA,NAWADA,NAWADA(District Planning Officer NAWADA_IDA),NAWADA(District Planning Officer NAWADA_IDA),Normal/Others,Normal/Others,1498000,Recommended,Recommended,2025-07-28T00:00:00.000Z,2025,Lok Sabha,18,0,True,214300,1,"Veer Shiromani Baba Chauharmal Mandir,Shobh Mandir ward no-28(Naya Ward No-38) Nawada ke Paschim Bhag mai Naye samudayik Bhawan ke dusri manzil ka nirman aur Uttar Bhag mai Toilet aur Bathroom ka Nirman","Veer Shiromani Baba Chauharmal Mandir,Shobh Mandir ward no-28(Naya Ward No-38) Nawada ke Paschim Bhag mai Naye samudayik Bhawan ke dusri manzil ka nirman aur Uttar Bhag mai Toilet aur Bathroom ka Nirman",,VIVEK THAKUR,,NAWADA,1498000,2025-07-28T00:00:00.000Z,2025-07-28 00:00:00+00:00,400
148283,Andhra Pradesh,Andhra Pradesh,KADAPA,KADAPA,Y.S.R. Kadapa(DISTRICT COLLECTOR CUDDAPAH_IDA),Y.S.R. Kadapa(DISTRICT COLLECTOR CUDDAPAH_IDA),Normal/Others,Normal/Others,495000,Recommended,Recommended,2024-10-20T00:00:00.000Z,2024,Lok Sabha,18,0,False,0,0,Formation of Road upto Gravel Surface from Ramireddypalli village to K.Venkatapuram of Kondapuram Mandal,Formation of Road upto Gravel Surface from Ramireddypalli village to K.Venkatapuram of Kondapuram Mandal,,Y S Avinash Reddy,,KADAPA,495000,2024-10-20T00:00:00.000Z,2024-10-20 00:00:00+00:00,681
223901,Bihar,Bihar,JAHANABAD,JAHANABAD,JEHANABAD(DISTRICT PLANNING OFFICER JEHANABAD_IDA),JEHANABAD(DISTRICT PLANNING OFFICER JEHANABAD_IDA),Normal/Others,Normal/Others,500000,Recommended,Recommended,2025-08-06T00:00:00.000Z,2025,Lok Sabha,18,0,False,0,0,Work mentioned at S no 3 of attached letter PCC road with drainage naali from Jafarganj Lalpakka Mod to Chaudhary Ji residence,Work mentioned at S no 3 of attached letter PCC road with drainage naali from Jafarganj Lalpakka Mod to Chaudhary Ji residence,,SURENDRA PRASAD YADAV,,JAHANABAD,500000,2025-08-06T00:00:00.000Z,2025-08-06 00:00:00+00:00,391
146773,Assam,Assam,LAKHIMPUR,LAKHIMPUR,LAKHIMPUR(DEPUTY COMMISSIONER LAKHIMPUR_IDA),LAKHIMPUR(DEPUTY COMMISSIONER LAKHIMPUR_IDA),Normal/Others,Normal/Others,500000,Recommended,Recommended,2024-10-11T00:00:00.000Z,2024,Lok Sabha,18,0,True,499943,2,No.2 Goroimari Chuburi Rangamancha,No.2 Goroimari Chuburi Rangamancha,,Pradan Baruah,,LAKHIMPUR,500000,2024-10-11T00:00:00.000Z,2024-10-11 00:00:00+00:00,690
223904,Bihar,Bihar,JAHANABAD,JAHANABAD,JEHANABAD(DISTRICT PLANNING OFFICER JEHANABAD_IDA),JEHANABAD(DISTRICT PLANNING OFFICER JEHANABAD_IDA),Normal/Others,Normal/Others,86000,Recommended,Recommended,2025-08-06T00:00:00.000Z,2025,Lok Sabha,18,0,True,84970,1,Work Mentioned at S No 4 of attached Letter Installing of Hand Pump Chapakal near Lakhapur Devi Mandir,Work Mentioned at S No 4 of attached Letter Installing of Hand Pump Chapakal near Lakhapur Devi Mandir,,SURENDRA PRASAD YADAV,,JAHANABAD,86000,2025-08-06T00:00:00.000Z,2025-08-06 00:00:00+00:00,391
146776,Assam,Assam,LAKHIMPUR,LAKHIMPUR,LAKHIMPUR(DEPUTY COMMISSIONER LAKHIMPUR_IDA),LAKHIMPUR(DEPUTY COMMISSIONER LAKHIMPUR_IDA),Normal/Others,Normal/Others,500000,Recommended,Recommended,2024-10-11T00:00:00.000Z,2024,Lok Sabha,18,0,True,198049,1,Lachit Sangha,Lachit Sangha,,Pradan Baruah,,LAKHIMPUR,500000,2024-10-11T00:00:00.000Z,2024-10-11 00:00:00+00:00,690
175556,Andaman And Nicobar Islands,Andaman And Nicobar Islands,ANDAMAN AND NICOBAR ISLANDS,ANDAMAN AND NICOBAR ISLANDS,SOUTH ANDAMANS(Implementing District Authority(SA)),SOUTH ANDAMANS(Implementing District Authority(SA)),Repair and Renovation,Repair and Renovation,4947034,Recommended,Recommended,2025-02-14T00:00:00.000Z,2025,Lok Sabha,18,0,True,3655060,1,"Repair and renovation of road from CPWD complex, Ranchi Tikrey Dairyfarm to Fisheries Quarter, Port Blair","Repair and renovation of road from CPWD complex, Ranchi Tikrey Dairyfarm to Fisheries Quarter, Port Blair",,BISHNU PADA RAY,,ANDAMAN AND NICOBAR ISLANDS,4947034,2025-02-14T00:00:00.000Z,2025-02-14 00:00:00+00:00,564
175561,Andaman And Nicobar Islands,Andaman And Nicobar Islands,ANDAMAN AND NICOBAR ISLANDS,ANDAMAN AND NICOBAR ISLANDS,SOUTH ANDAMANS(Implementing District Authority(SA)),SOUTH ANDAMANS(Implementing District Authority(SA)),Normal/Others,Normal/Others,1498887,Recommended,Recommended,2025-02-14T00:00:00.000Z,2025,Lok Sabha,18,0,True,1189292,1,"Construction of CC Motorable road between Govt. Primary School and Shri SK Singh house at Garacharma, Ward No.18, Port Blair","Construction of CC Motorable road between Govt. Primary School and Shri SK Singh house at Garacharma, Ward No.18, Port Blair",,BISHNU PADA RAY,,ANDAMAN AND NICOBAR ISLANDS,1498887,2025-02-14T00:00:00.000Z,2025-02-14 00:00:00+00:00,564
188528,Andaman And Nicobar Islands,Andaman And Nicobar Islands,ANDAMAN AND NICOBAR ISLANDS,ANDAMAN AND NICOBAR ISLANDS,SOUTH ANDAMANS(Implementing District Authority(SA)),SOUTH ANDAMANS(Implementing District Authority(SA)),Normal/Others,Normal/Others,1320600,Recommended,Recommended,2025-04-01T00:00:00.000Z,2025,Lok Sabha,18,0,True,803540,1,"Construction of CC drain from CPWD quarters to Fisheries Quarters via Sree Shaktivel Murugan Temple for a length of 350 mtrs at Ranci Tikrey, Dairy Farm, Ward No.9, SVP.","Construction of CC drain from CPWD quarters to Fisheries Quarters via Sree Shaktivel Murugan Temple for a length of 350 mtrs at Ranci Tikrey, Dairy Farm, Ward No.9, SVP.",,BISHNU PADA RAY,,ANDAMAN AND NICOBAR ISLANDS,1320600,2025-04-01T00:00:00.000Z,2025-04-01 00:00:00+00:00,518
899,Andhra Pradesh,Andhra Pradesh,TIRUPATI,TIRUPATI,Annamayya(DISTRICT COLLECTOR ANNAMAYYA_IDA),Annamayya(DISTRICT COLLECTOR ANNAMAYYA_IDA),Normal/Others,Normal/Others,390388,Recommended,Recommended,2024-11-02T00:00:00.000Z,2024,Lok Sabha,18,0,False,0,0,"Construction of CC Road D. Narayana house to R&B road in Pullareddy Palli H/W (V), Anantha Samudram G.P. in Pullampeta Mandal.","Construction of CC Road D. Narayana house to R&B road in Pullareddy Palli H/W (V), Anantha Samudram G.P. in Pullampeta Mandal.",,Maddila Gurumoorthy,,TIRUPATI,390388,2024-11-02T00:00:00.000Z,2024-11-02 00:00:00+00:00,668
1489,Andhra Pradesh,Andhra Pradesh,ARAKU,ARAKU,"EAST GODAVARI(DISTRICT COLLECTOR, EAST GODAVARI)","EAST GODAVARI(DISTRICT COLLECTOR, EAST GODAVARI)",Normal/Others,Normal/Others,500000,Recommended,Recommended,2025-08-07T00:00:00.000Z,2025,Lok Sabha,18,0,False,0,0,construction of cc road from n16 road to kallepali venkataraju site of konthamuru,construction of cc road from n16 road to kallepali venkataraju site of konthamuru,,Gumma Thanuja Rani,,ARAKU,500000,2025-08-07T00:00:00.000Z,2025-08-07 00:00:00+00:00,390
141551,Andhra Pradesh,Andhra Pradesh,CHITTOOR,CHITTOOR,Tirupati(DISTRICT COLLECTOR TIRUPATI_IDA),Tirupati(DISTRICT COLLECTOR TIRUPATI_IDA),Normal/Others,Normal/Others,490000,Recommended,Recommended,2024-09-18T00:00:00.000Z,2024,Lok Sabha,18,0,False,0,0,"Construction of WBM Road from Jimkalamitta SC Colony to Snam alloys Pvt. Link road at Jimkalamitta Village, Damalacheruvu GP of Pakala Mandal, Chandragiri Constituency.","Construction of WBM Road from Jimkalamitta SC Colony to Snam alloys Pvt. Link road at Jimkalamitta Village, Damalacheruvu GP of Pakala Mandal, Chandragiri Constituency.",,DAGGUMALLA PRASADA RAO,,CHITTOOR,490000,2024-09-18T00:00:00.000Z,2024-09-18 00:00:00+00:00,713
161715,Andhra Pradesh,Andhra Pradesh,TIRUPATI,TIRUPATI,Tirupati(DISTRICT COLLECTOR TIRUPATI_IDA),Tirupati(DISTRICT COLLECTOR TIRUPATI_IDA),Normal/Others,Normal/Others,180000,Recommended,Recommended,2024-12-27T00:00:00.000Z,2024,Lok Sabha,18,0,False,0,0,Providing street lights and fixtures at Irugulam in Satyavedu Mandal.,Providing street lights and fixtures at Irugulam in Satyavedu Mandal.,,Maddila Gurumoorthy,,TIRUPATI,180000,2024-12-27T00:00:00.000Z,2024-12-27 00:00:00+00:00,613
199552,Andhra Pradesh,Andhra Pradesh,TIRUPATI,TIRUPATI,Tirupati(DISTRICT COLLECTOR TIRUPATI_IDA),Tirupati(DISTRICT COLLECTOR TIRUPATI_IDA),Normal/Others,Normal/Others,300000,Recommended,Recommended,2025-05-19T00:00:00.000Z,2025,Lok Sabha,18,0,True,299331,1,Construction of CC Open Drain with cover slab from Mekapilla Guravaiah house to gonu Thirupalaiah house at Akkurthy HW Ho Akkurthy GP in Srikalahasthi Mandal.,Construction of CC Open Drain with cover slab from Mekapilla Guravaiah house to gonu Thirupalaiah house at Akkurthy HW Ho Akkurthy GP in Srikalahasthi Mandal.,,Maddila Gurumoorthy,,TIRUPATI,300000,2025-05-19T00:00:00.000Z,2025-05-19 00:00:00+00:00,470
175556,Andaman And Nicobar Islands,Andaman And Nicobar Islands,ANDAMAN AND NICOBAR ISLANDS,ANDAMAN AND NICOBAR ISLANDS,SOUTH ANDAMANS(Implementing District Authority(SA)),SOUTH ANDAMANS(Implementing District Authority(SA)),Repair and Renovation,Repair and Renovation,4947034,Recommended,Recommended,2025-02-14T00:00:00.000Z,2025,Lok Sabha,18,0,True,3655060,1,"Repair and renovation of road from CPWD complex, Ranchi Tikrey Dairyfarm to Fisheries Quarter, Port Blair","Repair and renovation of road from CPWD complex, Ranchi Tikrey Dairyfarm to Fisheries Quarter, Port Blair",,BISHNU PADA RAY,,ANDAMAN AND NICOBAR ISLANDS,4947034,2025-02-14T00:00:00.000Z,2025-02-14 00:00:00+00:00,564
