id,mpName,house,state,constituency,allocatedAmount,totalExpenditure,utilizationPercentage,completedWorksCount,recommendedWorksCount,completionRate,pendingWorks,unspentAmount,completedWorksValue,totalCompletedAmount,inProgressPayments,paymentGapPercentage
6a932b5ecd944524379ee2ca,Smt. S. Phangnon Konyak (2022-28),Rajya Sabha,Nagaland,Sitting Rajya Sabha,206563957.11,196418200.0,95.0883216743388,57,20,74.02597402597402,0,10145757.110000014,144763000.0,144763000.0,51655200.0,26.298581292364965
6a932b5bcd944524379edf65,Shri Arun Kumar Sagar ,Lok Sabha,Uttar Pradesh,SHAHJAHANPUR,147000000.0,138723000.0,94.36938775510204,4,3,57.14285714285714,0,8277000.0,97143000.0,97143000.0,41580000.0,29.9734002292338
6a932b5bcd944524379edf3a,S SUPONGMEREN JAMIR,Lok Sabha,Nagaland,NAGALAND,147000000.0,138150000.0,93.9795918367347,38,18,67.85714285714286,0,8850000.0,88600000.0,88600000.0,49550000.0,35.86681143684401
6a932b5bcd944524379edfbf,VIJAYLAKSHMI DEVI,Lok Sabha,Bihar,SIWAN,147000000.0,134748616.0,91.66572517006804,95,87,52.19780219780221,0,12251384.0,90543755.0,90543755.0,44204861.0,32.80542859156342
6a932b5bcd944524379edf97,Smt Veena Devi ,Lok Sabha,Bihar,VAISHALI,147000000.0,131108889.0,89.18972040816327,30,29,50.84745762711864,0,15891111.0,93983889.0,93983889.0,37125000.0,28.31615787698422
6a932b5ecd944524379ee2ba,Smt. Darshana Singh (2022-28),Rajya Sabha,Uttar Pradesh,Sitting Rajya Sabha,196994373.87,174994106.0,88.83203238864154,31,16,65.95744680851064,0,22000267.870000005,139851228.0,139851228.0,35142878.0,20.082320943997967
6a932b5ecd944524379ee266,Shri Mithlesh Kumar (2022-28),Rajya Sabha,Uttar Pradesh,Sitting Rajya Sabha,196063957.11,170753928.0,87.09093222279502,195,9,95.58823529411764,0,25310029.110000014,143813928.0,143813928.0,26940000.0,15.777089473455629
6a932b5ecd944524379ee2cd,Smt. Sangeeta Yadav (2022-28),Rajya Sabha,Uttar Pradesh,Sitting Rajya Sabha,196063957.11,169940841.0,86.6762272397961,43,78,35.53719008264463,35,26123116.110000014,117219561.0,117219561.0,52721280.0,31.023313577693777
6a932b5ecd944524379ee2bb,Smt. Geeta alias Chandraprabha (2020-26),Rajya Sabha,Uttar Pradesh,Sitting Rajya Sabha,196063957.11,169877016.35,86.64367426527659,210,37,85.02024291497976,0,26186940.76000002,161572422.35,161572422.35,8304594.0,4.888591863945814
6a932b5ecd944524379ee221,Shri B.L. Verma (2020-26),Rajya Sabha,Uttar Pradesh,Sitting Rajya Sabha,196063957.11,168937264.09,86.16436523068806,350,64,84.54106280193237,0,27126693.02000001,116682306.09,116682306.09,52254958.0,30.93157586129818
6a932b5ecd944524379ee2d2,Smt. Sumitra Balmik (2022-28),Rajya Sabha,Madhya Pradesh,Sitting Rajya Sabha,196063957.11,163767349.0,83.52751388574684,62,116,34.831460674157306,54,32296608.110000014,76039991.0,76039991.0,87727358.0,53.568283626548784
6a932b5bcd944524379edde4,Ashok Kumar Rawat,Lok Sabha,Uttar Pradesh,MISRIKH,147000000.0,121139986.0,82.4081537414966,2,3,40.0,1,25860014.0,48614657.0,48614657.0,72525329.0,59.86902540999138
6a932b5ecd944524379ee249,Shri Javed Ali Khan (2022-28),Rajya Sabha,Uttar Pradesh,Sitting Rajya Sabha,196063957.11,160977854.28,82.10476655313283,125,68,64.76683937823834,0,35086102.83000001,101806791.0,101806791.0,59171063.28,36.75726921858434
6a932b5ecd944524379ee28a,Shri Ramji (2020-26),Rajya Sabha,Uttar Pradesh,Sitting Rajya Sabha,174518577.11,141923083.0,81.32262212437425,154,91,62.857142857142854,0,32595494.110000014,133996851.0,133996851.0,7926232.0,5.5848786768534335
6a932b5ecd944524379ee213,Prof. Ram Gopal Yadav (2020-26),Rajya Sabha,Uttar Pradesh,Sitting Rajya Sabha,221271395.11,178725656.0,80.77214676174054,25,56,30.864197530864196,31,42545739.110000014,78745019.0,78745019.0,99980637.0,55.94084209152378
6a932b5bcd944524379edf9e,SUKHDEO BHAGAT,Lok Sabha,Jharkhand,LOHARDAGA,171821957.11,138586757.0,80.65718685259597,80,204,28.169014084507044,124,33235200.110000014,45856503.0,45856503.0,92730254.0,66.91133843329634
6a932b5bcd944524379edef8,Pradeep Kumar Singh,Lok Sabha,Bihar,ARARIA,147000000.0,118278146.0,80.4613238095238,39,47,45.34883720930232,8,28721854.0,94498127.0,94498127.0,23780019.0,20.10516718785903
6a932b5ecd944524379ee27f,Shri R. Dharmar (2022-28),Rajya Sabha,Tamil Nadu,Sitting Rajya Sabha,260812242.52,207877791.0,79.70400046848229,189,55,77.45901639344262,0,52934451.52000001,204379819.0,204379819.0,3497972.0,1.6827059702592275
6a932b5ecd944524379ee23e,Shri Hardeep Singh Puri (2020-26),Rajya Sabha,Uttar Pradesh,Sitting Rajya Sabha,226801049.11,180480217.2,79.57644724670823,278,137,66.98795180722892,0,46320831.910000026,112016608.2,112016608.2,68463608.99999999,37.93413486649992
6a932b5ecd944524379ee1f6,Dr. Faiyaz Ahmad (2022-28),Rajya Sabha,Bihar,Sitting Rajya Sabha,235263957.11,183753433.0,78.10522073046839,132,57,69.84126984126983,0,51510524.110000014,147781746.0,147781746.0,35971687.0,19.576062559876092
6a932b5bcd944524379ede61,Giridhari Yadav,Lok Sabha,Bihar,BANKA,147000000.0,114805889.0,78.09924421768707,85,35,70.83333333333334,0,32194111.0,97151866.0,97151866.0,17654023.0,15.37727999301499
6a932b5ecd944524379ee255,Shri Khiru Mahto (2022-28),Rajya Sabha,Bihar,Sitting Rajya Sabha,235770091.81,183791258.0,77.95359309106594,171,6,96.61016949152544,0,51978833.81,179942987.0,179942987.0,3848271.0,2.093827008899411
6a932b5ecd944524379ee2ce,Smt. Seema Dwivedi (2020-26),Rajya Sabha,Uttar Pradesh,Sitting Rajya Sabha,173830159.11,135282718.4,77.82465315146658,210,198,51.47058823529411,0,38547440.71000001,104021540.4,104021540.4,31261178.0,23.108035061483506
6a932b5ecd944524379ee2c7,Smt. Ranjeet Ranjan (2022-28),Rajya Sabha,Chhattisgarh,Sitting Rajya Sabha,246780257.87,185739464.0,75.26512274650618,160,121,56.93950177935944,0,61040793.870000005,131171025.0,131171025.0,54568439.0,29.379022543103712
6a932b5ecd944524379ee1f2,Dr. Bhim Singh (2024-30),Rajya Sabha,Bihar,Sitting Rajya Sabha,186200000.0,139819329.0,75.09093931256713,233,81,74.20382165605095,0,46380671.0,93849329.0,93849329.0,45970000.0,32.87814376508702
6a932b5ecd944524379ee294,Shri S. Kalyanasundaram (2022-28),Rajya Sabha,Tamil Nadu,Sitting Rajya Sabha,239763792.52,179863534.0,75.01697070669942,141,44,76.21621621621621,0,59900258.52000001,164924211.0,164924211.0,14939323.0,8.305920976733393
6a932b5ecd944524379ee2a7,Shri Shambhu Sharan Patel (2022-28),Rajya Sabha,Bihar,Sitting Rajya Sabha,237168443.49,175484824.0,73.99164130678251,199,109,64.6103896103896,0,61683619.49000001,157543823.0,157543823.0,17941001.0,10.223676663914825
6a932b5bcd944524379eded7,Mukesh Rajput,Lok Sabha,Uttar Pradesh,FARRUKHABAD,147000000.0,108417412.0,73.75334149659864,246,49,83.38983050847457,0,38582588.0,92642945.0,92642945.0,15774467.0,14.549754240582685
6a932b5ecd944524379ee1f4,Dr. Dharmshila Gupta (2024-30),Rajya Sabha,Bihar,Sitting Rajya Sabha,186200000.0,136714265.0,73.42334317937701,87,55,61.267605633802816,0,49485735.0,114316446.0,114316446.0,22397819.0,16.382942189682986
6a932b5bcd944524379edf2b,Ramprit Mandal,Lok Sabha,Bihar,JHANJHARPUR,147000000.0,107510581.0,73.13644965986394,90,91,49.72375690607735,1,39489419.0,92399719.0,92399719.0,15110862.0,14.05523238684758
6a932b5bcd944524379edf24,RAM PRASAD CHAUDHARY,Lok Sabha,Uttar Pradesh,BASTI,204176957.11,148429426.0,72.69646296081976,37,146,20.21857923497268,109,55747531.110000014,63914240.0,63914240.0,84515186.0,56.93964349090726
6a932b5bcd944524379eddce,ANDREW J. SYNGKON,Lok Sabha,Meghalaya,SHILLONG,98000000.0,70505000.0,71.9438775510204,98,146,40.16393442622951,48,27495000.0,36350000.0,36350000.0,34155000.0,48.44337281043898
6a932b5bcd944524379ede4a,DR. RAJESH MISHRA,Lok Sabha,Madhya Pradesh,SIDHI,262724510.35,184983789.0,70.40979494207286,172,169,50.43988269794721,0,77740721.35,136499025.0,136499025.0,48484764.0,26.210277269215197
6a932b5ecd944524379ee280,Shri R. Girirajan (2022-28),Rajya Sabha,Tamil Nadu,Sitting Rajya Sabha,236312242.52,165928789.0,70.21590893072617,150,71,67.87330316742081,0,70383453.52000001,124310817.0,124310817.0,41617972.0,25.08182712042815
6a932b5ecd944524379ee2bf,Smt. Mahua Maji (2022-28),Rajya Sabha,Jharkhand,Sitting Rajya Sabha,232524001.2,163193927.0,70.18369121372233,150,315,32.25806451612903,165,69330074.19999999,81123339.0,81123339.0,82070588.0,50.2902218904261
6a932b5ecd944524379ee216,Shri Aditya Prasad (2022-28),Rajya Sabha,Jharkhand,Sitting Rajya Sabha,227628508.2,159474868.0,70.05926861317452,141,85,62.38938053097345,0,68153640.19999999,115687342.0,115687342.0,43787526.0,27.45732073595446
6a932b5ecd944524379ee223,Shri Baburam Nishad (2022-28),Rajya Sabha,Uttar Pradesh,Sitting Rajya Sabha,196063957.11,136082109.32,69.40699929036538,436,213,67.18027734976889,0,59981847.79000002,113334752.32,113334752.32,22747357.0,16.71590564966119
6a932b5bcd944524379edefa,Pradyut Bordoloi,Lok Sabha,Assam,NOWGONG,98000000.0,67647652.0,69.02821632653061,13,202,6.046511627906977,189,30352348.0,6630634.0,6630634.0,61017018.0,90.19827916569815
6a932b5ecd944524379ee2cb,Smt. Sadhna Singh (2024-30),Rajya Sabha,Uttar Pradesh,Sitting Rajya Sabha,147000000.0,101298179.0,68.91032585034014,5,13,27.77777777777778,8,45701821.0,82840596.0,82840596.0,18457583.0,18.22104126866881
6a932b5ecd944524379ee205,Dr. Sandeep Kumar Pathak (2022-28),Rajya Sabha,Punjab,Sitting Rajya Sabha,232203454.24,159803697.0,68.82055115116017,157,121,56.4748201438849,0,72399757.24000001,80659922.0,80659922.0,79143775.0,49.52562205115943
6a932b5bcd944524379ede03,Bhola Singh,Lok Sabha,Uttar Pradesh,BULANDSHAHR,147000000.0,101017522.0,68.71940272108844,142,148,48.96551724137931,6,45982478.0,70121237.0,70121237.0,30896285.0,30.58507513181723
6a932b5ecd944524379ee23b,Shri Gulam Ali (2022-28),Rajya Sabha,Jammu And Kashmir,Nominated Rajya Sabha,196063957.11,134033715.0,68.36224106443058,156,29,84.32432432432432,0,62030242.110000014,133429060.0,133429060.0,604655.0,0.4511215704198007
6a932b5bcd944524379edddb,ARUN BHARTI,Lok Sabha,Bihar,JAMUI,194924621.11,132883940.0,68.17196270193637,218,110,66.46341463414635,0,62040681.110000014,112774852.0,112774852.0,20109088.0,15.132820414566275
6a932b5ecd944524379ee21c,Shri Arun Singh (2020-26),Rajya Sabha,Uttar Pradesh,Sitting Rajya Sabha,223492764.11,151462382.0,67.77059767601797,46,65,41.44144144144144,19,72030382.11000001,50601635.0,50601635.0,100860747.0,66.5912853529532
6a932b5ecd944524379ee2a5,Shri Satish Chandra Dubey (2022-28),Rajya Sabha,Bihar,Sitting Rajya Sabha,235263957.11,159342825.0,67.7293823318196,162,92,63.77952755905512,0,75921132.11000001,128859487.0,128859487.0,30483338.0,19.13066245687561
6a932b5bcd944524379ede43,DR. LATA WANKHEDE,Lok Sabha,Madhya Pradesh,SAGAR,147000000.0,99315853.0,67.56180476190477,103,155,39.922480620155035,52,47684147.0,78629489.0,78629489.0,20686364.0,20.828864048522043
6a932b5ecd944524379ee2a3,Shri Sant Balbir Singh (2022-28),Rajya Sabha,Punjab,Sitting Rajya Sabha,196359074.44000003,131641205.41,67.0410602542459,206,165,55.525606469002696,0,64717869.03000003,98971956.0,98971956.0,32669249.409999996,24.81688716557309
6a932b5bcd944524379edf7f,Shri Tapir Gao,Lok Sabha,Arunachal Pradesh,ARUNACHAL EAST,147000000.0,98534470.0,67.03025170068028,106,58,64.63414634146342,0,48465530.0,94063491.0,94063491.0,4470979.0,4.537477087967287
6a932b5bcd944524379edf9b,SUDHAKAR SINGH,Lok Sabha,Bihar,BUXAR,185211956.54,123581875.0,66.72456644196735,98,106,48.03921568627451,8,61630081.53999999,97184694.0,97184694.0,26397181.0,21.36007484916376
6a932b5bcd944524379eddd5,ANOOP PRADHAN BALMIKI,Lok Sabha,Uttar Pradesh,HATHRAS,147000000.0,97915147.0,66.60894353741497,69,37,65.09433962264151,0,49084853.0,94261505.0,94261505.0,3653642.0,3.731436975731651
6a932b5ecd944524379ee246,Shri Jaggesh (2022-28),Rajya Sabha,Karnataka,Sitting Rajya Sabha,196063957.11,130587101.0,66.60433815825478,126,82,60.57692307692307,0,65476856.110000014,117216640.0,117216640.0,13370461.0,10.238730240286136
6a932b5bcd944524379edee3,NEERAJ MAURYA,Lok Sabha,Uttar Pradesh,AONLA,147000000.0,97488644.0,66.31880544217688,17,19,47.22222222222222,2,49511356.0,96558369.0,96558369.0,930275.0,0.9542393470976988
6a932b5bcd944524379edfae,THARANIVENTHAN M S,Lok Sabha,Tamil Nadu,ARANI,168337124.35,111315790.0,66.12670284693503,180,137,56.782334384858046,0,57021334.349999994,91405416.0,91405416.0,19910374.0,17.886387905974523
6a932b5bcd944524379ede96,KAMLESH JANGDE,Lok Sabha,Chhattisgarh,JANJGIR CHAMPA,150384382.11,99411941.0,66.10522954922556,254,90,73.83720930232558,0,50972441.110000014,78661679.0,78661679.0,20750262.0,20.87300759976108
6a932b5bcd944524379edf3f,SALENG A SANGMA,Lok Sabha,Meghalaya,TURA,147000000.0,97120000.0,66.06802721088435,130,218,37.35632183908046,88,49880000.0,51050000.0,51050000.0,46070000.0,47.43616144975288
6a932b5bcd944524379edf13,RAJ BHUSHAN CHOUDHARY,Lok Sabha,Bihar,MUZAFFARPUR,147000000.0,96375137.0,65.56131768707483,77,43,64.16666666666667,0,50624863.0,86773068.0,86773068.0,9602069.0,9.963222153448145
6a932b5bcd944524379edf1e,Rajkumar Chahar ,Lok Sabha,Uttar Pradesh,FATEHPUR SIKRI,147000000.0,96369831.0,65.5577081632653,45,5,90.0,0,50630169.0,95259092.0,95259092.0,1110739.0,1.1525795868626147
6a932b5bcd944524379edf34,RICHARD VANLALHMANGAIHA,Lok Sabha,Mizoram,MIZORAM,147000000.0,96361729.0,65.55219659863945,134,132,50.37593984962406,0,50638271.0,70434229.0,70434229.0,25927500.0,26.90642879602129
6a932b5bcd944524379ede3d,DR RANI SRI KUMAR,Lok Sabha,Tamil Nadu,TENKASI,153060922.82,99919930.0,65.28114959656037,102,58,63.74999999999999,0,53140992.81999999,86705685.0,86705685.0,13214245.0,13.224834124683635
6a932b5bcd944524379eddc0,AKSHAYA YADAV,Lok Sabha,Uttar Pradesh,FIROZABAD,147000000.0,95931875.0,65.25977891156462,37,6,86.04651162790698,0,51068125.0,87311813.0,87311813.0,8620062.0,8.98560775550358
6a932b5bcd944524379ede1a,CHHATRA PAL SINGH GANGWAR,Lok Sabha,Uttar Pradesh,BAREILLY,147000000.0,95712065.0,65.11024829931972,142,44,76.34408602150538,0,51287935.0,93623211.0,93623211.0,2088854.0,2.1824354118783247
6a932b5bcd944524379edec9,MANOJ KUMAR,Lok Sabha,Bihar,SASARAM,147000000.0,95686097.0,65.09258299319728,82,112,42.2680412371134,30,51313903.0,68255638.0,68255638.0,27430459.0,28.667131234331777
6a932b5bcd944524379edeec,Pankaj Chowdhary,Lok Sabha,Uttar Pradesh,MAHARAJGANJ,147000000.0,95676373.0,65.08596802721088,35,30,53.84615384615385,0,51323627.0,75335566.0,75335566.0,20340807.0,21.260010556629275
6a932b5bcd944524379ede9c,KARAN BHUSHAN SINGH,Lok Sabha,Uttar Pradesh,KAISERGANJ,147000000.0,95454825.0,64.93525510204081,33,75,30.555555555555557,42,51545175.0,46122700.0,46122700.0,49332125.0,51.68112245766518
6a932b5ecd944524379ee1fb,Dr. Kavita Patidar (2022-28),Rajya Sabha,Madhya Pradesh,Sitting Rajya Sabha,197118521.35,127377000.12,64.61949858777184,142,75,65.43778801843318,0,69741521.23000002,85554362.0,85554362.0,41822638.120000005,32.8337439887888
6a932b5bcd944524379ede71,Indra Hang Subba,Lok Sabha,Sikkim,SIKKIM,152003923.11,98023420.0,64.48742768899709,38,81,31.932773109243698,43,53980503.110000014,76962180.0,76962180.0,21061240.0,21.48592652653825
6a932b5ecd944524379ee24d,Shri K.R.N. Rajeshkumar (2022-28),Rajya Sabha,Tamil Nadu,Sitting Rajya Sabha,238513975.53,152999036.0,64.14678035533224,84,18,82.35294117647058,0,85514939.53,131487423.0,131487423.0,21511613.0,14.059966364755397
6a932b5bcd944524379edf59,SHER SINGH GHUBAYA,Lok Sabha,Punjab,FIROZPUR,147000000.0,94266196.0,64.12666394557823,361,34,91.39240506329114,0,52733804.0,88106251.0,88106251.0,6159945.0,6.53462774715127
6a932b5bcd944524379eddcf,ANGOMCHA BIMOL AKOIJAM,Lok Sabha,Manipur,INNER MANIPUR,147000000.0,93860392.0,63.85060680272109,21,29,42.0,8,53139608.0,45798053.0,45798053.0,48062339.0,51.2061988831242
6a932b5bcd944524379edf07,Prof SP Singh Baghel,Lok Sabha,Uttar Pradesh,AGRA,147000000.0,93200157.0,63.40146734693878,55,55,50.0,0,53799843.0,75214638.0,75214638.0,17985519.0,19.297734659395477
6a932b5bcd944524379ede7e,JITENDRA KUMAR DOHARE,Lok Sabha,Uttar Pradesh,ETAWAH,188747306.26,119571988.0,63.35030171783709,192,322,37.35408560311284,130,69175318.25999999,59111265.0,59111265.0,60460723.0,50.56428684618006
6a932b5ecd944524379ee28b,Shri Ramji Lal Suman (2024-30),Rajya Sabha,Uttar Pradesh,Sitting Rajya Sabha,147000000.0,93005621.0,63.26912993197279,29,35,45.3125,6,53994379.0,48424053.0,48424053.0,44581568.0,47.93427270379712
6a932b5bcd944524379ede59,GAIKWAD VARSHA EKNATH,Lok Sabha,Maharashtra,MUMBAI NORTH-CENTRAL,147000000.0,92563767.0,62.96854897959183,0,57,0.0,57,54436233.0,0.0,0.0,92563767.0,100.0
6a932b5bcd944524379edf02,PRAVEEN PATEL,Lok Sabha,Uttar Pradesh,PHULPUR,151559884.09,95102075.0,62.748843845463774,14,10,58.333333333333336,0,56457809.09,50524702.0,50524702.0,44577373.0,46.873186520903985
6a932b5bcd944524379edf87,SK NURUL ISLAM,Lok Sabha,West Bengal,BASIRHAT,49000000.0,30740105.0,62.7349081632653,7,26,21.21212121212121,19,18259895.0,13344497.0,13344497.0,17395608.0,56.58929271711987
6a932b5bcd944524379edf36,Rodmal Nagar ,Lok Sabha,Madhya Pradesh,RAJGARH,147000000.0,92107905.0,62.658438775510206,54,301,15.211267605633802,247,54892095.0,35993694.0,35993694.0,56114211.0,60.92225309000351
6a932b5bcd944524379edde9,AWADHESH PRASAD,Lok Sabha,Uttar Pradesh,FAIZABAD,147000000.0,92097873.0,62.65161428571429,108,106,50.467289719626166,0,54902127.0,81824252.0,81824252.0,10273621.0,11.15511212729093
6a932b5ecd944524379ee1f9,Dr. K. Laxman (2022-28),Rajya Sabha,Uttar Pradesh,Sitting Rajya Sabha,197637007.11,123809716.0,62.64500652506364,275,48,85.13931888544892,0,73827291.11000001,90523200.0,90523200.0,33286516.0,26.885221188941262
6a932b5bcd944524379edf22,RAKESH RATHOR,Lok Sabha,Uttar Pradesh,SITAPUR,147000000.0,91524162.0,62.261334693877544,21,50,29.577464788732392,29,55475838.0,32047044.0,32047044.0,59477118.0,64.985154412012
6a932b5bcd944524379edf4b,SARABJEET SINGH KHALSA,Lok Sabha,Punjab,FARIDKOT,150850348.15,93855473.0,62.21760450076893,227,389,36.85064935064935,162,56994875.150000006,49705480.0,49705480.0,44149993.0,47.04040328047785
6a932b5bcd944524379edf3d,SACHITHANANTHAM R,Lok Sabha,Tamil Nadu,DINDIGUL,147000000.0,91226196.0,62.05863673469387,50,84,37.3134328358209,34,55773804.0,59427935.0,59427935.0,31798261.0,34.85650218277215
6a932b5ecd944524379ee22b,Shri Chandrakant Damodar Handore (2024-30),Rajya Sabha,Maharashtra,Sitting Rajya Sabha,147000000.0,91048479.0,61.93774081632653,9,29,23.684210526315788,20,55951521.0,17902582.0,17902582.0,73145897.0,80.33730799610612
6a932b5bcd944524379ede1c,CHHOTELAL,Lok Sabha,Uttar Pradesh,ROBERTSGANJ,147000000.0,90952339.0,61.87233945578231,261,174,60.0,0,56047661.0,49140148.0,49140148.0,41812191.0,45.97154010519729
6a932b5bcd944524379edf72,Shri Karti P Chidambaram ,Lok Sabha,Tamil Nadu,SIVAGANGA,159049284.11,98344507.0,61.83272534064598,117,67,63.58695652173913,0,60704777.110000014,74356902.0,74356902.0,23987605.0,24.39140296874944
6a932b5bcd944524379ede33,Dinesh Chandra Yadav,Lok Sabha,Bihar,MADHEPURA,150070866.11,92486814.0,61.628760063401224,105,51,67.3076923076923,0,57584052.110000014,87211021.0,87211021.0,5275793.0,5.70437316610344
6a932b5ecd944524379ee20b,Dr. Sikander Kumar (2022-28),Rajya Sabha,Himachal Pradesh,Sitting Rajya Sabha,207863957.11,127603852.04,61.38815685707023,169,225,42.89340101522843,56,80260105.07000001,89654329.04,89654329.04,37949523.0,29.74010767958945
6a932b5bcd944524379edec3,Manickam Tagore B,Lok Sabha,Tamil Nadu,VIRUDHUNAGAR,147000000.0,90165437.0,61.33703197278911,69,19,78.4090909090909,0,56834563.0,73873945.0,73873945.0,16291492.0,18.068444563741203
6a932b5ecd944524379ee236,Shri Dorjee Tshering Lepcha (2024-30),Rajya Sabha,Sikkim,Sitting Rajya Sabha,150170726.11,91921040.0,61.21102453261621,85,33,72.03389830508475,0,58249686.110000014,84930114.0,84930114.0,6990926.0,7.605359991575378
6a932b5ecd944524379ee2af,Shri Tejveer Singh (2024-30),Rajya Sabha,Uttar Pradesh,Sitting Rajya Sabha,147000000.0,89900058.0,61.15650204081633,53,33,61.627906976744185,0,57099942.0,61465997.0,61465997.0,28434061.0,31.628523532209513
6a932b5ecd944524379ee28e,Shri Ratanjit Pratap Narain Singh (2024-30),Rajya Sabha,Uttar Pradesh,Sitting Rajya Sabha,147000000.0,89673432.0,61.00233469387754,83,42,66.4,0,57326568.0,76802551.0,76802551.0,12870881.0,14.353059443515
6a932b5bcd944524379edde6,Asit Kumar Mal ,Lok Sabha,West Bengal,BOLPUR,275694456.74,167302248.0,60.68393611474685,134,68,66.33663366336634,0,108392208.74,150323234.0,150323234.0,16979014.0,10.14870642981438
6a932b5bcd944524379edebf,MALAIYARASAN D,Lok Sabha,Tamil Nadu,KALLAKURICHI,201599593.0,121901141.0,60.46695788716201,198,191,50.899742930591266,0,79698452.0,119983247.0,119983247.0,1917894.0,1.5733191537559112
6a932b5bcd944524379edf46,Sanjay Seth ,Lok Sabha,Jharkhand,RANCHI,147064357.11,88234955.0,59.997511792747126,49,101,32.666666666666664,52,58829402.110000014,29564600.0,29564600.0,58670355.0,66.49332455601072
6a932b5bcd944524379ede3b,Dr Mohammad Jawed,Lok Sabha,Bihar,KISHANGANJ,148669229.11,89065400.0,59.90842929178083,130,74,63.725490196078425,0,59603829.110000014,83945400.0,83945400.0,5120000.0,5.748584747836983
6a932b5bcd944524379eddff,BHARTI PARDHI,Lok Sabha,Madhya Pradesh,BALAGHAT,154398389.01,92426127.0,59.86210581122954,80,85,48.48484848484848,5,61972262.00999999,44802146.0,44802146.0,47623981.0,51.52653534860332
6a932b5bcd944524379edf7b,Shri Satish Kumar Gautam ,Lok Sabha,Uttar Pradesh,ALIGARH,147000000.0,87713538.0,59.669073469387754,21,55,27.631578947368425,34,59286462.0,24736769.0,24736769.0,62976769.0,71.79823142010302
6a932b5bcd944524379edea2,Kiren Rijiju,Lok Sabha,Arunachal Pradesh,ARUNACHAL WEST,147000000.0,87533016.0,59.5462693877551,114,17,87.02290076335878,0,59466984.0,80040499.0,80040499.0,7492517.0,8.559646796587016
6a932b5bcd944524379ede31,Dileshwar Kamait ,Lok Sabha,Bihar,SUPAUL,150450930.89,89329681.0,59.37462830676142,46,85,35.11450381679389,39,61121249.889999986,60629237.0,60629237.0,28700444.0,32.128676245916516
6a932b5bcd944524379ede5d,Ganesan Selvam,Lok Sabha,Tamil Nadu,KANCHEEPURAM,186508749.11,110717216.0,59.36301461906255,273,177,60.66666666666667,0,75791533.11000001,96645925.0,96645925.0,14071291.0,12.709216785219745
6a932b5bcd944524379ede86,K E PRAKASH,Lok Sabha,Tamil Nadu,ERODE,147000000.0,87182728.0,59.30797823129251,141,101,58.26446280991735,0,59817272.0,78048880.0,78048880.0,9133848.0,10.476671480158316
6a932b5bcd944524379ede16,CHANDRA SHEKHAR,Lok Sabha,Uttar Pradesh,NAGINA,147000000.0,87033825.0,59.206683673469385,286,227,55.7504873294347,0,59966175.0,61564493.0,61564493.0,25469332.0,29.263716721630928
6a932b5bcd944524379ede7a,Janardan Mishra,Lok Sabha,Madhya Pradesh,REWA,147000000.0,86935425.0,59.139744897959176,1,106,0.9345794392523364,105,60064575.0,1125327.0,1125327.0,85810098.0,98.70555990265188
6a932b5bcd944524379eddb4,ADITYA YADAV,Lok Sabha,Uttar Pradesh,BADAUN,147000000.0,86893966.0,59.11154149659864,41,64,39.04761904761905,23,60106034.0,31363039.0,31363039.0,55530927.0,63.90653983960175
6a932b5bcd944524379ede1f,CN Annadurai,Lok Sabha,Tamil Nadu,TIRUVANNAMALAI,148579509.11,87500808.0,58.89157160643145,171,23,88.14432989690721,0,61078701.110000014,79786644.0,79786644.0,7714164.0,8.81610601812957
6a932b5bcd944524379edfa5,Suresh Kumar Kashyap,Lok Sabha,Himachal Pradesh,SHIMLA,153563957.11,90424211.0,58.88374635672346,83,446,15.689981096408316,363,63139746.110000014,21196476.0,21196476.0,69227735.0,76.55884882423801
6a932b5bcd944524379edfc3,VIRENDRA SINGH,Lok Sabha,Uttar Pradesh,CHANDAULI,147000000.0,86345853.0,58.73867551020409,13,22,37.142857142857146,9,60654147.0,60651663.0,60651663.0,25694190.0,29.757294771296085
6a932b5bcd944524379ededd,NALIN SOREN,Lok Sabha,Jharkhand,DUMKA,147364097.11,86550781.0,58.73261038297145,106,319,24.941176470588236,213,60813316.110000014,30263976.0,30263976.0,56286805.0,65.03327220120636
6a932b5bcd944524379edeaf,LALJI VERMA,Lok Sabha,Uttar Pradesh,AMBEDKAR NAGAR,147000000.0,86165424.0,58.61593469387755,61,202,23.19391634980989,141,60834576.0,45423544.0,45423544.0,40741880.0,47.283327939058246
6a932b5bcd944524379ede79,Jai Prakash,Lok Sabha,Uttar Pradesh,HARDOI,147000000.0,85755277.0,58.33692312925171,3,21,12.5,18,61244723.0,18939014.0,18939014.0,66816263.0,77.91504539131743
6a932b5ecd944524379ee268,Shri Mukul Wasnik (2022-28),Rajya Sabha,Rajasthan,Sitting Rajya Sabha,196063957.11,113851736.01,58.06867192123663,94,79,54.33526011560693,0,82212221.10000001,74795735.0,74795735.0,39056001.010000005,34.30426480854853
6a932b5bcd944524379edf28,RAMBHUAL NISHAD,Lok Sabha,Uttar Pradesh,SULTANPUR,151231957.11,87473694.0,57.84074720158199,6,46,11.538461538461538,40,63758263.110000014,54336205.0,54336205.0,33137489.0,37.88280508652121
6a932b5bcd944524379eddc1,ALFRED KANNGAM S ARTHUR,Lok Sabha,Manipur,OUTER MANIPUR,147000000.0,84951963.0,57.79045102040816,15,20,42.857142857142854,5,62048037.0,29751963.0,29751963.0,55200000.0,64.97789815639693
6a932b5ecd944524379ee279,Shri Pradip Kumar Varma (2024-30),Rajya Sabha,Jharkhand,Sitting Rajya Sabha,178564551.09,101069118.0,56.60088600063694,24,214,10.084033613445378,190,77495433.09,20485000.0,20485000.0,80584118.0,79.73169212775755
6a932b5bcd944524379ede51,Durga Das Uikey ,Lok Sabha,Madhya Pradesh,BETUL,151569502.91,85636977.0,56.500137135667806,288,214,57.37051792828686,0,65932525.91,67364911.0,67364911.0,18272066.0,21.336654608908017
6a932b5ecd944524379ee272,Shri P. Chidambaram (2022-28),Rajya Sabha,Tamil Nadu,Sitting Rajya Sabha,236312242.52,133481597.0,56.485265247611096,75,69,52.083333333333336,0,102830645.52,71448372.0,71448372.0,62033225.0,46.473241551043174
6a932b5bcd944524379edfaa,TANUJ PUNIA,Lok Sabha,Uttar Pradesh,BARABANKI,148198170.11,83397272.0,56.27415772954445,13,20,39.39393939393939,7,64800898.110000014,38479343.0,38479343.0,44917929.0,53.86018981532153
6a932b5bcd944524379edde0,Arvind Dharmapuri,Lok Sabha,Telangana,NIZAMABAD,281396355.11,158096817.0,56.182965461012714,476,440,51.96506550218341,0,123299538.11,147505027.0,147505027.0,10591790.0,6.699559295997718
6a932b5bcd944524379ede25,DAROGA PRASAD SAROJ,Lok Sabha,Uttar Pradesh,LALGANJ,147000000.0,82499872.0,56.12236190476191,58,236,19.727891156462583,178,64500128.0,21279304.0,21279304.0,61220568.0,74.20686422398329
6a932b5bcd944524379edebb,Mahesh Sharma,Lok Sabha,Uttar Pradesh,GAUTAM BUDDHA NAGAR,148816284.11,83408358.0,56.04787036501149,68,103,39.76608187134503,35,65407926.110000014,57908132.0,57908132.0,25500226.0,30.572746678456376
6a932b5ecd944524379ee20f,Dr. Vikramjit Singh Sahney (2022-28),Rajya Sabha,Punjab,Sitting Rajya Sabha,198656208.57,111224375.74,55.988371337917755,27,33,45.0,6,87431832.83000003,60373951.74,60373951.74,50850423.99999999,45.718776717496546
6a932b5ecd944524379ee26c,Shri Naresh Bansal (2020-26),Rajya Sabha,Uttarakhand,Sitting Rajya Sabha,222043184.71,124316327.0,55.98745449555843,106,127,45.493562231759654,21,97726857.71,96802546.0,96802546.0,27513781.0,22.13207360928545
6a932b5bcd944524379edfb6,V S Matheswaran,Lok Sabha,Tamil Nadu,NAMAKKAL,162539930.11,90580955.0,55.7284323542521,140,70,66.66666666666666,0,71958975.11000001,90580955.0,90580955.0,0.0,0.0
6a932b5bcd944524379ede88,K Subbarayan,Lok Sabha,Tamil Nadu,TIRUPPUR,147000000.0,81901423.0,55.71525374149659,65,53,55.08474576271186,0,65098577.0,67913861.0,67913861.0,13987562.0,17.078533543916567
6a932b5bcd944524379ede2a,DEVESH SHAKYA,Lok Sabha,Uttar Pradesh,ETAH,147000000.0,81351075.0,55.34086734693877,220,106,67.48466257668711,0,65648925.0,53713019.0,53713019.0,27638056.0,33.9738055090237
6a932b5bcd944524379ede69,Gyaneshwar Patil,Lok Sabha,Madhya Pradesh,KHANDWA,155690684.77,86011926.0,55.24539000330327,164,222,42.487046632124354,58,69678758.77000001,53503477.0,53503477.0,32508449.0,37.79528085442477
6a932b5ecd944524379ee264,Shri Meda Raghunadha Reddy (2024-30),Rajya Sabha,Andhra Pradesh,Sitting Rajya Sabha,147000000.0,81094462.0,55.16630068027211,110,139,44.17670682730924,29,65905538.0,64019913.0,64019913.0,17074549.0,21.055135676219173
6a932b5bcd944524379edf57,SHASHANK MANI,Lok Sabha,Uttar Pradesh,DEORIA,147000000.0,80936917.0,55.05912721088435,45,81,35.714285714285715,36,66063083.0,50341922.0,50341922.0,30594995.0,37.80103830740181
6a932b5bcd944524379ede14,CHANDAN CHAUHAN,Lok Sabha,Uttar Pradesh,BIJNOR,147000000.0,80796698.0,54.96374013605442,14,102,12.06896551724138,88,66203302.0,11364013.0,11364013.0,69432685.0,85.93505269237612
6a932b5bcd944524379edf76,Shri Narendra Modi,Lok Sabha,Uttar Pradesh,VARANASI,162070276.11,88819703.0,54.80320335834836,192,25,88.47926267281106,0,73250573.11000001,89119541.0,89119541.0,0.0,0.0
6a932b5bcd944524379edfab,TARIQ ANWAR,Lok Sabha,Bihar,KATIHAR,147000000.0,79735060.0,54.24153741496599,60,26,69.76744186046511,0,67264940.0,58505060.0,58505060.0,21230000.0,26.62567758775123
6a932b5bcd944524379edf4f,SAVITRI THAKUR,Lok Sabha,Madhya Pradesh,DHAR,147000000.0,79325366.0,53.962834013605445,179,160,52.8023598820059,0,67674634.0,58812391.0,58812391.0,20512975.0,25.85928818784145
6a932b5bcd944524379edfbd,Vijay Kumar Dubey,Lok Sabha,Uttar Pradesh,KUSHI NAGAR,148900000.0,80256423.0,53.89954533243788,132,90,59.45945945945946,0,68643577.0,58294797.0,58294797.0,21961626.0,27.36432198080894
6a932b5ecd944524379ee290,Shri Rwngwra Narzary (2022-28),Rajya Sabha,Assam,Sitting Rajya Sabha,220563957.11,118131237.0,53.55872217194825,16,150,9.63855421686747,134,102432720.11,18169662.0,18169662.0,99961575.0,84.6190876677267
6a932b5bcd944524379edec1,MALVINDER SINGH KANG,Lok Sabha,Punjab,ANANDPUR SAHIB,147000000.0,78725294.0,53.55462176870748,109,236,31.594202898550726,127,68274706.0,40027429.0,40027429.0,38697865.0,49.15556745967821
6a932b5ecd944524379ee269,Shri Nagendra Ray (2023-29),Rajya Sabha,West Bengal,Sitting Rajya Sabha,171500000.0,91735859.0,53.49029679300291,2,20,9.090909090909092,18,79764141.0,23775426.0,23775426.0,67960433.0,74.08273464796356
6a932b5bcd944524379edf8c,Smt Harsimrat Kaur Badal,Lok Sabha,Punjab,BHATINDA,159775982.39,85393082.0,53.44550584052272,147,206,41.64305949008499,59,74382900.38999999,47784075.0,47784075.0,37609007.0,44.04221761196065
6a932b5bcd944524379ede9b,KANWAR SINGH TANWAR,Lok Sabha,Uttar Pradesh,AMROHA,147000000.0,78135018.0,53.15307346938776,59,46,56.19047619047619,0,68864982.0,65163043.0,65163043.0,12971975.0,16.60199911901217
6a932b5bcd944524379edfc5,Vishnu Dayal Ram,Lok Sabha,Jharkhand,PALAMU,158176083.11,83852477.0,53.01210862686913,117,154,43.17343173431734,37,74323606.11000001,60158321.0,60158321.0,23694156.0,28.25695417441276
6a932b5bcd944524379ede8f,KALI CHARAN MUNDA,Lok Sabha,Jharkhand,KHUNTI,147000000.0,77772545.0,52.90649319727891,31,274,10.163934426229508,243,69227455.0,19500000.0,19500000.0,58272545.0,74.92688454518236
6a932b5bcd944524379ede21,D Ravikumar ,Lok Sabha,Tamil Nadu,VILUPPURAM,197598306.11,104427486.0,52.848371049226905,222,66,77.08333333333334,0,93170820.11,102865450.0,102865450.0,1562036.0,1.4958092546630877
6a932b5ecd944524379ee2b7,Shri Vivek K. Tankha (2022-28),Rajya Sabha,Madhya Pradesh,Sitting Rajya Sabha,220563957.11,116275421.0,52.717326313660095,118,388,23.3201581027668,270,104288536.11,42868866.0,42868866.0,73406555.0,63.1316183323043
6a932b5ecd944524379ee244,Shri Imran Pratapgarhi (2022-28),Rajya Sabha,Maharashtra,Sitting Rajya Sabha,196000000.0,102738277.0,52.41748826530612,53,55,49.07407407407408,2,93261723.0,49803712.0,49803712.0,52934565.0,51.52370328344128
6a932b5bcd944524379edf63,Shri Anil Firojiya,Lok Sabha,Madhya Pradesh,UJJAIN,147000000.0,76951399.0,52.34789047619047,152,96,61.29032258064516,0,70048601.0,42096894.0,42096894.0,34854505.0,45.29417977183235
6a932b5bcd944524379edf56,Shankar Lalwani,Lok Sabha,Madhya Pradesh,INDORE,147000000.0,76896131.0,52.31029319727891,145,137,51.41843971631206,0,70103869.0,55202558.0,55202558.0,21693573.0,28.211527313383293
6a932b5bcd944524379eddca,ANAND BHADAURIYA,Lok Sabha,Uttar Pradesh,DHAURAHRA,147000000.0,76758938.0,52.21696462585034,132,45,74.57627118644068,0,70241062.0,38721345.0,38721345.0,38037593.0,49.554610825907986
6a932b5bcd944524379ede92,Kalyan Banerjee,Lok Sabha,West Bengal,SREERAMPUR,147000000.0,76719145.0,52.18989455782312,83,37,69.16666666666667,0,70280855.0,59028419.0,59028419.0,17690726.0,23.059076062435263
6a932b5bcd944524379edf4c,Sasikanth Senthil,Lok Sabha,Tamil Nadu,TIRUVALLUR,171500000.0,89433784.0,52.14797900874636,87,95,47.8021978021978,8,82066216.0,52351176.0,52351176.0,37082608.0,41.46375825940676
6a932b5ecd944524379ee26b,Shri Narayanasa K. Bhandage (2024-30),Rajya Sabha,Karnataka,Sitting Rajya Sabha,147450000.0,76863625.0,52.1286029162428,87,69,55.769230769230774,0,70586375.0,68036055.0,68036055.0,8827570.0,11.484717250845248
6a932b5bcd944524379ede23,DAGGUMALLA PRASADA RAO,Lok Sabha,Andhra Pradesh,CHITTOOR,147000000.0,76341346.0,51.932888435374146,111,115,49.11504424778761,4,70658654.0,58562176.0,58562176.0,17779170.0,23.289044445194875
6a932b5bcd944524379ededa,MURASOLI S,Lok Sabha,Tamil Nadu,THANJAVUR,147000000.0,76201785.0,51.83794897959184,45,44,50.56179775280899,0,70798215.0,66622387.0,66622387.0,9579398.0,12.571093971092672
6a932b5bcd944524379edeaa,KRISHNA DEVI SHIVSHANKER PATEL,Lok Sabha,Uttar Pradesh,BANDA,147000000.0,75878699.67,51.61816304081632,202,240,45.70135746606335,38,71121300.33,46541122.12,46541122.12,29337577.550000004,38.66378532788582
6a932b5ecd944524379ee22e,Shri Chunnilal Garasiya (2024-30),Rajya Sabha,Rajasthan,Sitting Rajya Sabha,147000000.0,75813515.0,51.57381972789115,24,153,13.559322033898304,129,71186485.0,39527191.0,39527191.0,36286324.0,47.86260602743456
6a932b5bcd944524379eded4,Mr Gopal Jee Thakur,Lok Sabha,Bihar,DARBHANGA,147000000.0,75767756.0,51.54269115646258,59,120,32.960893854748605,61,71232244.0,28699256.0,28699256.0,47068500.0,62.12207208565079
6a932b5bcd944524379edf29,RAMESH AWASTHI,Lok Sabha,Uttar Pradesh,KANPUR,147000000.0,75758324.0,51.53627482993197,48,66,42.10526315789473,18,71241676.0,49892280.0,49892280.0,25866044.0,34.14284085798941
6a932b5bcd944524379ede08,Bidyut Baran Mahato,Lok Sabha,Jharkhand,JAMSHEDPUR,147000000.0,75745972.0,51.52787210884354,2,176,1.1235955056179776,174,71254028.0,1141000.0,1141000.0,74604972.0,98.49364927286166
6a932b5bcd944524379edfc1,VINOD KUMAR BIND,Lok Sabha,Uttar Pradesh,BHADOHI,147000000.0,75517267.0,51.37229047619047,407,137,74.81617647058823,0,71482733.0,52573170.0,52573170.0,22944097.0,30.38258389303204
6a932b5ecd944524379ee27d,Shri Pramod Tiwari (2022-28),Rajya Sabha,Rajasthan,Sitting Rajya Sabha,196063957.11,100649660.0,51.335116093536435,64,67,48.854961832061065,3,95414297.11,64986789.0,64986789.0,35662871.0,35.432679057236754
6a932b5bcd944524379ede49,DR. RAJ KUMAR CHABBEWAL,Lok Sabha,Punjab,HOSHIARPUR,147000000.0,75344197.0,51.25455578231293,93,186,33.33333333333333,93,71655803.0,33721626.0,33721626.0,41622571.0,55.24323392815508
6a932b5bcd944524379eddbc,Ajay Kumar Mandal,Lok Sabha,Bihar,BHAGALPUR,147000000.0,75252620.0,51.192258503401355,38,36,51.35135135135135,0,71747380.0,38763615.0,38763615.0,36489005.0,48.48868384914704
6a932b5ecd944524379ee240,Shri Harsh Mahajan (2024-30),Rajya Sabha,Himachal Pradesh,Sitting Rajya Sabha,147000000.0,75081105.0,51.07558163265307,152,309,32.97180043383948,157,71918895.0,37740073.0,37740073.0,37341032.0,49.73426003786172
6a932b5bcd944524379edfb5,UTKARSH VERMA MADHUR,Lok Sabha,Uttar Pradesh,KHERI,147000000.0,74909150.0,50.958605442176875,347,13,96.38888888888889,0,72090850.0,72238022.0,72238022.0,2671128.0,3.5658234007461034
6a932b5bcd944524379eded2,MOHIBBULLAH,Lok Sabha,Uttar Pradesh,RAMPUR,147000000.0,74744421.0,50.84654489795918,219,161,57.631578947368425,0,72255579.0,56635005.0,56635005.0,18109416.0,24.228451779698716
6a932b5bcd944524379edf00,Pratima Mondal ,Lok Sabha,West Bengal,JOYNAGAR,147000000.0,74379705.0,50.5984387755102,169,54,75.7847533632287,0,72620295.0,67497029.0,67497029.0,6882676.0,9.253432774437597
6a932b5bcd944524379edf1a,RAJESH VERMA,Lok Sabha,Bihar,KHAGARIA,147000000.0,74186362.0,50.46691292517007,67,9,88.1578947368421,0,72813638.0,72871598.0,72871598.0,1314764.0,1.7722448770300936
6a932b5bcd944524379edf0f,RADHE SHYAM RATHIYA,Lok Sabha,Chhattisgarh,RAIGARH,159706972.09,80152296.0,50.18709887933485,72,66,52.17391304347826,0,79554676.09,56870399.0,56870399.0,23281897.0,29.04707433458924
6a932b5ecd944524379ee2cf,Smt. Sonia Gandhi (2024-30),Rajya Sabha,Rajasthan,Sitting Rajya Sabha,147000000.0,73650240.0,50.10220408163265,46,82,35.9375,36,73349760.0,42569181.0,42569181.0,31081059.0,42.200893031713136
6a932b5bcd944524379edef5,PRABHAKAR REDDY VEMIREDDY,Lok Sabha,Andhra Pradesh,NELLORE,147000000.0,73610054.0,50.074866666666665,124,34,78.48101265822784,0,73389946.0,66527947.0,66527947.0,7082107.0,9.621113713623956
6a932b5bcd944524379eddb0,ABHAY KUMAR SINHA,Lok Sabha,Bihar,AURANGABAD,147000000.0,73566109.0,50.04497210884353,124,147,45.75645756457565,23,73433891.0,56408191.0,56408191.0,17157918.0,23.323128317143972
6a932b5ecd944524379ee2ac,Shri Surendra Singh Nagar (2022-28),Rajya Sabha,Uttar Pradesh,Sitting Rajya Sabha,220563957.11,109500434.16,49.64566087531235,98,200,32.88590604026846,102,111063522.95000002,55618024.0,55618024.0,53882410.16,49.20748540710626
6a932b5ecd944524379ee222,Shri Babubhai Jesangbhai Desai (2023-29),Rajya Sabha,Gujarat,Sitting Rajya Sabha,171500000.0,84930425.0,49.522113702623905,137,145,48.58156028368794,8,86569575.0,68091874.0,68091874.0,16838551.0,19.82628840018168
6a932b5bcd944524379edf37,ROOP KUMARI CHOUDHARY,Lok Sabha,Chhattisgarh,MAHASAMUND,153035414.0,75772172.0,49.512834983411096,72,107,40.22346368715084,35,77263242.0,42184962.0,42184962.0,33587210.0,44.32657678072103
6a932b5bcd944524379edf19,RAJESH RANJAN ALIAS PAPPU YADAV,Lok Sabha,Bihar,PURNEA,147000000.0,72622818.0,49.40327755102041,46,125,26.900584795321635,79,74377182.0,47774818.0,47774818.0,24848000.0,34.215141582635916
6a932b5bcd944524379eddf3,BALRAM NAIK PORIKA,Lok Sabha,Telangana,MAHABUBABAD,147000000.0,72320239.0,49.19744149659864,238,121,66.29526462395543,0,74679761.0,58126519.0,58126519.0,14193720.0,19.62620726405509
6a932b5bcd944524379ede67,Gumma Thanuja Rani,Lok Sabha,Andhra Pradesh,ARAKU,149458905.11,73149314.0,48.94276051745659,28,104,21.21212121212121,76,76309591.11000001,39390323.0,39390323.0,33758991.0,46.150796438091
6a932b5bcd944524379ede8e,Kalanidhi Veeraswamy,Lok Sabha,Tamil Nadu,CHENNAI NORTH,171500000.0,83933669.0,48.94091486880466,40,60,40.0,20,87566331.0,58102632.0,58102632.0,25831037.0,30.77553657281442
6a932b5bcd944524379edf15,RAJA RAM SINGH,Lok Sabha,Bihar,KARAKAT,147000000.0,71841783.0,48.871961224489795,114,212,34.96932515337423,98,75158217.0,49586273.0,49586273.0,22255510.0,30.978504528485885
6a932b5bcd944524379ede91,KALIPADA SAREN,Lok Sabha,West Bengal,JHARGRAM,147000000.0,71784126.0,48.8327387755102,40,23,63.49206349206349,0,75215874.0,64525426.0,64525426.0,7258700.0,10.11184561890466
6a932b5bcd944524379edf60,Shri Abhishek Banerjee,Lok Sabha,West Bengal,DIAMOND HARBOUR,147000000.0,71510891.0,48.64686462585034,200,120,62.5,0,75489109.0,51994006.0,51994006.0,19516885.0,27.292185465847435
6a932b5bcd944524379eddcd,Andimuthu Raja,Lok Sabha,Tamil Nadu,NILGIRIS,147000000.0,71485310.0,48.62946258503401,73,41,64.03508771929825,0,75514690.0,57023342.0,57023342.0,14461968.0,20.23068515755195
6a932b5bcd944524379ede09,BIJULI KALITA MEDHI,Lok Sabha,Assam,GUWAHATI,147000000.0,71322647.0,48.5188074829932,5,145,3.3333333333333335,140,75677353.0,6650000.0,6650000.0,64672647.0,90.67617330579444
6a932b5bcd944524379edeb5,M.K. VISHNUPRASAD,Lok Sabha,Tamil Nadu,CUDDALORE,147000000.0,71295556.0,48.500378231292515,74,40,64.91228070175438,0,75704444.0,58612994.0,58612994.0,12682562.0,17.788713226389593
6a932b5bcd944524379eddb9,AFZAL ANSARI,Lok Sabha,Uttar Pradesh,GHAZIPUR,220500000.0,106722563.0,48.40025532879819,35,396,8.120649651972158,361,113777437.0,34821719.0,34821719.0,71900844.0,67.37173656520974
6a932b5bcd944524379ede78,JAI PARKASH,Lok Sabha,Haryana,HISAR,147000000.0,71088815.0,48.3597380952381,68,375,15.349887133182843,307,75911185.0,17152376.0,17152376.0,53936439.0,75.87190615007438
6a932b5bcd944524379edea3,Kirti Vardhan Singh,Lok Sabha,Uttar Pradesh,GONDA,147000000.0,71075338.0,48.35057006802721,35,118,22.875816993464053,83,75924662.0,31368454.0,31368454.0,39706884.0,55.86590949451412
6a932b5ecd944524379ee2d0,Smt. Sudha Murty (2024-30),Rajya Sabha,Karnataka,Nominated Rajya Sabha,147000000.0,71000000.0,48.29931972789115,0,10,0.0,10,76000000.0,0.0,0.0,71000000.0,100.0
6a932b5ecd944524379ee28f,Shri Ravi Chandra Vaddiraju (2024-30),Rajya Sabha,Telangana,Sitting Rajya Sabha,152732534.11,73672123.0,48.23603787451097,107,169,38.768115942028984,62,79060411.11000001,45607361.0,45607361.0,28064762.0,38.0941404389826
6a932b5bcd944524379eddfe,Bharatsinhji Shankarji Dabhi,Lok Sabha,Gujarat,PATAN,147000000.0,70906510.0,48.235721088435376,160,157,50.473186119873816,0,76093490.0,54564711.0,54564711.0,16341799.0,23.0469656453265
6a932b5bcd944524379ede85,Jyotsna Charandas Mahant ,Lok Sabha,Chhattisgarh,KORBA,155153738.11,74709092.0,48.15165455248856,136,174,43.87096774193549,38,80444646.11000001,46950456.0,46950456.0,27758636.0,37.155632944916526
6a932b5bcd944524379edefd,Prasun Banerjee,Lok Sabha,West Bengal,HOWRAH,147000000.0,70699743.0,48.09506326530612,136,78,63.55140186915887,0,76300257.0,55720622.0,55720622.0,14979121.0,21.186952546630895
6a932b5bcd944524379edea5,KISHORI LAL,Lok Sabha,Uttar Pradesh,AMETHI,171500000.0,82481354.0,48.094083965014576,19,31,38.0,12,89018646.0,31769442.0,31769442.0,50711912.0,61.48288011857807
6a932b5bcd944524379edf1f,Rajnath Singh,Lok Sabha,Uttar Pradesh,LUCKNOW,154808797.11,74407887.0,48.06437902048239,31,71,30.392156862745097,40,80400910.11000001,27144116.0,27144116.0,47263771.0,63.51984030940161
6a932b5bcd944524379edde5,Ashok Kumar Yadav ,Lok Sabha,Bihar,MADHUBANI,147000000.0,70438959.0,47.917659183673464,81,108,42.857142857142854,27,76561041.0,47148959.0,47148959.0,23290000.0,33.06408886593568
6a932b5bcd944524379eddc5,AMARSING TISSO,Lok Sabha,Assam,Diphu,147000000.0,70287578.0,47.81467891156462,41,53,43.61702127659575,12,76712422.0,38163498.0,38163498.0,32124080.0,45.703779976598426
6a932b5bcd944524379edf66,Shri B Y Raghavendra ,Lok Sabha,Karnataka,SHIMOGA,147000000.0,70061261.0,47.66072176870748,49,213,18.70229007633588,164,76938739.0,21057305.0,21057305.0,49003956.0,69.94443905313095
6a932b5ecd944524379ee2c2,Smt. Maya Naroliya (2024-30),Rajya Sabha,Madhya Pradesh,Sitting Rajya Sabha,147000000.0,70041767.0,47.64746054421769,16,140,10.256410256410255,124,76958233.0,16663844.0,16663844.0,53377923.0,76.20870415790624
6a932b5bcd944524379edf03,PRIYA SAROJ,Lok Sabha,Uttar Pradesh,MACHHLISHAHR,147000000.0,69805592.0,47.48679727891157,725,670,51.971326164874554,0,77194408.0,34383272.0,34383272.0,35422320.0,50.744244100100175
6a932b5bcd944524379edf0d,Radha Mohan Singh,Lok Sabha,Bihar,PURVI CHAMPARAN,147000000.0,69803891.0,47.48564013605442,60,64,48.38709677419355,4,77196109.0,59914195.0,59914195.0,9889696.0,14.167829125743149
6a932b5bcd944524379edecc,Mansukhbhai Dhanjibhai Vasava,Lok Sabha,Gujarat,BHARUCH,147000000.0,69778294.0,47.46822721088436,204,194,51.256281407035175,0,77221706.0,58774921.0,58774921.0,11003373.0,15.769048466561822
6a932b5ecd944524379ee237,Shri G.C. Chandrashekhar (2024-30),Rajya Sabha,Karnataka,Sitting Rajya Sabha,147000000.0,69767504.0,47.460887074829934,62,135,31.472081218274113,73,77232496.0,31430789.0,31430789.0,38336715.0,54.949242558541286
6a932b5ecd944524379ee250,Shri Kapil Sibal (2022-28),Rajya Sabha,Uttar Pradesh,Sitting Rajya Sabha,196063957.11,92839935.12,47.351862365969154,64,161,28.444444444444443,97,103224021.99,42170641.12,42170641.12,50669294.00000001,54.577045895721014
6a932b5bcd944524379eddf4,BALWANT BASWANT WANKHADE,Lok Sabha,Maharashtra,AMRAVATI,198293678.0,93790658.0,47.298864465058735,51,116,30.538922155688624,65,104503020.0,45228630.0,45228630.0,48562028.0,51.77704158979245
6a932b5ecd944524379ee206,Dr. Sangeeta Balwant (2024-30),Rajya Sabha,Uttar Pradesh,Sitting Rajya Sabha,147000000.0,68851419.5,46.83770034013606,2,383,0.5194805194805194,381,78148580.5,1049186.0,1049186.0,67802233.5,98.47615923154642
6a932b5ecd944524379ee229,Shri Brij Lal (2020-26),Rajya Sabha,Uttar Pradesh,Sitting Rajya Sabha,196063957.11,91370638.0,46.60246551523862,113,37,75.33333333333333,0,104693319.11,10641068.0,10641068.0,80729570.0,88.35395239332793
6a932b5bcd944524379edfa7,Swami Sachchidanandhari Sakshi ji Maharaj ,Lok Sabha,Uttar Pradesh,UNNAO,147000000.0,68421377.0,46.54515442176871,12,77,13.48314606741573,65,78578623.0,15871450.0,15871450.0,52549927.0,76.80337535445976
6a932b5bcd944524379edf2d,RANJIT DUTTA,Lok Sabha,Assam,Sonitpur,147000000.0,68221590.0,46.409244897959184,22,127,14.76510067114094,105,78778410.0,18201665.0,18201665.0,50019925.0,73.31978776806581
6a932b5bcd944524379edfb0,Thirumaa Valavan Thol,Lok Sabha,Tamil Nadu,CHIDAMBARAM,147000000.0,68203692.0,46.3970693877551,45,32,58.44155844155844,0,78796308.0,42695846.0,42695846.0,25507846.0,37.399509105753395
6a932b5ecd944524379ee2b4,Shri V. Vijayendra Prasad (2022-28),Rajya Sabha,Andhra Pradesh,Nominated Rajya Sabha,196063957.11,90827947.0,46.325672672740026,74,121,37.94871794871795,47,105236010.11,66259842.0,66259842.0,24568105.0,27.049059030256405
6a932b5bcd944524379ede40,DR. HEMANG JOSHI,Lok Sabha,Gujarat,VADODARA,147000000.0,68089263.0,46.31922653061225,71,134,34.63414634146341,63,78910737.0,44784968.0,44784968.0,23304295.0,34.22609376752984
6a932b5bcd944524379ede5a,Gajendra Singh Patel,Lok Sabha,Madhya Pradesh,KHARGONE,147000000.0,68043845.0,46.28832993197279,104,232,30.952380952380953,128,78956155.0,25228815.0,25228815.0,42815030.0,62.92270814502032
6a932b5ecd944524379ee208,Dr. Sarfraz Ahmad (2024-30),Rajya Sabha,Jharkhand,Sitting Rajya Sabha,178564551.09,82543604.0,46.22619859100501,20,344,5.4945054945054945,324,96020947.09,20339442.0,20339442.0,62204162.0,75.35915441734286
6a932b5bcd944524379edddd,ARUN NEHRU,Lok Sabha,Tamil Nadu,PERAMBALUR,147000000.0,67653424.0,46.02273741496599,54,28,65.85365853658537,0,79346576.0,58995308.0,58995308.0,8658116.0,12.7977498965906
6a932b5bcd944524379edf6c,Shri Hanuman Beniwal,Lok Sabha,Rajasthan,NAGAUR,147000000.0,67502015.0,45.919738095238095,177,75,70.23809523809523,0,79497985.0,51926601.0,51926601.0,15575414.0,23.07399860581939
6a932b5bcd944524379edf6b,Shri Gurjeet Singh Aujla,Lok Sabha,Punjab,AMRITSAR,147000000.0,67439837.0,45.87744013605442,91,190,32.38434163701068,99,79560163.0,38537872.0,38537872.0,28901965.0,42.855923569328915
6a932b5ecd944524379ee23d,Shri Harbhajan Singh (2022-28),Rajya Sabha,Punjab,Sitting Rajya Sabha,220984094.27,101056126.52,45.730045347303985,77,119,39.285714285714285,42,119927967.75,49629975.52,49629975.52,51426150.99999999,50.888701923304225
6a932b5bcd944524379eddd8,Anurag Sharma ,Lok Sabha,Uttar Pradesh,JHANSI,147000000.0,67201462.0,45.71528027210884,85,83,50.595238095238095,0,79798538.0,43132735.0,43132735.0,24068727.0,35.815778829335585
6a932b5bcd944524379edfa3,SURENDRA PRASAD YADAV,Lok Sabha,Bihar,JAHANABAD,155325714.0,70973331.0,45.69322694373708,141,161,46.688741721854306,20,84352383.0,38926916.0,38926916.0,32046415.0,45.1527560401526
6a932b5bcd944524379eddcb,ANAND KUMAR,Lok Sabha,Uttar Pradesh,BAHRAICH,147000000.0,66987751.0,45.56989863945578,32,79,28.82882882882883,47,80012249.0,38304273.0,38304273.0,28683478.0,42.81898940001733
6a932b5bcd944524379edf58,Shatrughan Sinha,Lok Sabha,West Bengal,ASANSOL,147000000.0,66966504.0,45.555444897959184,5,22,18.51851851851852,17,80033496.0,21666204.0,21666204.0,45300300.0,67.64620712468431
6a932b5ecd944524379ee212,Prof. Manoj Kumar Jha (2024-30),Rajya Sabha,Bihar,Sitting Rajya Sabha,191620112.11,87200986.0,45.50722000931825,110,66,62.5,0,104419126.11,86001095.0,86001095.0,1199891.0,1.376006230021298
6a932b5bcd944524379edddc,ARUN GOVIL,Lok Sabha,Uttar Pradesh,MEERUT,147000000.0,66737649.0,45.3997612244898,36,196,15.517241379310343,160,80262351.0,26677116.0,26677116.0,40060533.0,60.026886772712054
6a932b5ecd944524379ee2d1,Smt. Sulata Deo (2022-28),Rajya Sabha,Odisha,Sitting Rajya Sabha,196084721.4,88913709.0,45.344536976250104,115,196,36.97749196141479,81,107171012.4,56002641.0,56002641.0,32911068.0,37.014616047565845
6a932b5bcd944524379ede8a,K. RAJASHEKAR BASAVARAJ HITNAL,Lok Sabha,Karnataka,KOPPAL,147000000.0,66577182.0,45.2906,67,126,34.715025906735754,59,80422818.0,38153800.0,38153800.0,28423382.0,42.69237769781245
6a932b5bcd944524379edea8,Kripanath Mallah,Lok Sabha,Assam,KARIMGANJ,147000000.0,66488500.0,45.230272108843536,0,74,0.0,74,80511500.0,0.0,0.0,66488500.0,100.0
6a932b5bcd944524379edf18,RAJEEV RAI,Lok Sabha,Uttar Pradesh,GHOSI,147000000.0,66462043.0,45.21227414965986,108,119,47.57709251101321,11,80537957.0,37961477.0,37961477.0,28500566.0,42.88247052531924
6a932b5bcd944524379edf17,RAJEEV BHARDWAJ,Lok Sabha,Himachal Pradesh,KANGRA,179388967.11,80773156.0,45.026824838380655,204,424,32.48407643312102,220,98615811.11,43255732.0,43255732.0,37517424.0,46.44788672117752
6a932b5bcd944524379edfb4,UMMEDA RAM BENIWAL,Lok Sabha,Rajasthan,BARMER,147000000.0,65781402.0,44.74925306122449,96,88,52.17391304347826,0,81218598.0,37382842.0,37382842.0,28398560.0,43.17110784595318
6a932b5bcd944524379edf48,SANJNA JATAV,Lok Sabha,Rajasthan,BHARATPUR,147000000.0,65761488.1,44.73570619047619,75,168,30.864197530864196,93,81238511.9,39324491.1,39324491.1,26436997.0,40.2013363198209
6a932b5bcd944524379ede0d,BRIJMOHAN AGRAWAL,Lok Sabha,Chhattisgarh,RAIPUR,153766451.11,68756217.0,44.714706298849165,38,115,24.836601307189543,77,85010234.11000001,28344221.0,28344221.0,40411996.0,58.77577005145586
6a932b5bcd944524379edf12,RAHUL SINGH LODHI,Lok Sabha,Madhya Pradesh,DAMOH,163058785.37,72714957.0,44.59432028455321,173,126,57.859531772575245,0,90343828.37,36808824.0,36808824.0,35906133.0,49.37929482651004
6a932b5bcd944524379ede0f,C R Patil,Lok Sabha,Gujarat,NAVSARI,158532494.36,70355025.0,44.378930189690855,268,141,65.52567237163814,0,88177469.36000001,64959144.0,64959144.0,5395881.0,7.669503351039958
6a932b5bcd944524379ede50,DURAI VAIKO,Lok Sabha,Tamil Nadu,TIRUCHIRAPPALLI,147000000.0,65218053.0,44.36602244897959,45,33,57.692307692307686,0,81781947.0,44163117.0,44163117.0,21054936.0,32.28390764747301
6a932b5ecd944524379ee1f0,Dr. Anil Sukhdeorao Bonde (2022-28),Rajya Sabha,Maharashtra,Sitting Rajya Sabha,196063957.11,86399726.0,44.06711323873065,50,135,27.027027027027028,85,109664231.11,48164206.0,48164206.0,38235520.0,44.25421441730035
6a932b5ecd944524379ee26d,Shri Naveen Jain (2024-30),Rajya Sabha,Uttar Pradesh,Sitting Rajya Sabha,147000000.0,64773227.0,44.06341972789116,10,158,5.952380952380952,148,82226773.0,17873843.0,17873843.0,46899384.0,72.40550791147089
6a932b5bcd944524379edfb3,UJJWAL RAMAN SINGH,Lok Sabha,Uttar Pradesh,ALLAHABAD,147000000.0,64478327.0,43.8628074829932,3,28,9.67741935483871,25,82521673.0,21127219.0,21127219.0,43351108.0,67.23361169094849
6a932b5bcd944524379edf5f,Shri  Dharambir Singh,Lok Sabha,Haryana,BHIWANI MAHENDRAGARH,147000000.0,64374998.0,43.7925156462585,103,107,49.04761904761904,4,82625002.0,42542737.0,42542737.0,21832261.0,33.914192898305025
6a932b5bcd944524379edf6a,Shri Deepak (Dev) Adhikari ,Lok Sabha,West Bengal,GHATAL,200747364.0,87788715.0,43.73094283818342,165,40,80.48780487804879,0,112958649.0,84774237.0,84774237.0,3014478.0,3.433787588757849
6a932b5bcd944524379edeba,MAHESH KASHYAP,Lok Sabha,Chhattisgarh,BASTAR,147000000.0,63670367.5,43.31317517006802,38,168,18.446601941747577,130,83329632.5,17171172.0,17171172.0,46499195.5,73.0311404280806
6a932b5bcd944524379edfa2,Sunil Kumar ,Lok Sabha,Bihar,VALMIKI NAGAR,147000000.0,63664429.0,43.30913537414966,79,183,30.15267175572519,104,83335571.0,61591650.0,61591650.0,2072779.0,3.2557882518666745
6a932b5bcd944524379edf14,RAJ KUMAR ROAT,Lok Sabha,Rajasthan,BANSWARA,147000000.0,63286521.0,43.05205510204082,23,82,21.904761904761905,59,83713479.0,21117279.0,21117279.0,42169242.0,66.63226439639493
6a932b5bcd944524379ede13,CHAMALA KIRAN KUMAR REDDY,Lok Sabha,Telangana,BHONGIR,147000000.0,62689273.0,42.64576394557823,417,71,85.45081967213115,0,84310727.0,57532244.0,57532244.0,5157029.0,8.226334033256375
6a932b5bcd944524379ede82,JOYANTA BASUMATARY,Lok Sabha,Assam,KOKRAJHAR,147000000.0,62630971.0,42.60610272108843,20,102,16.39344262295082,82,84369029.0,20909203.0,20909203.0,41721768.0,66.61523417863025
6a932b5bcd944524379eddc3,ALOK SHARMA,Lok Sabha,Madhya Pradesh,BHOPAL,147000000.0,62492243.0,42.511729931972795,22,67,24.719101123595504,45,84507757.0,14110494.0,14110494.0,48381749.0,77.4204072015786
6a932b5bcd944524379edfca,YADUVEER KRISHNADATTA CHAMARAJA WADIYAR,Lok Sabha,Karnataka,MYSORE,147000000.0,62346570.0,42.41263265306122,34,148,18.68131868131868,114,84653430.0,16950000.0,16950000.0,45396570.0,72.81325981525526
6a932b5ecd944524379ee2c3,Smt. Nirmala Sitharaman (2022-28),Rajya Sabha,Karnataka,Sitting Rajya Sabha,215972051.45,91394660.0,42.31781815581768,7,16,30.434782608695656,9,124577391.45,61394660.0,61394660.0,30000000.0,32.82467487706612
6a932b5bcd944524379ede28,Devendra Alias Bhole Singh,Lok Sabha,Uttar Pradesh,AKBARPUR,147000000.0,62000186.0,42.17699727891157,62,86,41.891891891891895,24,84999814.0,42373895.0,42373895.0,19626291.0,31.655213098876832
6a932b5bcd944524379ede8c,Kakoli Ghosh Dastidar ,Lok Sabha,West Bengal,BARASAT,147000000.0,61929956.0,42.12922176870748,76,107,41.53005464480874,31,85070044.0,39381741.0,39381741.0,22548215.0,36.409221734309
6a932b5bcd944524379edebe,Mala Roy ,Lok Sabha,West Bengal,KOLKATA DAKSHIN,147000000.0,61582788.0,41.89305306122449,32,43,42.66666666666667,11,85417212.0,29777426.0,29777426.0,31805362.0,51.64651200916723
6a932b5bcd944524379edf49,Santosh Pandey,Lok Sabha,Chhattisgarh,RAJNANDGAON,147000000.0,61535649.0,41.86098571428572,71,107,39.8876404494382,36,85464351.0,35769989.0,35769989.0,25765660.0,41.871111166796986
6a932b5bcd944524379edf5c,SHOBHA KARANDLAJE,Lok Sabha,Karnataka,BANGALORE NORTH,147000000.0,61473509.0,41.81871360544218,21,88,19.26605504587156,67,85526491.0,17121818.0,17121818.0,44351691.0,72.14764818452124
6a932b5bcd944524379ede1d,CHINTAMANI MAHARAJ,Lok Sabha,Chhattisgarh,SARGUJA,147000000.0,61420121.0,41.78239523809524,69,260,20.972644376899694,191,85579879.0,25091889.0,25091889.0,36328232.0,59.14711890587125
6a932b5bcd944524379edee2,NAVEEN JINDAL,Lok Sabha,Haryana,KURUKSHETRA,147000000.0,61262363.0,41.6750768707483,113,88,56.21890547263681,0,85737637.0,33440390.0,33440390.0,27821973.0,45.4144627101635
6a932b5bcd944524379ede2f,DHARMENDRA YADAV,Lok Sabha,Uttar Pradesh,AZAMGARH,147000000.0,61248647.0,41.6657462585034,16,52,23.52941176470588,36,85751353.0,24967281.0,24967281.0,36281366.0,59.23619178069354
6a932b5bcd944524379ede70,IMRAN MASOOD,Lok Sabha,Uttar Pradesh,SAHARANPUR,147000000.0,61171580.0,41.61331972789116,51,51,50.0,0,85828420.0,42078624.0,42078624.0,19092956.0,31.21213478546737
6a932b5bcd944524379edeb3,LUMBARAM,Lok Sabha,Rajasthan,JALORE,147000000.0,61110381.0,41.57168775510204,75,105,41.66666666666667,30,85889619.0,36575490.0,36575490.0,24534891.0,40.14848311942287
6a932b5bcd944524379ede7d,JITAN RAM MANJHI,Lok Sabha,Bihar,GAYA,147000000.0,61088844.0,41.557036734693874,152,108,58.46153846153847,0,85911156.0,42553425.0,42553425.0,18535419.0,30.34174128421877
6a932b5ecd944524379ee29a,Shri Samirul Islam (2023-29),Rajya Sabha,West Bengal,Sitting Rajya Sabha,171500000.0,71238651.0,41.538572011661806,0,57,0.0,57,100261349.0,0.0,0.0,71238651.0,100.0
6a932b5bcd944524379eddfd,BHARATBHAI MANUBHAI SUTARIYA,Lok Sabha,Gujarat,AMRELI,147000000.0,60836765.0,41.3855544217687,154,175,46.808510638297875,21,86163235.0,50515379.0,50515379.0,10321386.0,16.965704866128238
6a932b5bcd944524379edf41,SANATAN PANDEY,Lok Sabha,Uttar Pradesh,BALLIA,180420041.4,74595388.0,41.34540011251765,62,293,17.464788732394364,231,105824653.4,40158503.0,40158503.0,34436885.0,46.16489829103108
6a932b5ecd944524379ee232,Shri Derek O' Brien (2023-29),Rajya Sabha,West Bengal,Sitting Rajya Sabha,171500000.0,70787264.0,41.275372594752184,0,35,0.0,35,100712736.0,0.0,0.0,70787264.0,100.0
6a932b5bcd944524379edec2,MANI. A.,Lok Sabha,Tamil Nadu,DHARAMAPURI,164515071.11,67070637.0,40.768688575136345,63,315,16.666666666666664,252,97444434.11,40062663.0,40062663.0,27007974.0,40.26795511126575
6a932b5bcd944524379eddf5,BALYA MAMA SURESH GOPINATH MHATRE,Lok Sabha,Maharashtra,BHIWANDI,147000000.0,59848620.0,40.71334693877551,11,153,6.707317073170732,142,87151380.0,11052957.0,11052957.0,48795663.0,81.53180975601443
6a932b5bcd944524379ede06,BHUPENDER YADAV,Lok Sabha,Rajasthan,ALWAR,147000000.0,59638968.0,40.57072653061225,31,43,41.891891891891895,12,87361032.0,37258086.0,37258086.0,22380882.0,37.52727914406567
6a932b5ecd944524379ee210,Ms. Dola Sen (2023-29),Rajya Sabha,West Bengal,Sitting Rajya Sabha,171500000.0,69414332.0,40.47482915451895,0,27,0.0,27,102085668.0,0.0,0.0,69414332.0,100.0
6a932b5bcd944524379ede24,DAMODAR AGARWAL,Lok Sabha,Rajasthan,BHILWARA,147000000.0,59365927.0,40.3849843537415,102,150,40.476190476190474,48,87634073.0,38013328.0,38013328.0,21352599.0,35.967768177864045
6a932b5bcd944524379ede81,JOBA MAJHI,Lok Sabha,Jharkhand,SINGHBHUM,147000000.0,59054467.0,40.17310680272109,0,118,0.0,118,87945533.0,0.0,0.0,59054467.0,100.0
6a932b5bcd944524379ede17,CHANDUBHAI CHHAGANBHAI SHIHORA,Lok Sabha,Gujarat,SURENDRANAGAR,147000000.0,59047027.0,40.16804557823129,100,109,47.84688995215311,9,87952973.0,39830635.0,39830635.0,19216392.0,32.54421598567529
6a932b5bcd944524379ede27,DEEPENDER SINGH HOODA,Lok Sabha,Haryana,ROHTAK,147000000.0,58916490.0,40.079244897959185,70,107,39.548022598870055,37,88083510.0,41547909.0,41547909.0,17368581.0,29.479999572275943
6a932b5bcd944524379eddb6,Adv Dean Kuriakose,Lok Sabha,Kerala,IDUKKI,147000000.0,58754261.0,39.96888503401361,95,95,50.0,0,88245739.0,50223513.0,50223513.0,8530748.0,14.5193690718023
6a932b5bcd944524379edfa1,Sunil Dattatray Tatkare,Lok Sabha,Maharashtra,RAIGAD,147000000.0,58660128.0,39.90484897959184,18,44,29.03225806451613,26,88339872.0,25791356.0,25791356.0,32868772.0,56.032560992707005
6a932b5bcd944524379ede9a,Kanimozhi Karunanidhi,Lok Sabha,Tamil Nadu,THOOTHUKKUDI,147000000.0,58344698.0,39.69027074829932,12,39,23.52941176470588,27,88655302.0,23778691.0,23778691.0,34566007.0,59.24446982311915
6a932b5bcd944524379edf5e,SHREYAS. M. PATEL,Lok Sabha,Karnataka,HASSAN,147000000.0,58328008.0,39.67891700680272,29,181,13.80952380952381,152,88671992.0,12365199.0,12365199.0,45962809.0,78.80058067472491
6a932b5bcd944524379eded0,Mitesh Rameshbhai Bakabhai Patel,Lok Sabha,Gujarat,ANAND,147000000.0,58303147.0,39.66200476190476,247,280,46.86907020872865,33,88696853.0,46772418.0,46772418.0,11530729.0,19.777198304578658
6a932b5bcd944524379ede36,DR C N MANJUNATH,Lok Sabha,Karnataka,BANGALORE RURAL,147000000.0,58047695.0,39.48822789115646,64,170,27.350427350427353,106,88952305.0,30171271.0,30171271.0,27876424.0,48.02330910813944
6a932b5bcd944524379eddf8,BASAVARAJ BOMMAI,Lok Sabha,Karnataka,HAVERI,147000000.0,57936447.0,39.41254897959184,19,144,11.65644171779141,125,89063553.0,13100000.0,13100000.0,44836447.0,77.38901731409246
6a932b5bcd944524379edf11,Rahul Kaswan,Lok Sabha,Rajasthan,CHURU,147000000.0,57725218.0,39.268855782312926,37,206,15.22633744855967,169,89274782.0,28138021.0,28138021.0,29587197.0,51.25523648953565
6a932b5bcd944524379edf99,SUDAMA PRASAD,Lok Sabha,Bihar,ARRAH,147000000.0,57716958.0,39.26323673469387,66,153,30.136986301369863,87,89283042.0,44337622.0,44337622.0,13379336.0,23.180944498149053
6a932b5bcd944524379edfbc,Vijay Baghel,Lok Sabha,Chhattisgarh,DURG,147000000.0,57650594.0,39.218091156462584,70,144,32.71028037383177,74,89349406.0,21985512.0,21985512.0,35665082.0,61.86420559691024
6a932b5bcd944524379ede0c,BRIJENDRA SINGH OLA,Lok Sabha,Rajasthan,JHUNJHUNU,147000000.0,57494662.0,39.1120149659864,92,75,55.08982035928144,0,89505338.0,42941562.0,42941562.0,14553100.0,25.312088972711937
6a932b5bcd944524379ede46,DR. PRABHA MALLIKARJUN,Lok Sabha,Karnataka,DAVANAGERE,147000000.0,57444696.0,39.07802448979592,5,92,5.154639175257731,87,89555304.0,5300000.0,5300000.0,52144696.0,90.7737347935482
6a932b5bcd944524379edebd,Mala Rajya Laxmi Shah ,Lok Sabha,Uttarakhand,TEHRI GARHWAL,147000000.0,57285791.0,38.96992585034014,84,155,35.146443514644346,71,89714209.0,29487783.0,29487783.0,27798008.0,48.52513601496748
6a932b5ecd944524379ee1f5,Dr. Dinesh Sharma (2023-26),Rajya Sabha,Uttar Pradesh,Sitting Rajya Sabha,147000000.0,57084177.0,38.83277346938775,2,89,2.197802197802198,87,89915823.0,2002221.0,2002221.0,55081956.0,96.49251140118916
6a932b5bcd944524379ede68,GURMEET SINGH MEET HAYER,Lok Sabha,Punjab,SANGRUR,147000000.0,57080005.0,38.82993537414966,151,237,38.91752577319588,86,89919995.0,37203469.0,37203469.0,19876536.0,34.8222394164121
6a932b5bcd944524379edf30,Ravi Shankar Prasad,Lok Sabha,Bihar,PATNA SAHIB,147000000.0,56647683.0,38.53583877551021,60,24,71.42857142857143,0,90352317.0,51461733.0,51461733.0,5185950.0,9.154743363466428
6a932b5bcd944524379edef7,Pradan Baruah,Lok Sabha,Assam,LAKHIMPUR,147000000.0,56538627.0,38.46165102040816,33,115,22.2972972972973,82,90461373.0,16715001.0,16715001.0,39823626.0,70.43613917260495
6a932b5bcd944524379edf9f,SUKHJINDER SINGH RANDHAWA,Lok Sabha,Punjab,GURDASPUR,147000000.0,56537028.0,38.46056326530613,90,237,27.52293577981651,147,90462972.0,21150264.0,21150264.0,35386764.0,62.59042127223242
6a932b5bcd944524379edf8e,Smt Himadri Singh,Lok Sabha,Madhya Pradesh,SHAHDOL,150724861.11,57863796.0,38.39034620690121,45,124,26.627218934911244,79,92861065.11,23600212.0,23600212.0,34263584.0,59.2142001883181
6a932b5ecd944524379ee2a0,Shri Sanjay Seth (2024-30),Rajya Sabha,Uttar Pradesh,Sitting Rajya Sabha,147000000.0,56357801.0,38.33864013605442,19,40,32.20338983050847,21,90642199.0,26275632.0,26275632.0,30082169.0,53.37711632858066
6a932b5bcd944524379edf27,RAMASHANKAR RAJBHAR,Lok Sabha,Uttar Pradesh,SALEMPUR,160056927.07,61281620.0,38.28739006915885,84,231,26.666666666666668,147,98775307.07,34604339.0,34604339.0,26677281.0,43.53227117690427
6a932b5bcd944524379edf08,PUSHPENDRA SAROJ,Lok Sabha,Uttar Pradesh,KAUSHAMBI,147000000.0,56198890.0,38.23053741496599,607,141,81.14973262032086,0,90801110.0,42926694.0,42926694.0,13272196.0,23.616473563801705
6a932b5ecd944524379ee26f,Shri Neeraj Shekhar (2020-26),Rajya Sabha,Uttar Pradesh,Sitting Rajya Sabha,236483662.11,90266672.0,38.17036288875322,41,286,12.538226299694188,245,146216990.11,47814319.0,47814319.0,42452353.0,47.029930382278856
6a932b5bcd944524379edf1b,Rajeshbhai Naranbhai Chudasama,Lok Sabha,Gujarat,JUNAGADH,147000000.0,56040284.0,38.12264217687075,152,147,50.836120401337794,0,90959716.0,47563536.0,47563536.0,8476748.0,15.126168882370402
6a932b5bcd944524379edef0,Parvatagouda Chandanagouda Gaddigoudar,Lok Sabha,Karnataka,BAGALKOT,167541747.11,63865076.0,38.118902960985125,92,136,40.35087719298245,44,103676671.11,45898327.0,45898327.0,17966749.0,28.132353588681237
6a932b5bcd944524379edf6f,Shri Jual Oram,Lok Sabha,Odisha,SUNDARGARH,173096756.91,65790931.0,38.00818234521133,89,111,44.5,22,107305825.91,47778097.0,47778097.0,18012834.0,27.37890120448364
6a932b5bcd944524379ede84,JYOTIRADITYA M. SCINDIA,Lok Sabha,Madhya Pradesh,GUNA,147000000.0,55870850.0,38.00738095238096,45,18,71.42857142857143,0,91129150.0,44664197.0,44664197.0,11206653.0,20.05813944122919
6a932b5bcd944524379edf45,Sanjay Kumar Bandi,Lok Sabha,Telangana,KARIMNAGAR,172775317.11,65663959.0,38.00540499554925,171,468,26.76056338028169,297,107111358.11,40365265.0,40365265.0,25298694.0,38.52751857377348
6a932b5bcd944524379edfb1,TOKHAN SAHU,Lok Sabha,Chhattisgarh,BILASPUR,147000000.0,55824852.0,37.97608979591837,41,90,31.29770992366413,49,91175148.0,24488056.0,24488056.0,31336796.0,56.134131802087
6a932b5bcd944524379edddf,ARUP CHAKRABORTY,Lok Sabha,West Bengal,BANKURA,147000000.0,55795450.0,37.95608843537416,40,30,57.14285714285714,0,91204550.0,55349635.0,55349635.0,445815.0,0.7990167657040135
6a932b5bcd944524379edf4e,Saumitra khan ,Lok Sabha,West Bengal,BISHNUPUR,147000000.0,55661990.0,37.86529931972789,48,34,58.536585365853654,0,91338010.0,53932695.0,53932695.0,1729295.0,3.10677897071233
6a932b5bcd944524379edf35,ROBERT BRUCE C,Lok Sabha,Tamil Nadu,TIRUNELVELI,147475440.11,55819028.0,37.849711082987994,60,51,54.054054054054056,0,91656412.11,40782129.0,40782129.0,15036899.0,26.938661490128418
6a932b5bcd944524379edf77,Shri NK Premachandran,Lok Sabha,Kerala,KOLLAM,171477994.11,64475987.0,37.60015233128971,46,150,23.46938775510204,104,107002007.11,32084160.0,32084160.0,32391827.0,50.23859037629001
6a932b5bcd944524379eddd2,ANITA NAGARSINGH CHOUHAN,Lok Sabha,Madhya Pradesh,RATLAM,147000000.0,55091448.0,37.47717551020408,74,129,36.45320197044335,55,91908552.0,27376128.0,27376128.0,27715320.0,50.30784451336259
6a932b5bcd944524379edf69,Shri Chandra Prakash Choudhary,Lok Sabha,Jharkhand,GIRIDIH,147000000.0,55034366.0,37.438344217687074,49,625,7.270029673590504,576,91965634.0,14533632.0,14533632.0,40500734.0,73.59171540197265
6a932b5bcd944524379edf8b,Smt Dimple Yadav,Lok Sabha,Uttar Pradesh,MAINPURI,192042469.11,71677973.0,37.3240217813194,53,111,32.31707317073171,58,120364496.11,59666421.0,59666421.0,12011552.0,16.75766138085406
6a932b5bcd944524379ede99,Kani K Navas,Lok Sabha,Tamil Nadu,RAMANATHAPURAM,147000000.0,54855096.0,37.31639183673469,68,41,62.38532110091744,0,92144904.0,42128528.0,42128528.0,12726568.0,23.200338579299903
6a932b5bcd944524379ede2b,Devusinh Jesingbhai Chauhan,Lok Sabha,Gujarat,KHEDA,147000000.0,54783374.0,37.26760136054422,247,341,42.00680272108844,94,92216626.0,44304206.0,44304206.0,10479168.0,19.128372779668517
6a932b5bcd944524379ede0e,BUNTY VIVEK SAHU,Lok Sabha,Madhya Pradesh,CHHINDWARA,147000000.0,54579699.0,37.12904693877551,100,373,21.14164904862579,273,92420301.0,18384130.0,18384130.0,36195569.0,66.31690841680897
6a932b5ecd944524379ee21a,Shri Anil Kumar Yadav Mandadi (2024-30),Rajya Sabha,Telangana,Sitting Rajya Sabha,147000000.0,54363174.0,36.98175102040817,71,35,66.98113207547169,0,92636826.0,53733078.0,53733078.0,630096.0,1.159049322616814
6a932b5bcd944524379edf31,RAVINDRA DATTARAM WAIKAR,Lok Sabha,Maharashtra,MUMBAI NORTH WEST,147000000.0,53799122.0,36.59804217687075,0,67,0.0,67,93200878.0,0.0,0.0,53799122.0,100.0
6a932b5bcd944524379edfac,Thalikkottai Rajuthevar Baalu,Lok Sabha,Tamil Nadu,SRIPERUMBUDUR,196905535.11,71998395.0,36.56494214841577,63,63,50.0,0,124907140.11,51067019.0,51067019.0,20931376.0,29.07200361896956
6a932b5bcd944524379ede63,GM Harish Balayogi,Lok Sabha,Andhra Pradesh,AMALAPURAM,147000000.0,53533502.0,36.41734829931973,41,68,37.61467889908257,27,93466498.0,42444512.0,42444512.0,11088990.0,20.714112818548656
6a932b5ecd944524379ee1ed,Dr. Ajeet Madhavrao Gopchade (2024-30),Rajya Sabha,Maharashtra,Sitting Rajya Sabha,147000000.0,53532752.0,36.4168380952381,44,48,47.82608695652174,4,93467248.0,47072524.0,47072524.0,6460228.0,12.06780477118008
6a932b5bcd944524379ede56,ESWARASAMY K,Lok Sabha,Tamil Nadu,POLLACHI,162315106.11,59028493.0,36.36660469543527,46,34,57.49999999999999,0,103286613.11,44430894.0,44430894.0,14597599.0,24.72975042747576
6a932b5bcd944524379eddee,BAG MITALI,Lok Sabha,West Bengal,ARAMBAG,147000000.0,53162451.0,36.16493265306123,87,97,47.28260869565217,10,93837549.0,43155174.0,43155174.0,10007277.0,18.82395715728005
6a932b5bcd944524379edfcc,ZIA UR REHMAN,Lok Sabha,Uttar Pradesh,SAMBHAL,147000000.0,53111753.0,36.13044421768707,0,325,0.0,325,93888247.0,0.0,0.0,53111753.0,100.0
6a932b5bcd944524379ede38,DR DHARAMVIRA GANDHI,Lok Sabha,Punjab,PATIALA,147000000.0,52978687.0,36.0399231292517,57,275,17.16867469879518,218,94021313.0,16488497.0,16488497.0,36490190.0,68.87711279065863
6a932b5bcd944524379ede57,Faggan Singh Kulaste,Lok Sabha,Madhya Pradesh,MANDLA,151861648.41,54608168.0,35.95915662166887,31,268,10.367892976588628,237,97253480.41,16232310.0,16232310.0,38375858.0,70.27494128717154
6a932b5bcd944524379eded5,Ms Mahua Moitra,Lok Sabha,West Bengal,KRISHNANAGAR,159865046.0,57382120.0,35.89410032759757,21,34,38.18181818181819,13,102482926.0,13986304.0,13986304.0,43395816.0,75.62602427376332
6a932b5ecd944524379ee20d,Dr. Syed Naseer Hussain (2024-30),Rajya Sabha,Karnataka,Sitting Rajya Sabha,147000000.0,52745755.0,35.88146598639456,3,59,4.838709677419355,56,94254245.0,432259.0,432259.0,52313496.0,99.18048570922912
6a932b5bcd944524379ede1e,CHIRAG PASWAN,Lok Sabha,Bihar,HAJIPUR,147000000.0,52494828.0,35.71076734693877,47,66,41.5929203539823,19,94505172.0,44817407.0,44817407.0,7677421.0,14.62509982888219
6a932b5bcd944524379edeb6,Maddila Gurumoorthy,Lok Sabha,Andhra Pradesh,TIRUPATI,180399007.0,64414143.0,35.706484238020224,110,181,37.80068728522337,71,115984864.0,49728357.0,49728357.0,14685786.0,22.799008596605873
6a932b5ecd944524379ee204,Dr. Radha Mohan Das Agrawal (2022-28),Rajya Sabha,Uttar Pradesh,Sitting Rajya Sabha,203626524.67,72382614.0,35.54675115007942,15,30,33.33333333333333,15,131243910.67000002,41852495.0,41852495.0,30530119.0,42.178801390068614
6a932b5bcd944524379edf38,RUCHI VIRA,Lok Sabha,Uttar Pradesh,MORADABAD,147000000.0,52167110.0,35.48782993197278,165,108,60.43956043956044,0,94832890.0,33266575.0,33266575.0,18900535.0,36.23074960449218
6a932b5bcd944524379eddae,AASHTIKAR PATIL NAGESH BAPURAO,Lok Sabha,Maharashtra,HINGOLI,190289442.0,67522042.0,35.483861474563575,38,78,32.758620689655174,40,122767400.0,50208561.0,50208561.0,17313481.0,25.64122838583584
6a932b5bcd944524379ede0a,BIPLAB KUMAR DEB,Lok Sabha,Tripura,TRIPURA WEST,147000000.0,51962677.0,35.34875986394558,7,24,22.58064516129032,17,95037323.0,23922411.0,23922411.0,28040266.0,53.96231991665864
6a932b5bcd944524379edf89,Smt Anupriya Patel,Lok Sabha,Uttar Pradesh,MIRZAPUR,147000000.0,51732584.0,35.19223401360544,0,10,0.0,10,95267416.0,0.0,0.0,51732584.0,100.0
6a932b5bcd944524379ede6c,HARIBHAI PATEL,Lok Sabha,Gujarat,MAHESANA,147000000.0,51281778.0,34.885563265306125,150,427,25.99653379549394,277,95718222.0,27935405.0,27935405.0,23346373.0,45.5256699562952
6a932b5bcd944524379edede,NARAYAN DAS AHIRWAR,Lok Sabha,Uttar Pradesh,JALAUN,147000000.0,51218010.8,34.84218421768707,36,331,9.809264305177113,295,95781989.2,8158216.800000001,8158216.800000001,43059794.0,84.07158600544479
6a932b5bcd944524379edfc0,Vinod Chavda,Lok Sabha,Gujarat,KACHCHH,147000000.0,51051603.0,34.72898163265306,98,256,27.68361581920904,158,95948397.0,40172708.0,40172708.0,10878895.0,21.309605106817116
6a932b5bcd944524379eddd7,ANUP SANJAY DHOTRE,Lok Sabha,Maharashtra,AKOLA,147000000.0,51045667.0,34.724943537414966,41,59,41.0,18,95954333.0,38300343.0,38300343.0,12745324.0,24.96847381776792
6a932b5ecd944524379ee295,Shri S. Selvaganabathy (2021-27),Rajya Sabha,Puducherry,Sitting Rajya Sabha,292881856.49,101658946.0,34.70988173126081,31,70,30.693069306930692,39,191222910.49,73122911.0,73122911.0,28536035.0,28.07036283850513
6a932b5bcd944524379eddc2,Alok Kumar Suman,Lok Sabha,Bihar,GOPALGANJ,147000000.0,50920280.0,34.639646258503404,43,112,27.741935483870968,69,96079720.0,42661355.0,42661355.0,8258925.0,16.2193236172307
6a932b5bcd944524379ede4f,DULU MAHATO,Lok Sabha,Jharkhand,DHANBAD,147000000.0,50907360.0,34.63085714285714,57,322,15.03957783641161,265,96092640.0,21545000.0,21545000.0,29362360.0,57.6780253385758
6a932b5bcd944524379edf5d,SHOBHANABEN MAHENDRASINH BARAIYA,Lok Sabha,Gujarat,SABARKANTHA,147000000.0,50880570.0,34.612632653061226,122,152,44.52554744525548,30,96119430.0,43430570.0,43430570.0,7450000.0,14.642131564170764
6a932b5bcd944524379edec0,MALVIKA DEVI,Lok Sabha,Odisha,KALAHANDI,147000000.0,50804998.0,34.5612231292517,96,224,30.0,128,96195002.0,37882707.0,37882707.0,12922291.0,25.435078257458056
6a932b5bcd944524379ede11,CAPTAIN BRIJESH CHOWTA,Lok Sabha,Karnataka,DAKSHINA KANNADA,147000000.0,50728812.0,34.509395918367346,75,131,36.407766990291265,56,96271188.0,35669259.0,35669259.0,15059553.0,29.686390053841592
6a932b5bcd944524379ede72,IQRA CHOUDHARY,Lok Sabha,Uttar Pradesh,KAIRANA,147000000.0,50723960.0,34.506095238095234,45,42,51.72413793103448,0,96276040.0,41286422.0,41286422.0,9437538.0,18.605680629036065
6a932b5bcd944524379edf53,SELVARAJ V,Lok Sabha,Tamil Nadu,NAGAPATTINAM,147000000.0,50673389.0,34.47169319727891,44,41,51.76470588235295,0,96326611.0,34340328.0,34340328.0,16333061.0,32.23202813610907
6a932b5bcd944524379eddbb,Ajay Bhatt,Lok Sabha,Uttarakhand,NAINITAL UDHAM SINGH NAG.,147000000.0,50626503.0,34.43979795918367,85,376,18.43817787418655,291,96373497.0,22286737.0,22286737.0,28339766.0,55.9781227630911
6a932b5bcd944524379ede04,BHUMARE SANDIPANRAO ASARAM,Lok Sabha,Maharashtra,AURANGABAD,147000000.0,50596352.0,34.41928707482993,27,65,29.347826086956523,38,96403648.0,40279781.0,40279781.0,10316571.0,20.38995024779652
6a932b5ecd944524379ee291,Shri Ryaga Krishnaiah (2024-28),Rajya Sabha,Andhra Pradesh,Sitting Rajya Sabha,170413583.79,58500678.0,34.32864722338693,30,39,43.47826086956522,9,111912905.79,44936173.0,44936173.0,13564505.0,23.18691930373867
6a932b5bcd944524379edfa0,SUNIL BOSE,Lok Sabha,Karnataka,CHAMARAJANAGAR,147000000.0,50427615.0,34.3045,21,91,18.75,70,96572385.0,18700000.0,18700000.0,31727615.0,62.91714371183329
6a932b5ecd944524379ee29f,Shri Sanjay Raut (2022-28),Rajya Sabha,Maharashtra,Sitting Rajya Sabha,196063957.11,67167846.0,34.25813035198308,6,69,8.0,63,128896111.11,7654065.0,7654065.0,59513781.0,88.60456981157323
6a932b5bcd944524379ede98,Kangana Ranaut,Lok Sabha,Himachal Pradesh,MANDI,147000000.0,50240820.0,34.17742857142857,68,267,20.298507462686565,199,96759180.0,17346591.0,17346591.0,32894229.0,65.47311329711577
6a932b5bcd944524379ede90,KALI CHARAN SINGH,Lok Sabha,Jharkhand,CHATRA,147000000.0,49787316.0,33.868922448979596,75,429,14.88095238095238,354,97212684.0,19221680.0,19221680.0,30565636.0,61.392415690775536
6a932b5bcd944524379edf50,SAYANI GHOSH,Lok Sabha,West Bengal,JADAVPUR,147000000.0,49785004.0,33.86734965986394,113,102,52.55813953488372,0,97214996.0,38583188.0,38583188.0,11201816.0,22.500381841889578
6a932b5bcd944524379edfc2,Virendra Kumar,Lok Sabha,Madhya Pradesh,TIKAMGARH,147000000.0,49501421.0,33.67443605442177,12,347,3.3426183844011144,335,97498579.0,4988276.0,4988276.0,44513145.0,89.92296402965887
6a932b5bcd944524379ede35,DR BYREDDY SHABARI,Lok Sabha,Andhra Pradesh,NANDYAL,150675889.11,50709419.0,33.65463399587435,70,129,35.175879396984925,59,99966470.11,31784498.0,31784498.0,18924921.0,37.32032701853674
6a932b5bcd944524379edfad,THANGA TAMILSELVAN,Lok Sabha,Tamil Nadu,THENI,147000000.0,49328291.0,33.556660544217685,24,72,25.0,48,97671709.0,22558505.0,22558505.0,26769786.0,54.26862649670957
6a932b5ecd944524379ee218,Shri Akhilesh Prasad Singh (2024-30),Rajya Sabha,Bihar,Sitting Rajya Sabha,186200000.0,62309563.0,33.463782491944144,38,20,65.51724137931035,0,123890437.0,49706511.0,49706511.0,12603052.0,20.226513223981364
6a932b5bcd944524379edf80,Shri vijayakumar Vasanth,Lok Sabha,Tamil Nadu,KANNIYAKUMARI,171500000.0,57305751.0,33.41443206997084,39,62,38.613861386138616,23,114194249.0,33616805.0,33616805.0,23688946.0,41.33781616438462
6a932b5ecd944524379ee247,Shri Jairam Ramesh (2022-28),Rajya Sabha,Karnataka,Sitting Rajya Sabha,220563957.11,73253485.0,33.21190187183072,18,109,14.173228346456693,91,147310472.11,31715985.0,31715985.0,41537500.0,56.70378685737614
6a932b5bcd944524379ede12,CAPTAIN VIRIATO FERNANDES,Lok Sabha,Goa,SOUTH GOA,147000000.0,48358008.0,32.89660408163265,47,86,35.338345864661655,39,98641992.0,38023549.0,38023549.0,10334459.0,21.37072933194436
6a932b5bcd944524379eddbe,AJENDRA SINGH LODHI,Lok Sabha,Uttar Pradesh,HAMIRPUR,147000000.0,48355823.0,32.89511768707483,19,172,9.947643979057592,153,98644177.0,14582276.0,14582276.0,33773547.0,69.84380557435658
6a932b5bcd944524379edf95,Smt Satabdi Roy (Banerjee),Lok Sabha,West Bengal,BIRBHUM,147000000.0,48307379.6,32.86216299319728,62,35,63.91752577319587,0,98692620.4,46588235.6,46588235.6,1719144.0,3.558760616359327
6a932b5bcd944524379ede7f,Jitendra Singh,Lok Sabha,Jammu And Kashmir,UDHAMPUR,147000000.0,48296699.0,32.854897278911565,187,141,57.012195121951216,0,98703301.0,43162988.0,43162988.0,5133711.0,10.629527703332272
6a932b5bcd944524379edf3b,S Venkatesan,Lok Sabha,Tamil Nadu,MADURAI,147000000.0,48171006.0,32.7693918367347,46,81,36.22047244094488,35,98828994.0,25963841.0,25963841.0,22207165.0,46.10068762109722
6a932b5ecd944524379ee1fa,Dr. Kalpana Saini (2022-28),Rajya Sabha,Uttarakhand,Sitting Rajya Sabha,200830405.8,65308088.0,32.51902406901375,58,131,30.687830687830687,73,135522317.8,40533838.0,40533838.0,24774250.0,37.93442858103578
6a932b5bcd944524379edf91,Smt S Jothimani,Lok Sabha,Tamil Nadu,KARUR,147000000.0,47711966.0,32.457119727891154,86,90,48.86363636363637,4,99288034.0,34108992.0,34108992.0,13602974.0,28.510613039923776
6a932b5bcd944524379eddfa,Bhagirath Chaudhary,Lok Sabha,Rajasthan,AJMER,147000000.0,47473080.0,32.294612244897955,58,99,36.94267515923567,41,99526920.0,34238822.0,34238822.0,13234258.0,27.877394936245977
6a932b5ecd944524379ee2cc,Smt. Sagarika Ghose (2024-30),Rajya Sabha,West Bengal,Sitting Rajya Sabha,147000000.0,47289873.0,32.16998163265306,0,13,0.0,13,99710127.0,0.0,0.0,47289873.0,100.0
6a932b5bcd944524379edf6e,Shri Janardan Singh Sigriwal ,Lok Sabha,Bihar,MAHARAJGANJ,147000000.0,47230253.0,32.12942380952381,18,56,24.324324324324326,38,99769747.0,21432032.0,21432032.0,25798221.0,54.622237573023384
6a932b5bcd944524379edf92,Smt Sajda Ahmed,Lok Sabha,West Bengal,ULUBERIA,147000000.0,47212277.0,32.117195238095235,91,88,50.83798882681564,0,99787723.0,44780219.0,44780219.0,2432058.0,5.151325363951415
6a932b5ecd944524379ee230,Shri Damodar Rao Divakonda (2022-28),Rajya Sabha,Telangana,Sitting Rajya Sabha,239919406.11,77052481.0,32.11598521741605,110,185,37.28813559322034,75,162866925.11,49064209.0,49064209.0,27988272.0,36.32364803412365
6a932b5bcd944524379edf23,RAKIBUL HUSSAIN,Lok Sabha,Assam,DHUBRI,147000000.0,47053373.0,32.00909727891156,25,152,14.124293785310735,127,99946627.0,11696429.0,11696429.0,35356944.0,75.1422092524589
6a932b5bcd944524379ede4e,DR.MALLU RAVI,Lok Sabha,Telangana,NAGARKURNOOL,147000000.0,47000729.0,31.973285034013603,143,84,62.99559471365639,0,99999271.0,35214808.0,35214808.0,11785921.0,25.076038714208025
6a932b5bcd944524379edf9c,Sudip Bandyopadhyay,Lok Sabha,West Bengal,KOLKATA UTTAR,147000000.0,46311063.0,31.50412448979592,9,29,23.684210526315788,20,100688937.0,12739754.0,12739754.0,33571309.0,72.49090568273071
6a932b5bcd944524379eddec,BABU SINGH KUSHWAHA,Lok Sabha,Uttar Pradesh,JAUNPUR,147000000.0,46048017.0,31.32518163265306,522,164,76.0932944606414,0,100951983.0,24508010.0,24508010.0,21540007.0,46.77727381832751
6a932b5bcd944524379edea1,Kinjarapu Ram Mohan Naidu,Lok Sabha,Andhra Pradesh,SRIKAKULAM,171200630.11,53576961.0,31.294838672950952,60,155,27.906976744186046,95,117623669.11,32203971.0,32203971.0,21372990.0,39.89212826013032
6a932b5ecd944524379ee28d,Shri Randeep Singh Surjewala (2022-28),Rajya Sabha,Rajasthan,Sitting Rajya Sabha,196063957.11,61282046.0,31.256150749634333,55,94,36.91275167785235,39,134781911.11,40284299.0,40284299.0,20997747.0,34.26410893657173
6a932b5bcd944524379edece,Midhun Reddy,Lok Sabha,Andhra Pradesh,RAJAMPET,178951477.11,55215327.0,30.854915473013723,178,317,35.95959595959596,139,123736150.11,40614344.0,40614344.0,14600983.0,26.44371371738865
6a932b5bcd944524379eddc6,AMBICA G LAKSHMINARAYANA VALMIKI,Lok Sabha,Andhra Pradesh,ANANTAPUR,201899064.11,62202871.0,30.80889516462058,42,116,26.582278481012654,74,139696193.11,30751717.0,30751717.0,31451154.0,50.56222244146898
6a932b5bcd944524379ede66,GOVIND MAKTHAPPA KARJOL,Lok Sabha,Karnataka,CHITRADURGA,147000000.0,45195747.0,30.745406122448983,19,204,8.520179372197308,185,101804253.0,8719720.0,8719720.0,36476027.0,80.70676871432173
6a932b5ecd944524379ee296,Shri S.R. Sivalingam (2025-31),Rajya Sabha,Tamil Nadu,Sitting Rajya Sabha,89248285.42,27371677.0,30.66913484241141,13,36,26.53061224489796,23,61876608.42,9371677.0,9371677.0,18000000.0,65.76140731165285
6a932b5ecd944524379ee267,Shri Mohammed Nadimul Haque (2024-30),Rajya Sabha,West Bengal,Sitting Rajya Sabha,147000000.0,45077861.0,30.66521156462585,1,18,5.263157894736842,17,101922139.0,1096933.0,1096933.0,43980928.0,97.56658151991728
6a932b5bcd944524379ede6b,HARENDRA SINGH MALIK,Lok Sabha,Uttar Pradesh,MUZAFFARNAGAR,147000000.0,45077485.0,30.664955782312926,32,183,14.883720930232558,151,101922515.0,19524140.0,19524140.0,25553345.0,56.68760136019123
6a932b5bcd944524379ede9e,Kaushalendra Kumar,Lok Sabha,Bihar,NALANDA,147000000.0,44912846.0,30.552956462585033,92,74,55.42168674698795,0,102087154.0,44115134.0,44115134.0,797712.0,1.7761332693100766
6a932b5bcd944524379edf16,RAJABHAU,Lok Sabha,Maharashtra,NASHIK,152878682.11,46498714.0,30.41543357009254,21,89,19.090909090909093,68,106379968.11,21311605.0,21311605.0,25187109.0,54.167323853300545
6a932b5bcd944524379ede5e,Ganesh Singh,Lok Sabha,Madhya Pradesh,SATNA,147000000.0,44570402.0,30.320001360544214,77,241,24.21383647798742,164,102429598.0,21445936.0,21445936.0,23124466.0,51.88300971573019
6a932b5bcd944524379ede6a,H.D. KUMARASWAMY,Lok Sabha,Karnataka,MANDYA,147000000.0,44450000.0,30.238095238095237,7,140,4.761904761904762,133,102550000.0,3500000.0,3500000.0,40950000.0,92.1259842519685
6a932b5ecd944524379ee2c0,Smt. Mamata Thakur (2024-30),Rajya Sabha,West Bengal,Sitting Rajya Sabha,147000000.0,44446422.0,30.235661224489796,51,9,85.0,0,102553578.0,28679769.0,28679769.0,15766653.0,35.47339086147362
6a932b5ecd944524379ee215,Shri Abdul Wahab (2021-27),Rajya Sabha,Kerala,Sitting Rajya Sabha,310898953.29,93760670.0,30.157923983919627,120,248,32.608695652173914,128,217138283.29,80050168.0,80050168.0,13710502.0,14.622871188953749
6a932b5bcd944524379ede89,K. C VENUGOPAL,Lok Sabha,Kerala,ALAPPUZHA,147000000.0,44331588.0,30.157542857142857,37,52,41.57303370786517,15,102668412.0,26840190.0,26840190.0,17491398.0,39.45583451691376
6a932b5bcd944524379edfbb,Vellalath Kochukrishnan Nair Sreekandan,Lok Sabha,Kerala,PALAKKAD,167807990.11,50584788.0,30.14444542649078,98,107,47.80487804878049,9,117223202.11,29910258.0,29910258.0,20674530.0,40.871042100641006
6a932b5bcd944524379eddde,ARUNA. D. K,Lok Sabha,Telangana,MAHABUBNAGAR,147000000.0,44232038.0,30.08982176870748,127,195,39.44099378881988,68,102767962.0,34958077.0,34958077.0,9273961.0,20.96661474201121
6a932b5bcd944524379eddeb,B K PARTHASARATHI,Lok Sabha,Andhra Pradesh,HINDUPUR,160491894.11,47797914.0,29.78213589232092,52,40,56.52173913043478,0,112693980.11,33917897.0,33917897.0,13880017.0,29.038959733682105
6a932b5bcd944524379edf21,Raju Bista,Lok Sabha,West Bengal,DARJEELING,147000000.0,43617451.0,29.67173537414966,73,96,43.19526627218935,23,103382549.0,34663226.0,34663226.0,8954225.0,20.528996524808385
6a932b5bcd944524379edeb2,LOVELY ANAND,Lok Sabha,Bihar,SHEOHAR,147000000.0,43561211.0,29.6334768707483,24,67,26.373626373626376,43,103438789.0,25156665.0,25156665.0,18404546.0,42.24984929826675
6a932b5bcd944524379ede5c,GANAPATHY RAJKUMAR P,Lok Sabha,Tamil Nadu,COIMBATORE,147370490.11,43662823.0,29.627928201507142,7,62,10.144927536231885,55,103707667.11,8599674.0,8599674.0,35063149.0,80.30435640865457
6a932b5bcd944524379edf61,Shri Amar Singh,Lok Sabha,Punjab,FATEHGARH SAHIB,147000000.0,43529649.0,29.61200612244898,60,289,17.191977077363894,229,103470351.0,17363933.0,17363933.0,26165716.0,60.11010104859793
6a932b5bcd944524379edf09,Putta Mahesh Kumar,Lok Sabha,Andhra Pradesh,ELURU,147000000.0,43504398.0,29.59482857142857,54,60,47.368421052631575,6,103495602.0,26239750.0,26239750.0,17264648.0,39.68483370347982
6a932b5bcd944524379ede4b,DR. S P SINGH,Lok Sabha,Uttar Pradesh,PRATAPGARH,147000000.0,42783929.0,29.10471360544218,106,533,16.588419405320813,427,104216071.0,34071121.0,34071121.0,8712808.0,20.36467478243992
6a932b5bcd944524379ede65,GOPINATH K,Lok Sabha,Tamil Nadu,KRISHNAGIRI,147000000.0,42753233.0,29.083831972789113,36,77,31.858407079646017,41,104246767.0,27542471.0,27542471.0,15210762.0,35.578039209338854
6a932b5ecd944524379ee1f3,Dr. Dharmasthala Veerendra Heggade (2022-28),Rajya Sabha,Karnataka,Nominated Rajya Sabha,196063957.11,56879514.0,29.01069367282444,301,173,63.50210970464135,0,139184443.11,28999430.0,28999430.0,27880084.0,49.016037654611466
6a932b5bcd944524379edf3c,S. Jagathrakshakan,Lok Sabha,Tamil Nadu,ARAKKONAM,180589332.34,52167418.0,28.887319823400816,34,130,20.73170731707317,96,128421914.34,36513077.0,36513077.0,15654341.0,30.007889215448618
6a932b5ecd944524379ee275,Shri Pabitra Margherita (2022-28),Rajya Sabha,Assam,Sitting Rajya Sabha,220563957.11,63642733.44,28.854548256159543,5,205,2.380952380952381,200,156921223.67000002,5848086.4399999995,5848086.4399999995,57794647.0,90.81106966357228
6a932b5bcd944524379edef3,PHANI BHUSAN CHOUDHURY,Lok Sabha,Assam,BARPETA,147000000.0,42116247.0,28.650508163265304,3,84,3.4482758620689653,81,104883753.0,4400000.0,4400000.0,37716247.0,89.55272534136292
6a932b5bcd944524379ede80,JITIN PRASADA,Lok Sabha,Uttar Pradesh,PILIBHIT,147000000.0,41842816.0,28.46450068027211,22,37,37.28813559322034,15,105157184.0,7678364.0,7678364.0,34164452.0,81.64950466048938
6a932b5bcd944524379edf9d,SUKANTA KUMAR PANIGRAHI,Lok Sabha,Odisha,KANDHAMAL,190712424.11,54209040.0,28.424493188096157,148,202,42.285714285714285,54,136503384.11,40058531.0,40058531.0,14150509.0,26.103596374331666
6a932b5bcd944524379ede3e,Dr Shashi Tharoor,Lok Sabha,Kerala,THIRUVANANTHAPURAM,147000000.0,41754577.0,28.404474149659865,40,74,35.08771929824561,34,105245423.0,33758390.0,33758390.0,7996187.0,19.15044427345055
6a932b5ecd944524379ee225,Shri Balyogi Umeshnath (2024-30),Rajya Sabha,Madhya Pradesh,Sitting Rajya Sabha,147000000.0,41747000.0,28.39931972789116,11,67,14.102564102564102,56,105253000.0,7950000.0,7950000.0,33797000.0,80.95671545260737
6a932b5ecd944524379ee200,Dr. Medha Vishram Kulkarni (2024-30),Rajya Sabha,Maharashtra,Sitting Rajya Sabha,147000000.0,41737818.0,28.39307346938775,31,76,28.971962616822427,45,105262182.0,30816058.0,30816058.0,10921760.0,26.167539472235944
6a932b5bcd944524379ede76,Jagannath Sarkar,Lok Sabha,West Bengal,RANAGHAT,147000000.0,41712525.0,28.375867346938776,70,152,31.53153153153153,82,105287475.0,34507754.0,34507754.0,7204771.0,17.272440352148426
6a932b5ecd944524379ee228,Shri Birendra Prasad Baishya (2025-31),Rajya Sabha,Assam,Sitting Rajya Sabha,98000000.0,27790330.0,28.357479591836736,1,44,2.2222222222222223,43,70209670.0,995373.0,995373.0,26794957.0,96.41827570957236
6a932b5bcd944524379edf04,Priyanka Gandhi Vadra,Lok Sabha,Kerala,WAYANAD,122500000.0,34714501.0,28.338368163265304,10,81,10.989010989010987,71,87785499.0,15019751.0,15019751.0,19694750.0,56.73349589556249
6a932b5bcd944524379edeb9,Mahendra Singh Solanky,Lok Sabha,Madhya Pradesh,DEWAS,147000000.0,41462417.0,28.205725850340137,10,131,7.092198581560284,121,105537583.0,6249000.0,6249000.0,35213417.0,84.92851972426017
6a932b5ecd944524379ee226,Shri Banshilal Gurjar (2024-30),Rajya Sabha,Madhya Pradesh,Sitting Rajya Sabha,147000000.0,41424435.0,28.17988775510204,10,71,12.34567901234568,61,105575565.0,10570000.0,10570000.0,30854435.0,74.48365922190611
6a932b5ecd944524379ee2c4,Smt. P. T. Usha (2022-28),Rajya Sabha,Kerala,Nominated Rajya Sabha,196063957.11,55206130.0,28.157204829354264,39,82,32.231404958677686,43,140857827.11,40172739.0,40172739.0,15033391.0,27.231379921034133
6a932b5ecd944524379ee285,Shri Rajib Bhattacharjee (2024-28),Rajya Sabha,Tripura,Sitting Rajya Sabha,122500000.0,34210580.0,27.92700408163265,18,40,31.03448275862069,22,88289420.0,19522053.0,19522053.0,14688527.0,42.93562693178543
6a932b5bcd944524379edf43,Sanjay Haribhau Jadhav,Lok Sabha,Maharashtra,PARBHANI,147000000.0,40999822.0,27.89103537414966,28,56,33.33333333333333,28,106000178.0,23065576.0,23065576.0,17934246.0,43.742253320026606
6a932b5bcd944524379edf74,Shri LS Tejasvi Surya ,Lok Sabha,Karnataka,BANGALORE SOUTH,147000000.0,40913804.0,27.83251972789116,25,112,18.248175182481752,87,106086196.0,25236528.0,25236528.0,15677276.0,38.317815669254315
6a932b5bcd944524379edea7,KOTA SRINIVAS POOJARY,Lok Sabha,Karnataka,UDUPI CHIKMAGALUR,147000000.0,40865192.0,27.799450340136055,51,269,15.937499999999998,218,106134808.0,21595331.0,21595331.0,19269861.0,47.15470564777966
6a932b5bcd944524379edeb4,M. MALLESH BABU,Lok Sabha,Karnataka,KOLAR,147065957.11,40766132.0,27.71962512677792,3,73,3.9473684210526314,70,106299825.11,3493016.0,3493016.0,37273116.0,91.43157364058968
6a932b5bcd944524379edf8d,Smt Hema Malini,Lok Sabha,Uttar Pradesh,MATHURA,147000000.0,40721168.0,27.70147482993197,33,55,37.5,22,106278832.0,26155658.0,26155658.0,14565510.0,35.768890519053876
6a932b5bcd944524379edee7,Nitin Jairam Gadkari,Lok Sabha,Maharashtra,NAGPUR,168195086.11,46558565.0,27.68128729370285,19,48,28.35820895522388,29,121636521.11,28671958.0,28671958.0,17886607.0,38.41743619031214
6a932b5bcd944524379eddb1,ABHIJIT GANGOPADHYAY,Lok Sabha,West Bengal,TAMLUK,147000000.0,40622867.78,27.63460393197279,74,191,27.92452830188679,117,106377132.22,25363606.78,25363606.78,15259261.0,37.5632293678504
6a932b5bcd944524379eddf9,BASTIPATI NAGARAJU PANCHALINGALA,Lok Sabha,Andhra Pradesh,KURNOOL,159998515.11,44033277.0,27.521053535857405,143,65,68.75,0,115965238.11,43534075.0,43534075.0,499202.0,1.133692593444726
6a932b5bcd944524379ede5f,GAURAV GOGOI,Lok Sabha,Assam,JORHAT,147000000.0,40275131.0,27.39804829931973,35,429,7.543103448275862,394,106724869.0,8010896.0,8010896.0,32264235.0,80.10957183478807
6a932b5bcd944524379edeee,PARSHOTTAMBHAI RUPALA,Lok Sabha,Gujarat,RAJKOT,147000000.0,40230082.0,27.367402721088435,90,229,28.213166144200624,139,106769918.0,37799055.0,37799055.0,2431027.0,6.042808960717505
6a932b5bcd944524379edf33,Ravindra Vasantrao Chavan,Lok Sabha,Maharashtra,NANDED,147000000.0,39838293.0,27.100879591836737,26,115,18.439716312056735,89,107161707.0,19985533.0,19985533.0,19852760.0,49.8333600789572
6a932b5bcd944524379edde7,ATUL GARG,Lok Sabha,Uttar Pradesh,GHAZIABAD,155336470.0,42043789.0,27.066270399990422,36,41,46.75324675324675,5,113292681.0,33799309.0,33799309.0,8244480.0,19.609269754445776
6a932b5ecd944524379ee1fe,Dr. M. Dhanapal (2025-31),Rajya Sabha,Tamil Nadu,Sitting Rajya Sabha,89248285.42,23989964.0,26.88002787628231,27,24,52.94117647058824,0,65258321.42,20303393.0,20303393.0,3686571.0,15.367138525093244
6a932b5bcd944524379ede93,KALYAN VAIJINATHRAO KALE,Lok Sabha,Maharashtra,JALNA,147000000.0,39254291.0,26.70359931972789,19,42,31.147540983606557,23,107745709.0,18358754.0,18358754.0,20895537.0,53.23121744830394
6a932b5bcd944524379eddf7,BAPI HALDAR,Lok Sabha,West Bengal,MATHURAPUR,147000000.0,39006328.0,26.53491700680272,87,78,52.72727272727272,0,107993672.0,33330839.0,33330839.0,5675489.0,14.550175038265586
6a932b5bcd944524379edf5b,SHIVRAJ SINGH CHOUHAN,Lok Sabha,Madhya Pradesh,VIDISHA,147000000.0,38851625.0,26.4296768707483,10,97,9.345794392523365,87,108148375.0,6443125.0,6443125.0,32408500.0,83.4160733302661
6a932b5ecd944524379ee1fc,Dr. L. Murugan (2024-30),Rajya Sabha,Madhya Pradesh,Sitting Rajya Sabha,147000000.0,38699774.0,26.326376870748295,6,32,15.789473684210526,26,108300226.0,7699574.0,7699574.0,31000200.0,80.10434376180078
6a932b5bcd944524379edebc,MAHIMA KUMARI MEWAR,Lok Sabha,Rajasthan,RAJSAMAND,183892143.0,48238044.0,26.23170474444903,26,109,19.25925925925926,83,135654099.0,21655271.0,21655271.0,26582773.0,55.10748528692415
6a932b5bcd944524379ede7b,JASHUBHAI BHILUBHAI RATHVA,Lok Sabha,Gujarat,CHHOTA UDAIPUR,147000000.0,38424412.0,26.139055782312926,96,248,27.906976744186046,152,108575588.0,32109147.0,32109147.0,6315265.0,16.435554043091148
6a932b5ecd944524379ee24f,Shri Kanad Purkayastha (2025-31),Rajya Sabha,Assam,Sitting Rajya Sabha,98000000.0,25601397.0,26.123874489795917,0,50,0.0,50,72398603.0,0.0,0.0,25601397.0,100.0
6a932b5bcd944524379edf40,SAMBIT PATRA,Lok Sabha,Odisha,PURI,147000000.0,38354750.0,26.09166666666667,548,175,75.79529737206086,0,108645250.0,31620874.0,31620874.0,6733876.0,17.556824122175218
6a932b5bcd944524379eddb3,ADHIKARI SOUMENDU,Lok Sabha,West Bengal,KANTHI,147000000.0,38304241.0,26.057306802721087,29,41,41.42857142857143,12,108695759.0,36121123.0,36121123.0,2183118.0,5.6994158949657825
6a932b5bcd944524379edfc9,Y S Avinash Reddy,Lok Sabha,Andhra Pradesh,KADAPA,156430260.11,40434883.0,25.848504612577283,57,243,19.0,186,115995377.11,29441518.0,29441518.0,10993365.0,27.187824433670304
6a932b5ecd944524379ee203,Dr. Parmar Jashvantsinh Salamsinh (2024-30),Rajya Sabha,Gujarat,Sitting Rajya Sabha,147000000.0,37839089.0,25.7408768707483,61,312,16.353887399463808,251,109160911.0,26672911.0,26672911.0,11166178.0,29.50963750739348
6a932b5ecd944524379ee214,Shri A. A. Rahim (2022-28),Rajya Sabha,Kerala,Sitting Rajya Sabha,220563957.11,56633403.0,25.67663535876612,17,58,22.666666666666664,41,163930554.11,26629839.0,26629839.0,30003564.0,52.978564611418456
6a932b5bcd944524379ede29,DEVESH CHANDRA THAKUR,Lok Sabha,Bihar,SITAMARHI,163809205.11,41894417.0,25.57512990302795,119,90,56.9377990430622,0,121914788.11,38054803.0,38054803.0,3839614.0,9.164977758253563
6a932b5bcd944524379eded6,MUHAMMED HAMDULLAH SAYEED,Lok Sabha,Lakshadweep,LAKSHADWEEP,153942460.41,39337535.0,25.553401508090133,2,26,7.142857142857142,24,114604925.41,1633047.0,1633047.0,37704488.0,95.84862905110856
6a932b5bcd944524379ede4d,DR.K.SUDHAKAR,Lok Sabha,Karnataka,CHIKBALLAPUR,147000000.0,37553975.0,25.54692176870748,18,142,11.25,124,109446025.0,8044009.0,8044009.0,29509966.0,78.58013965232709
6a932b5ecd944524379ee29c,Shri Sandosh Kumar P (2022-28),Rajya Sabha,Kerala,Sitting Rajya Sabha,220563957.11,55957933.0,25.370388586242388,29,75,27.884615384615387,46,164606024.11,29703001.0,29703001.0,26254932.0,46.919052567577864
6a932b5bcd944524379eddd4,Annpurna Devi ,Lok Sabha,Jharkhand,KODARMA,166665931.8,42079828.0,25.24800812351742,85,303,21.90721649484536,218,124586103.8,24734006.0,24734006.0,17345822.0,41.221228375743365
6a932b5bcd944524379edf4a,Saptagiri Sankar Ulaka,Lok Sabha,Odisha,KORAPUT,269500000.0,67850166.0,25.176313914656777,159,416,27.652173913043477,257,201649834.0,46662417.0,46662417.0,21187749.0,31.22726184634537
6a932b5bcd944524379ede83,JUNE MALIAH,Lok Sabha,West Bengal,MEDINIPUR,147000000.0,36949288.0,25.135570068027217,7,24,22.58064516129032,17,110050712.0,18832040.0,18832040.0,18117248.0,49.03273914236183
6a932b5bcd944524379ede30,DHAVAL LAXMANBHAI PATEL,Lok Sabha,Gujarat,VALSAD,147000000.0,36923530.0,25.11804761904762,60,176,25.42372881355932,116,110076470.0,32437956.0,32437956.0,4485574.0,12.148280513807862
6a932b5bcd944524379ede3c,DR RAJKUMAR SANGWAN,Lok Sabha,Uttar Pradesh,BAGHPAT,147000000.0,36662976.0,24.9408,16,103,13.445378151260504,87,110337024.0,10927859.0,10927859.0,25735117.0,70.19374804707616
6a932b5ecd944524379ee2bd,Smt. Jebi Mather Hisham (2022-28),Rajya Sabha,Kerala,Sitting Rajya Sabha,220563957.11,54417993.0,24.672205610121768,47,72,39.49579831932773,25,166145964.11,41671596.0,41671596.0,12746397.0,23.42312955202151
6a932b5bcd944524379eddb2,Abu Taher Khan,Lok Sabha,West Bengal,MURSHIDABAD,147000000.0,36162113.0,24.6000768707483,172,156,52.4390243902439,0,110837887.0,29714725.0,29714725.0,6447388.0,17.829124089070792
6a932b5bcd944524379edf68,Shri Bhartruhari Mahtab,Lok Sabha,Odisha,CUTTACK,147000000.0,36110567.0,24.56501156462585,86,397,17.805383022774325,311,110889433.0,25600877.0,25600877.0,10509690.0,29.10419545613892
6a932b5bcd944524379edea6,KONDA VISHWESHWAR REDDY,Lok Sabha,Telangana,CHELVELLA,233721420.96,57214092.0,24.479609855611756,180,339,34.68208092485549,159,176507328.96,47532371.0,47532371.0,9681721.0,16.921916719398432
6a932b5bcd944524379edf4d,SATPAL BRAHAMCHARI,Lok Sabha,Haryana,SONEPAT,147000000.0,35904950.0,24.42513605442177,19,212,8.225108225108226,193,111095050.0,11241216.0,11241216.0,24663734.0,68.69173749023464
6a932b5bcd944524379edf7e,Shri Suresh Kodikunnil,Lok Sabha,Kerala,MAVELIKKARA,172429519.11,41963456.0,24.336584719713656,58,133,30.36649214659686,75,130466063.11,26813391.0,26813391.0,15150065.0,36.10299637856329
6a932b5bcd944524379edf84,Shrirang Appa Barne,Lok Sabha,Maharashtra,MAVAL,147000000.0,35720911.0,24.29993945578231,32,75,29.906542056074763,43,111279089.0,23546814.0,23546814.0,12174097.0,34.08114927416045
6a932b5bcd944524379ede64,GODAM NAGESH,Lok Sabha,Telangana,ADILABAD,147000000.0,35717086.0,24.297337414965988,80,277,22.408963585434176,197,111282914.0,17451632.0,17451632.0,18265454.0,51.13926147278645
6a932b5bcd944524379ede97,Kamlesh Paswan,Lok Sabha,Uttar Pradesh,BANSGAON,147000000.0,35635253.0,24.241668707482994,0,124,0.0,124,111364747.0,0.0,0.0,35635253.0,100.0
6a932b5bcd944524379ede77,Jagdambika Pal,Lok Sabha,Uttar Pradesh,DOMARIYAGANJ,160643957.11,38873088.0,24.19828837594052,0,75,0.0,75,121770869.11,0.0,0.0,38873088.0,100.0
6a932b5bcd944524379edec7,MANNA LAL RAWAT,Lok Sabha,Rajasthan,UDAIPUR,147000000.0,35533993.0,24.1727843537415,24,176,12.0,152,111466007.0,23891612.0,23891612.0,11642381.0,32.76406622807631
6a932b5ecd944524379ee217,Shri Ajay Makan (2024-30),Rajya Sabha,Karnataka,Sitting Rajya Sabha,147000000.0,35435523.0,24.105797959183672,2,11,15.384615384615383,9,111564477.0,1379107.0,1379107.0,34056416.0,96.10812291383424
6a932b5ecd944524379ee2c6,Smt. Rajathi (2025-31),Rajya Sabha,Tamil Nadu,Sitting Rajya Sabha,89248285.42,21237106.0,23.79553388623519,16,39,29.09090909090909,23,68011179.42,10000000.0,10000000.0,11237106.0,52.912604947208905
6a932b5bcd944524379ede45,DR. MANSUKH MANDAVIYA,Lok Sabha,Gujarat,PORBANDAR,147000000.0,34762587.0,23.64801836734694,72,238,23.225806451612904,166,112237413.0,27644193.0,27644193.0,7118394.0,20.477169895324536
6a932b5bcd944524379edf64,Shri Arjun Ram Meghwal,Lok Sabha,Rajasthan,BIKANER,147000000.0,34700414.0,23.60572380952381,17,62,21.518987341772153,45,112299586.0,19586063.0,19586063.0,15114351.0,43.556687825107794
6a932b5bcd944524379edf0a,R.K. CHAUDHARY,Lok Sabha,Uttar Pradesh,MOHANLALGANJ,147000000.0,34622708.0,23.552862585034013,14,79,15.053763440860216,65,112377292.0,3010942.0,3010942.0,31611766.0,91.30356296798044
6a932b5ecd944524379ee1f7,Dr. John Brittas (2021-27),Rajya Sabha,Kerala,Sitting Rajya Sabha,245063957.11,57506835.0,23.46605175161982,36,108,25.0,72,187557122.11,52630093.0,52630093.0,4876742.0,8.48028238730231
6a932b5bcd944524379ededc,NABA CHARAN MAJHI,Lok Sabha,Odisha,MAYURBHANJ,147563957.11,34422207.0,23.326974739732904,27,194,12.217194570135746,167,113141750.11,13783962.0,13783962.0,20638245.0,59.95619339573432
6a932b5bcd944524379edf0c,RACHNA BANERJEE,Lok Sabha,West Bengal,HOOGHLY,147000000.0,34234471.0,23.28875578231293,36,68,34.61538461538461,32,112765529.0,14998488.0,14998488.0,19235983.0,56.18893015755961
6a932b5ecd944524379ee238,Shri Ghanshyam Tiwari (2022-28),Rajya Sabha,Rajasthan,Sitting Rajya Sabha,196063957.11,45570943.0,23.242896691324457,28,60,31.818181818181817,32,150493014.11,29098344.0,29098344.0,16472599.0,36.14715411967666
6a932b5bcd944524379ede00,BHASKAR MURLIDHAR BHAGARE,Lok Sabha,Maharashtra,DINDORI,147000000.0,34081627.0,23.18478027210884,19,100,15.966386554621849,81,112918373.0,19056745.0,19056745.0,15024882.0,44.08499042607326
6a932b5ecd944524379ee2c5,Smt. Phulo Devi Netam (2026-32),Rajya Sabha,Chhattisgarh,Sitting Rajya Sabha,49000000.0,11348157.0,23.159504081632655,0,81,0.0,81,37651843.0,0.0,0.0,11348157.0,100.0
6a932b5bcd944524379eddc9,AMRINDER SINGH RAJA WARRING,Lok Sabha,Punjab,LUDHIANA,147000000.0,33972409.0,23.11048231292517,59,187,23.983739837398375,128,113027591.0,18372811.0,18372811.0,15599598.0,45.918433396936905
6a932b5bcd944524379eddc8,AMRARAM,Lok Sabha,Rajasthan,SIKAR,165691544.11,38165228.0,23.03390206482879,49,122,28.654970760233915,73,127526316.11,24765138.0,24765138.0,13400090.0,35.11072958872406
6a932b5bcd944524379ede1b,CHHATRAPATI SHAHU SHAHAJI,Lok Sabha,Maharashtra,KOLHAPUR,147000000.0,33696592.0,22.922851700680273,22,79,21.782178217821784,57,113303408.0,21542554.0,21542554.0,12154038.0,36.06904223430072
6a932b5bcd944524379eddf0,BAJRANG MANOHAR SONWANE,Lok Sabha,Maharashtra,BEED,165899107.19,37977152.0,22.8917157200284,20,80,20.0,60,127921955.19,19342448.0,19342448.0,18634704.0,49.06819763630511
6a932b5ecd944524379ee20c,Dr. Sudhanshu Trivedi (2024-30),Rajya Sabha,Uttar Pradesh,Sitting Rajya Sabha,147000000.0,33646948.0,22.88908027210885,14,39,26.41509433962264,25,113353052.0,16886943.0,16886943.0,16760005.0,49.81136773534408
6a932b5bcd944524379edfc7,VISHWESHWAR HEGDE KAGERI,Lok Sabha,Karnataka,UTTARA KANNADA,147000000.0,33350000.0,22.687074829931973,30,113,20.97902097902098,83,113650000.0,20900000.0,20900000.0,12450000.0,37.331334332833585
6a932b5ecd944524379ee2b8,Shri Yerram Venkata Subba Reddy (2024-30),Rajya Sabha,Andhra Pradesh,Sitting Rajya Sabha,147000000.0,33232213.0,22.606947619047617,38,104,26.76056338028169,66,113767787.0,18636903.0,18636903.0,14595310.0,43.919163613930856
6a932b5bcd944524379edf9a,SUDHA R,Lok Sabha,Tamil Nadu,MAYILADUTHURAI,147332315.11,33193145.0,22.529439638016697,22,127,14.76510067114094,105,114139170.11,17100375.0,17100375.0,16092770.0,48.48220920313517
6a932b5bcd944524379ede62,Giriraj Singh,Lok Sabha,Bihar,BEGUSARAI,147000000.0,32994877.0,22.445494557823128,17,50,25.37313432835821,33,114005123.0,21896679.0,21896679.0,11098198.0,33.636124783856594
6a932b5bcd944524379edeac,KRITI DEVI DEBBARMAN,Lok Sabha,Tripura,TRIPURA EAST,147000000.0,32934783.0,22.404614285714285,13,29,30.952380952380953,16,114065217.0,12500000.0,12500000.0,20434783.0,62.04620507139822
6a932b5bcd944524379eddc4,AMAR SHARADRAO KALE,Lok Sabha,Maharashtra,WARDHA,147000000.0,32855968.0,22.35099863945578,29,79,26.851851851851855,50,114144032.0,24499418.0,24499418.0,8356550.0,25.433887688227603
6a932b5bcd944524379ede37,Dr Chandra Sekhar Pemmasani,Lok Sabha,Andhra Pradesh,GUNTUR,159774113.11,35682555.0,22.33312662823768,9,87,9.375,78,124091558.11,11590846.0,11590846.0,24091709.0,67.51677115049637
6a932b5bcd944524379eddbf,AKHILESH YADAV,Lok Sabha,Uttar Pradesh,KANNAUJ,147000000.0,32453607.0,22.07728367346939,39,200,16.317991631799163,161,114546393.0,6951398.0,6951398.0,25502209.0,78.58050724531175
6a932b5ecd944524379ee297,Shri Sadanand Mhalu Shet Tanavade (2023-29),Rajya Sabha,Goa,Sitting Rajya Sabha,171500000.0,37836353.99,22.06201398833819,10,32,23.809523809523807,22,133663646.01,27353916.99,27353916.99,10482437.0,27.704669965743705
6a932b5ecd944524379ee25a,Shri Madan Rathore (2024-30),Rajya Sabha,Rajasthan,Sitting Rajya Sabha,147000000.0,32342754.0,22.001873469387757,21,111,15.909090909090908,90,114657246.0,16038953.0,16038953.0,16303801.0,50.40943946826544
6a932b5ecd944524379ee234,Shri Dhananjay Bhimrao Mahadik (2022-28),Rajya Sabha,Maharashtra,Sitting Rajya Sabha,220383643.11,48415797.0,21.968870428298636,32,126,20.253164556962027,94,171967846.11,39394693.0,39394693.0,9021104.0,18.63256325203115
6a932b5bcd944524379edfb7,V. SOMANNA,Lok Sabha,Karnataka,TUMKUR,147000000.0,32293790.0,21.96856462585034,4,57,6.557377049180328,53,114706210.0,7214529.0,7214529.0,25079261.0,77.65970175690124
6a932b5bcd944524379ede02,BHOJRAJ NAG,Lok Sabha,Chhattisgarh,KANKER,164672734.11,35985836.0,21.85294134726746,29,44,39.726027397260275,15,128686898.11,19984971.0,19984971.0,16000865.0,44.46434147034961
6a932b5bcd944524379ede6f,Hasmukh Bhai Soma Bhai Patel,Lok Sabha,Gujarat,AHMEDABAD EAST,147000000.0,32021270.0,21.7831768707483,20,176,10.20408163265306,156,114978730.0,13861338.0,13861338.0,18159932.0,56.712091681560416
6a932b5bcd944524379ede74,JAGADISH CHANDRA BARMA BASUNIA,Lok Sabha,West Bengal,COOCHBEHAR,168604641.11,36689865.0,21.760886745734965,1,96,1.0309278350515465,95,131914776.11,4898435.0,4898435.0,31791430.0,86.64907870334218
6a932b5bcd944524379ede20,D M Kathir Anand,Lok Sabha,Tamil Nadu,VELLORE,160196941.11,34828146.0,21.740830853995572,15,67,18.29268292682927,52,125368795.11,16990701.0,16990701.0,17837445.0,51.21560303554487
6a932b5bcd944524379eddb7,ADV GOWAAL KAGADA PADAVI,Lok Sabha,Maharashtra,NANDURBAR,147816309.11,32041066.0,21.67627252562239,189,90,67.74193548387096,0,115775243.11,32041066.0,32041066.0,0.0,0.0
6a932b5bcd944524379edeef,PARTHA BHOWMICK,Lok Sabha,West Bengal,BARRACKPUR,147000000.0,31114929.0,21.16661836734694,4,28,12.5,24,115885071.0,6564023.0,6564023.0,24550906.0,78.90394350570429
6a932b5bcd944524379edef9,PRADEEP PUROHIT,Lok Sabha,Odisha,BARGARH,147000000.0,30901278.0,21.021277551020408,42,241,14.840989399293289,199,116098722.0,14317223.0,14317223.0,16584055.0,53.667861245091544
6a932b5bcd944524379ede54,E.T. MOHAMMED BASHEER,Lok Sabha,Kerala,MALAPPURAM,163895872.11,34451493.0,21.020354299635812,41,150,21.465968586387437,109,129444379.11,19026755.0,19026755.0,15424738.0,44.77233541083401
6a932b5bcd944524379edef4,Piyush Vedprakash Goyal,Lok Sabha,Maharashtra,MUMBAI NORTH,147000000.0,30848998.0,20.98571292517007,0,49,0.0,49,116151002.0,0.0,0.0,30848998.0,100.0
6a932b5bcd944524379edeb7,MADHAVANENI RAGHUNANDAN RAO,Lok Sabha,Telangana,MEDAK,147000000.0,30484168.0,20.73752925170068,41,141,22.52747252747253,100,116515832.0,22868518.0,22868518.0,7615650.0,24.982312130021064
6a932b5bcd944524379edfaf,Thiru Dayanidhi Maran,Lok Sabha,Tamil Nadu,CHENNAI CENTRAL,147000000.0,30478390.0,20.73359863945578,4,8,33.33333333333333,4,116521610.0,25568733.0,25568733.0,4909657.0,16.10864943981621
6a932b5ecd944524379ee262,Shri Masthan Rao Yadav Beedha (2024-28),Rajya Sabha,Andhra Pradesh,Sitting Rajya Sabha,171296045.11,35512349.0,20.731563870721754,40,80,33.33333333333333,40,135783696.11,29607698.0,29607698.0,5904651.0,16.627035851669515
6a932b5bcd944524379edf70,Shri Jugal Kishore Sharma,Lok Sabha,Jammu And Kashmir,JAMMU,147000000.0,30369749.0,20.659693197278912,45,169,21.02803738317757,124,116630251.0,14956356.0,14956356.0,15413393.0,50.75245435844729
6a932b5bcd944524379edf8a,Smt Aparajita Sarangi,Lok Sabha,Odisha,BHUBANESWAR,147420861.41,30447444.0,20.653416150731204,47,230,16.967509025270758,183,116973417.41,11453987.0,11453987.0,18993457.0,62.381121384113555
6a932b5bcd944524379ede26,DARSHAN SINGH CHOUDHARY,Lok Sabha,Madhya Pradesh,HOSHANGABAD,147000000.0,30022552.0,20.423504761904763,49,348,12.34256926952141,299,116977448.0,5286493.0,5286493.0,24736059.0,82.39159349278502
6a932b5ecd944524379ee24a,Shri Jayant Chaudhary (2022-28),Rajya Sabha,Uttar Pradesh,Sitting Rajya Sabha,214074707.67,43141697.0,20.15263618460883,8,16,33.33333333333333,8,170933010.67000002,16794438.0,16794438.0,26347259.0,61.071447884861826
6a932b5ecd944524379ee243,Shri Ilaiyaraaja (2022-28),Rajya Sabha,Tamil Nadu,Nominated Rajya Sabha,220563957.11,44381022.0,20.12161124669441,17,10,62.96296296296296,0,176182935.11,31948688.0,31948688.0,12432334.0,28.012725799779915
6a932b5ecd944524379ee2a9,Shri Subhash Barala (2024-30),Rajya Sabha,Haryana,Sitting Rajya Sabha,147000000.0,29532538.0,20.090161904761903,4,73,5.194805194805195,69,117467462.0,4163539.0,4163539.0,25368999.0,85.90185848571498
6a932b5bcd944524379eddcc,ANANTA NAYAK,Lok Sabha,Odisha,KEONJHAR,147000000.0,29211360.0,19.871673469387755,17,323,5.0,306,117788640.0,5050000.0,5050000.0,24161360.0,82.7122051147225
6a932b5bcd944524379eddb8,ADV K FRANCIS GEORGE,Lok Sabha,Kerala,KOTTAYAM,188722256.11,37467974.0,19.853500467989925,53,298,15.0997150997151,245,151254282.11,28048193.0,28048193.0,9419781.0,25.140886987911333
6a932b5bcd944524379edde1,Arvind Ganpat Sawant,Lok Sabha,Maharashtra,MUMBAI SOUTH,147000000.0,28859509.0,19.63231904761905,14,46,23.333333333333332,32,118140491.0,20872843.0,20872843.0,7986666.0,27.67429619124844
6a932b5bcd944524379ede3a,DR KALGE SHIVAJI BANDAPPA,Lok Sabha,Maharashtra,LATUR,147000000.0,28846420.0,19.623414965986395,26,89,22.60869565217391,63,118153580.0,21271865.0,21271865.0,7574555.0,26.258215057535732
6a932b5bcd944524379edfbe,Vijay Kumar Hansdak,Lok Sabha,Jharkhand,RAJMAHAL,147223957.11,28886697.0,19.62092146349319,0,468,0.0,468,118337260.11,0.0,0.0,28886697.0,100.0
6a932b5bcd944524379edee0,NARESH CHANDRA UTTAM PATEL,Lok Sabha,Uttar Pradesh,FATEHPUR,147000000.0,28783210.0,19.580414965986396,12,74,13.953488372093023,62,118216790.0,13540314.0,13540314.0,15242896.0,52.95759576503107
6a932b5ecd944524379ee299,Shri Samik Bhattacharya (2024-30),Rajya Sabha,West Bengal,Sitting Rajya Sabha,147000000.0,28774223.0,19.57430136054422,10,41,19.607843137254903,31,118225777.0,14142226.0,14142226.0,14631997.0,50.85105860199943
6a932b5bcd944524379edf2c,Ramvir Singh Bidhuri,Lok Sabha,Delhi,SOUTH DELHI,147559100.0,28849836.0,19.551377041470165,41,82,33.33333333333333,41,118709264.0,21147903.0,21147903.0,7701933.0,26.69662662900406
6a932b5bcd944524379edfa6,SURESH KUMAR SHETKAR,Lok Sabha,Telangana,ZAHIRABAD,147000000.0,28674768.0,19.506644897959184,64,291,18.028169014084508,227,118325232.0,12400782.0,12400782.0,16273986.0,56.75367975078299
6a932b5bcd944524379eddb5,Adv Adoor Prakash ,Lok Sabha,Kerala,ATTINGAL,147000000.0,28617364.0,19.46759455782313,108,337,24.269662921348313,229,118382636.0,26454623.0,26454623.0,2162741.0,7.557443096436136
6a932b5bcd944524379edfa8,T Sumathy (A) Thamizhachi Thangapandian ,Lok Sabha,Tamil Nadu,CHENNAI SOUTH,147000000.0,28530278.0,19.408352380952383,5,25,16.666666666666664,20,118469722.0,18246848.0,18246848.0,10283430.0,36.04391797374004
6a932b5ecd944524379ee1fd,Dr. Laxmikant Bajpayee (2022-28),Rajya Sabha,Uttar Pradesh,Sitting Rajya Sabha,196000000.0,37937707.0,19.35597295918367,4,62,6.0606060606060606,58,158062293.0,6012295.0,6012295.0,31925412.0,84.15219190764482
6a932b5bcd944524379ede87,K RADHAKRISHNAN,Lok Sabha,Kerala,ALATHUR,147000000.0,28066021.0,19.092531292517005,15,171,8.064516129032258,156,118933979.0,24293135.0,24293135.0,3772886.0,13.442895948805852
6a932b5ecd944524379ee1f1,Dr. Ashok Kumar Mittal (2022-28),Rajya Sabha,Punjab,Sitting Rajya Sabha,222487632.14,41939879.0,18.850431638199737,15,32,31.91489361702128,17,180547753.14,25534470.0,25534470.0,16405409.0,39.11649101324303
6a932b5bcd944524379edef6,Prabhubhai Nagarbhai Vasava,Lok Sabha,Gujarat,BARDOLI,147000000.0,27468376.0,18.68597006802721,62,253,19.682539682539684,191,119531624.0,19899308.0,19899308.0,7569068.0,27.55557154161571
6a932b5ecd944524379ee23a,Shri Govindbhai Laljibhai Dholakia (2024-30),Rajya Sabha,Gujarat,Sitting Rajya Sabha,147000000.0,27272966.0,18.553038095238097,44,78,36.0655737704918,34,119727034.0,17582444.0,17582444.0,9690522.0,35.531602980035245
6a932b5bcd944524379ede8b,KADIYAM KAVYA,Lok Sabha,Telangana,WARANGEL,147000000.0,27189421.0,18.49620476190476,53,161,24.766355140186917,108,119810579.0,19492958.0,19492958.0,7696463.0,28.306829336306944
6a932b5bcd944524379edf79,Shri Rajmohan Unnithan ,Lok Sabha,Kerala,KASARAGOD,156754633.11,28932795.0,18.45737789434069,56,151,27.053140096618357,95,127821838.11,13539308.0,13539308.0,15393487.0,53.20428600140429
6a932b5bcd944524379eddea,AZAD KIRTI JHA,Lok Sabha,West Bengal,BARDHAMAN-DURGAPUR,179658399.98,33156887.0,18.45551725034349,6,106,5.357142857142857,100,146501512.98,11925284.0,11925284.0,21231603.0,64.03376468967066
6a932b5ecd944524379ee293,Shri S. Jaishankar (2023-29),Rajya Sabha,Gujarat,Sitting Rajya Sabha,171500000.0,31616893.0,18.43550612244898,51,112,31.28834355828221,61,139883107.0,27596399.0,27596399.0,4020494.0,12.71628429776449
6a932b5bcd944524379edf10,RAHUL GANDHI,Lok Sabha,Uttar Pradesh,RAE BARELI,147000000.0,27068171.0,18.41372176870748,74,118,38.54166666666667,44,119931829.0,3829989.0,3829989.0,23238182.0,85.8505807429693
6a932b5bcd944524379eddd6,Anto Antony,Lok Sabha,Kerala,PATHANAMTHITTA,147000000.0,26984855.0,18.357044217687076,60,296,16.853932584269664,236,120015145.0,14782777.0,14782777.0,12202078.0,45.21824556774531
6a932b5bcd944524379edf73,Shri Kumbakudi Sudhakaran,Lok Sabha,Kerala,KANNUR,147000000.0,26785182.0,18.22121224489796,61,232,20.819112627986343,171,120214818.0,18190579.0,18190579.0,8594603.0,32.08715550262081
6a932b5bcd944524379edf55,SHAMBHAVI,Lok Sabha,Bihar,SAMASTIPUR,147000000.0,26689204.0,18.155921088435377,16,111,12.598425196850393,95,120310796.0,12853330.0,12853330.0,13835874.0,51.8407143202922
6a932b5bcd944524379edf51,SELJA,Lok Sabha,Haryana,SIRSA,147000000.0,26548478.0,18.060189115646256,59,251,19.032258064516128,192,120451522.0,12188846.0,12188846.0,14359632.0,54.088343595440755
6a932b5bcd944524379ede7c,Jaswantsinh Sumanbhai Bhabhor,Lok Sabha,Gujarat,DAHOD,147000000.0,26431145.0,17.980370748299322,68,327,17.21518987341772,259,120568855.0,20262293.0,20262293.0,6168852.0,23.33932941611118
6a932b5bcd944524379edf01,Praveen Khandelwal,Lok Sabha,Delhi,CHANDINI CHOWK,147470276.0,26487847.0,17.961481946368636,35,34,50.72463768115942,0,120982429.0,18719869.0,18719869.0,7767978.0,29.326573805715505
6a932b5bcd944524379eded8,MUKESHKUMAR CHANDRAKAANT DALAL,Lok Sabha,Gujarat,SURAT,147000000.0,26395724.0,17.956274829931974,92,128,41.81818181818181,36,120604276.0,22916852.0,22916852.0,3478872.0,13.17968016334767
6a932b5ecd944524379ee219,Shri Amar Pal Maurya (2024-30),Rajya Sabha,Uttar Pradesh,Sitting Rajya Sabha,147000000.0,26365566.0,17.93575918367347,18,120,13.043478260869565,102,120634434.0,14305309.0,14305309.0,12060257.0,45.742454381597575
6a932b5bcd944524379ede18,CHARANJIT SINGH CHANNI,Lok Sabha,Punjab,JALANDHAR,147000000.0,26344017.0,17.921100000000003,58,151,27.751196172248804,93,120655983.0,16142841.0,16142841.0,10201176.0,38.722932801022715
6a932b5bcd944524379ede60,GENIBEN NAGAJI THAKOR,Lok Sabha,Gujarat,BANASKANTHA,147000000.0,26332572.0,17.913314285714286,41,127,24.404761904761905,86,120667428.0,16146199.0,16146199.0,10186373.0,38.683547509145704
6a932b5bcd944524379eddaf,ABDUL RASHID SHEIKH,Lok Sabha,Jammu And Kashmir,BARAMULLAH,154773472.11,27714021.0,17.906182902134027,44,114,27.848101265822784,70,127059451.11,20833605.0,20833605.0,6880416.0,24.826480430248647
6a932b5bcd944524379edf20,RAJPALSINH MAHENDRASINH JADAV,Lok Sabha,Gujarat,PANCHMAHAL,147000000.0,26159198.0,17.795372789115646,89,372,19.3058568329718,283,120840802.0,18276551.0,18276551.0,7882647.0,30.13336647400276
6a932b5bcd944524379ede10,C.M.RAMESH,Lok Sabha,Andhra Pradesh,ANAKAPALLE,202531656.11,36002667.0,17.776315906114966,20,75,21.052631578947366,55,166528989.11,19053089.0,19053089.0,16949578.0,47.07867336605924
6a932b5bcd944524379ede32,Dilip Saikia,Lok Sabha,Assam,Darrang-Udalguri,147000000.0,26110389.0,17.762169387755105,5,225,2.1739130434782608,220,120889611.0,1700000.0,1700000.0,24410389.0,93.48918164336808
6a932b5bcd944524379edf8f,Smt Poonamben Hematbhai Maadam,Lok Sabha,Gujarat,JAMNAGAR,147000000.0,25917848.0,17.631189115646258,45,134,25.139664804469277,89,121082152.0,19856441.0,19856441.0,6061407.0,23.38699956879136
6a932b5bcd944524379edee5,NIMUBEN JAYANTIBHAI BAMBHANIYA,Lok Sabha,Gujarat,BHAVNAGAR,147000000.0,25662379.0,17.45740068027211,28,34,45.16129032258064,6,121337621.0,19168805.0,19168805.0,6493574.0,25.30386602115104
6a932b5bcd944524379edec5,MANISH TEWARI,Lok Sabha,Chandigarh,CHANDIGARH,178351443.75,31091008.0,17.43243976403191,31,81,27.67857142857143,50,147260435.75,15427535.0,15427535.0,15663473.0,50.37943124906082
6a932b5bcd944524379edf67,Shri Benny Behanan,Lok Sabha,Kerala,CHALAKUDY,164674770.11,28691022.0,17.42284017207668,13,157,7.647058823529412,144,135983748.11,12792868.0,12792868.0,15898154.0,55.4115987921239
6a932b5bcd944524379edee9,Om Birla,Lok Sabha,Rajasthan,KOTA,163906956.6,28500390.0,17.388151541092064,15,46,24.59016393442623,31,135406566.6,12085606.0,12085606.0,16414784.0,57.59494519197808
6a932b5ecd944524379ee27a,Shri Praful Patel (2024-30),Rajya Sabha,Maharashtra,Sitting Rajya Sabha,147000000.0,25340576.0,17.23848707482993,22,95,18.803418803418804,73,121659424.0,15664898.0,15664898.0,9675678.0,38.18254959950397
6a932b5bcd944524379edf93,Smt Sandhya Ray,Lok Sabha,Madhya Pradesh,BHIND,147000000.0,25218035.0,17.155125850340134,61,68,47.286821705426355,7,121781965.0,12175844.0,12175844.0,13042191.0,51.717713136650026
6a932b5bcd944524379edf96,Smt Supriya Sadanand Sule,Lok Sabha,Maharashtra,BARAMATI,147000000.0,25041557.0,17.035072789115645,10,116,7.936507936507936,106,121958443.0,7738002.0,7738002.0,17303555.0,69.09935751998168
6a932b5ecd944524379ee242,Shri I.S. Inbadurai (2025-31),Rajya Sabha,Tamil Nadu,Sitting Rajya Sabha,89248285.42,15065385.0,16.880307480533332,15,68,18.072289156626507,53,74182900.42,8485786.0,8485786.0,6579599.0,43.67362002365024
6a932b5bcd944524379edecd,MIAN ALTAF AHMAD,Lok Sabha,Jammu And Kashmir,ANANTNAG,147000000.0,24523857.0,16.682895918367347,14,113,11.023622047244094,99,122476143.0,6935236.0,6935236.0,17588621.0,71.72045164021303
6a932b5bcd944524379ede3f,Dr Sukanta Majumdar ,Lok Sabha,West Bengal,BALURGHAT,157085364.9,26156776.0,16.651313135791685,33,153,17.741935483870968,120,130928588.9,16283854.0,16283854.0,9872922.0,37.74517929885548
6a932b5bcd944524379ede6e,Harsh Malhotra,Lok Sabha,Delhi,EAST DELHI,147134131.0,24390277.0,16.5768994822826,51,61,45.535714285714285,10,122743854.0,21860766.0,21860766.0,2529511.0,10.370981026578749
6a932b5ecd944524379ee25e,Shri Manan Kumar Mishra (2024-28),Rajya Sabha,Bihar,Sitting Rajya Sabha,235263957.11,38457500.0,16.346532835889864,31,57,35.22727272727273,26,196806457.11,30091314.0,30091314.0,8366186.0,21.754367808619904
6a932b5bcd944524379edf7a,Shri Sarbananda Sonowal (18LS),Lok Sabha,Assam,DIBRUGARH,147000000.0,23919705.0,16.271908163265305,3,84,3.4482758620689653,81,123080295.0,2842773.0,2842773.0,21076932.0,88.11535092092481
6a932b5bcd944524379edee4,NILESH DNYANDEV LANKE,Lok Sabha,Maharashtra,AHMEDNAGAR,147000000.0,23809461.0,16.19691224489796,12,73,14.117647058823527,61,123190539.0,16354732.0,16354732.0,7454729.0,31.309944395633316
6a932b5bcd944524379edeb1,LAXMIKANT PAPPU NISHAD,Lok Sabha,Uttar Pradesh,SANT KABIR NAGAR,147000000.0,23806477.0,16.19488231292517,2,503,0.396039603960396,501,123193523.0,1998365.0,1998365.0,21808112.0,91.60579282688488
6a932b5bcd944524379edea9,Krishan Pal Gurjar,Lok Sabha,Haryana,FARIDABAD,147000000.0,23658961.0,16.094531292517004,6,76,7.317073170731707,70,123341039.0,4454659.0,4454659.0,19204302.0,81.1713667392241
6a932b5bcd944524379edfb8,Vaithilingam Ve,Lok Sabha,Puducherry,Puducherry,209368972.11,33557935.0,16.028131896434516,13,62,17.333333333333336,49,175811037.11,21280551.0,21280551.0,12277384.0,36.58563615431045
6a932b5bcd944524379ede58,G. KUMAR NAIK,Lok Sabha,Karnataka,RAICHUR,147000000.0,23521564.0,16.00106394557823,9,119,7.03125,110,123478436.0,6475548.0,6475548.0,17046016.0,72.46973883199263
6a932b5bcd944524379edde3,ASHISH DUBEY,Lok Sabha,Madhya Pradesh,JABALPUR,147000000.0,23263814.0,15.82572380952381,15,328,4.373177842565598,313,123736186.0,4832336.0,4832336.0,18431478.0,79.22810077487725
6a932b5ecd944524379ee24c,Shri Jose K. Mani (2024-30),Rajya Sabha,Kerala,Sitting Rajya Sabha,122500000.0,19384930.0,15.824432653061224,27,153,15.0,126,103115070.0,10476923.0,10476923.0,8908007.0,45.95325853639915
6a932b5ecd944524379ee25b,Shri Mahendra Bhatt (2024-30),Rajya Sabha,Uttarakhand,Sitting Rajya Sabha,147000000.0,23254909.0,15.819665986394558,11,108,9.243697478991598,97,123745091.0,11203014.0,11203014.0,12051895.0,51.82516517265236
6a932b5ecd944524379ee209,Dr. Sasmit Patra (2022-28),Rajya Sabha,Odisha,Sitting Rajya Sabha,196063957.11,31000333.0,15.81133700295946,42,263,13.77049180327869,221,165063624.11,21585064.0,21585064.0,9415269.0,30.371509235078214
6a932b5bcd944524379edde8,AVIMANYU SETHI,Lok Sabha,Odisha,BHADRAK,147000000.0,23107575.0,15.719438775510202,27,251,9.712230215827338,224,123892425.0,10250000.0,10250000.0,12857575.0,55.64225151276151
6a932b5bcd944524379edea0,Khalilur Rahaman ,Lok Sabha,West Bengal,JANGIPUR,147000000.0,23028217.0,15.6654537414966,31,76,28.971962616822427,45,123971783.0,19089367.0,19089367.0,3938850.0,17.104450596413955
6a932b5bcd944524379ede34,DINESHBHAI MAKWANA,Lok Sabha,Gujarat,AHMEDABAD WEST,160434965.11,25122452.0,15.658963108680917,2,205,0.966183574879227,203,135312513.11,8122452.0,8122452.0,17000000.0,67.6685540089797
6a932b5bcd944524379edee8,Nityanand Rai,Lok Sabha,Bihar,UJJARPUR,147000000.0,22994739.0,15.642679591836734,40,54,42.5531914893617,14,124005261.0,16494739.0,16494739.0,6500000.0,28.267335410939
6a932b5bcd944524379ededf,NARAYAN TATU RANE,Lok Sabha,Maharashtra,RATNAGIRI-SINDHUDURG,147000000.0,22993974.0,15.642159183673469,25,70,26.31578947368421,45,124006026.0,17520224.0,17520224.0,5473750.0,23.805149992776368
6a932b5bcd944524379edf2e,Rao Inderjit Singh,Lok Sabha,Haryana,GURGAON,147000000.0,22744840.0,15.472680272108844,14,34,29.166666666666668,20,124255160.0,15180698.0,15180698.0,7564142.0,33.25651884119651
6a932b5ecd944524379ee253,Shri Kesridevsinh Jhala (2023-29),Rajya Sabha,Gujarat,Sitting Rajya Sabha,171500000.0,26513551.0,15.459796501457726,21,123,14.583333333333334,102,144986449.0,11956415.0,11956415.0,14557136.0,54.90451279045949
6a932b5bcd944524379ede42,DR. KIRSAN NAMDEO,Lok Sabha,Maharashtra,GADCHIROLI-CHIMUR,147000000.0,22599453.0,15.37377755102041,18,148,10.843373493975903,130,124400547.0,16072206.0,16072206.0,6527247.0,28.88232294825897
6a932b5bcd944524379edf6d,Shri Hibi Eden,Lok Sabha,Kerala,ERNAKULAM,162177260.11,24928980.0,15.37143985728419,18,94,16.071428571428573,76,137248280.11,20145979.0,20145979.0,4783001.0,19.186509034866248
6a932b5ecd944524379ee26a,Shri Narain Dass Gupta (2024-30),Rajya Sabha,Delhi,Sitting Rajya Sabha,160837070.0,24703922.0,15.359594650661071,11,41,21.153846153846153,30,136133148.0,18500703.0,18500703.0,6203219.0,25.11025982028279
6a932b5bcd944524379eddda,Appalanaidu Kalisetti,Lok Sabha,Andhra Pradesh,VIZIANAGARAM,147000000.0,22325622.0,15.187497959183672,36,67,34.95145631067961,31,124674378.0,13915411.0,13915411.0,8410211.0,37.67066825730544
6a932b5ecd944524379ee273,Shri P. P. Suneer (2024-30),Rajya Sabha,Kerala,Sitting Rajya Sabha,122500000.0,18439441.0,15.052604897959185,19,69,21.59090909090909,50,104060559.0,10661718.0,10661718.0,7777723.0,42.179819876318376
6a932b5ecd944524379ee283,Shri Rajeev Shukla (2022-28),Rajya Sabha,Chhattisgarh,Sitting Rajya Sabha,271174394.23,40599928.0,14.971888520405304,4,26,13.333333333333334,22,230574466.23,31540000.0,31540000.0,9059928.0,22.315133169694292
6a932b5ecd944524379ee2bc,Smt. Jaya Amitabh Bachchan (2024-30),Rajya Sabha,Uttar Pradesh,Sitting Rajya Sabha,147000000.0,21904185.0,14.900806122448978,10,13,43.47826086956522,3,125095815.0,19565958.0,19565958.0,2338227.0,10.6747957068478
6a932b5bcd944524379edeea,Omprakash Bhupalsinh Alias Pawan Rajenimbalkar,Lok Sabha,Maharashtra,OSMANABAD,184758519.11,27342263.0,14.798918681374138,29,164,15.025906735751295,135,157416256.11,19682980.0,19682980.0,7659283.0,28.012615488337595
6a932b5bcd944524379edf26,RAMASAHAYAM RAGHURAM REDDY,Lok Sabha,Telangana,KHAMMAM,147000000.0,21423748.0,14.573978231292518,18,194,8.49056603773585,176,125576252.0,8211610.0,8211610.0,13212138.0,61.67052562418116
6a932b5ecd944524379ee281,Shri Raghav Chadha (2022-28),Rajya Sabha,Punjab,Sitting Rajya Sabha,237229207.25,34558312.0,14.567477757315652,4,2,66.66666666666666,0,202670895.25,7086378.0,7086378.0,27471934.0,79.49443248269765
6a932b5ecd944524379ee2c8,Smt. Rekha Sharma (2024-28),Rajya Sabha,Haryana,Sitting Rajya Sabha,98000000.0,14183077.0,14.47252755102041,1,144,0.6896551724137931,143,83816923.0,487913.0,487913.0,13695164.0,96.55989317409755
6a932b5bcd944524379ede4c,DR. SHARMILA SARKAR,Lok Sabha,West Bengal,BARDHAMAN PURBA,147000000.0,21224009.0,14.438101360544216,17,94,15.315315315315312,77,125775991.0,13306505.0,13306505.0,7917504.0,37.30446966923167
6a932b5bcd944524379edf7d,Shri Sudheer Gupta ,Lok Sabha,Madhya Pradesh,MANDSOUR,148988014.83,21420844.0,14.3775618625712,60,163,26.905829596412556,103,127567170.83,8994846.0,8994846.0,12425998.0,58.0089094528675
6a932b5bcd944524379edec6,MANJU SHARMA,Lok Sabha,Rajasthan,JAIPUR,167082901.11,23994861.0,14.36105121505093,15,54,21.73913043478261,39,143088040.11,14282689.0,14282689.0,9712172.0,40.47605026759688
6a932b5ecd944524379ee23f,Shri Haris Beeran (2024-30),Rajya Sabha,Kerala,Sitting Rajya Sabha,122500000.0,17480985.0,14.270191836734694,9,207,4.166666666666666,198,105019015.0,9042179.0,9042179.0,8438806.0,48.27420193999365
6a932b5bcd944524379eddba,AGA SYED RUHULLAH MEHDI,Lok Sabha,Jammu And Kashmir,SRINAGAR,147000000.0,20822671.0,14.16508231292517,62,136,31.313131313131315,74,126177329.0,19392971.0,19392971.0,1429700.0,6.866074001745501
6a932b5bcd944524379edefb,Pralhad Venkatesh Joshi,Lok Sabha,Karnataka,DHARWAD,147000000.0,20761060.0,14.12317006802721,28,174,13.861386138613865,146,126238940.0,12859023.0,12859023.0,7902037.0,38.061818616197826
6a932b5bcd944524379eddf6,Bansuri Swaraj,Lok Sabha,Delhi,NEW DELHI,154306950.0,21775293.0,14.111673518269916,41,69,37.27272727272727,28,132531657.0,19856755.0,19856755.0,1918538.0,8.810618529909103
6a932b5bcd944524379eddc7,Amol Ramsing Kolhe,Lok Sabha,Maharashtra,SHIRUR,147000000.0,20561770.0,13.98759863945578,15,96,13.513513513513514,81,126438230.0,14981153.0,14981153.0,5580617.0,27.140742261001847
6a932b5bcd944524379ede9d,KARTICK CHANDRA PAUL,Lok Sabha,West Bengal,RAIGANJ,202677986.56,28148611.0,13.888341540074949,99,302,24.68827930174563,203,174529375.56,25731440.0,25731440.0,2417171.0,8.587176823751623
6a932b5bcd944524379edf5a,SHIVMANGAL SINGH TOMAR,Lok Sabha,Madhya Pradesh,MORENA,147000000.0,20290158.0,13.802828571428572,28,38,42.42424242424242,10,126709842.0,7818529.0,7818529.0,12471629.0,61.46639666384066
6a932b5bcd944524379edfc4,VISHAL,Lok Sabha,Maharashtra,SANGLI,147000000.0,19819890.0,13.482918367346938,11,73,13.095238095238097,62,127180110.0,10964597.0,10964597.0,8855293.0,44.6788201145415
6a932b5bcd944524379eded9,MURARI LAL MEENA,Lok Sabha,Rajasthan,DAUSA,147000000.0,19705174.0,13.404880272108844,16,96,14.285714285714285,80,127294826.0,10249548.0,10249548.0,9455626.0,47.9854986309687
6a932b5ecd944524379ee263,Shri Mayankkumar Nayak (2024-30),Rajya Sabha,Gujarat,Sitting Rajya Sabha,147000000.0,19560868.0,13.306712925170066,20,151,11.695906432748536,131,127439132.0,9196089.0,9196089.0,10364779.0,52.98731630927625
6a932b5bcd944524379ede01,BHAUSAHEB RAJARAM WAKCHAURE,Lok Sabha,Maharashtra,SHIRDI,147000000.0,19420448.0,13.211189115646258,11,126,8.02919708029197,115,127579552.0,8130314.0,8130314.0,11290134.0,58.13529121470318
6a932b5bcd944524379edf47,Sanjay Uttamrao Deshmukh,Lok Sabha,Maharashtra,YAVATMAL-WASHIM,185640423.0,24518118.0,13.207316382811731,23,101,18.548387096774192,78,161122305.0,14389957.0,14389957.0,10128161.0,41.30888431159357
6a932b5ecd944524379ee239,Shri Golla Baburao (2024-30),Rajya Sabha,Andhra Pradesh,Sitting Rajya Sabha,147000000.0,19348372.0,13.162157823129252,2,42,4.545454545454546,40,127651628.0,1998433.0,1998433.0,17349939.0,89.6713118809169
6a932b5ecd944524379ee292,Shri S Niranjan Reddy (2022-28),Rajya Sabha,Andhra Pradesh,Sitting Rajya Sabha,224621383.11,29522116.0,13.143056814650024,3,16,15.789473684210526,13,195099267.11,5657203.0,5657203.0,23864913.0,80.83740677666871
6a932b5bcd944524379ededb,MURLIDHAR MOHOL,Lok Sabha,Maharashtra,PUNE,147000000.0,18945481.0,12.88808231292517,12,87,12.12121212121212,75,128054519.0,11996657.0,11996657.0,6948824.0,36.678002527357314
6a932b5bcd944524379edecb,Manoj Tiwari,Lok Sabha,Delhi,NORTH EAST DELHI,225843858.0,28650238.0,12.685861042986607,6,17,26.08695652173913,11,197193620.0,5756284.0,5756284.0,22893954.0,79.90842519353592
6a932b5bcd944524379eddd9,Anurag Singh Thakur,Lok Sabha,Himachal Pradesh,HAMIRPUR,149570117.11,18576823.0,12.42014338087189,45,162,21.73913043478261,117,130993294.11,6497496.0,6497496.0,12079327.0,65.02364263254272
6a932b5ecd944524379ee21d,Shri Ashok Singh (2024-30),Rajya Sabha,Madhya Pradesh,Sitting Rajya Sabha,147000000.0,18068265.0,12.291336734693878,11,99,10.0,88,128931735.0,5151752.0,5151752.0,12916513.0,71.48729000819945
6a932b5bcd944524379edf05,PRIYANKA SATISH JARKIHOLI,Lok Sabha,Karnataka,CHIKKODI,147000000.0,17958285.0,12.216520408163266,16,143,10.062893081761008,127,129041715.0,11270925.0,11270925.0,6687360.0,37.23829975969309
6a932b5bcd944524379eddef,BAIJAYANT PANDA,Lok Sabha,Odisha,KENDRAPARA,147000000.0,17127535.0,11.651384353741497,8,48,14.285714285714285,40,129872465.0,6418056.0,6418056.0,10709479.0,62.52784770254447
6a932b5bcd944524379edec8,MANOHAR LAL,Lok Sabha,Haryana,KARNAL,147000000.0,16619897.0,11.30605238095238,1,19,5.0,18,130380103.0,495787.0,495787.0,16124110.0,97.01690690381535
6a932b5ecd944524379ee274,Shri P. Wilson (2025-31),Rajya Sabha,Tamil Nadu,Sitting Rajya Sabha,89248285.42,9998159.0,11.20263426120618,1,34,2.857142857142857,33,79250126.42,4998159.0,4998159.0,5000000.0,50.009206694952546
6a932b5bcd944524379ede07,BIBHU PRASAD TARAI,Lok Sabha,Odisha,JAGATSINGHPUR,147000000.0,16233683.0,11.043321768707482,15,324,4.424778761061947,309,130766317.0,4139608.0,4139608.0,12094075.0,74.49988397580512
6a932b5bcd944524379edfb9,VAMSI KRISHNA GADDAM,Lok Sabha,Telangana,PEDDAPALLE,148451721.11,16373473.0,11.029493546839754,9,62,12.676056338028168,53,132078248.11,7049840.0,7049840.0,9323633.0,56.943526886446136
6a932b5bcd944524379edf82,SHRIMANT CHH UDAYANRAJE PRATAPSINHAMAHARAJ BHONSLE,Lok Sabha,Maharashtra,SATARA,147000000.0,16135149.0,10.976291836734694,16,118,11.940298507462686,102,130864851.0,11976649.0,11976649.0,4158500.0,25.772925927117253
6a932b5bcd944524379edfba,VARUN CHAUDHRY,Lok Sabha,Haryana,AMBALA,255454264.0,28023758.0,10.97016646392718,3,154,1.910828025477707,151,227430506.0,706632.0,706632.0,27317126.0,97.47845381765
6a932b5bcd944524379edfa4,SURESH GOPI,Lok Sabha,Kerala,THRISSUR,147000000.0,16001891.0,10.88564013605442,15,75,16.666666666666664,60,130998109.0,13209096.0,13209096.0,2792795.0,17.45290603466803
6a932b5bcd944524379edf54,SHAFI PARAMBIL,Lok Sabha,Kerala,VADAKARA,147000000.0,15909800.0,10.822993197278912,15,228,6.172839506172839,213,131090200.0,1512000.0,1512000.0,14397800.0,90.49642358797723
6a932b5bcd944524379edf25,Ram Shiromani,Lok Sabha,Uttar Pradesh,SHRAWASTI,151746878.11,16300060.0,10.741611427540686,0,1356,0.0,1356,135446818.11,0.0,0.0,16300060.0,100.0
6a932b5bcd944524379ede55,EATALA RAJENDER,Lok Sabha,Telangana,MALKAJGIRI,327477390.86,34708670.0,10.598798869396854,29,268,9.764309764309765,239,292768720.86,16792312.0,16792312.0,17916358.0,51.619258242969266
6a932b5bcd944524379ede0b,BISHNU PADA RAY,Lok Sabha,Andaman And Nicobar Islands,ANDAMAN AND NICOBAR ISLANDS,147000000.0,15498347.0,10.543093197278912,0,27,0.0,27,131501653.0,0.0,0.0,15498347.0,100.0
6a932b5bcd944524379edf83,Shripad Yesso Naik,Lok Sabha,Goa,NORTH GOA,147000000.0,15476370.0,10.528142857142855,1,110,0.9009009009009008,109,131523630.0,3108723.0,3108723.0,12367647.0,79.91309977727336
6a932b5bcd944524379edf3e,SAGAR ESHWAR KHANDRE,Lok Sabha,Karnataka,BIDAR,147000000.0,15422826.0,10.49171836734694,5,173,2.8089887640449436,168,131577174.0,1850747.0,1850747.0,13572079.0,87.99994890689943
6a932b5bcd944524379edeab,Krishna Prasad Tenneti,Lok Sabha,Andhra Pradesh,BAPATLA,167796849.11,17516616.0,10.43918052866231,6,118,4.838709677419355,112,150280233.11,2878395.0,2878395.0,14638221.0,83.56763087116826
6a932b5bcd944524379edded,BACHHAV SHOBHA DINESH,Lok Sabha,Maharashtra,DHULE,147000000.0,15115446.0,10.282616326530611,15,79,15.95744680851064,64,131884554.0,14191877.0,14191877.0,923569.0,6.11010088620607
6a932b5bcd944524379ede2d,DHANORKAR PRATIBHA SURESH ALIAS BALUBHAU,Lok Sabha,Maharashtra,CHANDRAPUR,147000000.0,14990871.0,10.197871428571428,7,69,9.210526315789473,62,132009129.0,7831889.0,7831889.0,7158982.0,47.75561073135777
6a932b5bcd944524379eddf1,BALABHADRA MAJHI,Lok Sabha,Odisha,NABARANGPUR,147413962.11,14970212.0,10.155219889435749,20,200,9.090909090909092,180,132443750.11,8646556.0,8646556.0,6323656.0,42.24159283783022
6a932b5bcd944524379ede53,E. TUKARAM,Lok Sabha,Karnataka,BELLARY,147000000.0,14871722.0,10.11681768707483,2,89,2.197802197802198,87,132128278.0,988344.0,988344.0,13883378.0,93.35420605629932
6a932b5bcd944524379ede22,Daggubati Purandeshwari,Lok Sabha,Andhra Pradesh,RAJAHMUNDRY,147000000.0,14394558.0,9.792216326530612,3,26,10.344827586206897,23,132605442.0,4989014.0,4989014.0,9405544.0,65.34097121981793
6a932b5bcd944524379eddf2,Balashowry Vallabbhaneni,Lok Sabha,Andhra Pradesh,MACHILIPATNAM,147000000.0,14363941.0,9.77138843537415,9,52,14.754098360655735,43,132636059.0,3302774.0,3302774.0,11061167.0,77.00649146358927
6a932b5bcd944524379edf2f,Rao Rajendra Singh,Lok Sabha,Rajasthan,JAIPUR RURAL,147000000.0,14160844.0,9.633227210884352,10,94,9.615384615384617,84,132839156.0,7169783.0,7169783.0,6991061.0,49.36895710453417
6a932b5bcd944524379edf06,Prof Sougata Ray,Lok Sabha,West Bengal,DUM DUM,147000000.0,14046615.0,9.555520408163265,12,40,23.076923076923077,28,132953385.0,7819386.0,7819386.0,6227229.0,44.3325954331346
6a932b5bcd944524379edf88,SMITA UDAY WAGH,Lok Sabha,Maharashtra,JALGAON,148107373.11,14030677.0,9.473314329583951,9,1,90.0,0,134076696.11,14030677.0,14030677.0,0.0,0.0
6a932b5bcd944524379ede48,DR. PRASHANT YADAORAO PADOLE,Lok Sabha,Maharashtra,BHANDARA-GONDIYA,159680283.39,14961080.0,9.369397199439678,8,144,5.263157894736842,136,144719203.39,5272033.0,5272033.0,9689047.0,64.76168164330383
6a932b5bcd944524379eddd3,ANITA SUBHADARSHINI,Lok Sabha,Odisha,ASKA,147000000.0,13418448.0,9.128195918367348,17,123,12.142857142857142,106,133581552.0,7200000.0,7200000.0,6218448.0,46.34252783928514
6a932b5bcd944524379edf78,Shri PP Chaudhary,Lok Sabha,Rajasthan,PALI,147000000.0,13376714.0,9.099805442176873,8,34,19.047619047619047,26,133623286.0,5035442.0,5035442.0,8341272.0,62.35665949051463
6a932b5ecd944524379ee2a1,Shri Sanjay Singh (2024-30),Rajya Sabha,Delhi,Sitting Rajya Sabha,184466426.11,16687160.0,9.046177319036474,16,85,15.84158415841584,69,167779266.11,11222682.0,11222682.0,5464478.0,32.74660277722513
6a932b5ecd944524379ee20e,Dr. V. Sivadasan (2021-27),Rajya Sabha,Kerala,Sitting Rajya Sabha,276720323.27,24863346.0,8.985009017838014,14,49,22.22222222222222,35,251856977.27,8594508.0,8594508.0,16268838.0,65.43301935306695
6a932b5bcd944524379edf2a,Ramesh Chandappa Jigajinagi,Lok Sabha,Karnataka,BIJAPUR,269500000.0,24205222.0,8.981529499072357,0,362,0.0,362,245294778.0,0.0,0.0,24205222.0,100.0
6a932b5bcd944524379ede94,KAMAKHYA PRASAD TASA,Lok Sabha,Assam,Kaziranga,147000000.0,13130033.0,8.931995238095238,0,88,0.0,88,133869967.0,0.0,0.0,13130033.0,100.0
6a932b5bcd944524379ede95,Kamaljeet Sehrawat,Lok Sabha,Delhi,WEST DELHI,147000000.0,13075365.0,8.89480612244898,31,32,49.2063492063492,1,133924635.0,12116129.0,12116129.0,959236.0,7.336208205277635
6a932b5bcd944524379eddfc,BHARAT SINGH KUSHWAH,Lok Sabha,Madhya Pradesh,GWALIOR,151455276.04,13426652.0,8.865093611168726,4,112,3.4482758620689653,108,138028624.04,2987672.0,2987672.0,10438980.0,77.7481981360655
6a932b5bcd944524379ede44,DR. M.P ABDUSSAMAD SAMADANI,Lok Sabha,Kerala,PONNANI,170434031.11,15076499.0,8.845944029962807,48,276,14.814814814814811,228,155357532.11,11730005.0,11730005.0,3346494.0,22.196758013912913
6a932b5bcd944524379edf32,Ravindra Shyamnarayan Alias Ravi Kishan Shukla,Lok Sabha,Uttar Pradesh,GORAKHPUR,147000000.0,12572509.0,8.552727210884353,0,9,0.0,9,134427491.0,0.0,0.0,12572509.0,100.0
6a932b5bcd944524379edfa9,TANGELLA UDAY SRINIVAS,Lok Sabha,Andhra Pradesh,KAKINADA,199417886.76,16907864.0,8.47860955439201,6,16,27.27272727272727,10,182510022.76,13752233.0,13752233.0,3155631.0,18.66368809212092
6a932b5bcd944524379ede39,Dr Jayanta Kumar Roy,Lok Sabha,West Bengal,JALPAIGURI,147000000.0,12082736.0,8.219548299319728,2,16,11.11111111111111,14,134917264.0,5863559.0,5863559.0,6219177.0,51.47159550618336
6a932b5bcd944524379edeb8,Magunta Sreenivasulu Reddy,Lok Sabha,Andhra Pradesh,ONGOLE,147000000.0,11878734.0,8.08077142857143,1,18,5.263157894736842,17,135121266.0,2500000.0,2500000.0,9378734.0,78.95398617394748
6a932b5bcd944524379edf71,Shri Jyotirmay Singh Mahato ,Lok Sabha,West Bengal,PURULIA,147000000.0,11711831.0,7.967231972789116,15,92,14.018691588785046,77,135288169.0,5667015.0,5667015.0,6044816.0,51.61290322580645
6a932b5bcd944524379edf62,Shri Amit Shah,Lok Sabha,Gujarat,GANDHINAGAR,147000000.0,11529274.0,7.8430435374149665,22,96,18.64406779661017,74,135470726.0,4147274.0,4147274.0,7382000.0,64.02831609345047
6a932b5bcd944524379edeca,MANOJ TIGGA,Lok Sabha,West Bengal,ALIPURDUARS,147000000.0,11379773.0,7.741342176870749,0,90,0.0,90,135620227.0,0.0,0.0,11379773.0,100.0
6a932b5ecd944524379ee21f,Shri Ashwini Vaishnaw (2024-30),Rajya Sabha,Odisha,Sitting Rajya Sabha,265563957.11,20469117.0,7.707791833935292,4,13,23.52941176470588,9,245094840.11,4178264.0,4178264.0,16290853.0,79.587473167504
6a932b5bcd944524379edead,KULDEEP INDORA,Lok Sabha,Rajasthan,GANGANAGAR,147000000.0,11236750.0,7.644047619047618,2,90,2.1739130434782608,88,135763250.0,1598794.0,1598794.0,9637956.0,85.77174004939151
6a932b5bcd944524379edfc6,Vishnu Dutt Sharma,Lok Sabha,Madhya Pradesh,KHAJURAHO,147000000.0,11209947.0,7.625814285714286,3,132,2.2222222222222223,129,135790053.0,4909947.0,4909947.0,6300000.0,56.20008729746894
6a932b5bcd944524379edde2,Asaduddin Owaisi,Lok Sabha,Telangana,HYDERABAD,147000000.0,11172317.0,7.600215646258503,1,17,5.555555555555555,16,135827683.0,5656600.0,5656600.0,5515717.0,49.36949963020204
6a932b5bcd944524379edfcb,Yogendra Chandoliya,Lok Sabha,Delhi,NORTH WEST DELHI,147876307.0,10961614.0,7.412691202790181,11,48,18.64406779661017,37,136914693.0,10222872.0,10222872.0,738742.0,6.739354259327139
6a932b5ecd944524379ee25f,Shri Manas Ranjan Mangaraj (2022-28),Rajya Sabha,Odisha,Sitting Rajya Sabha,196063957.11,13305000.0,6.7860509377230125,23,105,17.96875,82,182758957.11,9405000.0,9405000.0,3900000.0,29.312288613303267
6a932b5bcd944524379ede75,JAGADISH SHETTAR,Lok Sabha,Karnataka,BELGAUM,147000000.0,9847651.0,6.69908231292517,1,171,0.5813953488372093,170,137152349.0,499705.0,499705.0,9347946.0,94.92564267356754
6a932b5bcd944524379edf98,Sribharat MathuKumli,Lok Sabha,Andhra Pradesh,VISAKHAPATNAM,164841922.0,10903207.0,6.614341101895184,0,40,0.0,40,153938715.0,0.0,0.0,10903207.0,100.0
6a932b5bcd944524379ede2e,DHARMENDRA PRADHAN,Lok Sabha,Odisha,SAMBALPUR,147000000.0,9704141.0,6.601456462585034,2,116,1.694915254237288,114,137295859.0,5753000.0,5753000.0,3951141.0,40.71603040392756
6a932b5bcd944524379edeeb,P C Mohan,Lok Sabha,Karnataka,BANGALORE CENTRAL,159995711.11,10439505.0,6.5248655276907055,2,17,10.526315789473683,15,149556206.11,5339505.0,5339505.0,5100000.0,48.8528910135107
6a932b5bcd944524379edf75,Shri M K Raghavan,Lok Sabha,Kerala,KOZHIKODE,147000000.0,9365325.0,6.3709693877551015,14,254,5.223880597014925,240,137634675.0,5064335.0,5064335.0,4300990.0,45.924620875410085
6a932b5bcd944524379edfb2,TRIVENDRA SINGH RAWAT,Lok Sabha,Uttarakhand,HARDWAR,147000000.0,9309458.0,6.33296462585034,3,41,6.8181818181818175,38,137690542.0,1297156.0,1297156.0,8012302.0,86.06625648883104
6a932b5bcd944524379edf0b,RABINDRA NARAYAN BEHERA,Lok Sabha,Odisha,JAJPUR,147064617.11,9146086.0,6.219093470429394,3,190,1.5544041450777202,187,137918531.11,600000.0,600000.0,8546086.0,93.43981676970893
6a932b5ecd944524379ee2a6,Shri Satnam Singh Sandhu (2024-30),Rajya Sabha,Chandigarh,Nominated Rajya Sabha,147000000.0,9104144.0,6.193295238095238,4,20,16.666666666666664,16,137895856.0,3379051.0,3379051.0,5725093.0,62.88447326843688
6a932b5ecd944524379ee21e,Shri Ashokrao Shankarrao Chavan (2024-30),Rajya Sabha,Maharashtra,Sitting Rajya Sabha,147000000.0,8968982.0,6.101348299319728,2,31,6.0606060606060606,29,138031018.0,1497419.0,1497419.0,7471563.0,83.30447089758904
6a932b5bcd944524379ede73,ISHA KHAN CHOUDHURY,Lok Sabha,West Bengal,MALDAHA DAKSHIN,147000000.0,8567025.0,5.827908163265306,25,99,20.161290322580644,74,138432975.0,8567025.0,8567025.0,0.0,0.0
6a932b5bcd944524379edefc,PRANITI SUSHILKUMAR SHINDE,Lok Sabha,Maharashtra,SOLAPUR,147000000.0,8440395.0,5.741765306122449,2,122,1.6129032258064515,120,138559605.0,1498751.0,1498751.0,6941644.0,82.24311776877741
6a932b5bcd944524379ede41,DR. HEMANT VISHNU SAVARA,Lok Sabha,Maharashtra,PALGHAR,147000000.0,8415952.0,5.725137414965986,1,84,1.1764705882352942,83,138584048.0,991449.0,991449.0,7424503.0,88.21940762019555
6a932b5bcd944524379edef2,PATHAN YUSUF,Lok Sabha,West Bengal,BAHARAMPUR,147000000.0,7860897.0,5.347548979591837,1,144,0.6896551724137931,143,139139103.0,2000000.0,2000000.0,5860897.0,74.55761091895747
6a932b5bcd944524379eddd1,ANIL YESHWANT DESAI,Lok Sabha,Maharashtra,MUMBAI SOUTH CENTRAL,147000000.0,7792570.0,5.301068027210885,0,34,0.0,34,139207430.0,0.0,0.0,7792570.0,100.0
6a932b5bcd944524379ede2c,Dhairyasheel Sambhajirao Mane,Lok Sabha,Maharashtra,HATKANANGLE,147000000.0,7519206.0,5.115106122448979,4,13,23.52941176470588,9,139480794.0,6519206.0,6519206.0,1000000.0,13.299276545954452
6a932b5bcd944524379eddfb,BHAJAN LAL JATAV,Lok Sabha,Rajasthan,KARAULI-DHOLPUR,147000000.0,7253086.0,4.934072108843537,11,41,21.153846153846153,30,139746914.0,6694517.0,6694517.0,558569.0,7.701121977596846
6a932b5ecd944524379ee233,Shri Devendra Pratap Singh (2024-30),Rajya Sabha,Chhattisgarh,Sitting Rajya Sabha,170837637.76,8275468.0,4.844054336331746,3,14,17.647058823529413,11,162562169.76,2243280.0,2243280.0,6032188.0,72.89240922688603
6a932b5ecd944524379ee257,Shri Lahar Singh Siroya (2022-28),Rajya Sabha,Karnataka,Sitting Rajya Sabha,206278088.11,9964305.0,4.830520338489093,2,14,12.5,12,196313783.11,1997659.0,1997659.0,7966646.0,79.95184812187102
6a932b5bcd944524379edeae,KUNDURU RAGHUVEER,Lok Sabha,Telangana,NALGONDA,162952022.0,7766945.0,4.766399891619633,6,23,20.689655172413794,17,155185077.0,6267418.0,6267418.0,1499527.0,19.306522706160532
6a932b5bcd944524379eded3,MOHITE PATIL DHAIRYASHEEL RAJSINH,Lok Sabha,Maharashtra,MADHA,195613601.7,8828612.0,4.513291470160585,41,218,15.83011583011583,177,186784989.7,8828612.0,8828612.0,0.0,0.0
6a932b5bcd944524379edf86,Sivanath Kesineni,Lok Sabha,Andhra Pradesh,VIJAYAWADA,147000000.0,6329561.0,4.305823809523809,1,28,3.4482758620689653,27,140670439.0,3290032.0,3290032.0,3039529.0,48.02116608087038
6a932b5bcd944524379ede52,Dushyant Singh,Lok Sabha,Rajasthan,JHALAWAR-BARAN,147000000.0,6025816.0,4.099194557823129,0,27,0.0,27,140974184.0,0.0,0.0,6025816.0,100.0
6a932b5bcd944524379ede9f,Khagen Murmu,Lok Sabha,West Bengal,MALDAHA UTTAR,147000000.0,6003169.0,4.08378843537415,7,31,18.421052631578945,24,140996831.0,6003169.0,6003169.0,0.0,0.0
6a932b5bcd944524379edf7c,Shri Shantanu Thakur ,Lok Sabha,West Bengal,BANGAON,147000000.0,5993836.0,4.077439455782312,8,50,13.79310344827586,42,141006164.0,5993836.0,5993836.0,0.0,0.0
6a932b5bcd944524379edf42,SANJAY DINA PATIL,Lok Sabha,Maharashtra,MUMBAI NORTH EAST,147000000.0,5955517.0,4.0513721088435375,0,40,0.0,40,141044483.0,0.0,0.0,5955517.0,100.0
6a932b5ecd944524379ee2aa,Shri Subhasish Khuntia (2024-30),Rajya Sabha,Odisha,Sitting Rajya Sabha,147000000.0,5720036.0,3.891180952380952,3,219,1.351351351351351,216,141279964.0,1600000.0,1600000.0,4120036.0,72.02814807459254
6a932b5bcd944524379edf90,Smt Raksha Nikhil Khadse,Lok Sabha,Maharashtra,RAVER,153112586.11,5871973.0,3.8350687877359895,3,6,33.33333333333333,3,147240613.11,5871973.0,5871973.0,0.0,0.0
6a932b5bcd944524379eded1,Mohamed Haneefa,Lok Sabha,Ladakh,LADAKH,161114542.0,6009392.0,3.729888019667399,0,55,0.0,55,155105150.0,0.0,0.0,6009392.0,100.0
6a932b5bcd944524379edeed,PARIMAL SUKLABAIDYA,Lok Sabha,Assam,SILCHAR,148300157.11,5511762.0,3.716625867032434,0,153,0.0,153,142788395.11,0.0,0.0,5511762.0,100.0
6a932b5bcd944524379edf85,Shyamkumar,Lok Sabha,Maharashtra,RAMTEK,147000000.0,5141086.0,3.4973374149659864,1,34,2.857142857142857,33,141858914.0,981253.0,981253.0,4159833.0,80.91350737956921
6a932b5bcd944524379ede15,Chandra Prakash Joshi,Lok Sabha,Rajasthan,CHITTORGARH,147000000.0,4862785.0,3.3080170068027206,10,186,5.1020408163265305,176,142137215.0,3277114.0,3277114.0,1585671.0,32.60828928278754
6a932b5bcd944524379edea4,Kishan Reddy Gangapuram,Lok Sabha,Telangana,SECUNDERABAD,147000000.0,4754322.0,3.2342326530612246,0,38,0.0,38,142245678.0,0.0,0.0,4754322.0,100.0
6a932b5ecd944524379ee24b,Shri Jogen Mohan (2026-32),Rajya Sabha,Assam,Sitting Rajya Sabha,49000000.0,1500000.0,3.061224489795918,0,22,0.0,22,47500000.0,0.0,0.0,1500000.0,100.0
6a932b5bcd944524379edf52,SELVAGANAPATHI T M,Lok Sabha,Tamil Nadu,SALEM,147000000.0,4244214.0,2.8872204081632655,0,17,0.0,17,142755786.0,0.0,0.0,4244214.0,100.0
6a932b5bcd944524379edf94,Smt Sangeeta Kumari Singh Deo,Lok Sabha,Odisha,BOLANGIR,147000000.0,4193424.0,2.852669387755102,3,225,1.3157894736842104,222,142806576.0,1000000.0,1000000.0,3193424.0,76.15313881925604
6a932b5bcd944524379eddbd,Ajay Tamta,Lok Sabha,Uttarakhand,ALMORA,147000000.0,4091663.0,2.783444217687075,3,139,2.112676056338028,136,142908337.0,1654574.0,1654574.0,2437089.0,59.56230999473809
6a932b5ecd944524379ee29e,Shri Sanjay Kumar Jha (2024-30),Rajya Sabha,Bihar,Sitting Rajya Sabha,186200000.0,5078584.0,2.7274887218045114,4,2,66.66666666666666,0,181121416.0,4273055.0,4273055.0,805529.0,15.861291257563131
6a932b5ecd944524379ee2be,Smt. Laxmi Verma (2026-32),Rajya Sabha,Chhattisgarh,Sitting Rajya Sabha,49000000.0,1250000.0,2.5510204081632653,0,2,0.0,2,47750000.0,0.0,0.0,1250000.0,100.0
6a932b5ecd944524379ee270,Shri Nitin Laxmanrao Jadhav Patil (2024-28),Rajya Sabha,Maharashtra,Sitting Rajya Sabha,122500000.0,2996110.0,2.445804081632653,3,58,4.918032786885246,55,119503890.0,2996110.0,2996110.0,0.0,0.0
6a932b5ecd944524379ee220,Shri B. Parthasaradhi Reddy (2022-28),Rajya Sabha,Telangana,Sitting Rajya Sabha,244365104.0,5945528.0,2.4330511610201104,6,19,24.0,13,238419576.0,2649720.0,2649720.0,3295808.0,55.43339464552181
6a932b5bcd944524379edf0e,RADHAKRISHNA,Lok Sabha,Karnataka,GULBARGA,147000000.0,3254664.0,2.214057142857143,0,29,0.0,29,143745336.0,0.0,0.0,3254664.0,100.0
6a932b5bcd944524379edfc8,VIVEK THAKUR,Lok Sabha,Bihar,NAWADA,147000000.0,3164487.0,2.152712244897959,1,85,1.162790697674419,84,143835513.0,607045.0,607045.0,2557442.0,80.81695390121685
6a932b5ecd944524379ee2c9,Smt. Renuka Chowdhury (2024-30),Rajya Sabha,Telangana,Sitting Rajya Sabha,147000000.0,3061296.0,2.0825142857142858,0,105,0.0,105,143938704.0,0.0,0.0,3061296.0,100.0
6a932b5bcd944524379edf39,RUDRA NARAYAN PANY,Lok Sabha,Odisha,DHENKANAL,155013957.11,3039057.0,1.9605054000675848,0,79,0.0,79,151974900.11,0.0,0.0,3039057.0,100.0
6a932b5bcd944524379eddd0,ANIL BALUNI,Lok Sabha,Uttarakhand,GARHWAL,147000000.0,2739441.0,1.8635653061224489,1,11,8.333333333333332,10,144260559.0,300000.0,300000.0,2439441.0,89.04886069822274
6a932b5bcd944524379edefe,Pratap Chandra Sarangi,Lok Sabha,Odisha,BALASORE,147064254.11,2525000.0,1.7169365970546246,10,117,7.874015748031496,107,144539254.11,2525000.0,2525000.0,0.0,0.0
6a932b5ecd944524379ee276,Shri Paka Venkata Satyanarayana (2025-28),Rajya Sabha,Andhra Pradesh,Sitting Rajya Sabha,98000000.0,1599035.0,1.6316683673469383,1,12,7.6923076923076925,11,96400965.0,1599035.0,1599035.0,0.0,0.0
6a932b5ecd944524379ee245,Shri Jagat Prakash Nadda (2024-30),Rajya Sabha,Gujarat,Sitting Rajya Sabha,147000000.0,2100000.0,1.4285714285714286,0,74,0.0,74,144900000.0,0.0,0.0,2100000.0,100.0
6a932b5bcd944524379edeb0,Lavu Sri Krishna Devarayalu,Lok Sabha,Andhra Pradesh,NARASARAOPET,174009663.11,2402685.0,1.3807767666794144,1,130,0.7633587786259541,129,171606978.11,1599870.0,1599870.0,802815.0,33.41324393334957
6a932b5bcd944524379edee6,Nishikant Dubey,Lok Sabha,Jharkhand,GODDA,147000000.0,1785510.0,1.2146326530612244,0,2,0.0,2,145214490.0,0.0,0.0,1785510.0,100.0
6a932b5bcd944524379edeff,Prataprao Jadhav,Lok Sabha,Maharashtra,BULDHANA,147000000.0,1208028.0,0.8217877551020408,0,68,0.0,68,145791972.0,0.0,0.0,1208028.0,100.0
6a932b5ecd944524379ee265,Shri Milind Murli Deora (2024-30),Rajya Sabha,Maharashtra,Sitting Rajya Sabha,147000000.0,999996.0,0.680269387755102,0,25,0.0,25,146000004.0,0.0,0.0,999996.0,100.0
6a932b5ecd944524379ee252,Shri Kartikeya Sharma (2022-28),Rajya Sabha,Haryana,Sitting Rajya Sabha,196000000.0,1161226.0,0.5924622448979592,0,62,0.0,62,194838774.0,0.0,0.0,1161226.0,100.0
6a932b5bcd944524379ede5b,Gajendra Singh Shekhawat,Lok Sabha,Rajasthan,JODHPUR,147000000.0,491827.0,0.3345761904761904,0,33,0.0,33,146508173.0,0.0,0.0,491827.0,100.0
6a932b5bcd944524379edf81,Shrikant Eknath Shinde,Lok Sabha,Maharashtra,KALYAN,147000000.0,325000.0,0.2210884353741496,0,2,0.0,2,146675000.0,0.0,0.0,325000.0,100.0
6a932b5bcd944524379ede05,Bhupathiraju Srinivasa varma,Lok Sabha,Andhra Pradesh,NARASAPURAM,147000000.0,0.0,0.0,0,1,0.0,1,147000000.0,0.0,0.0,0.0,0.0
6a932b5bcd944524379ede19,CHAVAN VASANTRAO BALWANTRAO,Lok Sabha,Maharashtra,NANDED,0.0,0.0,27.100879591836737,0,0,18.439716312056735,0,0.0,0.0,0.0,0.0,49.8333600789572
6a932b5bcd944524379ede47,DR. PRADEEP KUMAR PANIGRAHY,Lok Sabha,Odisha,BERHAMPUR,147000000.0,0.0,0.0,0,111,0.0,111,147000000.0,0.0,0.0,0.0,0.0
6a932b5bcd944524379edecf,MISHA BHARTI,Lok Sabha,Bihar,PATALIPUTRA,147000000.0,0.0,0.0,0,0,0.0,0,147000000.0,0.0,0.0,0.0,0.0
6a932b5bcd944524379edee1,NARESH GANPAT MHASKE,Lok Sabha,Maharashtra,THANE,147000000.0,0.0,0.0,0,0,0.0,0,147000000.0,0.0,0.0,0.0,0.0
6a932b5bcd944524379edef1,PATEL UMESHBHAI BABUBHAI,Lok Sabha,The Dadra And Nagar Haveli And Daman And Diu,DAMAN and DIU,245063957.0,0.0,0.0,0,61,0.0,61,245063957.0,0.0,0.0,0.0,0.0
6a932b5bcd944524379ede6d,HARISH CHANDRA MEENA,Lok Sabha,Rajasthan,TONK-SAWAI MADHOPUR,147000000.0,0.0,0.0,0,0,0.0,0,147000000.0,0.0,0.0,0.0,0.0
6a932b5bcd944524379ede8d,Kalaben Mohanbhai Delkar,Lok Sabha,The Dadra And Nagar Haveli And Daman And Diu,DADRA & NAGAR HAVELI,147000000.0,0.0,0.0,0,2,0.0,2,147000000.0,0.0,0.0,0.0,0.0
6a932b5bcd944524379edec4,MANISH JAISWAL,Lok Sabha,Jharkhand,HAZARIBAGH,147000000.0,0.0,0.0,0,164,0.0,164,147000000.0,0.0,0.0,0.0,0.0
6a932b5bcd944524379edf1c,Rajiv Pratap Rudy,Lok Sabha,Bihar,SARAN,147000000.0,0.0,0.0,0,12,0.0,12,147000000.0,0.0,0.0,0.0,0.0
6a932b5bcd944524379edf1d,Rajiv Ranjan (Lalan) Singh,Lok Sabha,Bihar,MUNGER,147000000.0,0.0,0.0,0,1,0.0,1,147000000.0,0.0,0.0,0.0,0.0
6a932b5bcd944524379edf44,Sanjay Jaiswal,Lok Sabha,Bihar,PASCHIM CHAMPARAN,147000000.0,0.0,0.0,0,0,0.0,0,147000000.0,0.0,0.0,0.0,0.0
6a932b5ecd944524379ee1ec,Dr. Abhishek Manu Singhvi (2026-32),Rajya Sabha,Telangana,Sitting Rajya Sabha,73421449.0,0.0,0.0,0,0,0.0,0,73421449.0,0.0,0.0,0.0,0.0
6a932b5ecd944524379ee1ee,Dr. Alka Singh (2026-32),Rajya Sabha,Rajasthan,Sitting Rajya Sabha,49000000.0,0.0,0.0,0,0,0.0,0,49000000.0,0.0,0.0,0.0,0.0
6a932b5ecd944524379ee1ef,Dr. Anbumani Ramadoss (2026-32),Rajya Sabha,Tamil Nadu,Sitting Rajya Sabha,49356476.5,0.0,0.0,0,0,0.0,0,49356476.5,0.0,0.0,0.0,0.0
6a932b5ecd944524379ee1f8,Dr. Jyoti Nagnath Waghmare (2026-32),Rajya Sabha,Maharashtra,Sitting Rajya Sabha,49000000.0,0.0,0.0,0,0,0.0,0,49000000.0,0.0,0.0,0.0,0.0
6a932b5ecd944524379ee201,Dr. Meenakshi Jain (2025-31),Rajya Sabha,Delhi,Nominated Rajya Sabha,73500000.0,0.0,0.0,0,10,0.0,10,73500000.0,0.0,0.0,0.0,0.0
6a932b5ecd944524379ee20a,Dr. Satish Poonia (2026-32),Rajya Sabha,Rajasthan,Sitting Rajya Sabha,49000000.0,0.0,0.0,0,0,0.0,0,49000000.0,0.0,0.0,0.0,0.0
6a932b5ecd944524379ee21b,Shri Anurag Sharma (2026-32),Rajya Sabha,Himachal Pradesh,Sitting Rajya Sabha,49000000.0,0.0,0.0,0,0,0.0,0,49000000.0,0.0,0.0,0.0,0.0
6a932b5ecd944524379ee1ff,Dr. M. Thambi Durai (2026-32),Rajya Sabha,Tamil Nadu,Sitting Rajya Sabha,49356476.5,0.0,0.0,0,0,0.0,0,49356476.5,0.0,0.0,0.0,0.0
6a932b5ecd944524379ee202,Dr. Mukeshbhai J. Rathwa (2026-32),Rajya Sabha,Gujarat,Sitting Rajya Sabha,49000000.0,0.0,0.0,0,0,0.0,0,49000000.0,0.0,0.0,0.0,0.0
6a932b5ecd944524379ee207,Dr. Santrupt Misra (2026-32),Rajya Sabha,Odisha,Sitting Rajya Sabha,49000000.0,0.0,0.0,0,11,0.0,11,49000000.0,0.0,0.0,0.0,0.0
6a932b5ecd944524379ee211,Ms. Swati Maliwal (2024-30),Rajya Sabha,Delhi,Sitting Rajya Sabha,147000000.0,0.0,0.0,0,3,0.0,3,147000000.0,0.0,0.0,0.0,0.0
6a932b5ecd944524379ee256,Shri L. K. Sudhish (2026-32),Rajya Sabha,Tamil Nadu,Sitting Rajya Sabha,49356476.5,0.0,0.0,0,0,0.0,0,49356476.5,0.0,0.0,0.0,0.0
6a932b5ecd944524379ee258,Shri Lingamaneni Ramesh (2026-32),Rajya Sabha,Andhra Pradesh,Sitting Rajya Sabha,49000000.0,0.0,0.0,0,1,0.0,1,49000000.0,0.0,0.0,0.0,0.0
6a932b5ecd944524379ee259,Shri M. Nagaraja (2026-32),Rajya Sabha,Karnataka,Sitting Rajya Sabha,49000000.0,0.0,0.0,0,0,0.0,0,49000000.0,0.0,0.0,0.0,0.0
6a932b5ecd944524379ee26e,Shri Neeraj Dangi (2026-32),Rajya Sabha,Rajasthan,Sitting Rajya Sabha,49000000.0,0.0,0.0,0,4,0.0,4,49000000.0,0.0,0.0,0.0,0.0
6a932b5ecd944524379ee277,Shri Parth Ajit Pawar (2026-32),Rajya Sabha,Maharashtra,Sitting Rajya Sabha,49000000.0,0.0,0.0,0,0,0.0,0,49000000.0,0.0,0.0,0.0,0.0
6a932b5ecd944524379ee27c,Shri Pramod Boro (2026-32),Rajya Sabha,Assam,Sitting Rajya Sabha,49000000.0,0.0,0.0,0,0,0.0,0,49000000.0,0.0,0.0,0.0,0.0
6a932b5ecd944524379ee284,Shri Rajesh Parmanand Shukla (2026-32),Rajya Sabha,Gujarat,Sitting Rajya Sabha,49000000.0,0.0,0.0,0,0,0.0,0,49000000.0,0.0,0.0,0.0,0.0
6a932b5ecd944524379ee286,Shri Rajinder Gupta (2025-28),Rajya Sabha,Punjab,Sitting Rajya Sabha,49000000.0,0.0,0.0,0,0,0.0,0,49000000.0,0.0,0.0,0.0,0.0
6a932b5ecd944524379ee287,Shri Rajneesh Kumar Agrawal (2026-32),Rajya Sabha,Madhya Pradesh,Sitting Rajya Sabha,49000000.0,0.0,0.0,0,0,0.0,0,49000000.0,0.0,0.0,0.0,0.0
6a932b5ecd944524379ee288,Shri Ram Nath Thakur (2026-32),Rajya Sabha,Bihar,Sitting Rajya Sabha,65673638.73,0.0,0.0,0,33,0.0,33,65673638.73,0.0,0.0,0.0,0.0
6a932b5ecd944524379ee2b0,Shri Terash Gowalla (2026-32),Rajya Sabha,Assam,Sitting Rajya Sabha,49000000.0,0.0,0.0,0,0,0.0,0,49000000.0,0.0,0.0,0.0,0.0
6a932b5ecd944524379ee2b6,Shri Vinod Shridhar Tawde (2026-32),Rajya Sabha,Maharashtra,Sitting Rajya Sabha,49000000.0,0.0,0.0,0,0,0.0,0,49000000.0,0.0,0.0,0.0,0.0
6a932b5ecd944524379ee2b9,Smt. Adhikarimayum Sharda Devi (2026-32),Rajya Sabha,Manipur,Sitting Rajya Sabha,49000000.0,0.0,0.0,0,10,0.0,10,49000000.0,0.0,0.0,0.0,0.0
6a932b5ecd944524379ee22c,Shri Chowdry Mohammad Ramzan (2025-31),Rajya Sabha,Jammu And Kashmir,Sitting Rajya Sabha,73500000.0,0.0,0.0,0,0,0.0,0,73500000.0,0.0,0.0,0.0,0.0
6a932b5ecd944524379ee22d,Shri Christopher Manickam (2026-32),Rajya Sabha,Tamil Nadu,Sitting Rajya Sabha,49356476.5,0.0,0.0,0,0,0.0,0,49356476.5,0.0,0.0,0.0,0.0
6a932b5ecd944524379ee24e,Shri Kamal Haasan (2025-31),Rajya Sabha,Tamil Nadu,Sitting Rajya Sabha,89248285.42,0.0,0.0,0,4,0.0,4,89248285.42,0.0,0.0,0.0,0.0
6a932b5ecd944524379ee251,Shri Karamvir Singh Singh Boudh (2026-32),Rajya Sabha,Haryana,Sitting Rajya Sabha,49000000.0,0.0,0.0,0,0,0.0,0,49000000.0,0.0,0.0,0.0,0.0
6a932b5ecd944524379ee254,Shri Khiangte Laltluangkima (2026-32),Rajya Sabha,Mizoram,Sitting Rajya Sabha,24500000.0,0.0,0.0,0,0,0.0,0,24500000.0,0.0,0.0,0.0,0.0
6a932b5ecd944524379ee25c,Shri Mahesh Kewat (2026-32),Rajya Sabha,Madhya Pradesh,Sitting Rajya Sabha,49000000.0,0.0,0.0,0,0,0.0,0,49000000.0,0.0,0.0,0.0,0.0
6a932b5ecd944524379ee260,Shri Manmohan Samal (2026-32),Rajya Sabha,Odisha,Sitting Rajya Sabha,49000000.0,0.0,0.0,0,0,0.0,0,49000000.0,0.0,0.0,0.0,0.0
6a932b5ecd944524379ee261,Shri Mansoor Ali Khan (2026-32),Rajya Sabha,Karnataka,Sitting Rajya Sabha,49000000.0,0.0,0.0,0,3,0.0,3,49000000.0,0.0,0.0,0.0,0.0
6a932b5ecd944524379ee27b,Shri Prakash Chik Baraik (2026-29),Rajya Sabha,West Bengal,Sitting Rajya Sabha,49662892.0,0.0,0.0,0,0,0.0,0,49662892.0,0.0,0.0,0.0,0.0
6a932b5ecd944524379ee289,Shri Ramdas Bandu Athawale (2026-32),Rajya Sabha,Maharashtra,Sitting Rajya Sabha,49000000.0,0.0,0.0,0,0,0.0,0,49000000.0,0.0,0.0,0.0,0.0
6a932b5ecd944524379ee298,Shri Sajjad Ahmad Kichloo (2025-31),Rajya Sabha,Jammu And Kashmir,Sitting Rajya Sabha,73500000.0,0.0,0.0,0,18,0.0,18,73500000.0,0.0,0.0,0.0,0.0
6a932b5ecd944524379ee29b,Shri Sana Sathish Babu (2026-32),Rajya Sabha,Andhra Pradesh,Sitting Rajya Sabha,49063978.0,0.0,0.0,0,0,0.0,0,49063978.0,0.0,0.0,0.0,0.0
6a932b5ecd944524379ee2ad,Shri Tai Tagak (2026-32),Rajya Sabha,Arunachal Pradesh,Sitting Rajya Sabha,49000000.0,0.0,0.0,0,0,0.0,0,49000000.0,0.0,0.0,0.0,0.0
6a932b5ecd944524379ee2ae,Shri Tarun Chugh (2026-32),Rajya Sabha,Madhya Pradesh,Sitting Rajya Sabha,49000000.0,0.0,0.0,0,0,0.0,0,49000000.0,0.0,0.0,0.0,0.0
6a932b5ecd944524379ee2b1,Shri Tiruchi Siva (2026-32),Rajya Sabha,Tamil Nadu,Sitting Rajya Sabha,49356476.5,0.0,0.0,0,0,0.0,0,49356476.5,0.0,0.0,0.0,0.0
6a932b5ecd944524379ee2b3,Shri Upendra Kushwaha (2026-32),Rajya Sabha,Bihar,Sitting Rajya Sabha,49000000.0,0.0,0.0,0,7,0.0,7,49000000.0,0.0,0.0,0.0,0.0
6a932b5ecd944524379ee2b5,Shri Vijay Chintakayala (2026-32),Rajya Sabha,Andhra Pradesh,Sitting Rajya Sabha,49000000.0,0.0,0.0,0,0,0.0,0,49000000.0,0.0,0.0,0.0,0.0
6a932b5ecd944524379ee2c1,Smt. Maya Chintaman Ivnate (2026-32),Rajya Sabha,Maharashtra,Sitting Rajya Sabha,49000000.0,0.0,0.0,0,20,0.0,20,49000000.0,0.0,0.0,0.0,0.0
6a932b5ecd944524379ee224,Shri Baidyanath Ram (2026-32),Rajya Sabha,Jharkhand,Sitting Rajya Sabha,49000000.0,0.0,0.0,0,0,0.0,0,49000000.0,0.0,0.0,0.0,0.0
6a932b5ecd944524379ee227,Shri Bhashyam Rama Krishna (2026-32),Rajya Sabha,Andhra Pradesh,Sitting Rajya Sabha,49000000.0,0.0,0.0,0,1,0.0,1,49000000.0,0.0,0.0,0.0,0.0
6a932b5ecd944524379ee22a,Shri C. Sadanandan Master (2025-31),Rajya Sabha,Kerala,Nominated Rajya Sabha,73500000.0,0.0,0.0,0,35,0.0,35,73500000.0,0.0,0.0,0.0,0.0
6a932b5ecd944524379ee23c,Shri Gurwinder Singh Oberoi (2025-31),Rajya Sabha,Jammu And Kashmir,Sitting Rajya Sabha,73500000.0,0.0,0.0,0,0,0.0,0,73500000.0,0.0,0.0,0.0,0.0
6a932b5ecd944524379ee271,Shri Nitin Nabin (2026-32),Rajya Sabha,Bihar,Sitting Rajya Sabha,49000000.0,0.0,0.0,0,0,0.0,0,49000000.0,0.0,0.0,0.0,0.0
6a932b5ecd944524379ee27e,Shri Praveen Chakravarthy (2026-28),Rajya Sabha,Tamil Nadu,Sitting Rajya Sabha,49356476.5,0.0,0.0,0,1,0.0,1,49356476.5,0.0,0.0,0.0,0.0
6a932b5ecd944524379ee282,Shri Rajeev Kumar (2026-32),Rajya Sabha,West Bengal,Sitting Rajya Sabha,49000000.0,0.0,0.0,0,0,0.0,0,49000000.0,0.0,0.0,0.0,0.0
6a932b5ecd944524379ee2a8,Shri Shivesh Kumar (2026-32),Rajya Sabha,Bihar,Sitting Rajya Sabha,49000000.0,0.0,0.0,0,0,0.0,0,49000000.0,0.0,0.0,0.0,0.0
6a932b5ecd944524379ee2b2,Shri Ujjwal Deorao Nikam (2025-31),Rajya Sabha,Maharashtra,Nominated Rajya Sabha,73500000.0,0.0,0.0,0,0,0.0,0,73500000.0,0.0,0.0,0.0,0.0
6a932b5ecd944524379ee22f,Shri Constandine Ravindran (2026-32),Rajya Sabha,Tamil Nadu,Sitting Rajya Sabha,49356476.5,0.0,0.0,0,0,0.0,0,49356476.5,0.0,0.0,0.0,0.0
6a932b5ecd944524379ee231,Shri Debashish Samantaray (2026-30),Rajya Sabha,Odisha,Sitting Rajya Sabha,23800006.0,0.0,0.0,0,0,0.0,0,23800006.0,0.0,0.0,0.0,0.0
6a932b5ecd944524379ee235,Shri Dilip Kumar Ray (2026-32),Rajya Sabha,Odisha,Sitting Rajya Sabha,49000000.0,0.0,0.0,0,22,0.0,22,49000000.0,0.0,0.0,0.0,0.0
6a932b5ecd944524379ee241,Shri Harsh Vardhan Shringla (2025-31),Rajya Sabha,West Bengal,Nominated Rajya Sabha,73500000.0,0.0,0.0,0,6,0.0,6,73500000.0,0.0,0.0,0.0,0.0
6a932b5ecd944524379ee248,Shri James Pangsang Kongkal Sangma (2026-32),Rajya Sabha,Meghalaya,Sitting Rajya Sabha,49000000.0,0.0,0.0,0,0,0.0,0,49000000.0,0.0,0.0,0.0,0.0
6a932b5ecd944524379ee25d,Shri Mallikarjun Kharge (2026-32),Rajya Sabha,Karnataka,Sitting Rajya Sabha,49063957.11,0.0,0.0,0,0,0.0,0,49063957.11,0.0,0.0,0.0,0.0
6a932b5ecd944524379ee278,Shri Pawan Khera (2026-32),Rajya Sabha,Karnataka,Sitting Rajya Sabha,49000000.0,0.0,0.0,0,0,0.0,0,49000000.0,0.0,0.0,0.0,0.0
6a932b5ecd944524379ee28c,Shri Ramrao Sakharam Wadkute (2026-32),Rajya Sabha,Maharashtra,Sitting Rajya Sabha,49000000.0,0.0,0.0,0,0,0.0,0,49000000.0,0.0,0.0,0.0,0.0
6a932b5ecd944524379ee29d,Shri Sanjay Bhatia (2026-32),Rajya Sabha,Haryana,Sitting Rajya Sabha,49000000.0,0.0,0.0,0,1,0.0,1,49000000.0,0.0,0.0,0.0,0.0
6a932b5ecd944524379ee2a2,Shri Sanjay Yadav (2024-30),Rajya Sabha,Bihar,Sitting Rajya Sabha,186200000.0,0.0,0.0,0,54,0.0,54,186200000.0,0.0,0.0,0.0,0.0
6a932b5ecd944524379ee2a4,Shri Sat Paul Sharma (2025-31),Rajya Sabha,Jammu And Kashmir,Sitting Rajya Sabha,73500000.0,0.0,0.0,0,16,0.0,16,73500000.0,0.0,0.0,0.0,0.0
6a932b5ecd944524379ee2ab,Shri Sujeet Kumar (2026-32),Rajya Sabha,Odisha,Sitting Rajya Sabha,49000000.0,0.0,0.0,0,35,0.0,35,49000000.0,0.0,0.0,0.0,0.0
