mp_id,mp_name,house,state,constituency,allocated_amount,total_expenditure,utilization_percentage,unspent_amount,completed_works_count,recommended_works_count,completed_works_value,in_progress_payments,payment_gap_percentage,last_updated
6a932b5ecd944524379ee2ca,Smt. S. Phangnon Konyak (2022-28),Rajya Sabha,Nagaland,Sitting Rajya Sabha,206563957.11,196418200.0,95.0883216743388,10145757.110000014,57,20,144763000.0,51655200.0,26.298581292364965,2026-08-31T17:50:45.002Z
6a932b5ecd944524379ee2ba,Smt. Darshana Singh (2022-28),Rajya Sabha,Uttar Pradesh,Sitting Rajya Sabha,196994373.87,174994106.0,88.83203238864154,22000267.870000005,31,16,139851228.0,35142878.0,20.082320943997967,2026-08-31T17:49:28.321Z
6a932b5bcd944524379edf3a,S SUPONGMEREN JAMIR,Lok Sabha,Nagaland,NAGALAND,147000000.0,138150000.0,93.9795918367347,8850000.0,38,18,88600000.0,49550000.0,35.86681143684401,2026-08-31T17:50:45.088Z
6a932b5bcd944524379edfbf,VIJAYLAKSHMI DEVI,Lok Sabha,Bihar,SIWAN,147000000.0,134748616.0,91.66572517006804,12251384.0,95,87,90543755.0,44204861.0,32.80542859156342,2026-08-31T17:50:45.122Z
6a932b5bcd944524379edf97,Smt Veena Devi ,Lok Sabha,Bihar,VAISHALI,147000000.0,131108889.0,89.18972040816327,15891111.0,30,29,93983889.0,37125000.0,28.31615787698422,2026-08-31T17:50:45.121Z
6a932b5bcd944524379edf65,Shri Arun Kumar Sagar ,Lok Sabha,Uttar Pradesh,SHAHJAHANPUR,147000000.0,138723000.0,94.36938775510204,8277000.0,4,3,97143000.0,41580000.0,29.9734002292338,2026-08-31T17:50:45.123Z
6a932b5ecd944524379ee266,Shri Mithlesh Kumar (2022-28),Rajya Sabha,Uttar Pradesh,Sitting Rajya Sabha,196063957.11,170753928.0,87.09093222279502,25310029.110000014,195,9,143813928.0,26940000.0,15.777089473455629,2026-08-31T17:50:45.141Z
6a932b5ecd944524379ee249,Shri Javed Ali Khan (2022-28),Rajya Sabha,Uttar Pradesh,Sitting Rajya Sabha,196063957.11,160977854.28,82.10476655313283,35086102.83000001,125,68,101806791.0,59171063.28,36.75726921858434,2026-08-31T17:50:45.151Z
6a932b5ecd944524379ee2d2,Smt. Sumitra Balmik (2022-28),Rajya Sabha,Madhya Pradesh,Sitting Rajya Sabha,196063957.11,163767349.0,83.52751388574684,32296608.110000014,62,116,76039991.0,87727358.0,53.568283626548784,2026-08-31T17:50:45.162Z
6a932b5ecd944524379ee2bb,Smt. Geeta alias Chandraprabha (2020-26),Rajya Sabha,Uttar Pradesh,Sitting Rajya Sabha,196063957.11,169877016.35,86.64367426527659,26186940.76000002,210,37,161572422.35,8304594.0,4.888591863945814,2026-08-31T17:50:45.168Z
6a932b5ecd944524379ee2cd,Smt. Sangeeta Yadav (2022-28),Rajya Sabha,Uttar Pradesh,Sitting Rajya Sabha,196063957.11,169940841.0,86.6762272397961,26123116.110000014,43,78,117219561.0,52721280.0,31.023313577693777,2026-08-31T17:50:45.171Z
6a932b5bcd944524379edde4,Ashok Kumar Rawat,Lok Sabha,Uttar Pradesh,MISRIKH,147000000.0,121139986.0,82.4081537414966,25860014.0,2,3,48614657.0,72525329.0,59.86902540999138,2026-08-31T17:50:45.166Z
6a932b5ecd944524379ee28a,Shri Ramji (2020-26),Rajya Sabha,Uttar Pradesh,Sitting Rajya Sabha,174518577.11,141923083.0,81.32262212437425,32595494.110000014,154,91,133996851.0,7926232.0,5.5848786768534335,2026-08-31T17:50:45.174Z
6a932b5ecd944524379ee221,Shri B.L. Verma (2020-26),Rajya Sabha,Uttar Pradesh,Sitting Rajya Sabha,196063957.11,168937264.09,86.16436523068806,27126693.02000001,350,64,116682306.09,52254958.0,30.93157586129818,2026-08-31T17:50:45.197Z
6a932b5ecd944524379ee213,Prof. Ram Gopal Yadav (2020-26),Rajya Sabha,Uttar Pradesh,Sitting Rajya Sabha,221271395.11,178725656.0,80.77214676174054,42545739.110000014,25,56,78745019.0,99980637.0,55.94084209152378,2026-08-31T17:50:45.207Z
6a932b5bcd944524379edf9e,SUKHDEO BHAGAT,Lok Sabha,Jharkhand,LOHARDAGA,171821957.11,138586757.0,80.65718685259597,33235200.110000014,80,204,45856503.0,92730254.0,66.91133843329634,2026-08-31T17:50:45.646Z
6a932b5bcd944524379edef8,Pradeep Kumar Singh,Lok Sabha,Bihar,ARARIA,147000000.0,118278146.0,80.4613238095238,28721854.0,39,47,94498127.0,23780019.0,20.10516718785903,2026-08-31T17:50:45.669Z
6a932b5ecd944524379ee2ce,Smt. Seema Dwivedi (2020-26),Rajya Sabha,Uttar Pradesh,Sitting Rajya Sabha,173830159.11,135282718.4,77.82465315146658,38547440.71000001,210,198,104021540.4,31261178.0,23.108035061483506,2026-08-31T17:50:45.899Z
6a932b5ecd944524379ee255,Shri Khiru Mahto (2022-28),Rajya Sabha,Bihar,Sitting Rajya Sabha,235770091.81,183791258.0,77.95359309106594,51978833.81,171,6,179942987.0,3848271.0,2.093827008899411,2026-08-31T17:50:46.100Z
6a932b5ecd944524379ee1f2,Dr. Bhim Singh (2024-30),Rajya Sabha,Bihar,Sitting Rajya Sabha,186200000.0,139819329.0,75.09093931256713,46380671.0,233,81,93849329.0,45970000.0,32.87814376508702,2026-08-31T17:50:46.169Z
6a932b5ecd944524379ee1f6,Dr. Faiyaz Ahmad (2022-28),Rajya Sabha,Bihar,Sitting Rajya Sabha,235263957.11,183753433.0,78.10522073046839,51510524.110000014,132,57,147781746.0,35971687.0,19.576062559876092,2026-08-31T17:50:46.175Z
6a932b5bcd944524379eded7,Mukesh Rajput,Lok Sabha,Uttar Pradesh,FARRUKHABAD,147000000.0,108417412.0,73.75334149659864,38582588.0,246,49,92642945.0,15774467.0,14.549754240582685,2026-08-31T17:50:46.178Z
6a932b5bcd944524379ede61,Giridhari Yadav,Lok Sabha,Bihar,BANKA,147000000.0,114805889.0,78.09924421768707,32194111.0,85,35,97151866.0,17654023.0,15.37727999301499,2026-08-31T17:50:46.178Z
6a932b5ecd944524379ee294,Shri S. Kalyanasundaram (2022-28),Rajya Sabha,Tamil Nadu,Sitting Rajya Sabha,239763792.52,179863534.0,75.01697070669942,59900258.52000001,141,44,164924211.0,14939323.0,8.305920976733393,2026-08-31T17:50:46.180Z
6a932b5bcd944524379edf2b,Ramprit Mandal,Lok Sabha,Bihar,JHANJHARPUR,147000000.0,107510581.0,73.13644965986394,39489419.0,90,91,92399719.0,15110862.0,14.05523238684758,2026-08-31T17:50:46.179Z
6a932b5ecd944524379ee2c7,Smt. Ranjeet Ranjan (2022-28),Rajya Sabha,Chhattisgarh,Sitting Rajya Sabha,246780257.87,185739464.0,75.26512274650618,61040793.870000005,160,121,131171025.0,54568439.0,29.379022543103712,2026-08-31T17:50:46.140Z
6a932b5bcd944524379edf24,RAM PRASAD CHAUDHARY,Lok Sabha,Uttar Pradesh,BASTI,204176957.11,148429426.0,72.69646296081976,55747531.110000014,37,146,63914240.0,84515186.0,56.93964349090726,2026-08-31T17:50:46.218Z
6a932b5bcd944524379eddce,ANDREW J. SYNGKON,Lok Sabha,Meghalaya,SHILLONG,98000000.0,70505000.0,71.9438775510204,27495000.0,98,146,36350000.0,34155000.0,48.44337281043898,2026-08-31T17:50:46.227Z
6a932b5ecd944524379ee1f4,Dr. Dharmshila Gupta (2024-30),Rajya Sabha,Bihar,Sitting Rajya Sabha,186200000.0,136714265.0,73.42334317937701,49485735.0,87,55,114316446.0,22397819.0,16.382942189682986,2026-08-31T17:50:46.173Z
6a932b5ecd944524379ee2a7,Shri Shambhu Sharan Patel (2022-28),Rajya Sabha,Bihar,Sitting Rajya Sabha,237168443.49,175484824.0,73.99164130678251,61683619.49000001,199,109,157543823.0,17941001.0,10.223676663914825,2026-08-31T17:50:46.177Z
6a932b5ecd944524379ee27f,Shri R. Dharmar (2022-28),Rajya Sabha,Tamil Nadu,Sitting Rajya Sabha,260812242.52,207877791.0,79.70400046848229,52934451.52000001,189,55,204379819.0,3497972.0,1.6827059702592275,2026-08-31T17:50:46.099Z
6a932b5ecd944524379ee23e,Shri Hardeep Singh Puri (2020-26),Rajya Sabha,Uttar Pradesh,Sitting Rajya Sabha,226801049.11,180480217.2,79.57644724670823,46320831.910000026,278,137,112016608.2,68463608.99999999,37.93413486649992,2026-08-31T17:50:46.195Z
6a932b5bcd944524379ede4a,DR. RAJESH MISHRA,Lok Sabha,Madhya Pradesh,SIDHI,262724510.35,184983789.0,70.40979494207286,77740721.35,172,169,136499025.0,48484764.0,26.210277269215197,2026-08-31T17:50:46.540Z
6a932b5ecd944524379ee2bf,Smt. Mahua Maji (2022-28),Rajya Sabha,Jharkhand,Sitting Rajya Sabha,232524001.2,163193927.0,70.18369121372233,69330074.19999999,150,315,81123339.0,82070588.0,50.2902218904261,2026-08-31T17:50:46.791Z
6a932b5ecd944524379ee2cb,Smt. Sadhna Singh (2024-30),Rajya Sabha,Uttar Pradesh,Sitting Rajya Sabha,147000000.0,101298179.0,68.91032585034014,45701821.0,5,13,82840596.0,18457583.0,18.22104126866881,2026-08-31T17:50:47.120Z
6a932b5ecd944524379ee205,Dr. Sandeep Kumar Pathak (2022-28),Rajya Sabha,Punjab,Sitting Rajya Sabha,232203454.24,159803697.0,68.82055115116017,72399757.24000001,157,121,80659922.0,79143775.0,49.52562205115943,2026-08-31T17:50:47.182Z
6a932b5ecd944524379ee2a3,Shri Sant Balbir Singh (2022-28),Rajya Sabha,Punjab,Sitting Rajya Sabha,196359074.44000003,131641205.41,67.0410602542459,64717869.03000003,206,165,98971956.0,32669249.409999996,24.81688716557309,2026-08-31T17:50:47.210Z
6a932b5ecd944524379ee21c,Shri Arun Singh (2020-26),Rajya Sabha,Uttar Pradesh,Sitting Rajya Sabha,223492764.11,151462382.0,67.77059767601797,72030382.11000001,46,65,50601635.0,100860747.0,66.5912853529532,2026-08-31T17:50:47.206Z
6a932b5ecd944524379ee223,Shri Baburam Nishad (2022-28),Rajya Sabha,Uttar Pradesh,Sitting Rajya Sabha,196063957.11,136082109.32,69.40699929036538,59981847.79000002,436,213,113334752.32,22747357.0,16.71590564966119,2026-08-31T17:50:47.218Z
6a932b5bcd944524379edf7f,Shri Tapir Gao,Lok Sabha,Arunachal Pradesh,ARUNACHAL EAST,147000000.0,98534470.0,67.03025170068028,48465530.0,106,58,94063491.0,4470979.0,4.537477087967287,2026-08-31T17:50:47.221Z
6a932b5bcd944524379ede43,DR. LATA WANKHEDE,Lok Sabha,Madhya Pradesh,SAGAR,147000000.0,99315853.0,67.56180476190477,47684147.0,103,155,78629489.0,20686364.0,20.828864048522043,2026-08-31T17:50:47.230Z
6a932b5bcd944524379ede03,Bhola Singh,Lok Sabha,Uttar Pradesh,BULANDSHAHR,147000000.0,101017522.0,68.71940272108844,45982478.0,142,148,70121237.0,30896285.0,30.58507513181723,2026-08-31T17:50:47.243Z
6a932b5bcd944524379edddb,ARUN BHARTI,Lok Sabha,Bihar,JAMUI,194924621.11,132883940.0,68.17196270193637,62040681.110000014,218,110,112774852.0,20109088.0,15.132820414566275,2026-08-31T17:50:47.245Z
6a932b5ecd944524379ee2a5,Shri Satish Chandra Dubey (2022-28),Rajya Sabha,Bihar,Sitting Rajya Sabha,235263957.11,159342825.0,67.7293823318196,75921132.11000001,162,92,128859487.0,30483338.0,19.13066245687561,2026-08-31T17:50:47.248Z
6a932b5ecd944524379ee23b,Shri Gulam Ali (2022-28),Rajya Sabha,Jammu And Kashmir,Nominated Rajya Sabha,196063957.11,134033715.0,68.36224106443058,62030242.110000014,156,29,133429060.0,604655.0,0.4511215704198007,2026-08-31T17:50:47.228Z
6a932b5ecd944524379ee216,Shri Aditya Prasad (2022-28),Rajya Sabha,Jharkhand,Sitting Rajya Sabha,227628508.2,159474868.0,70.05926861317452,68153640.19999999,141,85,115687342.0,43787526.0,27.45732073595446,2026-08-31T17:50:47.244Z
6a932b5bcd944524379edf9b,SUDHAKAR SINGH,Lok Sabha,Bihar,BUXAR,185211956.54,123581875.0,66.72456644196735,61630081.53999999,98,106,97184694.0,26397181.0,21.36007484916376,2026-08-31T17:50:47.321Z
6a932b5bcd944524379edefa,Pradyut Bordoloi,Lok Sabha,Assam,NOWGONG,98000000.0,67647652.0,69.02821632653061,30352348.0,13,202,6630634.0,61017018.0,90.19827916569815,2026-08-31T17:50:47.222Z
6a932b5ecd944524379ee280,Shri R. Girirajan (2022-28),Rajya Sabha,Tamil Nadu,Sitting Rajya Sabha,236312242.52,165928789.0,70.21590893072617,70383453.52000001,150,71,124310817.0,41617972.0,25.08182712042815,2026-08-31T17:50:47.187Z
6a932b5bcd944524379eddd5,ANOOP PRADHAN BALMIKI,Lok Sabha,Uttar Pradesh,HATHRAS,147000000.0,97915147.0,66.60894353741497,49084853.0,69,37,94261505.0,3653642.0,3.731436975731651,2026-08-31T17:50:47.719Z
6a932b5ecd944524379ee246,Shri Jaggesh (2022-28),Rajya Sabha,Karnataka,Sitting Rajya Sabha,196063957.11,130587101.0,66.60433815825478,65476856.110000014,126,82,117216640.0,13370461.0,10.238730240286136,2026-08-31T17:50:48.108Z
6a932b5bcd944524379edec9,MANOJ KUMAR,Lok Sabha,Bihar,SASARAM,147000000.0,95686097.0,65.09258299319728,51313903.0,82,112,68255638.0,27430459.0,28.667131234331777,2026-08-31T17:50:48.146Z
6a932b5bcd944524379edeec,Pankaj Chowdhary,Lok Sabha,Uttar Pradesh,MAHARAJGANJ,147000000.0,95676373.0,65.08596802721088,51323627.0,35,30,75335566.0,20340807.0,21.260010556629275,2026-08-31T17:50:48.156Z
6a932b5bcd944524379ede3d,DR RANI SRI KUMAR,Lok Sabha,Tamil Nadu,TENKASI,153060922.82,99919930.0,65.28114959656037,53140992.81999999,102,58,86705685.0,13214245.0,13.224834124683635,2026-08-31T17:50:48.161Z
6a932b5bcd944524379edee3,NEERAJ MAURYA,Lok Sabha,Uttar Pradesh,AONLA,147000000.0,97488644.0,66.31880544217688,49511356.0,17,19,96558369.0,930275.0,0.9542393470976988,2026-08-31T17:50:48.165Z
6a932b5bcd944524379ede9c,KARAN BHUSHAN SINGH,Lok Sabha,Uttar Pradesh,KAISERGANJ,147000000.0,95454825.0,64.93525510204081,51545175.0,33,75,46122700.0,49332125.0,51.68112245766518,2026-08-31T17:50:48.167Z
6a932b5bcd944524379edf1e,Rajkumar Chahar ,Lok Sabha,Uttar Pradesh,FATEHPUR SIKRI,147000000.0,96369831.0,65.5577081632653,50630169.0,45,5,95259092.0,1110739.0,1.1525795868626147,2026-08-31T17:50:48.166Z
6a932b5bcd944524379ede1a,CHHATRA PAL SINGH GANGWAR,Lok Sabha,Uttar Pradesh,BAREILLY,147000000.0,95712065.0,65.11024829931972,51287935.0,142,44,93623211.0,2088854.0,2.1824354118783247,2026-08-31T17:50:48.172Z
6a932b5bcd944524379edfae,THARANIVENTHAN M S,Lok Sabha,Tamil Nadu,ARANI,168337124.35,111315790.0,66.12670284693503,57021334.349999994,180,137,91405416.0,19910374.0,17.886387905974523,2026-08-31T17:50:48.169Z
6a932b5bcd944524379edf3f,SALENG A SANGMA,Lok Sabha,Meghalaya,TURA,147000000.0,97120000.0,66.06802721088435,49880000.0,130,218,51050000.0,46070000.0,47.43616144975288,2026-08-31T17:50:48.176Z
6a932b5bcd944524379edf13,RAJ BHUSHAN CHOUDHARY,Lok Sabha,Bihar,MUZAFFARPUR,147000000.0,96375137.0,65.56131768707483,50624863.0,77,43,86773068.0,9602069.0,9.963222153448145,2026-08-31T17:50:48.168Z
6a932b5bcd944524379edf34,RICHARD VANLALHMANGAIHA,Lok Sabha,Mizoram,MIZORAM,147000000.0,96361729.0,65.55219659863945,50638271.0,134,132,70434229.0,25927500.0,26.90642879602129,2026-08-31T17:50:48.176Z
6a932b5bcd944524379ede96,KAMLESH JANGDE,Lok Sabha,Chhattisgarh,JANJGIR CHAMPA,150384382.11,99411941.0,66.10522954922556,50972441.110000014,254,90,78661679.0,20750262.0,20.87300759976108,2026-08-31T17:50:48.187Z
6a932b5bcd944524379eddc0,AKSHAYA YADAV,Lok Sabha,Uttar Pradesh,FIROZABAD,147000000.0,95931875.0,65.25977891156462,51068125.0,37,6,87311813.0,8620062.0,8.98560775550358,2026-08-31T17:50:48.177Z
6a932b5ecd944524379ee1fb,Dr. Kavita Patidar (2022-28),Rajya Sabha,Madhya Pradesh,Sitting Rajya Sabha,197118521.35,127377000.12,64.61949858777184,69741521.23000002,142,75,85554362.0,41822638.120000005,32.8337439887888,2026-08-31T17:50:48.313Z
6a932b5bcd944524379edf59,SHER SINGH GHUBAYA,Lok Sabha,Punjab,FIROZPUR,147000000.0,94266196.0,64.12666394557823,52733804.0,361,34,88106251.0,6159945.0,6.53462774715127,2026-08-31T17:50:49.117Z
6a932b5bcd944524379ede71,Indra Hang Subba,Lok Sabha,Sikkim,SIKKIM,152003923.11,98023420.0,64.48742768899709,53980503.110000014,38,81,76962180.0,21061240.0,21.48592652653825,2026-08-31T17:50:49.125Z
6a932b5ecd944524379ee24d,Shri K.R.N. Rajeshkumar (2022-28),Rajya Sabha,Tamil Nadu,Sitting Rajya Sabha,238513975.53,152999036.0,64.14678035533224,85514939.53,84,18,131487423.0,21511613.0,14.059966364755397,2026-08-31T17:50:49.162Z
6a932b5bcd944524379edf02,PRAVEEN PATEL,Lok Sabha,Uttar Pradesh,PHULPUR,151559884.09,95102075.0,62.748843845463774,56457809.09,14,10,50524702.0,44577373.0,46.873186520903985,2026-08-31T17:50:49.168Z
6a932b5bcd944524379ede59,GAIKWAD VARSHA EKNATH,Lok Sabha,Maharashtra,MUMBAI NORTH-CENTRAL,147000000.0,92563767.0,62.96854897959183,54436233.0,0,57,0.0,92563767.0,100.0,2026-08-31T17:50:49.164Z
6a932b5ecd944524379ee28b,Shri Ramji Lal Suman (2024-30),Rajya Sabha,Uttar Pradesh,Sitting Rajya Sabha,147000000.0,93005621.0,63.26912993197279,53994379.0,29,35,48424053.0,44581568.0,47.93427270379712,2026-08-31T17:50:49.170Z
6a932b5bcd944524379edf07,Prof SP Singh Baghel,Lok Sabha,Uttar Pradesh,AGRA,147000000.0,93200157.0,63.40146734693878,53799843.0,55,55,75214638.0,17985519.0,19.297734659395477,2026-08-31T17:50:49.176Z
6a932b5bcd944524379edde9,AWADHESH PRASAD,Lok Sabha,Uttar Pradesh,FAIZABAD,147000000.0,92097873.0,62.65161428571429,54902127.0,108,106,81824252.0,10273621.0,11.15511212729093,2026-08-31T17:50:49.181Z
6a932b5bcd944524379edf4b,SARABJEET SINGH KHALSA,Lok Sabha,Punjab,FARIDKOT,150850348.15,93855473.0,62.21760450076893,56994875.150000006,227,389,49705480.0,44149993.0,47.04040328047785,2026-08-31T17:50:49.177Z
6a932b5bcd944524379ede7e,JITENDRA KUMAR DOHARE,Lok Sabha,Uttar Pradesh,ETAWAH,188747306.26,119571988.0,63.35030171783709,69175318.25999999,192,322,59111265.0,60460723.0,50.56428684618006,2026-08-31T17:50:49.180Z
6a932b5ecd944524379ee1f9,Dr. K. Laxman (2022-28),Rajya Sabha,Uttar Pradesh,Sitting Rajya Sabha,197637007.11,123809716.0,62.64500652506364,73827291.11000001,275,48,90523200.0,33286516.0,26.885221188941262,2026-08-31T17:50:49.171Z
6a932b5bcd944524379edf36,Rodmal Nagar ,Lok Sabha,Madhya Pradesh,RAJGARH,147000000.0,92107905.0,62.658438775510206,54892095.0,54,301,35993694.0,56114211.0,60.92225309000351,2026-08-31T17:50:49.194Z
6a932b5bcd944524379edf22,RAKESH RATHOR,Lok Sabha,Uttar Pradesh,SITAPUR,147000000.0,91524162.0,62.261334693877544,55475838.0,21,50,32047044.0,59477118.0,64.985154412012,2026-08-31T17:50:49.173Z
6a932b5bcd944524379edf87,SK NURUL ISLAM,Lok Sabha,West Bengal,BASIRHAT,49000000.0,30740105.0,62.7349081632653,18259895.0,7,26,13344497.0,17395608.0,56.58929271711987,2026-08-31T17:50:49.174Z
6a932b5bcd944524379eddcf,ANGOMCHA BIMOL AKOIJAM,Lok Sabha,Manipur,INNER MANIPUR,147000000.0,93860392.0,63.85060680272109,53139608.0,21,29,45798053.0,48062339.0,51.2061988831242,2026-08-31T17:50:49.180Z
6a932b5bcd944524379edf3d,SACHITHANANTHAM R,Lok Sabha,Tamil Nadu,DINDIGUL,147000000.0,91226196.0,62.05863673469387,55773804.0,50,84,59427935.0,31798261.0,34.85650218277215,2026-08-31T17:50:50.119Z
6a932b5ecd944524379ee22b,Shri Chandrakant Damodar Handore (2024-30),Rajya Sabha,Maharashtra,Sitting Rajya Sabha,147000000.0,91048479.0,61.93774081632653,55951521.0,9,29,17902582.0,73145897.0,80.33730799610612,2026-08-31T17:50:50.128Z
6a932b5ecd944524379ee28e,Shri Ratanjit Pratap Narain Singh (2024-30),Rajya Sabha,Uttar Pradesh,Sitting Rajya Sabha,147000000.0,89673432.0,61.00233469387754,57326568.0,83,42,76802551.0,12870881.0,14.353059443515,2026-08-31T17:50:50.167Z
6a932b5bcd944524379edf46,Sanjay Seth ,Lok Sabha,Jharkhand,RANCHI,147064357.11,88234955.0,59.997511792747126,58829402.110000014,49,101,29564600.0,58670355.0,66.49332455601072,2026-08-31T17:50:50.174Z
6a932b5bcd944524379ede1c,CHHOTELAL,Lok Sabha,Uttar Pradesh,ROBERTSGANJ,147000000.0,90952339.0,61.87233945578231,56047661.0,261,174,49140148.0,41812191.0,45.97154010519729,2026-08-31T17:50:50.178Z
6a932b5ecd944524379ee236,Shri Dorjee Tshering Lepcha (2024-30),Rajya Sabha,Sikkim,Sitting Rajya Sabha,150170726.11,91921040.0,61.21102453261621,58249686.110000014,85,33,84930114.0,6990926.0,7.605359991575378,2026-08-31T17:50:50.192Z
6a932b5ecd944524379ee2af,Shri Tejveer Singh (2024-30),Rajya Sabha,Uttar Pradesh,Sitting Rajya Sabha,147000000.0,89900058.0,61.15650204081633,57099942.0,53,33,61465997.0,28434061.0,31.628523532209513,2026-08-31T17:50:50.176Z
6a932b5bcd944524379edde6,Asit Kumar Mal ,Lok Sabha,West Bengal,BOLPUR,275694456.74,167302248.0,60.68393611474685,108392208.74,134,68,150323234.0,16979014.0,10.14870642981438,2026-08-31T17:50:50.181Z
6a932b5bcd944524379edf72,Shri Karti P Chidambaram ,Lok Sabha,Tamil Nadu,SIVAGANGA,159049284.11,98344507.0,61.83272534064598,60704777.110000014,117,67,74356902.0,23987605.0,24.39140296874944,2026-08-31T17:50:50.195Z
6a932b5bcd944524379eddff,BHARTI PARDHI,Lok Sabha,Madhya Pradesh,BALAGHAT,154398389.01,92426127.0,59.86210581122954,61972262.00999999,80,85,44802146.0,47623981.0,51.52653534860332,2026-08-31T17:50:50.197Z
6a932b5ecd944524379ee20b,Dr. Sikander Kumar (2022-28),Rajya Sabha,Himachal Pradesh,Sitting Rajya Sabha,207863957.11,127603852.04,61.38815685707023,80260105.07000001,169,225,89654329.04,37949523.0,29.74010767958945,2026-08-31T17:50:50.180Z
6a932b5bcd944524379ede33,Dinesh Chandra Yadav,Lok Sabha,Bihar,MADHEPURA,150070866.11,92486814.0,61.628760063401224,57584052.110000014,105,51,87211021.0,5275793.0,5.70437316610344,2026-08-31T17:50:50.196Z
6a932b5bcd944524379edec3,Manickam Tagore B,Lok Sabha,Tamil Nadu,VIRUDHUNAGAR,147000000.0,90165437.0,61.33703197278911,56834563.0,69,19,73873945.0,16291492.0,18.068444563741203,2026-08-31T17:50:50.179Z
6a932b5bcd944524379edebf,MALAIYARASAN D,Lok Sabha,Tamil Nadu,KALLAKURICHI,201599593.0,121901141.0,60.46695788716201,79698452.0,198,191,119983247.0,1917894.0,1.5733191537559112,2026-08-31T17:50:50.179Z
6a932b5bcd944524379ede3b,Dr Mohammad Jawed,Lok Sabha,Bihar,KISHANGANJ,148669229.11,89065400.0,59.90842929178083,59603829.110000014,130,74,83945400.0,5120000.0,5.748584747836983,2026-08-31T17:50:50.192Z
6a932b5bcd944524379edfa5,Suresh Kumar Kashyap,Lok Sabha,Himachal Pradesh,SHIMLA,153563957.11,90424211.0,58.88374635672346,63139746.110000014,83,446,21196476.0,69227735.0,76.55884882423801,2026-08-31T17:49:36.794Z
6a932b5bcd944524379ede86,K E PRAKASH,Lok Sabha,Tamil Nadu,ERODE,147000000.0,87182728.0,59.30797823129251,59817272.0,141,101,78048880.0,9133848.0,10.476671480158316,2026-08-31T17:50:51.097Z
6a932b5bcd944524379eddb4,ADITYA YADAV,Lok Sabha,Uttar Pradesh,BADAUN,147000000.0,86893966.0,59.11154149659864,60106034.0,41,64,31363039.0,55530927.0,63.90653983960175,2026-08-31T17:50:51.137Z
6a932b5bcd944524379ede5d,Ganesan Selvam,Lok Sabha,Tamil Nadu,KANCHEEPURAM,186508749.11,110717216.0,59.36301461906255,75791533.11000001,273,177,96645925.0,14071291.0,12.709216785219745,2026-08-31T17:50:51.152Z
6a932b5ecd944524379ee268,Shri Mukul Wasnik (2022-28),Rajya Sabha,Rajasthan,Sitting Rajya Sabha,196063957.11,113851736.01,58.06867192123663,82212221.10000001,94,79,74795735.0,39056001.010000005,34.30426480854853,2026-08-31T17:50:51.151Z
6a932b5bcd944524379edea2,Kiren Rijiju,Lok Sabha,Arunachal Pradesh,ARUNACHAL WEST,147000000.0,87533016.0,59.5462693877551,59466984.0,114,17,80040499.0,7492517.0,8.559646796587016,2026-08-31T17:50:51.158Z
6a932b5bcd944524379ede79,Jai Prakash,Lok Sabha,Uttar Pradesh,HARDOI,147000000.0,85755277.0,58.33692312925171,61244723.0,3,21,18939014.0,66816263.0,77.91504539131743,2026-08-31T17:50:51.156Z
6a932b5bcd944524379edeaf,LALJI VERMA,Lok Sabha,Uttar Pradesh,AMBEDKAR NAGAR,147000000.0,86165424.0,58.61593469387755,60834576.0,61,202,45423544.0,40741880.0,47.283327939058246,2026-08-31T17:50:51.167Z
6a932b5bcd944524379ede7a,Janardan Mishra,Lok Sabha,Madhya Pradesh,REWA,147000000.0,86935425.0,59.139744897959176,60064575.0,1,106,1125327.0,85810098.0,98.70555990265188,2026-08-31T17:50:51.164Z
6a932b5bcd944524379edfc3,VIRENDRA SINGH,Lok Sabha,Uttar Pradesh,CHANDAULI,147000000.0,86345853.0,58.73867551020409,60654147.0,13,22,60651663.0,25694190.0,29.757294771296085,2026-08-31T17:50:51.178Z
6a932b5bcd944524379ede1f,CN Annadurai,Lok Sabha,Tamil Nadu,TIRUVANNAMALAI,148579509.11,87500808.0,58.89157160643145,61078701.110000014,171,23,79786644.0,7714164.0,8.81610601812957,2026-08-31T17:50:51.190Z
6a932b5bcd944524379ede31,Dileshwar Kamait ,Lok Sabha,Bihar,SUPAUL,150450930.89,89329681.0,59.37462830676142,61121249.889999986,46,85,60629237.0,28700444.0,32.128676245916516,2026-08-31T17:50:51.174Z
6a932b5bcd944524379ededd,NALIN SOREN,Lok Sabha,Jharkhand,DUMKA,147364097.11,86550781.0,58.73261038297145,60813316.110000014,106,319,30263976.0,56286805.0,65.03327220120636,2026-08-31T17:50:51.179Z
6a932b5bcd944524379edf7b,Shri Satish Kumar Gautam ,Lok Sabha,Uttar Pradesh,ALIGARH,147000000.0,87713538.0,59.669073469387754,59286462.0,21,55,24736769.0,62976769.0,71.79823142010302,2026-08-31T17:50:51.165Z
6a932b5bcd944524379ede16,CHANDRA SHEKHAR,Lok Sabha,Uttar Pradesh,NAGINA,147000000.0,87033825.0,59.206683673469385,59966175.0,286,227,61564493.0,25469332.0,29.263716721630928,2026-08-31T17:50:51.214Z
6a932b5bcd944524379edf28,RAMBHUAL NISHAD,Lok Sabha,Uttar Pradesh,SULTANPUR,151231957.11,87473694.0,57.84074720158199,63758263.110000014,6,46,54336205.0,33137489.0,37.88280508652121,2026-08-31T17:50:51.502Z
6a932b5bcd944524379eddc1,ALFRED KANNGAM S ARTHUR,Lok Sabha,Manipur,OUTER MANIPUR,147000000.0,84951963.0,57.79045102040816,62048037.0,15,20,29751963.0,55200000.0,64.97789815639693,2026-08-31T17:50:51.705Z
6a932b5bcd944524379edde0,Arvind Dharmapuri,Lok Sabha,Telangana,NIZAMABAD,281396355.11,158096817.0,56.182965461012714,123299538.11,476,440,147505027.0,10591790.0,6.699559295997718,2026-08-31T17:50:52.150Z
6a932b5bcd944524379ede88,K Subbarayan,Lok Sabha,Tamil Nadu,TIRUPPUR,147000000.0,81901423.0,55.71525374149659,65098577.0,65,53,67913861.0,13987562.0,17.078533543916567,2026-08-31T17:50:52.194Z
6a932b5bcd944524379edebb,Mahesh Sharma,Lok Sabha,Uttar Pradesh,GAUTAM BUDDHA NAGAR,148816284.11,83408358.0,56.04787036501149,65407926.110000014,68,103,57908132.0,25500226.0,30.572746678456376,2026-08-31T17:50:52.195Z
6a932b5bcd944524379ede25,DAROGA PRASAD SAROJ,Lok Sabha,Uttar Pradesh,LALGANJ,147000000.0,82499872.0,56.12236190476191,64500128.0,58,236,21279304.0,61220568.0,74.20686422398329,2026-08-31T17:50:52.203Z
6a932b5bcd944524379edfb6,V S Matheswaran,Lok Sabha,Tamil Nadu,NAMAKKAL,162539930.11,90580955.0,55.7284323542521,71958975.11000001,140,70,90580955.0,0.0,0.0,2026-08-31T17:50:52.194Z
6a932b5ecd944524379ee26c,Shri Naresh Bansal (2020-26),Rajya Sabha,Uttarakhand,Sitting Rajya Sabha,222043184.71,124316327.0,55.98745449555843,97726857.71,106,127,96802546.0,27513781.0,22.13207360928545,2026-08-31T17:50:52.207Z
6a932b5bcd944524379ede51,Durga Das Uikey ,Lok Sabha,Madhya Pradesh,BETUL,151569502.91,85636977.0,56.500137135667806,65932525.91,288,214,67364911.0,18272066.0,21.336654608908017,2026-08-31T17:50:52.210Z
6a932b5ecd944524379ee264,Shri Meda Raghunadha Reddy (2024-30),Rajya Sabha,Andhra Pradesh,Sitting Rajya Sabha,147000000.0,81094462.0,55.16630068027211,65905538.0,110,139,64019913.0,17074549.0,21.055135676219173,2026-08-31T17:50:52.210Z
6a932b5ecd944524379ee279,Shri Pradip Kumar Varma (2024-30),Rajya Sabha,Jharkhand,Sitting Rajya Sabha,178564551.09,101069118.0,56.60088600063694,77495433.09,24,214,20485000.0,80584118.0,79.73169212775755,2026-08-31T17:50:52.220Z
6a932b5bcd944524379edfaa,TANUJ PUNIA,Lok Sabha,Uttar Pradesh,BARABANKI,148198170.11,83397272.0,56.27415772954445,64800898.110000014,13,20,38479343.0,44917929.0,53.86018981532153,2026-08-31T17:50:52.209Z
6a932b5bcd944524379ede69,Gyaneshwar Patil,Lok Sabha,Madhya Pradesh,KHANDWA,155690684.77,86011926.0,55.24539000330327,69678758.77000001,164,222,53503477.0,32508449.0,37.79528085442477,2026-08-31T17:50:52.214Z
6a932b5ecd944524379ee20f,Dr. Vikramjit Singh Sahney (2022-28),Rajya Sabha,Punjab,Sitting Rajya Sabha,198656208.57,111224375.74,55.988371337917755,87431832.83000003,27,33,60373951.74,50850423.99999999,45.718776717496546,2026-08-31T17:50:52.212Z
6a932b5ecd944524379ee272,Shri P. Chidambaram (2022-28),Rajya Sabha,Tamil Nadu,Sitting Rajya Sabha,236312242.52,133481597.0,56.485265247611096,102830645.52,75,69,71448372.0,62033225.0,46.473241551043174,2026-08-31T17:50:52.208Z
6a932b5bcd944524379edf57,SHASHANK MANI,Lok Sabha,Uttar Pradesh,DEORIA,147000000.0,80936917.0,55.05912721088435,66063083.0,45,81,50341922.0,30594995.0,37.80103830740181,2026-08-31T17:50:52.261Z
6a932b5bcd944524379ede2a,DEVESH SHAKYA,Lok Sabha,Uttar Pradesh,ETAH,147000000.0,81351075.0,55.34086734693877,65648925.0,220,106,53713019.0,27638056.0,33.9738055090237,2026-08-31T17:50:52.193Z
6a932b5bcd944524379edfbd,Vijay Kumar Dubey,Lok Sabha,Uttar Pradesh,KUSHI NAGAR,148900000.0,80256423.0,53.89954533243788,68643577.0,132,90,58294797.0,21961626.0,27.36432198080894,2026-08-31T17:50:53.143Z
6a932b5ecd944524379ee269,Shri Nagendra Ray (2023-29),Rajya Sabha,West Bengal,Sitting Rajya Sabha,171500000.0,91735859.0,53.49029679300291,79764141.0,2,20,23775426.0,67960433.0,74.08273464796356,2026-08-31T17:50:53.175Z
6a932b5bcd944524379ede9b,KANWAR SINGH TANWAR,Lok Sabha,Uttar Pradesh,AMROHA,147000000.0,78135018.0,53.15307346938776,68864982.0,59,46,65163043.0,12971975.0,16.60199911901217,2026-08-31T17:50:53.175Z
6a932b5bcd944524379edfab,TARIQ ANWAR,Lok Sabha,Bihar,KATIHAR,147000000.0,79735060.0,54.24153741496599,67264940.0,60,26,58505060.0,21230000.0,26.62567758775123,2026-08-31T17:50:53.189Z
6a932b5ecd944524379ee290,Shri Rwngwra Narzary (2022-28),Rajya Sabha,Assam,Sitting Rajya Sabha,220563957.11,118131237.0,53.55872217194825,102432720.11,16,150,18169662.0,99961575.0,84.6190876677267,2026-08-31T17:50:53.191Z
6a932b5ecd944524379ee2b7,Shri Vivek K. Tankha (2022-28),Rajya Sabha,Madhya Pradesh,Sitting Rajya Sabha,220563957.11,116275421.0,52.717326313660095,104288536.11,118,388,42868866.0,73406555.0,63.1316183323043,2026-08-31T17:50:53.203Z
6a932b5bcd944524379edf76,Shri Narendra Modi,Lok Sabha,Uttar Pradesh,VARANASI,162070276.11,88819703.0,54.80320335834836,73250573.11000001,192,25,89119541.0,-299838.0,-0.3375805028305487,2026-08-31T17:50:53.198Z
6a932b5bcd944524379ede8f,KALI CHARAN MUNDA,Lok Sabha,Jharkhand,KHUNTI,147000000.0,77772545.0,52.90649319727891,69227455.0,31,274,19500000.0,58272545.0,74.92688454518236,2026-08-31T17:50:53.206Z
6a932b5bcd944524379ede21,D Ravikumar ,Lok Sabha,Tamil Nadu,VILUPPURAM,197598306.11,104427486.0,52.848371049226905,93170820.11,222,66,102865450.0,1562036.0,1.4958092546630877,2026-08-31T17:50:53.212Z
6a932b5bcd944524379edfc5,Vishnu Dayal Ram,Lok Sabha,Jharkhand,PALAMU,158176083.11,83852477.0,53.01210862686913,74323606.11000001,117,154,60158321.0,23694156.0,28.25695417441276,2026-08-31T17:50:53.209Z
6a932b5ecd944524379ee244,Shri Imran Pratapgarhi (2022-28),Rajya Sabha,Maharashtra,Sitting Rajya Sabha,196000000.0,102738277.0,52.41748826530612,93261723.0,53,55,49803712.0,52934565.0,51.52370328344128,2026-08-31T17:50:53.209Z
6a932b5bcd944524379edec1,MALVINDER SINGH KANG,Lok Sabha,Punjab,ANANDPUR SAHIB,147000000.0,78725294.0,53.55462176870748,68274706.0,109,236,40027429.0,38697865.0,49.15556745967821,2026-08-31T17:50:53.230Z
6a932b5bcd944524379edf8c,Smt Harsimrat Kaur Badal,Lok Sabha,Punjab,BHATINDA,159775982.39,85393082.0,53.44550584052272,74382900.38999999,147,206,47784075.0,37609007.0,44.04221761196065,2026-08-31T17:50:53.226Z
6a932b5bcd944524379ede14,CHANDAN CHAUHAN,Lok Sabha,Uttar Pradesh,BIJNOR,147000000.0,80796698.0,54.96374013605442,66203302.0,14,102,11364013.0,69432685.0,85.93505269237612,2026-08-31T17:50:53.177Z
6a932b5bcd944524379edf4f,SAVITRI THAKUR,Lok Sabha,Madhya Pradesh,DHAR,147000000.0,79325366.0,53.962834013605445,67674634.0,179,160,58812391.0,20512975.0,25.85928818784145,2026-08-31T17:50:53.225Z
6a932b5bcd944524379ede08,Bidyut Baran Mahato,Lok Sabha,Jharkhand,JAMSHEDPUR,147000000.0,75745972.0,51.52787210884354,71254028.0,2,176,1141000.0,74604972.0,98.49364927286166,2026-08-31T17:50:54.210Z
6a932b5bcd944524379eddca,ANAND BHADAURIYA,Lok Sabha,Uttar Pradesh,DHAURAHRA,147000000.0,76758938.0,52.21696462585034,70241062.0,132,45,38721345.0,38037593.0,49.554610825907986,2026-08-31T17:50:54.269Z
6a932b5bcd944524379ede23,DAGGUMALLA PRASADA RAO,Lok Sabha,Andhra Pradesh,CHITTOOR,147000000.0,76341346.0,51.932888435374146,70658654.0,111,115,58562176.0,17779170.0,23.289044445194875,2026-08-31T17:50:54.306Z
6a932b5bcd944524379edf29,RAMESH AWASTHI,Lok Sabha,Uttar Pradesh,KANPUR,147000000.0,75758324.0,51.53627482993197,71241676.0,48,66,49892280.0,25866044.0,34.14284085798941,2026-08-31T17:50:54.325Z
6a932b5bcd944524379ededa,MURASOLI S,Lok Sabha,Tamil Nadu,THANJAVUR,147000000.0,76201785.0,51.83794897959184,70798215.0,45,44,66622387.0,9579398.0,12.571093971092672,2026-08-31T17:50:54.326Z
6a932b5bcd944524379edf56,Shankar Lalwani,Lok Sabha,Madhya Pradesh,INDORE,147000000.0,76896131.0,52.31029319727891,70103869.0,145,137,55202558.0,21693573.0,28.211527313383293,2026-08-31T17:50:54.329Z
6a932b5bcd944524379eded4,Mr Gopal Jee Thakur,Lok Sabha,Bihar,DARBHANGA,147000000.0,75767756.0,51.54269115646258,71232244.0,59,120,28699256.0,47068500.0,62.12207208565079,2026-08-31T17:50:54.327Z
6a932b5bcd944524379edeaa,KRISHNA DEVI SHIVSHANKER PATEL,Lok Sabha,Uttar Pradesh,BANDA,147000000.0,75878699.67,51.61816304081632,71121300.33,202,240,46541122.12,29337577.550000004,38.66378532788582,2026-08-31T17:50:54.330Z
6a932b5bcd944524379edf63,Shri Anil Firojiya,Lok Sabha,Madhya Pradesh,UJJAIN,147000000.0,76951399.0,52.34789047619047,70048601.0,152,96,42096894.0,34854505.0,45.29417977183235,2026-08-31T17:50:54.329Z
6a932b5ecd944524379ee27d,Shri Pramod Tiwari (2022-28),Rajya Sabha,Rajasthan,Sitting Rajya Sabha,196063957.11,100649660.0,51.335116093536435,95414297.11,64,67,64986789.0,35662871.0,35.432679057236754,2026-08-31T17:50:54.330Z
6a932b5bcd944524379edf4c,Sasikanth Senthil,Lok Sabha,Tamil Nadu,TIRUVALLUR,171500000.0,89433784.0,52.14797900874636,82066216.0,87,95,52351176.0,37082608.0,41.46375825940676,2026-08-31T17:50:54.339Z
6a932b5bcd944524379ede92,Kalyan Banerjee,Lok Sabha,West Bengal,SREERAMPUR,147000000.0,76719145.0,52.18989455782312,70280855.0,83,37,59028419.0,17690726.0,23.059076062435263,2026-08-31T17:50:54.333Z
6a932b5bcd944524379edfc1,VINOD KUMAR BIND,Lok Sabha,Uttar Pradesh,BHADOHI,147000000.0,75517267.0,51.37229047619047,71482733.0,407,137,52573170.0,22944097.0,30.38258389303204,2026-08-31T17:50:54.331Z
6a932b5ecd944524379ee22e,Shri Chunnilal Garasiya (2024-30),Rajya Sabha,Rajasthan,Sitting Rajya Sabha,147000000.0,75813515.0,51.57381972789115,71186485.0,24,153,39527191.0,36286324.0,47.86260602743456,2026-08-31T17:50:54.328Z
6a932b5bcd944524379edf00,Pratima Mondal ,Lok Sabha,West Bengal,JOYNAGAR,147000000.0,74379705.0,50.5984387755102,72620295.0,169,54,67497029.0,6882676.0,9.253432774437597,2026-08-31T17:50:55.134Z
6a932b5ecd944524379ee2cf,Smt. Sonia Gandhi (2024-30),Rajya Sabha,Rajasthan,Sitting Rajya Sabha,147000000.0,73650240.0,50.10220408163265,73349760.0,46,82,42569181.0,31081059.0,42.200893031713136,2026-08-31T17:50:55.132Z
6a932b5bcd944524379eddb0,ABHAY KUMAR SINHA,Lok Sabha,Bihar,AURANGABAD,147000000.0,73566109.0,50.04497210884353,73433891.0,124,147,56408191.0,17157918.0,23.323128317143972,2026-08-31T17:50:55.167Z
6a932b5bcd944524379eddbc,Ajay Kumar Mandal,Lok Sabha,Bihar,BHAGALPUR,147000000.0,75252620.0,51.192258503401355,71747380.0,38,36,38763615.0,36489005.0,48.48868384914704,2026-08-31T17:50:55.171Z
6a932b5ecd944524379ee240,Shri Harsh Mahajan (2024-30),Rajya Sabha,Himachal Pradesh,Sitting Rajya Sabha,147000000.0,75081105.0,51.07558163265307,71918895.0,152,309,37740073.0,37341032.0,49.73426003786172,2026-08-31T17:50:55.165Z
6a932b5bcd944524379edf1a,RAJESH VERMA,Lok Sabha,Bihar,KHAGARIA,147000000.0,74186362.0,50.46691292517007,72813638.0,67,9,72871598.0,1314764.0,1.7722448770300936,2026-08-31T17:50:55.190Z
6a932b5ecd944524379ee2ac,Shri Surendra Singh Nagar (2022-28),Rajya Sabha,Uttar Pradesh,Sitting Rajya Sabha,220563957.11,109500434.16,49.64566087531235,111063522.95000002,98,200,55618024.0,53882410.16,49.20748540710626,2026-08-31T17:50:55.197Z
6a932b5bcd944524379edf37,ROOP KUMARI CHOUDHARY,Lok Sabha,Chhattisgarh,MAHASAMUND,153035414.0,75772172.0,49.512834983411096,77263242.0,72,107,42184962.0,33587210.0,44.32657678072103,2026-08-31T17:50:55.194Z
6a932b5ecd944524379ee222,Shri Babubhai Jesangbhai Desai (2023-29),Rajya Sabha,Gujarat,Sitting Rajya Sabha,171500000.0,84930425.0,49.522113702623905,86569575.0,137,145,68091874.0,16838551.0,19.82628840018168,2026-08-31T17:50:55.195Z
6a932b5bcd944524379edf0f,RADHE SHYAM RATHIYA,Lok Sabha,Chhattisgarh,RAIGARH,159706972.09,80152296.0,50.18709887933485,79554676.09,72,66,56870399.0,23281897.0,29.04707433458924,2026-08-31T17:50:55.196Z
6a932b5bcd944524379edfb5,UTKARSH VERMA MADHUR,Lok Sabha,Uttar Pradesh,KHERI,147000000.0,74909150.0,50.958605442176875,72090850.0,347,13,72238022.0,2671128.0,3.5658234007461034,2026-08-31T17:50:55.218Z
6a932b5bcd944524379edef5,PRABHAKAR REDDY VEMIREDDY,Lok Sabha,Andhra Pradesh,NELLORE,147000000.0,73610054.0,50.074866666666665,73389946.0,124,34,66527947.0,7082107.0,9.621113713623956,2026-08-31T17:50:55.221Z
6a932b5bcd944524379ede49,DR. RAJ KUMAR CHABBEWAL,Lok Sabha,Punjab,HOSHIARPUR,147000000.0,75344197.0,51.25455578231293,71655803.0,93,186,33721626.0,41622571.0,55.24323392815508,2026-08-31T17:50:55.237Z
6a932b5bcd944524379eded2,MOHIBBULLAH,Lok Sabha,Uttar Pradesh,RAMPUR,147000000.0,74744421.0,50.84654489795918,72255579.0,219,161,56635005.0,18109416.0,24.228451779698716,2026-08-31T17:50:55.215Z
6a932b5ecd944524379ee26b,Shri Narayanasa K. Bhandage (2024-30),Rajya Sabha,Karnataka,Sitting Rajya Sabha,147450000.0,76863625.0,52.1286029162428,70586375.0,87,69,68036055.0,8827570.0,11.484717250845248,2026-08-31T17:50:55.247Z
6a932b5bcd944524379edf19,RAJESH RANJAN ALIAS PAPPU YADAV,Lok Sabha,Bihar,PURNEA,147000000.0,72622818.0,49.40327755102041,74377182.0,46,125,47774818.0,24848000.0,34.215141582635916,2026-08-31T17:50:56.100Z
6a932b5bcd944524379ede67,Gumma Thanuja Rani,Lok Sabha,Andhra Pradesh,ARAKU,149458905.11,73149314.0,48.94276051745659,76309591.11000001,28,104,39390323.0,33758991.0,46.150796438091,2026-08-31T17:50:56.164Z
6a932b5bcd944524379eddf3,BALRAM NAIK PORIKA,Lok Sabha,Telangana,MAHABUBABAD,147000000.0,72320239.0,49.19744149659864,74679761.0,238,121,58126519.0,14193720.0,19.62620726405509,2026-08-31T17:50:56.170Z
6a932b5ecd944524379ee2d0,Smt. Sudha Murty (2024-30),Rajya Sabha,Karnataka,Nominated Rajya Sabha,147000000.0,71000000.0,48.29931972789115,76000000.0,0,10,0.0,71000000.0,100.0,2026-08-31T17:50:56.176Z
6a932b5bcd944524379edeb5,M.K. VISHNUPRASAD,Lok Sabha,Tamil Nadu,CUDDALORE,147000000.0,71295556.0,48.500378231292515,75704444.0,74,40,58612994.0,12682562.0,17.788713226389593,2026-08-31T17:50:56.189Z
6a932b5bcd944524379ede91,KALIPADA SAREN,Lok Sabha,West Bengal,JHARGRAM,147000000.0,71784126.0,48.8327387755102,75215874.0,40,23,64525426.0,7258700.0,10.11184561890466,2026-08-31T17:50:56.191Z
6a932b5bcd944524379eddcd,Andimuthu Raja,Lok Sabha,Tamil Nadu,NILGIRIS,147000000.0,71485310.0,48.62946258503401,75514690.0,73,41,57023342.0,14461968.0,20.23068515755195,2026-08-31T17:50:56.187Z
6a932b5ecd944524379ee28f,Shri Ravi Chandra Vaddiraju (2024-30),Rajya Sabha,Telangana,Sitting Rajya Sabha,152732534.11,73672123.0,48.23603787451097,79060411.11000001,107,169,45607361.0,28064762.0,38.0941404389826,2026-08-31T17:50:56.204Z
6a932b5bcd944524379edea3,Kirti Vardhan Singh,Lok Sabha,Uttar Pradesh,GONDA,147000000.0,71075338.0,48.35057006802721,75924662.0,35,118,31368454.0,39706884.0,55.86590949451412,2026-08-31T17:50:56.185Z
6a932b5bcd944524379ede78,JAI PARKASH,Lok Sabha,Haryana,HISAR,147000000.0,71088815.0,48.3597380952381,75911185.0,68,375,17152376.0,53936439.0,75.87190615007438,2026-08-31T17:50:56.212Z
6a932b5bcd944524379eddb9,AFZAL ANSARI,Lok Sabha,Uttar Pradesh,GHAZIPUR,220500000.0,106722563.0,48.40025532879819,113777437.0,35,396,34821719.0,71900844.0,67.37173656520974,2026-08-31T17:50:56.210Z
6a932b5bcd944524379ede8e,Kalanidhi Veeraswamy,Lok Sabha,Tamil Nadu,CHENNAI NORTH,171500000.0,83933669.0,48.94091486880466,87566331.0,40,60,58102632.0,25831037.0,30.77553657281442,2026-08-31T17:50:56.206Z
6a932b5bcd944524379edf15,RAJA RAM SINGH,Lok Sabha,Bihar,KARAKAT,147000000.0,71841783.0,48.871961224489795,75158217.0,114,212,49586273.0,22255510.0,30.978504528485885,2026-08-31T17:50:56.208Z
6a932b5bcd944524379edf60,Shri Abhishek Banerjee,Lok Sabha,West Bengal,DIAMOND HARBOUR,147000000.0,71510891.0,48.64686462585034,75489109.0,200,120,51994006.0,19516885.0,27.292185465847435,2026-08-31T17:50:56.207Z
6a932b5bcd944524379ede09,BIJULI KALITA MEDHI,Lok Sabha,Assam,GUWAHATI,147000000.0,71322647.0,48.5188074829932,75677353.0,5,145,6650000.0,64672647.0,90.67617330579444,2026-08-31T17:50:56.205Z
6a932b5bcd944524379ede85,Jyotsna Charandas Mahant ,Lok Sabha,Chhattisgarh,KORBA,155153738.11,74709092.0,48.15165455248856,80444646.11000001,136,174,46950456.0,27758636.0,37.155632944916526,2026-08-31T17:50:57.097Z
6a932b5bcd944524379eddfe,Bharatsinhji Shankarji Dabhi,Lok Sabha,Gujarat,PATAN,147000000.0,70906510.0,48.235721088435376,76093490.0,160,157,54564711.0,16341799.0,23.0469656453265,2026-08-31T17:50:57.111Z
6a932b5bcd944524379edefd,Prasun Banerjee,Lok Sabha,West Bengal,HOWRAH,147000000.0,70699743.0,48.09506326530612,76300257.0,136,78,55720622.0,14979121.0,21.186952546630895,2026-08-31T17:50:57.139Z
6a932b5bcd944524379edf66,Shri B Y Raghavendra ,Lok Sabha,Karnataka,SHIMOGA,147000000.0,70061261.0,47.66072176870748,76938739.0,49,213,21057305.0,49003956.0,69.94443905313095,2026-08-31T17:50:57.394Z
6a932b5bcd944524379edecc,Mansukhbhai Dhanjibhai Vasava,Lok Sabha,Gujarat,BHARUCH,147000000.0,69778294.0,47.46822721088436,77221706.0,204,194,58774921.0,11003373.0,15.769048466561822,2026-08-31T17:50:57.429Z
6a932b5bcd944524379edde5,Ashok Kumar Yadav ,Lok Sabha,Bihar,MADHUBANI,147000000.0,70438959.0,47.917659183673464,76561041.0,81,108,47148959.0,23290000.0,33.06408886593568,2026-08-31T17:50:57.437Z
6a932b5bcd944524379edf0d,Radha Mohan Singh,Lok Sabha,Bihar,PURVI CHAMPARAN,147000000.0,69803891.0,47.48564013605442,77196109.0,60,64,59914195.0,9889696.0,14.167829125743149,2026-08-31T17:50:57.461Z
6a932b5bcd944524379eddc5,AMARSING TISSO,Lok Sabha,Assam,Diphu,147000000.0,70287578.0,47.81467891156462,76712422.0,41,53,38163498.0,32124080.0,45.703779976598426,2026-08-31T17:50:57.473Z
6a932b5bcd944524379edea5,KISHORI LAL,Lok Sabha,Uttar Pradesh,AMETHI,171500000.0,82481354.0,48.094083965014576,89018646.0,19,31,31769442.0,50711912.0,61.48288011857807,2026-08-31T17:50:57.480Z
6a932b5bcd944524379edf1f,Rajnath Singh,Lok Sabha,Uttar Pradesh,LUCKNOW,154808797.11,74407887.0,48.06437902048239,80400910.11000001,31,71,27144116.0,47263771.0,63.51984030940161,2026-08-31T17:50:57.487Z
6a932b5bcd944524379edf03,PRIYA SAROJ,Lok Sabha,Uttar Pradesh,MACHHLISHAHR,147000000.0,69805592.0,47.48679727891157,77194408.0,725,670,34383272.0,35422320.0,50.744244100100175,2026-08-31T17:50:57.486Z
6a932b5ecd944524379ee250,Shri Kapil Sibal (2022-28),Rajya Sabha,Uttar Pradesh,Sitting Rajya Sabha,196063957.11,92839935.12,47.351862365969154,103224021.99,64,161,42170641.12,50669294.00000001,54.577045895721014,2026-08-31T17:50:57.498Z
6a932b5bcd944524379eddf4,BALWANT BASWANT WANKHADE,Lok Sabha,Maharashtra,AMRAVATI,198293678.0,93790658.0,47.298864465058735,104503020.0,51,116,45228630.0,48562028.0,51.77704158979245,2026-08-31T17:50:57.479Z
6a932b5ecd944524379ee237,Shri G.C. Chandrashekhar (2024-30),Rajya Sabha,Karnataka,Sitting Rajya Sabha,147000000.0,69767504.0,47.460887074829934,77232496.0,62,135,31430789.0,38336715.0,54.949242558541286,2026-08-31T17:50:57.521Z
6a932b5ecd944524379ee2c2,Smt. Maya Naroliya (2024-30),Rajya Sabha,Madhya Pradesh,Sitting Rajya Sabha,147000000.0,70041767.0,47.64746054421769,76958233.0,16,140,16663844.0,53377923.0,76.20870415790624,2026-08-31T17:50:57.601Z
6a932b5ecd944524379ee229,Shri Brij Lal (2020-26),Rajya Sabha,Uttar Pradesh,Sitting Rajya Sabha,196063957.11,91370638.0,46.60246551523862,104693319.11,113,37,10641068.0,80729570.0,88.35395239332793,2026-08-31T17:50:58.111Z
6a932b5bcd944524379edfb0,Thirumaa Valavan Thol,Lok Sabha,Tamil Nadu,CHIDAMBARAM,147000000.0,68203692.0,46.3970693877551,78796308.0,45,32,42695846.0,25507846.0,37.399509105753395,2026-08-31T17:50:58.147Z
6a932b5ecd944524379ee206,Dr. Sangeeta Balwant (2024-30),Rajya Sabha,Uttar Pradesh,Sitting Rajya Sabha,147000000.0,68851419.5,46.83770034013606,78148580.5,2,383,1049186.0,67802233.5,98.47615923154642,2026-08-31T17:50:58.143Z
6a932b5bcd944524379edf2d,RANJIT DUTTA,Lok Sabha,Assam,Sonitpur,147000000.0,68221590.0,46.409244897959184,78778410.0,22,127,18201665.0,50019925.0,73.31978776806581,2026-08-31T17:50:58.149Z
6a932b5bcd944524379edfa7,Swami Sachchidanandhari Sakshi ji Maharaj ,Lok Sabha,Uttar Pradesh,UNNAO,147000000.0,68421377.0,46.54515442176871,78578623.0,12,77,15871450.0,52549927.0,76.80337535445976,2026-08-31T17:50:58.136Z
6a932b5bcd944524379edf6c,Shri Hanuman Beniwal,Lok Sabha,Rajasthan,NAGAUR,147000000.0,67502015.0,45.919738095238095,79497985.0,177,75,51926601.0,15575414.0,23.07399860581939,2026-08-31T17:50:58.217Z
6a932b5bcd944524379edf6b,Shri Gurjeet Singh Aujla,Lok Sabha,Punjab,AMRITSAR,147000000.0,67439837.0,45.87744013605442,79560163.0,91,190,38537872.0,28901965.0,42.855923569328915,2026-08-31T17:50:58.222Z
6a932b5ecd944524379ee208,Dr. Sarfraz Ahmad (2024-30),Rajya Sabha,Jharkhand,Sitting Rajya Sabha,178564551.09,82543604.0,46.22619859100501,96020947.09,20,344,20339442.0,62204162.0,75.35915441734286,2026-08-31T17:50:58.225Z
6a932b5bcd944524379edddd,ARUN NEHRU,Lok Sabha,Tamil Nadu,PERAMBALUR,147000000.0,67653424.0,46.02273741496599,79346576.0,54,28,58995308.0,8658116.0,12.7977498965906,2026-08-31T17:50:58.239Z
6a932b5ecd944524379ee23d,Shri Harbhajan Singh (2022-28),Rajya Sabha,Punjab,Sitting Rajya Sabha,220984094.27,101056126.52,45.730045347303985,119927967.75,77,119,49629975.52,51426150.99999999,50.888701923304225,2026-08-31T17:50:58.240Z
6a932b5bcd944524379eddd8,Anurag Sharma ,Lok Sabha,Uttar Pradesh,JHANSI,147000000.0,67201462.0,45.71528027210884,79798538.0,85,83,43132735.0,24068727.0,35.815778829335585,2026-08-31T17:50:58.249Z
6a932b5ecd944524379ee2b4,Shri V. Vijayendra Prasad (2022-28),Rajya Sabha,Andhra Pradesh,Nominated Rajya Sabha,196063957.11,90827947.0,46.325672672740026,105236010.11,74,121,66259842.0,24568105.0,27.049059030256405,2026-08-31T17:50:58.182Z
6a932b5bcd944524379ede5a,Gajendra Singh Patel,Lok Sabha,Madhya Pradesh,KHARGONE,147000000.0,68043845.0,46.28832993197279,78956155.0,104,232,25228815.0,42815030.0,62.92270814502032,2026-08-31T17:50:58.218Z
6a932b5bcd944524379ede40,DR. HEMANG JOSHI,Lok Sabha,Gujarat,VADODARA,147000000.0,68089263.0,46.31922653061225,78910737.0,71,134,44784968.0,23304295.0,34.22609376752984,2026-08-31T17:50:58.320Z
6a932b5bcd944524379edfa3,SURENDRA PRASAD YADAV,Lok Sabha,Bihar,JAHANABAD,155325714.0,70973331.0,45.69322694373708,84352383.0,141,161,38926916.0,32046415.0,45.1527560401526,2026-08-31T17:50:59.111Z
6a932b5bcd944524379edf48,SANJNA JATAV,Lok Sabha,Rajasthan,BHARATPUR,147000000.0,65761488.1,44.73570619047619,81238511.9,75,168,39324491.1,26436997.0,40.2013363198209,2026-08-31T17:50:59.253Z
6a932b5bcd944524379edf58,Shatrughan Sinha,Lok Sabha,West Bengal,ASANSOL,147000000.0,66966504.0,45.555444897959184,80033496.0,5,22,21666204.0,45300300.0,67.64620712468431,2026-08-31T17:50:59.259Z
6a932b5bcd944524379edddc,ARUN GOVIL,Lok Sabha,Uttar Pradesh,MEERUT,147000000.0,66737649.0,45.3997612244898,80262351.0,36,196,26677116.0,40060533.0,60.026886772712054,2026-08-31T17:50:59.265Z
6a932b5bcd944524379eddcb,ANAND KUMAR,Lok Sabha,Uttar Pradesh,BAHRAICH,147000000.0,66987751.0,45.56989863945578,80012249.0,32,79,38304273.0,28683478.0,42.81898940001733,2026-08-31T17:50:59.254Z
6a932b5ecd944524379ee212,Prof. Manoj Kumar Jha (2024-30),Rajya Sabha,Bihar,Sitting Rajya Sabha,191620112.11,87200986.0,45.50722000931825,104419126.11,110,66,86001095.0,1199891.0,1.376006230021298,2026-08-31T17:50:59.256Z
6a932b5bcd944524379edf18,RAJEEV RAI,Lok Sabha,Uttar Pradesh,GHOSI,147000000.0,66462043.0,45.21227414965986,80537957.0,108,119,37961477.0,28500566.0,42.88247052531924,2026-08-31T17:50:59.258Z
6a932b5bcd944524379edea8,Kripanath Mallah,Lok Sabha,Assam,KARIMGANJ,147000000.0,66488500.0,45.230272108843536,80511500.0,0,74,0.0,66488500.0,100.0,2026-08-31T17:50:59.260Z
6a932b5bcd944524379edfb4,UMMEDA RAM BENIWAL,Lok Sabha,Rajasthan,BARMER,147000000.0,65781402.0,44.74925306122449,81218598.0,96,88,37382842.0,28398560.0,43.17110784595318,2026-08-31T17:50:59.264Z
6a932b5bcd944524379ede0d,BRIJMOHAN AGRAWAL,Lok Sabha,Chhattisgarh,RAIPUR,153766451.11,68756217.0,44.714706298849165,85010234.11000001,38,115,28344221.0,40411996.0,58.77577005145586,2026-08-31T17:50:59.266Z
6a932b5bcd944524379edf12,RAHUL SINGH LODHI,Lok Sabha,Madhya Pradesh,DAMOH,163058785.37,72714957.0,44.59432028455321,90343828.37,173,126,36808824.0,35906133.0,49.37929482651004,2026-08-31T17:50:59.292Z
6a932b5ecd944524379ee2d1,Smt. Sulata Deo (2022-28),Rajya Sabha,Odisha,Sitting Rajya Sabha,196084721.4,88913709.0,45.344536976250104,107171012.4,115,196,56002641.0,32911068.0,37.014616047565845,2026-08-31T17:50:59.264Z
6a932b5bcd944524379ede8a,K. RAJASHEKAR BASAVARAJ HITNAL,Lok Sabha,Karnataka,KOPPAL,147000000.0,66577182.0,45.2906,80422818.0,67,126,38153800.0,28423382.0,42.69237769781245,2026-08-31T17:50:59.305Z
6a932b5bcd944524379ede0f,C R Patil,Lok Sabha,Gujarat,NAVSARI,158532494.36,70355025.0,44.378930189690855,88177469.36000001,268,141,64959144.0,5395881.0,7.669503351039958,2026-08-31T17:50:59.293Z
6a932b5bcd944524379edf17,RAJEEV BHARDWAJ,Lok Sabha,Himachal Pradesh,KANGRA,179388967.11,80773156.0,45.026824838380655,98615811.11,204,424,43255732.0,37517424.0,46.44788672117752,2026-08-31T17:50:59.301Z
6a932b5bcd944524379ede50,DURAI VAIKO,Lok Sabha,Tamil Nadu,TIRUCHIRAPPALLI,147000000.0,65218053.0,44.36602244897959,81781947.0,45,33,44163117.0,21054936.0,32.28390764747301,2026-08-31T17:51:00.106Z
6a932b5bcd944524379edfb3,UJJWAL RAMAN SINGH,Lok Sabha,Uttar Pradesh,ALLAHABAD,147000000.0,64478327.0,43.8628074829932,82521673.0,3,28,21127219.0,43351108.0,67.23361169094849,2026-08-31T17:51:00.178Z
6a932b5bcd944524379ede13,CHAMALA KIRAN KUMAR REDDY,Lok Sabha,Telangana,BHONGIR,147000000.0,62689273.0,42.64576394557823,84310727.0,417,71,57532244.0,5157029.0,8.226334033256375,2026-08-31T17:51:00.201Z
6a932b5bcd944524379edf6a,Shri Deepak (Dev) Adhikari ,Lok Sabha,West Bengal,GHATAL,200747364.0,87788715.0,43.73094283818342,112958649.0,165,40,84774237.0,3014478.0,3.433787588757849,2026-08-31T17:51:00.219Z
6a932b5bcd944524379edf14,RAJ KUMAR ROAT,Lok Sabha,Rajasthan,BANSWARA,147000000.0,63286521.0,43.05205510204082,83713479.0,23,82,21117279.0,42169242.0,66.63226439639493,2026-08-31T17:51:00.232Z
6a932b5bcd944524379edfa2,Sunil Kumar ,Lok Sabha,Bihar,VALMIKI NAGAR,147000000.0,63664429.0,43.30913537414966,83335571.0,79,183,61591650.0,2072779.0,3.2557882518666745,2026-08-31T17:51:00.236Z
6a932b5ecd944524379ee26d,Shri Naveen Jain (2024-30),Rajya Sabha,Uttar Pradesh,Sitting Rajya Sabha,147000000.0,64773227.0,44.06341972789116,82226773.0,10,158,17873843.0,46899384.0,72.40550791147089,2026-08-31T17:51:00.240Z
6a932b5bcd944524379ede82,JOYANTA BASUMATARY,Lok Sabha,Assam,KOKRAJHAR,147000000.0,62630971.0,42.60610272108843,84369029.0,20,102,20909203.0,41721768.0,66.61523417863025,2026-08-31T17:51:00.239Z
6a932b5bcd944524379eddc3,ALOK SHARMA,Lok Sabha,Madhya Pradesh,BHOPAL,147000000.0,62492243.0,42.511729931972795,84507757.0,22,67,14110494.0,48381749.0,77.4204072015786,2026-08-31T17:51:00.239Z
6a932b5ecd944524379ee2c3,Smt. Nirmala Sitharaman (2022-28),Rajya Sabha,Karnataka,Sitting Rajya Sabha,215972051.45,91394660.0,42.31781815581768,124577391.45,7,16,61394660.0,30000000.0,32.82467487706612,2026-08-31T17:51:00.246Z
6a932b5bcd944524379edeba,MAHESH KASHYAP,Lok Sabha,Chhattisgarh,BASTAR,147000000.0,63670367.5,43.31317517006802,83329632.5,38,168,17171172.0,46499195.5,73.0311404280806,2026-08-31T17:51:00.235Z
6a932b5bcd944524379ede28,Devendra Alias Bhole Singh,Lok Sabha,Uttar Pradesh,AKBARPUR,147000000.0,62000186.0,42.17699727891157,84999814.0,62,86,42373895.0,19626291.0,31.655213098876832,2026-08-31T17:51:00.238Z
6a932b5bcd944524379edfca,YADUVEER KRISHNADATTA CHAMARAJA WADIYAR,Lok Sabha,Karnataka,MYSORE,147000000.0,62346570.0,42.41263265306122,84653430.0,34,148,16950000.0,45396570.0,72.81325981525526,2026-08-31T17:51:00.246Z
6a932b5bcd944524379edf5f,Shri  Dharambir Singh,Lok Sabha,Haryana,BHIWANI MAHENDRAGARH,147000000.0,64374998.0,43.7925156462585,82625002.0,103,107,42542737.0,21832261.0,33.914192898305025,2026-08-31T17:51:00.237Z
6a932b5bcd944524379ede70,IMRAN MASOOD,Lok Sabha,Uttar Pradesh,SAHARANPUR,147000000.0,61171580.0,41.61331972789116,85828420.0,51,51,42078624.0,19092956.0,31.21213478546737,2026-08-31T17:51:01.159Z
6a932b5bcd944524379ede8c,Kakoli Ghosh Dastidar ,Lok Sabha,West Bengal,BARASAT,147000000.0,61929956.0,42.12922176870748,85070044.0,76,107,39381741.0,22548215.0,36.409221734309,2026-08-31T17:51:01.157Z
6a932b5bcd944524379ede7d,JITAN RAM MANJHI,Lok Sabha,Bihar,GAYA,147000000.0,61088844.0,41.557036734693874,85911156.0,152,108,42553425.0,18535419.0,30.34174128421877,2026-08-31T17:51:01.153Z
6a932b5ecd944524379ee29a,Shri Samirul Islam (2023-29),Rajya Sabha,West Bengal,Sitting Rajya Sabha,171500000.0,71238651.0,41.538572011661806,100261349.0,0,57,0.0,71238651.0,100.0,2026-08-31T17:51:01.171Z
6a932b5bcd944524379eddfd,BHARATBHAI MANUBHAI SUTARIYA,Lok Sabha,Gujarat,AMRELI,147000000.0,60836765.0,41.3855544217687,86163235.0,154,175,50515379.0,10321386.0,16.965704866128238,2026-08-31T17:51:01.187Z
6a932b5bcd944524379edee2,NAVEEN JINDAL,Lok Sabha,Haryana,KURUKSHETRA,147000000.0,61262363.0,41.6750768707483,85737637.0,113,88,33440390.0,27821973.0,45.4144627101635,2026-08-31T17:51:01.190Z
6a932b5bcd944524379ede1d,CHINTAMANI MAHARAJ,Lok Sabha,Chhattisgarh,SARGUJA,147000000.0,61420121.0,41.78239523809524,85579879.0,69,260,25091889.0,36328232.0,59.14711890587125,2026-08-31T17:51:01.198Z
6a932b5bcd944524379edf5c,SHOBHA KARANDLAJE,Lok Sabha,Karnataka,BANGALORE NORTH,147000000.0,61473509.0,41.81871360544218,85526491.0,21,88,17121818.0,44351691.0,72.14764818452124,2026-08-31T17:51:01.199Z
6a932b5ecd944524379ee232,Shri Derek O' Brien (2023-29),Rajya Sabha,West Bengal,Sitting Rajya Sabha,171500000.0,70787264.0,41.275372594752184,100712736.0,0,35,0.0,70787264.0,100.0,2026-08-31T17:51:01.188Z
6a932b5bcd944524379ede2f,DHARMENDRA YADAV,Lok Sabha,Uttar Pradesh,AZAMGARH,147000000.0,61248647.0,41.6657462585034,85751353.0,16,52,24967281.0,36281366.0,59.23619178069354,2026-08-31T17:51:01.196Z
6a932b5bcd944524379edebe,Mala Roy ,Lok Sabha,West Bengal,KOLKATA DAKSHIN,147000000.0,61582788.0,41.89305306122449,85417212.0,32,43,29777426.0,31805362.0,51.64651200916723,2026-08-31T17:51:01.204Z
6a932b5bcd944524379edf49,Santosh Pandey,Lok Sabha,Chhattisgarh,RAJNANDGAON,147000000.0,61535649.0,41.86098571428572,85464351.0,71,107,35769989.0,25765660.0,41.871111166796986,2026-08-31T17:51:01.199Z
6a932b5bcd944524379edf41,SANATAN PANDEY,Lok Sabha,Uttar Pradesh,BALLIA,180420041.4,74595388.0,41.34540011251765,105824653.4,62,293,40158503.0,34436885.0,46.16489829103108,2026-08-31T17:51:01.198Z
6a932b5bcd944524379edeb3,LUMBARAM,Lok Sabha,Rajasthan,JALORE,147000000.0,61110381.0,41.57168775510204,85889619.0,75,105,36575490.0,24534891.0,40.14848311942287,2026-08-31T17:51:01.197Z
6a932b5ecd944524379ee210,Ms. Dola Sen (2023-29),Rajya Sabha,West Bengal,Sitting Rajya Sabha,171500000.0,69414332.0,40.47482915451895,102085668.0,0,27,0.0,69414332.0,100.0,2026-08-31T17:51:01.838Z
6a932b5ecd944524379ee1f0,Dr. Anil Sukhdeorao Bonde (2022-28),Rajya Sabha,Maharashtra,Sitting Rajya Sabha,196063957.11,86399726.0,44.06711323873065,109664231.11,50,135,48164206.0,38235520.0,44.25421441730035,2026-08-31T17:51:01.127Z
6a932b5bcd944524379eded0,Mitesh Rameshbhai Bakabhai Patel,Lok Sabha,Gujarat,ANAND,147000000.0,58303147.0,39.66200476190476,88696853.0,247,280,46772418.0,11530729.0,19.777198304578658,2026-08-31T17:51:01.921Z
6a932b5bcd944524379ede9a,Kanimozhi Karunanidhi,Lok Sabha,Tamil Nadu,THOOTHUKKUDI,147000000.0,58344698.0,39.69027074829932,88655302.0,12,39,23778691.0,34566007.0,59.24446982311915,2026-08-31T17:51:01.932Z
6a932b5bcd944524379ede17,CHANDUBHAI CHHAGANBHAI SHIHORA,Lok Sabha,Gujarat,SURENDRANAGAR,147000000.0,59047027.0,40.16804557823129,87952973.0,100,109,39830635.0,19216392.0,32.54421598567529,2026-08-31T17:51:01.934Z
6a932b5bcd944524379eddb6,Adv Dean Kuriakose,Lok Sabha,Kerala,IDUKKI,147000000.0,58754261.0,39.96888503401361,88245739.0,95,95,50223513.0,8530748.0,14.5193690718023,2026-08-31T17:51:01.994Z
6a932b5bcd944524379ede81,JOBA MAJHI,Lok Sabha,Jharkhand,SINGHBHUM,147000000.0,59054467.0,40.17310680272109,87945533.0,0,118,0.0,59054467.0,100.0,2026-08-31T17:51:02.008Z
6a932b5bcd944524379edfa1,Sunil Dattatray Tatkare,Lok Sabha,Maharashtra,RAIGAD,147000000.0,58660128.0,39.90484897959184,88339872.0,18,44,25791356.0,32868772.0,56.032560992707005,2026-08-31T17:51:02.013Z
6a932b5bcd944524379ede27,DEEPENDER SINGH HOODA,Lok Sabha,Haryana,ROHTAK,147000000.0,58916490.0,40.079244897959185,88083510.0,70,107,41547909.0,17368581.0,29.479999572275943,2026-08-31T17:51:02.014Z
6a932b5bcd944524379ede36,DR C N MANJUNATH,Lok Sabha,Karnataka,BANGALORE RURAL,147000000.0,58047695.0,39.48822789115646,88952305.0,64,170,30171271.0,27876424.0,48.02330910813944,2026-08-31T17:51:02.013Z
6a932b5bcd944524379edf5e,SHREYAS. M. PATEL,Lok Sabha,Karnataka,HASSAN,147000000.0,58328008.0,39.67891700680272,88671992.0,29,181,12365199.0,45962809.0,78.80058067472491,2026-08-31T17:51:02.002Z
6a932b5bcd944524379ede24,DAMODAR AGARWAL,Lok Sabha,Rajasthan,BHILWARA,147000000.0,59365927.0,40.3849843537415,87634073.0,102,150,38013328.0,21352599.0,35.967768177864045,2026-08-31T17:51:02.020Z
6a932b5bcd944524379edec2,MANI. A.,Lok Sabha,Tamil Nadu,DHARAMAPURI,164515071.11,67070637.0,40.768688575136345,97444434.11,63,315,40062663.0,27007974.0,40.26795511126575,2026-08-31T17:51:02.114Z
6a932b5bcd944524379ede06,BHUPENDER YADAV,Lok Sabha,Rajasthan,ALWAR,147000000.0,59638968.0,40.57072653061225,87361032.0,31,43,37258086.0,22380882.0,37.52727914406567,2026-08-31T17:51:02.122Z
6a932b5bcd944524379eddf5,BALYA MAMA SURESH GOPINATH MHATRE,Lok Sabha,Maharashtra,BHIWANDI,147000000.0,59848620.0,40.71334693877551,87151380.0,11,153,11052957.0,48795663.0,81.53180975601443,2026-08-31T17:51:02.120Z
6a932b5bcd944524379eddf8,BASAVARAJ BOMMAI,Lok Sabha,Karnataka,HAVERI,147000000.0,57936447.0,39.41254897959184,89063553.0,19,144,13100000.0,44836447.0,77.38901731409246,2026-08-31T17:51:02.421Z
6a932b5bcd944524379edfbc,Vijay Baghel,Lok Sabha,Chhattisgarh,DURG,147000000.0,57650594.0,39.218091156462584,89349406.0,70,144,21985512.0,35665082.0,61.86420559691024,2026-08-31T17:51:02.573Z
6a932b5bcd944524379ede46,DR. PRABHA MALLIKARJUN,Lok Sabha,Karnataka,DAVANAGERE,147000000.0,57444696.0,39.07802448979592,89555304.0,5,92,5300000.0,52144696.0,90.7737347935482,2026-08-31T17:51:02.696Z
6a932b5bcd944524379ede68,GURMEET SINGH MEET HAYER,Lok Sabha,Punjab,SANGRUR,147000000.0,57080005.0,38.82993537414966,89919995.0,151,237,37203469.0,19876536.0,34.8222394164121,2026-08-31T17:51:02.786Z
6a932b5ecd944524379ee1f5,Dr. Dinesh Sharma (2023-26),Rajya Sabha,Uttar Pradesh,Sitting Rajya Sabha,147000000.0,57084177.0,38.83277346938775,89915823.0,2,89,2002221.0,55081956.0,96.49251140118916,2026-08-31T17:51:02.800Z
6a932b5bcd944524379edef7,Pradan Baruah,Lok Sabha,Assam,LAKHIMPUR,147000000.0,56538627.0,38.46165102040816,90461373.0,33,115,16715001.0,39823626.0,70.43613917260495,2026-08-31T17:51:02.798Z
6a932b5bcd944524379edf11,Rahul Kaswan,Lok Sabha,Rajasthan,CHURU,147000000.0,57725218.0,39.268855782312926,89274782.0,37,206,28138021.0,29587197.0,51.25523648953565,2026-08-31T17:51:02.840Z
6a932b5bcd944524379edf27,RAMASHANKAR RAJBHAR,Lok Sabha,Uttar Pradesh,SALEMPUR,160056927.07,61281620.0,38.28739006915885,98775307.07,84,231,34604339.0,26677281.0,43.53227117690427,2026-08-31T17:51:02.858Z
6a932b5bcd944524379edf30,Ravi Shankar Prasad,Lok Sabha,Bihar,PATNA SAHIB,147000000.0,56647683.0,38.53583877551021,90352317.0,60,24,51461733.0,5185950.0,9.154743363466428,2026-08-31T17:51:02.862Z
6a932b5ecd944524379ee2a0,Shri Sanjay Seth (2024-30),Rajya Sabha,Uttar Pradesh,Sitting Rajya Sabha,147000000.0,56357801.0,38.33864013605442,90642199.0,19,40,26275632.0,30082169.0,53.37711632858066,2026-08-31T17:51:02.864Z
6a932b5bcd944524379edf99,SUDAMA PRASAD,Lok Sabha,Bihar,ARRAH,147000000.0,57716958.0,39.26323673469387,89283042.0,66,153,44337622.0,13379336.0,23.180944498149053,2026-08-31T17:51:02.869Z
6a932b5bcd944524379edebd,Mala Rajya Laxmi Shah ,Lok Sabha,Uttarakhand,TEHRI GARHWAL,147000000.0,57285791.0,38.96992585034014,89714209.0,84,155,29487783.0,27798008.0,48.52513601496748,2026-08-31T17:51:02.871Z
6a932b5bcd944524379ede0c,BRIJENDRA SINGH OLA,Lok Sabha,Rajasthan,JHUNJHUNU,147000000.0,57494662.0,39.1120149659864,89505338.0,92,75,42941562.0,14553100.0,25.312088972711937,2026-08-31T17:51:02.874Z
6a932b5bcd944524379edf08,PUSHPENDRA SAROJ,Lok Sabha,Uttar Pradesh,KAUSHAMBI,147000000.0,56198890.0,38.23053741496599,90801110.0,607,141,42926694.0,13272196.0,23.616473563801705,2026-08-31T17:51:03.016Z
6a932b5bcd944524379edf8e,Smt Himadri Singh,Lok Sabha,Madhya Pradesh,SHAHDOL,150724861.11,57863796.0,38.39034620690121,92861065.11,45,124,23600212.0,34263584.0,59.2142001883181,2026-08-31T17:51:02.943Z
6a932b5bcd944524379edf9f,SUKHJINDER SINGH RANDHAWA,Lok Sabha,Punjab,GURDASPUR,147000000.0,56537028.0,38.46056326530613,90462972.0,90,237,21150264.0,35386764.0,62.59042127223242,2026-08-31T17:51:02.992Z
6a932b5bcd944524379edf6f,Shri Jual Oram,Lok Sabha,Odisha,SUNDARGARH,173096756.91,65790931.0,38.00818234521133,107305825.91,89,111,47778097.0,18012834.0,27.37890120448364,2026-08-31T17:51:05.445Z
6a932b5bcd944524379edddf,ARUP CHAKRABORTY,Lok Sabha,West Bengal,BANKURA,147000000.0,55795450.0,37.95608843537416,91204550.0,40,30,55349635.0,445815.0,0.7990167657040135,2026-08-31T17:51:05.447Z
6a932b5bcd944524379edf77,Shri NK Premachandran,Lok Sabha,Kerala,KOLLAM,171477994.11,64475987.0,37.60015233128971,107002007.11,46,150,32084160.0,32391827.0,50.23859037629001,2026-08-31T17:51:05.516Z
6a932b5ecd944524379ee26f,Shri Neeraj Shekhar (2020-26),Rajya Sabha,Uttar Pradesh,Sitting Rajya Sabha,236483662.11,90266672.0,38.17036288875322,146216990.11,41,286,47814319.0,42452353.0,47.029930382278856,2026-08-31T17:51:05.642Z
6a932b5bcd944524379ede84,JYOTIRADITYA M. SCINDIA,Lok Sabha,Madhya Pradesh,GUNA,147000000.0,55870850.0,38.00738095238096,91129150.0,45,18,44664197.0,11206653.0,20.05813944122919,2026-08-31T17:51:05.641Z
6a932b5bcd944524379edf4e,Saumitra khan ,Lok Sabha,West Bengal,BISHNUPUR,147000000.0,55661990.0,37.86529931972789,91338010.0,48,34,53932695.0,1729295.0,3.10677897071233,2026-08-31T17:51:05.730Z
6a932b5bcd944524379edf1b,Rajeshbhai Naranbhai Chudasama,Lok Sabha,Gujarat,JUNAGADH,147000000.0,56040284.0,38.12264217687075,90959716.0,152,147,47563536.0,8476748.0,15.126168882370402,2026-08-31T17:51:05.753Z
6a932b5bcd944524379ede2b,Devusinh Jesingbhai Chauhan,Lok Sabha,Gujarat,KHEDA,147000000.0,54783374.0,37.26760136054422,92216626.0,247,341,44304206.0,10479168.0,19.128372779668517,2026-08-31T17:51:05.983Z
6a932b5ecd944524379ee21a,Shri Anil Kumar Yadav Mandadi (2024-30),Rajya Sabha,Telangana,Sitting Rajya Sabha,147000000.0,54363174.0,36.98175102040817,92636826.0,71,35,53733078.0,630096.0,1.159049322616814,2026-08-31T17:51:06.044Z
6a932b5bcd944524379edf31,RAVINDRA DATTARAM WAIKAR,Lok Sabha,Maharashtra,MUMBAI NORTH WEST,147000000.0,53799122.0,36.59804217687075,93200878.0,0,67,0.0,53799122.0,100.0,2026-08-31T17:51:06.176Z
6a932b5bcd944524379edfac,Thalikkottai Rajuthevar Baalu,Lok Sabha,Tamil Nadu,SRIPERUMBUDUR,196905535.11,71998395.0,36.56494214841577,124907140.11,63,63,51067019.0,20931376.0,29.07200361896956,2026-08-31T17:51:06.178Z
6a932b5bcd944524379ede0e,BUNTY VIVEK SAHU,Lok Sabha,Madhya Pradesh,CHHINDWARA,147000000.0,54579699.0,37.12904693877551,92420301.0,100,373,18384130.0,36195569.0,66.31690841680897,2026-08-31T17:51:06.108Z
6a932b5ecd944524379ee1ed,Dr. Ajeet Madhavrao Gopchade (2024-30),Rajya Sabha,Maharashtra,Sitting Rajya Sabha,147000000.0,53532752.0,36.4168380952381,93467248.0,44,48,47072524.0,6460228.0,12.06780477118008,2026-08-31T17:51:06.310Z
6a932b5bcd944524379ede63,GM Harish Balayogi,Lok Sabha,Andhra Pradesh,AMALAPURAM,147000000.0,53533502.0,36.41734829931973,93466498.0,41,68,42444512.0,11088990.0,20.714112818548656,2026-08-31T17:51:06.311Z
6a932b5bcd944524379ede56,ESWARASAMY K,Lok Sabha,Tamil Nadu,POLLACHI,162315106.11,59028493.0,36.36660469543527,103286613.11,46,34,44430894.0,14597599.0,24.72975042747576,2026-08-31T17:51:06.479Z
6a932b5bcd944524379eddee,BAG MITALI,Lok Sabha,West Bengal,ARAMBAG,147000000.0,53162451.0,36.16493265306123,93837549.0,87,97,43155174.0,10007277.0,18.82395715728005,2026-08-31T17:51:06.586Z
6a932b5bcd944524379eddd2,ANITA NAGARSINGH CHOUHAN,Lok Sabha,Madhya Pradesh,RATLAM,147000000.0,55091448.0,37.47717551020408,91908552.0,74,129,27376128.0,27715320.0,50.30784451336259,2026-08-31T17:51:06.642Z
6a932b5bcd944524379edf35,ROBERT BRUCE C,Lok Sabha,Tamil Nadu,TIRUNELVELI,147475440.11,55819028.0,37.849711082987994,91656412.11,60,51,40782129.0,15036899.0,26.938661490128418,2026-08-31T17:51:06.666Z
6a932b5bcd944524379edf69,Shri Chandra Prakash Choudhary,Lok Sabha,Jharkhand,GIRIDIH,147000000.0,55034366.0,37.438344217687074,91965634.0,49,625,14533632.0,40500734.0,73.59171540197265,2026-08-31T17:51:06.821Z
6a932b5bcd944524379ede57,Faggan Singh Kulaste,Lok Sabha,Madhya Pradesh,MANDLA,151861648.41,54608168.0,35.95915662166887,97253480.41,31,268,16232310.0,38375858.0,70.27494128717154,2026-08-31T17:51:06.845Z
6a932b5bcd944524379ede38,DR DHARAMVIRA GANDHI,Lok Sabha,Punjab,PATIALA,147000000.0,52978687.0,36.0399231292517,94021313.0,57,275,16488497.0,36490190.0,68.87711279065863,2026-08-31T17:51:06.846Z
6a932b5bcd944524379ede99,Kani K Navas,Lok Sabha,Tamil Nadu,RAMANATHAPURAM,147000000.0,54855096.0,37.31639183673469,92144904.0,68,41,42128528.0,12726568.0,23.200338579299903,2026-08-31T17:51:06.845Z
6a932b5bcd944524379edf8b,Smt Dimple Yadav,Lok Sabha,Uttar Pradesh,MAINPURI,192042469.11,71677973.0,37.3240217813194,120364496.11,53,111,59666421.0,12011552.0,16.75766138085406,2026-08-31T17:51:06.853Z
6a932b5bcd944524379edfcc,ZIA UR REHMAN,Lok Sabha,Uttar Pradesh,SAMBHAL,147000000.0,53111753.0,36.13044421768707,93888247.0,0,325,0.0,53111753.0,100.0,2026-08-31T17:51:06.852Z
6a932b5bcd944524379eded5,Ms Mahua Moitra,Lok Sabha,West Bengal,KRISHNANAGAR,159865046.0,57382120.0,35.89410032759757,102482926.0,21,34,13986304.0,43395816.0,75.62602427376332,2026-08-31T17:51:06.926Z
6a932b5ecd944524379ee20d,Dr. Syed Naseer Hussain (2024-30),Rajya Sabha,Karnataka,Sitting Rajya Sabha,147000000.0,52745755.0,35.88146598639456,94254245.0,3,59,432259.0,52313496.0,99.18048570922912,2026-08-31T17:51:06.939Z
6a932b5bcd944524379ede1e,CHIRAG PASWAN,Lok Sabha,Bihar,HAJIPUR,147000000.0,52494828.0,35.71076734693877,94505172.0,47,66,44817407.0,7677421.0,14.62509982888219,2026-08-31T17:51:07.031Z
6a932b5bcd944524379edeb6,Maddila Gurumoorthy,Lok Sabha,Andhra Pradesh,TIRUPATI,180399007.0,64414143.0,35.706484238020224,115984864.0,110,181,49728357.0,14685786.0,22.799008596605873,2026-08-31T17:51:07.433Z
6a932b5ecd944524379ee204,Dr. Radha Mohan Das Agrawal (2022-28),Rajya Sabha,Uttar Pradesh,Sitting Rajya Sabha,203626524.67,72382614.0,35.54675115007942,131243910.67000002,15,30,41852495.0,30530119.0,42.178801390068614,2026-08-31T17:51:07.445Z
6a932b5bcd944524379eddae,AASHTIKAR PATIL NAGESH BAPURAO,Lok Sabha,Maharashtra,HINGOLI,190289442.0,67522042.0,35.483861474563575,122767400.0,38,78,50208561.0,17313481.0,25.64122838583584,2026-08-31T17:51:07.458Z
6a932b5bcd944524379edef0,Parvatagouda Chandanagouda Gaddigoudar,Lok Sabha,Karnataka,BAGALKOT,167541747.11,63865076.0,38.118902960985125,103676671.11,92,136,45898327.0,17966749.0,28.132353588681237,2026-08-31T17:51:07.472Z
6a932b5bcd944524379edf38,RUCHI VIRA,Lok Sabha,Uttar Pradesh,MORADABAD,147000000.0,52167110.0,35.48782993197278,94832890.0,165,108,33266575.0,18900535.0,36.23074960449218,2026-08-31T17:51:07.492Z
6a932b5bcd944524379ede6c,HARIBHAI PATEL,Lok Sabha,Gujarat,MAHESANA,147000000.0,51281778.0,34.885563265306125,95718222.0,150,427,27935405.0,23346373.0,45.5256699562952,2026-08-31T17:51:07.590Z
6a932b5bcd944524379eddd7,ANUP SANJAY DHOTRE,Lok Sabha,Maharashtra,AKOLA,147000000.0,51045667.0,34.724943537414966,95954333.0,41,59,38300343.0,12745324.0,24.96847381776792,2026-08-31T17:51:07.594Z
6a932b5bcd944524379ede0a,BIPLAB KUMAR DEB,Lok Sabha,Tripura,TRIPURA WEST,147000000.0,51962677.0,35.34875986394558,95037323.0,7,24,23922411.0,28040266.0,53.96231991665864,2026-08-31T17:51:07.609Z
6a932b5bcd944524379edf89,Smt Anupriya Patel,Lok Sabha,Uttar Pradesh,MIRZAPUR,147000000.0,51732584.0,35.19223401360544,95267416.0,0,10,0.0,51732584.0,100.0,2026-08-31T17:51:07.596Z
6a932b5bcd944524379edede,NARAYAN DAS AHIRWAR,Lok Sabha,Uttar Pradesh,JALAUN,147000000.0,51218010.8,34.84218421768707,95781989.2,36,331,8158216.800000001,43059794.0,84.07158600544479,2026-08-31T17:51:07.635Z
6a932b5ecd944524379ee295,Shri S. Selvaganabathy (2021-27),Rajya Sabha,Puducherry,Sitting Rajya Sabha,292881856.49,101658946.0,34.70988173126081,191222910.49,31,70,73122911.0,28536035.0,28.07036283850513,2026-08-31T17:51:07.656Z
6a932b5bcd944524379eddc2,Alok Kumar Suman,Lok Sabha,Bihar,GOPALGANJ,147000000.0,50920280.0,34.639646258503404,96079720.0,43,112,42661355.0,8258925.0,16.2193236172307,2026-08-31T17:51:07.963Z
6a932b5bcd944524379edfc0,Vinod Chavda,Lok Sabha,Gujarat,KACHCHH,147000000.0,51051603.0,34.72898163265306,95948397.0,98,256,40172708.0,10878895.0,21.309605106817116,2026-08-31T17:51:08.000Z
6a932b5bcd944524379edec0,MALVIKA DEVI,Lok Sabha,Odisha,KALAHANDI,147000000.0,50804998.0,34.5612231292517,96195002.0,96,224,37882707.0,12922291.0,25.435078257458056,2026-08-31T17:51:08.746Z
6a932b5bcd944524379edf53,SELVARAJ V,Lok Sabha,Tamil Nadu,NAGAPATTINAM,147000000.0,50673389.0,34.47169319727891,96326611.0,44,41,34340328.0,16333061.0,32.23202813610907,2026-08-31T17:51:08.761Z
6a932b5bcd944524379ede72,IQRA CHOUDHARY,Lok Sabha,Uttar Pradesh,KAIRANA,147000000.0,50723960.0,34.506095238095234,96276040.0,45,42,41286422.0,9437538.0,18.605680629036065,2026-08-31T17:51:08.762Z
6a932b5bcd944524379ede11,CAPTAIN BRIJESH CHOWTA,Lok Sabha,Karnataka,DAKSHINA KANNADA,147000000.0,50728812.0,34.509395918367346,96271188.0,75,131,35669259.0,15059553.0,29.686390053841592,2026-08-31T17:51:08.760Z
6a932b5ecd944524379ee29f,Shri Sanjay Raut (2022-28),Rajya Sabha,Maharashtra,Sitting Rajya Sabha,196063957.11,67167846.0,34.25813035198308,128896111.11,6,69,7654065.0,59513781.0,88.60456981157323,2026-08-31T17:51:08.771Z
6a932b5ecd944524379ee291,Shri Ryaga Krishnaiah (2024-28),Rajya Sabha,Andhra Pradesh,Sitting Rajya Sabha,170413583.79,58500678.0,34.32864722338693,111912905.79,30,39,44936173.0,13564505.0,23.18691930373867,2026-08-31T17:51:08.786Z
6a932b5bcd944524379edfa0,SUNIL BOSE,Lok Sabha,Karnataka,CHAMARAJANAGAR,147000000.0,50427615.0,34.3045,96572385.0,21,91,18700000.0,31727615.0,62.91714371183329,2026-08-31T17:51:08.789Z
6a932b5bcd944524379ede04,BHUMARE SANDIPANRAO ASARAM,Lok Sabha,Maharashtra,AURANGABAD,147000000.0,50596352.0,34.41928707482993,96403648.0,27,65,40279781.0,10316571.0,20.38995024779652,2026-08-31T17:51:08.787Z
6a932b5bcd944524379ede4f,DULU MAHATO,Lok Sabha,Jharkhand,DHANBAD,147000000.0,50907360.0,34.63085714285714,96092640.0,57,322,21545000.0,29362360.0,57.6780253385758,2026-08-31T17:51:08.786Z
6a932b5bcd944524379edf45,Sanjay Kumar Bandi,Lok Sabha,Telangana,KARIMNAGAR,172775317.11,65663959.0,38.00540499554925,107111358.11,171,468,40365265.0,25298694.0,38.52751857377348,2026-08-31T17:51:09.433Z
6a932b5bcd944524379eddbb,Ajay Bhatt,Lok Sabha,Uttarakhand,NAINITAL UDHAM SINGH NAG.,147000000.0,50626503.0,34.43979795918367,96373497.0,85,376,22286737.0,28339766.0,55.9781227630911,2026-08-31T17:51:09.441Z
6a932b5bcd944524379edfb1,TOKHAN SAHU,Lok Sabha,Chhattisgarh,BILASPUR,147000000.0,55824852.0,37.97608979591837,91175148.0,41,90,24488056.0,31336796.0,56.134131802087,2026-08-31T17:51:09.446Z
6a932b5bcd944524379ede90,KALI CHARAN SINGH,Lok Sabha,Jharkhand,CHATRA,147000000.0,49787316.0,33.868922448979596,97212684.0,75,429,19221680.0,30565636.0,61.392415690775536,2026-08-31T17:51:09.450Z
6a932b5bcd944524379ede98,Kangana Ranaut,Lok Sabha,Himachal Pradesh,MANDI,147000000.0,50240820.0,34.17742857142857,96759180.0,68,267,17346591.0,32894229.0,65.47311329711577,2026-08-31T17:51:09.456Z
6a932b5bcd944524379edf5d,SHOBHANABEN MAHENDRASINH BARAIYA,Lok Sabha,Gujarat,SABARKANTHA,147000000.0,50880570.0,34.612632653061226,96119430.0,122,152,43430570.0,7450000.0,14.642131564170764,2026-08-31T17:51:09.455Z
6a932b5ecd944524379ee218,Shri Akhilesh Prasad Singh (2024-30),Rajya Sabha,Bihar,Sitting Rajya Sabha,186200000.0,62309563.0,33.463782491944144,123890437.0,38,20,49706511.0,12603052.0,20.226513223981364,2026-08-31T17:51:09.482Z
6a932b5bcd944524379edf80,Shri vijayakumar Vasanth,Lok Sabha,Tamil Nadu,KANNIYAKUMARI,171500000.0,57305751.0,33.41443206997084,114194249.0,39,62,33616805.0,23688946.0,41.33781616438462,2026-08-31T17:51:09.487Z
6a932b5bcd944524379edf50,SAYANI GHOSH,Lok Sabha,West Bengal,JADAVPUR,147000000.0,49785004.0,33.86734965986394,97214996.0,113,102,38583188.0,11201816.0,22.500381841889578,2026-08-31T17:51:09.497Z
6a932b5bcd944524379edfad,THANGA TAMILSELVAN,Lok Sabha,Tamil Nadu,THENI,147000000.0,49328291.0,33.556660544217685,97671709.0,24,72,22558505.0,26769786.0,54.26862649670957,2026-08-31T17:51:09.496Z
6a932b5bcd944524379edfc2,Virendra Kumar,Lok Sabha,Madhya Pradesh,TIKAMGARH,147000000.0,49501421.0,33.67443605442177,97498579.0,12,347,4988276.0,44513145.0,89.92296402965887,2026-08-31T17:51:09.501Z
6a932b5bcd944524379ede12,CAPTAIN VIRIATO FERNANDES,Lok Sabha,Goa,SOUTH GOA,147000000.0,48358008.0,32.89660408163265,98641992.0,47,86,38023549.0,10334459.0,21.37072933194436,2026-08-31T17:51:09.535Z
6a932b5bcd944524379ede35,DR BYREDDY SHABARI,Lok Sabha,Andhra Pradesh,NANDYAL,150675889.11,50709419.0,33.65463399587435,99966470.11,70,129,31784498.0,18924921.0,37.32032701853674,2026-08-31T17:51:09.597Z
6a932b5bcd944524379eddbe,AJENDRA SINGH LODHI,Lok Sabha,Uttar Pradesh,HAMIRPUR,147000000.0,48355823.0,32.89511768707483,98644177.0,19,172,14582276.0,33773547.0,69.84380557435658,2026-08-31T17:51:09.598Z
6a932b5ecd944524379ee247,Shri Jairam Ramesh (2022-28),Rajya Sabha,Karnataka,Sitting Rajya Sabha,220563957.11,73253485.0,33.21190187183072,147310472.11,18,109,31715985.0,41537500.0,56.70378685737614,2026-08-31T17:51:09.490Z
6a932b5bcd944524379edf95,Smt Satabdi Roy (Banerjee),Lok Sabha,West Bengal,BIRBHUM,147000000.0,48307379.6,32.86216299319728,98692620.4,62,35,46588235.6,1719144.0,3.558760616359327,2026-08-31T17:51:10.081Z
6a932b5bcd944524379edea1,Kinjarapu Ram Mohan Naidu,Lok Sabha,Andhra Pradesh,SRIKAKULAM,171200630.11,53576961.0,31.294838672950952,117623669.11,60,155,32203971.0,21372990.0,39.89212826013032,2026-08-31T17:51:11.468Z
6a932b5bcd944524379ede7f,Jitendra Singh,Lok Sabha,Jammu And Kashmir,UDHAMPUR,147000000.0,48296699.0,32.854897278911565,98703301.0,187,141,43162988.0,5133711.0,10.629527703332272,2026-08-31T17:51:11.470Z
6a932b5bcd944524379ede4e,DR.MALLU RAVI,Lok Sabha,Telangana,NAGARKURNOOL,147000000.0,47000729.0,31.973285034013603,99999271.0,143,84,35214808.0,11785921.0,25.076038714208025,2026-08-31T17:51:11.482Z
6a932b5bcd944524379edf3b,S Venkatesan,Lok Sabha,Tamil Nadu,MADURAI,147000000.0,48171006.0,32.7693918367347,98828994.0,46,81,25963841.0,22207165.0,46.10068762109722,2026-08-31T17:51:11.484Z
6a932b5bcd944524379edf9c,Sudip Bandyopadhyay,Lok Sabha,West Bengal,KOLKATA UTTAR,147000000.0,46311063.0,31.50412448979592,100688937.0,9,29,12739754.0,33571309.0,72.49090568273071,2026-08-31T17:51:11.483Z
6a932b5ecd944524379ee2cc,Smt. Sagarika Ghose (2024-30),Rajya Sabha,West Bengal,Sitting Rajya Sabha,147000000.0,47289873.0,32.16998163265306,99710127.0,0,13,0.0,47289873.0,100.0,2026-08-31T17:51:11.487Z
6a932b5bcd944524379edf6e,Shri Janardan Singh Sigriwal ,Lok Sabha,Bihar,MAHARAJGANJ,147000000.0,47230253.0,32.12942380952381,99769747.0,18,56,21432032.0,25798221.0,54.622237573023384,2026-08-31T17:51:11.486Z
6a932b5bcd944524379edf91,Smt S Jothimani,Lok Sabha,Tamil Nadu,KARUR,147000000.0,47711966.0,32.457119727891154,99288034.0,86,90,34108992.0,13602974.0,28.510613039923776,2026-08-31T17:51:11.485Z
6a932b5bcd944524379edf23,RAKIBUL HUSSAIN,Lok Sabha,Assam,DHUBRI,147000000.0,47053373.0,32.00909727891156,99946627.0,25,152,11696429.0,35356944.0,75.1422092524589,2026-08-31T17:51:11.498Z
6a932b5ecd944524379ee1fa,Dr. Kalpana Saini (2022-28),Rajya Sabha,Uttarakhand,Sitting Rajya Sabha,200830405.8,65308088.0,32.51902406901375,135522317.8,58,131,40533838.0,24774250.0,37.93442858103578,2026-08-31T17:51:11.481Z
6a932b5ecd944524379ee230,Shri Damodar Rao Divakonda (2022-28),Rajya Sabha,Telangana,Sitting Rajya Sabha,239919406.11,77052481.0,32.11598521741605,162866925.11,110,185,49064209.0,27988272.0,36.32364803412365,2026-08-31T17:51:11.506Z
6a932b5bcd944524379edf92,Smt Sajda Ahmed,Lok Sabha,West Bengal,ULUBERIA,147000000.0,47212277.0,32.117195238095235,99787723.0,91,88,44780219.0,2432058.0,5.151325363951415,2026-08-31T17:51:11.498Z
6a932b5bcd944524379eddfa,Bhagirath Chaudhary,Lok Sabha,Rajasthan,AJMER,147000000.0,47473080.0,32.294612244897955,99526920.0,58,99,34238822.0,13234258.0,27.877394936245977,2026-08-31T17:51:11.530Z
6a932b5ecd944524379ee28d,Shri Randeep Singh Surjewala (2022-28),Rajya Sabha,Rajasthan,Sitting Rajya Sabha,196063957.11,61282046.0,31.256150749634333,134781911.11,55,94,40284299.0,20997747.0,34.26410893657173,2026-08-31T17:51:11.519Z
6a932b5bcd944524379eddec,BABU SINGH KUSHWAHA,Lok Sabha,Uttar Pradesh,JAUNPUR,147000000.0,46048017.0,31.32518163265306,100951983.0,522,164,24508010.0,21540007.0,46.77727381832751,2026-08-31T17:51:11.533Z
6a932b5ecd944524379ee296,Shri S.R. Sivalingam (2025-31),Rajya Sabha,Tamil Nadu,Sitting Rajya Sabha,89248285.42,27371677.0,30.66913484241141,61876608.42,13,36,9371677.0,18000000.0,65.76140731165285,2026-08-31T17:51:12.332Z
6a932b5bcd944524379eddde,ARUNA. D. K,Lok Sabha,Telangana,MAHABUBNAGAR,147000000.0,44232038.0,30.08982176870748,102767962.0,127,195,34958077.0,9273961.0,20.96661474201121,2026-08-31T17:51:12.341Z
6a932b5ecd944524379ee267,Shri Mohammed Nadimul Haque (2024-30),Rajya Sabha,West Bengal,Sitting Rajya Sabha,147000000.0,45077861.0,30.66521156462585,101922139.0,1,18,1096933.0,43980928.0,97.56658151991728,2026-08-31T17:51:12.342Z
6a932b5bcd944524379edf16,RAJABHAU,Lok Sabha,Maharashtra,NASHIK,152878682.11,46498714.0,30.41543357009254,106379968.11,21,89,21311605.0,25187109.0,54.167323853300545,2026-08-31T17:51:12.449Z
6a932b5ecd944524379ee2c0,Smt. Mamata Thakur (2024-30),Rajya Sabha,West Bengal,Sitting Rajya Sabha,147000000.0,44446422.0,30.235661224489796,102553578.0,51,9,28679769.0,15766653.0,35.47339086147362,2026-08-31T17:51:12.486Z
6a932b5bcd944524379ede9e,Kaushalendra Kumar,Lok Sabha,Bihar,NALANDA,147000000.0,44912846.0,30.552956462585033,102087154.0,92,74,44115134.0,797712.0,1.7761332693100766,2026-08-31T17:51:12.506Z
6a932b5bcd944524379ede5e,Ganesh Singh,Lok Sabha,Madhya Pradesh,SATNA,147000000.0,44570402.0,30.320001360544214,102429598.0,77,241,21445936.0,23124466.0,51.88300971573019,2026-08-31T17:51:12.505Z
6a932b5bcd944524379ede6a,H.D. KUMARASWAMY,Lok Sabha,Karnataka,MANDYA,147000000.0,44450000.0,30.238095238095237,102550000.0,7,140,3500000.0,40950000.0,92.1259842519685,2026-08-31T17:51:12.507Z
6a932b5bcd944524379edfbb,Vellalath Kochukrishnan Nair Sreekandan,Lok Sabha,Kerala,PALAKKAD,167807990.11,50584788.0,30.14444542649078,117223202.11,98,107,29910258.0,20674530.0,40.871042100641006,2026-08-31T17:51:12.520Z
6a932b5bcd944524379eddc6,AMBICA G LAKSHMINARAYANA VALMIKI,Lok Sabha,Andhra Pradesh,ANANTAPUR,201899064.11,62202871.0,30.80889516462058,139696193.11,42,116,30751717.0,31451154.0,50.56222244146898,2026-08-31T17:51:12.547Z
6a932b5bcd944524379ede6b,HARENDRA SINGH MALIK,Lok Sabha,Uttar Pradesh,MUZAFFARNAGAR,147000000.0,45077485.0,30.664955782312926,101922515.0,32,183,19524140.0,25553345.0,56.68760136019123,2026-08-31T17:51:12.549Z
6a932b5bcd944524379ede66,GOVIND MAKTHAPPA KARJOL,Lok Sabha,Karnataka,CHITRADURGA,147000000.0,45195747.0,30.745406122448983,101804253.0,19,204,8719720.0,36476027.0,80.70676871432173,2026-08-31T17:51:12.561Z
6a932b5bcd944524379edece,Midhun Reddy,Lok Sabha,Andhra Pradesh,RAJAMPET,178951477.11,55215327.0,30.854915473013723,123736150.11,178,317,40614344.0,14600983.0,26.44371371738865,2026-08-31T17:51:12.517Z
6a932b5bcd944524379ede89,K. C VENUGOPAL,Lok Sabha,Kerala,ALAPPUZHA,147000000.0,44331588.0,30.157542857142857,102668412.0,37,52,26840190.0,17491398.0,39.45583451691376,2026-08-31T17:51:12.548Z
6a932b5ecd944524379ee215,Shri Abdul Wahab (2021-27),Rajya Sabha,Kerala,Sitting Rajya Sabha,310898953.29,93760670.0,30.157923983919627,217138283.29,120,248,80050168.0,13710502.0,14.622871188953749,2026-08-31T17:51:12.517Z
6a932b5bcd944524379eddeb,B K PARTHASARATHI,Lok Sabha,Andhra Pradesh,HINDUPUR,160491894.11,47797914.0,29.78213589232092,112693980.11,52,40,33917897.0,13880017.0,29.038959733682105,2026-08-31T17:51:13.102Z
6a932b5bcd944524379ede5c,GANAPATHY RAJKUMAR P,Lok Sabha,Tamil Nadu,COIMBATORE,147370490.11,43662823.0,29.627928201507142,103707667.11,7,62,8599674.0,35063149.0,80.30435640865457,2026-08-31T17:51:13.124Z
6a932b5bcd944524379edf9d,SUKANTA KUMAR PANIGRAHI,Lok Sabha,Odisha,KANDHAMAL,190712424.11,54209040.0,28.424493188096157,136503384.11,148,202,40058531.0,14150509.0,26.103596374331666,2026-08-31T17:51:13.510Z
6a932b5bcd944524379edf61,Shri Amar Singh,Lok Sabha,Punjab,FATEHGARH SAHIB,147000000.0,43529649.0,29.61200612244898,103470351.0,60,289,17363933.0,26165716.0,60.11010104859793,2026-08-31T17:51:13.508Z
6a932b5bcd944524379ede4b,DR. S P SINGH,Lok Sabha,Uttar Pradesh,PRATAPGARH,147000000.0,42783929.0,29.10471360544218,104216071.0,106,533,34071121.0,8712808.0,20.36467478243992,2026-08-31T17:51:13.512Z
6a932b5bcd944524379edf3c,S. Jagathrakshakan,Lok Sabha,Tamil Nadu,ARAKKONAM,180589332.34,52167418.0,28.887319823400816,128421914.34,34,130,36513077.0,15654341.0,30.007889215448618,2026-08-31T17:51:13.509Z
6a932b5ecd944524379ee275,Shri Pabitra Margherita (2022-28),Rajya Sabha,Assam,Sitting Rajya Sabha,220563957.11,63642733.44,28.854548256159543,156921223.67000002,5,205,5848086.4399999995,57794647.0,90.81106966357228,2026-08-31T17:51:13.539Z
6a932b5bcd944524379ede80,JITIN PRASADA,Lok Sabha,Uttar Pradesh,PILIBHIT,147000000.0,41842816.0,28.46450068027211,105157184.0,22,37,7678364.0,34164452.0,81.64950466048938,2026-08-31T17:51:13.523Z
6a932b5bcd944524379edf09,Putta Mahesh Kumar,Lok Sabha,Andhra Pradesh,ELURU,147000000.0,43504398.0,29.59482857142857,103495602.0,54,60,26239750.0,17264648.0,39.68483370347982,2026-08-31T17:51:13.528Z
6a932b5bcd944524379edef3,PHANI BHUSAN CHOUDHURY,Lok Sabha,Assam,BARPETA,147000000.0,42116247.0,28.650508163265304,104883753.0,3,84,4400000.0,37716247.0,89.55272534136292,2026-08-31T17:51:13.524Z
6a932b5ecd944524379ee1f3,Dr. Dharmasthala Veerendra Heggade (2022-28),Rajya Sabha,Karnataka,Nominated Rajya Sabha,196063957.11,56879514.0,29.01069367282444,139184443.11,301,173,28999430.0,27880084.0,49.016037654611466,2026-08-31T17:51:13.525Z
6a932b5bcd944524379ede3e,Dr Shashi Tharoor,Lok Sabha,Kerala,THIRUVANANTHAPURAM,147000000.0,41754577.0,28.404474149659865,105245423.0,40,74,33758390.0,7996187.0,19.15044427345055,2026-08-31T17:51:13.564Z
6a932b5bcd944524379edf21,Raju Bista,Lok Sabha,West Bengal,DARJEELING,147000000.0,43617451.0,29.67173537414966,103382549.0,73,96,34663226.0,8954225.0,20.528996524808385,2026-08-31T17:51:13.469Z
6a932b5bcd944524379edeb2,LOVELY ANAND,Lok Sabha,Bihar,SHEOHAR,147000000.0,43561211.0,29.6334768707483,103438789.0,24,67,25156665.0,18404546.0,42.24984929826675,2026-08-31T17:51:13.476Z
6a932b5ecd944524379ee225,Shri Balyogi Umeshnath (2024-30),Rajya Sabha,Madhya Pradesh,Sitting Rajya Sabha,147000000.0,41747000.0,28.39931972789116,105253000.0,11,67,7950000.0,33797000.0,80.95671545260737,2026-08-31T17:51:13.658Z
6a932b5ecd944524379ee200,Dr. Medha Vishram Kulkarni (2024-30),Rajya Sabha,Maharashtra,Sitting Rajya Sabha,147000000.0,41737818.0,28.39307346938775,105262182.0,31,76,30816058.0,10921760.0,26.167539472235944,2026-08-31T17:51:13.697Z
6a932b5bcd944524379ede76,Jagannath Sarkar,Lok Sabha,West Bengal,RANAGHAT,147000000.0,41712525.0,28.375867346938776,105287475.0,70,152,34507754.0,7204771.0,17.272440352148426,2026-08-31T17:51:14.150Z
6a932b5bcd944524379ede65,GOPINATH K,Lok Sabha,Tamil Nadu,KRISHNAGIRI,147000000.0,42753233.0,29.083831972789113,104246767.0,36,77,27542471.0,15210762.0,35.578039209338854,2026-08-31T17:51:13.525Z
6a932b5bcd944524379edf8d,Smt Hema Malini,Lok Sabha,Uttar Pradesh,MATHURA,147000000.0,40721168.0,27.70147482993197,106278832.0,33,55,26155658.0,14565510.0,35.768890519053876,2026-08-31T17:51:14.562Z
6a932b5bcd944524379edf43,Sanjay Haribhau Jadhav,Lok Sabha,Maharashtra,PARBHANI,147000000.0,40999822.0,27.89103537414966,106000178.0,28,56,23065576.0,17934246.0,43.742253320026606,2026-08-31T17:51:14.573Z
6a932b5ecd944524379ee285,Shri Rajib Bhattacharjee (2024-28),Rajya Sabha,Tripura,Sitting Rajya Sabha,122500000.0,34210580.0,27.92700408163265,88289420.0,18,40,19522053.0,14688527.0,42.93562693178543,2026-08-31T17:51:14.571Z
6a932b5bcd944524379edeb9,Mahendra Singh Solanky,Lok Sabha,Madhya Pradesh,DEWAS,147000000.0,41462417.0,28.205725850340137,105537583.0,10,131,6249000.0,35213417.0,84.92851972426017,2026-08-31T17:51:14.577Z
6a932b5bcd944524379edf04,Priyanka Gandhi Vadra,Lok Sabha,Kerala,WAYANAD,122500000.0,34714501.0,28.338368163265304,87785499.0,10,81,15019751.0,19694750.0,56.73349589556249,2026-08-31T17:51:14.577Z
6a932b5bcd944524379edf74,Shri LS Tejasvi Surya ,Lok Sabha,Karnataka,BANGALORE SOUTH,147000000.0,40913804.0,27.83251972789116,106086196.0,25,112,25236528.0,15677276.0,38.317815669254315,2026-08-31T17:51:14.570Z
6a932b5bcd944524379edee7,Nitin Jairam Gadkari,Lok Sabha,Maharashtra,NAGPUR,168195086.11,46558565.0,27.68128729370285,121636521.11,19,48,28671958.0,17886607.0,38.41743619031214,2026-08-31T17:51:14.581Z
6a932b5ecd944524379ee226,Shri Banshilal Gurjar (2024-30),Rajya Sabha,Madhya Pradesh,Sitting Rajya Sabha,147000000.0,41424435.0,28.17988775510204,105575565.0,10,71,10570000.0,30854435.0,74.48365922190611,2026-08-31T17:51:14.582Z
6a932b5ecd944524379ee2c4,Smt. P. T. Usha (2022-28),Rajya Sabha,Kerala,Nominated Rajya Sabha,196063957.11,55206130.0,28.157204829354264,140857827.11,39,82,40172739.0,15033391.0,27.231379921034133,2026-08-31T17:51:14.586Z
6a932b5bcd944524379edea7,KOTA SRINIVAS POOJARY,Lok Sabha,Karnataka,UDUPI CHIKMAGALUR,147000000.0,40865192.0,27.799450340136055,106134808.0,51,269,21595331.0,19269861.0,47.15470564777966,2026-08-31T17:51:14.584Z
6a932b5ecd944524379ee228,Shri Birendra Prasad Baishya (2025-31),Rajya Sabha,Assam,Sitting Rajya Sabha,98000000.0,27790330.0,28.357479591836736,70209670.0,1,44,995373.0,26794957.0,96.41827570957236,2026-08-31T17:51:14.594Z
6a932b5bcd944524379edeb4,M. MALLESH BABU,Lok Sabha,Karnataka,KOLAR,147065957.11,40766132.0,27.71962512677792,106299825.11,3,73,3493016.0,37273116.0,91.43157364058968,2026-08-31T17:51:14.571Z
6a932b5bcd944524379eddf9,BASTIPATI NAGARAJU PANCHALINGALA,Lok Sabha,Andhra Pradesh,KURNOOL,159998515.11,44033277.0,27.521053535857405,115965238.11,143,65,43534075.0,499202.0,1.133692593444726,2026-08-31T17:51:14.873Z
6a932b5bcd944524379ede5f,GAURAV GOGOI,Lok Sabha,Assam,JORHAT,147000000.0,40275131.0,27.39804829931973,106724869.0,35,429,8010896.0,32264235.0,80.10957183478807,2026-08-31T17:51:15.084Z
6a932b5bcd944524379edeee,PARSHOTTAMBHAI RUPALA,Lok Sabha,Gujarat,RAJKOT,147000000.0,40230082.0,27.367402721088435,106769918.0,90,229,37799055.0,2431027.0,6.042808960717505,2026-08-31T17:51:15.131Z
6a932b5ecd944524379ee24f,Shri Kanad Purkayastha (2025-31),Rajya Sabha,Assam,Sitting Rajya Sabha,98000000.0,25601397.0,26.123874489795917,72398603.0,0,50,0.0,25601397.0,100.0,2026-08-31T17:51:15.512Z
6a932b5bcd944524379eddf7,BAPI HALDAR,Lok Sabha,West Bengal,MATHURAPUR,147000000.0,39006328.0,26.53491700680272,107993672.0,87,78,33330839.0,5675489.0,14.550175038265586,2026-08-31T17:51:15.512Z
6a932b5bcd944524379edf33,Ravindra Vasantrao Chavan,Lok Sabha,Maharashtra,NANDED,147000000.0,39838293.0,27.100879591836737,107161707.0,26,115,19985533.0,19852760.0,49.8333600789572,2026-08-31T17:51:15.516Z
6a932b5bcd944524379ede93,KALYAN VAIJINATHRAO KALE,Lok Sabha,Maharashtra,JALNA,147000000.0,39254291.0,26.70359931972789,107745709.0,19,42,18358754.0,20895537.0,53.23121744830394,2026-08-31T17:51:15.515Z
6a932b5bcd944524379ede7b,JASHUBHAI BHILUBHAI RATHVA,Lok Sabha,Gujarat,CHHOTA UDAIPUR,147000000.0,38424412.0,26.139055782312926,108575588.0,96,248,32109147.0,6315265.0,16.435554043091148,2026-08-31T17:51:15.520Z
6a932b5bcd944524379edde7,ATUL GARG,Lok Sabha,Uttar Pradesh,GHAZIABAD,155336470.0,42043789.0,27.066270399990422,113292681.0,36,41,33799309.0,8244480.0,19.609269754445776,2026-08-31T17:51:15.517Z
6a932b5bcd944524379edf5b,SHIVRAJ SINGH CHOUHAN,Lok Sabha,Madhya Pradesh,VIDISHA,147000000.0,38851625.0,26.4296768707483,108148375.0,10,97,6443125.0,32408500.0,83.4160733302661,2026-08-31T17:51:15.532Z
6a932b5ecd944524379ee1fc,Dr. L. Murugan (2024-30),Rajya Sabha,Madhya Pradesh,Sitting Rajya Sabha,147000000.0,38699774.0,26.326376870748295,108300226.0,6,32,7699574.0,31000200.0,80.10434376180078,2026-08-31T17:51:15.518Z
6a932b5bcd944524379edebc,MAHIMA KUMARI MEWAR,Lok Sabha,Rajasthan,RAJSAMAND,183892143.0,48238044.0,26.23170474444903,135654099.0,26,109,21655271.0,26582773.0,55.10748528692415,2026-08-31T17:51:15.517Z
6a932b5bcd944524379edf40,SAMBIT PATRA,Lok Sabha,Odisha,PURI,147000000.0,38354750.0,26.09166666666667,108645250.0,548,175,31620874.0,6733876.0,17.556824122175218,2026-08-31T17:51:15.534Z
6a932b5ecd944524379ee1fe,Dr. M. Dhanapal (2025-31),Rajya Sabha,Tamil Nadu,Sitting Rajya Sabha,89248285.42,23989964.0,26.88002787628231,65258321.42,27,24,20303393.0,3686571.0,15.367138525093244,2026-08-31T17:51:15.560Z
6a932b5bcd944524379eddb3,ADHIKARI SOUMENDU,Lok Sabha,West Bengal,KANTHI,147000000.0,38304241.0,26.057306802721087,108695759.0,29,41,36121123.0,2183118.0,5.6994158949657825,2026-08-31T17:51:15.585Z
6a932b5bcd944524379eddb1,ABHIJIT GANGOPADHYAY,Lok Sabha,West Bengal,TAMLUK,147000000.0,40622867.78,27.63460393197279,106377132.22,74,191,25363606.78,15259261.0,37.5632293678504,2026-08-31T17:51:15.532Z
6a932b5ecd944524379ee203,Dr. Parmar Jashvantsinh Salamsinh (2024-30),Rajya Sabha,Gujarat,Sitting Rajya Sabha,147000000.0,37839089.0,25.7408768707483,109160911.0,61,312,26672911.0,11166178.0,29.50963750739348,2026-08-31T17:51:15.657Z
6a932b5bcd944524379edfc9,Y S Avinash Reddy,Lok Sabha,Andhra Pradesh,KADAPA,156430260.11,40434883.0,25.848504612577283,115995377.11,57,243,29441518.0,10993365.0,27.187824433670304,2026-08-31T17:51:15.668Z
6a932b5bcd944524379edf4d,SATPAL BRAHAMCHARI,Lok Sabha,Haryana,SONEPAT,147000000.0,35904950.0,24.42513605442177,111095050.0,19,212,11241216.0,24663734.0,68.69173749023464,2026-08-31T17:51:16.635Z
6a932b5bcd944524379ede29,DEVESH CHANDRA THAKUR,Lok Sabha,Bihar,SITAMARHI,163809205.11,41894417.0,25.57512990302795,121914788.11,119,90,38054803.0,3839614.0,9.164977758253563,2026-08-31T17:51:16.674Z
6a932b5bcd944524379ede3c,DR RAJKUMAR SANGWAN,Lok Sabha,Uttar Pradesh,BAGHPAT,147000000.0,36662976.0,24.9408,110337024.0,16,103,10927859.0,25735117.0,70.19374804707616,2026-08-31T17:51:16.681Z
6a932b5bcd944524379edf4a,Saptagiri Sankar Ulaka,Lok Sabha,Odisha,KORAPUT,269500000.0,67850166.0,25.176313914656777,201649834.0,159,416,46662417.0,21187749.0,31.22726184634537,2026-08-31T17:51:16.686Z
6a932b5ecd944524379ee214,Shri A. A. Rahim (2022-28),Rajya Sabha,Kerala,Sitting Rajya Sabha,220563957.11,56633403.0,25.67663535876612,163930554.11,17,58,26629839.0,30003564.0,52.978564611418456,2026-08-31T17:51:16.689Z
6a932b5bcd944524379ede83,JUNE MALIAH,Lok Sabha,West Bengal,MEDINIPUR,147000000.0,36949288.0,25.135570068027217,110050712.0,7,24,18832040.0,18117248.0,49.03273914236183,2026-08-31T17:51:16.691Z
6a932b5bcd944524379eddd4,Annpurna Devi ,Lok Sabha,Jharkhand,KODARMA,166665931.8,42079828.0,25.24800812351742,124586103.8,85,303,24734006.0,17345822.0,41.221228375743365,2026-08-31T17:51:16.691Z
6a932b5bcd944524379ede4d,DR.K.SUDHAKAR,Lok Sabha,Karnataka,CHIKBALLAPUR,147000000.0,37553975.0,25.54692176870748,109446025.0,18,142,8044009.0,29509966.0,78.58013965232709,2026-08-31T17:51:16.696Z
6a932b5bcd944524379edf68,Shri Bhartruhari Mahtab,Lok Sabha,Odisha,CUTTACK,147000000.0,36110567.0,24.56501156462585,110889433.0,86,397,25600877.0,10509690.0,29.10419545613892,2026-08-31T17:51:16.692Z
6a932b5ecd944524379ee2bd,Smt. Jebi Mather Hisham (2022-28),Rajya Sabha,Kerala,Sitting Rajya Sabha,220563957.11,54417993.0,24.672205610121768,166145964.11,47,72,41671596.0,12746397.0,23.42312955202151,2026-08-31T17:51:16.705Z
6a932b5bcd944524379ede30,DHAVAL LAXMANBHAI PATEL,Lok Sabha,Gujarat,VALSAD,147000000.0,36923530.0,25.11804761904762,110076470.0,60,176,32437956.0,4485574.0,12.148280513807862,2026-08-31T17:51:16.697Z
6a932b5bcd944524379edea6,KONDA VISHWESHWAR REDDY,Lok Sabha,Telangana,CHELVELLA,233721420.96,57214092.0,24.479609855611756,176507328.96,180,339,47532371.0,9681721.0,16.921916719398432,2026-08-31T17:51:16.685Z
6a932b5bcd944524379eddb2,Abu Taher Khan,Lok Sabha,West Bengal,MURSHIDABAD,147000000.0,36162113.0,24.6000768707483,110837887.0,172,156,29714725.0,6447388.0,17.829124089070792,2026-08-31T17:51:16.689Z
6a932b5ecd944524379ee29c,Shri Sandosh Kumar P (2022-28),Rajya Sabha,Kerala,Sitting Rajya Sabha,220563957.11,55957933.0,25.370388586242388,164606024.11,29,75,29703001.0,26254932.0,46.919052567577864,2026-08-31T17:51:16.626Z
6a932b5bcd944524379ede64,GODAM NAGESH,Lok Sabha,Telangana,ADILABAD,147000000.0,35717086.0,24.297337414965988,111282914.0,80,277,17451632.0,18265454.0,51.13926147278645,2026-08-31T17:51:17.553Z
6a932b5ecd944524379ee2c6,Smt. Rajathi (2025-31),Rajya Sabha,Tamil Nadu,Sitting Rajya Sabha,89248285.42,21237106.0,23.79553388623519,68011179.42,16,39,10000000.0,11237106.0,52.912604947208905,2026-08-31T17:51:17.566Z
6a932b5bcd944524379edf64,Shri Arjun Ram Meghwal,Lok Sabha,Rajasthan,BIKANER,147000000.0,34700414.0,23.60572380952381,112299586.0,17,62,19586063.0,15114351.0,43.556687825107794,2026-08-31T17:51:17.567Z
6a932b5bcd944524379ededc,NABA CHARAN MAJHI,Lok Sabha,Odisha,MAYURBHANJ,147563957.11,34422207.0,23.326974739732904,113141750.11,27,194,13783962.0,20638245.0,59.95619339573432,2026-08-31T17:51:17.571Z
6a932b5ecd944524379ee217,Shri Ajay Makan (2024-30),Rajya Sabha,Karnataka,Sitting Rajya Sabha,147000000.0,35435523.0,24.105797959183672,111564477.0,2,11,1379107.0,34056416.0,96.10812291383424,2026-08-31T17:51:17.577Z
6a932b5ecd944524379ee1f7,Dr. John Brittas (2021-27),Rajya Sabha,Kerala,Sitting Rajya Sabha,245063957.11,57506835.0,23.46605175161982,187557122.11,36,108,52630093.0,4876742.0,8.48028238730231,2026-08-31T17:51:17.573Z
6a932b5bcd944524379edec7,MANNA LAL RAWAT,Lok Sabha,Rajasthan,UDAIPUR,147000000.0,35533993.0,24.1727843537415,111466007.0,24,176,23891612.0,11642381.0,32.76406622807631,2026-08-31T17:51:17.575Z
6a932b5bcd944524379edf0c,RACHNA BANERJEE,Lok Sabha,West Bengal,HOOGHLY,147000000.0,34234471.0,23.28875578231293,112765529.0,36,68,14998488.0,19235983.0,56.18893015755961,2026-08-31T17:51:17.584Z
6a932b5bcd944524379ede97,Kamlesh Paswan,Lok Sabha,Uttar Pradesh,BANSGAON,147000000.0,35635253.0,24.241668707482994,111364747.0,0,124,0.0,35635253.0,100.0,2026-08-31T17:51:17.579Z
6a932b5bcd944524379edf0a,R.K. CHAUDHARY,Lok Sabha,Uttar Pradesh,MOHANLALGANJ,147000000.0,34622708.0,23.552862585034013,112377292.0,14,79,3010942.0,31611766.0,91.30356296798044,2026-08-31T17:51:17.581Z
6a932b5bcd944524379ede45,DR. MANSUKH MANDAVIYA,Lok Sabha,Gujarat,PORBANDAR,147000000.0,34762587.0,23.64801836734694,112237413.0,72,238,27644193.0,7118394.0,20.477169895324536,2026-08-31T17:51:17.572Z
6a932b5bcd944524379edf7e,Shri Suresh Kodikunnil,Lok Sabha,Kerala,MAVELIKKARA,172429519.11,41963456.0,24.336584719713656,130466063.11,58,133,26813391.0,15150065.0,36.10299637856329,2026-08-31T17:51:17.574Z
6a932b5bcd944524379edf84,Shrirang Appa Barne,Lok Sabha,Maharashtra,MAVAL,147000000.0,35720911.0,24.29993945578231,111279089.0,32,75,23546814.0,12174097.0,34.08114927416045,2026-08-31T17:51:17.583Z
6a932b5bcd944524379ede77,Jagdambika Pal,Lok Sabha,Uttar Pradesh,DOMARIYAGANJ,160643957.11,38873088.0,24.19828837594052,121770869.11,0,75,0.0,38873088.0,100.0,2026-08-31T17:51:17.582Z
6a932b5bcd944524379eded6,MUHAMMED HAMDULLAH SAYEED,Lok Sabha,Lakshadweep,LAKSHADWEEP,153942460.41,39337535.0,25.553401508090133,114604925.41,2,26,1633047.0,37704488.0,95.84862905110856,2026-08-31T17:51:16.697Z
6a932b5bcd944524379edf9a,SUDHA R,Lok Sabha,Tamil Nadu,MAYILADUTHURAI,147332315.11,33193145.0,22.529439638016697,114139170.11,22,127,17100375.0,16092770.0,48.48220920313517,2026-08-31T17:51:18.574Z
6a932b5bcd944524379ede00,BHASKAR MURLIDHAR BHAGARE,Lok Sabha,Maharashtra,DINDORI,147000000.0,34081627.0,23.18478027210884,112918373.0,19,100,19056745.0,15024882.0,44.08499042607326,2026-08-31T17:51:18.613Z
6a932b5bcd944524379edfc7,VISHWESHWAR HEGDE KAGERI,Lok Sabha,Karnataka,UTTARA KANNADA,147000000.0,33350000.0,22.687074829931973,113650000.0,30,113,20900000.0,12450000.0,37.331334332833585,2026-08-31T17:51:18.660Z
6a932b5ecd944524379ee238,Shri Ghanshyam Tiwari (2022-28),Rajya Sabha,Rajasthan,Sitting Rajya Sabha,196063957.11,45570943.0,23.242896691324457,150493014.11,28,60,29098344.0,16472599.0,36.14715411967666,2026-08-31T17:51:18.658Z
6a932b5ecd944524379ee20c,Dr. Sudhanshu Trivedi (2024-30),Rajya Sabha,Uttar Pradesh,Sitting Rajya Sabha,147000000.0,33646948.0,22.88908027210885,113353052.0,14,39,16886943.0,16760005.0,49.81136773534408,2026-08-31T17:51:18.655Z
6a932b5bcd944524379eddc9,AMRINDER SINGH RAJA WARRING,Lok Sabha,Punjab,LUDHIANA,147000000.0,33972409.0,23.11048231292517,113027591.0,59,187,18372811.0,15599598.0,45.918433396936905,2026-08-31T17:51:18.664Z
6a932b5bcd944524379ede1b,CHHATRAPATI SHAHU SHAHAJI,Lok Sabha,Maharashtra,KOLHAPUR,147000000.0,33696592.0,22.922851700680273,113303408.0,22,79,21542554.0,12154038.0,36.06904223430072,2026-08-31T17:51:18.653Z
6a932b5ecd944524379ee2c5,Smt. Phulo Devi Netam (2026-32),Rajya Sabha,Chhattisgarh,Sitting Rajya Sabha,49000000.0,11348157.0,23.159504081632655,37651843.0,0,81,0.0,11348157.0,100.0,2026-08-31T17:51:18.662Z
6a932b5bcd944524379eddc4,AMAR SHARADRAO KALE,Lok Sabha,Maharashtra,WARDHA,147000000.0,32855968.0,22.35099863945578,114144032.0,29,79,24499418.0,8356550.0,25.433887688227603,2026-08-31T17:51:18.663Z
6a932b5bcd944524379ede62,Giriraj Singh,Lok Sabha,Bihar,BEGUSARAI,147000000.0,32994877.0,22.445494557823128,114005123.0,17,50,21896679.0,11098198.0,33.636124783856594,2026-08-31T17:51:18.667Z
6a932b5bcd944524379edeac,KRITI DEVI DEBBARMAN,Lok Sabha,Tripura,TRIPURA EAST,147000000.0,32934783.0,22.404614285714285,114065217.0,13,29,12500000.0,20434783.0,62.04620507139822,2026-08-31T17:51:18.680Z
6a932b5bcd944524379eddf0,BAJRANG MANOHAR SONWANE,Lok Sabha,Maharashtra,BEED,165899107.19,37977152.0,22.8917157200284,127921955.19,20,80,19342448.0,18634704.0,49.06819763630511,2026-08-31T17:51:18.682Z
6a932b5bcd944524379ede37,Dr Chandra Sekhar Pemmasani,Lok Sabha,Andhra Pradesh,GUNTUR,159774113.11,35682555.0,22.33312662823768,124091558.11,9,87,11590846.0,24091709.0,67.51677115049637,2026-08-31T17:51:18.704Z
6a932b5ecd944524379ee2b8,Shri Yerram Venkata Subba Reddy (2024-30),Rajya Sabha,Andhra Pradesh,Sitting Rajya Sabha,147000000.0,33232213.0,22.606947619047617,113767787.0,38,104,18636903.0,14595310.0,43.919163613930856,2026-08-31T17:51:18.655Z
6a932b5bcd944524379eddc8,AMRARAM,Lok Sabha,Rajasthan,SIKAR,165691544.11,38165228.0,23.03390206482879,127526316.11,49,122,24765138.0,13400090.0,35.11072958872406,2026-08-31T17:51:18.679Z
6a932b5bcd944524379ede20,D M Kathir Anand,Lok Sabha,Tamil Nadu,VELLORE,160196941.11,34828146.0,21.740830853995572,125368795.11,15,67,16990701.0,17837445.0,51.21560303554487,2026-08-31T17:51:19.581Z
6a932b5bcd944524379edef4,Piyush Vedprakash Goyal,Lok Sabha,Maharashtra,MUMBAI NORTH,147000000.0,30848998.0,20.98571292517007,116151002.0,0,49,0.0,30848998.0,100.0,2026-08-31T17:51:19.585Z
6a932b5bcd944524379ede6f,Hasmukh Bhai Soma Bhai Patel,Lok Sabha,Gujarat,AHMEDABAD EAST,147000000.0,32021270.0,21.7831768707483,114978730.0,20,176,13861338.0,18159932.0,56.712091681560416,2026-08-31T17:51:19.591Z
6a932b5bcd944524379eddbf,AKHILESH YADAV,Lok Sabha,Uttar Pradesh,KANNAUJ,147000000.0,32453607.0,22.07728367346939,114546393.0,39,200,6951398.0,25502209.0,78.58050724531175,2026-08-31T17:51:19.592Z
6a932b5bcd944524379ede74,JAGADISH CHANDRA BARMA BASUNIA,Lok Sabha,West Bengal,COOCHBEHAR,168604641.11,36689865.0,21.760886745734965,131914776.11,1,96,4898435.0,31791430.0,86.64907870334218,2026-08-31T17:51:19.595Z
6a932b5ecd944524379ee297,Shri Sadanand Mhalu Shet Tanavade (2023-29),Rajya Sabha,Goa,Sitting Rajya Sabha,171500000.0,37836353.99,22.06201398833819,133663646.01,10,32,27353916.99,10482437.0,27.704669965743705,2026-08-31T17:51:19.593Z
6a932b5bcd944524379edeb7,MADHAVANENI RAGHUNANDAN RAO,Lok Sabha,Telangana,MEDAK,147000000.0,30484168.0,20.73752925170068,116515832.0,41,141,22868518.0,7615650.0,24.982312130021064,2026-08-31T17:51:19.598Z
6a932b5bcd944524379edef9,PRADEEP PUROHIT,Lok Sabha,Odisha,BARGARH,147000000.0,30901278.0,21.021277551020408,116098722.0,42,241,14317223.0,16584055.0,53.667861245091544,2026-08-31T17:51:19.599Z
6a932b5bcd944524379edeef,PARTHA BHOWMICK,Lok Sabha,West Bengal,BARRACKPUR,147000000.0,31114929.0,21.16661836734694,115885071.0,4,28,6564023.0,24550906.0,78.90394350570429,2026-08-31T17:51:19.599Z
6a932b5ecd944524379ee25a,Shri Madan Rathore (2024-30),Rajya Sabha,Rajasthan,Sitting Rajya Sabha,147000000.0,32342754.0,22.001873469387757,114657246.0,21,111,16038953.0,16303801.0,50.40943946826544,2026-08-31T17:51:19.602Z
6a932b5ecd944524379ee234,Shri Dhananjay Bhimrao Mahadik (2022-28),Rajya Sabha,Maharashtra,Sitting Rajya Sabha,220383643.11,48415797.0,21.968870428298636,171967846.11,32,126,39394693.0,9021104.0,18.63256325203115,2026-08-31T17:51:19.597Z
6a932b5bcd944524379ede54,E.T. MOHAMMED BASHEER,Lok Sabha,Kerala,MALAPPURAM,163895872.11,34451493.0,21.020354299635812,129444379.11,41,150,19026755.0,15424738.0,44.77233541083401,2026-08-31T17:51:19.592Z
6a932b5bcd944524379eddb7,ADV GOWAAL KAGADA PADAVI,Lok Sabha,Maharashtra,NANDURBAR,147816309.11,32041066.0,21.67627252562239,115775243.11,189,90,32041066.0,0.0,0.0,2026-08-31T17:51:19.586Z
6a932b5bcd944524379edfb7,V. SOMANNA,Lok Sabha,Karnataka,TUMKUR,147000000.0,32293790.0,21.96856462585034,114706210.0,4,57,7214529.0,25079261.0,77.65970175690124,2026-08-31T17:51:19.583Z
6a932b5ecd944524379ee262,Shri Masthan Rao Yadav Beedha (2024-28),Rajya Sabha,Andhra Pradesh,Sitting Rajya Sabha,171296045.11,35512349.0,20.731563870721754,135783696.11,40,80,29607698.0,5904651.0,16.627035851669515,2026-08-31T17:51:20.501Z
6a932b5bcd944524379edee0,NARESH CHANDRA UTTAM PATEL,Lok Sabha,Uttar Pradesh,FATEHPUR,147000000.0,28783210.0,19.580414965986396,118216790.0,12,74,13540314.0,15242896.0,52.95759576503107,2026-08-31T17:51:20.505Z
6a932b5bcd944524379edfbe,Vijay Kumar Hansdak,Lok Sabha,Jharkhand,RAJMAHAL,147223957.11,28886697.0,19.62092146349319,118337260.11,0,468,0.0,28886697.0,100.0,2026-08-31T17:51:20.507Z
6a932b5bcd944524379edf8a,Smt Aparajita Sarangi,Lok Sabha,Odisha,BHUBANESWAR,147420861.41,30447444.0,20.653416150731204,116973417.41,47,230,11453987.0,18993457.0,62.381121384113555,2026-08-31T17:51:20.508Z
6a932b5bcd944524379edde1,Arvind Ganpat Sawant,Lok Sabha,Maharashtra,MUMBAI SOUTH,147000000.0,28859509.0,19.63231904761905,118140491.0,14,46,20872843.0,7986666.0,27.67429619124844,2026-08-31T17:51:20.514Z
6a932b5bcd944524379eddcc,ANANTA NAYAK,Lok Sabha,Odisha,KEONJHAR,147000000.0,29211360.0,19.871673469387755,117788640.0,17,323,5050000.0,24161360.0,82.7122051147225,2026-08-31T17:51:20.513Z
6a932b5bcd944524379edf70,Shri Jugal Kishore Sharma,Lok Sabha,Jammu And Kashmir,JAMMU,147000000.0,30369749.0,20.659693197278912,116630251.0,45,169,14956356.0,15413393.0,50.75245435844729,2026-08-31T17:51:20.522Z
6a932b5bcd944524379ede3a,DR KALGE SHIVAJI BANDAPPA,Lok Sabha,Maharashtra,LATUR,147000000.0,28846420.0,19.623414965986395,118153580.0,26,89,21271865.0,7574555.0,26.258215057535732,2026-08-31T17:51:20.524Z
6a932b5ecd944524379ee243,Shri Ilaiyaraaja (2022-28),Rajya Sabha,Tamil Nadu,Nominated Rajya Sabha,220563957.11,44381022.0,20.12161124669441,176182935.11,17,10,31948688.0,12432334.0,28.012725799779915,2026-08-31T17:51:20.524Z
6a932b5ecd944524379ee24a,Shri Jayant Chaudhary (2022-28),Rajya Sabha,Uttar Pradesh,Sitting Rajya Sabha,214074707.67,43141697.0,20.15263618460883,170933010.67000002,8,16,16794438.0,26347259.0,61.071447884861826,2026-08-31T17:51:20.528Z
6a932b5bcd944524379eddb8,ADV K FRANCIS GEORGE,Lok Sabha,Kerala,KOTTAYAM,188722256.11,37467974.0,19.853500467989925,151254282.11,53,298,28048193.0,9419781.0,25.140886987911333,2026-08-31T17:51:20.534Z
6a932b5bcd944524379edfaf,Thiru Dayanidhi Maran,Lok Sabha,Tamil Nadu,CHENNAI CENTRAL,147000000.0,30478390.0,20.73359863945578,116521610.0,4,8,25568733.0,4909657.0,16.10864943981621,2026-08-31T17:51:20.535Z
6a932b5bcd944524379ede02,BHOJRAJ NAG,Lok Sabha,Chhattisgarh,KANKER,164672734.11,35985836.0,21.85294134726746,128686898.11,29,44,19984971.0,16000865.0,44.46434147034961,2026-08-31T17:51:19.601Z
6a932b5bcd944524379ede26,DARSHAN SINGH CHOUDHARY,Lok Sabha,Madhya Pradesh,HOSHANGABAD,147000000.0,30022552.0,20.423504761904763,116977448.0,49,348,5286493.0,24736059.0,82.39159349278502,2026-08-31T17:51:20.756Z
6a932b5ecd944524379ee2a9,Shri Subhash Barala (2024-30),Rajya Sabha,Haryana,Sitting Rajya Sabha,147000000.0,29532538.0,20.090161904761903,117467462.0,4,73,4163539.0,25368999.0,85.90185848571498,2026-08-31T17:51:20.769Z
6a932b5ecd944524379ee1fd,Dr. Laxmikant Bajpayee (2022-28),Rajya Sabha,Uttar Pradesh,Sitting Rajya Sabha,196000000.0,37937707.0,19.35597295918367,158062293.0,4,62,6012295.0,31925412.0,84.15219190764482,2026-08-31T17:51:21.501Z
6a932b5bcd944524379edef6,Prabhubhai Nagarbhai Vasava,Lok Sabha,Gujarat,BARDOLI,147000000.0,27468376.0,18.68597006802721,119531624.0,62,253,19899308.0,7569068.0,27.55557154161571,2026-08-31T17:51:21.512Z
6a932b5bcd944524379edfa6,SURESH KUMAR SHETKAR,Lok Sabha,Telangana,ZAHIRABAD,147000000.0,28674768.0,19.506644897959184,118325232.0,64,291,12400782.0,16273986.0,56.75367975078299,2026-08-31T17:51:21.524Z
6a932b5ecd944524379ee23a,Shri Govindbhai Laljibhai Dholakia (2024-30),Rajya Sabha,Gujarat,Sitting Rajya Sabha,147000000.0,27272966.0,18.553038095238097,119727034.0,44,78,17582444.0,9690522.0,35.531602980035245,2026-08-31T17:51:21.544Z
6a932b5bcd944524379edf2c,Ramvir Singh Bidhuri,Lok Sabha,Delhi,SOUTH DELHI,147559100.0,28849836.0,19.551377041470165,118709264.0,41,82,21147903.0,7701933.0,26.69662662900406,2026-08-31T17:51:21.577Z
6a932b5ecd944524379ee293,Shri S. Jaishankar (2023-29),Rajya Sabha,Gujarat,Sitting Rajya Sabha,171500000.0,31616893.0,18.43550612244898,139883107.0,51,112,27596399.0,4020494.0,12.71628429776449,2026-08-31T17:51:21.585Z
6a932b5bcd944524379eddb5,Adv Adoor Prakash ,Lok Sabha,Kerala,ATTINGAL,147000000.0,28617364.0,19.46759455782313,118382636.0,108,337,26454623.0,2162741.0,7.557443096436136,2026-08-31T17:51:21.589Z
6a932b5bcd944524379edfa8,T Sumathy (A) Thamizhachi Thangapandian ,Lok Sabha,Tamil Nadu,CHENNAI SOUTH,147000000.0,28530278.0,19.408352380952383,118469722.0,5,25,18246848.0,10283430.0,36.04391797374004,2026-08-31T17:51:21.586Z
6a932b5bcd944524379ede8b,KADIYAM KAVYA,Lok Sabha,Telangana,WARANGEL,147000000.0,27189421.0,18.49620476190476,119810579.0,53,161,19492958.0,7696463.0,28.306829336306944,2026-08-31T17:51:21.591Z
6a932b5bcd944524379edf10,RAHUL GANDHI,Lok Sabha,Uttar Pradesh,RAE BARELI,147000000.0,27068171.0,18.41372176870748,119931829.0,74,118,3829989.0,23238182.0,85.8505807429693,2026-08-31T17:51:21.590Z
6a932b5bcd944524379ede87,K RADHAKRISHNAN,Lok Sabha,Kerala,ALATHUR,147000000.0,28066021.0,19.092531292517005,118933979.0,15,171,24293135.0,3772886.0,13.442895948805852,2026-08-31T17:51:21.598Z
6a932b5bcd944524379eddea,AZAD KIRTI JHA,Lok Sabha,West Bengal,BARDHAMAN-DURGAPUR,179658399.98,33156887.0,18.45551725034349,146501512.98,6,106,11925284.0,21231603.0,64.03376468967066,2026-08-31T17:51:21.600Z
6a932b5ecd944524379ee1f1,Dr. Ashok Kumar Mittal (2022-28),Rajya Sabha,Punjab,Sitting Rajya Sabha,222487632.14,41939879.0,18.850431638199737,180547753.14,15,32,25534470.0,16405409.0,39.11649101324303,2026-08-31T17:51:21.606Z
6a932b5bcd944524379edf79,Shri Rajmohan Unnithan ,Lok Sabha,Kerala,KASARAGOD,156754633.11,28932795.0,18.45737789434069,127821838.11,56,151,13539308.0,15393487.0,53.20428600140429,2026-08-31T17:51:21.599Z
6a932b5bcd944524379eddd6,Anto Antony,Lok Sabha,Kerala,PATHANAMTHITTA,147000000.0,26984855.0,18.357044217687076,120015145.0,60,296,14782777.0,12202078.0,45.21824556774531,2026-08-31T17:51:21.994Z
6a932b5bcd944524379edf73,Shri Kumbakudi Sudhakaran,Lok Sabha,Kerala,KANNUR,147000000.0,26785182.0,18.22121224489796,120214818.0,61,232,18190579.0,8594603.0,32.08715550262081,2026-08-31T17:51:22.012Z
6a932b5bcd944524379edf55,SHAMBHAVI,Lok Sabha,Bihar,SAMASTIPUR,147000000.0,26689204.0,18.155921088435377,120310796.0,16,111,12853330.0,13835874.0,51.8407143202922,2026-08-31T17:51:22.011Z
6a932b5bcd944524379edf51,SELJA,Lok Sabha,Haryana,SIRSA,147000000.0,26548478.0,18.060189115646256,120451522.0,59,251,12188846.0,14359632.0,54.088343595440755,2026-08-31T17:51:22.035Z
6a932b5bcd944524379ede7c,Jaswantsinh Sumanbhai Bhabhor,Lok Sabha,Gujarat,DAHOD,147000000.0,26431145.0,17.980370748299322,120568855.0,68,327,20262293.0,6168852.0,23.33932941611118,2026-08-31T17:51:22.091Z
6a932b5bcd944524379edf01,Praveen Khandelwal,Lok Sabha,Delhi,CHANDINI CHOWK,147470276.0,26487847.0,17.961481946368636,120982429.0,35,34,18719869.0,7767978.0,29.326573805715505,2026-08-31T17:51:22.099Z
6a932b5ecd944524379ee219,Shri Amar Pal Maurya (2024-30),Rajya Sabha,Uttar Pradesh,Sitting Rajya Sabha,147000000.0,26365566.0,17.93575918367347,120634434.0,18,120,14305309.0,12060257.0,45.742454381597575,2026-08-31T17:51:22.105Z
6a932b5bcd944524379eddaf,ABDUL RASHID SHEIKH,Lok Sabha,Jammu And Kashmir,BARAMULLAH,154773472.11,27714021.0,17.906182902134027,127059451.11,44,114,20833605.0,6880416.0,24.826480430248647,2026-08-31T17:51:22.108Z
6a932b5bcd944524379ede18,CHARANJIT SINGH CHANNI,Lok Sabha,Punjab,JALANDHAR,147000000.0,26344017.0,17.921100000000003,120655983.0,58,151,16142841.0,10201176.0,38.722932801022715,2026-08-31T17:51:22.122Z
6a932b5bcd944524379edf20,RAJPALSINH MAHENDRASINH JADAV,Lok Sabha,Gujarat,PANCHMAHAL,147000000.0,26159198.0,17.795372789115646,120840802.0,89,372,18276551.0,7882647.0,30.13336647400276,2026-08-31T17:51:22.127Z
6a932b5bcd944524379ede32,Dilip Saikia,Lok Sabha,Assam,Darrang-Udalguri,147000000.0,26110389.0,17.762169387755105,120889611.0,5,225,1700000.0,24410389.0,93.48918164336808,2026-08-31T17:51:22.145Z
6a932b5bcd944524379ede10,C.M.RAMESH,Lok Sabha,Andhra Pradesh,ANAKAPALLE,202531656.11,36002667.0,17.776315906114966,166528989.11,20,75,19053089.0,16949578.0,47.07867336605924,2026-08-31T17:51:22.243Z
6a932b5bcd944524379eded8,MUKESHKUMAR CHANDRAKAANT DALAL,Lok Sabha,Gujarat,SURAT,147000000.0,26395724.0,17.956274829931974,120604276.0,92,128,22916852.0,3478872.0,13.17968016334767,2026-08-31T17:51:22.130Z
6a932b5bcd944524379ede60,GENIBEN NAGAJI THAKOR,Lok Sabha,Gujarat,BANASKANTHA,147000000.0,26332572.0,17.913314285714286,120667428.0,41,127,16146199.0,10186373.0,38.683547509145704,2026-08-31T17:51:22.197Z
6a932b5ecd944524379ee299,Shri Samik Bhattacharya (2024-30),Rajya Sabha,West Bengal,Sitting Rajya Sabha,147000000.0,28774223.0,19.57430136054422,118225777.0,10,41,14142226.0,14631997.0,50.85105860199943,2026-08-31T17:51:21.550Z
6a932b5bcd944524379edf96,Smt Supriya Sadanand Sule,Lok Sabha,Maharashtra,BARAMATI,147000000.0,25041557.0,17.035072789115645,121958443.0,10,116,7738002.0,17303555.0,69.09935751998168,2026-08-31T17:51:22.583Z
6a932b5bcd944524379edecd,MIAN ALTAF AHMAD,Lok Sabha,Jammu And Kashmir,ANANTNAG,147000000.0,24523857.0,16.682895918367347,122476143.0,14,113,6935236.0,17588621.0,71.72045164021303,2026-08-31T17:51:22.587Z
6a932b5bcd944524379ede3f,Dr Sukanta Majumdar ,Lok Sabha,West Bengal,BALURGHAT,157085364.9,26156776.0,16.651313135791685,130928588.9,33,153,16283854.0,9872922.0,37.74517929885548,2026-08-31T17:51:22.637Z
6a932b5ecd944524379ee242,Shri I.S. Inbadurai (2025-31),Rajya Sabha,Tamil Nadu,Sitting Rajya Sabha,89248285.42,15065385.0,16.880307480533332,74182900.42,15,68,8485786.0,6579599.0,43.67362002365024,2026-08-31T17:51:22.633Z
6a932b5bcd944524379ede6e,Harsh Malhotra,Lok Sabha,Delhi,EAST DELHI,147134131.0,24390277.0,16.5768994822826,122743854.0,51,61,21860766.0,2529511.0,10.370981026578749,2026-08-31T17:51:22.745Z
6a932b5ecd944524379ee25e,Shri Manan Kumar Mishra (2024-28),Rajya Sabha,Bihar,Sitting Rajya Sabha,235263957.11,38457500.0,16.346532835889864,196806457.11,31,57,30091314.0,8366186.0,21.754367808619904,2026-08-31T17:51:22.750Z
6a932b5bcd944524379edee4,NILESH DNYANDEV LANKE,Lok Sabha,Maharashtra,AHMEDNAGAR,147000000.0,23809461.0,16.19691224489796,123190539.0,12,73,16354732.0,7454729.0,31.309944395633316,2026-08-31T17:51:22.940Z
6a932b5ecd944524379ee27a,Shri Praful Patel (2024-30),Rajya Sabha,Maharashtra,Sitting Rajya Sabha,147000000.0,25340576.0,17.23848707482993,121659424.0,22,95,15664898.0,9675678.0,38.18254959950397,2026-08-31T17:51:22.992Z
6a932b5bcd944524379edf8f,Smt Poonamben Hematbhai Maadam,Lok Sabha,Gujarat,JAMNAGAR,147000000.0,25917848.0,17.631189115646258,121082152.0,45,134,19856441.0,6061407.0,23.38699956879136,2026-08-31T17:51:22.992Z
6a932b5bcd944524379edf93,Smt Sandhya Ray,Lok Sabha,Madhya Pradesh,BHIND,147000000.0,25218035.0,17.155125850340134,121781965.0,61,68,12175844.0,13042191.0,51.717713136650026,2026-08-31T17:51:22.570Z
6a932b5bcd944524379edec5,MANISH TEWARI,Lok Sabha,Chandigarh,CHANDIGARH,178351443.75,31091008.0,17.43243976403191,147260435.75,31,81,15427535.0,15663473.0,50.37943124906082,2026-08-31T17:51:23.002Z
6a932b5bcd944524379edee9,Om Birla,Lok Sabha,Rajasthan,KOTA,163906956.6,28500390.0,17.388151541092064,135406566.6,15,46,12085606.0,16414784.0,57.59494519197808,2026-08-31T17:51:23.001Z
6a932b5bcd944524379edf67,Shri Benny Behanan,Lok Sabha,Kerala,CHALAKUDY,164674770.11,28691022.0,17.42284017207668,135983748.11,13,157,12792868.0,15898154.0,55.4115987921239,2026-08-31T17:51:23.003Z
6a932b5bcd944524379edee5,NIMUBEN JAYANTIBHAI BAMBHANIYA,Lok Sabha,Gujarat,BHAVNAGAR,147000000.0,25662379.0,17.45740068027211,121337621.0,28,34,19168805.0,6493574.0,25.30386602115104,2026-08-31T17:51:23.005Z
6a932b5bcd944524379edea9,Krishan Pal Gurjar,Lok Sabha,Haryana,FARIDABAD,147000000.0,23658961.0,16.094531292517004,123341039.0,6,76,4454659.0,19204302.0,81.1713667392241,2026-08-31T17:51:23.117Z
6a932b5bcd944524379ede58,G. KUMAR NAIK,Lok Sabha,Karnataka,RAICHUR,147000000.0,23521564.0,16.00106394557823,123478436.0,9,119,6475548.0,17046016.0,72.46973883199263,2026-08-31T17:51:23.138Z
6a932b5bcd944524379edfb8,Vaithilingam Ve,Lok Sabha,Puducherry,Puducherry,209368972.11,33557935.0,16.028131896434516,175811037.11,13,62,21280551.0,12277384.0,36.58563615431045,2026-08-31T17:51:23.143Z
6a932b5ecd944524379ee24c,Shri Jose K. Mani (2024-30),Rajya Sabha,Kerala,Sitting Rajya Sabha,122500000.0,19384930.0,15.824432653061224,103115070.0,27,153,10476923.0,8908007.0,45.95325853639915,2026-08-31T17:51:23.277Z
6a932b5bcd944524379edde3,ASHISH DUBEY,Lok Sabha,Madhya Pradesh,JABALPUR,147000000.0,23263814.0,15.82572380952381,123736186.0,15,328,4832336.0,18431478.0,79.22810077487725,2026-08-31T17:51:23.278Z
6a932b5bcd944524379edeb1,LAXMIKANT PAPPU NISHAD,Lok Sabha,Uttar Pradesh,SANT KABIR NAGAR,147000000.0,23806477.0,16.19488231292517,123193523.0,2,503,1998365.0,21808112.0,91.60579282688488,2026-08-31T17:51:23.287Z
6a932b5ecd944524379ee25b,Shri Mahendra Bhatt (2024-30),Rajya Sabha,Uttarakhand,Sitting Rajya Sabha,147000000.0,23254909.0,15.819665986394558,123745091.0,11,108,11203014.0,12051895.0,51.82516517265236,2026-08-31T17:51:23.448Z
6a932b5bcd944524379edf2e,Rao Inderjit Singh,Lok Sabha,Haryana,GURGAON,147000000.0,22744840.0,15.472680272108844,124255160.0,14,34,15180698.0,7564142.0,33.25651884119651,2026-08-31T17:51:23.602Z
6a932b5ecd944524379ee26a,Shri Narain Dass Gupta (2024-30),Rajya Sabha,Delhi,Sitting Rajya Sabha,160837070.0,24703922.0,15.359594650661071,136133148.0,11,41,18500703.0,6203219.0,25.11025982028279,2026-08-31T17:51:23.851Z
6a932b5bcd944524379eddda,Appalanaidu Kalisetti,Lok Sabha,Andhra Pradesh,VIZIANAGARAM,147000000.0,22325622.0,15.187497959183672,124674378.0,36,67,13915411.0,8410211.0,37.67066825730544,2026-08-31T17:51:23.871Z
6a932b5bcd944524379ede42,DR. KIRSAN NAMDEO,Lok Sabha,Maharashtra,GADCHIROLI-CHIMUR,147000000.0,22599453.0,15.37377755102041,124400547.0,18,148,16072206.0,6527247.0,28.88232294825897,2026-08-31T17:51:23.779Z
6a932b5bcd944524379ede34,DINESHBHAI MAKWANA,Lok Sabha,Gujarat,AHMEDABAD WEST,160434965.11,25122452.0,15.658963108680917,135312513.11,2,205,8122452.0,17000000.0,67.6685540089797,2026-08-31T17:51:23.975Z
6a932b5ecd944524379ee253,Shri Kesridevsinh Jhala (2023-29),Rajya Sabha,Gujarat,Sitting Rajya Sabha,171500000.0,26513551.0,15.459796501457726,144986449.0,21,123,11956415.0,14557136.0,54.90451279045949,2026-08-31T17:51:23.976Z
6a932b5ecd944524379ee273,Shri P. P. Suneer (2024-30),Rajya Sabha,Kerala,Sitting Rajya Sabha,122500000.0,18439441.0,15.052604897959185,104060559.0,19,69,10661718.0,7777723.0,42.179819876318376,2026-08-31T17:51:23.992Z
6a932b5bcd944524379edf6d,Shri Hibi Eden,Lok Sabha,Kerala,ERNAKULAM,162177260.11,24928980.0,15.37143985728419,137248280.11,18,94,20145979.0,4783001.0,19.186509034866248,2026-08-31T17:51:24.000Z
6a932b5ecd944524379ee283,Shri Rajeev Shukla (2022-28),Rajya Sabha,Chhattisgarh,Sitting Rajya Sabha,271174394.23,40599928.0,14.971888520405304,230574466.23,4,26,31540000.0,9059928.0,22.315133169694292,2026-08-31T17:51:24.027Z
6a932b5bcd944524379edde8,AVIMANYU SETHI,Lok Sabha,Odisha,BHADRAK,147000000.0,23107575.0,15.719438775510202,123892425.0,27,251,10250000.0,12857575.0,55.64225151276151,2026-08-31T17:51:23.603Z
6a932b5bcd944524379ededf,NARAYAN TATU RANE,Lok Sabha,Maharashtra,RATNAGIRI-SINDHUDURG,147000000.0,22993974.0,15.642159183673469,124006026.0,25,70,17520224.0,5473750.0,23.805149992776368,2026-08-31T17:51:23.598Z
6a932b5ecd944524379ee281,Shri Raghav Chadha (2022-28),Rajya Sabha,Punjab,Sitting Rajya Sabha,237229207.25,34558312.0,14.567477757315652,202670895.25,4,2,7086378.0,27471934.0,79.49443248269765,2026-08-31T17:51:24.408Z
6a932b5bcd944524379edf26,RAMASAHAYAM RAGHURAM REDDY,Lok Sabha,Telangana,KHAMMAM,147000000.0,21423748.0,14.573978231292518,125576252.0,18,194,8211610.0,13212138.0,61.67052562418116,2026-08-31T17:51:24.413Z
6a932b5ecd944524379ee2c8,Smt. Rekha Sharma (2024-28),Rajya Sabha,Haryana,Sitting Rajya Sabha,98000000.0,14183077.0,14.47252755102041,83816923.0,1,144,487913.0,13695164.0,96.55989317409755,2026-08-31T17:51:24.429Z
6a932b5bcd944524379edeea,Omprakash Bhupalsinh Alias Pawan Rajenimbalkar,Lok Sabha,Maharashtra,OSMANABAD,184758519.11,27342263.0,14.798918681374138,157416256.11,29,164,19682980.0,7659283.0,28.012615488337595,2026-08-31T17:51:24.423Z
6a932b5bcd944524379edea0,Khalilur Rahaman ,Lok Sabha,West Bengal,JANGIPUR,147000000.0,23028217.0,15.6654537414966,123971783.0,31,76,19089367.0,3938850.0,17.104450596413955,2026-08-31T17:51:23.605Z
6a932b5bcd944524379edee8,Nityanand Rai,Lok Sabha,Bihar,UJJARPUR,147000000.0,22994739.0,15.642679591836734,124005261.0,40,54,16494739.0,6500000.0,28.267335410939,2026-08-31T17:51:23.599Z
6a932b5ecd944524379ee23f,Shri Haris Beeran (2024-30),Rajya Sabha,Kerala,Sitting Rajya Sabha,122500000.0,17480985.0,14.270191836734694,105019015.0,9,207,9042179.0,8438806.0,48.27420193999365,2026-08-31T17:51:24.574Z
6a932b5bcd944524379edec6,MANJU SHARMA,Lok Sabha,Rajasthan,JAIPUR,167082901.11,23994861.0,14.36105121505093,143088040.11,15,54,14282689.0,9712172.0,40.47605026759688,2026-08-31T17:51:24.584Z
6a932b5bcd944524379edf7d,Shri Sudheer Gupta ,Lok Sabha,Madhya Pradesh,MANDSOUR,148988014.83,21420844.0,14.3775618625712,127567170.83,60,163,8994846.0,12425998.0,58.0089094528675,2026-08-31T17:51:24.594Z
6a932b5ecd944524379ee209,Dr. Sasmit Patra (2022-28),Rajya Sabha,Odisha,Sitting Rajya Sabha,196063957.11,31000333.0,15.81133700295946,165063624.11,42,263,21585064.0,9415269.0,30.371509235078214,2026-08-31T17:51:23.601Z
6a932b5bcd944524379eddc7,Amol Ramsing Kolhe,Lok Sabha,Maharashtra,SHIRUR,147000000.0,20561770.0,13.98759863945578,126438230.0,15,96,14981153.0,5580617.0,27.140742261001847,2026-08-31T17:51:24.903Z
6a932b5bcd944524379eddba,AGA SYED RUHULLAH MEHDI,Lok Sabha,Jammu And Kashmir,SRINAGAR,147000000.0,20822671.0,14.16508231292517,126177329.0,62,136,19392971.0,1429700.0,6.866074001745501,2026-08-31T17:51:24.904Z
6a932b5bcd944524379edefb,Pralhad Venkatesh Joshi,Lok Sabha,Karnataka,DHARWAD,147000000.0,20761060.0,14.12317006802721,126238940.0,28,174,12859023.0,7902037.0,38.061818616197826,2026-08-31T17:51:24.904Z
6a932b5bcd944524379edf5a,SHIVMANGAL SINGH TOMAR,Lok Sabha,Madhya Pradesh,MORENA,147000000.0,20290158.0,13.802828571428572,126709842.0,28,38,7818529.0,12471629.0,61.46639666384066,2026-08-31T17:51:24.910Z
6a932b5bcd944524379ede9d,KARTICK CHANDRA PAUL,Lok Sabha,West Bengal,RAIGANJ,202677986.56,28148611.0,13.888341540074949,174529375.56,99,302,25731440.0,2417171.0,8.587176823751623,2026-08-31T17:51:24.911Z
6a932b5bcd944524379eddf6,Bansuri Swaraj,Lok Sabha,Delhi,NEW DELHI,154306950.0,21775293.0,14.111673518269916,132531657.0,41,69,19856755.0,1918538.0,8.810618529909103,2026-08-31T17:51:24.916Z
6a932b5bcd944524379eded9,MURARI LAL MEENA,Lok Sabha,Rajasthan,DAUSA,147000000.0,19705174.0,13.404880272108844,127294826.0,16,96,10249548.0,9455626.0,47.9854986309687,2026-08-31T17:51:25.025Z
6a932b5ecd944524379ee263,Shri Mayankkumar Nayak (2024-30),Rajya Sabha,Gujarat,Sitting Rajya Sabha,147000000.0,19560868.0,13.306712925170066,127439132.0,20,151,9196089.0,10364779.0,52.98731630927625,2026-08-31T17:51:25.049Z
6a932b5bcd944524379ede01,BHAUSAHEB RAJARAM WAKCHAURE,Lok Sabha,Maharashtra,SHIRDI,147000000.0,19420448.0,13.211189115646258,127579552.0,11,126,8130314.0,11290134.0,58.13529121470318,2026-08-31T17:51:25.067Z
6a932b5bcd944524379edf47,Sanjay Uttamrao Deshmukh,Lok Sabha,Maharashtra,YAVATMAL-WASHIM,185640423.0,24518118.0,13.207316382811731,161122305.0,23,101,14389957.0,10128161.0,41.30888431159357,2026-08-31T17:51:25.110Z
6a932b5ecd944524379ee239,Shri Golla Baburao (2024-30),Rajya Sabha,Andhra Pradesh,Sitting Rajya Sabha,147000000.0,19348372.0,13.162157823129252,127651628.0,2,42,1998433.0,17349939.0,89.6713118809169,2026-08-31T17:51:25.205Z
6a932b5bcd944524379edfc4,VISHAL,Lok Sabha,Maharashtra,SANGLI,147000000.0,19819890.0,13.482918367346938,127180110.0,11,73,10964597.0,8855293.0,44.6788201145415,2026-08-31T17:51:25.100Z
6a932b5bcd944524379ededb,MURLIDHAR MOHOL,Lok Sabha,Maharashtra,PUNE,147000000.0,18945481.0,12.88808231292517,128054519.0,12,87,11996657.0,6948824.0,36.678002527357314,2026-08-31T17:51:25.385Z
6a932b5bcd944524379edf05,PRIYANKA SATISH JARKIHOLI,Lok Sabha,Karnataka,CHIKKODI,147000000.0,17958285.0,12.216520408163266,129041715.0,16,143,11270925.0,6687360.0,37.23829975969309,2026-08-31T17:51:25.383Z
6a932b5ecd944524379ee2bc,Smt. Jaya Amitabh Bachchan (2024-30),Rajya Sabha,Uttar Pradesh,Sitting Rajya Sabha,147000000.0,21904185.0,14.900806122448978,125095815.0,10,13,19565958.0,2338227.0,10.6747957068478,2026-08-31T17:51:25.473Z
6a932b5bcd944524379edecb,Manoj Tiwari,Lok Sabha,Delhi,NORTH EAST DELHI,225843858.0,28650238.0,12.685861042986607,197193620.0,6,17,5756284.0,22893954.0,79.90842519353592,2026-08-31T17:51:25.474Z
6a932b5ecd944524379ee292,Shri S Niranjan Reddy (2022-28),Rajya Sabha,Andhra Pradesh,Sitting Rajya Sabha,224621383.11,29522116.0,13.143056814650024,195099267.11,3,16,5657203.0,23864913.0,80.83740677666871,2026-08-31T17:51:25.474Z
6a932b5bcd944524379eddd9,Anurag Singh Thakur,Lok Sabha,Himachal Pradesh,HAMIRPUR,149570117.11,18576823.0,12.42014338087189,130993294.11,45,162,6497496.0,12079327.0,65.02364263254272,2026-08-31T17:51:25.483Z
6a932b5ecd944524379ee21d,Shri Ashok Singh (2024-30),Rajya Sabha,Madhya Pradesh,Sitting Rajya Sabha,147000000.0,18068265.0,12.291336734693878,128931735.0,11,99,5151752.0,12916513.0,71.48729000819945,2026-08-31T17:51:25.480Z
6a932b5bcd944524379eddef,BAIJAYANT PANDA,Lok Sabha,Odisha,KENDRAPARA,147000000.0,17127535.0,11.651384353741497,129872465.0,8,48,6418056.0,10709479.0,62.52784770254447,2026-08-31T17:51:25.637Z
6a932b5bcd944524379edec8,MANOHAR LAL,Lok Sabha,Haryana,KARNAL,147000000.0,16619897.0,11.30605238095238,130380103.0,1,19,495787.0,16124110.0,97.01690690381535,2026-08-31T17:51:25.640Z
6a932b5bcd944524379ede07,BIBHU PRASAD TARAI,Lok Sabha,Odisha,JAGATSINGHPUR,147000000.0,16233683.0,11.043321768707482,130766317.0,15,324,4139608.0,12094075.0,74.49988397580512,2026-08-31T17:51:25.642Z
6a932b5bcd944524379ede4c,DR. SHARMILA SARKAR,Lok Sabha,West Bengal,BARDHAMAN PURBA,147000000.0,21224009.0,14.438101360544216,125775991.0,17,94,13306505.0,7917504.0,37.30446966923167,2026-08-31T17:51:24.695Z
6a932b5bcd944524379edfb9,VAMSI KRISHNA GADDAM,Lok Sabha,Telangana,PEDDAPALLE,148451721.11,16373473.0,11.029493546839754,132078248.11,9,62,7049840.0,9323633.0,56.943526886446136,2026-08-31T17:51:25.763Z
6a932b5bcd944524379edf82,SHRIMANT CHH UDAYANRAJE PRATAPSINHAMAHARAJ BHONSLE,Lok Sabha,Maharashtra,SATARA,147000000.0,16135149.0,10.976291836734694,130864851.0,16,118,11976649.0,4158500.0,25.772925927117253,2026-08-31T17:51:25.767Z
6a932b5ecd944524379ee274,Shri P. Wilson (2025-31),Rajya Sabha,Tamil Nadu,Sitting Rajya Sabha,89248285.42,9998159.0,11.20263426120618,79250126.42,1,34,4998159.0,5000000.0,50.009206694952546,2026-08-31T17:51:25.636Z
6a932b5bcd944524379edfba,VARUN CHAUDHRY,Lok Sabha,Haryana,AMBALA,255454264.0,28023758.0,10.97016646392718,227430506.0,3,154,706632.0,27317126.0,97.47845381765,2026-08-31T17:51:25.902Z
6a932b5bcd944524379edf25,Ram Shiromani,Lok Sabha,Uttar Pradesh,SHRAWASTI,151746878.11,16300060.0,10.741611427540686,135446818.11,0,1356,0.0,16300060.0,100.0,2026-08-31T17:51:25.939Z
6a932b5bcd944524379edf83,Shripad Yesso Naik,Lok Sabha,Goa,NORTH GOA,147000000.0,15476370.0,10.528142857142855,131523630.0,1,110,3108723.0,12367647.0,79.91309977727336,2026-08-31T17:51:25.934Z
6a932b5bcd944524379ede55,EATALA RAJENDER,Lok Sabha,Telangana,MALKAJGIRI,327477390.86,34708670.0,10.598798869396854,292768720.86,29,268,16792312.0,17916358.0,51.619258242969266,2026-08-31T17:51:25.946Z
6a932b5bcd944524379edf54,SHAFI PARAMBIL,Lok Sabha,Kerala,VADAKARA,147000000.0,15909800.0,10.822993197278912,131090200.0,15,228,1512000.0,14397800.0,90.49642358797723,2026-08-31T17:51:25.998Z
6a932b5bcd944524379edfa4,SURESH GOPI,Lok Sabha,Kerala,THRISSUR,147000000.0,16001891.0,10.88564013605442,130998109.0,15,75,13209096.0,2792795.0,17.45290603466803,2026-08-31T17:51:26.032Z
6a932b5bcd944524379ede0b,BISHNU PADA RAY,Lok Sabha,Andaman And Nicobar Islands,ANDAMAN AND NICOBAR ISLANDS,147000000.0,15498347.0,10.543093197278912,131501653.0,0,27,0.0,15498347.0,100.0,2026-08-31T17:51:26.015Z
6a932b5bcd944524379ede2d,DHANORKAR PRATIBHA SURESH ALIAS BALUBHAU,Lok Sabha,Maharashtra,CHANDRAPUR,147000000.0,14990871.0,10.197871428571428,132009129.0,7,69,7831889.0,7158982.0,47.75561073135777,2026-08-31T17:51:26.242Z
6a932b5bcd944524379ede53,E. TUKARAM,Lok Sabha,Karnataka,BELLARY,147000000.0,14871722.0,10.11681768707483,132128278.0,2,89,988344.0,13883378.0,93.35420605629932,2026-08-31T17:51:26.244Z
6a932b5bcd944524379edded,BACHHAV SHOBHA DINESH,Lok Sabha,Maharashtra,DHULE,147000000.0,15115446.0,10.282616326530611,131884554.0,15,79,14191877.0,923569.0,6.11010088620607,2026-08-31T17:51:26.249Z
6a932b5bcd944524379edeab,Krishna Prasad Tenneti,Lok Sabha,Andhra Pradesh,BAPATLA,167796849.11,17516616.0,10.43918052866231,150280233.11,6,118,2878395.0,14638221.0,83.56763087116826,2026-08-31T17:51:26.253Z
6a932b5bcd944524379ede22,Daggubati Purandeshwari,Lok Sabha,Andhra Pradesh,RAJAHMUNDRY,147000000.0,14394558.0,9.792216326530612,132605442.0,3,26,4989014.0,9405544.0,65.34097121981793,2026-08-31T17:51:26.356Z
6a932b5bcd944524379edf3e,SAGAR ESHWAR KHANDRE,Lok Sabha,Karnataka,BIDAR,147000000.0,15422826.0,10.49171836734694,131577174.0,5,173,1850747.0,13572079.0,87.99994890689943,2026-08-31T17:51:26.360Z
6a932b5bcd944524379eddf2,Balashowry Vallabbhaneni,Lok Sabha,Andhra Pradesh,MACHILIPATNAM,147000000.0,14363941.0,9.77138843537415,132636059.0,9,52,3302774.0,11061167.0,77.00649146358927,2026-08-31T17:51:26.445Z
6a932b5bcd944524379edf88,SMITA UDAY WAGH,Lok Sabha,Maharashtra,JALGAON,148107373.11,14030677.0,9.473314329583951,134076696.11,9,1,14030677.0,0.0,0.0,2026-08-31T17:51:26.488Z
6a932b5bcd944524379ede48,DR. PRASHANT YADAORAO PADOLE,Lok Sabha,Maharashtra,BHANDARA-GONDIYA,159680283.39,14961080.0,9.369397199439678,144719203.39,8,144,5272033.0,9689047.0,64.76168164330383,2026-08-31T17:51:26.499Z
6a932b5bcd944524379edf2f,Rao Rajendra Singh,Lok Sabha,Rajasthan,JAIPUR RURAL,147000000.0,14160844.0,9.633227210884352,132839156.0,10,94,7169783.0,6991061.0,49.36895710453417,2026-08-31T17:51:26.507Z
6a932b5bcd944524379edf06,Prof Sougata Ray,Lok Sabha,West Bengal,DUM DUM,147000000.0,14046615.0,9.555520408163265,132953385.0,12,40,7819386.0,6227229.0,44.3325954331346,2026-08-31T17:51:26.508Z
6a932b5bcd944524379eddf1,BALABHADRA MAJHI,Lok Sabha,Odisha,NABARANGPUR,147413962.11,14970212.0,10.155219889435749,132443750.11,20,200,8646556.0,6323656.0,42.24159283783022,2026-08-31T17:51:26.527Z
6a932b5bcd944524379eddd3,ANITA SUBHADARSHINI,Lok Sabha,Odisha,ASKA,147000000.0,13418448.0,9.128195918367348,133581552.0,17,123,7200000.0,6218448.0,46.34252783928514,2026-08-31T17:51:26.599Z
6a932b5bcd944524379edf2a,Ramesh Chandappa Jigajinagi,Lok Sabha,Karnataka,BIJAPUR,269500000.0,24205222.0,8.981529499072357,245294778.0,0,362,0.0,24205222.0,100.0,2026-08-31T17:51:26.715Z
6a932b5bcd944524379edf78,Shri PP Chaudhary,Lok Sabha,Rajasthan,PALI,147000000.0,13376714.0,9.099805442176873,133623286.0,8,34,5035442.0,8341272.0,62.35665949051463,2026-08-31T17:51:26.716Z
6a932b5bcd944524379ede94,KAMAKHYA PRASAD TASA,Lok Sabha,Assam,Kaziranga,147000000.0,13130033.0,8.931995238095238,133869967.0,0,88,0.0,13130033.0,100.0,2026-08-31T17:51:26.718Z
6a932b5ecd944524379ee20e,Dr. V. Sivadasan (2021-27),Rajya Sabha,Kerala,Sitting Rajya Sabha,276720323.27,24863346.0,8.985009017838014,251856977.27,14,49,8594508.0,16268838.0,65.43301935306695,2026-08-31T17:51:26.726Z
6a932b5ecd944524379ee2a1,Shri Sanjay Singh (2024-30),Rajya Sabha,Delhi,Sitting Rajya Sabha,184466426.11,16687160.0,9.046177319036474,167779266.11,16,85,11222682.0,5464478.0,32.74660277722513,2026-08-31T17:51:26.738Z
6a932b5bcd944524379ede44,DR. M.P ABDUSSAMAD SAMADANI,Lok Sabha,Kerala,PONNANI,170434031.11,15076499.0,8.845944029962807,155357532.11,48,276,11730005.0,3346494.0,22.196758013912913,2026-08-31T17:51:26.957Z
6a932b5bcd944524379edfa9,TANGELLA UDAY SRINIVAS,Lok Sabha,Andhra Pradesh,KAKINADA,199417886.76,16907864.0,8.47860955439201,182510022.76,6,16,13752233.0,3155631.0,18.66368809212092,2026-08-31T17:51:26.967Z
6a932b5bcd944524379ede39,Dr Jayanta Kumar Roy,Lok Sabha,West Bengal,JALPAIGURI,147000000.0,12082736.0,8.219548299319728,134917264.0,2,16,5863559.0,6219177.0,51.47159550618336,2026-08-31T17:51:26.981Z
6a932b5bcd944524379edeb8,Magunta Sreenivasulu Reddy,Lok Sabha,Andhra Pradesh,ONGOLE,147000000.0,11878734.0,8.08077142857143,135121266.0,1,18,2500000.0,9378734.0,78.95398617394748,2026-08-31T17:51:26.989Z
6a932b5bcd944524379edf71,Shri Jyotirmay Singh Mahato ,Lok Sabha,West Bengal,PURULIA,147000000.0,11711831.0,7.967231972789116,135288169.0,15,92,5667015.0,6044816.0,51.61290322580645,2026-08-31T17:51:26.990Z
6a932b5bcd944524379edf32,Ravindra Shyamnarayan Alias Ravi Kishan Shukla,Lok Sabha,Uttar Pradesh,GORAKHPUR,147000000.0,12572509.0,8.552727210884353,134427491.0,0,9,0.0,12572509.0,100.0,2026-08-31T17:51:26.993Z
6a932b5bcd944524379eddfc,BHARAT SINGH KUSHWAH,Lok Sabha,Madhya Pradesh,GWALIOR,151455276.04,13426652.0,8.865093611168726,138028624.04,4,112,2987672.0,10438980.0,77.7481981360655,2026-08-31T17:51:26.867Z
6a932b5bcd944524379ede95,Kamaljeet Sehrawat,Lok Sabha,Delhi,WEST DELHI,147000000.0,13075365.0,8.89480612244898,133924635.0,31,32,12116129.0,959236.0,7.336208205277635,2026-08-31T17:51:27.015Z
6a932b5bcd944524379edf62,Shri Amit Shah,Lok Sabha,Gujarat,GANDHINAGAR,147000000.0,11529274.0,7.8430435374149665,135470726.0,22,96,4147274.0,7382000.0,64.02831609345047,2026-08-31T17:51:27.095Z
6a932b5bcd944524379edde2,Asaduddin Owaisi,Lok Sabha,Telangana,HYDERABAD,147000000.0,11172317.0,7.600215646258503,135827683.0,1,17,5656600.0,5515717.0,49.36949963020204,2026-08-31T17:51:27.240Z
6a932b5bcd944524379edfc6,Vishnu Dutt Sharma,Lok Sabha,Madhya Pradesh,KHAJURAHO,147000000.0,11209947.0,7.625814285714286,135790053.0,3,132,4909947.0,6300000.0,56.20008729746894,2026-08-31T17:51:27.252Z
6a932b5ecd944524379ee21f,Shri Ashwini Vaishnaw (2024-30),Rajya Sabha,Odisha,Sitting Rajya Sabha,265563957.11,20469117.0,7.707791833935292,245094840.11,4,13,4178264.0,16290853.0,79.587473167504,2026-08-31T17:51:27.248Z
6a932b5bcd944524379edead,KULDEEP INDORA,Lok Sabha,Rajasthan,GANGANAGAR,147000000.0,11236750.0,7.644047619047618,135763250.0,2,90,1598794.0,9637956.0,85.77174004939151,2026-08-31T17:51:27.246Z
6a932b5bcd944524379edeca,MANOJ TIGGA,Lok Sabha,West Bengal,ALIPURDUARS,147000000.0,11379773.0,7.741342176870749,135620227.0,0,90,0.0,11379773.0,100.0,2026-08-31T17:51:27.265Z
6a932b5bcd944524379edf98,Sribharat MathuKumli,Lok Sabha,Andhra Pradesh,VISAKHAPATNAM,164841922.0,10903207.0,6.614341101895184,153938715.0,0,40,0.0,10903207.0,100.0,2026-08-31T17:51:27.478Z
6a932b5bcd944524379ede2e,DHARMENDRA PRADHAN,Lok Sabha,Odisha,SAMBALPUR,147000000.0,9704141.0,6.601456462585034,137295859.0,2,116,5753000.0,3951141.0,40.71603040392756,2026-08-31T17:51:27.481Z
6a932b5bcd944524379edeeb,P C Mohan,Lok Sabha,Karnataka,BANGALORE CENTRAL,159995711.11,10439505.0,6.5248655276907055,149556206.11,2,17,5339505.0,5100000.0,48.8528910135107,2026-08-31T17:51:27.487Z
6a932b5bcd944524379edfcb,Yogendra Chandoliya,Lok Sabha,Delhi,NORTH WEST DELHI,147876307.0,10961614.0,7.412691202790181,136914693.0,11,48,10222872.0,738742.0,6.739354259327139,2026-08-31T17:51:27.484Z
6a932b5bcd944524379ede75,JAGADISH SHETTAR,Lok Sabha,Karnataka,BELGAUM,147000000.0,9847651.0,6.69908231292517,137152349.0,1,171,499705.0,9347946.0,94.92564267356754,2026-08-31T17:51:27.496Z
6a932b5ecd944524379ee25f,Shri Manas Ranjan Mangaraj (2022-28),Rajya Sabha,Odisha,Sitting Rajya Sabha,196063957.11,13305000.0,6.7860509377230125,182758957.11,23,105,9405000.0,3900000.0,29.312288613303267,2026-08-31T17:51:27.495Z
6a932b5bcd944524379edf75,Shri M K Raghavan,Lok Sabha,Kerala,KOZHIKODE,147000000.0,9365325.0,6.3709693877551015,137634675.0,14,254,5064335.0,4300990.0,45.924620875410085,2026-08-31T17:51:27.564Z
6a932b5bcd944524379edf0b,RABINDRA NARAYAN BEHERA,Lok Sabha,Odisha,JAJPUR,147064617.11,9146086.0,6.219093470429394,137918531.11,3,190,600000.0,8546086.0,93.43981676970893,2026-08-31T17:51:27.598Z
6a932b5bcd944524379edfb2,TRIVENDRA SINGH RAWAT,Lok Sabha,Uttarakhand,HARDWAR,147000000.0,9309458.0,6.33296462585034,137690542.0,3,41,1297156.0,8012302.0,86.06625648883104,2026-08-31T17:51:27.709Z
6a932b5bcd944524379edefc,PRANITI SUSHILKUMAR SHINDE,Lok Sabha,Maharashtra,SOLAPUR,147000000.0,8440395.0,5.741765306122449,138559605.0,2,122,1498751.0,6941644.0,82.24311776877741,2026-08-31T17:51:27.714Z
6a932b5ecd944524379ee2a6,Shri Satnam Singh Sandhu (2024-30),Rajya Sabha,Chandigarh,Nominated Rajya Sabha,147000000.0,9104144.0,6.193295238095238,137895856.0,4,20,3379051.0,5725093.0,62.88447326843688,2026-08-31T17:51:27.735Z
6a932b5ecd944524379ee21e,Shri Ashokrao Shankarrao Chavan (2024-30),Rajya Sabha,Maharashtra,Sitting Rajya Sabha,147000000.0,8968982.0,6.101348299319728,138031018.0,2,31,1497419.0,7471563.0,83.30447089758904,2026-08-31T17:51:27.746Z
6a932b5bcd944524379ede73,ISHA KHAN CHOUDHURY,Lok Sabha,West Bengal,MALDAHA DAKSHIN,147000000.0,8567025.0,5.827908163265306,138432975.0,25,99,8567025.0,0.0,0.0,2026-08-31T17:51:27.750Z
6a932b5bcd944524379ede41,DR. HEMANT VISHNU SAVARA,Lok Sabha,Maharashtra,PALGHAR,147000000.0,8415952.0,5.725137414965986,138584048.0,1,84,991449.0,7424503.0,88.21940762019555,2026-08-31T17:51:27.819Z
6a932b5ecd944524379ee257,Shri Lahar Singh Siroya (2022-28),Rajya Sabha,Karnataka,Sitting Rajya Sabha,206278088.11,9964305.0,4.830520338489093,196313783.11,2,14,1997659.0,7966646.0,79.95184812187102,2026-08-31T17:51:27.964Z
6a932b5bcd944524379eddd1,ANIL YESHWANT DESAI,Lok Sabha,Maharashtra,MUMBAI SOUTH CENTRAL,147000000.0,7792570.0,5.301068027210885,139207430.0,0,34,0.0,7792570.0,100.0,2026-08-31T17:51:27.982Z
6a932b5ecd944524379ee233,Shri Devendra Pratap Singh (2024-30),Rajya Sabha,Chhattisgarh,Sitting Rajya Sabha,170837637.76,8275468.0,4.844054336331746,162562169.76,3,14,2243280.0,6032188.0,72.89240922688603,2026-08-31T17:51:27.976Z
6a932b5bcd944524379eddfb,BHAJAN LAL JATAV,Lok Sabha,Rajasthan,KARAULI-DHOLPUR,147000000.0,7253086.0,4.934072108843537,139746914.0,11,41,6694517.0,558569.0,7.701121977596846,2026-08-31T17:51:27.983Z
6a932b5bcd944524379edeae,KUNDURU RAGHUVEER,Lok Sabha,Telangana,NALGONDA,162952022.0,7766945.0,4.766399891619633,155185077.0,6,23,6267418.0,1499527.0,19.306522706160532,2026-08-31T17:51:28.036Z
6a932b5bcd944524379edef2,PATHAN YUSUF,Lok Sabha,West Bengal,BAHARAMPUR,147000000.0,7860897.0,5.347548979591837,139139103.0,1,144,2000000.0,5860897.0,74.55761091895747,2026-08-31T17:51:27.941Z
6a932b5bcd944524379eded3,MOHITE PATIL DHAIRYASHEEL RAJSINH,Lok Sabha,Maharashtra,MADHA,195613601.7,8828612.0,4.513291470160585,186784989.7,41,218,8828612.0,0.0,0.0,2026-08-31T17:51:28.096Z
6a932b5bcd944524379edf86,Sivanath Kesineni,Lok Sabha,Andhra Pradesh,VIJAYAWADA,147000000.0,6329561.0,4.305823809523809,140670439.0,1,28,3290032.0,3039529.0,48.02116608087038,2026-08-31T17:51:28.212Z
6a932b5bcd944524379ede52,Dushyant Singh,Lok Sabha,Rajasthan,JHALAWAR-BARAN,147000000.0,6025816.0,4.099194557823129,140974184.0,0,27,0.0,6025816.0,100.0,2026-08-31T17:51:28.215Z
6a932b5bcd944524379edf42,SANJAY DINA PATIL,Lok Sabha,Maharashtra,MUMBAI NORTH EAST,147000000.0,5955517.0,4.0513721088435375,141044483.0,0,40,0.0,5955517.0,100.0,2026-08-31T17:51:28.214Z
6a932b5bcd944524379ede9f,Khagen Murmu,Lok Sabha,West Bengal,MALDAHA UTTAR,147000000.0,6003169.0,4.08378843537415,140996831.0,7,31,6003169.0,0.0,0.0,2026-08-31T17:51:28.214Z
6a932b5bcd944524379edf7c,Shri Shantanu Thakur ,Lok Sabha,West Bengal,BANGAON,147000000.0,5993836.0,4.077439455782312,141006164.0,8,50,5993836.0,0.0,0.0,2026-08-31T17:51:28.238Z
6a932b5ecd944524379ee2aa,Shri Subhasish Khuntia (2024-30),Rajya Sabha,Odisha,Sitting Rajya Sabha,147000000.0,5720036.0,3.891180952380952,141279964.0,3,219,1600000.0,4120036.0,72.02814807459254,2026-08-31T17:51:28.280Z
6a932b5bcd944524379ede2c,Dhairyasheel Sambhajirao Mane,Lok Sabha,Maharashtra,HATKANANGLE,147000000.0,7519206.0,5.115106122448979,139480794.0,4,13,6519206.0,1000000.0,13.299276545954452,2026-08-31T17:51:27.970Z
6a932b5bcd944524379eded1,Mohamed Haneefa,Lok Sabha,Ladakh,LADAKH,161114542.0,6009392.0,3.729888019667399,155105150.0,0,55,0.0,6009392.0,100.0,2026-08-31T17:51:28.444Z
6a932b5bcd944524379edeed,PARIMAL SUKLABAIDYA,Lok Sabha,Assam,SILCHAR,148300157.11,5511762.0,3.716625867032434,142788395.11,0,153,0.0,5511762.0,100.0,2026-08-31T17:51:28.448Z
6a932b5bcd944524379edf90,Smt Raksha Nikhil Khadse,Lok Sabha,Maharashtra,RAVER,153112586.11,5871973.0,3.8350687877359895,147240613.11,3,6,5871973.0,0.0,0.0,2026-08-31T17:51:28.465Z
6a932b5bcd944524379edf85,Shyamkumar,Lok Sabha,Maharashtra,RAMTEK,147000000.0,5141086.0,3.4973374149659864,141858914.0,1,34,981253.0,4159833.0,80.91350737956921,2026-08-31T17:51:28.472Z
6a932b5bcd944524379ede15,Chandra Prakash Joshi,Lok Sabha,Rajasthan,CHITTORGARH,147000000.0,4862785.0,3.3080170068027206,142137215.0,10,186,3277114.0,1585671.0,32.60828928278754,2026-08-31T17:51:28.534Z
6a932b5ecd944524379ee24b,Shri Jogen Mohan (2026-32),Rajya Sabha,Assam,Sitting Rajya Sabha,49000000.0,1500000.0,3.061224489795918,47500000.0,0,22,0.0,1500000.0,100.0,2026-08-31T17:51:28.580Z
6a932b5ecd944524379ee29e,Shri Sanjay Kumar Jha (2024-30),Rajya Sabha,Bihar,Sitting Rajya Sabha,186200000.0,5078584.0,2.7274887218045114,181121416.0,4,2,4273055.0,805529.0,15.861291257563131,2026-08-31T17:51:28.657Z
6a932b5bcd944524379edf52,SELVAGANAPATHI T M,Lok Sabha,Tamil Nadu,SALEM,147000000.0,4244214.0,2.8872204081632655,142755786.0,0,17,0.0,4244214.0,100.0,2026-08-31T17:51:28.668Z
6a932b5bcd944524379edf94,Smt Sangeeta Kumari Singh Deo,Lok Sabha,Odisha,BOLANGIR,147000000.0,4193424.0,2.852669387755102,142806576.0,3,225,1000000.0,3193424.0,76.15313881925604,2026-08-31T17:51:28.693Z
6a932b5bcd944524379eddbd,Ajay Tamta,Lok Sabha,Uttarakhand,ALMORA,147000000.0,4091663.0,2.783444217687075,142908337.0,3,139,1654574.0,2437089.0,59.56230999473809,2026-08-31T17:51:28.693Z
6a932b5ecd944524379ee2be,Smt. Laxmi Verma (2026-32),Rajya Sabha,Chhattisgarh,Sitting Rajya Sabha,49000000.0,1250000.0,2.5510204081632653,47750000.0,0,2,0.0,1250000.0,100.0,2026-08-31T17:51:28.698Z
6a932b5ecd944524379ee270,Shri Nitin Laxmanrao Jadhav Patil (2024-28),Rajya Sabha,Maharashtra,Sitting Rajya Sabha,122500000.0,2996110.0,2.445804081632653,119503890.0,3,58,2996110.0,0.0,0.0,2026-08-31T17:51:28.736Z
6a932b5bcd944524379edea4,Kishan Reddy Gangapuram,Lok Sabha,Telangana,SECUNDERABAD,147000000.0,4754322.0,3.2342326530612246,142245678.0,0,38,0.0,4754322.0,100.0,2026-08-31T17:51:28.701Z
6a932b5ecd944524379ee220,Shri B. Parthasaradhi Reddy (2022-28),Rajya Sabha,Telangana,Sitting Rajya Sabha,244365104.0,5945528.0,2.4330511610201104,238419576.0,6,19,2649720.0,3295808.0,55.43339464552181,2026-08-31T17:51:28.868Z
6a932b5bcd944524379edf39,RUDRA NARAYAN PANY,Lok Sabha,Odisha,DHENKANAL,155013957.11,3039057.0,1.9605054000675848,151974900.11,0,79,0.0,3039057.0,100.0,2026-08-31T17:51:28.974Z
6a932b5bcd944524379edfc8,VIVEK THAKUR,Lok Sabha,Bihar,NAWADA,147000000.0,3164487.0,2.152712244897959,143835513.0,1,85,607045.0,2557442.0,80.81695390121685,2026-08-31T17:51:28.978Z
6a932b5bcd944524379eddd0,ANIL BALUNI,Lok Sabha,Uttarakhand,GARHWAL,147000000.0,2739441.0,1.8635653061224489,144260559.0,1,11,300000.0,2439441.0,89.04886069822274,2026-08-31T17:51:29.042Z
6a932b5bcd944524379edf0e,RADHAKRISHNA,Lok Sabha,Karnataka,GULBARGA,147000000.0,3254664.0,2.214057142857143,143745336.0,0,29,0.0,3254664.0,100.0,2026-08-31T17:51:29.015Z
6a932b5ecd944524379ee245,Shri Jagat Prakash Nadda (2024-30),Rajya Sabha,Gujarat,Sitting Rajya Sabha,147000000.0,2100000.0,1.4285714285714286,144900000.0,0,74,0.0,2100000.0,100.0,2026-08-31T17:51:29.125Z
6a932b5ecd944524379ee276,Shri Paka Venkata Satyanarayana (2025-28),Rajya Sabha,Andhra Pradesh,Sitting Rajya Sabha,98000000.0,1599035.0,1.6316683673469383,96400965.0,1,12,1599035.0,0.0,0.0,2026-08-31T17:51:29.126Z
6a932b5bcd944524379edeb0,Lavu Sri Krishna Devarayalu,Lok Sabha,Andhra Pradesh,NARASARAOPET,174009663.11,2402685.0,1.3807767666794144,171606978.11,1,130,1599870.0,802815.0,33.41324393334957,2026-08-31T17:51:29.138Z
6a932b5bcd944524379edeff,Prataprao Jadhav,Lok Sabha,Maharashtra,BULDHANA,147000000.0,1208028.0,0.8217877551020408,145791972.0,0,68,0.0,1208028.0,100.0,2026-08-31T17:51:29.170Z
6a932b5bcd944524379edefe,Pratap Chandra Sarangi,Lok Sabha,Odisha,BALASORE,147064254.11,2525000.0,1.7169365970546246,144539254.11,10,117,2525000.0,0.0,0.0,2026-08-31T17:51:29.127Z
6a932b5ecd944524379ee265,Shri Milind Murli Deora (2024-30),Rajya Sabha,Maharashtra,Sitting Rajya Sabha,147000000.0,999996.0,0.680269387755102,146000004.0,0,25,0.0,999996.0,100.0,2026-08-31T17:51:29.189Z
6a932b5ecd944524379ee252,Shri Kartikeya Sharma (2022-28),Rajya Sabha,Haryana,Sitting Rajya Sabha,196000000.0,1161226.0,0.5924622448979592,194838774.0,0,62,0.0,1161226.0,100.0,2026-08-31T17:51:29.264Z
6a932b5ecd944524379ee2c9,Smt. Renuka Chowdhury (2024-30),Rajya Sabha,Telangana,Sitting Rajya Sabha,147000000.0,3061296.0,2.0825142857142858,143938704.0,0,105,0.0,3061296.0,100.0,2026-08-31T17:51:29.166Z
6a932b5bcd944524379edee6,Nishikant Dubey,Lok Sabha,Jharkhand,GODDA,147000000.0,1785510.0,1.2146326530612244,145214490.0,0,2,0.0,1785510.0,100.0,2026-08-31T17:51:29.248Z
6a932b5bcd944524379ede5b,Gajendra Singh Shekhawat,Lok Sabha,Rajasthan,JODHPUR,147000000.0,491827.0,0.3345761904761904,146508173.0,0,33,0.0,491827.0,100.0,2026-08-31T17:51:29.375Z
6a932b5bcd944524379edf81,Shrikant Eknath Shinde,Lok Sabha,Maharashtra,KALYAN,147000000.0,325000.0,0.2210884353741496,146675000.0,0,2,0.0,325000.0,100.0,2026-08-31T17:51:29.453Z
6a932b5bcd944524379ede19,CHAVAN VASANTRAO BALWANTRAO,Lok Sabha,Maharashtra,NANDED,147000000.0,39838293.0,27.100879591836737,107161707.0,26,115,19985533.0,19852760.0,49.8333600789572,2026-08-31T17:51:29.509Z
6a932b5bcd944524379ede47,DR. PRADEEP KUMAR PANIGRAHY,Lok Sabha,Odisha,BERHAMPUR,147000000.0,0.0,0.0,147000000.0,0,111,0.0,0.0,0.0,2026-08-31T17:51:29.518Z
6a932b5bcd944524379edec4,MANISH JAISWAL,Lok Sabha,Jharkhand,HAZARIBAGH,147000000.0,0.0,0.0,147000000.0,0,164,0.0,0.0,0.0,2026-08-31T17:51:29.657Z
6a932b5bcd944524379ede8d,Kalaben Mohanbhai Delkar,Lok Sabha,The Dadra And Nagar Haveli And Daman And Diu,DADRA & NAGAR HAVELI,147000000.0,0.0,0.0,147000000.0,0,2,0.0,0.0,0.0,2026-08-31T17:51:29.705Z
6a932b5bcd944524379edee1,NARESH GANPAT MHASKE,Lok Sabha,Maharashtra,THANE,147000000.0,0.0,0.0,147000000.0,0,0,0.0,0.0,0.0,2026-08-31T17:51:29.717Z
6a932b5bcd944524379ede6d,HARISH CHANDRA MEENA,Lok Sabha,Rajasthan,TONK-SAWAI MADHOPUR,147000000.0,0.0,0.0,147000000.0,0,0,0.0,0.0,0.0,2026-08-31T17:51:29.718Z
6a932b5bcd944524379edecf,MISHA BHARTI,Lok Sabha,Bihar,PATALIPUTRA,147000000.0,0.0,0.0,147000000.0,0,0,0.0,0.0,0.0,2026-08-31T17:51:29.731Z
6a932b5bcd944524379edf1d,Rajiv Ranjan (Lalan) Singh,Lok Sabha,Bihar,MUNGER,147000000.0,0.0,0.0,147000000.0,0,1,0.0,0.0,0.0,2026-08-31T17:51:29.741Z
6a932b5bcd944524379edf44,Sanjay Jaiswal,Lok Sabha,Bihar,PASCHIM CHAMPARAN,147000000.0,0.0,0.0,147000000.0,0,0,0.0,0.0,0.0,2026-08-31T17:51:29.744Z
6a932b5ecd944524379ee1ec,Dr. Abhishek Manu Singhvi (2026-32),Rajya Sabha,Telangana,Sitting Rajya Sabha,73421449.0,0.0,0.0,73421449.0,0,0,0.0,0.0,0.0,2026-08-31T17:51:29.836Z
6a932b5bcd944524379edef1,PATEL UMESHBHAI BABUBHAI,Lok Sabha,The Dadra And Nagar Haveli And Daman And Diu,DAMAN and DIU,245063957.0,0.0,0.0,245063957.0,0,61,0.0,0.0,0.0,2026-08-31T17:51:29.739Z
6a932b5ecd944524379ee1ee,Dr. Alka Singh (2026-32),Rajya Sabha,Rajasthan,Sitting Rajya Sabha,49000000.0,0.0,0.0,49000000.0,0,0,0.0,0.0,0.0,2026-08-31T17:51:29.931Z
6a932b5bcd944524379edf1c,Rajiv Pratap Rudy,Lok Sabha,Bihar,SARAN,147000000.0,0.0,0.0,147000000.0,0,12,0.0,0.0,0.0,2026-08-31T17:51:29.846Z
6a932b5ecd944524379ee1ef,Dr. Anbumani Ramadoss (2026-32),Rajya Sabha,Tamil Nadu,Sitting Rajya Sabha,49356476.5,0.0,0.0,49356476.5,0,0,0.0,0.0,0.0,2026-08-31T17:51:29.959Z
6a932b5ecd944524379ee1f8,Dr. Jyoti Nagnath Waghmare (2026-32),Rajya Sabha,Maharashtra,Sitting Rajya Sabha,49000000.0,0.0,0.0,49000000.0,0,0,0.0,0.0,0.0,2026-08-31T17:51:29.977Z
6a932b5ecd944524379ee201,Dr. Meenakshi Jain (2025-31),Rajya Sabha,Delhi,Nominated Rajya Sabha,73500000.0,0.0,0.0,73500000.0,0,10,0.0,0.0,0.0,2026-08-31T17:51:30.130Z
6a932b5ecd944524379ee1ff,Dr. M. Thambi Durai (2026-32),Rajya Sabha,Tamil Nadu,Sitting Rajya Sabha,49356476.5,0.0,0.0,49356476.5,0,0,0.0,0.0,0.0,2026-08-31T17:51:30.169Z
6a932b5ecd944524379ee20a,Dr. Satish Poonia (2026-32),Rajya Sabha,Rajasthan,Sitting Rajya Sabha,49000000.0,0.0,0.0,49000000.0,0,0,0.0,0.0,0.0,2026-08-31T17:51:30.173Z
6a932b5ecd944524379ee21b,Shri Anurag Sharma (2026-32),Rajya Sabha,Himachal Pradesh,Sitting Rajya Sabha,49000000.0,0.0,0.0,49000000.0,0,0,0.0,0.0,0.0,2026-08-31T17:51:30.182Z
6a932b5ecd944524379ee259,Shri M. Nagaraja (2026-32),Rajya Sabha,Karnataka,Sitting Rajya Sabha,49000000.0,0.0,0.0,49000000.0,0,0,0.0,0.0,0.0,2026-08-31T17:51:30.394Z
6a932b5ecd944524379ee258,Shri Lingamaneni Ramesh (2026-32),Rajya Sabha,Andhra Pradesh,Sitting Rajya Sabha,49000000.0,0.0,0.0,49000000.0,0,1,0.0,0.0,0.0,2026-08-31T17:51:30.403Z
6a932b5ecd944524379ee277,Shri Parth Ajit Pawar (2026-32),Rajya Sabha,Maharashtra,Sitting Rajya Sabha,49000000.0,0.0,0.0,49000000.0,0,0,0.0,0.0,0.0,2026-08-31T17:51:30.439Z
6a932b5ecd944524379ee27c,Shri Pramod Boro (2026-32),Rajya Sabha,Assam,Sitting Rajya Sabha,49000000.0,0.0,0.0,49000000.0,0,0,0.0,0.0,0.0,2026-08-31T17:51:30.440Z
6a932b5bcd944524379ede05,Bhupathiraju Srinivasa varma,Lok Sabha,Andhra Pradesh,NARASAPURAM,147000000.0,0.0,0.0,147000000.0,0,1,0.0,0.0,0.0,2026-08-31T17:51:30.506Z
6a932b5ecd944524379ee284,Shri Rajesh Parmanand Shukla (2026-32),Rajya Sabha,Gujarat,Sitting Rajya Sabha,49000000.0,0.0,0.0,49000000.0,0,0,0.0,0.0,0.0,2026-08-31T17:51:30.609Z
6a932b5ecd944524379ee287,Shri Rajneesh Kumar Agrawal (2026-32),Rajya Sabha,Madhya Pradesh,Sitting Rajya Sabha,49000000.0,0.0,0.0,49000000.0,0,0,0.0,0.0,0.0,2026-08-31T17:51:30.626Z
6a932b5ecd944524379ee286,Shri Rajinder Gupta (2025-28),Rajya Sabha,Punjab,Sitting Rajya Sabha,49000000.0,0.0,0.0,49000000.0,0,0,0.0,0.0,0.0,2026-08-31T17:51:30.646Z
6a932b5ecd944524379ee288,Shri Ram Nath Thakur (2026-32),Rajya Sabha,Bihar,Sitting Rajya Sabha,65673638.73,0.0,0.0,65673638.73,0,33,0.0,0.0,0.0,2026-08-31T17:51:30.649Z
6a932b5ecd944524379ee202,Dr. Mukeshbhai J. Rathwa (2026-32),Rajya Sabha,Gujarat,Sitting Rajya Sabha,49000000.0,0.0,0.0,49000000.0,0,0,0.0,0.0,0.0,2026-08-31T17:51:30.697Z
6a932b5ecd944524379ee211,Ms. Swati Maliwal (2024-30),Rajya Sabha,Delhi,Sitting Rajya Sabha,147000000.0,0.0,0.0,147000000.0,0,3,0.0,0.0,0.0,2026-08-31T17:51:30.700Z
6a932b5ecd944524379ee256,Shri L. K. Sudhish (2026-32),Rajya Sabha,Tamil Nadu,Sitting Rajya Sabha,49356476.5,0.0,0.0,49356476.5,0,0,0.0,0.0,0.0,2026-08-31T17:51:30.705Z
6a932b5ecd944524379ee207,Dr. Santrupt Misra (2026-32),Rajya Sabha,Odisha,Sitting Rajya Sabha,49000000.0,0.0,0.0,49000000.0,0,11,0.0,0.0,0.0,2026-08-31T17:51:30.703Z
6a932b5ecd944524379ee26e,Shri Neeraj Dangi (2026-32),Rajya Sabha,Rajasthan,Sitting Rajya Sabha,49000000.0,0.0,0.0,49000000.0,0,4,0.0,0.0,0.0,2026-08-31T17:51:30.720Z
6a932b5ecd944524379ee2b6,Shri Vinod Shridhar Tawde (2026-32),Rajya Sabha,Maharashtra,Sitting Rajya Sabha,49000000.0,0.0,0.0,49000000.0,0,0,0.0,0.0,0.0,2026-08-31T17:51:30.863Z
6a932b5ecd944524379ee22d,Shri Christopher Manickam (2026-32),Rajya Sabha,Tamil Nadu,Sitting Rajya Sabha,49356476.5,0.0,0.0,49356476.5,0,0,0.0,0.0,0.0,2026-08-31T17:51:30.962Z
6a932b5ecd944524379ee2b9,Smt. Adhikarimayum Sharda Devi (2026-32),Rajya Sabha,Manipur,Sitting Rajya Sabha,49000000.0,0.0,0.0,49000000.0,0,10,0.0,0.0,0.0,2026-08-31T17:51:30.964Z
6a932b5ecd944524379ee2b0,Shri Terash Gowalla (2026-32),Rajya Sabha,Assam,Sitting Rajya Sabha,49000000.0,0.0,0.0,49000000.0,0,0,0.0,0.0,0.0,2026-08-31T17:51:30.974Z
6a932b5ecd944524379ee24e,Shri Kamal Haasan (2025-31),Rajya Sabha,Tamil Nadu,Sitting Rajya Sabha,89248285.42,0.0,0.0,89248285.42,0,4,0.0,0.0,0.0,2026-08-31T17:51:31.068Z
6a932b5ecd944524379ee260,Shri Manmohan Samal (2026-32),Rajya Sabha,Odisha,Sitting Rajya Sabha,49000000.0,0.0,0.0,49000000.0,0,0,0.0,0.0,0.0,2026-08-31T17:51:31.167Z
6a932b5ecd944524379ee251,Shri Karamvir Singh Singh Boudh (2026-32),Rajya Sabha,Haryana,Sitting Rajya Sabha,49000000.0,0.0,0.0,49000000.0,0,0,0.0,0.0,0.0,2026-08-31T17:51:31.165Z
6a932b5ecd944524379ee298,Shri Sajjad Ahmad Kichloo (2025-31),Rajya Sabha,Jammu And Kashmir,Sitting Rajya Sabha,73500000.0,0.0,0.0,73500000.0,0,18,0.0,0.0,0.0,2026-08-31T17:51:31.169Z
6a932b5ecd944524379ee254,Shri Khiangte Laltluangkima (2026-32),Rajya Sabha,Mizoram,Sitting Rajya Sabha,24500000.0,0.0,0.0,24500000.0,0,0,0.0,0.0,0.0,2026-08-31T17:51:31.172Z
6a932b5ecd944524379ee261,Shri Mansoor Ali Khan (2026-32),Rajya Sabha,Karnataka,Sitting Rajya Sabha,49000000.0,0.0,0.0,49000000.0,0,3,0.0,0.0,0.0,2026-08-31T17:51:31.174Z
6a932b5ecd944524379ee27b,Shri Prakash Chik Baraik (2026-29),Rajya Sabha,West Bengal,Sitting Rajya Sabha,49662892.0,0.0,0.0,49662892.0,0,0,0.0,0.0,0.0,2026-08-31T17:51:31.172Z
6a932b5ecd944524379ee25c,Shri Mahesh Kewat (2026-32),Rajya Sabha,Madhya Pradesh,Sitting Rajya Sabha,49000000.0,0.0,0.0,49000000.0,0,0,0.0,0.0,0.0,2026-08-31T17:51:31.178Z
6a932b5ecd944524379ee289,Shri Ramdas Bandu Athawale (2026-32),Rajya Sabha,Maharashtra,Sitting Rajya Sabha,49000000.0,0.0,0.0,49000000.0,0,0,0.0,0.0,0.0,2026-08-31T17:51:31.181Z
6a932b5ecd944524379ee29b,Shri Sana Sathish Babu (2026-32),Rajya Sabha,Andhra Pradesh,Sitting Rajya Sabha,49063978.0,0.0,0.0,49063978.0,0,0,0.0,0.0,0.0,2026-08-31T17:51:31.335Z
6a932b5ecd944524379ee2ad,Shri Tai Tagak (2026-32),Rajya Sabha,Arunachal Pradesh,Sitting Rajya Sabha,49000000.0,0.0,0.0,49000000.0,0,0,0.0,0.0,0.0,2026-08-31T17:51:31.448Z
6a932b5ecd944524379ee2b1,Shri Tiruchi Siva (2026-32),Rajya Sabha,Tamil Nadu,Sitting Rajya Sabha,49356476.5,0.0,0.0,49356476.5,0,0,0.0,0.0,0.0,2026-08-31T17:51:31.509Z
6a932b5ecd944524379ee2c1,Smt. Maya Chintaman Ivnate (2026-32),Rajya Sabha,Maharashtra,Sitting Rajya Sabha,49000000.0,0.0,0.0,49000000.0,0,20,0.0,0.0,0.0,2026-08-31T17:51:31.642Z
6a932b5ecd944524379ee2b3,Shri Upendra Kushwaha (2026-32),Rajya Sabha,Bihar,Sitting Rajya Sabha,49000000.0,0.0,0.0,49000000.0,0,7,0.0,0.0,0.0,2026-08-31T17:51:31.709Z
6a932b5ecd944524379ee271,Shri Nitin Nabin (2026-32),Rajya Sabha,Bihar,Sitting Rajya Sabha,49000000.0,0.0,0.0,49000000.0,0,0,0.0,0.0,0.0,2026-08-31T17:51:31.715Z
6a932b5ecd944524379ee224,Shri Baidyanath Ram (2026-32),Rajya Sabha,Jharkhand,Sitting Rajya Sabha,49000000.0,0.0,0.0,49000000.0,0,0,0.0,0.0,0.0,2026-08-31T17:51:31.717Z
6a932b5ecd944524379ee227,Shri Bhashyam Rama Krishna (2026-32),Rajya Sabha,Andhra Pradesh,Sitting Rajya Sabha,49000000.0,0.0,0.0,49000000.0,0,1,0.0,0.0,0.0,2026-08-31T17:51:31.721Z
6a932b5ecd944524379ee27e,Shri Praveen Chakravarthy (2026-28),Rajya Sabha,Tamil Nadu,Sitting Rajya Sabha,49356476.5,0.0,0.0,49356476.5,0,1,0.0,0.0,0.0,2026-08-31T17:51:31.646Z
6a932b5ecd944524379ee282,Shri Rajeev Kumar (2026-32),Rajya Sabha,West Bengal,Sitting Rajya Sabha,49000000.0,0.0,0.0,49000000.0,0,0,0.0,0.0,0.0,2026-08-31T17:51:31.821Z
6a932b5ecd944524379ee2ae,Shri Tarun Chugh (2026-32),Rajya Sabha,Madhya Pradesh,Sitting Rajya Sabha,49000000.0,0.0,0.0,49000000.0,0,0,0.0,0.0,0.0,2026-08-31T17:51:31.713Z
6a932b5ecd944524379ee23c,Shri Gurwinder Singh Oberoi (2025-31),Rajya Sabha,Jammu And Kashmir,Sitting Rajya Sabha,73500000.0,0.0,0.0,73500000.0,0,0,0.0,0.0,0.0,2026-08-31T17:51:31.774Z
6a932b5ecd944524379ee2a8,Shri Shivesh Kumar (2026-32),Rajya Sabha,Bihar,Sitting Rajya Sabha,49000000.0,0.0,0.0,49000000.0,0,0,0.0,0.0,0.0,2026-08-31T17:51:31.897Z
6a932b5ecd944524379ee2b5,Shri Vijay Chintakayala (2026-32),Rajya Sabha,Andhra Pradesh,Sitting Rajya Sabha,49000000.0,0.0,0.0,49000000.0,0,0,0.0,0.0,0.0,2026-08-31T17:51:31.742Z
6a932b5ecd944524379ee22a,Shri C. Sadanandan Master (2025-31),Rajya Sabha,Kerala,Nominated Rajya Sabha,73500000.0,0.0,0.0,73500000.0,0,35,0.0,0.0,0.0,2026-08-31T17:51:31.753Z
6a932b5ecd944524379ee2b2,Shri Ujjwal Deorao Nikam (2025-31),Rajya Sabha,Maharashtra,Nominated Rajya Sabha,73500000.0,0.0,0.0,73500000.0,0,0,0.0,0.0,0.0,2026-08-31T17:51:32.007Z
6a932b5ecd944524379ee22f,Shri Constandine Ravindran (2026-32),Rajya Sabha,Tamil Nadu,Sitting Rajya Sabha,49356476.5,0.0,0.0,49356476.5,0,0,0.0,0.0,0.0,2026-08-31T17:51:32.167Z
6a932b5ecd944524379ee241,Shri Harsh Vardhan Shringla (2025-31),Rajya Sabha,West Bengal,Nominated Rajya Sabha,73500000.0,0.0,0.0,73500000.0,0,6,0.0,0.0,0.0,2026-08-31T17:51:32.175Z
6a932b5ecd944524379ee248,Shri James Pangsang Kongkal Sangma (2026-32),Rajya Sabha,Meghalaya,Sitting Rajya Sabha,49000000.0,0.0,0.0,49000000.0,0,0,0.0,0.0,0.0,2026-08-31T17:51:32.183Z
6a932b5ecd944524379ee231,Shri Debashish Samantaray (2026-30),Rajya Sabha,Odisha,Sitting Rajya Sabha,23800006.0,0.0,0.0,23800006.0,0,0,0.0,0.0,0.0,2026-08-31T17:51:32.194Z
6a932b5ecd944524379ee22c,Shri Chowdry Mohammad Ramzan (2025-31),Rajya Sabha,Jammu And Kashmir,Sitting Rajya Sabha,73500000.0,0.0,0.0,73500000.0,0,0,0.0,0.0,0.0,2026-08-31T17:51:32.132Z
6a932b5ecd944524379ee278,Shri Pawan Khera (2026-32),Rajya Sabha,Karnataka,Sitting Rajya Sabha,49000000.0,0.0,0.0,49000000.0,0,0,0.0,0.0,0.0,2026-08-31T17:51:32.284Z
6a932b5ecd944524379ee29d,Shri Sanjay Bhatia (2026-32),Rajya Sabha,Haryana,Sitting Rajya Sabha,49000000.0,0.0,0.0,49000000.0,0,1,0.0,0.0,0.0,2026-08-31T17:51:32.358Z
6a932b5ecd944524379ee2a4,Shri Sat Paul Sharma (2025-31),Rajya Sabha,Jammu And Kashmir,Sitting Rajya Sabha,73500000.0,0.0,0.0,73500000.0,0,16,0.0,0.0,0.0,2026-08-31T17:51:32.389Z
6a932b5ecd944524379ee235,Shri Dilip Kumar Ray (2026-32),Rajya Sabha,Odisha,Sitting Rajya Sabha,49000000.0,0.0,0.0,49000000.0,0,22,0.0,0.0,0.0,2026-08-31T17:51:32.297Z
6a932b5ecd944524379ee2ab,Shri Sujeet Kumar (2026-32),Rajya Sabha,Odisha,Sitting Rajya Sabha,49000000.0,0.0,0.0,49000000.0,0,35,0.0,0.0,0.0,2026-08-31T17:51:32.468Z
6a932b5ecd944524379ee28c,Shri Ramrao Sakharam Wadkute (2026-32),Rajya Sabha,Maharashtra,Sitting Rajya Sabha,49000000.0,0.0,0.0,49000000.0,0,0,0.0,0.0,0.0,2026-08-31T17:51:32.719Z
6a932b5ecd944524379ee2a2,Shri Sanjay Yadav (2024-30),Rajya Sabha,Bihar,Sitting Rajya Sabha,186200000.0,0.0,0.0,186200000.0,0,54,0.0,0.0,0.0,2026-08-31T17:51:32.719Z
6a932b5ecd944524379ee25d,Shri Mallikarjun Kharge (2026-32),Rajya Sabha,Karnataka,Sitting Rajya Sabha,49063957.11,0.0,0.0,49063957.11,0,0,0.0,0.0,0.0,2026-08-31T17:51:32.715Z
6a932b5bcd944524379edf7a,Shri Sarbananda Sonowal (18LS),Lok Sabha,Assam,DIBRUGARH,147000000.0,23919705.0,16.271908163265305,123080295.0,3,84,2842773.0,21076932.0,88.11535092092481,2026-08-31T17:51:37.782Z
