ac_name,ac_no,pc_name,pc_no,state,district,mp_name,mp_id,house
Tizit,41,NAGALAND,1,Nagaland,Mon,S SUPONGMEREN JAMIR,6a932b5bcd944524379edf3a,Lok Sabha
Tapi,43,NAGALAND,1,Nagaland,Mon,S SUPONGMEREN JAMIR,6a932b5bcd944524379edf3a,Lok Sabha
Wakching,42,NAGALAND,1,Nagaland,Mon,S SUPONGMEREN JAMIR,6a932b5bcd944524379edf3a,Lok Sabha
Tamlu,49,NAGALAND,1,Nagaland,Tuensang,S SUPONGMEREN JAMIR,6a932b5bcd944524379edf3a,Lok Sabha
Tuli,21,NAGALAND,1,Nagaland,Mokokchung,S SUPONGMEREN JAMIR,6a932b5bcd944524379edf3a,Lok Sabha
Phomching,44,NAGALAND,1,Nagaland,Mon,S SUPONGMEREN JAMIR,6a932b5bcd944524379edf3a,Lok Sabha
Mon Town,46,NAGALAND,1,Nagaland,Mon,S SUPONGMEREN JAMIR,6a932b5bcd944524379edf3a,Lok Sabha
Aboi,47,NAGALAND,1,Nagaland,Mon,S SUPONGMEREN JAMIR,6a932b5bcd944524379edf3a,Lok Sabha
Alungtaki,30,NAGALAND,1,Nagaland,Mokokchung,S SUPONGMEREN JAMIR,6a932b5bcd944524379edf3a,Lok Sabha
Tehok,45,NAGALAND,1,Nagaland,Mon,S SUPONGMEREN JAMIR,6a932b5bcd944524379edf3a,Lok Sabha
Longleng,50,NAGALAND,1,Nagaland,Tuensang,S SUPONGMEREN JAMIR,6a932b5bcd944524379edf3a,Lok Sabha
Arkakong,22,NAGALAND,1,Nagaland,Mokokchung,S SUPONGMEREN JAMIR,6a932b5bcd944524379edf3a,Lok Sabha
Jangpetkong,29,NAGALAND,1,Nagaland,Mokokchung,S SUPONGMEREN JAMIR,6a932b5bcd944524379edf3a,Lok Sabha
Moka,48,NAGALAND,1,Nagaland,Mon,S SUPONGMEREN JAMIR,6a932b5bcd944524379edf3a,Lok Sabha
Bhandari,40,NAGALAND,1,Nagaland,Wokha,S SUPONGMEREN JAMIR,6a932b5bcd944524379edf3a,Lok Sabha
Noksen,51,NAGALAND,1,Nagaland,Tuensang,S SUPONGMEREN JAMIR,6a932b5bcd944524379edf3a,Lok Sabha
Tobu,55,NAGALAND,1,Nagaland,Tuensang,S SUPONGMEREN JAMIR,6a932b5bcd944524379edf3a,Lok Sabha
Angetyongpang,24,NAGALAND,1,Nagaland,Mokokchung,S SUPONGMEREN JAMIR,6a932b5bcd944524379edf3a,Lok Sabha
Impur,23,NAGALAND,1,Nagaland,Mokokchung,S SUPONGMEREN JAMIR,6a932b5bcd944524379edf3a,Lok Sabha
Noklak,56,NAGALAND,1,Nagaland,Tuensang,S SUPONGMEREN JAMIR,6a932b5bcd944524379edf3a,Lok Sabha
Koridang,28,NAGALAND,1,Nagaland,Mokokchung,S SUPONGMEREN JAMIR,6a932b5bcd944524379edf3a,Lok Sabha
Longkhim Chare,52,NAGALAND,1,Nagaland,Tuensang,S SUPONGMEREN JAMIR,6a932b5bcd944524379edf3a,Lok Sabha
Tuensang Sadar-Ii,54,NAGALAND,1,Nagaland,Tuensang,S SUPONGMEREN JAMIR,6a932b5bcd944524379edf3a,Lok Sabha
Monguya,25,NAGALAND,1,Nagaland,Mokokchung,S SUPONGMEREN JAMIR,6a932b5bcd944524379edf3a,Lok Sabha
Mokokchung Town,27,NAGALAND,1,Nagaland,Mokokchung,S SUPONGMEREN JAMIR,6a932b5bcd944524379edf3a,Lok Sabha
Aonglenden,26,NAGALAND,1,Nagaland,Mokokchung,S SUPONGMEREN JAMIR,6a932b5bcd944524379edf3a,Lok Sabha
Tuensang Sadar-I,53,NAGALAND,1,Nagaland,Tuensang,S SUPONGMEREN JAMIR,6a932b5bcd944524379edf3a,Lok Sabha
Sanis,39,NAGALAND,1,Nagaland,Wokha,S SUPONGMEREN JAMIR,6a932b5bcd944524379edf3a,Lok Sabha
Akuluto,31,NAGALAND,1,Nagaland,Zunheboto,S SUPONGMEREN JAMIR,6a932b5bcd944524379edf3a,Lok Sabha
Suruhuto,33,NAGALAND,1,Nagaland,Zunheboto,S SUPONGMEREN JAMIR,6a932b5bcd944524379edf3a,Lok Sabha
Tyui,37,NAGALAND,1,Nagaland,Wokha,S SUPONGMEREN JAMIR,6a932b5bcd944524379edf3a,Lok Sabha
Thonoknyu,57,NAGALAND,1,Nagaland,Tuensang,S SUPONGMEREN JAMIR,6a932b5bcd944524379edf3a,Lok Sabha
Atoizu,32,NAGALAND,1,Nagaland,Zunheboto,S SUPONGMEREN JAMIR,6a932b5bcd944524379edf3a,Lok Sabha
Shamtorr-Chessore,58,NAGALAND,1,Nagaland,Tuensang,S SUPONGMEREN JAMIR,6a932b5bcd944524379edf3a,Lok Sabha
Aghunato,34,NAGALAND,1,Nagaland,Zunheboto,S SUPONGMEREN JAMIR,6a932b5bcd944524379edf3a,Lok Sabha
Zunheboto,35,NAGALAND,1,Nagaland,Zunheboto,S SUPONGMEREN JAMIR,6a932b5bcd944524379edf3a,Lok Sabha
Wokha,38,NAGALAND,1,Nagaland,Wokha,S SUPONGMEREN JAMIR,6a932b5bcd944524379edf3a,Lok Sabha
Satakha,36,NAGALAND,1,Nagaland,Zunheboto,S SUPONGMEREN JAMIR,6a932b5bcd944524379edf3a,Lok Sabha
Siyuchong-Sitimi,59,NAGALAND,1,Nagaland,Tuensang,S SUPONGMEREN JAMIR,6a932b5bcd944524379edf3a,Lok Sabha
Pungro-Kiphire,60,NAGALAND,1,Nagaland,Tuensang,S SUPONGMEREN JAMIR,6a932b5bcd944524379edf3a,Lok Sabha
Pughoboto,13,NAGALAND,1,Nagaland,Kohima,S SUPONGMEREN JAMIR,6a932b5bcd944524379edf3a,Lok Sabha
Tseminyu,12,NAGALAND,1,Nagaland,Kohima,S SUPONGMEREN JAMIR,6a932b5bcd944524379edf3a,Lok Sabha
Phek,19,NAGALAND,1,Nagaland,Phek,S SUPONGMEREN JAMIR,6a932b5bcd944524379edf3a,Lok Sabha
Dimapur-I,1,NAGALAND,1,Nagaland,Dimapur,S SUPONGMEREN JAMIR,6a932b5bcd944524379edf3a,Lok Sabha
Northern Angami -Ii,11,NAGALAND,1,Nagaland,Kohima,S SUPONGMEREN JAMIR,6a932b5bcd944524379edf3a,Lok Sabha
Dimapur-Ii,2,NAGALAND,1,Nagaland,Dimapur,S SUPONGMEREN JAMIR,6a932b5bcd944524379edf3a,Lok Sabha
Ghaspani-I,4,NAGALAND,1,Nagaland,Dimapur,S SUPONGMEREN JAMIR,6a932b5bcd944524379edf3a,Lok Sabha
Dimapur-Iii,3,NAGALAND,1,Nagaland,Dimapur,S SUPONGMEREN JAMIR,6a932b5bcd944524379edf3a,Lok Sabha
Ghaspani-Ii,5,NAGALAND,1,Nagaland,Dimapur,S SUPONGMEREN JAMIR,6a932b5bcd944524379edf3a,Lok Sabha
Meluri,20,NAGALAND,1,Nagaland,Phek,S SUPONGMEREN JAMIR,6a932b5bcd944524379edf3a,Lok Sabha
Chazouba,18,NAGALAND,1,Nagaland,Phek,S SUPONGMEREN JAMIR,6a932b5bcd944524379edf3a,Lok Sabha
Western Angami,8,NAGALAND,1,Nagaland,Kohima,S SUPONGMEREN JAMIR,6a932b5bcd944524379edf3a,Lok Sabha
Chizami,17,NAGALAND,1,Nagaland,Phek,S SUPONGMEREN JAMIR,6a932b5bcd944524379edf3a,Lok Sabha
Northern Angami - I,10,NAGALAND,1,Nagaland,Kohima,S SUPONGMEREN JAMIR,6a932b5bcd944524379edf3a,Lok Sabha
Kohima Town,9,NAGALAND,1,Nagaland,Kohima,S SUPONGMEREN JAMIR,6a932b5bcd944524379edf3a,Lok Sabha
Peren,7,NAGALAND,1,Nagaland,Kohima,S SUPONGMEREN JAMIR,6a932b5bcd944524379edf3a,Lok Sabha
Southern Angami-I,14,NAGALAND,1,Nagaland,Kohima,S SUPONGMEREN JAMIR,6a932b5bcd944524379edf3a,Lok Sabha
Southern Angami-Ii,15,NAGALAND,1,Nagaland,Kohima,S SUPONGMEREN JAMIR,6a932b5bcd944524379edf3a,Lok Sabha
Tenning,6,NAGALAND,1,Nagaland,Kohima,S SUPONGMEREN JAMIR,6a932b5bcd944524379edf3a,Lok Sabha
Pfutsero,16,NAGALAND,1,Nagaland,Phek,S SUPONGMEREN JAMIR,6a932b5bcd944524379edf3a,Lok Sabha
Sadiya,126,LAKHIMPUR,14,Assam,Tinsukia,Pradan Baruah,6a932b5bcd944524379edef7,Lok Sabha
Jonai,114,LAKHIMPUR,14,Assam,Dhemaji,Pradan Baruah,6a932b5bcd944524379edef7,Lok Sabha
Chabua,121,LAKHIMPUR,14,Assam,Tinsukia,Pradan Baruah,6a932b5bcd944524379edef7,Lok Sabha
Dibrugarh,116,DIBRUGARH,13,Assam,Dibrugarh,Shri Sarbananda Sonowal (18LS),6a932b5bcd944524379edf7a,Lok Sabha
Margherita,124,DIBRUGARH,13,Assam,Tinsukia,Shri Sarbananda Sonowal (18LS),6a932b5bcd944524379edf7a,Lok Sabha
Chabua,121,LAKHIMPUR,14,Assam,Dibrugarh,Pradan Baruah,6a932b5bcd944524379edef7,Lok Sabha
Doom Dooma,125,LAKHIMPUR,14,Assam,Tinsukia,Pradan Baruah,6a932b5bcd944524379edef7,Lok Sabha
Lahowal,117,DIBRUGARH,13,Assam,Dibrugarh,Shri Sarbananda Sonowal (18LS),6a932b5bcd944524379edf7a,Lok Sabha
Digboi,123,DIBRUGARH,13,Assam,Tinsukia,Shri Sarbananda Sonowal (18LS),6a932b5bcd944524379edf7a,Lok Sabha
Tinsukia,122,DIBRUGARH,13,Assam,Tinsukia,Shri Sarbananda Sonowal (18LS),6a932b5bcd944524379edf7a,Lok Sabha
Dhemaji,113,LAKHIMPUR,14,Assam,Dhemaji,Pradan Baruah,6a932b5bcd944524379edef7,Lok Sabha
Duliajan,118,DIBRUGARH,13,Assam,Dibrugarh,Shri Sarbananda Sonowal (18LS),6a932b5bcd944524379edf7a,Lok Sabha
Moran,115,DIBRUGARH,13,Assam,Dibrugarh,Shri Sarbananda Sonowal (18LS),6a932b5bcd944524379edf7a,Lok Sabha
Lakhimpur,111,LAKHIMPUR,14,Assam,Lakhimpur,Pradan Baruah,6a932b5bcd944524379edef7,Lok Sabha
Tingkhong,119,DIBRUGARH,13,Assam,Dibrugarh,Shri Sarbananda Sonowal (18LS),6a932b5bcd944524379edf7a,Lok Sabha
Naharkatia,120,DIBRUGARH,13,Assam,Dibrugarh,Shri Sarbananda Sonowal (18LS),6a932b5bcd944524379edf7a,Lok Sabha
Dhakuakhana,112,LAKHIMPUR,14,Assam,Dhemaji,Pradan Baruah,6a932b5bcd944524379edef7,Lok Sabha
Naoboicha,110,LAKHIMPUR,14,Assam,Lakhimpur,Pradan Baruah,6a932b5bcd944524379edef7,Lok Sabha
Thowra,107,JORHAT,12,Assam,Sibsagar,GAURAV GOGOI,6a932b5bcd944524379ede5f,Lok Sabha
Mahmara,105,JORHAT,12,Assam,Sibsagar,GAURAV GOGOI,6a932b5bcd944524379ede5f,Lok Sabha
Sonari,106,JORHAT,12,Assam,Sibsagar,GAURAV GOGOI,6a932b5bcd944524379ede5f,Lok Sabha
Majuli,99,LAKHIMPUR,14,Assam,Jorhat,Pradan Baruah,6a932b5bcd944524379edef7,Lok Sabha
Sibsagar,108,JORHAT,12,Assam,Sibsagar,GAURAV GOGOI,6a932b5bcd944524379ede5f,Lok Sabha
Bihpuria,109,SONITPUR,9,Assam,Lakhimpur,RANJIT DUTTA,6a932b5bcd944524379edf2d,Lok Sabha
Amguri,103,JORHAT,12,Assam,Sibsagar,GAURAV GOGOI,6a932b5bcd944524379ede5f,Lok Sabha
Nazira,104,JORHAT,12,Assam,Sibsagar,GAURAV GOGOI,6a932b5bcd944524379ede5f,Lok Sabha
Teok,102,JORHAT,12,Assam,Jorhat,GAURAV GOGOI,6a932b5bcd944524379ede5f,Lok Sabha
Gohpur,78,SONITPUR,9,Assam,Sonitpur,RANJIT DUTTA,6a932b5bcd944524379edf2d,Lok Sabha
Rangapara,74,SONITPUR,9,Assam,Sonitpur,RANJIT DUTTA,6a932b5bcd944524379edf2d,Lok Sabha
Bokakhat,93,KAZIRANGA,11,Assam,Golaghat,KAMAKHYA PRASAD TASA,6a932b5bcd944524379ede94,Lok Sabha
Behali,77,SONITPUR,9,Assam,Sonitpur,RANJIT DUTTA,6a932b5bcd944524379edf2d,Lok Sabha
Jorhat,98,JORHAT,12,Assam,Jorhat,GAURAV GOGOI,6a932b5bcd944524379ede5f,Lok Sabha
Mariani,101,JORHAT,12,Assam,Jorhat,GAURAV GOGOI,6a932b5bcd944524379ede5f,Lok Sabha
Dergaon,97,KAZIRANGA,11,Assam,Jorhat,KAMAKHYA PRASAD TASA,6a932b5bcd944524379ede94,Lok Sabha
Dhekiajuli,71,SONITPUR,9,Assam,Sonitpur,RANJIT DUTTA,6a932b5bcd944524379edf2d,Lok Sabha
Sootea,75,SONITPUR,9,Assam,Sonitpur,RANJIT DUTTA,6a932b5bcd944524379edf2d,Lok Sabha
Majbat,70,DARRANG-UDALGURI,8,Assam,Darrang,Dilip Saikia,6a932b5bcd944524379ede32,Lok Sabha
Biswanath,76,SONITPUR,9,Assam,Sonitpur,RANJIT DUTTA,6a932b5bcd944524379edf2d,Lok Sabha
Udalguri,69,DARRANG-UDALGURI,8,Assam,Darrang,Dilip Saikia,6a932b5bcd944524379ede32,Lok Sabha
Panery,64,DARRANG-UDALGURI,8,Assam,Darrang,Dilip Saikia,6a932b5bcd944524379ede32,Lok Sabha
Khumtai,96,KAZIRANGA,11,Assam,Golaghat,KAMAKHYA PRASAD TASA,6a932b5bcd944524379ede94,Lok Sabha
Titabar,100,JORHAT,12,Assam,Jorhat,GAURAV GOGOI,6a932b5bcd944524379ede5f,Lok Sabha
Barchalla,72,SONITPUR,9,Assam,Sonitpur,RANJIT DUTTA,6a932b5bcd944524379edf2d,Lok Sabha
Sidli,31,KOKRAJHAR,5,Assam,Kokrajhar,JOYANTA BASUMATARY,6a932b5bcd944524379ede82,Lok Sabha
Barama,62,KOKRAJHAR,5,Assam,Nalbari,JOYANTA BASUMATARY,6a932b5bcd944524379ede82,Lok Sabha
Tamulpur,58,KOKRAJHAR,5,Assam,Nalbari,JOYANTA BASUMATARY,6a932b5bcd944524379ede82,Lok Sabha
Tezpur,73,SONITPUR,9,Assam,Sonitpur,RANJIT DUTTA,6a932b5bcd944524379edf2d,Lok Sabha
Kaliabor,89,KAZIRANGA,11,Assam,Nagaon,KAMAKHYA PRASAD TASA,6a932b5bcd944524379ede94,Lok Sabha
Kamalpur,56,DARRANG-UDALGURI,8,Assam,Kamrup,Dilip Saikia,6a932b5bcd944524379ede32,Lok Sabha
Kokrajhar East,30,KOKRAJHAR,5,Assam,Kokrajhar,JOYANTA BASUMATARY,6a932b5bcd944524379ede82,Lok Sabha
Bhabanipur,41,KOKRAJHAR,5,Assam,Barpeta,JOYANTA BASUMATARY,6a932b5bcd944524379ede82,Lok Sabha
Chapaguri,63,KOKRAJHAR,5,Assam,Barpeta,JOYANTA BASUMATARY,6a932b5bcd944524379ede82,Lok Sabha
Chapaguri,63,KOKRAJHAR,5,Assam,Nalbari,JOYANTA BASUMATARY,6a932b5bcd944524379ede82,Lok Sabha
Sorbhog,40,KOKRAJHAR,5,Assam,Barpeta,JOYANTA BASUMATARY,6a932b5bcd944524379ede82,Lok Sabha
Bokajan,17,DIPHU,3,Assam,Karbi Anglong,AMARSING TISSO,6a932b5bcd944524379eddc5,Lok Sabha
Bijni,33,KOKRAJHAR,5,Assam,Kokrajhar,JOYANTA BASUMATARY,6a932b5bcd944524379ede82,Lok Sabha
Sarupathar,94,KAZIRANGA,11,Assam,Golaghat,KAMAKHYA PRASAD TASA,6a932b5bcd944524379ede94,Lok Sabha
Golaghat,95,KAZIRANGA,11,Assam,Golaghat,KAMAKHYA PRASAD TASA,6a932b5bcd944524379ede94,Lok Sabha
Howraghat,18,DIPHU,3,Assam,Karbi Anglong,AMARSING TISSO,6a932b5bcd944524379eddc5,Lok Sabha
Dalgaon,68,DARRANG-UDALGURI,8,Assam,Darrang,Dilip Saikia,6a932b5bcd944524379ede32,Lok Sabha
Gossaigaon,28,KOKRAJHAR,5,Assam,Kokrajhar,JOYANTA BASUMATARY,6a932b5bcd944524379ede82,Lok Sabha
Kalaigaon,65,DARRANG-UDALGURI,8,Assam,Darrang,Dilip Saikia,6a932b5bcd944524379ede32,Lok Sabha
Samaguri,88,KAZIRANGA,11,Assam,Nagaon,KAMAKHYA PRASAD TASA,6a932b5bcd944524379ede94,Lok Sabha
Bongaigaon,32,BARPETA,6,Assam,Bongaigaon,PHANI BHUSAN CHOUDHURY,6a932b5bcd944524379edef3,Lok Sabha
Patacharkuchi,42,BARPETA,6,Assam,Barpeta,PHANI BHUSAN CHOUDHURY,6a932b5bcd944524379edef3,Lok Sabha
Rupohihat,85,KAZIRANGA,11,Assam,Nagaon,KAMAKHYA PRASAD TASA,6a932b5bcd944524379ede94,Lok Sabha
Bijni,33,KOKRAJHAR,5,Assam,Bongaigaon,JOYANTA BASUMATARY,6a932b5bcd944524379ede82,Lok Sabha
Mangaldoi,67,DARRANG-UDALGURI,8,Assam,Darrang,Dilip Saikia,6a932b5bcd944524379ede32,Lok Sabha
Nalbari,59,DARRANG-UDALGURI,8,Assam,Nalbari,Dilip Saikia,6a932b5bcd944524379ede32,Lok Sabha
Dhing,83,KAZIRANGA,11,Assam,Nagaon,KAMAKHYA PRASAD TASA,6a932b5bcd944524379ede94,Lok Sabha
Rangiya,57,DARRANG-UDALGURI,8,Assam,Kamrup,Dilip Saikia,6a932b5bcd944524379ede32,Lok Sabha
Laharighat,81,NOWGONG,10,Assam,Marigaon,Pradyut Bordoloi,6a932b5bcd944524379edefa,Lok Sabha
Sidli,31,KOKRAJHAR,5,Assam,Bongaigaon,JOYANTA BASUMATARY,6a932b5bcd944524379ede82,Lok Sabha
Sipajhar,66,DARRANG-UDALGURI,8,Assam,Darrang,Dilip Saikia,6a932b5bcd944524379ede32,Lok Sabha
Dharmapur,61,BARPETA,6,Assam,Nalbari,PHANI BHUSAN CHOUDHURY,6a932b5bcd944524379edef3,Lok Sabha
Batadroba,84,KAZIRANGA,11,Assam,Nagaon,KAMAKHYA PRASAD TASA,6a932b5bcd944524379ede94,Lok Sabha
Patacharkuchi,42,BARPETA,6,Assam,Nalbari,PHANI BHUSAN CHOUDHURY,6a932b5bcd944524379edef3,Lok Sabha
Diphu,19,DIPHU,3,Assam,Karbi Anglong,AMARSING TISSO,6a932b5bcd944524379eddc5,Lok Sabha
Barpeta,43,BARPETA,6,Assam,Barpeta,PHANI BHUSAN CHOUDHURY,6a932b5bcd944524379edef3,Lok Sabha
Nowgong,86,NOWGONG,10,Assam,Nagaon,Pradyut Bordoloi,6a932b5bcd944524379edefa,Lok Sabha
Abhayapuri North,34,BARPETA,6,Assam,Bongaigaon,PHANI BHUSAN CHOUDHURY,6a932b5bcd944524379edef3,Lok Sabha
Barhampur,87,NOWGONG,10,Assam,Nagaon,Pradyut Bordoloi,6a932b5bcd944524379edefa,Lok Sabha
Kokrajhar West,29,KOKRAJHAR,5,Assam,Kokrajhar,JOYANTA BASUMATARY,6a932b5bcd944524379ede82,Lok Sabha
Marigaon,80,NOWGONG,10,Assam,Marigaon,Pradyut Bordoloi,6a932b5bcd944524379edefa,Lok Sabha
Jania,44,BARPETA,6,Assam,Barpeta,PHANI BHUSAN CHOUDHURY,6a932b5bcd944524379edef3,Lok Sabha
Sarukhetri,46,BARPETA,6,Assam,Barpeta,PHANI BHUSAN CHOUDHURY,6a932b5bcd944524379edef3,Lok Sabha
Hajo,55,GUWAHATI,7,Assam,Kamrup,BIJULI KALITA MEDHI,6a932b5bcd944524379ede09,Lok Sabha
Barkhetry,60,GUWAHATI,7,Assam,Nalbari,BIJULI KALITA MEDHI,6a932b5bcd944524379ede09,Lok Sabha
Jalukbari,51,GUWAHATI,7,Assam,Kamrup,BIJULI KALITA MEDHI,6a932b5bcd944524379ede09,Lok Sabha
Raha,82,NOWGONG,10,Assam,Nagaon,Pradyut Bordoloi,6a932b5bcd944524379edefa,Lok Sabha
Jagiroad,79,NOWGONG,10,Assam,Marigaon,Pradyut Bordoloi,6a932b5bcd944524379edefa,Lok Sabha
Abhayapuri South,35,BARPETA,6,Assam,Bongaigaon,PHANI BHUSAN CHOUDHURY,6a932b5bcd944524379edef3,Lok Sabha
Chenga,47,BARPETA,6,Assam,Barpeta,PHANI BHUSAN CHOUDHURY,6a932b5bcd944524379edef3,Lok Sabha
Bilasipara East,27,DHUBRI,4,Assam,Dhubri,RAKIBUL HUSSAIN,6a932b5bcd944524379edf23,Lok Sabha
Jamunamukh,90,NOWGONG,10,Assam,Nagaon,Pradyut Bordoloi,6a932b5bcd944524379edefa,Lok Sabha
Dispur,52,GUWAHATI,7,Assam,Kamrup,BIJULI KALITA MEDHI,6a932b5bcd944524379ede09,Lok Sabha
Bilasipara West,26,DHUBRI,4,Assam,Dhubri,RAKIBUL HUSSAIN,6a932b5bcd944524379edf23,Lok Sabha
Gauripur,24,DHUBRI,4,Assam,Dhubri,RAKIBUL HUSSAIN,6a932b5bcd944524379edf23,Lok Sabha
Baghbar,45,BARPETA,6,Assam,Barpeta,PHANI BHUSAN CHOUDHURY,6a932b5bcd944524379edef3,Lok Sabha
Golakganj,25,DHUBRI,4,Assam,Dhubri,RAKIBUL HUSSAIN,6a932b5bcd944524379edf23,Lok Sabha
Gauhati West,54,GUWAHATI,7,Assam,Kamrup,BIJULI KALITA MEDHI,6a932b5bcd944524379ede09,Lok Sabha
Gauhati East,53,GUWAHATI,7,Assam,Kamrup,BIJULI KALITA MEDHI,6a932b5bcd944524379ede09,Lok Sabha
Baithalangso,20,DIPHU,3,Assam,Karbi Anglong,AMARSING TISSO,6a932b5bcd944524379eddc5,Lok Sabha
Goalpara East,37,DHUBRI,4,Assam,Goalpara,RAKIBUL HUSSAIN,6a932b5bcd944524379edf23,Lok Sabha
Hojai,91,NOWGONG,10,Assam,Nagaon,Pradyut Bordoloi,6a932b5bcd944524379edefa,Lok Sabha
Chaygaon,49,GUWAHATI,7,Assam,Kamrup,BIJULI KALITA MEDHI,6a932b5bcd944524379ede09,Lok Sabha
Goalpara West,38,DHUBRI,4,Assam,Goalpara,RAKIBUL HUSSAIN,6a932b5bcd944524379edf23,Lok Sabha
Boko,48,GUWAHATI,7,Assam,Kamrup,BIJULI KALITA MEDHI,6a932b5bcd944524379ede09,Lok Sabha
Palasbari,50,GUWAHATI,7,Assam,Kamrup,BIJULI KALITA MEDHI,6a932b5bcd944524379ede09,Lok Sabha
Lumding,92,NOWGONG,10,Assam,Nagaon,Pradyut Bordoloi,6a932b5bcd944524379edefa,Lok Sabha
Jaleswar,39,DHUBRI,4,Assam,Goalpara,RAKIBUL HUSSAIN,6a932b5bcd944524379edf23,Lok Sabha
Dudhnai,36,GUWAHATI,7,Assam,Goalpara,BIJULI KALITA MEDHI,6a932b5bcd944524379ede09,Lok Sabha
Salmara South,22,DHUBRI,4,Assam,Dhubri,RAKIBUL HUSSAIN,6a932b5bcd944524379edf23,Lok Sabha
Dhubri,23,DHUBRI,4,Assam,Dhubri,RAKIBUL HUSSAIN,6a932b5bcd944524379edf23,Lok Sabha
Haflong,16,DIPHU,3,Assam,North Cachar Hills,AMARSING TISSO,6a932b5bcd944524379eddc5,Lok Sabha
Mankachar,21,DHUBRI,4,Assam,Dhubri,RAKIBUL HUSSAIN,6a932b5bcd944524379edf23,Lok Sabha
Katigora,15,SILCHAR,2,Assam,Cachar,PARIMAL SUKLABAIDYA,6a932b5bcd944524379edeed,Lok Sabha
Udharbond,12,SILCHAR,2,Assam,Cachar,PARIMAL SUKLABAIDYA,6a932b5bcd944524379edeed,Lok Sabha
Barkhola,14,SILCHAR,2,Assam,Cachar,PARIMAL SUKLABAIDYA,6a932b5bcd944524379edeed,Lok Sabha
Lakhipur,13,SILCHAR,2,Assam,Cachar,PARIMAL SUKLABAIDYA,6a932b5bcd944524379edeed,Lok Sabha
Karimganj North,3,KARIMGANJ,1,Assam,Karimganj,Kripanath Mallah,6a932b5bcd944524379edea8,Lok Sabha
Algapur,8,KARIMGANJ,1,Assam,Hailakandi,Kripanath Mallah,6a932b5bcd944524379edea8,Lok Sabha
Badarpur,5,KARIMGANJ,1,Assam,Karimganj,Kripanath Mallah,6a932b5bcd944524379edea8,Lok Sabha
Karimganj South,4,KARIMGANJ,1,Assam,Karimganj,Kripanath Mallah,6a932b5bcd944524379edea8,Lok Sabha
Silchar,9,SILCHAR,2,Assam,Cachar,PARIMAL SUKLABAIDYA,6a932b5bcd944524379edeed,Lok Sabha
Algapur,8,KARIMGANJ,1,Assam,Cachar,Kripanath Mallah,6a932b5bcd944524379edea8,Lok Sabha
Sonai,10,SILCHAR,2,Assam,Cachar,PARIMAL SUKLABAIDYA,6a932b5bcd944524379edeed,Lok Sabha
Dholai,11,SILCHAR,2,Assam,Cachar,PARIMAL SUKLABAIDYA,6a932b5bcd944524379edeed,Lok Sabha
Ratabari,1,KARIMGANJ,1,Assam,Karimganj,Kripanath Mallah,6a932b5bcd944524379edea8,Lok Sabha
Patharkandi,2,KARIMGANJ,1,Assam,Karimganj,Kripanath Mallah,6a932b5bcd944524379edea8,Lok Sabha
Hailakandi,6,KARIMGANJ,1,Assam,Hailakandi,Kripanath Mallah,6a932b5bcd944524379edea8,Lok Sabha
Katlicherra,7,KARIMGANJ,1,Assam,Hailakandi,Kripanath Mallah,6a932b5bcd944524379edea8,Lok Sabha
Nurbra,47,LADAKH,4,Ladakh,Leh(Ladakh),Mohamed Haneefa,6a932b5bcd944524379eded1,Lok Sabha
Kargil,49,LADAKH,4,Ladakh,Kargil,Mohamed Haneefa,6a932b5bcd944524379eded1,Lok Sabha
Karnah,1,BARAMULLAH,1,Jammu And Kashmir,Kupwara,ABDUL RASHID SHEIKH,6a932b5bcd944524379eddaf,Lok Sabha
Lolab,3,BARAMULLAH,1,Jammu And Kashmir,Kupwara,ABDUL RASHID SHEIKH,6a932b5bcd944524379eddaf,Lok Sabha
Gurez,9,BARAMULLAH,1,Jammu And Kashmir,Baramula,ABDUL RASHID SHEIKH,6a932b5bcd944524379eddaf,Lok Sabha
Kupwara,2,BARAMULLAH,1,Jammu And Kashmir,Kupwara,ABDUL RASHID SHEIKH,6a932b5bcd944524379eddaf,Lok Sabha
Bandipora,10,BARAMULLAH,1,Jammu And Kashmir,Baramula,ABDUL RASHID SHEIKH,6a932b5bcd944524379eddaf,Lok Sabha
Handwara,4,BARAMULLAH,1,Jammu And Kashmir,Kupwara,ABDUL RASHID SHEIKH,6a932b5bcd944524379eddaf,Lok Sabha
Langate,5,BARAMULLAH,1,Jammu And Kashmir,Kupwara,ABDUL RASHID SHEIKH,6a932b5bcd944524379eddaf,Lok Sabha
Leh,48,LADAKH,4,Ladakh,Leh(Ladakh),Mohamed Haneefa,6a932b5bcd944524379eded1,Lok Sabha
Sopore,8,BARAMULLAH,1,Jammu And Kashmir,Baramula,ABDUL RASHID SHEIKH,6a932b5bcd944524379eddaf,Lok Sabha
Sonawari,11,BARAMULLAH,1,Jammu And Kashmir,Baramula,ABDUL RASHID SHEIKH,6a932b5bcd944524379eddaf,Lok Sabha
Kangan,16,SRINAGAR,2,Jammu And Kashmir,Srinagar,AGA SYED RUHULLAH MEHDI,6a932b5bcd944524379eddba,Lok Sabha
Rafiabad,7,BARAMULLAH,1,Jammu And Kashmir,Baramula,ABDUL RASHID SHEIKH,6a932b5bcd944524379eddaf,Lok Sabha
Ganderbal,17,SRINAGAR,2,Jammu And Kashmir,Srinagar,AGA SYED RUHULLAH MEHDI,6a932b5bcd944524379eddba,Lok Sabha
Zanskar,50,LADAKH,4,Ladakh,Kargil,Mohamed Haneefa,6a932b5bcd944524379eded1,Lok Sabha
Sangrama,12,BARAMULLAH,1,Jammu And Kashmir,Baramula,ABDUL RASHID SHEIKH,6a932b5bcd944524379eddaf,Lok Sabha
Baramula,13,BARAMULLAH,1,Jammu And Kashmir,Baramula,ABDUL RASHID SHEIKH,6a932b5bcd944524379eddaf,Lok Sabha
Uri,6,BARAMULLAH,1,Jammu And Kashmir,Baramula,ABDUL RASHID SHEIKH,6a932b5bcd944524379eddaf,Lok Sabha
Pattan,15,BARAMULLAH,1,Jammu And Kashmir,Baramula,ABDUL RASHID SHEIKH,6a932b5bcd944524379eddaf,Lok Sabha
Pahalgam,46,ANANTNAG,3,Jammu And Kashmir,Anantnag,MIAN ALTAF AHMAD,6a932b5bcd944524379edecd,Lok Sabha
Kishtwar,51,UDHAMPUR,5,Jammu And Kashmir,Doda,Jitendra Singh,6a932b5bcd944524379ede7f,Lok Sabha
Gulmarg,14,BARAMULLAH,1,Jammu And Kashmir,Baramula,ABDUL RASHID SHEIKH,6a932b5bcd944524379eddaf,Lok Sabha
Batamaloo,25,SRINAGAR,2,Jammu And Kashmir,Srinagar,AGA SYED RUHULLAH MEHDI,6a932b5bcd944524379eddba,Lok Sabha
Eidgah,20,SRINAGAR,2,Jammu And Kashmir,Srinagar,AGA SYED RUHULLAH MEHDI,6a932b5bcd944524379eddba,Lok Sabha
Zadibal,19,SRINAGAR,2,Jammu And Kashmir,Srinagar,AGA SYED RUHULLAH MEHDI,6a932b5bcd944524379eddba,Lok Sabha
Hazratbal,18,SRINAGAR,2,Jammu And Kashmir,Srinagar,AGA SYED RUHULLAH MEHDI,6a932b5bcd944524379eddba,Lok Sabha
Amira Kada,23,SRINAGAR,2,Jammu And Kashmir,Srinagar,AGA SYED RUHULLAH MEHDI,6a932b5bcd944524379eddba,Lok Sabha
Beerwah,28,SRINAGAR,2,Jammu And Kashmir,Badgam,AGA SYED RUHULLAH MEHDI,6a932b5bcd944524379eddba,Lok Sabha
Badgam,27,SRINAGAR,2,Jammu And Kashmir,Badgam,AGA SYED RUHULLAH MEHDI,6a932b5bcd944524379eddba,Lok Sabha
Habba Kada,22,SRINAGAR,2,Jammu And Kashmir,Srinagar,AGA SYED RUHULLAH MEHDI,6a932b5bcd944524379eddba,Lok Sabha
Khaniyar,21,SRINAGAR,2,Jammu And Kashmir,Srinagar,AGA SYED RUHULLAH MEHDI,6a932b5bcd944524379eddba,Lok Sabha
Pampore,32,ANANTNAG,3,Jammu And Kashmir,Pulwama,MIAN ALTAF AHMAD,6a932b5bcd944524379edecd,Lok Sabha
Tral,31,ANANTNAG,3,Jammu And Kashmir,Pulwama,MIAN ALTAF AHMAD,6a932b5bcd944524379edecd,Lok Sabha
Sonawar,24,SRINAGAR,2,Jammu And Kashmir,Srinagar,AGA SYED RUHULLAH MEHDI,6a932b5bcd944524379eddba,Lok Sabha
Chadoora,26,SRINAGAR,2,Jammu And Kashmir,Badgam,AGA SYED RUHULLAH MEHDI,6a932b5bcd944524379eddba,Lok Sabha
Khan Saheb,29,SRINAGAR,2,Jammu And Kashmir,Badgam,AGA SYED RUHULLAH MEHDI,6a932b5bcd944524379eddba,Lok Sabha
Poonch Haveli,87,JAMMU,6,Jammu And Kashmir,Punch,Shri Jugal Kishore Sharma,6a932b5bcd944524379edf70,Lok Sabha
Chrar Shar,30,SRINAGAR,2,Jammu And Kashmir,Badgam,AGA SYED RUHULLAH MEHDI,6a932b5bcd944524379eddba,Lok Sabha
Pulwama,33,ANANTNAG,3,Jammu And Kashmir,Pulwama,MIAN ALTAF AHMAD,6a932b5bcd944524379edecd,Lok Sabha
Rajpora,34,ANANTNAG,3,Jammu And Kashmir,Pulwama,MIAN ALTAF AHMAD,6a932b5bcd944524379edecd,Lok Sabha
Bijbehara,45,ANANTNAG,3,Jammu And Kashmir,Anantnag,MIAN ALTAF AHMAD,6a932b5bcd944524379edecd,Lok Sabha
Suran Kote,85,JAMMU,6,Jammu And Kashmir,Punch,Shri Jugal Kishore Sharma,6a932b5bcd944524379edf70,Lok Sabha
Hom Shali,39,ANANTNAG,3,Jammu And Kashmir,Anantnag,MIAN ALTAF AHMAD,6a932b5bcd944524379edecd,Lok Sabha
Shopian,36,ANANTNAG,3,Jammu And Kashmir,Pulwama,MIAN ALTAF AHMAD,6a932b5bcd944524379edecd,Lok Sabha
Shangus,44,ANANTNAG,3,Jammu And Kashmir,Anantnag,MIAN ALTAF AHMAD,6a932b5bcd944524379edecd,Lok Sabha
Wachi,35,ANANTNAG,3,Jammu And Kashmir,Pulwama,MIAN ALTAF AHMAD,6a932b5bcd944524379edecd,Lok Sabha
Mendhar,86,JAMMU,6,Jammu And Kashmir,Punch,Shri Jugal Kishore Sharma,6a932b5bcd944524379edf70,Lok Sabha
Anantnag,40,ANANTNAG,3,Jammu And Kashmir,Anantnag,MIAN ALTAF AHMAD,6a932b5bcd944524379edecd,Lok Sabha
Kulgam,38,ANANTNAG,3,Jammu And Kashmir,Anantnag,MIAN ALTAF AHMAD,6a932b5bcd944524379edecd,Lok Sabha
Kokernag,43,ANANTNAG,3,Jammu And Kashmir,Anantnag,MIAN ALTAF AHMAD,6a932b5bcd944524379edecd,Lok Sabha
Devsar,41,ANANTNAG,3,Jammu And Kashmir,Anantnag,MIAN ALTAF AHMAD,6a932b5bcd944524379edecd,Lok Sabha
Inderwal,52,UDHAMPUR,5,Jammu And Kashmir,Doda,Jitendra Singh,6a932b5bcd944524379ede7f,Lok Sabha
Noorabad,37,ANANTNAG,3,Jammu And Kashmir,Anantnag,MIAN ALTAF AHMAD,6a932b5bcd944524379edecd,Lok Sabha
Doru,42,ANANTNAG,3,Jammu And Kashmir,Anantnag,MIAN ALTAF AHMAD,6a932b5bcd944524379edecd,Lok Sabha
Rajauri,83,JAMMU,6,Jammu And Kashmir,Rajauri,Shri Jugal Kishore Sharma,6a932b5bcd944524379edf70,Lok Sabha
Banihal,56,UDHAMPUR,5,Jammu And Kashmir,Doda,Jitendra Singh,6a932b5bcd944524379ede7f,Lok Sabha
Darhal,82,JAMMU,6,Jammu And Kashmir,Rajauri,Shri Jugal Kishore Sharma,6a932b5bcd944524379edf70,Lok Sabha
Gulabgarh,57,UDHAMPUR,5,Jammu And Kashmir,Udhampur,Jitendra Singh,6a932b5bcd944524379ede7f,Lok Sabha
Ramban,55,UDHAMPUR,5,Jammu And Kashmir,Doda,Jitendra Singh,6a932b5bcd944524379ede7f,Lok Sabha
Gool-Arnas,59,UDHAMPUR,5,Jammu And Kashmir,Udhampur,Jitendra Singh,6a932b5bcd944524379ede7f,Lok Sabha
Kala Kote,84,JAMMU,6,Jammu And Kashmir,Rajauri,Shri Jugal Kishore Sharma,6a932b5bcd944524379edf70,Lok Sabha
Naushehra,81,JAMMU,6,Jammu And Kashmir,Rajauri,Shri Jugal Kishore Sharma,6a932b5bcd944524379edf70,Lok Sabha
Doda,53,UDHAMPUR,5,Jammu And Kashmir,Doda,Jitendra Singh,6a932b5bcd944524379ede7f,Lok Sabha
Reasi,58,UDHAMPUR,5,Jammu And Kashmir,Udhampur,Jitendra Singh,6a932b5bcd944524379ede7f,Lok Sabha
Udhampur,60,UDHAMPUR,5,Jammu And Kashmir,Udhampur,Jitendra Singh,6a932b5bcd944524379ede7f,Lok Sabha
Chenani,61,UDHAMPUR,5,Jammu And Kashmir,Udhampur,Jitendra Singh,6a932b5bcd944524379ede7f,Lok Sabha
Bhaderwah,54,UDHAMPUR,5,Jammu And Kashmir,Doda,Jitendra Singh,6a932b5bcd944524379ede7f,Lok Sabha
Akhnoor,79,JAMMU,6,Jammu And Kashmir,Jammu,Shri Jugal Kishore Sharma,6a932b5bcd944524379edf70,Lok Sabha
Chhamb,80,JAMMU,6,Jammu And Kashmir,Jammu,Shri Jugal Kishore Sharma,6a932b5bcd944524379edf70,Lok Sabha
Raipur Domana,78,JAMMU,6,Jammu And Kashmir,Jammu,Shri Jugal Kishore Sharma,6a932b5bcd944524379edf70,Lok Sabha
Nagrota,70,JAMMU,6,Jammu And Kashmir,Jammu,Shri Jugal Kishore Sharma,6a932b5bcd944524379edf70,Lok Sabha
Ram Nagar,62,UDHAMPUR,5,Jammu And Kashmir,Udhampur,Jitendra Singh,6a932b5bcd944524379ede7f,Lok Sabha
Marh,77,JAMMU,6,Jammu And Kashmir,Jammu,Shri Jugal Kishore Sharma,6a932b5bcd944524379edf70,Lok Sabha
Bani,63,UDHAMPUR,5,Jammu And Kashmir,Kathua,Jitendra Singh,6a932b5bcd944524379ede7f,Lok Sabha
Jammu West,73,JAMMU,6,Jammu And Kashmir,Jammu,Shri Jugal Kishore Sharma,6a932b5bcd944524379edf70,Lok Sabha
Jammu East,72,JAMMU,6,Jammu And Kashmir,Jammu,Shri Jugal Kishore Sharma,6a932b5bcd944524379edf70,Lok Sabha
Samba,68,JAMMU,6,Jammu And Kashmir,Jammu,Shri Jugal Kishore Sharma,6a932b5bcd944524379edf70,Lok Sabha
Vijaypur,69,JAMMU,6,Jammu And Kashmir,Jammu,Shri Jugal Kishore Sharma,6a932b5bcd944524379edf70,Lok Sabha
Gandhi Nagar,71,JAMMU,6,Jammu And Kashmir,Jammu,Shri Jugal Kishore Sharma,6a932b5bcd944524379edf70,Lok Sabha
Billawar,66,UDHAMPUR,5,Jammu And Kashmir,Kathua,Jitendra Singh,6a932b5bcd944524379ede7f,Lok Sabha
Suchet Garh,76,JAMMU,6,Jammu And Kashmir,Jammu,Shri Jugal Kishore Sharma,6a932b5bcd944524379edf70,Lok Sabha
Bishnah,74,JAMMU,6,Jammu And Kashmir,Jammu,Shri Jugal Kishore Sharma,6a932b5bcd944524379edf70,Lok Sabha
Ranbir Singh Pura,75,JAMMU,6,Jammu And Kashmir,Jammu,Shri Jugal Kishore Sharma,6a932b5bcd944524379edf70,Lok Sabha
Basohli,64,UDHAMPUR,5,Jammu And Kashmir,Kathua,Jitendra Singh,6a932b5bcd944524379ede7f,Lok Sabha
Hira Nagar,67,UDHAMPUR,5,Jammu And Kashmir,Jammu,Jitendra Singh,6a932b5bcd944524379ede7f,Lok Sabha
Kathua,65,UDHAMPUR,5,Jammu And Kashmir,Kathua,Jitendra Singh,6a932b5bcd944524379ede7f,Lok Sabha
Hira Nagar,67,UDHAMPUR,5,Jammu And Kashmir,Kathua,Jitendra Singh,6a932b5bcd944524379ede7f,Lok Sabha
Ma Njeshwar,1,KASARAGOD,1,Kerala,Kasaragod,Shri Rajmohan Unnithan,6a932b5bcd944524379edf79,Lok Sabha
Kasaragod,2,KASARAGOD,1,Kerala,Kasaragod,Shri Rajmohan Unnithan,6a932b5bcd944524379edf79,Lok Sabha
Udma,3,KASARAGOD,1,Kerala,Kasaragod,Shri Rajmohan Unnithan,6a932b5bcd944524379edf79,Lok Sabha
Kanhangad,4,KASARAGOD,1,Kerala,Kasaragod,Shri Rajmohan Unnithan,6a932b5bcd944524379edf79,Lok Sabha
Trikaripur,5,KASARAGOD,1,Kerala,Kasaragod,Shri Rajmohan Unnithan,6a932b5bcd944524379edf79,Lok Sabha
Payyannur,6,KASARAGOD,1,Kerala,Kannur,Shri Rajmohan Unnithan,6a932b5bcd944524379edf79,Lok Sabha
Irikkur,9,KANNUR,2,Kerala,Kannur,Shri Kumbakudi Sudhakaran,6a932b5bcd944524379edf73,Lok Sabha
Taliparamba,8,KANNUR,2,Kerala,Kannur,Shri Kumbakudi Sudhakaran,6a932b5bcd944524379edf73,Lok Sabha
Kalliasseri,7,KASARAGOD,1,Kerala,Kannur,Shri Rajmohan Unnithan,6a932b5bcd944524379edf79,Lok Sabha
Peravoor,16,KANNUR,2,Kerala,Kannur,Shri Kumbakudi Sudhakaran,6a932b5bcd944524379edf73,Lok Sabha
Mattannur,15,KANNUR,2,Kerala,Kannur,Shri Kumbakudi Sudhakaran,6a932b5bcd944524379edf73,Lok Sabha
Azhikode,10,KANNUR,2,Kerala,Kannur,Shri Kumbakudi Sudhakaran,6a932b5bcd944524379edf73,Lok Sabha
Mananthavady (St),17,WAYANAD,4,Kerala,Wayanad,Priyanka Gandhi Vadra,6a932b5bcd944524379edf04,Lok Sabha
Kannur,11,KANNUR,2,Kerala,Kannur,Shri Kumbakudi Sudhakaran,6a932b5bcd944524379edf73,Lok Sabha
Dharmadam,12,KANNUR,2,Kerala,Kannur,Shri Kumbakudi Sudhakaran,6a932b5bcd944524379edf73,Lok Sabha
Kuthuparamba,14,VADAKARA,3,Kerala,Kannur,SHAFI PARAMBIL,6a932b5bcd944524379edf54,Lok Sabha
Sulthanbathery (S,18,WAYANAD,4,Kerala,Wayanad,Priyanka Gandhi Vadra,6a932b5bcd944524379edf04,Lok Sabha
Thalassery,13,VADAKARA,3,Kerala,Kannur,SHAFI PARAMBIL,6a932b5bcd944524379edf54,Lok Sabha
Nadapuram,22,VADAKARA,3,Kerala,Kozhikode,SHAFI PARAMBIL,6a932b5bcd944524379edf54,Lok Sabha
Kalpetta,19,WAYANAD,4,Kerala,Wayanad,Priyanka Gandhi Vadra,6a932b5bcd944524379edf04,Lok Sabha
Vadakara,20,VADAKARA,3,Kerala,Kozhikode,SHAFI PARAMBIL,6a932b5bcd944524379edf54,Lok Sabha
Kuttiadi,21,VADAKARA,3,Kerala,Kozhikode,SHAFI PARAMBIL,6a932b5bcd944524379edf54,Lok Sabha
Perambra,24,VADAKARA,3,Kerala,Kozhikode,SHAFI PARAMBIL,6a932b5bcd944524379edf54,Lok Sabha
Balusseri (Sc),25,KOZHIKODE,5,Kerala,Kozhikode,Shri M K Raghavan,6a932b5bcd944524379edf75,Lok Sabha
Quilandy,23,VADAKARA,3,Kerala,Kozhikode,SHAFI PARAMBIL,6a932b5bcd944524379edf54,Lok Sabha
Koduvally,31,KOZHIKODE,5,Kerala,Kozhikode,Shri M K Raghavan,6a932b5bcd944524379edf75,Lok Sabha
Thiruvambadi,32,WAYANAD,4,Kerala,Kozhikode,Priyanka Gandhi Vadra,6a932b5bcd944524379edf04,Lok Sabha
Nilambur,35,WAYANAD,4,Kerala,Malappuram,Priyanka Gandhi Vadra,6a932b5bcd944524379edf04,Lok Sabha
Elathur,26,KOZHIKODE,5,Kerala,Kozhikode,Shri M K Raghavan,6a932b5bcd944524379edf75,Lok Sabha
Ernad,34,WAYANAD,4,Kerala,Malappuram,Priyanka Gandhi Vadra,6a932b5bcd944524379edf04,Lok Sabha
Kunnamangalam,30,KOZHIKODE,5,Kerala,Kozhikode,Shri M K Raghavan,6a932b5bcd944524379edf75,Lok Sabha
Kozhikode North,27,KOZHIKODE,5,Kerala,Kozhikode,Shri M K Raghavan,6a932b5bcd944524379edf75,Lok Sabha
Kozhikode South,28,KOZHIKODE,5,Kerala,Kozhikode,Shri M K Raghavan,6a932b5bcd944524379edf75,Lok Sabha
Kondotty,33,MALAPPURAM,6,Kerala,Malappuram,E.T. MOHAMMED BASHEER,6a932b5bcd944524379ede54,Lok Sabha
Wandoor (Sc),36,WAYANAD,4,Kerala,Malappuram,Priyanka Gandhi Vadra,6a932b5bcd944524379edf04,Lok Sabha
Beypore,29,KOZHIKODE,5,Kerala,Kozhikode,Shri M K Raghavan,6a932b5bcd944524379edf75,Lok Sabha
Mannarkkad,54,PALAKKAD,8,Kerala,Palakkad,Vellalath Kochukrishnan Nair Sreekandan,6a932b5bcd944524379edfbb,Lok Sabha
Manjeri,37,MALAPPURAM,6,Kerala,Malappuram,E.T. MOHAMMED BASHEER,6a932b5bcd944524379ede54,Lok Sabha
Malappuram,40,MALAPPURAM,6,Kerala,Malappuram,E.T. MOHAMMED BASHEER,6a932b5bcd944524379ede54,Lok Sabha
Vallikunnu,42,MALAPPURAM,6,Kerala,Malappuram,E.T. MOHAMMED BASHEER,6a932b5bcd944524379ede54,Lok Sabha
Vengara,41,MALAPPURAM,6,Kerala,Malappuram,E.T. MOHAMMED BASHEER,6a932b5bcd944524379ede54,Lok Sabha
Tirurangadi,43,PONNANI,7,Kerala,Malappuram,DR. M.P ABDUSSAMAD SAMADANI,6a932b5bcd944524379ede44,Lok Sabha
Mankada,39,MALAPPURAM,6,Kerala,Malappuram,E.T. MOHAMMED BASHEER,6a932b5bcd944524379ede54,Lok Sabha
Perinthalmanna,38,MALAPPURAM,6,Kerala,Malappuram,E.T. MOHAMMED BASHEER,6a932b5bcd944524379ede54,Lok Sabha
Kottakkal,46,PONNANI,7,Kerala,Malappuram,DR. M.P ABDUSSAMAD SAMADANI,6a932b5bcd944524379ede44,Lok Sabha
Tanur,44,PONNANI,7,Kerala,Malappuram,DR. M.P ABDUSSAMAD SAMADANI,6a932b5bcd944524379ede44,Lok Sabha
Kongad(Sc),53,PALAKKAD,8,Kerala,Palakkad,Vellalath Kochukrishnan Nair Sreekandan,6a932b5bcd944524379edfbb,Lok Sabha
Tirur,45,PONNANI,7,Kerala,Malappuram,DR. M.P ABDUSSAMAD SAMADANI,6a932b5bcd944524379ede44,Lok Sabha
Ottappalam,52,PALAKKAD,8,Kerala,Palakkad,Vellalath Kochukrishnan Nair Sreekandan,6a932b5bcd944524379edfbb,Lok Sabha
Shornur,51,PALAKKAD,8,Kerala,Palakkad,Vellalath Kochukrishnan Nair Sreekandan,6a932b5bcd944524379edfbb,Lok Sabha
Pattambi,50,PALAKKAD,8,Kerala,Palakkad,Vellalath Kochukrishnan Nair Sreekandan,6a932b5bcd944524379edfbb,Lok Sabha
Malampuzha,55,PALAKKAD,8,Kerala,Palakkad,Vellalath Kochukrishnan Nair Sreekandan,6a932b5bcd944524379edfbb,Lok Sabha
Thavanur,47,PONNANI,7,Kerala,Malappuram,DR. M.P ABDUSSAMAD SAMADANI,6a932b5bcd944524379ede44,Lok Sabha
Thrithala,49,PONNANI,7,Kerala,Palakkad,DR. M.P ABDUSSAMAD SAMADANI,6a932b5bcd944524379ede44,Lok Sabha
Ponnani,48,PONNANI,7,Kerala,Malappuram,DR. M.P ABDUSSAMAD SAMADANI,6a932b5bcd944524379ede44,Lok Sabha
Chittur,58,ALATHUR,9,Kerala,Palakkad,K RADHAKRISHNAN,6a932b5bcd944524379ede87,Lok Sabha
Palakkad,56,PALAKKAD,8,Kerala,Palakkad,Vellalath Kochukrishnan Nair Sreekandan,6a932b5bcd944524379edfbb,Lok Sabha
Chelakkara (Sc),61,ALATHUR,9,Kerala,Thrissur,K RADHAKRISHNAN,6a932b5bcd944524379ede87,Lok Sabha
Tarur (Sc),57,ALATHUR,9,Kerala,Palakkad,K RADHAKRISHNAN,6a932b5bcd944524379ede87,Lok Sabha
Kunnamkulam,62,ALATHUR,9,Kerala,Thrissur,K RADHAKRISHNAN,6a932b5bcd944524379ede87,Lok Sabha
Alathur,60,ALATHUR,9,Kerala,Palakkad,K RADHAKRISHNAN,6a932b5bcd944524379ede87,Lok Sabha
Guruvayoor,63,THRISSUR,10,Kerala,Thrissur,SURESH GOPI,6a932b5bcd944524379edfa4,Lok Sabha
Wadakkanchery,65,ALATHUR,9,Kerala,Thrissur,K RADHAKRISHNAN,6a932b5bcd944524379ede87,Lok Sabha
Nemmara,59,ALATHUR,9,Kerala,Palakkad,K RADHAKRISHNAN,6a932b5bcd944524379ede87,Lok Sabha
Manalur,64,THRISSUR,10,Kerala,Thrissur,SURESH GOPI,6a932b5bcd944524379edfa4,Lok Sabha
Ollur,66,THRISSUR,10,Kerala,Thrissur,SURESH GOPI,6a932b5bcd944524379edfa4,Lok Sabha
Thrissur,67,THRISSUR,10,Kerala,Thrissur,SURESH GOPI,6a932b5bcd944524379edfa4,Lok Sabha
Nattika(Sc),68,THRISSUR,10,Kerala,Thrissur,SURESH GOPI,6a932b5bcd944524379edfa4,Lok Sabha
Puthukkad,71,THRISSUR,10,Kerala,Thrissur,SURESH GOPI,6a932b5bcd944524379edfa4,Lok Sabha
Chalakudy,72,CHALAKUDY,11,Kerala,Thrissur,Shri Benny Behanan,6a932b5bcd944524379edf67,Lok Sabha
Irinjalakuda,70,THRISSUR,10,Kerala,Thrissur,SURESH GOPI,6a932b5bcd944524379edfa4,Lok Sabha
Kaipamangalam,69,CHALAKUDY,11,Kerala,Thrissur,Shri Benny Behanan,6a932b5bcd944524379edf67,Lok Sabha
Devikulam (Sc),88,IDUKKI,13,Kerala,Idukki,Adv Dean Kuriakose,6a932b5bcd944524379eddb6,Lok Sabha
Kodungallur,73,CHALAKUDY,11,Kerala,Thrissur,Shri Benny Behanan,6a932b5bcd944524379edf67,Lok Sabha
Angamaly,75,CHALAKUDY,11,Kerala,Ernakulam,Shri Benny Behanan,6a932b5bcd944524379edf67,Lok Sabha
Kothamangalam,87,IDUKKI,13,Kerala,Idukki,Adv Dean Kuriakose,6a932b5bcd944524379eddb6,Lok Sabha
Paravur,78,ERNAKULAM,12,Kerala,Ernakulam,Shri Hibi Eden,6a932b5bcd944524379edf6d,Lok Sabha
Vypeen,79,ERNAKULAM,12,Kerala,Ernakulam,Shri Hibi Eden,6a932b5bcd944524379edf6d,Lok Sabha
Aluva,76,CHALAKUDY,11,Kerala,Ernakulam,Shri Benny Behanan,6a932b5bcd944524379edf67,Lok Sabha
Perumbavoor,74,CHALAKUDY,11,Kerala,Ernakulam,Shri Benny Behanan,6a932b5bcd944524379edf67,Lok Sabha
Kalamassery,77,ERNAKULAM,12,Kerala,Ernakulam,Shri Hibi Eden,6a932b5bcd944524379edf6d,Lok Sabha
Kothamangalam,87,IDUKKI,13,Kerala,Ernakulam,Adv Dean Kuriakose,6a932b5bcd944524379eddb6,Lok Sabha
Kunnathunad (Sc),84,CHALAKUDY,11,Kerala,Ernakulam,Shri Benny Behanan,6a932b5bcd944524379edf67,Lok Sabha
Ernakulam,82,ERNAKULAM,12,Kerala,Ernakulam,Shri Hibi Eden,6a932b5bcd944524379edf6d,Lok Sabha
Muvattupuzha,86,IDUKKI,13,Kerala,Ernakulam,Adv Dean Kuriakose,6a932b5bcd944524379eddb6,Lok Sabha
Thrikkakara,83,ERNAKULAM,12,Kerala,Ernakulam,Shri Hibi Eden,6a932b5bcd944524379edf6d,Lok Sabha
Thodupuzha,90,IDUKKI,13,Kerala,Idukki,Adv Dean Kuriakose,6a932b5bcd944524379eddb6,Lok Sabha
Udumbanchola,89,IDUKKI,13,Kerala,Idukki,Adv Dean Kuriakose,6a932b5bcd944524379eddb6,Lok Sabha
Thripunithura,81,ERNAKULAM,12,Kerala,Ernakulam,Shri Hibi Eden,6a932b5bcd944524379edf6d,Lok Sabha
Piravom,85,KOTTAYAM,14,Kerala,Ernakulam,ADV K FRANCIS GEORGE,6a932b5bcd944524379eddb8,Lok Sabha
Kochi,80,ERNAKULAM,12,Kerala,Ernakulam,Shri Hibi Eden,6a932b5bcd944524379edf6d,Lok Sabha
Idukki,91,IDUKKI,13,Kerala,Idukki,Adv Dean Kuriakose,6a932b5bcd944524379eddb6,Lok Sabha
Aroor,102,ALAPPUZHA,15,Kerala,Alappuzha,K. C VENUGOPAL,6a932b5bcd944524379ede89,Lok Sabha
Kaduthuruthy,94,KOTTAYAM,14,Kerala,Kottayam,ADV K FRANCIS GEORGE,6a932b5bcd944524379eddb8,Lok Sabha
Vaikom (Sc),95,KOTTAYAM,14,Kerala,Kottayam,ADV K FRANCIS GEORGE,6a932b5bcd944524379eddb8,Lok Sabha
Pala,93,KOTTAYAM,14,Kerala,Kottayam,ADV K FRANCIS GEORGE,6a932b5bcd944524379eddb8,Lok Sabha
Cherthala,103,ALAPPUZHA,15,Kerala,Alappuzha,K. C VENUGOPAL,6a932b5bcd944524379ede89,Lok Sabha
Peerumade,92,IDUKKI,13,Kerala,Idukki,Adv Dean Kuriakose,6a932b5bcd944524379eddb6,Lok Sabha
Poonjar,101,PATHANAMTHITTA,17,Kerala,Kottayam,Anto Antony,6a932b5bcd944524379eddd6,Lok Sabha
Ettumanoor,96,KOTTAYAM,14,Kerala,Kottayam,ADV K FRANCIS GEORGE,6a932b5bcd944524379eddb8,Lok Sabha
Puthuppally,98,KOTTAYAM,14,Kerala,Kottayam,ADV K FRANCIS GEORGE,6a932b5bcd944524379eddb8,Lok Sabha
Alappuzha,104,ALAPPUZHA,15,Kerala,Alappuzha,K. C VENUGOPAL,6a932b5bcd944524379ede89,Lok Sabha
Kottayam,97,KOTTAYAM,14,Kerala,Kottayam,ADV K FRANCIS GEORGE,6a932b5bcd944524379eddb8,Lok Sabha
Kanjirappally,100,PATHANAMTHITTA,17,Kerala,Kottayam,Anto Antony,6a932b5bcd944524379eddd6,Lok Sabha
Kuttanad,106,MAVELIKKARA,16,Kerala,Alappuzha,Shri Suresh Kodikunnil,6a932b5bcd944524379edf7e,Lok Sabha
Changanassery,99,MAVELIKKARA,16,Kerala,Kottayam,Shri Suresh Kodikunnil,6a932b5bcd944524379edf7e,Lok Sabha
Ambalappuzha,105,ALAPPUZHA,15,Kerala,Alappuzha,K. C VENUGOPAL,6a932b5bcd944524379ede89,Lok Sabha
Thiruvalla,111,PATHANAMTHITTA,17,Kerala,Pathanamthitta,Anto Antony,6a932b5bcd944524379eddd6,Lok Sabha
Konni,114,PATHANAMTHITTA,17,Kerala,Pathanamthitta,Anto Antony,6a932b5bcd944524379eddd6,Lok Sabha
Ranni,112,PATHANAMTHITTA,17,Kerala,Pathanamthitta,Anto Antony,6a932b5bcd944524379eddd6,Lok Sabha
Aranmula,113,PATHANAMTHITTA,17,Kerala,Pathanamthitta,Anto Antony,6a932b5bcd944524379eddd6,Lok Sabha
Haripad,107,ALAPPUZHA,15,Kerala,Alappuzha,K. C VENUGOPAL,6a932b5bcd944524379ede89,Lok Sabha
Chengannur,110,MAVELIKKARA,16,Kerala,Alappuzha,Shri Suresh Kodikunnil,6a932b5bcd944524379edf7e,Lok Sabha
Mavelikkara (Sc),109,MAVELIKKARA,16,Kerala,Alappuzha,Shri Suresh Kodikunnil,6a932b5bcd944524379edf7e,Lok Sabha
Kayamkulam,108,ALAPPUZHA,15,Kerala,Alappuzha,K. C VENUGOPAL,6a932b5bcd944524379ede89,Lok Sabha
Adoor (Sc),115,PATHANAMTHITTA,17,Kerala,Pathanamthitta,Anto Antony,6a932b5bcd944524379eddd6,Lok Sabha
Pathanapuram,120,MAVELIKKARA,16,Kerala,Kollam,Shri Suresh Kodikunnil,6a932b5bcd944524379edf7e,Lok Sabha
Karunagappally,116,ALAPPUZHA,15,Kerala,Kollam,K. C VENUGOPAL,6a932b5bcd944524379ede89,Lok Sabha
Kunnathur (Sc),118,MAVELIKKARA,16,Kerala,Kollam,Shri Suresh Kodikunnil,6a932b5bcd944524379edf7e,Lok Sabha
Punalur,121,KOLLAM,18,Kerala,Kollam,Shri NK Premachandran,6a932b5bcd944524379edf77,Lok Sabha
Kottarakkara,119,MAVELIKKARA,16,Kerala,Kollam,Shri Suresh Kodikunnil,6a932b5bcd944524379edf7e,Lok Sabha
Chavara,117,KOLLAM,18,Kerala,Kollam,Shri NK Premachandran,6a932b5bcd944524379edf77,Lok Sabha
Kundara,123,KOLLAM,18,Kerala,Kollam,Shri NK Premachandran,6a932b5bcd944524379edf77,Lok Sabha
Kollam,124,KOLLAM,18,Kerala,Kollam,Shri NK Premachandran,6a932b5bcd944524379edf77,Lok Sabha
Chadayamangalam,122,KOLLAM,18,Kerala,Kollam,Shri NK Premachandran,6a932b5bcd944524379edf77,Lok Sabha
Eravipuram,125,KOLLAM,18,Kerala,Kollam,Shri NK Premachandran,6a932b5bcd944524379edf77,Lok Sabha
Chathannoor,126,KOLLAM,18,Kerala,Kollam,Shri NK Premachandran,6a932b5bcd944524379edf77,Lok Sabha
Varkala,127,ATTINGAL,19,Kerala,Thiruvananthapuram,Adv Adoor Prakash,6a932b5bcd944524379eddb5,Lok Sabha
Vamanapuram,131,ATTINGAL,19,Kerala,Thiruvananthapuram,Adv Adoor Prakash,6a932b5bcd944524379eddb5,Lok Sabha
Attingal (Sc),128,ATTINGAL,19,Kerala,Thiruvananthapuram,Adv Adoor Prakash,6a932b5bcd944524379eddb5,Lok Sabha
Chirayinkeezhu,129,ATTINGAL,19,Kerala,Thiruvananthapuram,Adv Adoor Prakash,6a932b5bcd944524379eddb5,Lok Sabha
Aruvikkara,136,ATTINGAL,19,Kerala,Thiruvananthapuram,Adv Adoor Prakash,6a932b5bcd944524379eddb5,Lok Sabha
Nedumangad,130,ATTINGAL,19,Kerala,Thiruvananthapuram,Adv Adoor Prakash,6a932b5bcd944524379eddb5,Lok Sabha
Kazhakoottam,132,THIRUVANANTHAPURAM,20,Kerala,Thiruvananthapuram,Dr Shashi Tharoor,6a932b5bcd944524379ede3e,Lok Sabha
Parassala,137,THIRUVANANTHAPURAM,20,Kerala,Thiruvananthapuram,Dr Shashi Tharoor,6a932b5bcd944524379ede3e,Lok Sabha
Vattiyoorkavu(Sc),133,THIRUVANANTHAPURAM,20,Kerala,Thiruvananthapuram,Dr Shashi Tharoor,6a932b5bcd944524379ede3e,Lok Sabha
Kattakkada,138,ATTINGAL,19,Kerala,Thiruvananthapuram,Adv Adoor Prakash,6a932b5bcd944524379eddb5,Lok Sabha
Thiruvananthapura,134,THIRUVANANTHAPURAM,20,Kerala,Thiruvananthapuram,Dr Shashi Tharoor,6a932b5bcd944524379ede3e,Lok Sabha
Nemom,135,THIRUVANANTHAPURAM,20,Kerala,Thiruvananthapuram,Dr Shashi Tharoor,6a932b5bcd944524379ede3e,Lok Sabha
Neyyattinkara,140,THIRUVANANTHAPURAM,20,Kerala,Thiruvananthapuram,Dr Shashi Tharoor,6a932b5bcd944524379ede3e,Lok Sabha
Kovalam,139,THIRUVANANTHAPURAM,20,Kerala,Thiruvananthapuram,Dr Shashi Tharoor,6a932b5bcd944524379ede3e,Lok Sabha
Ponneri (Sc),2,TIRUVALLUR,1,Tamil Nadu,Thiruvallur,Sasikanth Senthil,6a932b5bcd944524379edf4c,Lok Sabha
Tiruttani,3,ARAKKONAM,7,Tamil Nadu,Thiruvallur,S. Jagathrakshakan,6a932b5bcd944524379edf3c,Lok Sabha
Thiruvallur,4,TIRUVALLUR,1,Tamil Nadu,Thiruvallur,Sasikanth Senthil,6a932b5bcd944524379edf4c,Lok Sabha
Gummidipoondi,1,TIRUVALLUR,1,Tamil Nadu,Thiruvallur,Sasikanth Senthil,6a932b5bcd944524379edf4c,Lok Sabha
Poonamallee (Sc),5,TIRUVALLUR,1,Tamil Nadu,Thiruvallur,Sasikanth Senthil,6a932b5bcd944524379edf4c,Lok Sabha
Madavaram,9,TIRUVALLUR,1,Tamil Nadu,Thiruvallur,Sasikanth Senthil,6a932b5bcd944524379edf4c,Lok Sabha
Tiruvottiyur,10,CHENNAI NORTH,2,Tamil Nadu,Thiruvallur,Kalanidhi Veeraswamy,6a932b5bcd944524379ede8e,Lok Sabha
Arakkonam (Sc),38,ARAKKONAM,7,Tamil Nadu,Vellore,S. Jagathrakshakan,6a932b5bcd944524379edf3c,Lok Sabha
Katpadi,40,ARAKKONAM,7,Tamil Nadu,Vellore,S. Jagathrakshakan,6a932b5bcd944524379edf3c,Lok Sabha
Avadi,6,TIRUVALLUR,1,Tamil Nadu,Thiruvallur,Sasikanth Senthil,6a932b5bcd944524379edf4c,Lok Sabha
Sholingur,39,ARAKKONAM,7,Tamil Nadu,Vellore,S. Jagathrakshakan,6a932b5bcd944524379edf3c,Lok Sabha
Perambur,12,CHENNAI NORTH,2,Tamil Nadu,Chennai,Kalanidhi Veeraswamy,6a932b5bcd944524379ede8e,Lok Sabha
Dr.Radhakrishnan Naga,11,CHENNAI NORTH,2,Tamil Nadu,Chennai,Kalanidhi Veeraswamy,6a932b5bcd944524379ede8e,Lok Sabha
Ambattur,8,SRIPERUMBUDUR,5,Tamil Nadu,Thiruvallur,Thalikkottai Rajuthevar Baalu,6a932b5bcd944524379edfac,Lok Sabha
Kolathur,13,CHENNAI NORTH,2,Tamil Nadu,Chennai,Kalanidhi Veeraswamy,6a932b5bcd944524379ede8e,Lok Sabha
Kilvaithinankuppam(Sc,45,VELLORE,8,Tamil Nadu,Vellore,D M Kathir Anand,6a932b5bcd944524379ede20,Lok Sabha
Royapuram,17,CHENNAI NORTH,2,Tamil Nadu,Chennai,Kalanidhi Veeraswamy,6a932b5bcd944524379ede8e,Lok Sabha
Villivakkam,14,CHENNAI CENTRAL,4,Tamil Nadu,Chennai,Thiru Dayanidhi Maran,6a932b5bcd944524379edfaf,Lok Sabha
Thiru-Vi-Ka-Nagar(Sc),15,CHENNAI NORTH,2,Tamil Nadu,Chennai,Kalanidhi Veeraswamy,6a932b5bcd944524379ede8e,Lok Sabha
Maduravoyal,7,SRIPERUMBUDUR,5,Tamil Nadu,Thiruvallur,Thalikkottai Rajuthevar Baalu,6a932b5bcd944524379edfac,Lok Sabha
Harbour,18,CHENNAI CENTRAL,4,Tamil Nadu,Chennai,Thiru Dayanidhi Maran,6a932b5bcd944524379edfaf,Lok Sabha
Anna Nagar,21,CHENNAI CENTRAL,4,Tamil Nadu,Chennai,Thiru Dayanidhi Maran,6a932b5bcd944524379edfaf,Lok Sabha
Egmore (Sc),16,CHENNAI CENTRAL,4,Tamil Nadu,Chennai,Thiru Dayanidhi Maran,6a932b5bcd944524379edfaf,Lok Sabha
Gudiyattam (Sc),46,VELLORE,8,Tamil Nadu,Vellore,D M Kathir Anand,6a932b5bcd944524379ede20,Lok Sabha
Virugampakkam,22,CHENNAI SOUTH,3,Tamil Nadu,Chennai,T Sumathy (A) Thamizhachi Thangapandian,6a932b5bcd944524379edfa8,Lok Sabha
Chepauk-Thiruvalliken,19,CHENNAI CENTRAL,4,Tamil Nadu,Chennai,Thiru Dayanidhi Maran,6a932b5bcd944524379edfaf,Lok Sabha
Thousand Lights,20,CHENNAI CENTRAL,4,Tamil Nadu,Chennai,Thiru Dayanidhi Maran,6a932b5bcd944524379edfaf,Lok Sabha
Sriperumbudur (Sc),29,SRIPERUMBUDUR,5,Tamil Nadu,Kancheepuram,Thalikkottai Rajuthevar Baalu,6a932b5bcd944524379edfac,Lok Sabha
Thiyagarayanagar,24,CHENNAI SOUTH,3,Tamil Nadu,Chennai,T Sumathy (A) Thamizhachi Thangapandian,6a932b5bcd944524379edfa8,Lok Sabha
Alandur,28,SRIPERUMBUDUR,5,Tamil Nadu,Kancheepuram,Thalikkottai Rajuthevar Baalu,6a932b5bcd944524379edfac,Lok Sabha
Ranipet,41,ARAKKONAM,7,Tamil Nadu,Vellore,S. Jagathrakshakan,6a932b5bcd944524379edf3c,Lok Sabha
Mylapore,25,CHENNAI SOUTH,3,Tamil Nadu,Chennai,T Sumathy (A) Thamizhachi Thangapandian,6a932b5bcd944524379edfa8,Lok Sabha
Saidapet,23,CHENNAI SOUTH,3,Tamil Nadu,Chennai,T Sumathy (A) Thamizhachi Thangapandian,6a932b5bcd944524379edfa8,Lok Sabha
Velachery,26,CHENNAI SOUTH,3,Tamil Nadu,Chennai,T Sumathy (A) Thamizhachi Thangapandian,6a932b5bcd944524379edfa8,Lok Sabha
Kancheepuram,37,KANCHEEPURAM,6,Tamil Nadu,Kancheepuram,Ganesan Selvam,6a932b5bcd944524379ede5d,Lok Sabha
Pallavaram,30,SRIPERUMBUDUR,5,Tamil Nadu,Kancheepuram,Thalikkottai Rajuthevar Baalu,6a932b5bcd944524379edfac,Lok Sabha
Shozhinganallur,27,CHENNAI SOUTH,3,Tamil Nadu,Kancheepuram,T Sumathy (A) Thamizhachi Thangapandian,6a932b5bcd944524379edfa8,Lok Sabha
Vellore,43,VELLORE,8,Tamil Nadu,Vellore,D M Kathir Anand,6a932b5bcd944524379ede20,Lok Sabha
Anaikattu,44,VELLORE,8,Tamil Nadu,Vellore,D M Kathir Anand,6a932b5bcd944524379ede20,Lok Sabha
Tambaram,31,SRIPERUMBUDUR,5,Tamil Nadu,Kancheepuram,Thalikkottai Rajuthevar Baalu,6a932b5bcd944524379edfac,Lok Sabha
Hosur,55,KRISHNAGIRI,9,Tamil Nadu,Krishnagiri,GOPINATH K,6a932b5bcd944524379ede65,Lok Sabha
Arcot,42,ARAKKONAM,7,Tamil Nadu,Vellore,S. Jagathrakshakan,6a932b5bcd944524379edf3c,Lok Sabha
Ambur,48,VELLORE,8,Tamil Nadu,Vellore,D M Kathir Anand,6a932b5bcd944524379ede20,Lok Sabha
Chengalpattu,32,KANCHEEPURAM,6,Tamil Nadu,Kancheepuram,Ganesan Selvam,6a932b5bcd944524379ede5d,Lok Sabha
Veppanahalli,54,KRISHNAGIRI,9,Tamil Nadu,Krishnagiri,GOPINATH K,6a932b5bcd944524379ede65,Lok Sabha
Cheyyar,68,ARANI,12,Tamil Nadu,Tiruvannamalai,THARANIVENTHAN M S,6a932b5bcd944524379edfae,Lok Sabha
Thiruporur,33,KANCHEEPURAM,6,Tamil Nadu,Kancheepuram,Ganesan Selvam,6a932b5bcd944524379ede5d,Lok Sabha
Uthiramerur,36,KANCHEEPURAM,6,Tamil Nadu,Kancheepuram,Ganesan Selvam,6a932b5bcd944524379ede5d,Lok Sabha
Arani,67,ARANI,12,Tamil Nadu,Tiruvannamalai,THARANIVENTHAN M S,6a932b5bcd944524379edfae,Lok Sabha
Vaniyambadi,47,VELLORE,8,Tamil Nadu,Vellore,D M Kathir Anand,6a932b5bcd944524379ede20,Lok Sabha
Kalasapakkam,65,TIRUVANNAMALAI,11,Tamil Nadu,Tiruvannamalai,CN Annadurai,6a932b5bcd944524379ede1f,Lok Sabha
Thalli,56,KRISHNAGIRI,9,Tamil Nadu,Krishnagiri,GOPINATH K,6a932b5bcd944524379ede65,Lok Sabha
Polur,66,ARANI,12,Tamil Nadu,Tiruvannamalai,THARANIVENTHAN M S,6a932b5bcd944524379edfae,Lok Sabha
Madurantakam (Sc),35,KANCHEEPURAM,6,Tamil Nadu,Kancheepuram,Ganesan Selvam,6a932b5bcd944524379ede5d,Lok Sabha
Bargur,52,KRISHNAGIRI,9,Tamil Nadu,Krishnagiri,GOPINATH K,6a932b5bcd944524379ede65,Lok Sabha
Jolarpet,49,TIRUVANNAMALAI,11,Tamil Nadu,Vellore,CN Annadurai,6a932b5bcd944524379ede1f,Lok Sabha
Tiruppattur,50,TIRUVANNAMALAI,11,Tamil Nadu,Vellore,CN Annadurai,6a932b5bcd944524379ede1f,Lok Sabha
Krishnagiri,53,KRISHNAGIRI,9,Tamil Nadu,Krishnagiri,GOPINATH K,6a932b5bcd944524379ede65,Lok Sabha
Vandavasi (Sc),69,ARANI,12,Tamil Nadu,Tiruvannamalai,THARANIVENTHAN M S,6a932b5bcd944524379edfae,Lok Sabha
Chengam (Sc),62,TIRUVANNAMALAI,11,Tamil Nadu,Tiruvannamalai,CN Annadurai,6a932b5bcd944524379ede1f,Lok Sabha
Cheyyur (Sc),34,KANCHEEPURAM,6,Tamil Nadu,Kancheepuram,Ganesan Selvam,6a932b5bcd944524379ede5d,Lok Sabha
Palacodu,57,DHAR,10,Madhya Pradesh,Dharmapuri,SAVITRI THAKUR,6a932b5bcd944524379edf4f,Lok Sabha
Uthangarai (Sc),51,KRISHNAGIRI,9,Tamil Nadu,Krishnagiri,GOPINATH K,6a932b5bcd944524379ede65,Lok Sabha
Vandavasi (Sc),70,ARANI,12,Tamil Nadu,Viluppuram,THARANIVENTHAN M S,6a932b5bcd944524379edfae,Lok Sabha
Kilpennathur,64,TIRUVANNAMALAI,11,Tamil Nadu,Tiruvannamalai,CN Annadurai,6a932b5bcd944524379ede1f,Lok Sabha
Mailam,71,ARANI,12,Tamil Nadu,Viluppuram,THARANIVENTHAN M S,6a932b5bcd944524379edfae,Lok Sabha
Pennagaram,58,DHAR,10,Madhya Pradesh,Dharmapuri,SAVITRI THAKUR,6a932b5bcd944524379edf4f,Lok Sabha
Tindivanam (Sc),72,VILUPPURAM,13,Tamil Nadu,Viluppuram,D Ravikumar,6a932b5bcd944524379ede21,Lok Sabha
Tiruvannamalai,63,TIRUVANNAMALAI,11,Tamil Nadu,Tiruvannamalai,CN Annadurai,6a932b5bcd944524379ede1f,Lok Sabha
Harur (Sc),61,DHAR,10,Madhya Pradesh,Dharmapuri,SAVITRI THAKUR,6a932b5bcd944524379edf4f,Lok Sabha
Pappireddippatti,60,DHAR,10,Madhya Pradesh,Dharmapuri,SAVITRI THAKUR,6a932b5bcd944524379edf4f,Lok Sabha
Dharmapuri,59,DHAR,10,Madhya Pradesh,Dharmapuri,SAVITRI THAKUR,6a932b5bcd944524379edf4f,Lok Sabha
Vanur (Sc),73,VILUPPURAM,13,Tamil Nadu,Viluppuram,D Ravikumar,6a932b5bcd944524379ede21,Lok Sabha
Vikravandi,75,VILUPPURAM,13,Tamil Nadu,Viluppuram,D Ravikumar,6a932b5bcd944524379ede21,Lok Sabha
Tirukkoyilur,76,VILUPPURAM,13,Tamil Nadu,Viluppuram,D Ravikumar,6a932b5bcd944524379ede21,Lok Sabha
Rishivandiyam,78,KALLAKURICHI,14,Tamil Nadu,Viluppuram,MALAIYARASAN D,6a932b5bcd944524379edebf,Lok Sabha
Sankarapuram,79,KALLAKURICHI,14,Tamil Nadu,Viluppuram,MALAIYARASAN D,6a932b5bcd944524379edebf,Lok Sabha
Omalur,84,SALEM,15,Tamil Nadu,Salem,SELVAGANAPATHI T M,6a932b5bcd944524379edf52,Lok Sabha
Anthiyur,105,TIRUPPUR,18,Tamil Nadu,Erode,K Subbarayan,6a932b5bcd944524379ede88,Lok Sabha
Mettur,85,DHAR,10,Madhya Pradesh,Salem,SAVITRI THAKUR,6a932b5bcd944524379edf4f,Lok Sabha
Viluppuram,74,VILUPPURAM,13,Tamil Nadu,Viluppuram,D Ravikumar,6a932b5bcd944524379ede21,Lok Sabha
Yercaud (St),83,KALLAKURICHI,14,Tamil Nadu,Salem,MALAIYARASAN D,6a932b5bcd944524379edebf,Lok Sabha
Ulundurpettai,77,VILUPPURAM,13,Tamil Nadu,Viluppuram,D Ravikumar,6a932b5bcd944524379ede21,Lok Sabha
Cuddalore,155,CUDDALORE,26,Tamil Nadu,Cuddalore,M.K. VISHNUPRASAD,6a932b5bcd944524379edeb5,Lok Sabha
Bhavanisagar,107,NILGIRIS,19,Tamil Nadu,Erode,Andimuthu Raja,6a932b5bcd944524379eddcd,Lok Sabha
Panruti,154,CUDDALORE,26,Tamil Nadu,Cuddalore,M.K. VISHNUPRASAD,6a932b5bcd944524379edeb5,Lok Sabha
Edappadi,86,SALEM,15,Tamil Nadu,Salem,SELVAGANAPATHI T M,6a932b5bcd944524379edf52,Lok Sabha
Kallakurichi (Sc),80,KALLAKURICHI,14,Tamil Nadu,Viluppuram,MALAIYARASAN D,6a932b5bcd944524379edebf,Lok Sabha
Attur(Sc),82,KALLAKURICHI,14,Tamil Nadu,Salem,MALAIYARASAN D,6a932b5bcd944524379edebf,Lok Sabha
Gudalur (Sc),109,NILGIRIS,19,Tamil Nadu,The Nilgiris,Andimuthu Raja,6a932b5bcd944524379eddcd,Lok Sabha
Neyveli,153,CUDDALORE,26,Tamil Nadu,Cuddalore,M.K. VISHNUPRASAD,6a932b5bcd944524379edeb5,Lok Sabha
Salem (West),88,SALEM,15,Tamil Nadu,Salem,SELVAGANAPATHI T M,6a932b5bcd944524379edf52,Lok Sabha
Kurinjipadi,156,CUDDALORE,26,Tamil Nadu,Cuddalore,M.K. VISHNUPRASAD,6a932b5bcd944524379edeb5,Lok Sabha
Salem (North),89,SALEM,15,Tamil Nadu,Salem,SELVAGANAPATHI T M,6a932b5bcd944524379edf52,Lok Sabha
Sankari,87,NAMAKKAL,16,Tamil Nadu,Salem,V S Matheswaran,6a932b5bcd944524379edfb6,Lok Sabha
Bhavani,104,TIRUPPUR,18,Tamil Nadu,Erode,K Subbarayan,6a932b5bcd944524379ede88,Lok Sabha
Veerapandi,91,SALEM,15,Tamil Nadu,Salem,SELVAGANAPATHI T M,6a932b5bcd944524379edf52,Lok Sabha
Gangavalli (Sc),81,KALLAKURICHI,14,Tamil Nadu,Salem,MALAIYARASAN D,6a932b5bcd944524379edebf,Lok Sabha
Salem (South),90,SALEM,15,Tamil Nadu,Salem,SELVAGANAPATHI T M,6a932b5bcd944524379edf52,Lok Sabha
Udhagamandalam,108,NILGIRIS,19,Tamil Nadu,The Nilgiris,Andimuthu Raja,6a932b5bcd944524379eddcd,Lok Sabha
Vriddhachalam,152,CUDDALORE,26,Tamil Nadu,Cuddalore,M.K. VISHNUPRASAD,6a932b5bcd944524379edeb5,Lok Sabha
Coonoor,110,NILGIRIS,19,Tamil Nadu,The Nilgiris,Andimuthu Raja,6a932b5bcd944524379eddcd,Lok Sabha
Rasipuram (Sc),92,NAMAKKAL,16,Tamil Nadu,Namakkal,V S Matheswaran,6a932b5bcd944524379edfb6,Lok Sabha
Gobichettipalayam,106,TIRUPPUR,18,Tamil Nadu,Erode,K Subbarayan,6a932b5bcd944524379ede88,Lok Sabha
Tittakudi (Sc),151,CUDDALORE,26,Tamil Nadu,Cuddalore,M.K. VISHNUPRASAD,6a932b5bcd944524379edeb5,Lok Sabha
Bhuvanagiri,157,CHIDAMBARAM,27,Tamil Nadu,Cuddalore,Thirumaa Valavan Thol,6a932b5bcd944524379edfb0,Lok Sabha
Chidambaram,158,CHIDAMBARAM,27,Tamil Nadu,Cuddalore,Thirumaa Valavan Thol,6a932b5bcd944524379edfb0,Lok Sabha
Tiruchengodu,96,NAMAKKAL,16,Tamil Nadu,Namakkal,V S Matheswaran,6a932b5bcd944524379edfb6,Lok Sabha
Perambalur (Sc),147,PERAMBALUR,25,Tamil Nadu,Perambalur,ARUN NEHRU,6a932b5bcd944524379edddd,Lok Sabha
Kumarapalayam,97,ERODE,17,Tamil Nadu,Namakkal,K E PRAKASH,6a932b5bcd944524379ede86,Lok Sabha
Senthamangalam(St),93,NAMAKKAL,16,Tamil Nadu,Namakkal,V S Matheswaran,6a932b5bcd944524379edfb6,Lok Sabha
Erode (West),99,ERODE,17,Tamil Nadu,Erode,K E PRAKASH,6a932b5bcd944524379ede86,Lok Sabha
Mettuppalayam,111,NILGIRIS,19,Tamil Nadu,Coimbatore,Andimuthu Raja,6a932b5bcd944524379eddcd,Lok Sabha
Kattumannarkoil(Sc),159,CHIDAMBARAM,27,Tamil Nadu,Cuddalore,Thirumaa Valavan Thol,6a932b5bcd944524379edfb0,Lok Sabha
Perundurai,103,TIRUPPUR,18,Tamil Nadu,Erode,K Subbarayan,6a932b5bcd944524379ede88,Lok Sabha
Namakkal,94,NAMAKKAL,16,Tamil Nadu,Namakkal,V S Matheswaran,6a932b5bcd944524379edfb6,Lok Sabha
Paramathi-Velur,95,NAMAKKAL,16,Tamil Nadu,Namakkal,V S Matheswaran,6a932b5bcd944524379edfb6,Lok Sabha
Erode (East),98,ERODE,17,Tamil Nadu,Erode,K E PRAKASH,6a932b5bcd944524379ede86,Lok Sabha
Thuraiyur (Sc),146,PERAMBALUR,25,Tamil Nadu,Tiruchirappalli,ARUN NEHRU,6a932b5bcd944524379edddd,Lok Sabha
Jayankondam,150,CHIDAMBARAM,27,Tamil Nadu,Perambalur,Thirumaa Valavan Thol,6a932b5bcd944524379edfb0,Lok Sabha
Sirkazhi (Sc),160,MAYILADUTHURAI,28,Tamil Nadu,Nagapattinam,SUDHA R,6a932b5bcd944524379edf9a,Lok Sabha
Kunnam,148,CHIDAMBARAM,27,Tamil Nadu,Perambalur,Thirumaa Valavan Thol,6a932b5bcd944524379edfb0,Lok Sabha
Avanashi (Sc),112,NILGIRIS,19,Tamil Nadu,Coimbatore,Andimuthu Raja,6a932b5bcd944524379eddcd,Lok Sabha
Tiruppur (North),113,TIRUPPUR,18,Tamil Nadu,Coimbatore,K Subbarayan,6a932b5bcd944524379ede88,Lok Sabha
Modakkurichi,100,ERODE,17,Tamil Nadu,Erode,K E PRAKASH,6a932b5bcd944524379ede86,Lok Sabha
Ariyalur,149,CHIDAMBARAM,27,Tamil Nadu,Perambalur,Thirumaa Valavan Thol,6a932b5bcd944524379edfb0,Lok Sabha
Kavundampalayam,117,COIMBATORE,20,Tamil Nadu,Coimbatore,GANAPATHY RAJKUMAR P,6a932b5bcd944524379ede5c,Lok Sabha
Sulur,116,COIMBATORE,20,Tamil Nadu,Coimbatore,GANAPATHY RAJKUMAR P,6a932b5bcd944524379ede5c,Lok Sabha
Kangayam,102,ERODE,17,Tamil Nadu,Erode,K E PRAKASH,6a932b5bcd944524379ede86,Lok Sabha
Mayiladuthurai,161,MAYILADUTHURAI,28,Tamil Nadu,Nagapattinam,SUDHA R,6a932b5bcd944524379edf9a,Lok Sabha
Musiri,145,PERAMBALUR,25,Tamil Nadu,Tiruchirappalli,ARUN NEHRU,6a932b5bcd944524379edddd,Lok Sabha
Tiruppur (South),114,TIRUPPUR,18,Tamil Nadu,Coimbatore,K Subbarayan,6a932b5bcd944524379ede88,Lok Sabha
Thiruvidaimarudur,170,MAYILADUTHURAI,28,Tamil Nadu,Thanjavur,SUDHA R,6a932b5bcd944524379edf9a,Lok Sabha
Palladam,115,COIMBATORE,20,Tamil Nadu,Coimbatore,GANAPATHY RAJKUMAR P,6a932b5bcd944524379ede5c,Lok Sabha
Poompuhar,162,MAYILADUTHURAI,28,Tamil Nadu,Nagapattinam,SUDHA R,6a932b5bcd944524379edf9a,Lok Sabha
Manachanallur,144,PERAMBALUR,25,Tamil Nadu,Tiruchirappalli,ARUN NEHRU,6a932b5bcd944524379edddd,Lok Sabha
Aravakurichi,134,KARUR,23,Tamil Nadu,Karur,Smt S Jothimani,6a932b5bcd944524379edf91,Lok Sabha
Thondamuthur,119,POLLACHI,21,Tamil Nadu,Coimbatore,ESWARASAMY K,6a932b5bcd944524379ede56,Lok Sabha
Coimbatore(North),118,COIMBATORE,20,Tamil Nadu,Coimbatore,GANAPATHY RAJKUMAR P,6a932b5bcd944524379ede5c,Lok Sabha
Lalgudi,143,PERAMBALUR,25,Tamil Nadu,Tiruchirappalli,ARUN NEHRU,6a932b5bcd944524379edddd,Lok Sabha
Singanallur,121,COIMBATORE,20,Tamil Nadu,Coimbatore,GANAPATHY RAJKUMAR P,6a932b5bcd944524379ede5c,Lok Sabha
Karur,135,KARUR,23,Tamil Nadu,Karur,Smt S Jothimani,6a932b5bcd944524379edf91,Lok Sabha
Coimbatore(South),120,COIMBATORE,20,Tamil Nadu,Coimbatore,GANAPATHY RAJKUMAR P,6a932b5bcd944524379ede5c,Lok Sabha
Kumbakonam,171,MAYILADUTHURAI,28,Tamil Nadu,Thanjavur,SUDHA R,6a932b5bcd944524379edf9a,Lok Sabha
Kinathukadavu,122,POLLACHI,21,Tamil Nadu,Coimbatore,ESWARASAMY K,6a932b5bcd944524379ede56,Lok Sabha
Papanasam,172,MAYILADUTHURAI,28,Tamil Nadu,Thanjavur,SUDHA R,6a932b5bcd944524379edf9a,Lok Sabha
Krishnarayapuram(Sc),136,KARUR,23,Tamil Nadu,Karur,Smt S Jothimani,6a932b5bcd944524379edf91,Lok Sabha
Kulithalai,137,PERAMBALUR,25,Tamil Nadu,Karur,ARUN NEHRU,6a932b5bcd944524379edddd,Lok Sabha
Dharapuram (Sc),101,ERODE,17,Tamil Nadu,Erode,K E PRAKASH,6a932b5bcd944524379ede86,Lok Sabha
Pollachi,123,POLLACHI,21,Tamil Nadu,Coimbatore,ESWARASAMY K,6a932b5bcd944524379ede56,Lok Sabha
Srirangam,139,TIRUCHIRAPPALLI,24,Tamil Nadu,Tiruchirappalli,DURAI VAIKO,6a932b5bcd944524379ede50,Lok Sabha
Thiruvaiyaru,173,THANJAVUR,30,Tamil Nadu,Thanjavur,MURASOLI S,6a932b5bcd944524379ededa,Lok Sabha
Nagapattinam,163,NAGAPATTINAM,29,Tamil Nadu,Nagapattinam,SELVARAJ V,6a932b5bcd944524379edf53,Lok Sabha
Tiruchirappalli,141,TIRUCHIRAPPALLI,24,Tamil Nadu,Tiruchirappalli,DURAI VAIKO,6a932b5bcd944524379ede50,Lok Sabha
Vedasandur,133,KARUR,23,Tamil Nadu,Dindigul,Smt S Jothimani,6a932b5bcd944524379edf91,Lok Sabha
Udumalaipettai,125,POLLACHI,21,Tamil Nadu,Coimbatore,ESWARASAMY K,6a932b5bcd944524379ede56,Lok Sabha
Tiruchirappalli,140,TIRUCHIRAPPALLI,24,Tamil Nadu,Tiruchirappalli,DURAI VAIKO,6a932b5bcd944524379ede50,Lok Sabha
Thiruverumbur,142,TIRUCHIRAPPALLI,24,Tamil Nadu,Tiruchirappalli,DURAI VAIKO,6a932b5bcd944524379ede50,Lok Sabha
Thiruvarur,168,NAGAPATTINAM,29,Tamil Nadu,Thiruvarur,SELVARAJ V,6a932b5bcd944524379edf53,Lok Sabha
Kilvelur (Sc),164,NAGAPATTINAM,29,Tamil Nadu,Nagapattinam,SELVARAJ V,6a932b5bcd944524379edf53,Lok Sabha
Thanjavur,174,THANJAVUR,30,Tamil Nadu,Thanjavur,MURASOLI S,6a932b5bcd944524379ededa,Lok Sabha
Mannargudi,167,THANJAVUR,30,Tamil Nadu,Thiruvarur,MURASOLI S,6a932b5bcd944524379ededa,Lok Sabha
Orathanadu,175,THANJAVUR,30,Tamil Nadu,Thanjavur,MURASOLI S,6a932b5bcd944524379ededa,Lok Sabha
Oddanchatram,128,DINDIGUL,22,Tamil Nadu,Dindigul,SACHITHANANTHAM R,6a932b5bcd944524379edf3d,Lok Sabha
Manapparai,138,KARUR,23,Tamil Nadu,Tiruchirappalli,Smt S Jothimani,6a932b5bcd944524379edf91,Lok Sabha
Viralimalai,179,KARUR,23,Tamil Nadu,Pudukkottai,Smt S Jothimani,6a932b5bcd944524379edf91,Lok Sabha
Madathukulam,126,POLLACHI,21,Tamil Nadu,Coimbatore,ESWARASAMY K,6a932b5bcd944524379ede56,Lok Sabha
Valparai (Sc),124,POLLACHI,21,Tamil Nadu,Coimbatore,ESWARASAMY K,6a932b5bcd944524379ede56,Lok Sabha
Gandharvakottai(Sc),178,TIRUCHIRAPPALLI,24,Tamil Nadu,Pudukkottai,DURAI VAIKO,6a932b5bcd944524379ede50,Lok Sabha
Thiruthuraipoondi(Sc),166,NAGAPATTINAM,29,Tamil Nadu,Thiruvarur,SELVARAJ V,6a932b5bcd944524379edf53,Lok Sabha
Vedaranyam,165,NAGAPATTINAM,29,Tamil Nadu,Nagapattinam,SELVARAJ V,6a932b5bcd944524379edf53,Lok Sabha
Pudukkottai,180,TIRUCHIRAPPALLI,24,Tamil Nadu,Pudukkottai,DURAI VAIKO,6a932b5bcd944524379ede50,Lok Sabha
Palani,127,DINDIGUL,22,Tamil Nadu,Dindigul,SACHITHANANTHAM R,6a932b5bcd944524379edf3d,Lok Sabha
Athoor,129,DINDIGUL,22,Tamil Nadu,Dindigul,SACHITHANANTHAM R,6a932b5bcd944524379edf3d,Lok Sabha
Pattukkottai,176,THANJAVUR,30,Tamil Nadu,Thanjavur,MURASOLI S,6a932b5bcd944524379ededa,Lok Sabha
Peravurani,177,THANJAVUR,30,Tamil Nadu,Thanjavur,MURASOLI S,6a932b5bcd944524379ededa,Lok Sabha
Natham,131,DINDIGUL,22,Tamil Nadu,Dindigul,SACHITHANANTHAM R,6a932b5bcd944524379edf3d,Lok Sabha
Dindigul,132,DINDIGUL,22,Tamil Nadu,Dindigul,SACHITHANANTHAM R,6a932b5bcd944524379edf3d,Lok Sabha
Thirumayam,181,SIVAGANGA,31,Tamil Nadu,Pudukkottai,Shri Karti P Chidambaram,6a932b5bcd944524379edf72,Lok Sabha
Tiruppattur,185,SIVAGANGA,31,Tamil Nadu,Sivaganga,Shri Karti P Chidambaram,6a932b5bcd944524379edf72,Lok Sabha
Alangudi,182,SIVAGANGA,31,Tamil Nadu,Pudukkottai,Shri Karti P Chidambaram,6a932b5bcd944524379edf72,Lok Sabha
Melur,188,MADURAI,32,Tamil Nadu,Madurai,S Venkatesan,6a932b5bcd944524379edf3b,Lok Sabha
Nilakkottai (Sc),130,DINDIGUL,22,Tamil Nadu,Dindigul,SACHITHANANTHAM R,6a932b5bcd944524379edf3d,Lok Sabha
Periyakulam,199,THENI,33,Tamil Nadu,Theni,THANGA TAMILSELVAN,6a932b5bcd944524379edfad,Lok Sabha
Aranthangi,183,RAMANATHAPURAM,35,Tamil Nadu,Pudukkottai,Kani K Navas,6a932b5bcd944524379ede99,Lok Sabha
Bodinayakanur,200,THENI,33,Tamil Nadu,Theni,THANGA TAMILSELVAN,6a932b5bcd944524379edfad,Lok Sabha
Sholavandan(Sc),190,THENI,33,Tamil Nadu,Madurai,THANGA TAMILSELVAN,6a932b5bcd944524379edfad,Lok Sabha
Karaikudi,184,SIVAGANGA,31,Tamil Nadu,Sivaganga,Shri Karti P Chidambaram,6a932b5bcd944524379edf72,Lok Sabha
Andipatti,198,THENI,33,Tamil Nadu,Theni,THANGA TAMILSELVAN,6a932b5bcd944524379edfad,Lok Sabha
Madurai East,189,MADURAI,32,Tamil Nadu,Madurai,S Venkatesan,6a932b5bcd944524379edf3b,Lok Sabha
Usilampatti,197,THENI,33,Tamil Nadu,Madurai,THANGA TAMILSELVAN,6a932b5bcd944524379edfad,Lok Sabha
Sivaganga,186,SIVAGANGA,31,Tamil Nadu,Sivaganga,Shri Karti P Chidambaram,6a932b5bcd944524379edf72,Lok Sabha
Madurai West,194,MADURAI,32,Tamil Nadu,Madurai,S Venkatesan,6a932b5bcd944524379edf3b,Lok Sabha
Cumbum,201,THENI,33,Tamil Nadu,Theni,THANGA TAMILSELVAN,6a932b5bcd944524379edfad,Lok Sabha
Thirumangalam,196,VIRUDHUNAGAR,34,Tamil Nadu,Madurai,Manickam Tagore B,6a932b5bcd944524379edec3,Lok Sabha
Madurai North,191,MADURAI,32,Tamil Nadu,Madurai,S Venkatesan,6a932b5bcd944524379edf3b,Lok Sabha
Thiruparankundram,195,VIRUDHUNAGAR,34,Tamil Nadu,Madurai,Manickam Tagore B,6a932b5bcd944524379edec3,Lok Sabha
Madurai Central,193,MADURAI,32,Tamil Nadu,Madurai,S Venkatesan,6a932b5bcd944524379edf3b,Lok Sabha
Madurai South,192,MADURAI,32,Tamil Nadu,Madurai,S Venkatesan,6a932b5bcd944524379edf3b,Lok Sabha
Tiruvadanai,210,RAMANATHAPURAM,35,Tamil Nadu,Ramanathapuram,Kani K Navas,6a932b5bcd944524379ede99,Lok Sabha
Manamadurai(Sc),187,SIVAGANGA,31,Tamil Nadu,Sivaganga,Shri Karti P Chidambaram,6a932b5bcd944524379edf72,Lok Sabha
Tiruchuli,208,RAMANATHAPURAM,35,Tamil Nadu,Virudhunagar,Kani K Navas,6a932b5bcd944524379ede99,Lok Sabha
Srivilliputhur(Sc),203,TENKASI,37,Tamil Nadu,Virudhunagar,DR RANI SRI KUMAR,6a932b5bcd944524379ede3d,Lok Sabha
Virudhunagar,206,VIRUDHUNAGAR,34,Tamil Nadu,Virudhunagar,Manickam Tagore B,6a932b5bcd944524379edec3,Lok Sabha
Paramakudi (Sc),209,RAMANATHAPURAM,35,Tamil Nadu,Ramanathapuram,Kani K Navas,6a932b5bcd944524379ede99,Lok Sabha
Aruppukkottai,207,VIRUDHUNAGAR,34,Tamil Nadu,Virudhunagar,Manickam Tagore B,6a932b5bcd944524379edec3,Lok Sabha
Sivakasi,205,VIRUDHUNAGAR,34,Tamil Nadu,Virudhunagar,Manickam Tagore B,6a932b5bcd944524379edec3,Lok Sabha
Rajapalayam,202,TENKASI,37,Tamil Nadu,Virudhunagar,DR RANI SRI KUMAR,6a932b5bcd944524379ede3d,Lok Sabha
Mudhukulathur,212,RAMANATHAPURAM,35,Tamil Nadu,Ramanathapuram,Kani K Navas,6a932b5bcd944524379ede99,Lok Sabha
Sattur,204,VIRUDHUNAGAR,34,Tamil Nadu,Virudhunagar,Manickam Tagore B,6a932b5bcd944524379edec3,Lok Sabha
Vasudevanallur(Sc),220,TENKASI,37,Tamil Nadu,Tirunelveli,DR RANI SRI KUMAR,6a932b5bcd944524379ede3d,Lok Sabha
Ramanathapuram,211,RAMANATHAPURAM,35,Tamil Nadu,Ramanathapuram,Kani K Navas,6a932b5bcd944524379ede99,Lok Sabha
Vilathikulam,213,THOOTHUKKUDI,36,Tamil Nadu,Thoothukkudi,Kanimozhi Karunanidhi,6a932b5bcd944524379ede9a,Lok Sabha
Sankarankovil(Sc),219,TENKASI,37,Tamil Nadu,Tirunelveli,DR RANI SRI KUMAR,6a932b5bcd944524379ede3d,Lok Sabha
Kovilpatti,218,THOOTHUKKUDI,36,Tamil Nadu,Thoothukkudi,Kanimozhi Karunanidhi,6a932b5bcd944524379ede9a,Lok Sabha
Kadayanallur,221,TENKASI,37,Tamil Nadu,Tirunelveli,DR RANI SRI KUMAR,6a932b5bcd944524379ede3d,Lok Sabha
Tenkasi,222,TENKASI,37,Tamil Nadu,Tirunelveli,DR RANI SRI KUMAR,6a932b5bcd944524379ede3d,Lok Sabha
Ottapidaram(Sc),217,THOOTHUKKUDI,36,Tamil Nadu,Thoothukkudi,Kanimozhi Karunanidhi,6a932b5bcd944524379ede9a,Lok Sabha
Tirunelveli,224,TIRUNELVELI,38,Tamil Nadu,Tirunelveli,ROBERT BRUCE C,6a932b5bcd944524379edf35,Lok Sabha
Alangulam,223,TENKASI,37,Tamil Nadu,Tirunelveli,DR RANI SRI KUMAR,6a932b5bcd944524379ede3d,Lok Sabha
Ambasamudram,225,TIRUNELVELI,38,Tamil Nadu,Tirunelveli,ROBERT BRUCE C,6a932b5bcd944524379edf35,Lok Sabha
Nanguneri,227,TIRUNELVELI,38,Tamil Nadu,Tirunelveli,ROBERT BRUCE C,6a932b5bcd944524379edf35,Lok Sabha
Thoothukkudi,214,THOOTHUKKUDI,36,Tamil Nadu,Thoothukkudi,Kanimozhi Karunanidhi,6a932b5bcd944524379ede9a,Lok Sabha
Palayamkottai,226,TIRUNELVELI,38,Tamil Nadu,Tirunelveli,ROBERT BRUCE C,6a932b5bcd944524379edf35,Lok Sabha
Srivaikuntam,216,THOOTHUKKUDI,36,Tamil Nadu,Thoothukkudi,Kanimozhi Karunanidhi,6a932b5bcd944524379ede9a,Lok Sabha
Tiruchendur,215,THOOTHUKKUDI,36,Tamil Nadu,Thoothukkudi,Kanimozhi Karunanidhi,6a932b5bcd944524379ede9a,Lok Sabha
Vilavancode,233,KANNIYAKUMARI,39,Tamil Nadu,Kanniyakumari,Shri vijayakumar Vasanth,6a932b5bcd944524379edf80,Lok Sabha
Padmanabhapuram,232,KANNIYAKUMARI,39,Tamil Nadu,Kanniyakumari,Shri vijayakumar Vasanth,6a932b5bcd944524379edf80,Lok Sabha
Kanniyakumari,229,KANNIYAKUMARI,39,Tamil Nadu,Kanniyakumari,Shri vijayakumar Vasanth,6a932b5bcd944524379edf80,Lok Sabha
Radhapuram,228,TIRUNELVELI,38,Tamil Nadu,Tirunelveli,ROBERT BRUCE C,6a932b5bcd944524379edf35,Lok Sabha
Killiyoor,234,KANNIYAKUMARI,39,Tamil Nadu,Kanniyakumari,Shri vijayakumar Vasanth,6a932b5bcd944524379edf80,Lok Sabha
Colachel,231,KANNIYAKUMARI,39,Tamil Nadu,Kanniyakumari,Shri vijayakumar Vasanth,6a932b5bcd944524379edf80,Lok Sabha
Nagercoil,230,KANNIYAKUMARI,39,Tamil Nadu,Kanniyakumari,Shri vijayakumar Vasanth,6a932b5bcd944524379edf80,Lok Sabha
Mekliganj (Sc),1,JALPAIGURI,3,West Bengal,Koch Bihar,Dr Jayanta Kumar Roy,6a932b5bcd944524379ede39,Lok Sabha
Mathabhanga (Sc),2,COOCHBEHAR,1,West Bengal,Koch Bihar,JAGADISH CHANDRA BARMA BASUNIA,6a932b5bcd944524379ede74,Lok Sabha
Coochbehar Uttar (Sc),3,COOCHBEHAR,1,West Bengal,Koch Bihar,JAGADISH CHANDRA BARMA BASUNIA,6a932b5bcd944524379ede74,Lok Sabha
Coochbehar Dakshin,4,COOCHBEHAR,1,West Bengal,Koch Bihar,JAGADISH CHANDRA BARMA BASUNIA,6a932b5bcd944524379ede74,Lok Sabha
Sitalkuchi (Sc),5,COOCHBEHAR,1,West Bengal,Koch Bihar,JAGADISH CHANDRA BARMA BASUNIA,6a932b5bcd944524379ede74,Lok Sabha
Sitai (Sc),6,COOCHBEHAR,1,West Bengal,Koch Bihar,JAGADISH CHANDRA BARMA BASUNIA,6a932b5bcd944524379ede74,Lok Sabha
Dinhata,7,COOCHBEHAR,1,West Bengal,Koch Bihar,JAGADISH CHANDRA BARMA BASUNIA,6a932b5bcd944524379ede74,Lok Sabha
Natabari,8,COOCHBEHAR,1,West Bengal,Koch Bihar,JAGADISH CHANDRA BARMA BASUNIA,6a932b5bcd944524379ede74,Lok Sabha
Tufanganj,9,ALIPURDUARS,2,West Bengal,Koch Bihar,MANOJ TIGGA,6a932b5bcd944524379edeca,Lok Sabha
Kumargram (St),10,ALIPURDUARS,2,West Bengal,Jalpaiguri,MANOJ TIGGA,6a932b5bcd944524379edeca,Lok Sabha
Kalchini (St),11,ALIPURDUARS,2,West Bengal,Jalpaiguri,MANOJ TIGGA,6a932b5bcd944524379edeca,Lok Sabha
Alipurduars,12,ALIPURDUARS,2,West Bengal,Jalpaiguri,MANOJ TIGGA,6a932b5bcd944524379edeca,Lok Sabha
Falakata (Sc),13,ALIPURDUARS,2,West Bengal,Jalpaiguri,MANOJ TIGGA,6a932b5bcd944524379edeca,Lok Sabha
Madarihat (St),14,ALIPURDUARS,2,West Bengal,Jalpaiguri,MANOJ TIGGA,6a932b5bcd944524379edeca,Lok Sabha
Dhupguri (Sc),15,JALPAIGURI,3,West Bengal,Jalpaiguri,Dr Jayanta Kumar Roy,6a932b5bcd944524379ede39,Lok Sabha
Maynaguri (Sc),16,JALPAIGURI,3,West Bengal,Jalpaiguri,Dr Jayanta Kumar Roy,6a932b5bcd944524379ede39,Lok Sabha
Jalpaiguri (Sc),17,JALPAIGURI,3,West Bengal,Jalpaiguri,Dr Jayanta Kumar Roy,6a932b5bcd944524379ede39,Lok Sabha
Rajganj (Sc),18,JALPAIGURI,3,West Bengal,Jalpaiguri,Dr Jayanta Kumar Roy,6a932b5bcd944524379ede39,Lok Sabha
Dabgram-Phulbari,19,JALPAIGURI,3,West Bengal,Jalpaiguri,Dr Jayanta Kumar Roy,6a932b5bcd944524379ede39,Lok Sabha
Mal (St),20,JALPAIGURI,3,West Bengal,Jalpaiguri,Dr Jayanta Kumar Roy,6a932b5bcd944524379ede39,Lok Sabha
Nagrakata (St),21,ALIPURDUARS,2,West Bengal,Jalpaiguri,MANOJ TIGGA,6a932b5bcd944524379edeca,Lok Sabha
Kalimpong,22,DARJEELING,4,West Bengal,Darjiling,Raju Bista,6a932b5bcd944524379edf21,Lok Sabha
Darjeeling,23,DARJEELING,4,West Bengal,Darjiling,Raju Bista,6a932b5bcd944524379edf21,Lok Sabha
Kurseong,24,DARJEELING,4,West Bengal,Darjiling,Raju Bista,6a932b5bcd944524379edf21,Lok Sabha
Matigara-Naxalbari(Sc),25,DARJEELING,4,West Bengal,Darjiling,Raju Bista,6a932b5bcd944524379edf21,Lok Sabha
Siliguri,26,DARJEELING,4,West Bengal,Darjiling,Raju Bista,6a932b5bcd944524379edf21,Lok Sabha
Phansidewa (St),27,DARJEELING,4,West Bengal,Darjiling,Raju Bista,6a932b5bcd944524379edf21,Lok Sabha
Chopra,28,DARJEELING,4,West Bengal,Uttar Dinajpur,Raju Bista,6a932b5bcd944524379edf21,Lok Sabha
Islampur,29,RAIGANJ,5,West Bengal,Uttar Dinajpur,KARTICK CHANDRA PAUL,6a932b5bcd944524379ede9d,Lok Sabha
Goalpokhar,30,RAIGANJ,5,West Bengal,Uttar Dinajpur,KARTICK CHANDRA PAUL,6a932b5bcd944524379ede9d,Lok Sabha
Chakulia,31,RAIGANJ,5,West Bengal,Uttar Dinajpur,KARTICK CHANDRA PAUL,6a932b5bcd944524379ede9d,Lok Sabha
Karandighi,32,RAIGANJ,5,West Bengal,Uttar Dinajpur,KARTICK CHANDRA PAUL,6a932b5bcd944524379ede9d,Lok Sabha
Hemtabad (Sc),33,RAIGANJ,5,West Bengal,Uttar Dinajpur,KARTICK CHANDRA PAUL,6a932b5bcd944524379ede9d,Lok Sabha
Kaliaganj (Sc),34,RAIGANJ,5,West Bengal,Uttar Dinajpur,KARTICK CHANDRA PAUL,6a932b5bcd944524379ede9d,Lok Sabha
Raiganj,35,RAIGANJ,5,West Bengal,Uttar Dinajpur,KARTICK CHANDRA PAUL,6a932b5bcd944524379ede9d,Lok Sabha
Itahar,36,BALURGHAT,6,West Bengal,Uttar Dinajpur,Dr Sukanta Majumdar,6a932b5bcd944524379ede3f,Lok Sabha
Kushmandi (Sc),37,BALURGHAT,6,West Bengal,Dakshin Dinajpur,Dr Sukanta Majumdar,6a932b5bcd944524379ede3f,Lok Sabha
Kumarganj,38,BALURGHAT,6,West Bengal,Dakshin Dinajpur,Dr Sukanta Majumdar,6a932b5bcd944524379ede3f,Lok Sabha
Balurghat,39,BALURGHAT,6,West Bengal,Dakshin Dinajpur,Dr Sukanta Majumdar,6a932b5bcd944524379ede3f,Lok Sabha
Tapan(St),40,BALURGHAT,6,West Bengal,Dakshin Dinajpur,Dr Sukanta Majumdar,6a932b5bcd944524379ede3f,Lok Sabha
Gangarampur (Sc),41,BALURGHAT,6,West Bengal,Dakshin Dinajpur,Dr Sukanta Majumdar,6a932b5bcd944524379ede3f,Lok Sabha
Harirampur,42,BALURGHAT,6,West Bengal,Dakshin Dinajpur,Dr Sukanta Majumdar,6a932b5bcd944524379ede3f,Lok Sabha
Habibpur (St),43,MALDAHA UTTAR,7,West Bengal,Maldah,Khagen Murmu,6a932b5bcd944524379ede9f,Lok Sabha
Gazole (Sc),44,MALDAHA UTTAR,7,West Bengal,Maldah,Khagen Murmu,6a932b5bcd944524379ede9f,Lok Sabha
Chanchal,45,MALDAHA UTTAR,7,West Bengal,Maldah,Khagen Murmu,6a932b5bcd944524379ede9f,Lok Sabha
Harischandrapur,46,MALDAHA UTTAR,7,West Bengal,Maldah,Khagen Murmu,6a932b5bcd944524379ede9f,Lok Sabha
Malatipur,47,MALDAHA UTTAR,7,West Bengal,Maldah,Khagen Murmu,6a932b5bcd944524379ede9f,Lok Sabha
Ratua,48,MALDAHA UTTAR,7,West Bengal,Maldah,Khagen Murmu,6a932b5bcd944524379ede9f,Lok Sabha
Manikchak,49,MALDAHA DAKSHIN,8,West Bengal,Maldah,ISHA KHAN CHOUDHURY,6a932b5bcd944524379ede73,Lok Sabha
Maldaha (Sc),50,MALDAHA UTTAR,7,West Bengal,Maldah,Khagen Murmu,6a932b5bcd944524379ede9f,Lok Sabha
English Bazar,51,MALDAHA DAKSHIN,8,West Bengal,Maldah,ISHA KHAN CHOUDHURY,6a932b5bcd944524379ede73,Lok Sabha
Mothabari,52,MALDAHA DAKSHIN,8,West Bengal,Maldah,ISHA KHAN CHOUDHURY,6a932b5bcd944524379ede73,Lok Sabha
Sujapur,53,MALDAHA DAKSHIN,8,West Bengal,Maldah,ISHA KHAN CHOUDHURY,6a932b5bcd944524379ede73,Lok Sabha
Baisnabnagar,54,MALDAHA DAKSHIN,8,West Bengal,Maldah,ISHA KHAN CHOUDHURY,6a932b5bcd944524379ede73,Lok Sabha
Farakka,55,MALDAHA DAKSHIN,8,West Bengal,Murshidabad,ISHA KHAN CHOUDHURY,6a932b5bcd944524379ede73,Lok Sabha
Samserganj,56,MALDAHA DAKSHIN,8,West Bengal,Murshidabad,ISHA KHAN CHOUDHURY,6a932b5bcd944524379ede73,Lok Sabha
Suti,57,JANGIPUR,9,West Bengal,Murshidabad,Khalilur Rahaman,6a932b5bcd944524379edea0,Lok Sabha
Jangipur,58,JANGIPUR,9,West Bengal,Murshidabad,Khalilur Rahaman,6a932b5bcd944524379edea0,Lok Sabha
Raghunathganj,59,JANGIPUR,9,West Bengal,Murshidabad,Khalilur Rahaman,6a932b5bcd944524379edea0,Lok Sabha
Sagardighi,60,JANGIPUR,9,West Bengal,Murshidabad,Khalilur Rahaman,6a932b5bcd944524379edea0,Lok Sabha
Lalgola,61,JANGIPUR,9,West Bengal,Murshidabad,Khalilur Rahaman,6a932b5bcd944524379edea0,Lok Sabha
Bhagabangola,62,MURSHIDABAD,11,West Bengal,Murshidabad,Abu Taher Khan,6a932b5bcd944524379eddb2,Lok Sabha
Raninagar,63,MURSHIDABAD,11,West Bengal,Murshidabad,Abu Taher Khan,6a932b5bcd944524379eddb2,Lok Sabha
Murshidabad,64,MURSHIDABAD,11,West Bengal,Murshidabad,Abu Taher Khan,6a932b5bcd944524379eddb2,Lok Sabha
Nabagram (Sc),65,JANGIPUR,9,West Bengal,Murshidabad,Khalilur Rahaman,6a932b5bcd944524379edea0,Lok Sabha
Khargram (Sc),66,JANGIPUR,9,West Bengal,Murshidabad,Khalilur Rahaman,6a932b5bcd944524379edea0,Lok Sabha
Burwan (Sc),67,BAHARAMPUR,10,West Bengal,Murshidabad,PATHAN YUSUF,6a932b5bcd944524379edef2,Lok Sabha
Kandi,68,BAHARAMPUR,10,West Bengal,Murshidabad,PATHAN YUSUF,6a932b5bcd944524379edef2,Lok Sabha
Bharatpur,69,BAHARAMPUR,10,West Bengal,Murshidabad,PATHAN YUSUF,6a932b5bcd944524379edef2,Lok Sabha
Rejinagar,70,BAHARAMPUR,10,West Bengal,Murshidabad,PATHAN YUSUF,6a932b5bcd944524379edef2,Lok Sabha
Beldanga,71,BAHARAMPUR,10,West Bengal,Murshidabad,PATHAN YUSUF,6a932b5bcd944524379edef2,Lok Sabha
Baharampur,72,BAHARAMPUR,10,West Bengal,Murshidabad,PATHAN YUSUF,6a932b5bcd944524379edef2,Lok Sabha
Hariharpara,73,MURSHIDABAD,11,West Bengal,Murshidabad,Abu Taher Khan,6a932b5bcd944524379eddb2,Lok Sabha
Naoda,74,BAHARAMPUR,10,West Bengal,Murshidabad,PATHAN YUSUF,6a932b5bcd944524379edef2,Lok Sabha
Domkal,75,MURSHIDABAD,11,West Bengal,Murshidabad,Abu Taher Khan,6a932b5bcd944524379eddb2,Lok Sabha
Jalangi,76,MURSHIDABAD,11,West Bengal,Murshidabad,Abu Taher Khan,6a932b5bcd944524379eddb2,Lok Sabha
Karimpur,77,MURSHIDABAD,11,West Bengal,Nadia,Abu Taher Khan,6a932b5bcd944524379eddb2,Lok Sabha
Tehatta,78,KRISHNANAGAR,12,West Bengal,Nadia,Ms Mahua Moitra,6a932b5bcd944524379eded5,Lok Sabha
Palashipara,79,KRISHNANAGAR,12,West Bengal,Nadia,Ms Mahua Moitra,6a932b5bcd944524379eded5,Lok Sabha
Kaliganj,80,KRISHNANAGAR,12,West Bengal,Nadia,Ms Mahua Moitra,6a932b5bcd944524379eded5,Lok Sabha
Nakashipara,81,KRISHNANAGAR,12,West Bengal,Nadia,Ms Mahua Moitra,6a932b5bcd944524379eded5,Lok Sabha
Chapra,82,KRISHNANAGAR,12,West Bengal,Nadia,Ms Mahua Moitra,6a932b5bcd944524379eded5,Lok Sabha
Krishnanagar Uttar,83,KRISHNANAGAR,12,West Bengal,Nadia,Ms Mahua Moitra,6a932b5bcd944524379eded5,Lok Sabha
Nabadwip,84,KRISHNANAGAR,12,West Bengal,Nadia,Ms Mahua Moitra,6a932b5bcd944524379eded5,Lok Sabha
Krishnanagar Dakshin,85,RANAGHAT,13,West Bengal,Nadia,Jagannath Sarkar,6a932b5bcd944524379ede76,Lok Sabha
Santipur,86,RANAGHAT,13,West Bengal,Nadia,Jagannath Sarkar,6a932b5bcd944524379ede76,Lok Sabha
Ranaghat Uttar Paschim,87,RANAGHAT,13,West Bengal,Nadia,Jagannath Sarkar,6a932b5bcd944524379ede76,Lok Sabha
Krishnaganj (Sc),88,RANAGHAT,13,West Bengal,Nadia,Jagannath Sarkar,6a932b5bcd944524379ede76,Lok Sabha
Ranaghat Uttar Purba(Sc),89,RANAGHAT,13,West Bengal,Nadia,Jagannath Sarkar,6a932b5bcd944524379ede76,Lok Sabha
Ranaghat Dakshin (Sc),90,RANAGHAT,13,West Bengal,Nadia,Jagannath Sarkar,6a932b5bcd944524379ede76,Lok Sabha
Chakdaha,91,RANAGHAT,13,West Bengal,Nadia,Jagannath Sarkar,6a932b5bcd944524379ede76,Lok Sabha
Kalyani (Sc),92,BANGAON,14,West Bengal,Nadia,Shri Shantanu Thakur,6a932b5bcd944524379edf7c,Lok Sabha
Haringhata (Sc),93,BANGAON,14,West Bengal,Nadia,Shri Shantanu Thakur,6a932b5bcd944524379edf7c,Lok Sabha
Bagda (Sc),94,BANGAON,14,West Bengal,North 24 Parganas,Shri Shantanu Thakur,6a932b5bcd944524379edf7c,Lok Sabha
Bangaon Uttar (Sc),95,BANGAON,14,West Bengal,North 24 Parganas,Shri Shantanu Thakur,6a932b5bcd944524379edf7c,Lok Sabha
Bangaon Dakshin (Sc),96,BANGAON,14,West Bengal,North 24 Parganas,Shri Shantanu Thakur,6a932b5bcd944524379edf7c,Lok Sabha
Gaighata (Sc),97,BANGAON,14,West Bengal,North 24 Parganas,Shri Shantanu Thakur,6a932b5bcd944524379edf7c,Lok Sabha
Swarupnagar,98,BANGAON,14,West Bengal,North 24 Parganas,Shri Shantanu Thakur,6a932b5bcd944524379edf7c,Lok Sabha
Baduria,99,BASIRHAT,18,West Bengal,North 24 Parganas,SK NURUL ISLAM,6a932b5bcd944524379edf87,Lok Sabha
Habra,100,BARASAT,17,West Bengal,North 24 Parganas,Kakoli Ghosh Dastidar,6a932b5bcd944524379ede8c,Lok Sabha
Ashoknagar,101,BARASAT,17,West Bengal,North 24 Parganas,Kakoli Ghosh Dastidar,6a932b5bcd944524379ede8c,Lok Sabha
Amdanga,102,BARRACKPUR,15,West Bengal,North 24 Parganas,PARTHA BHOWMICK,6a932b5bcd944524379edeef,Lok Sabha
Bijpur,103,BARRACKPUR,15,West Bengal,North 24 Parganas,PARTHA BHOWMICK,6a932b5bcd944524379edeef,Lok Sabha
Naihati,104,BARRACKPUR,15,West Bengal,North 24 Parganas,PARTHA BHOWMICK,6a932b5bcd944524379edeef,Lok Sabha
Bhatpara,105,BARRACKPUR,15,West Bengal,North 24 Parganas,PARTHA BHOWMICK,6a932b5bcd944524379edeef,Lok Sabha
Jagatdal,106,BARRACKPUR,15,West Bengal,North 24 Parganas,PARTHA BHOWMICK,6a932b5bcd944524379edeef,Lok Sabha
Noapara,107,BARRACKPUR,15,West Bengal,North 24 Parganas,PARTHA BHOWMICK,6a932b5bcd944524379edeef,Lok Sabha
Barrackpur,108,BARRACKPUR,15,West Bengal,North 24 Parganas,PARTHA BHOWMICK,6a932b5bcd944524379edeef,Lok Sabha
Khardaha,109,DUM DUM,16,West Bengal,North 24 Parganas,Prof Sougata Ray,6a932b5bcd944524379edf06,Lok Sabha
Dum Dum Uttar,110,DUM DUM,16,West Bengal,North 24 Parganas,Prof Sougata Ray,6a932b5bcd944524379edf06,Lok Sabha
Panihati,111,DUM DUM,16,West Bengal,North 24 Parganas,Prof Sougata Ray,6a932b5bcd944524379edf06,Lok Sabha
Kamarhati,112,DUM DUM,16,West Bengal,North 24 Parganas,Prof Sougata Ray,6a932b5bcd944524379edf06,Lok Sabha
Baranagar,113,DUM DUM,16,West Bengal,North 24 Parganas,Prof Sougata Ray,6a932b5bcd944524379edf06,Lok Sabha
Dum Dum,114,DUM DUM,16,West Bengal,North 24 Parganas,Prof Sougata Ray,6a932b5bcd944524379edf06,Lok Sabha
Rajarhat New Town,115,BARASAT,17,West Bengal,North 24 Parganas,Kakoli Ghosh Dastidar,6a932b5bcd944524379ede8c,Lok Sabha
Bidhannagar,116,BARASAT,17,West Bengal,North 24 Parganas,Kakoli Ghosh Dastidar,6a932b5bcd944524379ede8c,Lok Sabha
Rajarhat Gopalpur,117,DUM DUM,16,West Bengal,North 24 Parganas,Prof Sougata Ray,6a932b5bcd944524379edf06,Lok Sabha
Madhyamgram,118,BARASAT,17,West Bengal,North 24 Parganas,Kakoli Ghosh Dastidar,6a932b5bcd944524379ede8c,Lok Sabha
Barasat,119,BARASAT,17,West Bengal,North 24 Parganas,Kakoli Ghosh Dastidar,6a932b5bcd944524379ede8c,Lok Sabha
Deganga,120,BARASAT,17,West Bengal,North 24 Parganas,Kakoli Ghosh Dastidar,6a932b5bcd944524379ede8c,Lok Sabha
Haroa,121,BASIRHAT,18,West Bengal,North 24 Parganas,SK NURUL ISLAM,6a932b5bcd944524379edf87,Lok Sabha
Minakhan (Sc),122,BASIRHAT,18,West Bengal,North 24 Parganas,SK NURUL ISLAM,6a932b5bcd944524379edf87,Lok Sabha
Sandeshkhali (St),123,BASIRHAT,18,West Bengal,North 24 Parganas,SK NURUL ISLAM,6a932b5bcd944524379edf87,Lok Sabha
Basirhat Dakshin,124,BASIRHAT,18,West Bengal,North 24 Parganas,SK NURUL ISLAM,6a932b5bcd944524379edf87,Lok Sabha
Basirhat Uttar,125,BASIRHAT,18,West Bengal,North 24 Parganas,SK NURUL ISLAM,6a932b5bcd944524379edf87,Lok Sabha
Hingalganj (Sc),126,BASIRHAT,18,West Bengal,North 24 Parganas,SK NURUL ISLAM,6a932b5bcd944524379edf87,Lok Sabha
Gosaba (Sc),127,JAYNAGAR,19,West Bengal,South 24 Parganas,Shri Nagendra Ray (2023-29),6a932b5ecd944524379ee269,Rajya Sabha
Basanti (Sc),128,JAYNAGAR,19,West Bengal,South 24 Parganas,Shri Nagendra Ray (2023-29),6a932b5ecd944524379ee269,Rajya Sabha
Kultali (Sc),129,JAYNAGAR,19,West Bengal,South 24 Parganas,Shri Nagendra Ray (2023-29),6a932b5ecd944524379ee269,Rajya Sabha
Patharpratima,130,MATHURAPUR,20,West Bengal,South 24 Parganas,BAPI HALDAR,6a932b5bcd944524379eddf7,Lok Sabha
Kakdwip,131,MATHURAPUR,20,West Bengal,South 24 Parganas,BAPI HALDAR,6a932b5bcd944524379eddf7,Lok Sabha
Sagar,132,MATHURAPUR,20,West Bengal,South 24 Parganas,BAPI HALDAR,6a932b5bcd944524379eddf7,Lok Sabha
Kulpi,133,MATHURAPUR,20,West Bengal,South 24 Parganas,BAPI HALDAR,6a932b5bcd944524379eddf7,Lok Sabha
Raidighi,134,MATHURAPUR,20,West Bengal,South 24 Parganas,BAPI HALDAR,6a932b5bcd944524379eddf7,Lok Sabha
Mandirbazar (Sc),135,MATHURAPUR,20,West Bengal,South 24 Parganas,BAPI HALDAR,6a932b5bcd944524379eddf7,Lok Sabha
Jaynagar (Sc),136,JAYNAGAR,19,West Bengal,South 24 Parganas,Shri Nagendra Ray (2023-29),6a932b5ecd944524379ee269,Rajya Sabha
Baruipur Purba(Sc),137,JADAVPUR,22,West Bengal,South 24 Parganas,SAYANI GHOSH,6a932b5bcd944524379edf50,Lok Sabha
Canning Paschim(Sc),138,JAYNAGAR,19,West Bengal,South 24 Parganas,Shri Nagendra Ray (2023-29),6a932b5ecd944524379ee269,Rajya Sabha
Canning Purba,139,JAYNAGAR,19,West Bengal,South 24 Parganas,Shri Nagendra Ray (2023-29),6a932b5ecd944524379ee269,Rajya Sabha
Baruipur Paschim,140,JADAVPUR,22,West Bengal,South 24 Parganas,SAYANI GHOSH,6a932b5bcd944524379edf50,Lok Sabha
Magrahat Purba(Sc),141,JAYNAGAR,19,West Bengal,South 24 Parganas,Shri Nagendra Ray (2023-29),6a932b5ecd944524379ee269,Rajya Sabha
Magrahat Paschim,142,MATHURAPUR,20,West Bengal,South 24 Parganas,BAPI HALDAR,6a932b5bcd944524379eddf7,Lok Sabha
Diamond Harbour,143,DIAMOND HARBOUR,21,West Bengal,South 24 Parganas,Shri Abhishek Banerjee,6a932b5bcd944524379edf60,Lok Sabha
Falta,144,DIAMOND HARBOUR,21,West Bengal,South 24 Parganas,Shri Abhishek Banerjee,6a932b5bcd944524379edf60,Lok Sabha
Satgachhia,145,DIAMOND HARBOUR,21,West Bengal,South 24 Parganas,Shri Abhishek Banerjee,6a932b5bcd944524379edf60,Lok Sabha
Bishnupur (Sc),146,DIAMOND HARBOUR,21,West Bengal,South 24 Parganas,Shri Abhishek Banerjee,6a932b5bcd944524379edf60,Lok Sabha
Sonarpur Dakshin,147,JADAVPUR,22,West Bengal,South 24 Parganas,SAYANI GHOSH,6a932b5bcd944524379edf50,Lok Sabha
Bhangar,148,JADAVPUR,22,West Bengal,South 24 Parganas,SAYANI GHOSH,6a932b5bcd944524379edf50,Lok Sabha
Kasba,149,KOLKATA DAKSHIN,23,West Bengal,South 24 Parganas,Mala Roy,6a932b5bcd944524379edebe,Lok Sabha
Jadavpur,150,JADAVPUR,22,West Bengal,South 24 Parganas,SAYANI GHOSH,6a932b5bcd944524379edf50,Lok Sabha
Sonarpur Uttar,151,JADAVPUR,22,West Bengal,South 24 Parganas,SAYANI GHOSH,6a932b5bcd944524379edf50,Lok Sabha
Tollyganj,152,JADAVPUR,22,West Bengal,South 24 Parganas,SAYANI GHOSH,6a932b5bcd944524379edf50,Lok Sabha
Behala Purba,153,KOLKATA DAKSHIN,23,West Bengal,South 24 Parganas,Mala Roy,6a932b5bcd944524379edebe,Lok Sabha
Behala Paschim,154,KOLKATA DAKSHIN,23,West Bengal,South 24 Parganas,Mala Roy,6a932b5bcd944524379edebe,Lok Sabha
Maheshtala,155,DIAMOND HARBOUR,21,West Bengal,South 24 Parganas,Shri Abhishek Banerjee,6a932b5bcd944524379edf60,Lok Sabha
Budge Budge,156,DIAMOND HARBOUR,21,West Bengal,South 24 Parganas,Shri Abhishek Banerjee,6a932b5bcd944524379edf60,Lok Sabha
Metiaburuz,157,DIAMOND HARBOUR,21,West Bengal,South 24 Parganas,Shri Abhishek Banerjee,6a932b5bcd944524379edf60,Lok Sabha
Kolkata Port,158,KOLKATA DAKSHIN,23,West Bengal,Kolkata,Mala Roy,6a932b5bcd944524379edebe,Lok Sabha
Bhabanipur,159,KOLKATA DAKSHIN,23,West Bengal,Kolkata,Mala Roy,6a932b5bcd944524379edebe,Lok Sabha
Rashbehari,160,KOLKATA DAKSHIN,23,West Bengal,Kolkata,Mala Roy,6a932b5bcd944524379edebe,Lok Sabha
Ballygunge,161,KOLKATA DAKSHIN,23,West Bengal,Kolkata,Mala Roy,6a932b5bcd944524379edebe,Lok Sabha
Chowrangee,162,KOLKATA UTTAR,24,West Bengal,Kolkata,Sudip Bandyopadhyay,6a932b5bcd944524379edf9c,Lok Sabha
Entally,163,KOLKATA UTTAR,24,West Bengal,Kolkata,Sudip Bandyopadhyay,6a932b5bcd944524379edf9c,Lok Sabha
Beleghata,164,KOLKATA UTTAR,24,West Bengal,Kolkata,Sudip Bandyopadhyay,6a932b5bcd944524379edf9c,Lok Sabha
Jorasanko,165,KOLKATA UTTAR,24,West Bengal,Kolkata,Sudip Bandyopadhyay,6a932b5bcd944524379edf9c,Lok Sabha
Shyampukur,166,KOLKATA UTTAR,24,West Bengal,Kolkata,Sudip Bandyopadhyay,6a932b5bcd944524379edf9c,Lok Sabha
Maniktala,167,KOLKATA UTTAR,24,West Bengal,Kolkata,Sudip Bandyopadhyay,6a932b5bcd944524379edf9c,Lok Sabha
Kashipurbelgachhia,168,KOLKATA UTTAR,24,West Bengal,Kolkata,Sudip Bandyopadhyay,6a932b5bcd944524379edf9c,Lok Sabha
Bally,169,HOWRAH,25,West Bengal,Haora,Prasun Banerjee,6a932b5bcd944524379edefd,Lok Sabha
Howrah Uttar,170,HOWRAH,25,West Bengal,Haora,Prasun Banerjee,6a932b5bcd944524379edefd,Lok Sabha
Howrah Madhya,171,HOWRAH,25,West Bengal,Haora,Prasun Banerjee,6a932b5bcd944524379edefd,Lok Sabha
Shibpur,172,HOWRAH,25,West Bengal,Haora,Prasun Banerjee,6a932b5bcd944524379edefd,Lok Sabha
Howrah Dakshin,173,HOWRAH,25,West Bengal,Haora,Prasun Banerjee,6a932b5bcd944524379edefd,Lok Sabha
Sankrail (Sc),174,HOWRAH,25,West Bengal,Haora,Prasun Banerjee,6a932b5bcd944524379edefd,Lok Sabha
Panchla,175,HOWRAH,25,West Bengal,Haora,Prasun Banerjee,6a932b5bcd944524379edefd,Lok Sabha
Uluberia Purba,176,ULUBERIA,26,West Bengal,Haora,Smt Sajda Ahmed,6a932b5bcd944524379edf92,Lok Sabha
Uluberia Uttar (Sc),177,ULUBERIA,26,West Bengal,Haora,Smt Sajda Ahmed,6a932b5bcd944524379edf92,Lok Sabha
Uluberia Dakshin,178,ULUBERIA,26,West Bengal,Haora,Smt Sajda Ahmed,6a932b5bcd944524379edf92,Lok Sabha
Shyampur,179,ULUBERIA,26,West Bengal,Haora,Smt Sajda Ahmed,6a932b5bcd944524379edf92,Lok Sabha
Bagnan,180,ULUBERIA,26,West Bengal,Haora,Smt Sajda Ahmed,6a932b5bcd944524379edf92,Lok Sabha
Amta,181,ULUBERIA,26,West Bengal,Haora,Smt Sajda Ahmed,6a932b5bcd944524379edf92,Lok Sabha
Udaynarayanpur,182,ULUBERIA,26,West Bengal,Haora,Smt Sajda Ahmed,6a932b5bcd944524379edf92,Lok Sabha
Jagatballavpur,183,SREERAMPUR,27,West Bengal,Haora,Kalyan Banerjee,6a932b5bcd944524379ede92,Lok Sabha
Domjur,184,SREERAMPUR,27,West Bengal,Haora,Kalyan Banerjee,6a932b5bcd944524379ede92,Lok Sabha
Uttarpara,185,SREERAMPUR,27,West Bengal,Hugli,Kalyan Banerjee,6a932b5bcd944524379ede92,Lok Sabha
Sreerampur,186,SREERAMPUR,27,West Bengal,Hugli,Kalyan Banerjee,6a932b5bcd944524379ede92,Lok Sabha
Champdani,187,SREERAMPUR,27,West Bengal,Hugli,Kalyan Banerjee,6a932b5bcd944524379ede92,Lok Sabha
Singur,188,HOOGHLY,28,West Bengal,Hugli,RACHNA BANERJEE,6a932b5bcd944524379edf0c,Lok Sabha
Chandannagar,189,HOOGHLY,28,West Bengal,Hugli,RACHNA BANERJEE,6a932b5bcd944524379edf0c,Lok Sabha
Chunchura,190,HOOGHLY,28,West Bengal,Hugli,RACHNA BANERJEE,6a932b5bcd944524379edf0c,Lok Sabha
Balagarh (Sc),191,HOOGHLY,28,West Bengal,Hugli,RACHNA BANERJEE,6a932b5bcd944524379edf0c,Lok Sabha
Pandua,192,HOOGHLY,28,West Bengal,Hugli,RACHNA BANERJEE,6a932b5bcd944524379edf0c,Lok Sabha
Saptagram,193,HOOGHLY,28,West Bengal,Hugli,RACHNA BANERJEE,6a932b5bcd944524379edf0c,Lok Sabha
Chanditala,194,SREERAMPUR,27,West Bengal,Hugli,Kalyan Banerjee,6a932b5bcd944524379ede92,Lok Sabha
Jangipara,195,SREERAMPUR,27,West Bengal,Hugli,Kalyan Banerjee,6a932b5bcd944524379ede92,Lok Sabha
Haripal,196,ARAMBAG,29,West Bengal,Hugli,BAG MITALI,6a932b5bcd944524379eddee,Lok Sabha
Dhanekhali(Sc),197,HOOGHLY,28,West Bengal,Hugli,RACHNA BANERJEE,6a932b5bcd944524379edf0c,Lok Sabha
Tarakeswar,198,ARAMBAG,29,West Bengal,Hugli,BAG MITALI,6a932b5bcd944524379eddee,Lok Sabha
Pursurah,199,ARAMBAG,29,West Bengal,Hugli,BAG MITALI,6a932b5bcd944524379eddee,Lok Sabha
Arambag (Sc),200,ARAMBAG,29,West Bengal,Hugli,BAG MITALI,6a932b5bcd944524379eddee,Lok Sabha
Goghat (Sc),201,ARAMBAG,29,West Bengal,Hugli,BAG MITALI,6a932b5bcd944524379eddee,Lok Sabha
Khanakul,202,ARAMBAG,29,West Bengal,Hugli,BAG MITALI,6a932b5bcd944524379eddee,Lok Sabha
Tamluk,203,TAMLUK,30,West Bengal,Purba Medinapur,ABHIJIT GANGOPADHYAY,6a932b5bcd944524379eddb1,Lok Sabha
Panskura Purba,204,TAMLUK,30,West Bengal,Purba Medinapur,ABHIJIT GANGOPADHYAY,6a932b5bcd944524379eddb1,Lok Sabha
Panskura Paschim,205,GHATAL,32,West Bengal,Purba Medinapur,Shri Deepak (Dev) Adhikari,6a932b5bcd944524379edf6a,Lok Sabha
Moyna,206,TAMLUK,30,West Bengal,Purba Medinapur,ABHIJIT GANGOPADHYAY,6a932b5bcd944524379eddb1,Lok Sabha
Nandakumar,207,TAMLUK,30,West Bengal,Purba Medinapur,ABHIJIT GANGOPADHYAY,6a932b5bcd944524379eddb1,Lok Sabha
Mahisadal,208,TAMLUK,30,West Bengal,Purba Medinapur,ABHIJIT GANGOPADHYAY,6a932b5bcd944524379eddb1,Lok Sabha
Haldia (Sc),209,TAMLUK,30,West Bengal,Purba Medinapur,ABHIJIT GANGOPADHYAY,6a932b5bcd944524379eddb1,Lok Sabha
Nandigram,210,TAMLUK,30,West Bengal,Purba Medinapur,ABHIJIT GANGOPADHYAY,6a932b5bcd944524379eddb1,Lok Sabha
Chandipur,211,KANTHI,31,West Bengal,Purba Medinapur,ADHIKARI SOUMENDU,6a932b5bcd944524379eddb3,Lok Sabha
Patashpur,212,KANTHI,31,West Bengal,Purba Medinapur,ADHIKARI SOUMENDU,6a932b5bcd944524379eddb3,Lok Sabha
Kanthi Uttar,213,KANTHI,31,West Bengal,Purba Medinapur,ADHIKARI SOUMENDU,6a932b5bcd944524379eddb3,Lok Sabha
Bhagabanpur,214,KANTHI,31,West Bengal,Purba Medinapur,ADHIKARI SOUMENDU,6a932b5bcd944524379eddb3,Lok Sabha
Khejuri (Sc),215,KANTHI,31,West Bengal,Purba Medinapur,ADHIKARI SOUMENDU,6a932b5bcd944524379eddb3,Lok Sabha
Kanthi Dakshin,216,KANTHI,31,West Bengal,Purba Medinapur,ADHIKARI SOUMENDU,6a932b5bcd944524379eddb3,Lok Sabha
Ramnagar,217,KANTHI,31,West Bengal,Purba Medinapur,ADHIKARI SOUMENDU,6a932b5bcd944524379eddb3,Lok Sabha
Egra,218,MEDINIPUR,34,West Bengal,Purba Medinapur,JUNE MALIAH,6a932b5bcd944524379ede83,Lok Sabha
Dantan,219,MEDINIPUR,34,West Bengal,Paschim Medinapur,JUNE MALIAH,6a932b5bcd944524379ede83,Lok Sabha
Nayagram (St),220,JHARGRAM,33,West Bengal,Paschim Medinapur,KALIPADA SAREN,6a932b5bcd944524379ede91,Lok Sabha
Gopiballavpur,221,JHARGRAM,33,West Bengal,Paschim Medinapur,KALIPADA SAREN,6a932b5bcd944524379ede91,Lok Sabha
Jhargram,222,JHARGRAM,33,West Bengal,Paschim Medinapur,KALIPADA SAREN,6a932b5bcd944524379ede91,Lok Sabha
Keshiary (St),223,MEDINIPUR,34,West Bengal,Paschim Medinapur,JUNE MALIAH,6a932b5bcd944524379ede83,Lok Sabha
Kharagpur Sadar,224,MEDINIPUR,34,West Bengal,Paschim Medinapur,JUNE MALIAH,6a932b5bcd944524379ede83,Lok Sabha
Narayangarh,225,MEDINIPUR,34,West Bengal,Paschim Medinapur,JUNE MALIAH,6a932b5bcd944524379ede83,Lok Sabha
Sabang,226,GHATAL,32,West Bengal,Paschim Medinapur,Shri Deepak (Dev) Adhikari,6a932b5bcd944524379edf6a,Lok Sabha
Pingla,227,GHATAL,32,West Bengal,Paschim Medinapur,Shri Deepak (Dev) Adhikari,6a932b5bcd944524379edf6a,Lok Sabha
Kharagpur,228,MEDINIPUR,34,West Bengal,Paschim Medinapur,JUNE MALIAH,6a932b5bcd944524379ede83,Lok Sabha
Debra,229,GHATAL,32,West Bengal,Paschim Medinapur,Shri Deepak (Dev) Adhikari,6a932b5bcd944524379edf6a,Lok Sabha
Daspur,230,GHATAL,32,West Bengal,Paschim Medinapur,Shri Deepak (Dev) Adhikari,6a932b5bcd944524379edf6a,Lok Sabha
Ghatal (Sc),231,GHATAL,32,West Bengal,Paschim Medinapur,Shri Deepak (Dev) Adhikari,6a932b5bcd944524379edf6a,Lok Sabha
Chandrakona (Sc),232,ARAMBAG,29,West Bengal,Paschim Medinapur,BAG MITALI,6a932b5bcd944524379eddee,Lok Sabha
Garbeta,233,JHARGRAM,33,West Bengal,Paschim Medinapur,KALIPADA SAREN,6a932b5bcd944524379ede91,Lok Sabha
Salboni,234,JHARGRAM,33,West Bengal,Paschim Medinapur,KALIPADA SAREN,6a932b5bcd944524379ede91,Lok Sabha
Keshpur (Sc),235,GHATAL,32,West Bengal,Paschim Medinapur,Shri Deepak (Dev) Adhikari,6a932b5bcd944524379edf6a,Lok Sabha
Medinipur,236,MEDINIPUR,34,West Bengal,Paschim Medinapur,JUNE MALIAH,6a932b5bcd944524379ede83,Lok Sabha
Binpur (St),237,JHARGRAM,33,West Bengal,Paschim Medinapur,KALIPADA SAREN,6a932b5bcd944524379ede91,Lok Sabha
Bandwan (St),238,JHARGRAM,33,West Bengal,Puruliya,KALIPADA SAREN,6a932b5bcd944524379ede91,Lok Sabha
Balarampur,239,PURULIA,35,West Bengal,Puruliya,Shri Jyotirmay Singh Mahato,6a932b5bcd944524379edf71,Lok Sabha
Baghmundi,240,PURULIA,35,West Bengal,Puruliya,Shri Jyotirmay Singh Mahato,6a932b5bcd944524379edf71,Lok Sabha
Joypur,241,PURULIA,35,West Bengal,Puruliya,Shri Jyotirmay Singh Mahato,6a932b5bcd944524379edf71,Lok Sabha
Purulia,242,PURULIA,35,West Bengal,Puruliya,Shri Jyotirmay Singh Mahato,6a932b5bcd944524379edf71,Lok Sabha
Manbazar (St),243,PURULIA,35,West Bengal,Puruliya,Shri Jyotirmay Singh Mahato,6a932b5bcd944524379edf71,Lok Sabha
Kashipur,244,PURULIA,35,West Bengal,Puruliya,Shri Jyotirmay Singh Mahato,6a932b5bcd944524379edf71,Lok Sabha
Para (Sc),245,PURULIA,35,West Bengal,Puruliya,Shri Jyotirmay Singh Mahato,6a932b5bcd944524379edf71,Lok Sabha
Raghunathpur(Sc),246,BANKURA,36,West Bengal,Puruliya,ARUP CHAKRABORTY,6a932b5bcd944524379edddf,Lok Sabha
Saltora (Sc),247,BANKURA,36,West Bengal,Bankura,ARUP CHAKRABORTY,6a932b5bcd944524379edddf,Lok Sabha
Chhatna,248,BANKURA,36,West Bengal,Bankura,ARUP CHAKRABORTY,6a932b5bcd944524379edddf,Lok Sabha
Ranibandh (St),249,BANKURA,36,West Bengal,Bankura,ARUP CHAKRABORTY,6a932b5bcd944524379edddf,Lok Sabha
Raipur (St),250,BANKURA,36,West Bengal,Bankura,ARUP CHAKRABORTY,6a932b5bcd944524379edddf,Lok Sabha
Taldangra,251,BANKURA,36,West Bengal,Bankura,ARUP CHAKRABORTY,6a932b5bcd944524379edddf,Lok Sabha
Bankura,252,BANKURA,36,West Bengal,Bankura,ARUP CHAKRABORTY,6a932b5bcd944524379edddf,Lok Sabha
Barjora,253,BISHNUPUR,37,West Bengal,Bankura,Saumitra khan,6a932b5bcd944524379edf4e,Lok Sabha
Onda,254,BISHNUPUR,37,West Bengal,Bankura,Saumitra khan,6a932b5bcd944524379edf4e,Lok Sabha
Bishnupur,255,BISHNUPUR,37,West Bengal,Bankura,Saumitra khan,6a932b5bcd944524379edf4e,Lok Sabha
Katulpur (Sc),256,BISHNUPUR,37,West Bengal,Bankura,Saumitra khan,6a932b5bcd944524379edf4e,Lok Sabha
Indus (Sc),257,BISHNUPUR,37,West Bengal,Bankura,Saumitra khan,6a932b5bcd944524379edf4e,Lok Sabha
Sonamukhi (Sc),258,BISHNUPUR,37,West Bengal,Bankura,Saumitra khan,6a932b5bcd944524379edf4e,Lok Sabha
Khandaghosh (Sc),259,BISHNUPUR,37,West Bengal,Barddhaman,Saumitra khan,6a932b5bcd944524379edf4e,Lok Sabha
Bardhaman Dakshin,260,BARDHAMAN-DURGAPUR,39,West Bengal,Barddhaman,AZAD KIRTI JHA,6a932b5bcd944524379eddea,Lok Sabha
Raina (Sc),261,BARDHAMAN PURBA,38,West Bengal,Barddhaman,DR. SHARMILA SARKAR,6a932b5bcd944524379ede4c,Lok Sabha
Jamalpur (Sc),262,BARDHAMAN PURBA,38,West Bengal,Barddhaman,DR. SHARMILA SARKAR,6a932b5bcd944524379ede4c,Lok Sabha
Monteswar,263,BARDHAMAN-DURGAPUR,39,West Bengal,Barddhaman,AZAD KIRTI JHA,6a932b5bcd944524379eddea,Lok Sabha
Kalna (Sc),264,BARDHAMAN PURBA,38,West Bengal,Barddhaman,DR. SHARMILA SARKAR,6a932b5bcd944524379ede4c,Lok Sabha
Memari,265,BARDHAMAN PURBA,38,West Bengal,Barddhaman,DR. SHARMILA SARKAR,6a932b5bcd944524379ede4c,Lok Sabha
Bardhaman Uttar,266,BARDHAMAN-DURGAPUR,39,West Bengal,Barddhaman,AZAD KIRTI JHA,6a932b5bcd944524379eddea,Lok Sabha
Bhatar,267,BARDHAMAN-DURGAPUR,39,West Bengal,Barddhaman,AZAD KIRTI JHA,6a932b5bcd944524379eddea,Lok Sabha
Purbasthali Dakshin,268,BARDHAMAN PURBA,38,West Bengal,Barddhaman,DR. SHARMILA SARKAR,6a932b5bcd944524379ede4c,Lok Sabha
Purbasthali Uttar,269,BARDHAMAN PURBA,38,West Bengal,Barddhaman,DR. SHARMILA SARKAR,6a932b5bcd944524379ede4c,Lok Sabha
Katwa,270,BARDHAMAN PURBA,38,West Bengal,Barddhaman,DR. SHARMILA SARKAR,6a932b5bcd944524379ede4c,Lok Sabha
Ketugram,271,BOLPUR,41,West Bengal,Barddhaman,Asit Kumar Mal,6a932b5bcd944524379edde6,Lok Sabha
Mangalkot,272,BOLPUR,41,West Bengal,Barddhaman,Asit Kumar Mal,6a932b5bcd944524379edde6,Lok Sabha
Ausgram (Sc),273,BOLPUR,41,West Bengal,Barddhaman,Asit Kumar Mal,6a932b5bcd944524379edde6,Lok Sabha
Galsi (Sc),274,BARDHAMAN-DURGAPUR,39,West Bengal,Barddhaman,AZAD KIRTI JHA,6a932b5bcd944524379eddea,Lok Sabha
Pandabeswar,275,ASANSOL,40,West Bengal,Barddhaman,Shatrughan Sinha,6a932b5bcd944524379edf58,Lok Sabha
Durgapur Purba,276,BARDHAMAN-DURGAPUR,39,West Bengal,Barddhaman,AZAD KIRTI JHA,6a932b5bcd944524379eddea,Lok Sabha
Durgapur Paschim,277,BARDHAMAN-DURGAPUR,39,West Bengal,Barddhaman,AZAD KIRTI JHA,6a932b5bcd944524379eddea,Lok Sabha
Raniganj,278,ASANSOL,40,West Bengal,Barddhaman,Shatrughan Sinha,6a932b5bcd944524379edf58,Lok Sabha
Jamuria,279,ASANSOL,40,West Bengal,Barddhaman,Shatrughan Sinha,6a932b5bcd944524379edf58,Lok Sabha
Asansol Dakshin,280,ASANSOL,40,West Bengal,Barddhaman,Shatrughan Sinha,6a932b5bcd944524379edf58,Lok Sabha
Asansol Uttar,281,ASANSOL,40,West Bengal,Barddhaman,Shatrughan Sinha,6a932b5bcd944524379edf58,Lok Sabha
Kulti,282,ASANSOL,40,West Bengal,Barddhaman,Shatrughan Sinha,6a932b5bcd944524379edf58,Lok Sabha
Barabani,283,ASANSOL,40,West Bengal,Barddhaman,Shatrughan Sinha,6a932b5bcd944524379edf58,Lok Sabha
Dubrajpur (Sc),284,BIRBHUM,42,West Bengal,Birbhum,Smt Satabdi Roy (Banerjee),6a932b5bcd944524379edf95,Lok Sabha
Suri,285,BIRBHUM,42,West Bengal,Birbhum,Smt Satabdi Roy (Banerjee),6a932b5bcd944524379edf95,Lok Sabha
Bolpur,286,BOLPUR,41,West Bengal,Birbhum,Asit Kumar Mal,6a932b5bcd944524379edde6,Lok Sabha
Nanoor (Sc),287,BOLPUR,41,West Bengal,Birbhum,Asit Kumar Mal,6a932b5bcd944524379edde6,Lok Sabha
Labpur,288,BOLPUR,41,West Bengal,Birbhum,Asit Kumar Mal,6a932b5bcd944524379edde6,Lok Sabha
Sainthia (Sc),289,BIRBHUM,42,West Bengal,Birbhum,Smt Satabdi Roy (Banerjee),6a932b5bcd944524379edf95,Lok Sabha
Mayureswar,290,BOLPUR,41,West Bengal,Birbhum,Asit Kumar Mal,6a932b5bcd944524379edde6,Lok Sabha
Rampurhat,291,BIRBHUM,42,West Bengal,Birbhum,Smt Satabdi Roy (Banerjee),6a932b5bcd944524379edf95,Lok Sabha
Hansan,292,BIRBHUM,42,West Bengal,Birbhum,Smt Satabdi Roy (Banerjee),6a932b5bcd944524379edf95,Lok Sabha
Nalhati,293,BIRBHUM,42,West Bengal,Birbhum,Smt Satabdi Roy (Banerjee),6a932b5bcd944524379edf95,Lok Sabha
Murarai,294,BIRBHUM,42,West Bengal,Birbhum,Smt Satabdi Roy (Banerjee),6a932b5bcd944524379edf95,Lok Sabha
Boath (St),8,ADILABAD,1,Telangana,Adilabad,GODAM NAGESH,6a932b5bcd944524379ede64,Lok Sabha
Adilabad,7,ADILABAD,1,Telangana,Adilabad,GODAM NAGESH,6a932b5bcd944524379ede64,Lok Sabha
Asifabad (St),5,ADILABAD,1,Telangana,Adilabad,GODAM NAGESH,6a932b5bcd944524379ede64,Lok Sabha
Sirpur,1,ADILABAD,1,Telangana,Adilabad,GODAM NAGESH,6a932b5bcd944524379ede64,Lok Sabha
Khanapur (St),6,ADILABAD,1,Telangana,Adilabad,GODAM NAGESH,6a932b5bcd944524379ede64,Lok Sabha
Mudhole,10,ADILABAD,1,Telangana,Adilabad,GODAM NAGESH,6a932b5bcd944524379ede64,Lok Sabha
Nirmal,9,ADILABAD,1,Telangana,Adilabad,GODAM NAGESH,6a932b5bcd944524379ede64,Lok Sabha
Bellampalle (Sc),3,PEDDAPALLE,2,Telangana,Adilabad,VAMSI KRISHNA GADDAM,6a932b5bcd944524379edfb9,Lok Sabha
Ichchapuram,120,SRIKAKULAM,19,Andhra Pradesh,Srikakulam,Kinjarapu Ram Mohan Naidu,6a932b5bcd944524379edea1,Lok Sabha
Kurupam (St),130,ARAKU,18,Andhra Pradesh,Vizianagaram,Gumma Thanuja Rani,6a932b5bcd944524379ede67,Lok Sabha
Mancherial,4,PEDDAPALLE,2,Telangana,Adilabad,VAMSI KRISHNA GADDAM,6a932b5bcd944524379edfb9,Lok Sabha
Jagtial,21,NIZAMABAD,4,Telangana,Karimnagar,Arvind Dharmapuri,6a932b5bcd944524379edde0,Lok Sabha
Dharmapuri (Sc),22,PEDDAPALLE,2,Telangana,Karimnagar,VAMSI KRISHNA GADDAM,6a932b5bcd944524379edfb9,Lok Sabha
Chennur (Sc),2,PEDDAPALLE,2,Telangana,Adilabad,VAMSI KRISHNA GADDAM,6a932b5bcd944524379edfb9,Lok Sabha
Koratla,20,NIZAMABAD,4,Telangana,Karimnagar,Arvind Dharmapuri,6a932b5bcd944524379edde0,Lok Sabha
Armur,11,NIZAMABAD,4,Telangana,Nizamabad,Arvind Dharmapuri,6a932b5bcd944524379edde0,Lok Sabha
Balkonda,19,NIZAMABAD,4,Telangana,Nizamabad,Arvind Dharmapuri,6a932b5bcd944524379edde0,Lok Sabha
Palasa,121,SRIKAKULAM,19,Andhra Pradesh,Srikakulam,Kinjarapu Ram Mohan Naidu,6a932b5bcd944524379edea1,Lok Sabha
Palakonda (St),129,ARAKU,18,Andhra Pradesh,Srikakulam,Gumma Thanuja Rani,6a932b5bcd944524379ede67,Lok Sabha
Bodhan,12,NIZAMABAD,4,Telangana,Nizamabad,Arvind Dharmapuri,6a932b5bcd944524379edde0,Lok Sabha
Vemulawada,28,KARIMNAGAR,3,Telangana,Karimnagar,Sanjay Kumar Bandi,6a932b5bcd944524379edf45,Lok Sabha
Manthani,24,PEDDAPALLE,2,Telangana,Karimnagar,VAMSI KRISHNA GADDAM,6a932b5bcd944524379edfb9,Lok Sabha
Ramagundam,23,PEDDAPALLE,2,Telangana,Karimnagar,VAMSI KRISHNA GADDAM,6a932b5bcd944524379edfb9,Lok Sabha
Nizamabad (Rural),18,NIZAMABAD,4,Telangana,Nizamabad,Arvind Dharmapuri,6a932b5bcd944524379edde0,Lok Sabha
Pathapatnam,123,SRIKAKULAM,19,Andhra Pradesh,Srikakulam,Kinjarapu Ram Mohan Naidu,6a932b5bcd944524379edea1,Lok Sabha
Parvathipuram (Sc),131,ARAKU,18,Andhra Pradesh,Vizianagaram,Gumma Thanuja Rani,6a932b5bcd944524379ede67,Lok Sabha
Choppadandi (Sc),27,KARIMNAGAR,3,Telangana,Karimnagar,Sanjay Kumar Bandi,6a932b5bcd944524379edf45,Lok Sabha
Salur (St),132,ARAKU,18,Andhra Pradesh,Vizianagaram,Gumma Thanuja Rani,6a932b5bcd944524379ede67,Lok Sabha
Tekkali,122,SRIKAKULAM,19,Andhra Pradesh,Srikakulam,Kinjarapu Ram Mohan Naidu,6a932b5bcd944524379edea1,Lok Sabha
Narasannapeta,127,SRIKAKULAM,19,Andhra Pradesh,Srikakulam,Kinjarapu Ram Mohan Naidu,6a932b5bcd944524379edea1,Lok Sabha
Nizamabad (Urban),17,NIZAMABAD,4,Telangana,Nizamabad,Arvind Dharmapuri,6a932b5bcd944524379edde0,Lok Sabha
Banswada,14,ZAHIRABAD,5,Telangana,Nizamabad,SURESH KUMAR SHETKAR,6a932b5bcd944524379edfa6,Lok Sabha
Peddapalle,25,PEDDAPALLE,2,Telangana,Karimnagar,VAMSI KRISHNA GADDAM,6a932b5bcd944524379edfb9,Lok Sabha
Rajam (Sc),128,VIZIANAGARAM,20,Andhra Pradesh,Srikakulam,Appalanaidu Kalisetti,6a932b5bcd944524379eddda,Lok Sabha
Bobbili,133,VIZIANAGARAM,20,Andhra Pradesh,Vizianagaram,Appalanaidu Kalisetti,6a932b5bcd944524379eddda,Lok Sabha
Bhadrachalam (St),119,MAHABUBABAD,16,Telangana,Khammam,BALRAM NAIK PORIKA,6a932b5bcd944524379eddf3,Lok Sabha
Jukkal (Sc),13,ZAHIRABAD,5,Telangana,Nizamabad,SURESH KUMAR SHETKAR,6a932b5bcd944524379edfa6,Lok Sabha
Mulug (St),109,MAHABUBABAD,16,Telangana,Warangal,BALRAM NAIK PORIKA,6a932b5bcd944524379eddf3,Lok Sabha
Amadalavalasa,125,SRIKAKULAM,19,Andhra Pradesh,Srikakulam,Kinjarapu Ram Mohan Naidu,6a932b5bcd944524379edea1,Lok Sabha
Sircilla,29,KARIMNAGAR,3,Telangana,Karimnagar,Sanjay Kumar Bandi,6a932b5bcd944524379edf45,Lok Sabha
Yellareddy,15,ZAHIRABAD,5,Telangana,Nizamabad,SURESH KUMAR SHETKAR,6a932b5bcd944524379edfa6,Lok Sabha
Karimnagar,26,KARIMNAGAR,3,Telangana,Karimnagar,Sanjay Kumar Bandi,6a932b5bcd944524379edf45,Lok Sabha
Araku Valley (St),147,ARAKU,18,Andhra Pradesh,Visakhapatnam,Gumma Thanuja Rani,6a932b5bcd944524379ede67,Lok Sabha
Bhupalpalle,108,WARANGAL,15,Andhra Pradesh,Warangal,Shri Meda Raghunadha Reddy (2024-30),6a932b5ecd944524379ee264,Rajya Sabha
Kamareddy,16,ZAHIRABAD,5,Telangana,Nizamabad,SURESH KUMAR SHETKAR,6a932b5bcd944524379edfa6,Lok Sabha
Manakondur (Sc),30,KARIMNAGAR,3,Telangana,Karimnagar,Sanjay Kumar Bandi,6a932b5bcd944524379edf45,Lok Sabha
Gajapathinagaram,135,VIZIANAGARAM,20,Andhra Pradesh,Vizianagaram,Appalanaidu Kalisetti,6a932b5bcd944524379eddda,Lok Sabha
Huzurabad,31,KARIMNAGAR,3,Telangana,Karimnagar,Sanjay Kumar Bandi,6a932b5bcd944524379edf45,Lok Sabha
Etcherla,126,VIZIANAGARAM,20,Andhra Pradesh,Srikakulam,Appalanaidu Kalisetti,6a932b5bcd944524379eddda,Lok Sabha
Srikakulam,124,SRIKAKULAM,19,Andhra Pradesh,Srikakulam,Kinjarapu Ram Mohan Naidu,6a932b5bcd944524379edea1,Lok Sabha
Narayankhed,35,ZAHIRABAD,5,Telangana,Medak,SURESH KUMAR SHETKAR,6a932b5bcd944524379edfa6,Lok Sabha
Cheepurupalle,134,VIZIANAGARAM,20,Andhra Pradesh,Vizianagaram,Appalanaidu Kalisetti,6a932b5bcd944524379eddda,Lok Sabha
Husnabad,32,KARIMNAGAR,3,Telangana,Karimnagar,Sanjay Kumar Bandi,6a932b5bcd944524379edf45,Lok Sabha
Siddipet,33,MEDAK,6,Telangana,Medak,MADHAVANENI RAGHUNANDAN RAO,6a932b5bcd944524379edeb7,Lok Sabha
Dubbak,41,MEDAK,6,Telangana,Medak,MADHAVANENI RAGHUNANDAN RAO,6a932b5bcd944524379edeb7,Lok Sabha
Parkal,104,WARANGAL,15,Andhra Pradesh,Warangal,Shri Meda Raghunadha Reddy (2024-30),6a932b5ecd944524379ee264,Rajya Sabha
Medak,34,MEDAK,6,Telangana,Medak,MADHAVANENI RAGHUNANDAN RAO,6a932b5bcd944524379edeb7,Lok Sabha
Nellimarla,136,VIZIANAGARAM,20,Andhra Pradesh,Vizianagaram,Appalanaidu Kalisetti,6a932b5bcd944524379eddda,Lok Sabha
Srungavarapukota,138,VISAKHAPATNAM,21,Andhra Pradesh,Vizianagaram,Sribharat MathuKumli,6a932b5bcd944524379edf98,Lok Sabha
Vizianagaram,137,VIZIANAGARAM,20,Andhra Pradesh,Vizianagaram,Appalanaidu Kalisetti,6a932b5bcd944524379eddda,Lok Sabha
Waradhanapet (Sc),107,WARANGAL,15,Andhra Pradesh,Warangal,Shri Meda Raghunadha Reddy (2024-30),6a932b5ecd944524379ee264,Rajya Sabha
Pinapaka (St),110,MAHABUBABAD,16,Telangana,Khammam,BALRAM NAIK PORIKA,6a932b5bcd944524379eddf3,Lok Sabha
Paderu (St),148,ARAKU,18,Andhra Pradesh,Visakhapatnam,Gumma Thanuja Rani,6a932b5bcd944524379ede67,Lok Sabha
Madugula,146,ANAKAPALLE,22,Andhra Pradesh,Visakhapatnam,C.M.RAMESH,6a932b5bcd944524379ede10,Lok Sabha
Narsampet,103,MAHABUBABAD,16,Telangana,Warangal,BALRAM NAIK PORIKA,6a932b5bcd944524379eddf3,Lok Sabha
Andole (Sc),36,ZAHIRABAD,5,Telangana,Medak,SURESH KUMAR SHETKAR,6a932b5bcd944524379edfa6,Lok Sabha
Ghanpur (Station) (Sc),99,WARANGAL,15,Andhra Pradesh,Warangal,Shri Meda Raghunadha Reddy (2024-30),6a932b5ecd944524379ee264,Rajya Sabha
Gajwel,42,MEDAK,6,Telangana,Medak,MADHAVANENI RAGHUNANDAN RAO,6a932b5bcd944524379edeb7,Lok Sabha
Bhimili,139,VISAKHAPATNAM,21,Andhra Pradesh,Visakhapatnam,Sribharat MathuKumli,6a932b5bcd944524379edf98,Lok Sabha
Jangoan,98,BHONGIR,14,Telangana,Warangal,CHAMALA KIRAN KUMAR REDDY,6a932b5bcd944524379ede13,Lok Sabha
Narsapur,37,MEDAK,6,Telangana,Medak,MADHAVANENI RAGHUNANDAN RAO,6a932b5bcd944524379edeb7,Lok Sabha
Warangal West,105,WARANGAL,15,Andhra Pradesh,Warangal,Shri Meda Raghunadha Reddy (2024-30),6a932b5ecd944524379ee264,Rajya Sabha
Zahirabad (Sc),38,ZAHIRABAD,5,Telangana,Medak,SURESH KUMAR SHETKAR,6a932b5bcd944524379edfa6,Lok Sabha
Warangal East,106,WARANGAL,15,Andhra Pradesh,Warangal,Shri Meda Raghunadha Reddy (2024-30),6a932b5ecd944524379ee264,Rajya Sabha
Rampachodavaram(St),172,ARAKU,18,Andhra Pradesh,East Godavari,Gumma Thanuja Rani,6a932b5bcd944524379ede67,Lok Sabha
Mahabubabad (St),102,MAHABUBABAD,16,Telangana,Warangal,BALRAM NAIK PORIKA,6a932b5bcd944524379eddf3,Lok Sabha
Chodavaram,145,ANAKAPALLE,22,Andhra Pradesh,Visakhapatnam,C.M.RAMESH,6a932b5bcd944524379ede10,Lok Sabha
Pendurthi,150,ANAKAPALLE,22,Andhra Pradesh,Visakhapatnam,C.M.RAMESH,6a932b5bcd944524379ede10,Lok Sabha
Kothagudem,117,KHAMMAM,17,Telangana,Khammam,RAMASAHAYAM RAGHURAM REDDY,6a932b5bcd944524379edf26,Lok Sabha
Alair,97,BHONGIR,14,Telangana,Nalgonda,CHAMALA KIRAN KUMAR REDDY,6a932b5bcd944524379ede13,Lok Sabha
Patancheru,40,MEDAK,6,Telangana,Medak,MADHAVANENI RAGHUNANDAN RAO,6a932b5bcd944524379edeb7,Lok Sabha
Palakurthi,100,WARANGAL,15,Andhra Pradesh,Warangal,Shri Meda Raghunadha Reddy (2024-30),6a932b5ecd944524379ee264,Rajya Sabha
Sangareddy,39,MEDAK,6,Telangana,Medak,MADHAVANENI RAGHUNANDAN RAO,6a932b5bcd944524379edeb7,Lok Sabha
Anakapalle,149,ANAKAPALLE,22,Andhra Pradesh,Visakhapatnam,C.M.RAMESH,6a932b5bcd944524379ede10,Lok Sabha
Yellandu (St),111,MAHABUBABAD,16,Telangana,Khammam,BALRAM NAIK PORIKA,6a932b5bcd944524379eddf3,Lok Sabha
Visakhapatnam North,142,VISAKHAPATNAM,21,Andhra Pradesh,Visakhapatnam,Sribharat MathuKumli,6a932b5bcd944524379edf98,Lok Sabha
Medchal,43,MALKAJGIRI,7,Telangana,Rangareddi,EATALA RAJENDER,6a932b5bcd944524379ede55,Lok Sabha
Narsipatnam,153,ANAKAPALLE,22,Andhra Pradesh,Visakhapatnam,C.M.RAMESH,6a932b5bcd944524379ede10,Lok Sabha
Visakhapatnam East,140,VISAKHAPATNAM,21,Andhra Pradesh,Visakhapatnam,Sribharat MathuKumli,6a932b5bcd944524379edf98,Lok Sabha
Visakhapatnam West,143,VISAKHAPATNAM,21,Andhra Pradesh,Visakhapatnam,Sribharat MathuKumli,6a932b5bcd944524379edf98,Lok Sabha
Gajuwaka,144,VISAKHAPATNAM,21,Andhra Pradesh,Visakhapatnam,Sribharat MathuKumli,6a932b5bcd944524379edf98,Lok Sabha
Visakhapatnam South,141,VISAKHAPATNAM,21,Andhra Pradesh,Visakhapatnam,Sribharat MathuKumli,6a932b5bcd944524379edf98,Lok Sabha
Vicarabad (Sc),55,CHEVELLA,10,Andhra Pradesh,Rangareddi,Shri Meda Raghunadha Reddy (2024-30),6a932b5ecd944524379ee264,Rajya Sabha
Yelamanchili,151,ANAKAPALLE,22,Andhra Pradesh,Visakhapatnam,C.M.RAMESH,6a932b5bcd944524379ede10,Lok Sabha
Quthbullapur,45,MALKAJGIRI,7,Telangana,Rangareddi,EATALA RAJENDER,6a932b5bcd944524379ede55,Lok Sabha
Bhongir,94,BHONGIR,14,Telangana,Nalgonda,CHAMALA KIRAN KUMAR REDDY,6a932b5bcd944524379ede13,Lok Sabha
Payakaraopet (Sc),152,ANAKAPALLE,22,Andhra Pradesh,Visakhapatnam,C.M.RAMESH,6a932b5bcd944524379ede10,Lok Sabha
Aswaraopeta (St),118,KHAMMAM,17,Telangana,Khammam,RAMASAHAYAM RAGHURAM REDDY,6a932b5bcd944524379edf26,Lok Sabha
Dornakal (St),101,MAHABUBABAD,16,Telangana,Warangal,BALRAM NAIK PORIKA,6a932b5bcd944524379eddf3,Lok Sabha
Malkajgiri,44,MALKAJGIRI,7,Telangana,Rangareddi,EATALA RAJENDER,6a932b5bcd944524379ede55,Lok Sabha
Wyra (St),115,KHAMMAM,17,Telangana,Khammam,RAMASAHAYAM RAGHURAM REDDY,6a932b5bcd944524379edf26,Lok Sabha
Chevella (Sc),53,CHEVELLA,10,Andhra Pradesh,Rangareddi,Shri Meda Raghunadha Reddy (2024-30),6a932b5ecd944524379ee264,Rajya Sabha
Serilingampally,52,CHEVELLA,10,Andhra Pradesh,Rangareddi,Shri Meda Raghunadha Reddy (2024-30),6a932b5ecd944524379ee264,Rajya Sabha
Kukatpalle,46,MALKAJGIRI,7,Telangana,Rangareddi,EATALA RAJENDER,6a932b5bcd944524379ede55,Lok Sabha
Thungathurthi (Sc),96,BHONGIR,14,Telangana,Nalgonda,CHAMALA KIRAN KUMAR REDDY,6a932b5bcd944524379ede13,Lok Sabha
Tuni,154,KAKINADA,23,Andhra Pradesh,East Godavari,TANGELLA UDAY SRINIVAS,6a932b5bcd944524379edfa9,Lok Sabha
Uppal,47,MALKAJGIRI,7,Telangana,Rangareddi,EATALA RAJENDER,6a932b5bcd944524379ede55,Lok Sabha
Secunderabad Cantt. (Sc,71,MALKAJGIRI,7,Telangana,Hyderabad,EATALA RAJENDER,6a932b5bcd944524379ede55,Lok Sabha
Tandur,56,CHEVELLA,10,Andhra Pradesh,Rangareddi,Shri Meda Raghunadha Reddy (2024-30),6a932b5ecd944524379ee264,Rajya Sabha
Sanathnagar,62,SECUNDERABAD,8,Telangana,Hyderabad,Kishan Reddy Gangapuram,6a932b5bcd944524379edea4,Lok Sabha
Secunderabad,70,SECUNDERABAD,8,Telangana,Hyderabad,Kishan Reddy Gangapuram,6a932b5bcd944524379edea4,Lok Sabha
Amberpet,59,SECUNDERABAD,8,Telangana,Hyderabad,Kishan Reddy Gangapuram,6a932b5bcd944524379edea4,Lok Sabha
Polavaram (St),186,ELURU,27,Andhra Pradesh,West Godavari,Putta Mahesh Kumar,6a932b5bcd944524379edf09,Lok Sabha
Jubilee Hills,61,SECUNDERABAD,8,Telangana,Hyderabad,Kishan Reddy Gangapuram,6a932b5bcd944524379edea4,Lok Sabha
Musheerabad,57,SECUNDERABAD,8,Telangana,Hyderabad,Kishan Reddy Gangapuram,6a932b5bcd944524379edea4,Lok Sabha
Prathipadu,155,KAKINADA,23,Andhra Pradesh,East Godavari,TANGELLA UDAY SRINIVAS,6a932b5bcd944524379edfa9,Lok Sabha
Rajendranagar,51,CHEVELLA,10,Andhra Pradesh,Rangareddi,Shri Meda Raghunadha Reddy (2024-30),6a932b5ecd944524379ee264,Rajya Sabha
Nampally,63,SECUNDERABAD,8,Telangana,Hyderabad,Kishan Reddy Gangapuram,6a932b5bcd944524379edea4,Lok Sabha
Khairatabad,60,SECUNDERABAD,8,Telangana,Hyderabad,Kishan Reddy Gangapuram,6a932b5bcd944524379edea4,Lok Sabha
Karwan,64,HYDERABAD,9,Telangana,Hyderabad,Asaduddin Owaisi,6a932b5bcd944524379edde2,Lok Sabha
Malakpet,58,HYDERABAD,9,Telangana,Hyderabad,Asaduddin Owaisi,6a932b5bcd944524379edde2,Lok Sabha
Goshamahal,65,HYDERABAD,9,Telangana,Hyderabad,Asaduddin Owaisi,6a932b5bcd944524379edde2,Lok Sabha
Ibrahimpatnam,48,BHONGIR,14,Telangana,Rangareddi,CHAMALA KIRAN KUMAR REDDY,6a932b5bcd944524379ede13,Lok Sabha
Bahadurpura,69,HYDERABAD,9,Telangana,Hyderabad,Asaduddin Owaisi,6a932b5bcd944524379edde2,Lok Sabha
Palair,113,KHAMMAM,17,Telangana,Khammam,RAMASAHAYAM RAGHURAM REDDY,6a932b5bcd944524379edf26,Lok Sabha
Charminar,66,HYDERABAD,9,Telangana,Hyderabad,Asaduddin Owaisi,6a932b5bcd944524379edde2,Lok Sabha
Khammam,112,KHAMMAM,17,Telangana,Khammam,RAMASAHAYAM RAGHURAM REDDY,6a932b5bcd944524379edf26,Lok Sabha
Nakrekal (Sc),95,BHONGIR,14,Telangana,Nalgonda,CHAMALA KIRAN KUMAR REDDY,6a932b5bcd944524379ede13,Lok Sabha
Lal Bahadur Nagar,49,MALKAJGIRI,7,Telangana,Rangareddi,EATALA RAJENDER,6a932b5bcd944524379ede55,Lok Sabha
Yakutpura,68,HYDERABAD,9,Telangana,Hyderabad,Asaduddin Owaisi,6a932b5bcd944524379edde2,Lok Sabha
Munugode,93,BHONGIR,14,Telangana,Nalgonda,CHAMALA KIRAN KUMAR REDDY,6a932b5bcd944524379ede13,Lok Sabha
Chandrayangutta,67,HYDERABAD,9,Telangana,Hyderabad,Asaduddin Owaisi,6a932b5bcd944524379edde2,Lok Sabha
Pargi,54,CHEVELLA,10,Andhra Pradesh,Rangareddi,Shri Meda Raghunadha Reddy (2024-30),6a932b5ecd944524379ee264,Rajya Sabha
Maheswaram,50,CHEVELLA,10,Andhra Pradesh,Rangareddi,Shri Meda Raghunadha Reddy (2024-30),6a932b5ecd944524379ee264,Rajya Sabha
Suryapet,91,NALGONDA,13,Telangana,Nalgonda,KUNDURU RAGHUVEER,6a932b5bcd944524379edeae,Lok Sabha
Sathupalle (Sc),116,KHAMMAM,17,Telangana,Khammam,RAMASAHAYAM RAGHURAM REDDY,6a932b5bcd944524379edf26,Lok Sabha
Kodad,90,NALGONDA,13,Telangana,Nalgonda,KUNDURU RAGHUVEER,6a932b5bcd944524379edeae,Lok Sabha
Jaggampeta,171,KAKINADA,23,Andhra Pradesh,East Godavari,TANGELLA UDAY SRINIVAS,6a932b5bcd944524379edfa9,Lok Sabha
Kodangal,72,MAHABUBNAGAR,11,Telangana,Mahbubnagar,ARUNA. D. K,6a932b5bcd944524379eddde,Lok Sabha
Shadnagar,84,MAHABUBNAGAR,11,Telangana,Mahbubnagar,ARUNA. D. K,6a932b5bcd944524379eddde,Lok Sabha
Rajanagaram,168,RAJAHMUNDRY,25,Andhra Pradesh,East Godavari,Daggubati Purandeshwari,6a932b5bcd944524379ede22,Lok Sabha
Madhira (Sc),114,KHAMMAM,17,Telangana,Khammam,RAMASAHAYAM RAGHURAM REDDY,6a932b5bcd944524379edf26,Lok Sabha
Pithapuram,156,KAKINADA,23,Andhra Pradesh,East Godavari,TANGELLA UDAY SRINIVAS,6a932b5bcd944524379edfa9,Lok Sabha
Chintalapudi (Sc),187,ELURU,27,Andhra Pradesh,West Godavari,Putta Mahesh Kumar,6a932b5bcd944524379edf09,Lok Sabha
Gopalapuram (Sc),185,RAJAHMUNDRY,25,Andhra Pradesh,West Godavari,Daggubati Purandeshwari,6a932b5bcd944524379ede22,Lok Sabha
Nalgonda,92,NALGONDA,13,Telangana,Nalgonda,KUNDURU RAGHUVEER,6a932b5bcd944524379edeae,Lok Sabha
Peddapuram,158,KAKINADA,23,Andhra Pradesh,East Godavari,TANGELLA UDAY SRINIVAS,6a932b5bcd944524379edfa9,Lok Sabha
Kovvur (Sc),173,RAJAHMUNDRY,25,Andhra Pradesh,West Godavari,Daggubati Purandeshwari,6a932b5bcd944524379ede22,Lok Sabha
Tiruvuru (Sc),188,VIJAYAWADA,29,Andhra Pradesh,Krishna,Sivanath Kesineni,6a932b5bcd944524379edf86,Lok Sabha
Miryalaguda,88,NALGONDA,13,Telangana,Nalgonda,KUNDURU RAGHUVEER,6a932b5bcd944524379edeae,Lok Sabha
Anaparthy,159,RAJAHMUNDRY,25,Andhra Pradesh,East Godavari,Daggubati Purandeshwari,6a932b5bcd944524379ede22,Lok Sabha
Rajahmundry City,169,RAJAHMUNDRY,25,Andhra Pradesh,East Godavari,Daggubati Purandeshwari,6a932b5bcd944524379ede22,Lok Sabha
Nuzvid,189,ELURU,27,Andhra Pradesh,Krishna,Putta Mahesh Kumar,6a932b5bcd944524379edf09,Lok Sabha
Kakinada Rural,157,KAKINADA,23,Andhra Pradesh,East Godavari,TANGELLA UDAY SRINIVAS,6a932b5bcd944524379edfa9,Lok Sabha
Kalwakurthy,83,NAGARKURNOOL,12,Telangana,Mahbubnagar,DR.MALLU RAVI,6a932b5bcd944524379ede4e,Lok Sabha
Jaggayyapeta,203,VIJAYAWADA,29,Andhra Pradesh,Krishna,Sivanath Kesineni,6a932b5bcd944524379edf86,Lok Sabha
Jadcherla,75,MAHABUBNAGAR,11,Telangana,Mahbubnagar,ARUNA. D. K,6a932b5bcd944524379eddde,Lok Sabha
Huzurnagar,89,NALGONDA,13,Telangana,Nalgonda,KUNDURU RAGHUVEER,6a932b5bcd944524379edeae,Lok Sabha
Devarakonda (St),86,NALGONDA,13,Telangana,Nalgonda,KUNDURU RAGHUVEER,6a932b5bcd944524379edeae,Lok Sabha
Rajahmundry Rural,170,RAJAHMUNDRY,25,Andhra Pradesh,East Godavari,Daggubati Purandeshwari,6a932b5bcd944524379ede22,Lok Sabha
Kothapeta,166,AMALAPURAM,24,Andhra Pradesh,East Godavari,GM Harish Balayogi,6a932b5bcd944524379ede63,Lok Sabha
Nagarjuna Sagar,87,NALGONDA,13,Telangana,Nalgonda,KUNDURU RAGHUVEER,6a932b5bcd944524379edeae,Lok Sabha
Mummidivaram,162,AMALAPURAM,24,Andhra Pradesh,East Godavari,GM Harish Balayogi,6a932b5bcd944524379ede63,Lok Sabha
Narayanpet,73,MAHABUBNAGAR,11,Telangana,Mahbubnagar,ARUNA. D. K,6a932b5bcd944524379eddde,Lok Sabha
Mylavaram,201,VIJAYAWADA,29,Andhra Pradesh,Krishna,Sivanath Kesineni,6a932b5bcd944524379edf86,Lok Sabha
Mandapeta,167,AMALAPURAM,24,Andhra Pradesh,East Godavari,GM Harish Balayogi,6a932b5bcd944524379ede63,Lok Sabha
Tadepalligudem,181,NARSAPURAM,26,Andhra Pradesh,West Godavari,Shri Meda Raghunadha Reddy (2024-30),6a932b5ecd944524379ee264,Rajya Sabha
Kakinada City,160,KAKINADA,23,Andhra Pradesh,East Godavari,TANGELLA UDAY SRINIVAS,6a932b5bcd944524379edfa9,Lok Sabha
Nidadavole,174,RAJAHMUNDRY,25,Andhra Pradesh,West Godavari,Daggubati Purandeshwari,6a932b5bcd944524379ede22,Lok Sabha
Mahbubnagar,74,MAHABUBNAGAR,11,Telangana,Mahbubnagar,ARUNA. D. K,6a932b5bcd944524379eddde,Lok Sabha
Denduluru,183,ELURU,27,Andhra Pradesh,West Godavari,Putta Mahesh Kumar,6a932b5bcd944524379edf09,Lok Sabha
Ungutur,182,ELURU,27,Andhra Pradesh,West Godavari,Putta Mahesh Kumar,6a932b5bcd944524379edf09,Lok Sabha
Nandigama (Sc),202,VIJAYAWADA,29,Andhra Pradesh,Krishna,Sivanath Kesineni,6a932b5bcd944524379edf86,Lok Sabha
Ramachandrapuram,161,AMALAPURAM,24,Andhra Pradesh,East Godavari,GM Harish Balayogi,6a932b5bcd944524379ede63,Lok Sabha
Pedakurapadu,204,NARASARAOPET,31,Andhra Pradesh,Guntur,Lavu Sri Krishna Devarayalu,6a932b5bcd944524379edeb0,Lok Sabha
Tanuku,180,NARSAPURAM,26,Andhra Pradesh,West Godavari,Shri Meda Raghunadha Reddy (2024-30),6a932b5ecd944524379ee264,Rajya Sabha
Achampet (Sc),82,NAGARKURNOOL,12,Telangana,Mahbubnagar,DR.MALLU RAVI,6a932b5bcd944524379ede4e,Lok Sabha
Nagarkurnool,81,NAGARKURNOOL,12,Telangana,Mahbubnagar,DR.MALLU RAVI,6a932b5bcd944524379ede4e,Lok Sabha
Makthal,77,MAHABUBNAGAR,11,Telangana,Mahbubnagar,ARUNA. D. K,6a932b5bcd944524379eddde,Lok Sabha
Devarkadra,76,MAHABUBNAGAR,11,Telangana,Mahbubnagar,ARUNA. D. K,6a932b5bcd944524379eddde,Lok Sabha
Eluru,184,ELURU,27,Andhra Pradesh,West Godavari,Putta Mahesh Kumar,6a932b5bcd944524379edf09,Lok Sabha
Gurajala,219,NARASARAOPET,31,Andhra Pradesh,Guntur,Lavu Sri Krishna Devarayalu,6a932b5bcd944524379edeb0,Lok Sabha
Gannavaram,190,MACHILIPATNAM,28,Andhra Pradesh,Krishna,Balashowry Vallabbhaneni,6a932b5bcd944524379eddf2,Lok Sabha
Gannavaram (Sc),165,AMALAPURAM,24,Andhra Pradesh,East Godavari,GM Harish Balayogi,6a932b5bcd944524379ede63,Lok Sabha
Kaikalur,192,ELURU,27,Andhra Pradesh,Krishna,Putta Mahesh Kumar,6a932b5bcd944524379edf09,Lok Sabha
Achanta,175,NARSAPURAM,26,Andhra Pradesh,West Godavari,Shri Meda Raghunadha Reddy (2024-30),6a932b5ecd944524379ee264,Rajya Sabha
Undi,179,NARSAPURAM,26,Andhra Pradesh,West Godavari,Shri Meda Raghunadha Reddy (2024-30),6a932b5ecd944524379ee264,Rajya Sabha
Wanaparthy,78,NAGARKURNOOL,12,Telangana,Mahbubnagar,DR.MALLU RAVI,6a932b5bcd944524379ede4e,Lok Sabha
Macherla,220,NARASARAOPET,31,Andhra Pradesh,Guntur,Lavu Sri Krishna Devarayalu,6a932b5bcd944524379edeb0,Lok Sabha
Bhimavaram,178,NARSAPURAM,26,Andhra Pradesh,West Godavari,Shri Meda Raghunadha Reddy (2024-30),6a932b5ecd944524379ee264,Rajya Sabha
Amalapuram (Sc),163,AMALAPURAM,24,Andhra Pradesh,East Godavari,GM Harish Balayogi,6a932b5bcd944524379ede63,Lok Sabha
Tadikonda (Sc),205,GUNTUR,30,Andhra Pradesh,Guntur,Dr Chandra Sekhar Pemmasani,6a932b5bcd944524379ede37,Lok Sabha
Palacole,176,NARSAPURAM,26,Andhra Pradesh,West Godavari,Shri Meda Raghunadha Reddy (2024-30),6a932b5ecd944524379ee264,Rajya Sabha
Vijayawada Central,199,VIJAYAWADA,29,Andhra Pradesh,Krishna,Sivanath Kesineni,6a932b5bcd944524379edf86,Lok Sabha
Gudivada,191,MACHILIPATNAM,28,Andhra Pradesh,Krishna,Balashowry Vallabbhaneni,6a932b5bcd944524379eddf2,Lok Sabha
Vijayawada West,198,VIJAYAWADA,29,Andhra Pradesh,Krishna,Sivanath Kesineni,6a932b5bcd944524379edf86,Lok Sabha
Razole (Sc),164,AMALAPURAM,24,Andhra Pradesh,East Godavari,GM Harish Balayogi,6a932b5bcd944524379ede63,Lok Sabha
Pamarru (Sc),196,MACHILIPATNAM,28,Andhra Pradesh,Krishna,Balashowry Vallabbhaneni,6a932b5bcd944524379eddf2,Lok Sabha
Penamaluru,197,MACHILIPATNAM,28,Andhra Pradesh,Krishna,Balashowry Vallabbhaneni,6a932b5bcd944524379eddf2,Lok Sabha
Vijayawada East,200,VIJAYAWADA,29,Andhra Pradesh,Krishna,Sivanath Kesineni,6a932b5bcd944524379edf86,Lok Sabha
Mangalagiri,206,GUNTUR,30,Andhra Pradesh,Guntur,Dr Chandra Sekhar Pemmasani,6a932b5bcd944524379ede37,Lok Sabha
Sattenapalle,217,NARASARAOPET,31,Andhra Pradesh,Guntur,Lavu Sri Krishna Devarayalu,6a932b5bcd944524379edeb0,Lok Sabha
Narasapuram,177,NARSAPURAM,26,Andhra Pradesh,West Godavari,Shri Meda Raghunadha Reddy (2024-30),6a932b5ecd944524379ee264,Rajya Sabha
Pedana,193,MACHILIPATNAM,28,Andhra Pradesh,Krishna,Balashowry Vallabbhaneni,6a932b5bcd944524379eddf2,Lok Sabha
Kollapur,85,NAGARKURNOOL,12,Telangana,Mahbubnagar,DR.MALLU RAVI,6a932b5bcd944524379ede4e,Lok Sabha
Gadwal,79,NAGARKURNOOL,12,Telangana,Mahbubnagar,DR.MALLU RAVI,6a932b5bcd944524379ede4e,Lok Sabha
Vinukonda,218,NARASARAOPET,31,Andhra Pradesh,Guntur,Lavu Sri Krishna Devarayalu,6a932b5bcd944524379edeb0,Lok Sabha
Guntur East,214,GUNTUR,30,Andhra Pradesh,Guntur,Dr Chandra Sekhar Pemmasani,6a932b5bcd944524379ede37,Lok Sabha
Ponnur,207,GUNTUR,30,Andhra Pradesh,Guntur,Dr Chandra Sekhar Pemmasani,6a932b5bcd944524379ede37,Lok Sabha
Tenali,210,GUNTUR,30,Andhra Pradesh,Guntur,Dr Chandra Sekhar Pemmasani,6a932b5bcd944524379ede37,Lok Sabha
Guntur West,213,GUNTUR,30,Andhra Pradesh,Guntur,Dr Chandra Sekhar Pemmasani,6a932b5bcd944524379ede37,Lok Sabha
Narasaraopet,216,NARASARAOPET,31,Andhra Pradesh,Guntur,Lavu Sri Krishna Devarayalu,6a932b5bcd944524379edeb0,Lok Sabha
Yerragondapalem (Sc),221,ONGOLE,33,Andhra Pradesh,Prakasam,Magunta Sreenivasulu Reddy,6a932b5bcd944524379edeb8,Lok Sabha
Prathipadu (Sc),212,GUNTUR,30,Andhra Pradesh,Guntur,Dr Chandra Sekhar Pemmasani,6a932b5bcd944524379ede37,Lok Sabha
Chilakaluripet,215,NARASARAOPET,31,Andhra Pradesh,Guntur,Lavu Sri Krishna Devarayalu,6a932b5bcd944524379edeb0,Lok Sabha
Machilipatnam,194,MACHILIPATNAM,28,Andhra Pradesh,Krishna,Balashowry Vallabbhaneni,6a932b5bcd944524379eddf2,Lok Sabha
Vemuru (Sc),208,BAPATLA,32,Andhra Pradesh,Guntur,Krishna Prasad Tenneti,6a932b5bcd944524379edeab,Lok Sabha
Alampur (Sc),80,NAGARKURNOOL,12,Telangana,Mahbubnagar,DR.MALLU RAVI,6a932b5bcd944524379ede4e,Lok Sabha
Avanigadda,195,MACHILIPATNAM,28,Andhra Pradesh,Krishna,Balashowry Vallabbhaneni,6a932b5bcd944524379eddf2,Lok Sabha
Srisailam,254,NANDYAL,34,Andhra Pradesh,Kurnool,DR BYREDDY SHABARI,6a932b5bcd944524379ede35,Lok Sabha
Addanki,224,BAPATLA,32,Andhra Pradesh,Prakasam,Krishna Prasad Tenneti,6a932b5bcd944524379edeab,Lok Sabha
Nandikotkur (Sc),255,NANDYAL,34,Andhra Pradesh,Kurnool,DR BYREDDY SHABARI,6a932b5bcd944524379ede35,Lok Sabha
Repalle,209,BAPATLA,32,Andhra Pradesh,Guntur,Krishna Prasad Tenneti,6a932b5bcd944524379edeab,Lok Sabha
Parchur,223,BAPATLA,32,Andhra Pradesh,Prakasam,Krishna Prasad Tenneti,6a932b5bcd944524379edeab,Lok Sabha
Bapatla,211,BAPATLA,32,Andhra Pradesh,Guntur,Krishna Prasad Tenneti,6a932b5bcd944524379edeab,Lok Sabha
Mantralayam,264,KURNOOL,35,Andhra Pradesh,Kurnool,BASTIPATI NAGARAJU PANCHALINGALA,6a932b5bcd944524379eddf9,Lok Sabha
Darsi,222,ONGOLE,33,Andhra Pradesh,Prakasam,Magunta Sreenivasulu Reddy,6a932b5bcd944524379edeb8,Lok Sabha
Yemmiganur,263,KURNOOL,35,Andhra Pradesh,Kurnool,BASTIPATI NAGARAJU PANCHALINGALA,6a932b5bcd944524379eddf9,Lok Sabha
Chirala,225,BAPATLA,32,Andhra Pradesh,Prakasam,Krishna Prasad Tenneti,6a932b5bcd944524379edeab,Lok Sabha
Kodumur (Sc),262,KURNOOL,35,Andhra Pradesh,Kurnool,BASTIPATI NAGARAJU PANCHALINGALA,6a932b5bcd944524379eddf9,Lok Sabha
Kurnool,256,KURNOOL,35,Andhra Pradesh,Kurnool,BASTIPATI NAGARAJU PANCHALINGALA,6a932b5bcd944524379eddf9,Lok Sabha
Panyam,257,NANDYAL,34,Andhra Pradesh,Kurnool,DR BYREDDY SHABARI,6a932b5bcd944524379ede35,Lok Sabha
Markapuram,230,ONGOLE,33,Andhra Pradesh,Prakasam,Magunta Sreenivasulu Reddy,6a932b5bcd944524379edeb8,Lok Sabha
Adoni,265,KURNOOL,35,Andhra Pradesh,Kurnool,BASTIPATI NAGARAJU PANCHALINGALA,6a932b5bcd944524379eddf9,Lok Sabha
Giddalur,231,ONGOLE,33,Andhra Pradesh,Prakasam,Magunta Sreenivasulu Reddy,6a932b5bcd944524379edeb8,Lok Sabha
Santhanuthalapadu (Sc),226,BAPATLA,32,Andhra Pradesh,Prakasam,Krishna Prasad Tenneti,6a932b5bcd944524379edeab,Lok Sabha
Alur,266,KURNOOL,35,Andhra Pradesh,Kurnool,BASTIPATI NAGARAJU PANCHALINGALA,6a932b5bcd944524379eddf9,Lok Sabha
Pattikonda,261,KURNOOL,35,Andhra Pradesh,Kurnool,BASTIPATI NAGARAJU PANCHALINGALA,6a932b5bcd944524379eddf9,Lok Sabha
Dhone,260,NANDYAL,34,Andhra Pradesh,Kurnool,DR BYREDDY SHABARI,6a932b5bcd944524379ede35,Lok Sabha
Kondapi (Sc),229,ONGOLE,33,Andhra Pradesh,Prakasam,Magunta Sreenivasulu Reddy,6a932b5bcd944524379edeb8,Lok Sabha
Ongole,227,ONGOLE,33,Andhra Pradesh,Prakasam,Magunta Sreenivasulu Reddy,6a932b5bcd944524379edeb8,Lok Sabha
Nandyal,258,NANDYAL,34,Andhra Pradesh,Kurnool,DR BYREDDY SHABARI,6a932b5bcd944524379ede35,Lok Sabha
Kanigiri,232,ONGOLE,33,Andhra Pradesh,Prakasam,Magunta Sreenivasulu Reddy,6a932b5bcd944524379edeb8,Lok Sabha
Banaganapalle,259,NANDYAL,34,Andhra Pradesh,Kurnool,DR BYREDDY SHABARI,6a932b5bcd944524379ede35,Lok Sabha
Allagadda,253,NANDYAL,34,Andhra Pradesh,Kurnool,DR BYREDDY SHABARI,6a932b5bcd944524379ede35,Lok Sabha
Kandukur,228,NELLORE,39,Andhra Pradesh,Prakasam,PRABHAKAR REDDY VEMIREDDY,6a932b5bcd944524379edef5,Lok Sabha
Guntakal,269,ANANTAPUR,36,Andhra Pradesh,Anantapur,AMBICA G LAKSHMINARAYANA VALMIKI,6a932b5bcd944524379eddc6,Lok Sabha
Badvel (Sc),243,KADAPA,38,Andhra Pradesh,Cuddapah,Y S Avinash Reddy,6a932b5bcd944524379edfc9,Lok Sabha
Uravakonda,268,ANANTAPUR,36,Andhra Pradesh,Anantapur,AMBICA G LAKSHMINARAYANA VALMIKI,6a932b5bcd944524379eddc6,Lok Sabha
Tadpatri,270,ANANTAPUR,36,Andhra Pradesh,Anantapur,AMBICA G LAKSHMINARAYANA VALMIKI,6a932b5bcd944524379eddc6,Lok Sabha
Rayadurg,267,ANANTAPUR,36,Andhra Pradesh,Anantapur,AMBICA G LAKSHMINARAYANA VALMIKI,6a932b5bcd944524379eddc6,Lok Sabha
Udayagiri,242,NELLORE,39,Andhra Pradesh,Nellore,PRABHAKAR REDDY VEMIREDDY,6a932b5bcd944524379edef5,Lok Sabha
Jammalamadugu,250,KADAPA,38,Andhra Pradesh,Cuddapah,Y S Avinash Reddy,6a932b5bcd944524379edfc9,Lok Sabha
Mydukur,252,KADAPA,38,Andhra Pradesh,Cuddapah,Y S Avinash Reddy,6a932b5bcd944524379edfc9,Lok Sabha
Kavali,233,NELLORE,39,Andhra Pradesh,Nellore,PRABHAKAR REDDY VEMIREDDY,6a932b5bcd944524379edef5,Lok Sabha
Proddatur,251,KADAPA,38,Andhra Pradesh,Cuddapah,Y S Avinash Reddy,6a932b5bcd944524379edfc9,Lok Sabha
Singanamala (Sc),271,ANANTAPUR,36,Andhra Pradesh,Anantapur,AMBICA G LAKSHMINARAYANA VALMIKI,6a932b5bcd944524379eddc6,Lok Sabha
Atmakur,234,NELLORE,39,Andhra Pradesh,Nellore,PRABHAKAR REDDY VEMIREDDY,6a932b5bcd944524379edef5,Lok Sabha
Anantapur Urban,272,ANANTAPUR,36,Andhra Pradesh,Anantapur,AMBICA G LAKSHMINARAYANA VALMIKI,6a932b5bcd944524379eddc6,Lok Sabha
Raptadu,274,HINDUPUR,37,Andhra Pradesh,Anantapur,B K PARTHASARATHI,6a932b5bcd944524379eddeb,Lok Sabha
Pulivendla,248,KADAPA,38,Andhra Pradesh,Cuddapah,Y S Avinash Reddy,6a932b5bcd944524379edfc9,Lok Sabha
Kalyandurg,273,ANANTAPUR,36,Andhra Pradesh,Anantapur,AMBICA G LAKSHMINARAYANA VALMIKI,6a932b5bcd944524379eddc6,Lok Sabha
Dharmavaram,279,HINDUPUR,37,Andhra Pradesh,Anantapur,B K PARTHASARATHI,6a932b5bcd944524379eddeb,Lok Sabha
Kamalapuram,249,KADAPA,38,Andhra Pradesh,Cuddapah,Y S Avinash Reddy,6a932b5bcd944524379edfc9,Lok Sabha
Kovur,235,NELLORE,39,Andhra Pradesh,Nellore,PRABHAKAR REDDY VEMIREDDY,6a932b5bcd944524379edef5,Lok Sabha
Sarvepalli,238,TIRUPATI,40,Andhra Pradesh,Nellore,Maddila Gurumoorthy,6a932b5bcd944524379edeb6,Lok Sabha
Venkatagiri,241,TIRUPATI,40,Andhra Pradesh,Nellore,Maddila Gurumoorthy,6a932b5bcd944524379edeb6,Lok Sabha
Kadapa,245,KADAPA,38,Andhra Pradesh,Cuddapah,Y S Avinash Reddy,6a932b5bcd944524379edfc9,Lok Sabha
Nellore City,236,NELLORE,39,Andhra Pradesh,Nellore,PRABHAKAR REDDY VEMIREDDY,6a932b5bcd944524379edef5,Lok Sabha
Rajampet,244,RAJAMPET,41,Andhra Pradesh,Cuddapah,Midhun Reddy,6a932b5bcd944524379edece,Lok Sabha
Nellore Rural,237,NELLORE,39,Andhra Pradesh,Nellore,PRABHAKAR REDDY VEMIREDDY,6a932b5bcd944524379edef5,Lok Sabha
Puttaparthi,278,HINDUPUR,37,Andhra Pradesh,Anantapur,B K PARTHASARATHI,6a932b5bcd944524379eddeb,Lok Sabha
Kodur (Sc),246,RAJAMPET,41,Andhra Pradesh,Cuddapah,Midhun Reddy,6a932b5bcd944524379edece,Lok Sabha
Kadiri,280,HINDUPUR,37,Andhra Pradesh,Anantapur,B K PARTHASARATHI,6a932b5bcd944524379eddeb,Lok Sabha
Rayachoti,247,RAJAMPET,41,Andhra Pradesh,Cuddapah,Midhun Reddy,6a932b5bcd944524379edece,Lok Sabha
Penukonda,277,HINDUPUR,37,Andhra Pradesh,Anantapur,B K PARTHASARATHI,6a932b5bcd944524379eddeb,Lok Sabha
Madakasira (Sc),275,HINDUPUR,37,Andhra Pradesh,Anantapur,B K PARTHASARATHI,6a932b5bcd944524379eddeb,Lok Sabha
Gudur (Sc),239,TIRUPATI,40,Andhra Pradesh,Nellore,Maddila Gurumoorthy,6a932b5bcd944524379edeb6,Lok Sabha
Sullurpeta (Sc),240,TIRUPATI,40,Andhra Pradesh,Nellore,Maddila Gurumoorthy,6a932b5bcd944524379edeb6,Lok Sabha
Thamballapalle,281,RAJAMPET,41,Andhra Pradesh,Chittoor,Midhun Reddy,6a932b5bcd944524379edece,Lok Sabha
Hindupur,276,HINDUPUR,37,Andhra Pradesh,Anantapur,B K PARTHASARATHI,6a932b5bcd944524379eddeb,Lok Sabha
Pileru,282,RAJAMPET,41,Andhra Pradesh,Chittoor,Midhun Reddy,6a932b5bcd944524379edece,Lok Sabha
Srikalahasti,287,TIRUPATI,40,Andhra Pradesh,Chittoor,Maddila Gurumoorthy,6a932b5bcd944524379edeb6,Lok Sabha
Chandragiri,285,CHITTOOR,42,Andhra Pradesh,Chittoor,DAGGUMALLA PRASADA RAO,6a932b5bcd944524379ede23,Lok Sabha
Satyavedu (Sc),288,TIRUPATI,40,Andhra Pradesh,Chittoor,Maddila Gurumoorthy,6a932b5bcd944524379edeb6,Lok Sabha
Tirupati,286,TIRUPATI,40,Andhra Pradesh,Chittoor,Maddila Gurumoorthy,6a932b5bcd944524379edeb6,Lok Sabha
Punganur,284,RAJAMPET,41,Andhra Pradesh,Chittoor,Midhun Reddy,6a932b5bcd944524379edece,Lok Sabha
Madanapalle,283,RAJAMPET,41,Andhra Pradesh,Chittoor,Midhun Reddy,6a932b5bcd944524379edece,Lok Sabha
Nagari,289,CHITTOOR,42,Andhra Pradesh,Chittoor,DAGGUMALLA PRASADA RAO,6a932b5bcd944524379ede23,Lok Sabha
Puthalapattu (Sc),292,CHITTOOR,42,Andhra Pradesh,Chittoor,DAGGUMALLA PRASADA RAO,6a932b5bcd944524379ede23,Lok Sabha
Gangadhara Nellore (Sc),290,CHITTOOR,42,Andhra Pradesh,Chittoor,DAGGUMALLA PRASADA RAO,6a932b5bcd944524379ede23,Lok Sabha
Palamaner,293,CHITTOOR,42,Andhra Pradesh,Chittoor,DAGGUMALLA PRASADA RAO,6a932b5bcd944524379ede23,Lok Sabha
Chittoor,291,CHITTOOR,42,Andhra Pradesh,Chittoor,DAGGUMALLA PRASADA RAO,6a932b5bcd944524379ede23,Lok Sabha
Kuppam,294,CHITTOOR,42,Andhra Pradesh,Chittoor,DAGGUMALLA PRASADA RAO,6a932b5bcd944524379ede23,Lok Sabha
Anini,41,ARUNACHAL EAST,2,Arunachal Pradesh,Dibang Valley,Shri Tapir Gao,6a932b5bcd944524379edf7f,Lok Sabha
Tuting-Yinkgkiong,34,ARUNACHAL EAST,2,Arunachal Pradesh,Upper Siang,Shri Tapir Gao,6a932b5bcd944524379edf7f,Lok Sabha
Mechuka,33,ARUNACHAL WEST,1,Arunachal Pradesh,West Siang,Kiren Rijiju,6a932b5bcd944524379edea2,Lok Sabha
Rumgong,32,ARUNACHAL WEST,1,Arunachal Pradesh,West Siang,Kiren Rijiju,6a932b5bcd944524379edea2,Lok Sabha
Mariyang-Geku,40,ARUNACHAL EAST,2,Arunachal Pradesh,Upper Siang,Shri Tapir Gao,6a932b5bcd944524379edf7f,Lok Sabha
Dambuk,42,ARUNACHAL EAST,2,Arunachal Pradesh,Lower Dibang Valley,Shri Tapir Gao,6a932b5bcd944524379edf7f,Lok Sabha
Roing,43,ARUNACHAL EAST,2,Arunachal Pradesh,Lower Dibang Valley,Shri Tapir Gao,6a932b5bcd944524379edf7f,Lok Sabha
Nacho,22,ARUNACHAL WEST,1,Arunachal Pradesh,Upper Subansiri,Kiren Rijiju,6a932b5bcd944524379edea2,Lok Sabha
Hauyuliang,45,ARUNACHAL EAST,2,Arunachal Pradesh,Anjaw,Shri Tapir Gao,6a932b5bcd944524379edf7f,Lok Sabha
Pangin,35,ARUNACHAL EAST,2,Arunachal Pradesh,East Siang,Shri Tapir Gao,6a932b5bcd944524379edf7f,Lok Sabha
Tezu,44,ARUNACHAL EAST,2,Arunachal Pradesh,Lohit,Shri Tapir Gao,6a932b5bcd944524379edf7f,Lok Sabha
Taliha,23,ARUNACHAL WEST,1,Arunachal Pradesh,Upper Subansiri,Kiren Rijiju,6a932b5bcd944524379edea2,Lok Sabha
Liromoba,27,ARUNACHAL WEST,1,Arunachal Pradesh,West Siang,Kiren Rijiju,6a932b5bcd944524379edea2,Lok Sabha
Mebo,39,ARUNACHAL EAST,2,Arunachal Pradesh,East Siang,Shri Tapir Gao,6a932b5bcd944524379edf7f,Lok Sabha
Koloriang,21,ARUNACHAL WEST,1,Arunachal Pradesh,Kurung Kumey,Kiren Rijiju,6a932b5bcd944524379edea2,Lok Sabha
Along West,30,ARUNACHAL WEST,1,Arunachal Pradesh,West Siang,Kiren Rijiju,6a932b5bcd944524379edea2,Lok Sabha
Tali,20,ARUNACHAL WEST,1,Arunachal Pradesh,Kurung Kumey,Kiren Rijiju,6a932b5bcd944524379edea2,Lok Sabha
Pasighat East,38,ARUNACHAL EAST,2,Arunachal Pradesh,East Siang,Shri Tapir Gao,6a932b5bcd944524379edf7f,Lok Sabha
Along East,31,ARUNACHAL WEST,1,Arunachal Pradesh,West Siang,Kiren Rijiju,6a932b5bcd944524379edea2,Lok Sabha
Daporijo,24,ARUNACHAL WEST,1,Arunachal Pradesh,Upper Subansiri,Kiren Rijiju,6a932b5bcd944524379edea2,Lok Sabha
Damporijo,26,ARUNACHAL WEST,1,Arunachal Pradesh,Upper Subansiri,Kiren Rijiju,6a932b5bcd944524379edea2,Lok Sabha
Basar,29,ARUNACHAL WEST,1,Arunachal Pradesh,West Siang,Kiren Rijiju,6a932b5bcd944524379edea2,Lok Sabha
Pasighat West,37,ARUNACHAL EAST,2,Arunachal Pradesh,East Siang,Shri Tapir Gao,6a932b5bcd944524379edf7f,Lok Sabha
Nari-Koyu,36,ARUNACHAL EAST,2,Arunachal Pradesh,East Siang,Shri Tapir Gao,6a932b5bcd944524379edf7f,Lok Sabha
Chowkham,46,ARUNACHAL EAST,2,Arunachal Pradesh,Lohit,Shri Tapir Gao,6a932b5bcd944524379edf7f,Lok Sabha
Raga,25,ARUNACHAL WEST,1,Arunachal Pradesh,Upper Subansiri,Kiren Rijiju,6a932b5bcd944524379edea2,Lok Sabha
Namsai,47,ARUNACHAL EAST,2,Arunachal Pradesh,Lohit,Shri Tapir Gao,6a932b5bcd944524379edf7f,Lok Sabha
Nyapin,19,ARUNACHAL WEST,1,Arunachal Pradesh,Kurung Kumey,Kiren Rijiju,6a932b5bcd944524379edea2,Lok Sabha
Raga,25,ARUNACHAL WEST,1,Arunachal Pradesh,Lower Subansiri,Kiren Rijiju,6a932b5bcd944524379edea2,Lok Sabha
Palin,18,ARUNACHAL WEST,1,Arunachal Pradesh,Kurung Kumey,Kiren Rijiju,6a932b5bcd944524379edea2,Lok Sabha
Likabali,28,ARUNACHAL WEST,1,Arunachal Pradesh,West Siang,Kiren Rijiju,6a932b5bcd944524379edea2,Lok Sabha
Bordumsa-Diyum,49,ARUNACHAL EAST,2,Arunachal Pradesh,Changlang,Shri Tapir Gao,6a932b5bcd944524379edf7f,Lok Sabha
Bameng,8,ARUNACHAL WEST,1,Arunachal Pradesh,East Kameng,Kiren Rijiju,6a932b5bcd944524379edea2,Lok Sabha
Miao,50,ARUNACHAL EAST,2,Arunachal Pradesh,Changlang,Shri Tapir Gao,6a932b5bcd944524379edf7f,Lok Sabha
Chayangtajo,9,ARUNACHAL WEST,1,Arunachal Pradesh,East Kameng,Kiren Rijiju,6a932b5bcd944524379edea2,Lok Sabha
Lekang,48,ARUNACHAL EAST,2,Arunachal Pradesh,Lohit,Shri Tapir Gao,6a932b5bcd944524379edf7f,Lok Sabha
Mukto,3,ARUNACHAL WEST,1,Arunachal Pradesh,Tawang,Kiren Rijiju,6a932b5bcd944524379edea2,Lok Sabha
Yachuli,16,ARUNACHAL WEST,1,Arunachal Pradesh,Lower Subansiri,Kiren Rijiju,6a932b5bcd944524379edea2,Lok Sabha
Lumla,1,ARUNACHAL WEST,1,Arunachal Pradesh,Tawang,Kiren Rijiju,6a932b5bcd944524379edea2,Lok Sabha
Dirang,4,ARUNACHAL WEST,1,Arunachal Pradesh,West Kameng,Kiren Rijiju,6a932b5bcd944524379edea2,Lok Sabha
Bomdila,7,ARUNACHAL WEST,1,Arunachal Pradesh,West Kameng,Kiren Rijiju,6a932b5bcd944524379edea2,Lok Sabha
Tawang,2,ARUNACHAL WEST,1,Arunachal Pradesh,Tawang,Kiren Rijiju,6a932b5bcd944524379edea2,Lok Sabha
Ziro-Hapoli,17,ARUNACHAL WEST,1,Arunachal Pradesh,Lower Subansiri,Kiren Rijiju,6a932b5bcd944524379edea2,Lok Sabha
Nampong,51,ARUNACHAL EAST,2,Arunachal Pradesh,Changlang,Shri Tapir Gao,6a932b5bcd944524379edf7f,Lok Sabha
Sagalee,15,ARUNACHAL WEST,1,Arunachal Pradesh,Papum Pare,Kiren Rijiju,6a932b5bcd944524379edea2,Lok Sabha
Doimukh,14,ARUNACHAL WEST,1,Arunachal Pradesh,Papum Pare,Kiren Rijiju,6a932b5bcd944524379edea2,Lok Sabha
Changlang North,53,ARUNACHAL EAST,2,Arunachal Pradesh,Changlang,Shri Tapir Gao,6a932b5bcd944524379edf7f,Lok Sabha
Seppa East,10,ARUNACHAL WEST,1,Arunachal Pradesh,East Kameng,Kiren Rijiju,6a932b5bcd944524379edea2,Lok Sabha
Changlang South,52,ARUNACHAL EAST,2,Arunachal Pradesh,Changlang,Shri Tapir Gao,6a932b5bcd944524379edf7f,Lok Sabha
Seppa West,11,ARUNACHAL WEST,1,Arunachal Pradesh,East Kameng,Kiren Rijiju,6a932b5bcd944524379edea2,Lok Sabha
Namsang,54,ARUNACHAL EAST,2,Arunachal Pradesh,Tirap,Shri Tapir Gao,6a932b5bcd944524379edf7f,Lok Sabha
Thrizino-Buragaon,6,ARUNACHAL WEST,1,Arunachal Pradesh,West Kameng,Kiren Rijiju,6a932b5bcd944524379edea2,Lok Sabha
Pakke-Kasang,12,ARUNACHAL WEST,1,Arunachal Pradesh,East Kameng,Kiren Rijiju,6a932b5bcd944524379edea2,Lok Sabha
Khonsa East,55,ARUNACHAL EAST,2,Arunachal Pradesh,Tirap,Shri Tapir Gao,6a932b5bcd944524379edf7f,Lok Sabha
Kanubari,58,ARUNACHAL EAST,2,Arunachal Pradesh,Tirap,Shri Tapir Gao,6a932b5bcd944524379edf7f,Lok Sabha
Borduria- Bagapani,57,ARUNACHAL EAST,2,Arunachal Pradesh,Tirap,Shri Tapir Gao,6a932b5bcd944524379edf7f,Lok Sabha
Itanagar,13,ARUNACHAL WEST,1,Arunachal Pradesh,Papum Pare,Kiren Rijiju,6a932b5bcd944524379edea2,Lok Sabha
Kalaktang,5,ARUNACHAL WEST,1,Arunachal Pradesh,West Kameng,Kiren Rijiju,6a932b5bcd944524379edea2,Lok Sabha
Khonsa West,56,ARUNACHAL EAST,2,Arunachal Pradesh,Tirap,Shri Tapir Gao,6a932b5bcd944524379edf7f,Lok Sabha
Longding-Pumao,59,ARUNACHAL EAST,2,Arunachal Pradesh,Tirap,Shri Tapir Gao,6a932b5bcd944524379edf7f,Lok Sabha
Pongchou-Wakka,60,ARUNACHAL EAST,2,Arunachal Pradesh,Tirap,Shri Tapir Gao,6a932b5bcd944524379edf7f,Lok Sabha
Ramnagar (Sc),2,VALMIKI NAGAR,1,Bihar,Pashchim Champaran,Sunil Kumar,6a932b5bcd944524379edfa2,Lok Sabha
Valmiki Nagar,1,VALMIKI NAGAR,1,Bihar,Pashchim Champaran,Sunil Kumar,6a932b5bcd944524379edfa2,Lok Sabha
Sikta,9,VALMIKI NAGAR,1,Bihar,Pashchim Champaran,Sunil Kumar,6a932b5bcd944524379edfa2,Lok Sabha
Bagaha,4,VALMIKI NAGAR,1,Bihar,Pashchim Champaran,Sunil Kumar,6a932b5bcd944524379edfa2,Lok Sabha
Narkatiaganj,3,VALMIKI NAGAR,1,Bihar,Pashchim Champaran,Sunil Kumar,6a932b5bcd944524379edfa2,Lok Sabha
Lauriya,5,VALMIKI NAGAR,1,Bihar,Pashchim Champaran,Sunil Kumar,6a932b5bcd944524379edfa2,Lok Sabha
Raxaul,10,PASCHIM CHAMPARAN,2,Bihar,Purba Champaran,Sanjay Jaiswal,6a932b5bcd944524379edf44,Lok Sabha
Chanpatia,7,PASCHIM CHAMPARAN,2,Bihar,Pashchim Champaran,Sanjay Jaiswal,6a932b5bcd944524379edf44,Lok Sabha
Sugauli,11,PASCHIM CHAMPARAN,2,Bihar,Purba Champaran,Sanjay Jaiswal,6a932b5bcd944524379edf44,Lok Sabha
Narkatia,12,PASCHIM CHAMPARAN,2,Bihar,Purba Champaran,Sanjay Jaiswal,6a932b5bcd944524379edf44,Lok Sabha
Parihar,25,SITAMARHI,5,Bihar,Sitamarhi,DEVESH CHANDRA THAKUR,6a932b5bcd944524379ede29,Lok Sabha
Dhaka,21,SHEOHAR,4,Bihar,Purba Champaran,LOVELY ANAND,6a932b5bcd944524379edeb2,Lok Sabha
Nautan,6,PASCHIM CHAMPARAN,2,Bihar,Pashchim Champaran,Sanjay Jaiswal,6a932b5bcd944524379edf44,Lok Sabha
Bettiah,8,PASCHIM CHAMPARAN,2,Bihar,Pashchim Champaran,Sanjay Jaiswal,6a932b5bcd944524379edf44,Lok Sabha
Bathnaha (Sc),24,SITAMARHI,5,Bihar,Sitamarhi,DEVESH CHANDRA THAKUR,6a932b5bcd944524379ede29,Lok Sabha
Motihari,19,PURVI CHAMPARAN,3,Bihar,Purba Champaran,Radha Mohan Singh,6a932b5bcd944524379edf0d,Lok Sabha
Chiraia,20,SHEOHAR,4,Bihar,Purba Champaran,LOVELY ANAND,6a932b5bcd944524379edeb2,Lok Sabha
Riga,23,SHEOHAR,4,Bihar,Sitamarhi,LOVELY ANAND,6a932b5bcd944524379edeb2,Lok Sabha
Harsidhi (Sc),13,PURVI CHAMPARAN,3,Bihar,Purba Champaran,Radha Mohan Singh,6a932b5bcd944524379edf0d,Lok Sabha
Govindganj,14,PURVI CHAMPARAN,3,Bihar,Purba Champaran,Radha Mohan Singh,6a932b5bcd944524379edf0d,Lok Sabha
Khajauli,33,JHANJHARPUR,7,Bihar,Madhubani,Ramprit Mandal,6a932b5bcd944524379edf2b,Lok Sabha
Harlakhi,31,MADHUBANI,6,Bihar,Madhubani,Ashok Kumar Yadav,6a932b5bcd944524379edde5,Lok Sabha
Sursand,26,SITAMARHI,5,Bihar,Sitamarhi,DEVESH CHANDRA THAKUR,6a932b5bcd944524379ede29,Lok Sabha
Sheohar,22,SHEOHAR,4,Bihar,Sheohar,LOVELY ANAND,6a932b5bcd944524379edeb2,Lok Sabha
Sitamarhi,28,SITAMARHI,5,Bihar,Sitamarhi,DEVESH CHANDRA THAKUR,6a932b5bcd944524379ede29,Lok Sabha
Thakurganj,53,KISHANGANJ,10,Bihar,Kishanganj,Dr Mohammad Jawed,6a932b5bcd944524379ede3b,Lok Sabha
Babubarhi,34,JHANJHARPUR,7,Bihar,Madhubani,Ramprit Mandal,6a932b5bcd944524379edf2b,Lok Sabha
Narpatganj,46,ARARIA,9,Bihar,Araria,Pradeep Kumar Singh,6a932b5bcd944524379edef8,Lok Sabha
Bajpatti,27,SITAMARHI,5,Bihar,Sitamarhi,DEVESH CHANDRA THAKUR,6a932b5bcd944524379ede29,Lok Sabha
Madhuban,18,SHEOHAR,4,Bihar,Purba Champaran,LOVELY ANAND,6a932b5bcd944524379edeb2,Lok Sabha
Kuchaikote,102,GOPALGANJ,17,Bihar,Gopalganj,Alok Kumar Suman,6a932b5bcd944524379eddc2,Lok Sabha
Bhorey (Sc),103,GOPALGANJ,17,Bihar,Gopalganj,Alok Kumar Suman,6a932b5bcd944524379eddc2,Lok Sabha
Gopalganj,101,GOPALGANJ,17,Bihar,Gopalganj,Alok Kumar Suman,6a932b5bcd944524379eddc2,Lok Sabha
Laukaha,40,JHANJHARPUR,7,Bihar,Madhubani,Ramprit Mandal,6a932b5bcd944524379edf2b,Lok Sabha
Chhatapur,45,SUPAUL,8,Bihar,Supaul,Dileshwar Kamait,6a932b5bcd944524379ede31,Lok Sabha
Kalyanpur,16,PURVI CHAMPARAN,3,Bihar,Purba Champaran,Radha Mohan Singh,6a932b5bcd944524379edf0d,Lok Sabha
Belsand,30,SHEOHAR,4,Bihar,Sitamarhi,LOVELY ANAND,6a932b5bcd944524379edeb2,Lok Sabha
Benipatti,32,MADHUBANI,6,Bihar,Madhubani,Ashok Kumar Yadav,6a932b5bcd944524379edde5,Lok Sabha
Pipra,17,PURVI CHAMPARAN,3,Bihar,Purba Champaran,Radha Mohan Singh,6a932b5bcd944524379edf0d,Lok Sabha
Kishanganj,54,KISHANGANJ,10,Bihar,Kishanganj,Dr Mohammad Jawed,6a932b5bcd944524379ede3b,Lok Sabha
Kesaria,15,PURVI CHAMPARAN,3,Bihar,Purba Champaran,Radha Mohan Singh,6a932b5bcd944524379edf0d,Lok Sabha
Runnisaidpur,29,SITAMARHI,5,Bihar,Sitamarhi,DEVESH CHANDRA THAKUR,6a932b5bcd944524379ede29,Lok Sabha
Bahadurganj,52,KISHANGANJ,10,Bihar,Kishanganj,Dr Mohammad Jawed,6a932b5bcd944524379ede3b,Lok Sabha
Sikti,51,ARARIA,9,Bihar,Araria,Pradeep Kumar Singh,6a932b5bcd944524379edef8,Lok Sabha
Nirmali,41,SUPAUL,8,Bihar,Supaul,Dileshwar Kamait,6a932b5bcd944524379ede31,Lok Sabha
Hathua,104,GOPALGANJ,17,Bihar,Gopalganj,Alok Kumar Suman,6a932b5bcd944524379eddc2,Lok Sabha
Barauli,100,GOPALGANJ,17,Bihar,Gopalganj,Alok Kumar Suman,6a932b5bcd944524379eddc2,Lok Sabha
Rajnagar (Sc),37,JHANJHARPUR,7,Bihar,Madhubani,Ramprit Mandal,6a932b5bcd944524379edf2b,Lok Sabha
Forbesganj,48,ARARIA,9,Bihar,Araria,Pradeep Kumar Singh,6a932b5bcd944524379edef8,Lok Sabha
Jale,87,MADHUBANI,6,Bihar,Darbhanga,Ashok Kumar Yadav,6a932b5bcd944524379edde5,Lok Sabha
Baikunthpur,99,GOPALGANJ,17,Bihar,Gopalganj,Alok Kumar Suman,6a932b5bcd944524379eddc2,Lok Sabha
Phulparas,39,JHANJHARPUR,7,Bihar,Madhubani,Ramprit Mandal,6a932b5bcd944524379edf2b,Lok Sabha
Bisfi,35,MADHUBANI,6,Bihar,Madhubani,Ashok Kumar Yadav,6a932b5bcd944524379edde5,Lok Sabha
Triveniganj (Sc),44,SUPAUL,8,Bihar,Supaul,Dileshwar Kamait,6a932b5bcd944524379ede31,Lok Sabha
Aurai,89,MUZAFFARPUR,15,Bihar,Muzaffarpur,RAJ BHUSHAN CHOUDHARY,6a932b5bcd944524379edf13,Lok Sabha
Araria,49,ARARIA,9,Bihar,Araria,Pradeep Kumar Singh,6a932b5bcd944524379edef8,Lok Sabha
Madhubani,36,MADHUBANI,6,Bihar,Madhubani,Ashok Kumar Yadav,6a932b5bcd944524379edde5,Lok Sabha
Jhanjharpur,38,JHANJHARPUR,7,Bihar,Madhubani,Ramprit Mandal,6a932b5bcd944524379edf2b,Lok Sabha
Minapur,90,VAISHALI,16,Bihar,Muzaffarpur,Smt Veena Devi,6a932b5bcd944524379edf97,Lok Sabha
Pipra,42,SUPAUL,8,Bihar,Supaul,Dileshwar Kamait,6a932b5bcd944524379ede31,Lok Sabha
Siwan,105,SIWAN,18,Bihar,Siwan,VIJAYLAKSHMI DEVI,6a932b5bcd944524379edfbf,Lok Sabha
Barharia,110,SIWAN,18,Bihar,Siwan,VIJAYLAKSHMI DEVI,6a932b5bcd944524379edfbf,Lok Sabha
Ziradei,106,SIWAN,18,Bihar,Siwan,VIJAYLAKSHMI DEVI,6a932b5bcd944524379edfbf,Lok Sabha
Supaul,43,SUPAUL,8,Bihar,Supaul,Dileshwar Kamait,6a932b5bcd944524379ede31,Lok Sabha
Keoti,86,MADHUBANI,6,Bihar,Darbhanga,Ashok Kumar Yadav,6a932b5bcd944524379edde5,Lok Sabha
Baruraj,96,VAISHALI,16,Bihar,Muzaffarpur,Smt Veena Devi,6a932b5bcd944524379edf97,Lok Sabha
Sahebganj,98,VAISHALI,16,Bihar,Muzaffarpur,Smt Veena Devi,6a932b5bcd944524379edf97,Lok Sabha
Jokihat,50,ARARIA,9,Bihar,Araria,Pradeep Kumar Singh,6a932b5bcd944524379edef8,Lok Sabha
Goriakothi,111,MAHARAJGANJ,19,Bihar,Siwan,Shri Janardan Singh Sigriwal,6a932b5bcd944524379edf6e,Lok Sabha
Bochaha (Sc),91,MUZAFFARPUR,15,Bihar,Muzaffarpur,RAJ BHUSHAN CHOUDHARY,6a932b5bcd944524379edf13,Lok Sabha
Darbhanga Rural,82,DARBHANGA,14,Bihar,Darbhanga,Mr Gopal Jee Thakur,6a932b5bcd944524379eded4,Lok Sabha
Gaighat,88,MUZAFFARPUR,15,Bihar,Muzaffarpur,RAJ BHUSHAN CHOUDHARY,6a932b5bcd944524379edf13,Lok Sabha
Kanti,95,VAISHALI,16,Bihar,Muzaffarpur,Smt Veena Devi,6a932b5bcd944524379edf97,Lok Sabha
Darbhanga,83,DARBHANGA,14,Bihar,Darbhanga,Mr Gopal Jee Thakur,6a932b5bcd944524379eded4,Lok Sabha
Alinagar,81,DARBHANGA,14,Bihar,Darbhanga,Mr Gopal Jee Thakur,6a932b5bcd944524379eded4,Lok Sabha
Raniganj (Sc),47,ARARIA,9,Bihar,Araria,Pradeep Kumar Singh,6a932b5bcd944524379edef8,Lok Sabha
Darauli (Sc),107,SIWAN,18,Bihar,Siwan,VIJAYLAKSHMI DEVI,6a932b5bcd944524379edfbf,Lok Sabha
Taraiya,116,MAHARAJGANJ,19,Bihar,Saran,Shri Janardan Singh Sigriwal,6a932b5bcd944524379edf6e,Lok Sabha
Raghunathpur,108,SIWAN,18,Bihar,Siwan,VIJAYLAKSHMI DEVI,6a932b5bcd944524379edfbf,Lok Sabha
Baniapur,115,MAHARAJGANJ,19,Bihar,Saran,Shri Janardan Singh Sigriwal,6a932b5bcd944524379edf6e,Lok Sabha
Amour,56,KISHANGANJ,10,Bihar,Purnia,Dr Mohammad Jawed,6a932b5bcd944524379ede3b,Lok Sabha
Bahadurpur,85,DARBHANGA,14,Bihar,Darbhanga,Mr Gopal Jee Thakur,6a932b5bcd944524379eded4,Lok Sabha
Benipur,80,DARBHANGA,14,Bihar,Darbhanga,Mr Gopal Jee Thakur,6a932b5bcd944524379eded4,Lok Sabha
Maharajganj,112,MAHARAJGANJ,19,Bihar,Siwan,Shri Janardan Singh Sigriwal,6a932b5bcd944524379edf6e,Lok Sabha
Paroo,97,VAISHALI,16,Bihar,Muzaffarpur,Smt Veena Devi,6a932b5bcd944524379edf97,Lok Sabha
Madhepura,73,MADHEPURA,13,Bihar,Madhepura,Dinesh Chandra Yadav,6a932b5bcd944524379ede33,Lok Sabha
Muzaffarpur,94,MUZAFFARPUR,15,Bihar,Muzaffarpur,RAJ BHUSHAN CHOUDHARY,6a932b5bcd944524379edf13,Lok Sabha
Singheshwar (Sc),72,SUPAUL,8,Bihar,Madhepura,Dileshwar Kamait,6a932b5bcd944524379ede31,Lok Sabha
Daraundha,109,SIWAN,18,Bihar,Siwan,VIJAYLAKSHMI DEVI,6a932b5bcd944524379edfbf,Lok Sabha
Hayaghat,84,SAMASTIPUR,23,Bihar,Darbhanga,SHAMBHAVI,6a932b5bcd944524379edf55,Lok Sabha
Kurhani,93,MUZAFFARPUR,15,Bihar,Muzaffarpur,RAJ BHUSHAN CHOUDHARY,6a932b5bcd944524379edf13,Lok Sabha
Mahishi,77,MADHEPURA,13,Bihar,Saharsa,Dinesh Chandra Yadav,6a932b5bcd944524379ede33,Lok Sabha
Kalyanpur (Sc),131,SAMASTIPUR,23,Bihar,Samastipur,SHAMBHAVI,6a932b5bcd944524379edf55,Lok Sabha
Gaura Bauram,79,DARBHANGA,14,Bihar,Darbhanga,Mr Gopal Jee Thakur,6a932b5bcd944524379eded4,Lok Sabha
Sakra (Sc),92,MUZAFFARPUR,15,Bihar,Muzaffarpur,RAJ BHUSHAN CHOUDHARY,6a932b5bcd944524379edf13,Lok Sabha
Ekma,113,MAHARAJGANJ,19,Bihar,Saran,Shri Janardan Singh Sigriwal,6a932b5bcd944524379edf6e,Lok Sabha
Kasba,58,PURNIA,12,Bihar,Purnia,Dr. Faiyaz Ahmad (2022-28),6a932b5ecd944524379ee1f6,Rajya Sabha
Banmankhi (Sc),59,PURNIA,12,Bihar,Purnia,Dr. Faiyaz Ahmad (2022-28),6a932b5ecd944524379ee1f6,Rajya Sabha
Vaishali,125,VAISHALI,16,Bihar,Vaishali,Smt Veena Devi,6a932b5bcd944524379edf97,Lok Sabha
Amnour,120,SARAN,20,Bihar,Saran,Rajiv Pratap Rudy,6a932b5bcd944524379edf1c,Lok Sabha
Baisi,57,KISHANGANJ,10,Bihar,Purnia,Dr Mohammad Jawed,6a932b5bcd944524379ede3b,Lok Sabha
Manjhi,114,MAHARAJGANJ,19,Bihar,Saran,Shri Janardan Singh Sigriwal,6a932b5bcd944524379edf6e,Lok Sabha
Warisnagar,132,SAMASTIPUR,23,Bihar,Samastipur,SHAMBHAVI,6a932b5bcd944524379edf55,Lok Sabha
Marhaura,117,SARAN,20,Bihar,Saran,Rajiv Pratap Rudy,6a932b5bcd944524379edf1c,Lok Sabha
Samastipur,133,SAMASTIPUR,23,Bihar,Samastipur,SHAMBHAVI,6a932b5bcd944524379edf55,Lok Sabha
Bihariganj,71,MADHEPURA,13,Bihar,Madhepura,Dinesh Chandra Yadav,6a932b5bcd944524379ede33,Lok Sabha
Dhamdaha,61,PURNIA,12,Bihar,Purnia,Dr. Faiyaz Ahmad (2022-28),6a932b5ecd944524379ee1f6,Rajya Sabha
Saharsa,75,MADHEPURA,13,Bihar,Saharsa,Dinesh Chandra Yadav,6a932b5bcd944524379ede33,Lok Sabha
Balrampur,65,KATIHAR,11,Bihar,Katihar,TARIQ ANWAR,6a932b5bcd944524379edfab,Lok Sabha
Mahua,126,HAJIPUR,21,Bihar,Vaishali,CHIRAG PASWAN,6a932b5bcd944524379ede1e,Lok Sabha
Rosera (Sc),139,SAMASTIPUR,23,Bihar,Samastipur,SHAMBHAVI,6a932b5bcd944524379edf55,Lok Sabha
Lalganj,124,HAJIPUR,21,Bihar,Vaishali,CHIRAG PASWAN,6a932b5bcd944524379ede1e,Lok Sabha
Patepur (Sc),130,UJJARPUR,22,Bihar,Vaishali,Nityanand Rai,6a932b5bcd944524379edee8,Lok Sabha
Kusheshwar Asthan (Sc),78,SAMASTIPUR,23,Bihar,Darbhanga,SHAMBHAVI,6a932b5bcd944524379edf55,Lok Sabha
Parsa,121,SARAN,20,Bihar,Saran,Rajiv Pratap Rudy,6a932b5bcd944524379edf1c,Lok Sabha
Morwa,135,UJJARPUR,22,Bihar,Samastipur,Nityanand Rai,6a932b5bcd944524379edee8,Lok Sabha
Simri Bakhtiarpur,76,KHAGARIA,25,Bihar,Saharsa,RAJESH VERMA,6a932b5bcd944524379edf1a,Lok Sabha
Sonbarsha (Sc),74,MADHEPURA,13,Bihar,Saharsa,Dinesh Chandra Yadav,6a932b5bcd944524379ede33,Lok Sabha
Purnia,62,PURNIA,12,Bihar,Purnia,Dr. Faiyaz Ahmad (2022-28),6a932b5ecd944524379ee1f6,Rajya Sabha
Garkha (Sc),119,SARAN,20,Bihar,Saran,Rajiv Pratap Rudy,6a932b5bcd944524379edf1c,Lok Sabha
Hasanpur,140,KHAGARIA,25,Bihar,Samastipur,RAJESH VERMA,6a932b5bcd944524379edf1a,Lok Sabha
Ujiarpur,134,UJJARPUR,22,Bihar,Samastipur,Nityanand Rai,6a932b5bcd944524379edee8,Lok Sabha
Chapra,118,SARAN,20,Bihar,Saran,Rajiv Pratap Rudy,6a932b5bcd944524379edf1c,Lok Sabha
Rupauli,60,PURNIA,12,Bihar,Purnia,Dr. Faiyaz Ahmad (2022-28),6a932b5ecd944524379ee1f6,Rajya Sabha
Sarairanjan,136,UJJARPUR,22,Bihar,Samastipur,Nityanand Rai,6a932b5bcd944524379edee8,Lok Sabha
Kadwa,64,KATIHAR,11,Bihar,Katihar,TARIQ ANWAR,6a932b5bcd944524379edfab,Lok Sabha
Bibhutipur,138,UJJARPUR,22,Bihar,Samastipur,Nityanand Rai,6a932b5bcd944524379edee8,Lok Sabha
Raja Pakar (Sc),127,HAJIPUR,21,Bihar,Vaishali,CHIRAG PASWAN,6a932b5bcd944524379ede1e,Lok Sabha
Cheria Bariarpur,141,BEGUSARAI,24,Bihar,Begusarai,Giriraj Singh,6a932b5bcd944524379ede62,Lok Sabha
Hajipur,123,HAJIPUR,21,Bihar,Vaishali,CHIRAG PASWAN,6a932b5bcd944524379ede1e,Lok Sabha
Sonepur,122,SARAN,20,Bihar,Vaishali,Rajiv Pratap Rudy,6a932b5bcd944524379edf1c,Lok Sabha
Mahnar,129,HAJIPUR,21,Bihar,Vaishali,CHIRAG PASWAN,6a932b5bcd944524379ede1e,Lok Sabha
Korha (Sc),69,PURNIA,12,Bihar,Katihar,Dr. Faiyaz Ahmad (2022-28),6a932b5ecd944524379ee1f6,Rajya Sabha
Katihar,63,KATIHAR,11,Bihar,Katihar,TARIQ ANWAR,6a932b5bcd944524379edfab,Lok Sabha
Alauli (Sc),148,KHAGARIA,25,Bihar,Khagaria,RAJESH VERMA,6a932b5bcd944524379edf1a,Lok Sabha
Bakhri (Sc),147,BEGUSARAI,24,Bihar,Begusarai,Giriraj Singh,6a932b5bcd944524379ede62,Lok Sabha
Brahampur,199,BUXAR,33,Bihar,Buxar,SUDHAKAR SINGH,6a932b5bcd944524379edf9b,Lok Sabha
Pranpur,66,KATIHAR,11,Bihar,Katihar,TARIQ ANWAR,6a932b5bcd944524379edfab,Lok Sabha
Danapur,186,PATALIPUTRA,31,Bihar,Patna,MISHA BHARTI,6a932b5bcd944524379edecf,Lok Sabha
Barhara,193,ARRAH,32,Bihar,Bhojpur,SUDAMA PRASAD,6a932b5bcd944524379edf99,Lok Sabha
Alamnagar,70,MADHEPURA,13,Bihar,Madhepura,Dinesh Chandra Yadav,6a932b5bcd944524379ede33,Lok Sabha
Maner,187,PATALIPUTRA,31,Bihar,Patna,MISHA BHARTI,6a932b5bcd944524379edecf,Lok Sabha
Raghopur,128,HAJIPUR,21,Bihar,Vaishali,CHIRAG PASWAN,6a932b5bcd944524379ede1e,Lok Sabha
Shahpur,198,ARRAH,32,Bihar,Bhojpur,SUDAMA PRASAD,6a932b5bcd944524379edf99,Lok Sabha
Buxar,200,BUXAR,33,Bihar,Buxar,SUDHAKAR SINGH,6a932b5bcd944524379edf9b,Lok Sabha
Beldaur,150,KHAGARIA,25,Bihar,Khagaria,RAJESH VERMA,6a932b5bcd944524379edf1a,Lok Sabha
Bachhwara,142,BEGUSARAI,24,Bihar,Begusarai,Giriraj Singh,6a932b5bcd944524379ede62,Lok Sabha
Mohiuddinnagar,137,UJJARPUR,22,Bihar,Samastipur,Nityanand Rai,6a932b5bcd944524379edee8,Lok Sabha
Digha,181,PATNA SAHIB,30,Bihar,Patna,Ravi Shankar Prasad,6a932b5bcd944524379edf30,Lok Sabha
Khagaria,149,KHAGARIA,25,Bihar,Khagaria,RAJESH VERMA,6a932b5bcd944524379edf1a,Lok Sabha
Barari,68,KATIHAR,11,Bihar,Katihar,TARIQ ANWAR,6a932b5bcd944524379edfab,Lok Sabha
Arrah,194,ARRAH,32,Bihar,Bhojpur,SUDAMA PRASAD,6a932b5bcd944524379edf99,Lok Sabha
Bankipur,182,PATNA SAHIB,30,Bihar,Patna,Ravi Shankar Prasad,6a932b5bcd944524379edf30,Lok Sabha
Patna Sahib,184,PATNA SAHIB,30,Bihar,Patna,Ravi Shankar Prasad,6a932b5bcd944524379edf30,Lok Sabha
Kumhrar,183,PATNA SAHIB,30,Bihar,Patna,Ravi Shankar Prasad,6a932b5bcd944524379edf30,Lok Sabha
Sandesh,192,ARRAH,32,Bihar,Bhojpur,SUDAMA PRASAD,6a932b5bcd944524379edf99,Lok Sabha
Fatuha,185,PATNA SAHIB,30,Bihar,Patna,Ravi Shankar Prasad,6a932b5bcd944524379edf30,Lok Sabha
Begusarai,146,BEGUSARAI,24,Bihar,Begusarai,Giriraj Singh,6a932b5bcd944524379ede62,Lok Sabha
Phulwari (Sc),188,PATALIPUTRA,31,Bihar,Patna,MISHA BHARTI,6a932b5bcd944524379edecf,Lok Sabha
Dumraon,201,BUXAR,33,Bihar,Buxar,SUDHAKAR SINGH,6a932b5bcd944524379edf9b,Lok Sabha
Manihari (St),67,KATIHAR,11,Bihar,Katihar,TARIQ ANWAR,6a932b5bcd944524379edfab,Lok Sabha
Gopalpur,153,BHAGALPUR,26,Bihar,Bhagalpur,Ajay Kumar Mandal,6a932b5bcd944524379eddbc,Lok Sabha
Bikram,191,PATALIPUTRA,31,Bihar,Patna,MISHA BHARTI,6a932b5bcd944524379edecf,Lok Sabha
Rajpur (Sc),202,BUXAR,33,Bihar,Buxar,SUDHAKAR SINGH,6a932b5bcd944524379edf9b,Lok Sabha
Teghra,143,BEGUSARAI,24,Bihar,Begusarai,Giriraj Singh,6a932b5bcd944524379ede62,Lok Sabha
Mokama,178,MUNGER,28,Bihar,Patna,Rajiv Ranjan (Lalan) Singh,6a932b5bcd944524379edf1d,Lok Sabha
Jagdishpur,197,ARRAH,32,Bihar,Bhojpur,SUDAMA PRASAD,6a932b5bcd944524379edf99,Lok Sabha
Barh,179,MUNGER,28,Bihar,Patna,Rajiv Ranjan (Lalan) Singh,6a932b5bcd944524379edf1d,Lok Sabha
Bihpur,152,BHAGALPUR,26,Bihar,Bhagalpur,Ajay Kumar Mandal,6a932b5bcd944524379eddbc,Lok Sabha
Sahebpur Kamal,145,BEGUSARAI,24,Bihar,Begusarai,Giriraj Singh,6a932b5bcd944524379ede62,Lok Sabha
Munger,165,MUNGER,28,Bihar,Munger,Rajiv Ranjan (Lalan) Singh,6a932b5bcd944524379edf1d,Lok Sabha
Bakhtiarpur,180,PATNA SAHIB,30,Bihar,Patna,Ravi Shankar Prasad,6a932b5bcd944524379edf30,Lok Sabha
Parbatta,151,KHAGARIA,25,Bihar,Khagaria,RAJESH VERMA,6a932b5bcd944524379edf1a,Lok Sabha
Matihani,144,BEGUSARAI,24,Bihar,Begusarai,Giriraj Singh,6a932b5bcd944524379ede62,Lok Sabha
Pirpainti (Sc),154,BHAGALPUR,26,Bihar,Bhagalpur,Ajay Kumar Mandal,6a932b5bcd944524379eddbc,Lok Sabha
Agiaon (Sc),195,ARRAH,32,Bihar,Bhojpur,SUDAMA PRASAD,6a932b5bcd944524379edf99,Lok Sabha
Harnaut,177,NALANDA,29,Bihar,Nalanda,Kaushalendra Kumar,6a932b5bcd944524379ede9e,Lok Sabha
Masaurhi (Sc),189,PATALIPUTRA,31,Bihar,Patna,MISHA BHARTI,6a932b5bcd944524379edecf,Lok Sabha
Hilsa,175,NALANDA,29,Bihar,Nalanda,Kaushalendra Kumar,6a932b5bcd944524379ede9e,Lok Sabha
Paliganj,190,PATALIPUTRA,31,Bihar,Patna,MISHA BHARTI,6a932b5bcd944524379edecf,Lok Sabha
Jamalpur,166,MUNGER,28,Bihar,Munger,Rajiv Ranjan (Lalan) Singh,6a932b5bcd944524379edf1d,Lok Sabha
Ramgarh,203,BUXAR,33,Bihar,Kaimur (Bhabua),SUDHAKAR SINGH,6a932b5bcd944524379edf9b,Lok Sabha
Asthawan,171,NALANDA,29,Bihar,Nalanda,Kaushalendra Kumar,6a932b5bcd944524379ede9e,Lok Sabha
Lakhisarai,168,MUNGER,28,Bihar,Lakhisarai,Rajiv Ranjan (Lalan) Singh,6a932b5bcd944524379edf1d,Lok Sabha
Dinara,210,BUXAR,33,Bihar,Rohtas,SUDHAKAR SINGH,6a932b5bcd944524379edf9b,Lok Sabha
Nathnagar,158,BHAGALPUR,26,Bihar,Bhagalpur,Ajay Kumar Mandal,6a932b5bcd944524379eddbc,Lok Sabha
Biharsharif,172,NALANDA,29,Bihar,Nalanda,Kaushalendra Kumar,6a932b5bcd944524379ede9e,Lok Sabha
Kahalgaon,155,BHAGALPUR,26,Bihar,Bhagalpur,Ajay Kumar Mandal,6a932b5bcd944524379eddbc,Lok Sabha
Sultanganj,157,BANKA,27,Bihar,Bhagalpur,Giridhari Yadav,6a932b5bcd944524379ede61,Lok Sabha
Suryagarha,167,MUNGER,28,Bihar,Lakhisarai,Rajiv Ranjan (Lalan) Singh,6a932b5bcd944524379edf1d,Lok Sabha
Bhagalpur,156,BHAGALPUR,26,Bihar,Bhagalpur,Ajay Kumar Mandal,6a932b5bcd944524379eddbc,Lok Sabha
Tarari,196,ARRAH,32,Bihar,Bhojpur,SUDAMA PRASAD,6a932b5bcd944524379edf99,Lok Sabha
Nalanda,176,NALANDA,29,Bihar,Nalanda,Kaushalendra Kumar,6a932b5bcd944524379ede9e,Lok Sabha
Jehanabad,216,JAHANABAD,36,Bihar,Jehanabad,SURENDRA PRASAD YADAV,6a932b5bcd944524379edfa3,Lok Sabha
Ghosi,217,JAHANABAD,36,Bihar,Jehanabad,SURENDRA PRASAD YADAV,6a932b5bcd944524379edfa3,Lok Sabha
Arwal,214,JAHANABAD,36,Bihar,Jehanabad,SURENDRA PRASAD YADAV,6a932b5bcd944524379edfa3,Lok Sabha
Islampur,174,NALANDA,29,Bihar,Nalanda,Kaushalendra Kumar,6a932b5bcd944524379ede9e,Lok Sabha
Barbigha,170,NAWADA,39,Bihar,Sheikhpura,VIVEK THAKUR,6a932b5bcd944524379edfc8,Lok Sabha
Kargahar,209,SASARAM,34,Bihar,Rohtas,MANOJ KUMAR,6a932b5bcd944524379edec9,Lok Sabha
Karakat,213,KARAKAT,35,Bihar,Rohtas,RAJA RAM SINGH,6a932b5bcd944524379edf15,Lok Sabha
Mohania (Sc),204,SASARAM,34,Bihar,Kaimur (Bhabua),MANOJ KUMAR,6a932b5bcd944524379edec9,Lok Sabha
Kurtha,215,JAHANABAD,36,Bihar,Jehanabad,SURENDRA PRASAD YADAV,6a932b5bcd944524379edfa3,Lok Sabha
Sheikhpura,169,JAMUI,40,Bihar,Sheikhpura,ARUN BHARTI,6a932b5bcd944524379edddb,Lok Sabha
Tarapur,164,JAMUI,40,Bihar,Munger,ARUN BHARTI,6a932b5bcd944524379edddb,Lok Sabha
Rajgir (Sc),173,NALANDA,29,Bihar,Nalanda,Kaushalendra Kumar,6a932b5bcd944524379ede9e,Lok Sabha
Makhdumpur (Sc),218,JAHANABAD,36,Bihar,Jehanabad,SURENDRA PRASAD YADAV,6a932b5bcd944524379edfa3,Lok Sabha
Chainpur,206,SASARAM,34,Bihar,Rohtas,MANOJ KUMAR,6a932b5bcd944524379edec9,Lok Sabha
Jamui,241,JAMUI,40,Bihar,Jamui,ARUN BHARTI,6a932b5bcd944524379edddb,Lok Sabha
Amarpur,159,BANKA,27,Bihar,Banka,Giridhari Yadav,6a932b5bcd944524379ede61,Lok Sabha
Dhauraiya (Sc),160,BANKA,27,Bihar,Banka,Giridhari Yadav,6a932b5bcd944524379ede61,Lok Sabha
Bhabua,205,SASARAM,34,Bihar,Kaimur (Bhabua),MANOJ KUMAR,6a932b5bcd944524379edec9,Lok Sabha
Nokha,211,KARAKAT,35,Bihar,Rohtas,RAJA RAM SINGH,6a932b5bcd944524379edf15,Lok Sabha
Warsaliganj,239,NAWADA,39,Bihar,Jamui,VIVEK THAKUR,6a932b5bcd944524379edfc8,Lok Sabha
Obra,220,KARAKAT,35,Bihar,Aurangabad,RAJA RAM SINGH,6a932b5bcd944524379edf15,Lok Sabha
Goh,219,KARAKAT,35,Bihar,Aurangabad,RAJA RAM SINGH,6a932b5bcd944524379edf15,Lok Sabha
Belhar,163,BANKA,27,Bihar,Banka,Giridhari Yadav,6a932b5bcd944524379ede61,Lok Sabha
Jhajha,242,JAMUI,40,Bihar,Jamui,ARUN BHARTI,6a932b5bcd944524379edddb,Lok Sabha
Atri,233,JAHANABAD,36,Bihar,Gaya,SURENDRA PRASAD YADAV,6a932b5bcd944524379edfa3,Lok Sabha
Tikari,231,AURANGABAD,37,Maharashtra,Gaya,BHUMARE SANDIPANRAO ASARAM,6a932b5bcd944524379ede04,Lok Sabha
Belaganj,232,GAYA,38,Bihar,Gaya,JITAN RAM MANJHI,6a932b5bcd944524379ede7d,Lok Sabha
Dehri,212,KARAKAT,35,Bihar,Rohtas,RAJA RAM SINGH,6a932b5bcd944524379edf15,Lok Sabha
Sikandra (Sc),240,JAMUI,40,Bihar,Jamui,ARUN BHARTI,6a932b5bcd944524379edddb,Lok Sabha
Nawada,237,NAWADA,39,Bihar,Nawada,VIVEK THAKUR,6a932b5bcd944524379edfc8,Lok Sabha
Banka,161,BANKA,27,Bihar,Banka,Giridhari Yadav,6a932b5bcd944524379ede61,Lok Sabha
Chenari (Sc),207,SASARAM,34,Bihar,Rohtas,MANOJ KUMAR,6a932b5bcd944524379edec9,Lok Sabha
Sasaram,208,SASARAM,34,Bihar,Rohtas,MANOJ KUMAR,6a932b5bcd944524379edec9,Lok Sabha
Nabinagar,221,KARAKAT,35,Bihar,Aurangabad,RAJA RAM SINGH,6a932b5bcd944524379edf15,Lok Sabha
Gobindpur,238,NAWADA,39,Bihar,Nawada,VIVEK THAKUR,6a932b5bcd944524379edfc8,Lok Sabha
Katoria (St),162,BANKA,27,Bihar,Banka,Giridhari Yadav,6a932b5bcd944524379ede61,Lok Sabha
Hisua,236,NAWADA,39,Bihar,Nawada,VIVEK THAKUR,6a932b5bcd944524379edfc8,Lok Sabha
Wazirganj,234,GAYA,38,Bihar,Gaya,JITAN RAM MANJHI,6a932b5bcd944524379ede7d,Lok Sabha
Rafiganj,224,AURANGABAD,37,Maharashtra,Aurangabad,BHUMARE SANDIPANRAO ASARAM,6a932b5bcd944524379ede04,Lok Sabha
Aurangabad,223,AURANGABAD,37,Maharashtra,Aurangabad,BHUMARE SANDIPANRAO ASARAM,6a932b5bcd944524379ede04,Lok Sabha
Gurua,225,AURANGABAD,37,Maharashtra,Gaya,BHUMARE SANDIPANRAO ASARAM,6a932b5bcd944524379ede04,Lok Sabha
Rajauli (Sc),235,NAWADA,39,Bihar,Nawada,VIVEK THAKUR,6a932b5bcd944524379edfc8,Lok Sabha
Gaya Town,230,GAYA,38,Bihar,Gaya,JITAN RAM MANJHI,6a932b5bcd944524379ede7d,Lok Sabha
Chakai,243,JAMUI,40,Bihar,Jamui,ARUN BHARTI,6a932b5bcd944524379edddb,Lok Sabha
Bodh Gaya (Sc),229,GAYA,38,Bihar,Gaya,JITAN RAM MANJHI,6a932b5bcd944524379ede7d,Lok Sabha
Barachatti (Sc),228,GAYA,38,Bihar,Gaya,JITAN RAM MANJHI,6a932b5bcd944524379ede7d,Lok Sabha
Kutumba (Sc),222,AURANGABAD,37,Maharashtra,Aurangabad,BHUMARE SANDIPANRAO ASARAM,6a932b5bcd944524379ede04,Lok Sabha
Sherghati,226,GAYA,38,Bihar,Gaya,JITAN RAM MANJHI,6a932b5bcd944524379ede7d,Lok Sabha
Imamganj (Sc),227,AURANGABAD,37,Maharashtra,Gaya,BHUMARE SANDIPANRAO ASARAM,6a932b5bcd944524379ede04,Lok Sabha
Kochadhaman,55,KISHANGANJ,10,Bihar,Kishanganj,Dr Mohammad Jawed,6a932b5bcd944524379ede3b,Lok Sabha
Ramanujganj (St),7,SURGUJA,1,Chhattisgarh,Surguja,Smt. Ranjeet Ranjan (2022-28),6a932b5ecd944524379ee2c7,Rajya Sabha
Pratappur (St),6,SURGUJA,1,Chhattisgarh,Surguja,Smt. Ranjeet Ranjan (2022-28),6a932b5ecd944524379ee2c7,Rajya Sabha
Bharatpur-Sonhat (S,1,KORBA,4,Chhattisgarh,Koriya,Jyotsna Charandas Mahant,6a932b5bcd944524379ede85,Lok Sabha
Bhatgaon,5,SURGUJA,1,Chhattisgarh,Surguja,Smt. Ranjeet Ranjan (2022-28),6a932b5ecd944524379ee2c7,Rajya Sabha
Samri (St),8,SURGUJA,1,Chhattisgarh,Surguja,Smt. Ranjeet Ranjan (2022-28),6a932b5ecd944524379ee2c7,Rajya Sabha
Baikunthpur,3,KORBA,4,Chhattisgarh,Koriya,Jyotsna Charandas Mahant,6a932b5bcd944524379ede85,Lok Sabha
Premnagar,4,SURGUJA,1,Chhattisgarh,Surguja,Smt. Ranjeet Ranjan (2022-28),6a932b5ecd944524379ee2c7,Rajya Sabha
Lundra (St),9,SURGUJA,1,Chhattisgarh,Surguja,Smt. Ranjeet Ranjan (2022-28),6a932b5ecd944524379ee2c7,Rajya Sabha
Manendragarh,2,KORBA,4,Chhattisgarh,Koriya,Jyotsna Charandas Mahant,6a932b5bcd944524379ede85,Lok Sabha
Jashpur (St),12,RAIGARH,2,Chhattisgarh,Jashpur,RADHE SHYAM RATHIYA,6a932b5bcd944524379edf0f,Lok Sabha
Ambikapur,10,SURGUJA,1,Chhattisgarh,Surguja,Smt. Ranjeet Ranjan (2022-28),6a932b5ecd944524379ee2c7,Rajya Sabha
Marwahi (St),24,KORBA,4,Chhattisgarh,Bilaspur,Jyotsna Charandas Mahant,6a932b5bcd944524379ede85,Lok Sabha
Sitapur (St),11,SURGUJA,1,Chhattisgarh,Surguja,Smt. Ranjeet Ranjan (2022-28),6a932b5ecd944524379ee2c7,Rajya Sabha
Pali-Tanakhar (St),23,KORBA,4,Chhattisgarh,Korba,Jyotsna Charandas Mahant,6a932b5bcd944524379ede85,Lok Sabha
Kunkuri (St),13,RAIGARH,2,Chhattisgarh,Jashpur,RADHE SHYAM RATHIYA,6a932b5bcd944524379edf0f,Lok Sabha
Pathalgaon (St),14,RAIGARH,2,Chhattisgarh,Jashpur,RADHE SHYAM RATHIYA,6a932b5bcd944524379edf0f,Lok Sabha
Kota,25,BILASPUR,5,Chhattisgarh,Bilaspur,TOKHAN SAHU,6a932b5bcd944524379edfb1,Lok Sabha
Rampur (St),20,KORBA,4,Chhattisgarh,Korba,Jyotsna Charandas Mahant,6a932b5bcd944524379ede85,Lok Sabha
Lormi,26,BILASPUR,5,Chhattisgarh,Bilaspur,TOKHAN SAHU,6a932b5bcd944524379edfb1,Lok Sabha
Lailunga (St),15,RAIGARH,2,Chhattisgarh,Raigarh,RADHE SHYAM RATHIYA,6a932b5bcd944524379edf0f,Lok Sabha
Katghora,22,KORBA,4,Chhattisgarh,Korba,Jyotsna Charandas Mahant,6a932b5bcd944524379ede85,Lok Sabha
Kawardha,72,RAJNANDGAON,6,Chhattisgarh,Kawardha,Santosh Pandey,6a932b5bcd944524379edf49,Lok Sabha
Korba,21,KORBA,4,Chhattisgarh,Korba,Jyotsna Charandas Mahant,6a932b5bcd944524379ede85,Lok Sabha
Beltara,31,BILASPUR,5,Chhattisgarh,Bilaspur,TOKHAN SAHU,6a932b5bcd944524379edfb1,Lok Sabha
Masturi (Sc),32,BILASPUR,5,Chhattisgarh,Bilaspur,TOKHAN SAHU,6a932b5bcd944524379edfb1,Lok Sabha
Takhatpur,28,BILASPUR,5,Chhattisgarh,Bilaspur,TOKHAN SAHU,6a932b5bcd944524379edfb1,Lok Sabha
Akaltara,33,JANJGIR-CHAMPA (SC,3,Chhattisgarh,Janjgir - Champa,Smt. Ranjeet Ranjan (2022-28),6a932b5ecd944524379ee2c7,Rajya Sabha
Dharamjaigarh (St),19,RAIGARH,2,Chhattisgarh,Raigarh,RADHE SHYAM RATHIYA,6a932b5bcd944524379edf0f,Lok Sabha
Kharsia,18,RAIGARH,2,Chhattisgarh,Raigarh,RADHE SHYAM RATHIYA,6a932b5bcd944524379edf0f,Lok Sabha
Mungeli (Sc),27,BILASPUR,5,Chhattisgarh,Bilaspur,TOKHAN SAHU,6a932b5bcd944524379edfb1,Lok Sabha
Sakti,35,JANJGIR-CHAMPA (SC,3,Chhattisgarh,Janjgir - Champa,Smt. Ranjeet Ranjan (2022-28),6a932b5ecd944524379ee2c7,Rajya Sabha
Bilaspur,30,BILASPUR,5,Chhattisgarh,Bilaspur,TOKHAN SAHU,6a932b5bcd944524379edfb1,Lok Sabha
Janjgir-Champa,34,JANJGIR-CHAMPA (SC,3,Chhattisgarh,Janjgir - Champa,Smt. Ranjeet Ranjan (2022-28),6a932b5ecd944524379ee2c7,Rajya Sabha
Bilha,29,BILASPUR,5,Chhattisgarh,Bilaspur,TOKHAN SAHU,6a932b5bcd944524379edfb1,Lok Sabha
Nawagarh (Sc),70,DURG,7,Chhattisgarh,Durg,Vijay Baghel,6a932b5bcd944524379edfbc,Lok Sabha
Pandariya,71,RAJNANDGAON,6,Chhattisgarh,Kawardha,Santosh Pandey,6a932b5bcd944524379edf49,Lok Sabha
Jaijaipur,37,JANJGIR-CHAMPA (SC,3,Chhattisgarh,Janjgir - Champa,Smt. Ranjeet Ranjan (2022-28),6a932b5ecd944524379ee2c7,Rajya Sabha
Chandrapur,36,JANJGIR-CHAMPA (SC,3,Chhattisgarh,Janjgir - Champa,Smt. Ranjeet Ranjan (2022-28),6a932b5ecd944524379ee2c7,Rajya Sabha
Pamgarh (Sc),38,JANJGIR-CHAMPA (SC,3,Chhattisgarh,Janjgir - Champa,Smt. Ranjeet Ranjan (2022-28),6a932b5ecd944524379ee2c7,Rajya Sabha
Raigarh,16,RAIGARH,2,Chhattisgarh,Raigarh,RADHE SHYAM RATHIYA,6a932b5bcd944524379edf0f,Lok Sabha
Saja,68,DURG,7,Chhattisgarh,Durg,Vijay Baghel,6a932b5bcd944524379edfbc,Lok Sabha
Bhatapara,46,RAIPUR,8,Chhattisgarh,Raipur,BRIJMOHAN AGRAWAL,6a932b5bcd944524379ede0d,Lok Sabha
Khairagarh,73,RAJNANDGAON,6,Chhattisgarh,Rajnandgaon,Santosh Pandey,6a932b5bcd944524379edf49,Lok Sabha
Bemetara,69,DURG,7,Chhattisgarh,Durg,Vijay Baghel,6a932b5bcd944524379edfbc,Lok Sabha
Baloda Bazar,45,RAIPUR,8,Chhattisgarh,Raipur,BRIJMOHAN AGRAWAL,6a932b5bcd944524379ede0d,Lok Sabha
Kasdol,44,JANJGIR-CHAMPA (SC,3,Chhattisgarh,Raipur,Smt. Ranjeet Ranjan (2022-28),6a932b5ecd944524379ee2c7,Rajya Sabha
Sarangarh (Sc),17,RAIGARH,2,Chhattisgarh,Raigarh,RADHE SHYAM RATHIYA,6a932b5bcd944524379edf0f,Lok Sabha
Bilaigarh (Sc),43,JANJGIR-CHAMPA (SC,3,Chhattisgarh,Raipur,Smt. Ranjeet Ranjan (2022-28),6a932b5ecd944524379ee2c7,Rajya Sabha
Saraipali (Sc),39,MAHASAMUND,9,Chhattisgarh,Mahasamund,ROOP KUMARI CHOUDHARY,6a932b5bcd944524379edf37,Lok Sabha
Basna,40,MAHASAMUND,9,Chhattisgarh,Mahasamund,ROOP KUMARI CHOUDHARY,6a932b5bcd944524379edf37,Lok Sabha
Dharsiwa,47,RAIPUR,8,Chhattisgarh,Raipur,BRIJMOHAN AGRAWAL,6a932b5bcd944524379ede0d,Lok Sabha
Dongargarh (Sc),74,RAJNANDGAON,6,Chhattisgarh,Rajnandgaon,Santosh Pandey,6a932b5bcd944524379edf49,Lok Sabha
Arang (Sc),52,RAIPUR,8,Chhattisgarh,Raipur,BRIJMOHAN AGRAWAL,6a932b5bcd944524379ede0d,Lok Sabha
Mahasamund,42,MAHASAMUND,9,Chhattisgarh,Mahasamund,ROOP KUMARI CHOUDHARY,6a932b5bcd944524379edf37,Lok Sabha
Ahiwara (Sc),67,DURG,7,Chhattisgarh,Durg,Vijay Baghel,6a932b5bcd944524379edfbc,Lok Sabha
Raipur Rural,48,RAIPUR,8,Chhattisgarh,Raipur,BRIJMOHAN AGRAWAL,6a932b5bcd944524379ede0d,Lok Sabha
Patan,62,DURG,7,Chhattisgarh,Durg,Vijay Baghel,6a932b5bcd944524379edfbc,Lok Sabha
Dongargaon,76,RAJNANDGAON,6,Chhattisgarh,Rajnandgaon,Santosh Pandey,6a932b5bcd944524379edf49,Lok Sabha
Raipur City North,50,RAIPUR,8,Chhattisgarh,Raipur,BRIJMOHAN AGRAWAL,6a932b5bcd944524379ede0d,Lok Sabha
Durg-Rural,63,DURG,7,Chhattisgarh,Durg,Vijay Baghel,6a932b5bcd944524379edfbc,Lok Sabha
Raipur City West,49,RAIPUR,8,Chhattisgarh,Raipur,BRIJMOHAN AGRAWAL,6a932b5bcd944524379ede0d,Lok Sabha
Khallari,41,MAHASAMUND,9,Chhattisgarh,Mahasamund,ROOP KUMARI CHOUDHARY,6a932b5bcd944524379edf37,Lok Sabha
Vaishali Nagar,66,DURG,7,Chhattisgarh,Durg,Vijay Baghel,6a932b5bcd944524379edfbc,Lok Sabha
Raipur City South,51,RAIPUR,8,Chhattisgarh,Raipur,BRIJMOHAN AGRAWAL,6a932b5bcd944524379ede0d,Lok Sabha
Durg City,64,DURG,7,Chhattisgarh,Durg,Vijay Baghel,6a932b5bcd944524379edfbc,Lok Sabha
Bhilai Nagar,65,DURG,7,Chhattisgarh,Durg,Vijay Baghel,6a932b5bcd944524379edfbc,Lok Sabha
Abhanpur,53,RAIPUR,8,Chhattisgarh,Raipur,BRIJMOHAN AGRAWAL,6a932b5bcd944524379ede0d,Lok Sabha
Rajnandgaon,75,RAJNANDGAON,6,Chhattisgarh,Rajnandgaon,Santosh Pandey,6a932b5bcd944524379edf49,Lok Sabha
Rajim,54,MAHASAMUND,9,Chhattisgarh,Raipur,ROOP KUMARI CHOUDHARY,6a932b5bcd944524379edf37,Lok Sabha
Khujji,77,RAJNANDGAON,6,Chhattisgarh,Rajnandgaon,Santosh Pandey,6a932b5bcd944524379edf49,Lok Sabha
Gunderdehi,61,KANKER,11,Chhattisgarh,Durg,BHOJRAJ NAG,6a932b5bcd944524379ede02,Lok Sabha
Kurud,57,MAHASAMUND,9,Chhattisgarh,Dhamtari,ROOP KUMARI CHOUDHARY,6a932b5bcd944524379edf37,Lok Sabha
Dondi Lohara (St),60,KANKER,11,Chhattisgarh,Durg,BHOJRAJ NAG,6a932b5bcd944524379ede02,Lok Sabha
Sanjari Balod,59,KANKER,11,Chhattisgarh,Durg,BHOJRAJ NAG,6a932b5bcd944524379ede02,Lok Sabha
Dhamtari,58,MAHASAMUND,9,Chhattisgarh,Dhamtari,ROOP KUMARI CHOUDHARY,6a932b5bcd944524379edf37,Lok Sabha
Sihawa (St),56,KANKER,11,Chhattisgarh,Dhamtari,BHOJRAJ NAG,6a932b5bcd944524379ede02,Lok Sabha
Mohla-Manpur (St),78,RAJNANDGAON,6,Chhattisgarh,Rajnandgaon,Santosh Pandey,6a932b5bcd944524379edf49,Lok Sabha
Bindranawagarh (St),55,MAHASAMUND,9,Chhattisgarh,Raipur,ROOP KUMARI CHOUDHARY,6a932b5bcd944524379edf37,Lok Sabha
Bhanupratappur (St),80,KANKER,11,Chhattisgarh,Kanker,BHOJRAJ NAG,6a932b5bcd944524379ede02,Lok Sabha
Kanker (St),81,KANKER,11,Chhattisgarh,Kanker,BHOJRAJ NAG,6a932b5bcd944524379ede02,Lok Sabha
Antagarh (St),79,KANKER,11,Chhattisgarh,Kanker,BHOJRAJ NAG,6a932b5bcd944524379ede02,Lok Sabha
Keshkal (St),82,KANKER,11,Chhattisgarh,Baster,BHOJRAJ NAG,6a932b5bcd944524379ede02,Lok Sabha
Narayanpur (St),84,BASTAR,10,Chhattisgarh,Baster,MAHESH KASHYAP,6a932b5bcd944524379edeba,Lok Sabha
Kondagaon (St),83,BASTAR,10,Chhattisgarh,Baster,MAHESH KASHYAP,6a932b5bcd944524379edeba,Lok Sabha
Bastar (St),85,BASTAR,10,Chhattisgarh,Baster,MAHESH KASHYAP,6a932b5bcd944524379edeba,Lok Sabha
Bijapur (St),89,BASTAR,10,Chhattisgarh,Dantewada,MAHESH KASHYAP,6a932b5bcd944524379edeba,Lok Sabha
Chitrakot (St),87,BASTAR,10,Chhattisgarh,Baster,MAHESH KASHYAP,6a932b5bcd944524379edeba,Lok Sabha
Dantewada (St),88,BASTAR,10,Chhattisgarh,Dantewada,MAHESH KASHYAP,6a932b5bcd944524379edeba,Lok Sabha
Jagdalpur,86,BASTAR,10,Chhattisgarh,Baster,MAHESH KASHYAP,6a932b5bcd944524379edeba,Lok Sabha
Konta (St),90,BASTAR,10,Chhattisgarh,Dantewada,MAHESH KASHYAP,6a932b5bcd944524379edeba,Lok Sabha
Nerela,1,NORTH WEST DELHI,5,Delhi,,Yogendra Chandoliya,6a932b5bcd944524379edfcb,Lok Sabha
Bawana (Sc),7,NORTH WEST DELHI,5,Delhi,,Yogendra Chandoliya,6a932b5bcd944524379edfcb,Lok Sabha
Burari,2,NORTH EAST DELHI,2,Delhi,,Manoj Tiwari,6a932b5bcd944524379edecb,Lok Sabha
Karawal Nagar,70,NORTH EAST DELHI,2,Delhi,,Manoj Tiwari,6a932b5bcd944524379edecb,Lok Sabha
Mundka,8,NORTH WEST DELHI,5,Delhi,,Yogendra Chandoliya,6a932b5bcd944524379edfcb,Lok Sabha
Badli,5,NORTH WEST DELHI,5,Delhi,,Yogendra Chandoliya,6a932b5bcd944524379edfcb,Lok Sabha
Rohini,13,NORTH WEST DELHI,5,Delhi,,Yogendra Chandoliya,6a932b5bcd944524379edfcb,Lok Sabha
Rithala,6,NORTH WEST DELHI,5,Delhi,,Yogendra Chandoliya,6a932b5bcd944524379edfcb,Lok Sabha
Adarsh Nagar,4,CHANDNI CHOWK,1,Delhi,,Shri Narain Dass Gupta (2024-30),6a932b5ecd944524379ee26a,Rajya Sabha
Shalimar Bagh,14,CHANDNI CHOWK,1,Delhi,,Shri Narain Dass Gupta (2024-30),6a932b5ecd944524379ee26a,Rajya Sabha
Timarpur,3,NORTH EAST DELHI,2,Delhi,,Manoj Tiwari,6a932b5bcd944524379edecb,Lok Sabha
Mustafabad,69,NORTH EAST DELHI,2,Delhi,,Manoj Tiwari,6a932b5bcd944524379edecb,Lok Sabha
Kirari,9,NORTH WEST DELHI,5,Delhi,,Yogendra Chandoliya,6a932b5bcd944524379edfcb,Lok Sabha
Mangol Puri (Sc),12,NORTH WEST DELHI,5,Delhi,,Yogendra Chandoliya,6a932b5bcd944524379edfcb,Lok Sabha
Model Town,18,CHANDNI CHOWK,1,Delhi,,Shri Narain Dass Gupta (2024-30),6a932b5ecd944524379ee26a,Rajya Sabha
Gokalpur (Sc),68,NORTH EAST DELHI,2,Delhi,,Manoj Tiwari,6a932b5bcd944524379edecb,Lok Sabha
Sultan Pur Majra(Sc),10,NORTH WEST DELHI,5,Delhi,,Yogendra Chandoliya,6a932b5bcd944524379edfcb,Lok Sabha
Wazirpur,17,CHANDNI CHOWK,1,Delhi,,Shri Narain Dass Gupta (2024-30),6a932b5ecd944524379ee26a,Rajya Sabha
Tri Nagar,16,CHANDNI CHOWK,1,Delhi,,Shri Narain Dass Gupta (2024-30),6a932b5ecd944524379ee26a,Rajya Sabha
Shakur Basti,15,CHANDNI CHOWK,1,Delhi,,Shri Narain Dass Gupta (2024-30),6a932b5ecd944524379ee26a,Rajya Sabha
Ghonda,66,NORTH EAST DELHI,2,Delhi,,Manoj Tiwari,6a932b5bcd944524379edecb,Lok Sabha
Chandni Chowk,20,CHANDNI CHOWK,1,Delhi,,Shri Narain Dass Gupta (2024-30),6a932b5ecd944524379ee26a,Rajya Sabha
Babarpur,67,NORTH EAST DELHI,2,Delhi,,Manoj Tiwari,6a932b5bcd944524379edecb,Lok Sabha
Rohtas Nagar,64,NORTH EAST DELHI,2,Delhi,,Manoj Tiwari,6a932b5bcd944524379edecb,Lok Sabha
Seemapuri (Sc),63,NORTH EAST DELHI,2,Delhi,,Manoj Tiwari,6a932b5bcd944524379edecb,Lok Sabha
Nangloi Jat,11,NORTH WEST DELHI,5,Delhi,,Yogendra Chandoliya,6a932b5bcd944524379edfcb,Lok Sabha
Shahdara,62,EAST DELHI,3,Delhi,,Harsh Malhotra,6a932b5bcd944524379ede6e,Lok Sabha
Seelam Pur,65,NORTH EAST DELHI,2,Delhi,,Manoj Tiwari,6a932b5bcd944524379edecb,Lok Sabha
Najafgarh,35,WEST DELHI,6,Delhi,,Kamaljeet Sehrawat,6a932b5bcd944524379ede95,Lok Sabha
Sadar Bazar,19,CHANDNI CHOWK,1,Delhi,,Shri Narain Dass Gupta (2024-30),6a932b5ecd944524379ee26a,Rajya Sabha
Vikaspuri,31,WEST DELHI,6,Delhi,,Kamaljeet Sehrawat,6a932b5bcd944524379ede95,Lok Sabha
Madipur (Sc),26,WEST DELHI,6,Delhi,,Kamaljeet Sehrawat,6a932b5bcd944524379ede95,Lok Sabha
Moti Nagar,25,NEW DELHI,4,Delhi,,Bansuri Swaraj,6a932b5bcd944524379eddf6,Lok Sabha
Gandhi Nagar,61,EAST DELHI,3,Delhi,,Harsh Malhotra,6a932b5bcd944524379ede6e,Lok Sabha
Patel Nagar (Sc),24,NEW DELHI,4,Delhi,,Bansuri Swaraj,6a932b5bcd944524379eddf6,Lok Sabha
Karol Bagh (Sc),23,NEW DELHI,4,Delhi,,Bansuri Swaraj,6a932b5bcd944524379eddf6,Lok Sabha
Vishwas Nagar,59,EAST DELHI,3,Delhi,,Harsh Malhotra,6a932b5bcd944524379ede6e,Lok Sabha
Rajouri Garden,27,WEST DELHI,6,Delhi,,Kamaljeet Sehrawat,6a932b5bcd944524379ede95,Lok Sabha
Tilak Nagar,29,WEST DELHI,6,Delhi,,Kamaljeet Sehrawat,6a932b5bcd944524379ede95,Lok Sabha
Ballimaran,22,CHANDNI CHOWK,1,Delhi,,Shri Narain Dass Gupta (2024-30),6a932b5ecd944524379ee26a,Rajya Sabha
Krishna Nagar,60,EAST DELHI,3,Delhi,,Harsh Malhotra,6a932b5bcd944524379ede6e,Lok Sabha
Rajinder Nagar,39,NEW DELHI,4,Delhi,,Bansuri Swaraj,6a932b5bcd944524379eddf6,Lok Sabha
Jangpura,41,EAST DELHI,3,Delhi,,Harsh Malhotra,6a932b5bcd944524379ede6e,Lok Sabha
Matia Mahal,21,CHANDNI CHOWK,1,Delhi,,Shri Narain Dass Gupta (2024-30),6a932b5ecd944524379ee26a,Rajya Sabha
Hari Nagar,28,WEST DELHI,6,Delhi,,Kamaljeet Sehrawat,6a932b5bcd944524379ede95,Lok Sabha
New Delhi,40,NEW DELHI,4,Delhi,,Bansuri Swaraj,6a932b5bcd944524379eddf6,Lok Sabha
Laxmi Nagar,58,EAST DELHI,3,Delhi,,Harsh Malhotra,6a932b5bcd944524379ede6e,Lok Sabha
Matiala,34,WEST DELHI,6,Delhi,,Kamaljeet Sehrawat,6a932b5bcd944524379ede95,Lok Sabha
Janakpuri,30,WEST DELHI,6,Delhi,,Kamaljeet Sehrawat,6a932b5bcd944524379ede95,Lok Sabha
Delhi Cantt,38,NEW DELHI,4,Delhi,,Bansuri Swaraj,6a932b5bcd944524379eddf6,Lok Sabha
Uttam Nagar,32,WEST DELHI,6,Delhi,,Kamaljeet Sehrawat,6a932b5bcd944524379ede95,Lok Sabha
Patparganj,57,EAST DELHI,3,Delhi,,Harsh Malhotra,6a932b5bcd944524379ede6e,Lok Sabha
Kondli (Sc),56,EAST DELHI,3,Delhi,,Harsh Malhotra,6a932b5bcd944524379ede6e,Lok Sabha
Dwarka,33,WEST DELHI,6,Delhi,,Kamaljeet Sehrawat,6a932b5bcd944524379ede95,Lok Sabha
Palam,37,SOUTH DELHI,6,Delhi,,Ramvir Singh Bidhuri,6a932b5bcd944524379edf2c,Lok Sabha
Trilokpuri (Sc),55,EAST DELHI,3,Delhi,,Harsh Malhotra,6a932b5bcd944524379ede6e,Lok Sabha
R.K. Puram,44,NEW DELHI,4,Delhi,,Bansuri Swaraj,6a932b5bcd944524379eddf6,Lok Sabha
Kasturba Nagar,42,NEW DELHI,4,Delhi,,Bansuri Swaraj,6a932b5bcd944524379eddf6,Lok Sabha
Bijwasan,36,SOUTH DELHI,6,Delhi,,Ramvir Singh Bidhuri,6a932b5bcd944524379edf2c,Lok Sabha
Okhla,54,EAST DELHI,3,Delhi,,Harsh Malhotra,6a932b5bcd944524379ede6e,Lok Sabha
Kalkaji,51,SOUTH DELHI,7,Delhi,,Ramvir Singh Bidhuri,6a932b5bcd944524379edf2c,Lok Sabha
Malviya Nagar,43,NEW DELHI,4,Delhi,,Bansuri Swaraj,6a932b5bcd944524379eddf6,Lok Sabha
Mehrauli,45,SOUTH DELHI,7,Delhi,,Ramvir Singh Bidhuri,6a932b5bcd944524379edf2c,Lok Sabha
Greater Kailash,50,NEW DELHI,4,Delhi,,Bansuri Swaraj,6a932b5bcd944524379eddf6,Lok Sabha
Tughlakabad,52,SOUTH DELHI,7,Delhi,,Ramvir Singh Bidhuri,6a932b5bcd944524379edf2c,Lok Sabha
Ambedkar Nagar(Sc),48,SOUTH DELHI,7,Delhi,,Ramvir Singh Bidhuri,6a932b5bcd944524379edf2c,Lok Sabha
Badarpur,53,SOUTH DELHI,7,Delhi,,Ramvir Singh Bidhuri,6a932b5bcd944524379edf2c,Lok Sabha
Deoli (Sc),47,SOUTH DELHI,7,Delhi,,Ramvir Singh Bidhuri,6a932b5bcd944524379edf2c,Lok Sabha
Sangam Vihar,49,SOUTH DELHI,7,Delhi,,Ramvir Singh Bidhuri,6a932b5bcd944524379edf2c,Lok Sabha
Chhatarpur,46,SOUTH DELHI,7,Delhi,,Ramvir Singh Bidhuri,6a932b5bcd944524379edf2c,Lok Sabha
Pernem (Sc),2,NORTH GOA,1,Goa,North Goa,Shripad Yesso Naik,6a932b5bcd944524379edf83,Lok Sabha
Mandrem,1,NORTH GOA,1,Goa,North Goa,Shripad Yesso Naik,6a932b5bcd944524379edf83,Lok Sabha
Bicholim,3,NORTH GOA,1,Goa,North Goa,Shripad Yesso Naik,6a932b5bcd944524379edf83,Lok Sabha
Tivim,4,NORTH GOA,1,Goa,North Goa,Shripad Yesso Naik,6a932b5bcd944524379edf83,Lok Sabha
Poriem,18,NORTH GOA,1,Goa,North Goa,Shripad Yesso Naik,6a932b5bcd944524379edf83,Lok Sabha
Valpoi,19,NORTH GOA,1,Goa,North Goa,Shripad Yesso Naik,6a932b5bcd944524379edf83,Lok Sabha
Siolim,6,NORTH GOA,1,Goa,North Goa,Shripad Yesso Naik,6a932b5bcd944524379edf83,Lok Sabha
Mapusa,5,NORTH GOA,1,Goa,North Goa,Shripad Yesso Naik,6a932b5bcd944524379edf83,Lok Sabha
Maem,16,NORTH GOA,1,Goa,North Goa,Shripad Yesso Naik,6a932b5bcd944524379edf83,Lok Sabha
Aldona,10,NORTH GOA,1,Goa,North Goa,Shripad Yesso Naik,6a932b5bcd944524379edf83,Lok Sabha
Calangute,8,NORTH GOA,1,Goa,North Goa,Shripad Yesso Naik,6a932b5bcd944524379edf83,Lok Sabha
Saligao,7,NORTH GOA,1,Goa,North Goa,Shripad Yesso Naik,6a932b5bcd944524379edf83,Lok Sabha
Porvorim,9,NORTH GOA,1,Goa,North Goa,Shripad Yesso Naik,6a932b5bcd944524379edf83,Lok Sabha
Sanquelim,17,NORTH GOA,1,Goa,North Goa,Shripad Yesso Naik,6a932b5bcd944524379edf83,Lok Sabha
Cumbarjua,15,NORTH GOA,1,Goa,North Goa,Shripad Yesso Naik,6a932b5bcd944524379edf83,Lok Sabha
Priol,20,NORTH GOA,1,Goa,North Goa,Shripad Yesso Naik,6a932b5bcd944524379edf83,Lok Sabha
St. Cruz,13,NORTH GOA,1,Goa,North Goa,Shripad Yesso Naik,6a932b5bcd944524379edf83,Lok Sabha
Panaji,11,NORTH GOA,1,Goa,North Goa,Shripad Yesso Naik,6a932b5bcd944524379edf83,Lok Sabha
St. Andre,14,NORTH GOA,1,Goa,North Goa,Shripad Yesso Naik,6a932b5bcd944524379edf83,Lok Sabha
Taleigao,12,NORTH GOA,1,Goa,North Goa,Shripad Yesso Naik,6a932b5bcd944524379edf83,Lok Sabha
Sanvordem,38,SOUTH GOA,2,Goa,South Goa,CAPTAIN VIRIATO FERNANDES,6a932b5bcd944524379ede12,Lok Sabha
Marcaim,23,SOUTH GOA,2,Goa,North Goa,CAPTAIN VIRIATO FERNANDES,6a932b5bcd944524379ede12,Lok Sabha
Ponda,21,SOUTH GOA,2,Goa,North Goa,CAPTAIN VIRIATO FERNANDES,6a932b5bcd944524379ede12,Lok Sabha
Mormugao,24,SOUTH GOA,2,Goa,South Goa,CAPTAIN VIRIATO FERNANDES,6a932b5bcd944524379ede12,Lok Sabha
Vasco-Da-Gama,25,SOUTH GOA,2,Goa,South Goa,CAPTAIN VIRIATO FERNANDES,6a932b5bcd944524379ede12,Lok Sabha
Dabolim,26,SOUTH GOA,2,Goa,South Goa,CAPTAIN VIRIATO FERNANDES,6a932b5bcd944524379ede12,Lok Sabha
Cortalim,27,SOUTH GOA,2,Goa,South Goa,CAPTAIN VIRIATO FERNANDES,6a932b5bcd944524379ede12,Lok Sabha
Siroda,22,SOUTH GOA,2,Goa,North Goa,CAPTAIN VIRIATO FERNANDES,6a932b5bcd944524379ede12,Lok Sabha
Nuvem,28,SOUTH GOA,2,Goa,South Goa,CAPTAIN VIRIATO FERNANDES,6a932b5bcd944524379ede12,Lok Sabha
Curtorim,29,SOUTH GOA,2,Goa,South Goa,CAPTAIN VIRIATO FERNANDES,6a932b5bcd944524379ede12,Lok Sabha
Fatorda,30,SOUTH GOA,2,Goa,South Goa,CAPTAIN VIRIATO FERNANDES,6a932b5bcd944524379ede12,Lok Sabha
Benaulim,32,SOUTH GOA,2,Goa,South Goa,CAPTAIN VIRIATO FERNANDES,6a932b5bcd944524379ede12,Lok Sabha
Cuncolim,34,SOUTH GOA,2,Goa,South Goa,CAPTAIN VIRIATO FERNANDES,6a932b5bcd944524379ede12,Lok Sabha
Margao,31,SOUTH GOA,2,Goa,South Goa,CAPTAIN VIRIATO FERNANDES,6a932b5bcd944524379ede12,Lok Sabha
Navelim,33,SOUTH GOA,2,Goa,South Goa,CAPTAIN VIRIATO FERNANDES,6a932b5bcd944524379ede12,Lok Sabha
Curchorem,37,SOUTH GOA,2,Goa,South Goa,CAPTAIN VIRIATO FERNANDES,6a932b5bcd944524379ede12,Lok Sabha
Velim,35,SOUTH GOA,2,Goa,South Goa,CAPTAIN VIRIATO FERNANDES,6a932b5bcd944524379ede12,Lok Sabha
Sanguem,39,SOUTH GOA,2,Goa,South Goa,CAPTAIN VIRIATO FERNANDES,6a932b5bcd944524379ede12,Lok Sabha
Quepem,36,SOUTH GOA,2,Goa,South Goa,CAPTAIN VIRIATO FERNANDES,6a932b5bcd944524379ede12,Lok Sabha
Canacona,40,SOUTH GOA,2,Goa,South Goa,CAPTAIN VIRIATO FERNANDES,6a932b5bcd944524379ede12,Lok Sabha
Tharad,8,BANASKANTHA,2,Gujarat,Banas Kantha,GENIBEN NAGAJI THAKOR,6a932b5bcd944524379ede60,Lok Sabha
Vav,7,BANASKANTHA,2,Gujarat,Banas Kantha,GENIBEN NAGAJI THAKOR,6a932b5bcd944524379ede60,Lok Sabha
Dhanera,9,BANASKANTHA,2,Gujarat,Banas Kantha,GENIBEN NAGAJI THAKOR,6a932b5bcd944524379ede60,Lok Sabha
Danta (St),10,BANASKANTHA,2,Gujarat,Banas Kantha,GENIBEN NAGAJI THAKOR,6a932b5bcd944524379ede60,Lok Sabha
Deodar,14,BANASKANTHA,2,Gujarat,Banas Kantha,GENIBEN NAGAJI THAKOR,6a932b5bcd944524379ede60,Lok Sabha
Deesa,13,BANASKANTHA,2,Gujarat,Banas Kantha,GENIBEN NAGAJI THAKOR,6a932b5bcd944524379ede60,Lok Sabha
Khedbrahma(St),29,SABARKANTHA,5,Gujarat,Sabar Kantha,SHOBHANABEN MAHENDRASINH BARAIYA,6a932b5bcd944524379edf5d,Lok Sabha
Palanpur,12,BANASKANTHA,2,Gujarat,Banas Kantha,GENIBEN NAGAJI THAKOR,6a932b5bcd944524379ede60,Lok Sabha
Vadgam (Sc),11,PATAN,3,Gujarat,Banas Kantha,Bharatsinhji Shankarji Dabhi,6a932b5bcd944524379eddfe,Lok Sabha
Kankrej,15,PATAN,3,Gujarat,Banas Kantha,Bharatsinhji Shankarji Dabhi,6a932b5bcd944524379eddfe,Lok Sabha
Bhuj,3,KACHCHH,1,Gujarat,Kachchh,Vinod Chavda,6a932b5bcd944524379edfc0,Lok Sabha
Sidhpur,19,PATAN,3,Gujarat,Patan,Bharatsinhji Shankarji Dabhi,6a932b5bcd944524379eddfe,Lok Sabha
Abdasa,1,KACHCHH,1,Gujarat,Kachchh,Vinod Chavda,6a932b5bcd944524379edfc0,Lok Sabha
Patan,18,PATAN,3,Gujarat,Patan,Bharatsinhji Shankarji Dabhi,6a932b5bcd944524379eddfe,Lok Sabha
Radhanpur,16,PATAN,3,Gujarat,Patan,Bharatsinhji Shankarji Dabhi,6a932b5bcd944524379eddfe,Lok Sabha
Kheralu,20,PATAN,3,Gujarat,Mahesana,Bharatsinhji Shankarji Dabhi,6a932b5bcd944524379eddfe,Lok Sabha
Rapar,6,KACHCHH,1,Gujarat,Kachchh,Vinod Chavda,6a932b5bcd944524379edfc0,Lok Sabha
Idar (Sc),28,SABARKANTHA,5,Gujarat,Sabar Kantha,SHOBHANABEN MAHENDRASINH BARAIYA,6a932b5bcd944524379edf5d,Lok Sabha
Chanasma,17,PATAN,3,Gujarat,Patan,Bharatsinhji Shankarji Dabhi,6a932b5bcd944524379eddfe,Lok Sabha
Unjha,21,MAHESANA,4,Gujarat,Mahesana,HARIBHAI PATEL,6a932b5bcd944524379ede6c,Lok Sabha
Bhiloda (St),30,SABARKANTHA,5,Gujarat,Sabar Kantha,SHOBHANABEN MAHENDRASINH BARAIYA,6a932b5bcd944524379edf5d,Lok Sabha
Visnagar,22,MAHESANA,4,Gujarat,Mahesana,HARIBHAI PATEL,6a932b5bcd944524379ede6c,Lok Sabha
Vijapur,26,MAHESANA,4,Gujarat,Mahesana,HARIBHAI PATEL,6a932b5bcd944524379ede6c,Lok Sabha
Becharaji,23,MAHESANA,4,Gujarat,Mahesana,HARIBHAI PATEL,6a932b5bcd944524379ede6c,Lok Sabha
Himatnagar,27,SABARKANTHA,5,Gujarat,Sabar Kantha,SHOBHANABEN MAHENDRASINH BARAIYA,6a932b5bcd944524379edf5d,Lok Sabha
Gandhidham(Sc),5,KACHCHH,1,Gujarat,Kachchh,Vinod Chavda,6a932b5bcd944524379edfc0,Lok Sabha
Mahesana,25,MAHESANA,4,Gujarat,Mahesana,HARIBHAI PATEL,6a932b5bcd944524379ede6c,Lok Sabha
Anjar,4,KACHCHH,1,Gujarat,Kachchh,Vinod Chavda,6a932b5bcd944524379edfc0,Lok Sabha
Modasa,31,SABARKANTHA,5,Gujarat,Sabar Kantha,SHOBHANABEN MAHENDRASINH BARAIYA,6a932b5bcd944524379edf5d,Lok Sabha
Dasada (Sc),60,SURENDRANAGAR,9,Gujarat,Surendranagar,CHANDUBHAI CHHAGANBHAI SHIHORA,6a932b5bcd944524379ede17,Lok Sabha
Mansa,37,MAHESANA,4,Gujarat,Gandhinagar,HARIBHAI PATEL,6a932b5bcd944524379ede6c,Lok Sabha
Viramgam,39,SURENDRANAGAR,9,Gujarat,Ahmadabad,CHANDUBHAI CHHAGANBHAI SHIHORA,6a932b5bcd944524379ede17,Lok Sabha
Prantij,33,SABARKANTHA,5,Gujarat,Sabar Kantha,SHOBHANABEN MAHENDRASINH BARAIYA,6a932b5bcd944524379edf5d,Lok Sabha
Bayad,32,SABARKANTHA,5,Gujarat,Sabar Kantha,SHOBHANABEN MAHENDRASINH BARAIYA,6a932b5bcd944524379edf5d,Lok Sabha
Kadi (Sc),24,MAHESANA,4,Gujarat,Mahesana,HARIBHAI PATEL,6a932b5bcd944524379ede6c,Lok Sabha
Mandvi,2,KACHCHH,1,Gujarat,Kachchh,Vinod Chavda,6a932b5bcd944524379edfc0,Lok Sabha
Lunawada,122,PANCHMAHAL,18,Gujarat,Panch Mahals,RAJPALSINH MAHENDRASINH JADAV,6a932b5bcd944524379edf20,Lok Sabha
Santrampur,123,DAHOD,19,Gujarat,Panch Mahals,Jaswantsinh Sumanbhai Bhabhor,6a932b5bcd944524379ede7c,Lok Sabha
Gandhinagar(South),35,AHMEDABAD EAST,7,Gujarat,Gandhinagar,Hasmukh Bhai Soma Bhai Patel,6a932b5bcd944524379ede6f,Lok Sabha
Kalol,38,GANDHINAGAR,6,Gujarat,Gandhinagar,Shri Amit Shah,6a932b5bcd944524379edf62,Lok Sabha
Gandhinagar(North),36,GANDHINAGAR,6,Gujarat,Gandhinagar,Shri Amit Shah,6a932b5bcd944524379edf62,Lok Sabha
Dhrangadhra,64,SURENDRANAGAR,9,Gujarat,Surendranagar,CHANDUBHAI CHHAGANBHAI SHIHORA,6a932b5bcd944524379ede17,Lok Sabha
Dahegam,34,AHMEDABAD EAST,7,Gujarat,Gandhinagar,Hasmukh Bhai Soma Bhai Patel,6a932b5bcd944524379ede6f,Lok Sabha
Morbi,65,KACHCHH,1,Gujarat,Rajkot,Vinod Chavda,6a932b5bcd944524379edfc0,Lok Sabha
Fatepura (St),129,DAHOD,19,Gujarat,Dohad,Jaswantsinh Sumanbhai Bhabhor,6a932b5bcd944524379ede7c,Lok Sabha
Balasinor,121,PANCHMAHAL,18,Gujarat,Kheda,RAJPALSINH MAHENDRASINH JADAV,6a932b5bcd944524379edf20,Lok Sabha
Kapadvanj,120,KHEDA,17,Gujarat,Kheda,Devusinh Jesingbhai Chauhan,6a932b5bcd944524379ede2b,Lok Sabha
Ghatlodia,41,GANDHINAGAR,6,Gujarat,Ahmadabad,Shri Amit Shah,6a932b5bcd944524379edf62,Lok Sabha
Sanand,40,GANDHINAGAR,6,Gujarat,Ahmadabad,Shri Amit Shah,6a932b5bcd944524379edf62,Lok Sabha
Ellisbridge,44,AHMEDABAD WEST,8,Gujarat,Ahmadabad,DINESHBHAI MAKWANA,6a932b5bcd944524379ede34,Lok Sabha
Morva Hadaf,125,PANCHMAHAL,18,Gujarat,Panch Mahals,RAJPALSINH MAHENDRASINH JADAV,6a932b5bcd944524379edf20,Lok Sabha
Daskroi,57,KHEDA,17,Gujarat,Ahmadabad,Devusinh Jesingbhai Chauhan,6a932b5bcd944524379ede2b,Lok Sabha
Jhalod (St),130,DAHOD,19,Gujarat,Dohad,Jaswantsinh Sumanbhai Bhabhor,6a932b5bcd944524379ede7c,Lok Sabha
Tankara,66,RAJKOT,10,Gujarat,Rajkot,PARSHOTTAMBHAI RUPALA,6a932b5bcd944524379edeee,Lok Sabha
Kalavad (Sc),76,JAMNAGAR,12,Gujarat,Jamnagar,Smt Poonamben Hematbhai Maadam,6a932b5bcd944524379edf8f,Lok Sabha
Jamnagar,77,JAMNAGAR,12,Gujarat,Jamnagar,Smt Poonamben Hematbhai Maadam,6a932b5bcd944524379edf8f,Lok Sabha
Vejalpur,42,GANDHINAGAR,6,Gujarat,Ahmadabad,Shri Amit Shah,6a932b5bcd944524379edf62,Lok Sabha
Shehra,124,PANCHMAHAL,18,Gujarat,Panch Mahals,RAJPALSINH MAHENDRASINH JADAV,6a932b5bcd944524379edf20,Lok Sabha
Vatva,43,AHMEDABAD EAST,7,Gujarat,Ahmadabad,Hasmukh Bhai Soma Bhai Patel,6a932b5bcd944524379ede6f,Lok Sabha
Limkheda (St),131,DAHOD,19,Gujarat,Dohad,Jaswantsinh Sumanbhai Bhabhor,6a932b5bcd944524379ede7c,Lok Sabha
Chotila,63,SURENDRANAGAR,9,Gujarat,Surendranagar,CHANDUBHAI CHHAGANBHAI SHIHORA,6a932b5bcd944524379ede17,Lok Sabha
Mehmedabad,117,KHEDA,17,Gujarat,Kheda,Devusinh Jesingbhai Chauhan,6a932b5bcd944524379ede2b,Lok Sabha
Thasra,119,PANCHMAHAL,18,Gujarat,Kheda,RAJPALSINH MAHENDRASINH JADAV,6a932b5bcd944524379edf20,Lok Sabha
Wadhwan,62,SURENDRANAGAR,9,Gujarat,Surendranagar,CHANDUBHAI CHHAGANBHAI SHIHORA,6a932b5bcd944524379ede17,Lok Sabha
Wankaner,67,RAJKOT,10,Gujarat,Rajkot,PARSHOTTAMBHAI RUPALA,6a932b5bcd944524379edeee,Lok Sabha
Dholka,58,KHEDA,17,Gujarat,Ahmadabad,Devusinh Jesingbhai Chauhan,6a932b5bcd944524379ede2b,Lok Sabha
Dahod (St),132,DAHOD,19,Gujarat,Dohad,Jaswantsinh Sumanbhai Bhabhor,6a932b5bcd944524379ede7c,Lok Sabha
Mahudha,118,KHEDA,17,Gujarat,Kheda,Devusinh Jesingbhai Chauhan,6a932b5bcd944524379ede2b,Lok Sabha
Godhra,126,PANCHMAHAL,18,Gujarat,Panch Mahals,RAJPALSINH MAHENDRASINH JADAV,6a932b5bcd944524379edf20,Lok Sabha
Matar,115,KHEDA,17,Gujarat,Kheda,Devusinh Jesingbhai Chauhan,6a932b5bcd944524379ede2b,Lok Sabha
Devgadhbaria,134,DAHOD,19,Gujarat,Dohad,Jaswantsinh Sumanbhai Bhabhor,6a932b5bcd944524379ede7c,Lok Sabha
Savli,135,VADODARA,20,Gujarat,Vadodara,DR. HEMANG JOSHI,6a932b5bcd944524379ede40,Lok Sabha
Limbdi,61,SURENDRANAGAR,9,Gujarat,Surendranagar,CHANDUBHAI CHHAGANBHAI SHIHORA,6a932b5bcd944524379ede17,Lok Sabha
Dwarka,82,JAMNAGAR,12,Gujarat,Jamnagar,Smt Poonamben Hematbhai Maadam,6a932b5bcd944524379edf8f,Lok Sabha
Garbada (St),133,DAHOD,19,Gujarat,Dohad,Jaswantsinh Sumanbhai Bhabhor,6a932b5bcd944524379ede7c,Lok Sabha
Umreth,111,ANAND,16,Gujarat,Anand,Mitesh Rameshbhai Bakabhai Patel,6a932b5bcd944524379eded0,Lok Sabha
Nadiad,116,KHEDA,17,Gujarat,Kheda,Devusinh Jesingbhai Chauhan,6a932b5bcd944524379ede2b,Lok Sabha
Jamnagar North,78,JAMNAGAR,12,Gujarat,Jamnagar,Smt Poonamben Hematbhai Maadam,6a932b5bcd944524379edf8f,Lok Sabha
Kalol,127,PANCHMAHAL,18,Gujarat,Panch Mahals,RAJPALSINH MAHENDRASINH JADAV,6a932b5bcd944524379edf20,Lok Sabha
Jamnagar South,79,JAMNAGAR,12,Gujarat,Jamnagar,Smt Poonamben Hematbhai Maadam,6a932b5bcd944524379edf8f,Lok Sabha
Khambhalia,81,JAMNAGAR,12,Gujarat,Jamnagar,Smt Poonamben Hematbhai Maadam,6a932b5bcd944524379edf8f,Lok Sabha
Sojitra,114,ANAND,16,Gujarat,Anand,Mitesh Rameshbhai Bakabhai Patel,6a932b5bcd944524379eded0,Lok Sabha
Jamjodhpur,80,JAMNAGAR,12,Gujarat,Jamnagar,Smt Poonamben Hematbhai Maadam,6a932b5bcd944524379edf8f,Lok Sabha
Petlad,113,ANAND,16,Gujarat,Anand,Mitesh Rameshbhai Bakabhai Patel,6a932b5bcd944524379eded0,Lok Sabha
Dhandhuka,59,SURENDRANAGAR,9,Gujarat,Ahmadabad,CHANDUBHAI CHHAGANBHAI SHIHORA,6a932b5bcd944524379ede17,Lok Sabha
Anand,112,ANAND,16,Gujarat,Anand,Mitesh Rameshbhai Bakabhai Patel,6a932b5bcd944524379eded0,Lok Sabha
Anklav,110,ANAND,16,Gujarat,Anand,Mitesh Rameshbhai Bakabhai Patel,6a932b5bcd944524379eded0,Lok Sabha
Halol,128,CHHOTA UDAIPUR,21,Gujarat,Panch Mahals,JASHUBHAI BHILUBHAI RATHVA,6a932b5bcd944524379ede7b,Lok Sabha
Khambhat,108,ANAND,16,Gujarat,Anand,Mitesh Rameshbhai Bakabhai Patel,6a932b5bcd944524379eded0,Lok Sabha
Chhota Udaipur (St,137,CHHOTA UDAIPUR,21,Gujarat,Vadodara,JASHUBHAI BHILUBHAI RATHVA,6a932b5bcd944524379ede7b,Lok Sabha
Rajkot Rural(Sc),71,RAJKOT,10,Gujarat,Rajkot,PARSHOTTAMBHAI RUPALA,6a932b5bcd944524379edeee,Lok Sabha
Rajkot South,70,RAJKOT,10,Gujarat,Rajkot,PARSHOTTAMBHAI RUPALA,6a932b5bcd944524379edeee,Lok Sabha
Vaghodia,136,VADODARA,20,Gujarat,Vadodara,DR. HEMANG JOSHI,6a932b5bcd944524379ede40,Lok Sabha
Rajkot West,69,RAJKOT,10,Gujarat,Rajkot,PARSHOTTAMBHAI RUPALA,6a932b5bcd944524379edeee,Lok Sabha
Borsad,109,ANAND,16,Gujarat,Anand,Mitesh Rameshbhai Bakabhai Patel,6a932b5bcd944524379eded0,Lok Sabha
Botad,107,BHAVNAGAR,15,Gujarat,Bhavnagar,NIMUBEN JAYANTIBHAI BAMBHANIYA,6a932b5bcd944524379edee5,Lok Sabha
Rajkot East,68,RAJKOT,10,Gujarat,Rajkot,PARSHOTTAMBHAI RUPALA,6a932b5bcd944524379edeee,Lok Sabha
Jasdan,72,RAJKOT,10,Gujarat,Rajkot,PARSHOTTAMBHAI RUPALA,6a932b5bcd944524379edeee,Lok Sabha
Sayajigunj,142,VADODARA,20,Gujarat,Vadodara,DR. HEMANG JOSHI,6a932b5bcd944524379ede40,Lok Sabha
Sankheda(St),139,CHHOTA UDAIPUR,21,Gujarat,Vadodara,JASHUBHAI BHILUBHAI RATHVA,6a932b5bcd944524379ede7b,Lok Sabha
Padra,146,CHHOTA UDAIPUR,21,Gujarat,Vadodara,JASHUBHAI BHILUBHAI RATHVA,6a932b5bcd944524379ede7b,Lok Sabha
Vadodara City(Sc),141,VADODARA,20,Gujarat,Vadodara,DR. HEMANG JOSHI,6a932b5bcd944524379ede40,Lok Sabha
Raopura,144,VADODARA,20,Gujarat,Vadodara,DR. HEMANG JOSHI,6a932b5bcd944524379ede40,Lok Sabha
Akota,143,VADODARA,20,Gujarat,Vadodara,DR. HEMANG JOSHI,6a932b5bcd944524379ede40,Lok Sabha
Jetpur (St),138,CHHOTA UDAIPUR,21,Gujarat,Vadodara,JASHUBHAI BHILUBHAI RATHVA,6a932b5bcd944524379ede7b,Lok Sabha
Dabhoi,140,CHHOTA UDAIPUR,21,Gujarat,Vadodara,JASHUBHAI BHILUBHAI RATHVA,6a932b5bcd944524379ede7b,Lok Sabha
Gondal,73,PORBANDAR,11,Gujarat,Rajkot,DR. MANSUKH MANDAVIYA,6a932b5bcd944524379ede45,Lok Sabha
Jambusar,150,BHARUCH,22,Gujarat,Bharuch,Mansukhbhai Dhanjibhai Vasava,6a932b5bcd944524379edecc,Lok Sabha
Manjalpur,145,VADODARA,20,Gujarat,Vadodara,DR. HEMANG JOSHI,6a932b5bcd944524379ede40,Lok Sabha
Jetpur,74,PORBANDAR,11,Gujarat,Rajkot,DR. MANSUKH MANDAVIYA,6a932b5bcd944524379ede45,Lok Sabha
Porbandar,83,PORBANDAR,11,Gujarat,Porbandar,DR. MANSUKH MANDAVIYA,6a932b5bcd944524379ede45,Lok Sabha
Gadhada (Sc),106,BHAVNAGAR,15,Gujarat,Bhavnagar,NIMUBEN JAYANTIBHAI BAMBHANIYA,6a932b5bcd944524379edee5,Lok Sabha
Dhoraji,75,PORBANDAR,11,Gujarat,Rajkot,DR. MANSUKH MANDAVIYA,6a932b5bcd944524379ede45,Lok Sabha
Bhavnagar Rural,103,BHAVNAGAR,15,Gujarat,Bhavnagar,NIMUBEN JAYANTIBHAI BAMBHANIYA,6a932b5bcd944524379edee5,Lok Sabha
Karjan,147,BHARUCH,22,Gujarat,Vadodara,Mansukhbhai Dhanjibhai Vasava,6a932b5bcd944524379edecc,Lok Sabha
Lathi,96,AMRELI,14,Gujarat,Amreli,BHARATBHAI MANUBHAI SUTARIYA,6a932b5bcd944524379eddfd,Lok Sabha
Kutiyana,84,PORBANDAR,11,Gujarat,Porbandar,DR. MANSUKH MANDAVIYA,6a932b5bcd944524379ede45,Lok Sabha
Nandod (St),148,CHHOTA UDAIPUR,21,Gujarat,Narmada,JASHUBHAI BHILUBHAI RATHVA,6a932b5bcd944524379ede7b,Lok Sabha
Amreli,95,AMRELI,14,Gujarat,Amreli,BHARATBHAI MANUBHAI SUTARIYA,6a932b5bcd944524379eddfd,Lok Sabha
Vagra,151,BHARUCH,22,Gujarat,Bharuch,Mansukhbhai Dhanjibhai Vasava,6a932b5bcd944524379edecc,Lok Sabha
Jhagadia (St),152,BHARUCH,22,Gujarat,Bharuch,Mansukhbhai Dhanjibhai Vasava,6a932b5bcd944524379edecc,Lok Sabha
Manavadar,85,PORBANDAR,11,Gujarat,Junagadh,DR. MANSUKH MANDAVIYA,6a932b5bcd944524379ede45,Lok Sabha
Bhavnagar West,105,BHAVNAGAR,15,Gujarat,Bhavnagar,NIMUBEN JAYANTIBHAI BAMBHANIYA,6a932b5bcd944524379edee5,Lok Sabha
Bhavnagar East,104,BHAVNAGAR,15,Gujarat,Bhavnagar,NIMUBEN JAYANTIBHAI BAMBHANIYA,6a932b5bcd944524379edee5,Lok Sabha
Palitana,102,BHAVNAGAR,15,Gujarat,Bhavnagar,NIMUBEN JAYANTIBHAI BAMBHANIYA,6a932b5bcd944524379edee5,Lok Sabha
Junagadh,86,JUNAGADH,13,Gujarat,Junagadh,Rajeshbhai Naranbhai Chudasama,6a932b5bcd944524379edf1b,Lok Sabha
Visavadar,87,JUNAGADH,13,Gujarat,Junagadh,Rajeshbhai Naranbhai Chudasama,6a932b5bcd944524379edf1b,Lok Sabha
Gariadhar,101,AMRELI,14,Gujarat,Bhavnagar,BHARATBHAI MANUBHAI SUTARIYA,6a932b5bcd944524379eddfd,Lok Sabha
Bharuch,153,BHARUCH,22,Gujarat,Bharuch,Mansukhbhai Dhanjibhai Vasava,6a932b5bcd944524379edecc,Lok Sabha
Dhari,94,AMRELI,14,Gujarat,Amreli,BHARATBHAI MANUBHAI SUTARIYA,6a932b5bcd944524379eddfd,Lok Sabha
Savarkundla,97,AMRELI,14,Gujarat,Amreli,BHARATBHAI MANUBHAI SUTARIYA,6a932b5bcd944524379eddfd,Lok Sabha
Dediapada(St),149,BHARUCH,22,Gujarat,Narmada,Mansukhbhai Dhanjibhai Vasava,6a932b5bcd944524379edecc,Lok Sabha
Ankleshwar,154,BHARUCH,22,Gujarat,Bharuch,Mansukhbhai Dhanjibhai Vasava,6a932b5bcd944524379edecc,Lok Sabha
Keshod,88,PORBANDAR,11,Gujarat,Junagadh,DR. MANSUKH MANDAVIYA,6a932b5bcd944524379ede45,Lok Sabha
Talaja,100,BHAVNAGAR,15,Gujarat,Bhavnagar,NIMUBEN JAYANTIBHAI BAMBHANIYA,6a932b5bcd944524379edee5,Lok Sabha
Mangrol (St),156,BARDOLI,23,Gujarat,Surat,Prabhubhai Nagarbhai Vasava,6a932b5bcd944524379edef6,Lok Sabha
Nizar (St),172,BARDOLI,23,Gujarat,Surat,Prabhubhai Nagarbhai Vasava,6a932b5bcd944524379edef6,Lok Sabha
Talala,91,JUNAGADH,13,Gujarat,Junagadh,Rajeshbhai Naranbhai Chudasama,6a932b5bcd944524379edf1b,Lok Sabha
Olpad,155,SURAT,24,Gujarat,Surat,MUKESHKUMAR CHANDRAKAANT DALAL,6a932b5bcd944524379eded8,Lok Sabha
Mandvi (St),157,BARDOLI,23,Gujarat,Surat,Prabhubhai Nagarbhai Vasava,6a932b5bcd944524379edef6,Lok Sabha
Mangrol,89,JUNAGADH,13,Gujarat,Junagadh,Rajeshbhai Naranbhai Chudasama,6a932b5bcd944524379edf1b,Lok Sabha
Kamrej,158,BARDOLI,23,Gujarat,Surat,Prabhubhai Nagarbhai Vasava,6a932b5bcd944524379edef6,Lok Sabha
Una,93,JUNAGADH,13,Gujarat,Junagadh,Rajeshbhai Naranbhai Chudasama,6a932b5bcd944524379edf1b,Lok Sabha
Mahuva,99,AMRELI,14,Gujarat,Bhavnagar,BHARATBHAI MANUBHAI SUTARIYA,6a932b5bcd944524379eddfd,Lok Sabha
Surat East,159,SURAT,24,Gujarat,Surat,MUKESHKUMAR CHANDRAKAANT DALAL,6a932b5bcd944524379eded8,Lok Sabha
Rajula,98,AMRELI,14,Gujarat,Amreli,BHARATBHAI MANUBHAI SUTARIYA,6a932b5bcd944524379eddfd,Lok Sabha
Vyara (St),171,BARDOLI,23,Gujarat,Surat,Prabhubhai Nagarbhai Vasava,6a932b5bcd944524379edef6,Lok Sabha
Somnath,90,JUNAGADH,13,Gujarat,Junagadh,Rajeshbhai Naranbhai Chudasama,6a932b5bcd944524379edf1b,Lok Sabha
Mahuva (St),170,BARDOLI,23,Gujarat,Surat,Prabhubhai Nagarbhai Vasava,6a932b5bcd944524379edef6,Lok Sabha
Bardoli (Sc),169,BARDOLI,23,Gujarat,Surat,Prabhubhai Nagarbhai Vasava,6a932b5bcd944524379edef6,Lok Sabha
Choryasi,168,NAVSARI,25,Gujarat,Surat,C R Patil,6a932b5bcd944524379ede0f,Lok Sabha
Kodinar (Sc),92,JUNAGADH,13,Gujarat,Junagadh,Rajeshbhai Naranbhai Chudasama,6a932b5bcd944524379edf1b,Lok Sabha
Jalalpore,174,NAVSARI,25,Gujarat,Navsari,C R Patil,6a932b5bcd944524379ede0f,Lok Sabha
Navsari,175,NAVSARI,25,Gujarat,Navsari,C R Patil,6a932b5bcd944524379ede0f,Lok Sabha
Dangs (St),173,VALSAD,26,Gujarat,The Dangs,DHAVAL LAXMANBHAI PATEL,6a932b5bcd944524379ede30,Lok Sabha
Gandevi (St),176,NAVSARI,25,Gujarat,Navsari,C R Patil,6a932b5bcd944524379ede0f,Lok Sabha
Vansda (St),177,VALSAD,26,Gujarat,Navsari,DHAVAL LAXMANBHAI PATEL,6a932b5bcd944524379ede30,Lok Sabha
Valsad,179,VALSAD,26,Gujarat,Valsad,DHAVAL LAXMANBHAI PATEL,6a932b5bcd944524379ede30,Lok Sabha
Dharampur,178,VALSAD,26,Gujarat,Valsad,DHAVAL LAXMANBHAI PATEL,6a932b5bcd944524379ede30,Lok Sabha
Pardi,180,VALSAD,26,Gujarat,Valsad,DHAVAL LAXMANBHAI PATEL,6a932b5bcd944524379ede30,Lok Sabha
Kaprada (St),181,VALSAD,26,Gujarat,Valsad,DHAVAL LAXMANBHAI PATEL,6a932b5bcd944524379ede30,Lok Sabha
Umbergaon,182,VALSAD,26,Gujarat,Navsari,DHAVAL LAXMANBHAI PATEL,6a932b5bcd944524379ede30,Lok Sabha
Kalka,1,AMBALA,1,Haryana,Panchkula,VARUN CHAUDHRY,6a932b5bcd944524379edfba,Lok Sabha
Panchkula,2,AMBALA,1,Haryana,Panchkula,VARUN CHAUDHRY,6a932b5bcd944524379edfba,Lok Sabha
Naraingarh,3,AMBALA,1,Haryana,Ambala,VARUN CHAUDHRY,6a932b5bcd944524379edfba,Lok Sabha
Ambala City,5,AMBALA,1,Haryana,Ambala,VARUN CHAUDHRY,6a932b5bcd944524379edfba,Lok Sabha
Sadhaura (Sc),7,AMBALA,1,Haryana,Yamunanagar,VARUN CHAUDHRY,6a932b5bcd944524379edfba,Lok Sabha
Ambala Cantt.,4,AMBALA,1,Haryana,Ambala,VARUN CHAUDHRY,6a932b5bcd944524379edfba,Lok Sabha
Jagadhri,8,AMBALA,1,Haryana,Yamunanagar,VARUN CHAUDHRY,6a932b5bcd944524379edfba,Lok Sabha
Mulana (Sc),6,AMBALA,1,Haryana,Ambala,VARUN CHAUDHRY,6a932b5bcd944524379edfba,Lok Sabha
Shahbad (Sc),12,KURUKSHETRA,2,Haryana,Kurukshetra,NAVEEN JINDAL,6a932b5bcd944524379edee2,Lok Sabha
Yamunanagar,9,AMBALA,1,Haryana,Yamunanagar,VARUN CHAUDHRY,6a932b5bcd944524379edfba,Lok Sabha
Guhla (Sc),15,KURUKSHETRA,2,Haryana,Kaithal,NAVEEN JINDAL,6a932b5bcd944524379edee2,Lok Sabha
Radaur,10,KURUKSHETRA,2,Haryana,Yamunanagar,NAVEEN JINDAL,6a932b5bcd944524379edee2,Lok Sabha
Ladwa,11,KURUKSHETRA,2,Haryana,Kurukshetra,NAVEEN JINDAL,6a932b5bcd944524379edee2,Lok Sabha
Pehowa,14,KURUKSHETRA,2,Haryana,Kurukshetra,NAVEEN JINDAL,6a932b5bcd944524379edee2,Lok Sabha
Dabwali,43,SIRSA,3,Haryana,Sirsa,SELJA,6a932b5bcd944524379edf51,Lok Sabha
Thanesar,13,KURUKSHETRA,2,Haryana,Kurukshetra,NAVEEN JINDAL,6a932b5bcd944524379edee2,Lok Sabha
Indri,20,KARNAL,5,Haryana,Karnal,MANOHAR LAL,6a932b5bcd944524379edec8,Lok Sabha
Kalanwali (Sc),42,SIRSA,3,Haryana,Sirsa,SELJA,6a932b5bcd944524379edf51,Lok Sabha
Kaithal,17,KURUKSHETRA,2,Haryana,Kaithal,NAVEEN JINDAL,6a932b5bcd944524379edee2,Lok Sabha
Pundri,18,KURUKSHETRA,2,Haryana,Kaithal,NAVEEN JINDAL,6a932b5bcd944524379edee2,Lok Sabha
Nilokheri(Sc),19,KARNAL,5,Haryana,Karnal,MANOHAR LAL,6a932b5bcd944524379edec8,Lok Sabha
Kalayat,16,KURUKSHETRA,2,Haryana,Kaithal,NAVEEN JINDAL,6a932b5bcd944524379edee2,Lok Sabha
Narwana (Sc),38,SIRSA,3,Haryana,Jind,SELJA,6a932b5bcd944524379edf51,Lok Sabha
Tohana,39,SIRSA,3,Haryana,Fatehabad,SELJA,6a932b5bcd944524379edf51,Lok Sabha
Ratia (Sc),41,SIRSA,3,Haryana,Fatehabad,SELJA,6a932b5bcd944524379edf51,Lok Sabha
Rania,44,SIRSA,3,Haryana,Sirsa,SELJA,6a932b5bcd944524379edf51,Lok Sabha
Karnal,21,KARNAL,5,Haryana,Karnal,MANOHAR LAL,6a932b5bcd944524379edec8,Lok Sabha
Assandh,23,KARNAL,5,Haryana,Karnal,MANOHAR LAL,6a932b5bcd944524379edec8,Lok Sabha
Gharaunda,22,KARNAL,5,Haryana,Karnal,MANOHAR LAL,6a932b5bcd944524379edec8,Lok Sabha
Sirsa,45,SIRSA,3,Haryana,Sirsa,SELJA,6a932b5bcd944524379edf51,Lok Sabha
Uchana Kalan,37,HISAR,4,Haryana,Jind,JAI PARKASH,6a932b5bcd944524379ede78,Lok Sabha
Ellenabad,46,SIRSA,3,Haryana,Sirsa,SELJA,6a932b5bcd944524379edf51,Lok Sabha
Fatehabad,40,SIRSA,3,Haryana,Fatehabad,SELJA,6a932b5bcd944524379edf51,Lok Sabha
Uklana (Sc),48,HISAR,4,Haryana,Hisar,JAI PARKASH,6a932b5bcd944524379ede78,Lok Sabha
Safidon,35,SONEPAT,6,Haryana,Jind,SATPAL BRAHAMCHARI,6a932b5bcd944524379edf4d,Lok Sabha
Panipat Rural,24,KARNAL,5,Haryana,Panipat,MANOHAR LAL,6a932b5bcd944524379edec8,Lok Sabha
Israna (Sc),26,KARNAL,5,Haryana,Panipat,MANOHAR LAL,6a932b5bcd944524379edec8,Lok Sabha
Samalkha,27,KARNAL,5,Haryana,Panipat,MANOHAR LAL,6a932b5bcd944524379edec8,Lok Sabha
Adampur,47,HISAR,4,Haryana,Hisar,JAI PARKASH,6a932b5bcd944524379ede78,Lok Sabha
Jind,36,SONEPAT,6,Haryana,Jind,SATPAL BRAHAMCHARI,6a932b5bcd944524379edf4d,Lok Sabha
Narnaund,49,HISAR,4,Haryana,Hisar,JAI PARKASH,6a932b5bcd944524379ede78,Lok Sabha
Barwala,51,HISAR,4,Haryana,Hisar,JAI PARKASH,6a932b5bcd944524379ede78,Lok Sabha
Panipat City,25,KARNAL,5,Haryana,Panipat,MANOHAR LAL,6a932b5bcd944524379edec8,Lok Sabha
Julana,34,SONEPAT,6,Haryana,Jind,SATPAL BRAHAMCHARI,6a932b5bcd944524379edf4d,Lok Sabha
Baroda,33,SONEPAT,6,Haryana,Sonipat,SATPAL BRAHAMCHARI,6a932b5bcd944524379edf4d,Lok Sabha
Nalwa,53,HISAR,4,Haryana,Hisar,JAI PARKASH,6a932b5bcd944524379ede78,Lok Sabha
Hansi,50,HISAR,4,Haryana,Hisar,JAI PARKASH,6a932b5bcd944524379ede78,Lok Sabha
Hisar,52,HISAR,4,Haryana,Hisar,JAI PARKASH,6a932b5bcd944524379ede78,Lok Sabha
Gohana,32,SONEPAT,6,Haryana,Sonipat,SATPAL BRAHAMCHARI,6a932b5bcd944524379edf4d,Lok Sabha
Ganaur,28,SONEPAT,6,Haryana,Sonipat,SATPAL BRAHAMCHARI,6a932b5bcd944524379edf4d,Lok Sabha
Garhi Sampla-Kilo,61,ROHTAK,7,Haryana,Rohtak,DEEPENDER SINGH HOODA,6a932b5bcd944524379ede27,Lok Sabha
Bawani Khera (Sc),59,HISAR,4,Haryana,Bhiwani,JAI PARKASH,6a932b5bcd944524379ede78,Lok Sabha
Meham,60,ROHTAK,7,Haryana,Rohtak,DEEPENDER SINGH HOODA,6a932b5bcd944524379ede27,Lok Sabha
Rai,29,SONEPAT,6,Haryana,Sonipat,SATPAL BRAHAMCHARI,6a932b5bcd944524379edf4d,Lok Sabha
Loharu,54,BHIWANI - MAHENDRAGARH,8,Haryana,Bhiwani,Shri Subhash Barala (2024-30),6a932b5ecd944524379ee2a9,Rajya Sabha
Sonipat,31,SONEPAT,6,Haryana,Sonipat,SATPAL BRAHAMCHARI,6a932b5bcd944524379edf4d,Lok Sabha
Kharkhauda (Sc),30,SONEPAT,6,Haryana,Sonipat,SATPAL BRAHAMCHARI,6a932b5bcd944524379edf4d,Lok Sabha
Tosham,58,BHIWANI - MAHENDRAGARH,8,Haryana,Bhiwani,Shri Subhash Barala (2024-30),6a932b5ecd944524379ee2a9,Rajya Sabha
Kalanaur (Sc),63,ROHTAK,7,Haryana,Rohtak,DEEPENDER SINGH HOODA,6a932b5bcd944524379ede27,Lok Sabha
Rohtak,62,ROHTAK,7,Haryana,Rohtak,DEEPENDER SINGH HOODA,6a932b5bcd944524379ede27,Lok Sabha
Bahadurgarh,64,ROHTAK,7,Haryana,Jhajjar,DEEPENDER SINGH HOODA,6a932b5bcd944524379ede27,Lok Sabha
Beri,67,ROHTAK,7,Haryana,Jhajjar,DEEPENDER SINGH HOODA,6a932b5bcd944524379ede27,Lok Sabha
Bhiwani,57,BHIWANI - MAHENDRAGARH,8,Haryana,Bhiwani,Shri Subhash Barala (2024-30),6a932b5ecd944524379ee2a9,Rajya Sabha
Dadri,56,BHIWANI - MAHENDRAGARH,8,Haryana,Bhiwani,Shri Subhash Barala (2024-30),6a932b5ecd944524379ee2a9,Rajya Sabha
Jhajjar (Sc),66,ROHTAK,7,Haryana,Jhajjar,DEEPENDER SINGH HOODA,6a932b5bcd944524379ede27,Lok Sabha
Badli,65,ROHTAK,7,Haryana,Jhajjar,DEEPENDER SINGH HOODA,6a932b5bcd944524379ede27,Lok Sabha
Badhra,55,BHIWANI - MAHENDRAGARH,8,Haryana,Bhiwani,Shri Subhash Barala (2024-30),6a932b5ecd944524379ee2a9,Rajya Sabha
Badshahpur,76,GURGAON,9,Haryana,Gurgaon,Rao Inderjit Singh,6a932b5bcd944524379edf2e,Lok Sabha
Pataudi (Sc),75,GURGAON,9,Haryana,Gurgaon,Rao Inderjit Singh,6a932b5bcd944524379edf2e,Lok Sabha
Tigaon,90,FARIDABAD,10,Haryana,Faridabad,Krishan Pal Gurjar,6a932b5bcd944524379edea9,Lok Sabha
Gurgaon,77,GURGAON,9,Haryana,Gurgaon,Rao Inderjit Singh,6a932b5bcd944524379edf2e,Lok Sabha
Mahendragarh,69,BHIWANI - MAHENDRAGARH,8,Haryana,Mahendragarh,Shri Subhash Barala (2024-30),6a932b5ecd944524379ee2a9,Rajya Sabha
Badkhal,87,FARIDABAD,10,Haryana,Faridabad,Krishan Pal Gurjar,6a932b5bcd944524379edea9,Lok Sabha
Ateli,68,BHIWANI - MAHENDRAGARH,8,Haryana,Mahendragarh,Shri Subhash Barala (2024-30),6a932b5ecd944524379ee2a9,Rajya Sabha
Kosli,73,ROHTAK,7,Haryana,Rewari,DEEPENDER SINGH HOODA,6a932b5bcd944524379ede27,Lok Sabha
Sohna,78,GURGAON,9,Haryana,Gurgaon,Rao Inderjit Singh,6a932b5bcd944524379edf2e,Lok Sabha
Faridabad,89,FARIDABAD,10,Haryana,Faridabad,Krishan Pal Gurjar,6a932b5bcd944524379edea9,Lok Sabha
Faridabad Nit,86,FARIDABAD,10,Haryana,Faridabad,Krishan Pal Gurjar,6a932b5bcd944524379edea9,Lok Sabha
Prithla,85,FARIDABAD,10,Haryana,Faridabad,Krishan Pal Gurjar,6a932b5bcd944524379edea9,Lok Sabha
Ballabhgarh,88,FARIDABAD,10,Haryana,Faridabad,Krishan Pal Gurjar,6a932b5bcd944524379edea9,Lok Sabha
Rewari,74,GURGAON,9,Haryana,Rewari,Rao Inderjit Singh,6a932b5bcd944524379edf2e,Lok Sabha
Bawal (Sc),72,GURGAON,9,Haryana,Rewari,Rao Inderjit Singh,6a932b5bcd944524379edf2e,Lok Sabha
Hathin,82,FARIDABAD,10,Haryana,Faridabad,Krishan Pal Gurjar,6a932b5bcd944524379edea9,Lok Sabha
Palwal,84,FARIDABAD,10,Haryana,Faridabad,Krishan Pal Gurjar,6a932b5bcd944524379edea9,Lok Sabha
Nuh,79,GURGAON,9,Haryana,Gurgaon,Rao Inderjit Singh,6a932b5bcd944524379edf2e,Lok Sabha
Narnaul,70,BHIWANI - MAHENDRAGARH,8,Haryana,Mahendragarh,Shri Subhash Barala (2024-30),6a932b5ecd944524379ee2a9,Rajya Sabha
Nangal Chaudhry,71,BHIWANI - MAHENDRAGARH,8,Haryana,Mahendragarh,Shri Subhash Barala (2024-30),6a932b5ecd944524379ee2a9,Rajya Sabha
Hodal (Sc),83,FARIDABAD,10,Haryana,Faridabad,Krishan Pal Gurjar,6a932b5bcd944524379edea9,Lok Sabha
Ferozepur Jhirka,80,GURGAON,9,Haryana,Gurgaon,Rao Inderjit Singh,6a932b5bcd944524379edf2e,Lok Sabha
Punahana,81,GURGAON,9,Haryana,Gurgaon,Rao Inderjit Singh,6a932b5bcd944524379edf2e,Lok Sabha
Lahaul & Spiti (St),21,MANDI,2,Himachal Pradesh,Lahul & Spiti,Kangana Ranaut,6a932b5bcd944524379ede98,Lok Sabha
Churah (Sc),1,KANGRA,1,Himachal Pradesh,Chamba,RAJEEV BHARDWAJ,6a932b5bcd944524379edf17,Lok Sabha
Dalhousie,4,KANGRA,1,Himachal Pradesh,Chamba,RAJEEV BHARDWAJ,6a932b5bcd944524379edf17,Lok Sabha
Chamba,3,KANGRA,1,Himachal Pradesh,Chamba,RAJEEV BHARDWAJ,6a932b5bcd944524379edf17,Lok Sabha
Bharmour (St),2,MANDI,2,Himachal Pradesh,Chamba,Kangana Ranaut,6a932b5bcd944524379ede98,Lok Sabha
Bhattiyat,5,KANGRA,1,Himachal Pradesh,Chamba,RAJEEV BHARDWAJ,6a932b5bcd944524379edf17,Lok Sabha
Baijnath (Sc),20,KANGRA,1,Himachal Pradesh,Kangra,RAJEEV BHARDWAJ,6a932b5bcd944524379edf17,Lok Sabha
Nurpur,6,KANGRA,1,Himachal Pradesh,Kangra,RAJEEV BHARDWAJ,6a932b5bcd944524379edf17,Lok Sabha
Shahpur,17,KANGRA,1,Himachal Pradesh,Kangra,RAJEEV BHARDWAJ,6a932b5bcd944524379edf17,Lok Sabha
Manali,22,MANDI,2,Himachal Pradesh,Kullu,Kangana Ranaut,6a932b5bcd944524379ede98,Lok Sabha
Dharamshala,18,KANGRA,1,Himachal Pradesh,Kangra,RAJEEV BHARDWAJ,6a932b5bcd944524379edf17,Lok Sabha
Indora (Sc),7,KANGRA,1,Himachal Pradesh,Kangra,RAJEEV BHARDWAJ,6a932b5bcd944524379edf17,Lok Sabha
Jawali,9,KANGRA,1,Himachal Pradesh,Kangra,RAJEEV BHARDWAJ,6a932b5bcd944524379edf17,Lok Sabha
Fatehpur,8,KANGRA,1,Himachal Pradesh,Kangra,RAJEEV BHARDWAJ,6a932b5bcd944524379edf17,Lok Sabha
Palampur,19,KANGRA,1,Himachal Pradesh,Kangra,RAJEEV BHARDWAJ,6a932b5bcd944524379edf17,Lok Sabha
Kullu,23,MANDI,2,Himachal Pradesh,Kullu,Kangana Ranaut,6a932b5bcd944524379ede98,Lok Sabha
Nagrota,15,KANGRA,1,Himachal Pradesh,Kangra,RAJEEV BHARDWAJ,6a932b5bcd944524379edf17,Lok Sabha
Kangra,16,KANGRA,1,Himachal Pradesh,Kangra,RAJEEV BHARDWAJ,6a932b5bcd944524379edf17,Lok Sabha
Dehra,10,HAMIRPUR,3,Himachal Pradesh,Kangra,Anurag Singh Thakur,6a932b5bcd944524379eddd9,Lok Sabha
Sullah,14,KANGRA,1,Himachal Pradesh,Kangra,RAJEEV BHARDWAJ,6a932b5bcd944524379edf17,Lok Sabha
Jaisinghpur (Sc),13,KANGRA,1,Himachal Pradesh,Kangra,RAJEEV BHARDWAJ,6a932b5bcd944524379edf17,Lok Sabha
Darang,30,MANDI,2,Himachal Pradesh,Mandi,Kangana Ranaut,6a932b5bcd944524379ede98,Lok Sabha
Jogindernagar,31,MANDI,2,Himachal Pradesh,Mandi,Kangana Ranaut,6a932b5bcd944524379ede98,Lok Sabha
Kinnaur (St),68,MANDI,2,Himachal Pradesh,Kinnaur,Kangana Ranaut,6a932b5bcd944524379ede98,Lok Sabha
Jaswan-Pragpur,11,HAMIRPUR,3,Himachal Pradesh,Kangra,Anurag Singh Thakur,6a932b5bcd944524379eddd9,Lok Sabha
Jawalamukhi,12,KANGRA,1,Himachal Pradesh,Kangra,RAJEEV BHARDWAJ,6a932b5bcd944524379edf17,Lok Sabha
Banjar,24,MANDI,2,Himachal Pradesh,Kullu,Kangana Ranaut,6a932b5bcd944524379ede98,Lok Sabha
Sujanpur,37,HAMIRPUR,3,Himachal Pradesh,Hamirpur,Anurag Singh Thakur,6a932b5bcd944524379eddd9,Lok Sabha
Chintpurni (Sc),41,HAMIRPUR,3,Himachal Pradesh,Una,Anurag Singh Thakur,6a932b5bcd944524379eddd9,Lok Sabha
Gagret,42,HAMIRPUR,3,Himachal Pradesh,Una,Anurag Singh Thakur,6a932b5bcd944524379eddd9,Lok Sabha
Dharampur,32,HAMIRPUR,3,Himachal Pradesh,Mandi,Anurag Singh Thakur,6a932b5bcd944524379eddd9,Lok Sabha
Mandi,33,MANDI,2,Himachal Pradesh,Mandi,Kangana Ranaut,6a932b5bcd944524379ede98,Lok Sabha
Nadaun,40,HAMIRPUR,3,Himachal Pradesh,Hamirpur,Anurag Singh Thakur,6a932b5bcd944524379eddd9,Lok Sabha
Hamirpur,38,HAMIRPUR,3,Himachal Pradesh,Hamirpur,Anurag Singh Thakur,6a932b5bcd944524379eddd9,Lok Sabha
Sarkaghat,35,MANDI,2,Himachal Pradesh,Mandi,Kangana Ranaut,6a932b5bcd944524379ede98,Lok Sabha
Bhoranj (Sc),36,HAMIRPUR,3,Himachal Pradesh,Hamirpur,Anurag Singh Thakur,6a932b5bcd944524379eddd9,Lok Sabha
Kutlehar,45,HAMIRPUR,3,Himachal Pradesh,Una,Anurag Singh Thakur,6a932b5bcd944524379eddd9,Lok Sabha
Seraj,29,MANDI,2,Himachal Pradesh,Mandi,Kangana Ranaut,6a932b5bcd944524379ede98,Lok Sabha
Balh (Sc),34,MANDI,2,Himachal Pradesh,Mandi,Kangana Ranaut,6a932b5bcd944524379ede98,Lok Sabha
Rampur (Sc),66,MANDI,2,Himachal Pradesh,Shimla,Kangana Ranaut,6a932b5bcd944524379ede98,Lok Sabha
Barsar,39,HAMIRPUR,3,Himachal Pradesh,Hamirpur,Anurag Singh Thakur,6a932b5bcd944524379eddd9,Lok Sabha
Nachan (Sc),28,MANDI,2,Himachal Pradesh,Mandi,Kangana Ranaut,6a932b5bcd944524379ede98,Lok Sabha
Anni (Sc),25,MANDI,2,Himachal Pradesh,Kullu,Kangana Ranaut,6a932b5bcd944524379ede98,Lok Sabha
Ghumarwin,47,HAMIRPUR,3,Himachal Pradesh,Bilaspur,Anurag Singh Thakur,6a932b5bcd944524379eddd9,Lok Sabha
Haroli,43,HAMIRPUR,3,Himachal Pradesh,Una,Anurag Singh Thakur,6a932b5bcd944524379eddd9,Lok Sabha
Sundernagar,27,MANDI,2,Himachal Pradesh,Mandi,Kangana Ranaut,6a932b5bcd944524379ede98,Lok Sabha
Bilaspur,48,HAMIRPUR,3,Himachal Pradesh,Bilaspur,Anurag Singh Thakur,6a932b5bcd944524379eddd9,Lok Sabha
Una,44,HAMIRPUR,3,Himachal Pradesh,Una,Anurag Singh Thakur,6a932b5bcd944524379eddd9,Lok Sabha
Jhanduta (Sc),46,HAMIRPUR,3,Himachal Pradesh,Bilaspur,Anurag Singh Thakur,6a932b5bcd944524379eddd9,Lok Sabha
Sri Naina Deviji,49,HAMIRPUR,3,Himachal Pradesh,Bilaspur,Anurag Singh Thakur,6a932b5bcd944524379eddd9,Lok Sabha
Karsog (Sc),26,MANDI,2,Himachal Pradesh,Mandi,Kangana Ranaut,6a932b5bcd944524379ede98,Lok Sabha
Rohru (Sc),67,SHIMLA,4,Himachal Pradesh,Shimla,Suresh Kumar Kashyap,6a932b5bcd944524379edfa5,Lok Sabha
Arki,50,SHIMLA,4,Himachal Pradesh,Solan,Suresh Kumar Kashyap,6a932b5bcd944524379edfa5,Lok Sabha
Theog,61,SHIMLA,4,Himachal Pradesh,Shimla,Suresh Kumar Kashyap,6a932b5bcd944524379edfa5,Lok Sabha
Shimla Rural,64,SHIMLA,4,Himachal Pradesh,Shimla,Suresh Kumar Kashyap,6a932b5bcd944524379edfa5,Lok Sabha
Nalagarh,51,SHIMLA,4,Himachal Pradesh,Solan,Suresh Kumar Kashyap,6a932b5bcd944524379edfa5,Lok Sabha
Jubbal-Kotkhai,65,SHIMLA,4,Himachal Pradesh,Shimla,Suresh Kumar Kashyap,6a932b5bcd944524379edfa5,Lok Sabha
Kasumpti,62,SHIMLA,4,Himachal Pradesh,Shimla,Suresh Kumar Kashyap,6a932b5bcd944524379edfa5,Lok Sabha
Shimla,63,SHIMLA,4,Himachal Pradesh,Shimla,Suresh Kumar Kashyap,6a932b5bcd944524379edfa5,Lok Sabha
Solan (Sc),53,SHIMLA,4,Himachal Pradesh,Solan,Suresh Kumar Kashyap,6a932b5bcd944524379edfa5,Lok Sabha
Chopal,60,SHIMLA,4,Himachal Pradesh,Shimla,Suresh Kumar Kashyap,6a932b5bcd944524379edfa5,Lok Sabha
Doon,52,SHIMLA,4,Himachal Pradesh,Solan,Suresh Kumar Kashyap,6a932b5bcd944524379edfa5,Lok Sabha
Kasauli (Sc),54,SHIMLA,4,Himachal Pradesh,Solan,Suresh Kumar Kashyap,6a932b5bcd944524379edfa5,Lok Sabha
Pachhad (Sc),55,SHIMLA,4,Himachal Pradesh,Sirmaur,Suresh Kumar Kashyap,6a932b5bcd944524379edfa5,Lok Sabha
Sri Renukaji (Sc,57,SHIMLA,4,Himachal Pradesh,Sirmaur,Suresh Kumar Kashyap,6a932b5bcd944524379edfa5,Lok Sabha
Shillai,59,SHIMLA,4,Himachal Pradesh,Sirmaur,Suresh Kumar Kashyap,6a932b5bcd944524379edfa5,Lok Sabha
Nahan,56,SHIMLA,4,Himachal Pradesh,Sirmaur,Suresh Kumar Kashyap,6a932b5bcd944524379edfa5,Lok Sabha
Paonta Sahib,58,SHIMLA,4,Himachal Pradesh,Sirmaur,Suresh Kumar Kashyap,6a932b5bcd944524379edfa5,Lok Sabha
Rajmahal,1,RAJMAHAL,1,Jharkhand,Sahibganj,Vijay Kumar Hansdak,6a932b5bcd944524379edfbe,Lok Sabha
Borio (St),2,RAJMAHAL,1,Jharkhand,Sahibganj,Vijay Kumar Hansdak,6a932b5bcd944524379edfbe,Lok Sabha
Mahagama,18,GODDA,3,Jharkhand,Godda,Nishikant Dubey,6a932b5bcd944524379edee6,Lok Sabha
Borio (St),2,RAJMAHAL,1,Jharkhand,Godda,Vijay Kumar Hansdak,6a932b5bcd944524379edfbe,Lok Sabha
Godda,17,GODDA,3,Jharkhand,Godda,Nishikant Dubey,6a932b5bcd944524379edee6,Lok Sabha
Barhait (St),3,RAJMAHAL,1,Jharkhand,Sahibganj,Vijay Kumar Hansdak,6a932b5bcd944524379edfbe,Lok Sabha
Barhait (St),3,RAJMAHAL,1,Jharkhand,Godda,Vijay Kumar Hansdak,6a932b5bcd944524379edfbe,Lok Sabha
Pakaur,5,RAJMAHAL,1,Jharkhand,Sahibganj,Vijay Kumar Hansdak,6a932b5bcd944524379edfbe,Lok Sabha
Litipara (St),4,RAJMAHAL,1,Jharkhand,Pakaur,Vijay Kumar Hansdak,6a932b5bcd944524379edfbe,Lok Sabha
Poreyahat,16,GODDA,3,Jharkhand,Godda,Nishikant Dubey,6a932b5bcd944524379edee6,Lok Sabha
Kodarma,19,KODARMA,5,Jharkhand,Kodarma,Annpurna Devi,6a932b5bcd944524379eddd4,Lok Sabha
Pakaur,5,RAJMAHAL,1,Jharkhand,Pakaur,Vijay Kumar Hansdak,6a932b5bcd944524379edfbe,Lok Sabha
Dhanwar,28,KODARMA,5,Jharkhand,Giridih,Annpurna Devi,6a932b5bcd944524379eddd4,Lok Sabha
Poreyahat,16,GODDA,3,Jharkhand,Dumka,Nishikant Dubey,6a932b5bcd944524379edee6,Lok Sabha
Jama (St),11,DUMKA,2,Jharkhand,Dumka,NALIN SOREN,6a932b5bcd944524379ededd,Lok Sabha
Maheshpur (St),6,RAJMAHAL,1,Jharkhand,Pakaur,Vijay Kumar Hansdak,6a932b5bcd944524379edfbe,Lok Sabha
Deoghar (Sc),15,GODDA,3,Jharkhand,Deoghar,Nishikant Dubey,6a932b5bcd944524379edee6,Lok Sabha
Jamua (Sc),30,KODARMA,5,Jharkhand,Giridih,Annpurna Devi,6a932b5bcd944524379eddd4,Lok Sabha
Hussainabad,79,PALAMU,13,Jharkhand,Palamu,Vishnu Dayal Ram,6a932b5bcd944524379edfc5,Lok Sabha
Jarmundi,12,GODDA,3,Jharkhand,Dumka,Nishikant Dubey,6a932b5bcd944524379edee6,Lok Sabha
Barhi,21,HAZARIBAGH,14,Jharkhand,Hazaribag,MANISH JAISWAL,6a932b5bcd944524379edec4,Lok Sabha
Sikaripara (St),7,DUMKA,2,Jharkhand,Dumka,NALIN SOREN,6a932b5bcd944524379ededd,Lok Sabha
Chatra (Sc),27,CHATRA,4,Jharkhand,Chatra,KALI CHARAN SINGH,6a932b5bcd944524379ede90,Lok Sabha
Bishrampur,77,PALAMU,13,Jharkhand,Garhwa,Vishnu Dayal Ram,6a932b5bcd944524379edfc5,Lok Sabha
Dumka (St),10,DUMKA,2,Jharkhand,Dumka,NALIN SOREN,6a932b5bcd944524379ededd,Lok Sabha
Bhawanathpur,81,PALAMU,13,Jharkhand,Garhwa,Vishnu Dayal Ram,6a932b5bcd944524379edfc5,Lok Sabha
Jarmundi,12,GODDA,3,Jharkhand,Deoghar,Nishikant Dubey,6a932b5bcd944524379edee6,Lok Sabha
Gandey,31,KODARMA,5,Jharkhand,Giridih,Annpurna Devi,6a932b5bcd944524379eddd4,Lok Sabha
Madhupur,13,GODDA,3,Jharkhand,Deoghar,Nishikant Dubey,6a932b5bcd944524379edee6,Lok Sabha
Barkatha,20,KODARMA,5,Jharkhand,Kodarma,Annpurna Devi,6a932b5bcd944524379eddd4,Lok Sabha
Chhatarpur (Sc),78,PALAMU,13,Jharkhand,Palamu,Vishnu Dayal Ram,6a932b5bcd944524379edfc5,Lok Sabha
Daltonganj,76,PALAMU,13,Jharkhand,Palamu,Vishnu Dayal Ram,6a932b5bcd944524379edfc5,Lok Sabha
Sarath,14,DUMKA,2,Jharkhand,Deoghar,NALIN SOREN,6a932b5bcd944524379ededd,Lok Sabha
Simaria (Sc),26,CHATRA,4,Jharkhand,Chatra,KALI CHARAN SINGH,6a932b5bcd944524379ede90,Lok Sabha
Bagodar,29,KODARMA,5,Jharkhand,Giridih,Annpurna Devi,6a932b5bcd944524379eddd4,Lok Sabha
Barkatha,20,KODARMA,5,Jharkhand,Hazaribag,Annpurna Devi,6a932b5bcd944524379eddd4,Lok Sabha
Panki,75,CHATRA,4,Jharkhand,Palamu,KALI CHARAN SINGH,6a932b5bcd944524379ede90,Lok Sabha
Giridih,32,GIRIDIH,6,Jharkhand,Giridih,Shri Chandra Prakash Choudhary,6a932b5bcd944524379edf69,Lok Sabha
Garhwa,80,PALAMU,13,Jharkhand,Garhwa,Vishnu Dayal Ram,6a932b5bcd944524379edfc5,Lok Sabha
Hazaribagh,25,HAZARIBAGH,14,Jharkhand,Hazaribag,MANISH JAISWAL,6a932b5bcd944524379edec4,Lok Sabha
Dumri,33,GIRIDIH,6,Jharkhand,Giridih,Shri Chandra Prakash Choudhary,6a932b5bcd944524379edf69,Lok Sabha
Jamtara,9,DUMKA,2,Jharkhand,Jamtara,NALIN SOREN,6a932b5bcd944524379ededd,Lok Sabha
Nala,8,DUMKA,2,Jharkhand,Jamtara,NALIN SOREN,6a932b5bcd944524379ededd,Lok Sabha
Sarath,14,DUMKA,2,Jharkhand,Jamtara,NALIN SOREN,6a932b5bcd944524379ededd,Lok Sabha
Mandu,24,HAZARIBAGH,14,Jharkhand,Hazaribag,MANISH JAISWAL,6a932b5bcd944524379edec4,Lok Sabha
Giridih,32,GIRIDIH,6,Jharkhand,Dhanbad,Shri Chandra Prakash Choudhary,6a932b5bcd944524379edf69,Lok Sabha
Tundi,42,GIRIDIH,6,Jharkhand,Dhanbad,Shri Chandra Prakash Choudhary,6a932b5bcd944524379edf69,Lok Sabha
Latehar (Sc),74,CHATRA,4,Jharkhand,Latehar,KALI CHARAN SINGH,6a932b5bcd944524379ede90,Lok Sabha
Barkagaon,22,HAZARIBAGH,14,Jharkhand,Hazaribag,MANISH JAISWAL,6a932b5bcd944524379edec4,Lok Sabha
Gomia,34,GIRIDIH,6,Jharkhand,Bokaro,Shri Chandra Prakash Choudhary,6a932b5bcd944524379edf69,Lok Sabha
Dumri,33,GIRIDIH,6,Jharkhand,Bokaro,Shri Chandra Prakash Choudhary,6a932b5bcd944524379edf69,Lok Sabha
Sindri,38,DHANBAD,7,Jharkhand,Dhanbad,DULU MAHATO,6a932b5bcd944524379ede4f,Lok Sabha
Nirsa,39,DHANBAD,7,Jharkhand,Dhanbad,DULU MAHATO,6a932b5bcd944524379ede4f,Lok Sabha
Manika (St),73,CHATRA,4,Jharkhand,Latehar,KALI CHARAN SINGH,6a932b5bcd944524379ede90,Lok Sabha
Dhanbad,40,DHANBAD,7,Jharkhand,Dhanbad,DULU MAHATO,6a932b5bcd944524379ede4f,Lok Sabha
Baghmara,43,GIRIDIH,6,Jharkhand,Dhanbad,Shri Chandra Prakash Choudhary,6a932b5bcd944524379edf69,Lok Sabha
Bermo,35,GIRIDIH,6,Jharkhand,Bokaro,Shri Chandra Prakash Choudhary,6a932b5bcd944524379edf69,Lok Sabha
Daltonganj,76,PALAMU,13,Jharkhand,Garhwa,Vishnu Dayal Ram,6a932b5bcd944524379edfc5,Lok Sabha
Jharia,41,DHANBAD,7,Jharkhand,Dhanbad,DULU MAHATO,6a932b5bcd944524379ede4f,Lok Sabha
Bokaro,36,DHANBAD,7,Jharkhand,Bokaro,DULU MAHATO,6a932b5bcd944524379ede4f,Lok Sabha
Chandankiyari (Sc),37,DHANBAD,7,Jharkhand,Bokaro,DULU MAHATO,6a932b5bcd944524379ede4f,Lok Sabha
Kanke (Sc),65,RANCHI,8,Jharkhand,Ranchi,Sanjay Seth,6a932b5bcd944524379edf46,Lok Sabha
Ramgarh,23,HAZARIBAGH,14,Jharkhand,Hazaribag,MANISH JAISWAL,6a932b5bcd944524379edec4,Lok Sabha
Lohardaga (St),72,LOHARDAGA,12,Jharkhand,Lohardaga,SUKHDEO BHAGAT,6a932b5bcd944524379edf9e,Lok Sabha
Mandar (St),66,LOHARDAGA,12,Jharkhand,Ranchi,SUKHDEO BHAGAT,6a932b5bcd944524379edf9e,Lok Sabha
Bishnupur (St),69,LOHARDAGA,12,Jharkhand,Gumla,SUKHDEO BHAGAT,6a932b5bcd944524379edf9e,Lok Sabha
Khijri (St),62,RANCHI,8,Jharkhand,Ranchi,Sanjay Seth,6a932b5bcd944524379edf46,Lok Sabha
Hatia,64,RANCHI,8,Jharkhand,Ranchi,Sanjay Seth,6a932b5bcd944524379edf46,Lok Sabha
Silli,61,RANCHI,8,Jharkhand,Ranchi,Sanjay Seth,6a932b5bcd944524379edf46,Lok Sabha
Ranchi,63,RANCHI,8,Jharkhand,Ranchi,Sanjay Seth,6a932b5bcd944524379edf46,Lok Sabha
Gumla (St),68,LOHARDAGA,12,Jharkhand,Gumla,SUKHDEO BHAGAT,6a932b5bcd944524379edf9e,Lok Sabha
Sisai (St),67,LOHARDAGA,12,Jharkhand,Gumla,SUKHDEO BHAGAT,6a932b5bcd944524379edf9e,Lok Sabha
Khunti (St),60,KHUNTI,11,Jharkhand,Ranchi,KALI CHARAN MUNDA,6a932b5bcd944524379ede8f,Lok Sabha
Tamar (St),58,KHUNTI,11,Jharkhand,Ranchi,KALI CHARAN MUNDA,6a932b5bcd944524379ede8f,Lok Sabha
Ichagarh,50,RANCHI,8,Jharkhand,Saraikela,Sanjay Seth,6a932b5bcd944524379edf46,Lok Sabha
Torpa (St),59,KHUNTI,11,Jharkhand,Ranchi,KALI CHARAN MUNDA,6a932b5bcd944524379ede8f,Lok Sabha
Jugsalai (Sc),47,JAMSHEDPUR,9,Jharkhand,Purbi Singhbhum,Bidyut Baran Mahato,6a932b5bcd944524379ede08,Lok Sabha
Simdega (St),70,KHUNTI,11,Jharkhand,Gumla,KALI CHARAN MUNDA,6a932b5bcd944524379ede8f,Lok Sabha
Kharasawan (St),57,KHUNTI,11,Jharkhand,Saraikela,KALI CHARAN MUNDA,6a932b5bcd944524379ede8f,Lok Sabha
Seraikella (St),51,SINGHBHUM,10,Jharkhand,Saraikela,JOBA MAJHI,6a932b5bcd944524379ede81,Lok Sabha
Chakradharpur (St),56,SINGHBHUM,10,Jharkhand,Pachim Singhbhum,JOBA MAJHI,6a932b5bcd944524379ede81,Lok Sabha
Jamshedpur East,48,JAMSHEDPUR,9,Jharkhand,Purbi Singhbhum,Bidyut Baran Mahato,6a932b5bcd944524379ede08,Lok Sabha
Jamshedpur West,49,JAMSHEDPUR,9,Jharkhand,Purbi Singhbhum,Bidyut Baran Mahato,6a932b5bcd944524379ede08,Lok Sabha
Simdega (St),70,KHUNTI,11,Jharkhand,Simdega,KALI CHARAN MUNDA,6a932b5bcd944524379ede8f,Lok Sabha
Ghatsila (St),45,JAMSHEDPUR,9,Jharkhand,Purbi Singhbhum,Bidyut Baran Mahato,6a932b5bcd944524379ede08,Lok Sabha
Kolebira (St),71,KHUNTI,11,Jharkhand,Simdega,KALI CHARAN MUNDA,6a932b5bcd944524379ede8f,Lok Sabha
Torpa (St),59,KHUNTI,11,Jharkhand,Simdega,KALI CHARAN MUNDA,6a932b5bcd944524379ede8f,Lok Sabha
Potka (St),46,JAMSHEDPUR,9,Jharkhand,Purbi Singhbhum,Bidyut Baran Mahato,6a932b5bcd944524379ede08,Lok Sabha
Kharasawan (St),57,KHUNTI,11,Jharkhand,Pachim Singhbhum,KALI CHARAN MUNDA,6a932b5bcd944524379ede8f,Lok Sabha
Chaibasa (St),52,SINGHBHUM,10,Jharkhand,Pachim Singhbhum,JOBA MAJHI,6a932b5bcd944524379ede81,Lok Sabha
Baharagora,44,JAMSHEDPUR,9,Jharkhand,Purbi Singhbhum,Bidyut Baran Mahato,6a932b5bcd944524379ede08,Lok Sabha
Manoharpur (St),55,SINGHBHUM,10,Jharkhand,Pachim Singhbhum,JOBA MAJHI,6a932b5bcd944524379ede81,Lok Sabha
Majhgaon (St),53,SINGHBHUM,10,Jharkhand,Pachim Singhbhum,JOBA MAJHI,6a932b5bcd944524379ede81,Lok Sabha
Jaganathpur (St),54,SINGHBHUM,10,Jharkhand,Pachim Singhbhum,JOBA MAJHI,6a932b5bcd944524379ede81,Lok Sabha
Litipara (St),4,RAJMAHAL,1,Jharkhand,Dumka,Vijay Kumar Hansdak,6a932b5bcd944524379edfbe,Lok Sabha
Aurad (Sc),52,BIDAR,7,Karnataka,Bidar,SAGAR ESHWAR KHANDRE,6a932b5bcd944524379edf3e,Lok Sabha
Bhalki,51,BIDAR,7,Karnataka,Bidar,SAGAR ESHWAR KHANDRE,6a932b5bcd944524379edf3e,Lok Sabha
Bidar,50,BIDAR,7,Karnataka,Bidar,SAGAR ESHWAR KHANDRE,6a932b5bcd944524379edf3e,Lok Sabha
Basavakalyan,47,BIDAR,7,Karnataka,Bidar,SAGAR ESHWAR KHANDRE,6a932b5bcd944524379edf3e,Lok Sabha
Bidar South,49,BIDAR,7,Karnataka,Bidar,SAGAR ESHWAR KHANDRE,6a932b5bcd944524379edf3e,Lok Sabha
Homnabad,48,BIDAR,7,Karnataka,Bidar,SAGAR ESHWAR KHANDRE,6a932b5bcd944524379edf3e,Lok Sabha
Aland,46,BIDAR,7,Karnataka,Gulbarga,SAGAR ESHWAR KHANDRE,6a932b5bcd944524379edf3e,Lok Sabha
Gulbarga Rural(Sc),43,GULBARGA,5,Karnataka,Gulbarga,RADHAKRISHNA,6a932b5bcd944524379edf0e,Lok Sabha
Chincholi (Sc),42,BIDAR,7,Karnataka,Gulbarga,SAGAR ESHWAR KHANDRE,6a932b5bcd944524379edf3e,Lok Sabha
Nagthan (Sc),31,BIJAPUR,4,Karnataka,Bijapur,Ramesh Chandappa Jigajinagi,6a932b5bcd944524379edf2a,Lok Sabha
Gulbarga Dakshin,44,GULBARGA,5,Karnataka,Gulbarga,RADHAKRISHNA,6a932b5bcd944524379edf0e,Lok Sabha
Chittapur (Sc),40,GULBARGA,5,Karnataka,Gulbarga,RADHAKRISHNA,6a932b5bcd944524379edf0e,Lok Sabha
Sedam,41,GULBARGA,5,Karnataka,Gulbarga,RADHAKRISHNA,6a932b5bcd944524379edf0e,Lok Sabha
Gulbarga Uttar,45,GULBARGA,5,Karnataka,Gulbarga,RADHAKRISHNA,6a932b5bcd944524379edf0e,Lok Sabha
Afzalpur,34,GULBARGA,5,Karnataka,Gulbarga,RADHAKRISHNA,6a932b5bcd944524379edf0e,Lok Sabha
Indi,32,BIJAPUR,4,Karnataka,Bijapur,Ramesh Chandappa Jigajinagi,6a932b5bcd944524379edf2a,Lok Sabha
Sindgi,33,BIJAPUR,4,Karnataka,Bijapur,Ramesh Chandappa Jigajinagi,6a932b5bcd944524379edf2a,Lok Sabha
Jevargi,35,GULBARGA,5,Karnataka,Gulbarga,RADHAKRISHNA,6a932b5bcd944524379edf0e,Lok Sabha
Babaleshwar,29,BIJAPUR,4,Karnataka,Bijapur,Ramesh Chandappa Jigajinagi,6a932b5bcd944524379edf2a,Lok Sabha
Kagwad,4,CHIKKODI,1,Karnataka,Belgaum,PRIYANKA SATISH JARKIHOLI,6a932b5bcd944524379edf05,Lok Sabha
Athani,3,CHIKKODI,1,Karnataka,Belgaum,PRIYANKA SATISH JARKIHOLI,6a932b5bcd944524379edf05,Lok Sabha
Devar Hippargi,27,BIJAPUR,4,Karnataka,Bijapur,Ramesh Chandappa Jigajinagi,6a932b5bcd944524379edf2a,Lok Sabha
Bijapur City,30,BIJAPUR,4,Karnataka,Bijapur,Ramesh Chandappa Jigajinagi,6a932b5bcd944524379edf2a,Lok Sabha
Gurmitkal,39,GULBARGA,5,Karnataka,Gulbarga,RADHAKRISHNA,6a932b5bcd944524379edf0e,Lok Sabha
Shahapur,37,RAICHUR,6,Karnataka,Gulbarga,G. KUMAR NAIK,6a932b5bcd944524379ede58,Lok Sabha
Yadgir,38,RAICHUR,6,Karnataka,Gulbarga,G. KUMAR NAIK,6a932b5bcd944524379ede58,Lok Sabha
Jamkhandi,21,BAGALKOT,3,Karnataka,Bagalkot,Parvatagouda Chandanagouda Gaddigoudar,6a932b5bcd944524379edef0,Lok Sabha
Basavana Bagevadi,28,BIJAPUR,4,Karnataka,Bijapur,Ramesh Chandappa Jigajinagi,6a932b5bcd944524379edf2a,Lok Sabha
Nippani,1,CHIKKODI,1,Karnataka,Belgaum,PRIYANKA SATISH JARKIHOLI,6a932b5bcd944524379edf05,Lok Sabha
Kudachi (Sc),5,CHIKKODI,1,Karnataka,Belgaum,PRIYANKA SATISH JARKIHOLI,6a932b5bcd944524379edf05,Lok Sabha
Chikkodi-Sadalga,2,CHIKKODI,1,Karnataka,Belgaum,PRIYANKA SATISH JARKIHOLI,6a932b5bcd944524379edf05,Lok Sabha
Raybag (Sc),6,CHIKKODI,1,Karnataka,Belgaum,PRIYANKA SATISH JARKIHOLI,6a932b5bcd944524379edf05,Lok Sabha
Terdal,20,BAGALKOT,3,Karnataka,Bagalkot,Parvatagouda Chandanagouda Gaddigoudar,6a932b5bcd944524379edef0,Lok Sabha
Shorapur (St),36,RAICHUR,6,Karnataka,Gulbarga,G. KUMAR NAIK,6a932b5bcd944524379ede58,Lok Sabha
Muddebihal,26,BIJAPUR,4,Karnataka,Bijapur,Ramesh Chandappa Jigajinagi,6a932b5bcd944524379edf2a,Lok Sabha
Bilgi,22,BAGALKOT,3,Karnataka,Bagalkot,Parvatagouda Chandanagouda Gaddigoudar,6a932b5bcd944524379edef0,Lok Sabha
Devadurga (St),56,RAICHUR,6,Karnataka,Raichur,G. KUMAR NAIK,6a932b5bcd944524379ede58,Lok Sabha
Mudhol (Sc),19,BAGALKOT,3,Karnataka,Bagalkot,Parvatagouda Chandanagouda Gaddigoudar,6a932b5bcd944524379edef0,Lok Sabha
Arabhavi,8,BELGAUM,2,Karnataka,Belgaum,JAGADISH SHETTAR,6a932b5bcd944524379ede75,Lok Sabha
Hukkeri,7,CHIKKODI,1,Karnataka,Belgaum,PRIYANKA SATISH JARKIHOLI,6a932b5bcd944524379edf05,Lok Sabha
Raichur Rural (St),53,RAICHUR,6,Karnataka,Raichur,G. KUMAR NAIK,6a932b5bcd944524379ede58,Lok Sabha
Gokak,9,BELGAUM,2,Karnataka,Belgaum,JAGADISH SHETTAR,6a932b5bcd944524379ede75,Lok Sabha
Bagalkot,24,BAGALKOT,3,Karnataka,Bagalkot,Parvatagouda Chandanagouda Gaddigoudar,6a932b5bcd944524379edef0,Lok Sabha
Lingsugur (Sc),57,RAICHUR,6,Karnataka,Raichur,G. KUMAR NAIK,6a932b5bcd944524379ede58,Lok Sabha
Yemkanmardi (St),10,CHIKKODI,1,Karnataka,Belgaum,PRIYANKA SATISH JARKIHOLI,6a932b5bcd944524379edf05,Lok Sabha
Hungund,25,BAGALKOT,3,Karnataka,Bagalkot,Parvatagouda Chandanagouda Gaddigoudar,6a932b5bcd944524379edef0,Lok Sabha
Raichur,54,RAICHUR,6,Karnataka,Raichur,G. KUMAR NAIK,6a932b5bcd944524379ede58,Lok Sabha
Ramdurg,18,BELGAUM,2,Karnataka,Belgaum,JAGADISH SHETTAR,6a932b5bcd944524379ede75,Lok Sabha
Saundatti Yellamma,17,BELGAUM,2,Karnataka,Belgaum,JAGADISH SHETTAR,6a932b5bcd944524379ede75,Lok Sabha
Manvi (St),55,RAICHUR,6,Karnataka,Raichur,G. KUMAR NAIK,6a932b5bcd944524379ede58,Lok Sabha
Badami,23,BAGALKOT,3,Karnataka,Bagalkot,Parvatagouda Chandanagouda Gaddigoudar,6a932b5bcd944524379edef0,Lok Sabha
Maski (St),59,KOPPAL,8,Karnataka,Raichur,K. RAJASHEKAR BASAVARAJ HITNAL,6a932b5bcd944524379ede8a,Lok Sabha
Bailhongal,16,BELGAUM,2,Karnataka,Belgaum,JAGADISH SHETTAR,6a932b5bcd944524379ede75,Lok Sabha
Kittur,15,UTTARA KANNADA,12,Karnataka,Belgaum,VISHWESHWAR HEGDE KAGERI,6a932b5bcd944524379edfc7,Lok Sabha
Belgaum Rural,13,BELGAUM,2,Karnataka,Belgaum,JAGADISH SHETTAR,6a932b5bcd944524379ede75,Lok Sabha
Kushtagi,60,KOPPAL,8,Karnataka,Koppal,K. RAJASHEKAR BASAVARAJ HITNAL,6a932b5bcd944524379ede8a,Lok Sabha
Belgaum Uttar,11,BELGAUM,2,Karnataka,Belgaum,JAGADISH SHETTAR,6a932b5bcd944524379ede75,Lok Sabha
Belgaum Dakshin,12,BELGAUM,2,Karnataka,Belgaum,JAGADISH SHETTAR,6a932b5bcd944524379ede75,Lok Sabha
Sindhanur,58,KOPPAL,8,Karnataka,Raichur,K. RAJASHEKAR BASAVARAJ HITNAL,6a932b5bcd944524379ede8a,Lok Sabha
Nargund,68,BAGALKOT,3,Karnataka,Gadag,Parvatagouda Chandanagouda Gaddigoudar,6a932b5bcd944524379edef0,Lok Sabha
Khanapur,14,UTTARA KANNADA,12,Karnataka,Belgaum,VISHWESHWAR HEGDE KAGERI,6a932b5bcd944524379edfc7,Lok Sabha
Ron,67,HAVERI,10,Karnataka,Gadag,BASAVARAJ BOMMAI,6a932b5bcd944524379eddf8,Lok Sabha
Siruguppa (St),92,KOPPAL,8,Karnataka,Bellary,K. RAJASHEKAR BASAVARAJ HITNAL,6a932b5bcd944524379ede8a,Lok Sabha
Yelburga,63,KOPPAL,8,Karnataka,Koppal,K. RAJASHEKAR BASAVARAJ HITNAL,6a932b5bcd944524379ede8a,Lok Sabha
Navalgund,69,DHARWAD,11,Karnataka,Dharwad,Pralhad Venkatesh Joshi,6a932b5bcd944524379edefb,Lok Sabha
Dharwad,71,DHARWAD,11,Karnataka,Dharwad,Pralhad Venkatesh Joshi,6a932b5bcd944524379edefb,Lok Sabha
Kanakagiri (Sc),61,KOPPAL,8,Karnataka,Koppal,K. RAJASHEKAR BASAVARAJ HITNAL,6a932b5bcd944524379ede8a,Lok Sabha
Haliyal,76,UTTARA KANNADA,12,Karnataka,Uttara Kannada,VISHWESHWAR HEGDE KAGERI,6a932b5bcd944524379edfc7,Lok Sabha
Gangawati,62,KOPPAL,8,Karnataka,Koppal,K. RAJASHEKAR BASAVARAJ HITNAL,6a932b5bcd944524379ede8a,Lok Sabha
Kalghatgi,75,DHARWAD,11,Karnataka,Dharwad,Pralhad Venkatesh Joshi,6a932b5bcd944524379edefb,Lok Sabha
Gadag,66,HAVERI,10,Karnataka,Gadag,BASAVARAJ BOMMAI,6a932b5bcd944524379eddf8,Lok Sabha
Hubli-Dharwad- West,74,DHARWAD,11,Karnataka,Dharwad,Pralhad Venkatesh Joshi,6a932b5bcd944524379edefb,Lok Sabha
Hubli-Dharwad-Central,73,DHARWAD,11,Karnataka,Dharwad,Pralhad Venkatesh Joshi,6a932b5bcd944524379edefb,Lok Sabha
Kampli (St),91,BELLARY,9,Karnataka,Bellary,E. TUKARAM,6a932b5bcd944524379ede53,Lok Sabha
Koppal,64,KOPPAL,8,Karnataka,Koppal,K. RAJASHEKAR BASAVARAJ HITNAL,6a932b5bcd944524379ede8a,Lok Sabha
Hubli-Dharwad-East(Sc),72,DHARWAD,11,Karnataka,Dharwad,Pralhad Venkatesh Joshi,6a932b5bcd944524379edefb,Lok Sabha
Kundgol,70,DHARWAD,11,Karnataka,Dharwad,Pralhad Venkatesh Joshi,6a932b5bcd944524379edefb,Lok Sabha
Vijayanagara,90,BELLARY,9,Karnataka,Bellary,E. TUKARAM,6a932b5bcd944524379ede53,Lok Sabha
Shirahatti (Sc),65,HAVERI,10,Karnataka,Gadag,BASAVARAJ BOMMAI,6a932b5bcd944524379eddf8,Lok Sabha
Bellary (St),93,BELLARY,9,Karnataka,Bellary,E. TUKARAM,6a932b5bcd944524379ede53,Lok Sabha
Sandur (St),95,BELLARY,9,Karnataka,Bellary,E. TUKARAM,6a932b5bcd944524379ede53,Lok Sabha
Hagaribommanahalli(Sc),89,BELLARY,9,Karnataka,Bellary,E. TUKARAM,6a932b5bcd944524379ede53,Lok Sabha
Yellapur,81,UTTARA KANNADA,12,Karnataka,Uttara Kannada,VISHWESHWAR HEGDE KAGERI,6a932b5bcd944524379edfc7,Lok Sabha
Shiggaon,83,DHARWAD,11,Karnataka,Haveri,Pralhad Venkatesh Joshi,6a932b5bcd944524379edefb,Lok Sabha
Bellary City,94,BELLARY,9,Karnataka,Bellary,E. TUKARAM,6a932b5bcd944524379ede53,Lok Sabha
Hadagalli (Sc),88,BELLARY,9,Karnataka,Bellary,E. TUKARAM,6a932b5bcd944524379ede53,Lok Sabha
Karwar,77,UTTARA KANNADA,12,Karnataka,Uttara Kannada,VISHWESHWAR HEGDE KAGERI,6a932b5bcd944524379edfc7,Lok Sabha
Haveri (Sc),84,HAVERI,10,Karnataka,Haveri,BASAVARAJ BOMMAI,6a932b5bcd944524379eddf8,Lok Sabha
Molakalmuru (St),97,CHITRADURGA,18,Karnataka,Chitradurga,GOVIND MAKTHAPPA KARJOL,6a932b5bcd944524379ede66,Lok Sabha
Kudligi (St),96,BELLARY,9,Karnataka,Bellary,E. TUKARAM,6a932b5bcd944524379ede53,Lok Sabha
Hangal,82,HAVERI,10,Karnataka,Haveri,BASAVARAJ BOMMAI,6a932b5bcd944524379eddf8,Lok Sabha
Harapanahalli,104,DAVANAGERE,13,Karnataka,Davangere,DR. PRABHA MALLIKARJUN,6a932b5bcd944524379ede46,Lok Sabha
Byadgi,85,HAVERI,10,Karnataka,Haveri,BASAVARAJ BOMMAI,6a932b5bcd944524379eddf8,Lok Sabha
Sirsi,80,UTTARA KANNADA,12,Karnataka,Uttara Kannada,VISHWESHWAR HEGDE KAGERI,6a932b5bcd944524379edfc7,Lok Sabha
Ranibennur,87,HAVERI,10,Karnataka,Haveri,BASAVARAJ BOMMAI,6a932b5bcd944524379eddf8,Lok Sabha
Jagalur (St),103,DAVANAGERE,13,Karnataka,Davangere,DR. PRABHA MALLIKARJUN,6a932b5bcd944524379ede46,Lok Sabha
Sorab,116,SHIMOGA,14,Karnataka,Shimoga,Shri B Y Raghavendra,6a932b5bcd944524379edf66,Lok Sabha
Kumta,78,UTTARA KANNADA,12,Karnataka,Uttara Kannada,VISHWESHWAR HEGDE KAGERI,6a932b5bcd944524379edfc7,Lok Sabha
Harihar,105,DAVANAGERE,13,Karnataka,Davangere,DR. PRABHA MALLIKARJUN,6a932b5bcd944524379ede46,Lok Sabha
Hirekerur,86,HAVERI,10,Karnataka,Haveri,BASAVARAJ BOMMAI,6a932b5bcd944524379eddf8,Lok Sabha
Davanagere North,106,DAVANAGERE,13,Karnataka,Davangere,DR. PRABHA MALLIKARJUN,6a932b5bcd944524379ede46,Lok Sabha
Shikaripura,115,SHIMOGA,14,Karnataka,Shimoga,Shri B Y Raghavendra,6a932b5bcd944524379edf66,Lok Sabha
Mayakonda (Sc),108,DAVANAGERE,13,Karnataka,Davangere,DR. PRABHA MALLIKARJUN,6a932b5bcd944524379ede46,Lok Sabha
Davanagere South,107,DAVANAGERE,13,Karnataka,Davangere,DR. PRABHA MALLIKARJUN,6a932b5bcd944524379ede46,Lok Sabha
Holalkere (Sc),102,CHITRADURGA,18,Karnataka,Chitradurga,GOVIND MAKTHAPPA KARJOL,6a932b5bcd944524379ede66,Lok Sabha
Bhatkal,79,UTTARA KANNADA,12,Karnataka,Uttara Kannada,VISHWESHWAR HEGDE KAGERI,6a932b5bcd944524379edfc7,Lok Sabha
Challakere (St),98,CHITRADURGA,18,Karnataka,Chitradurga,GOVIND MAKTHAPPA KARJOL,6a932b5bcd944524379ede66,Lok Sabha
Honnali,110,DAVANAGERE,13,Karnataka,Davangere,DR. PRABHA MALLIKARJUN,6a932b5bcd944524379ede46,Lok Sabha
Sagar,117,SHIMOGA,14,Karnataka,Shimoga,Shri B Y Raghavendra,6a932b5bcd944524379edf66,Lok Sabha
Chitradurga,99,CHITRADURGA,18,Karnataka,Chitradurga,GOVIND MAKTHAPPA KARJOL,6a932b5bcd944524379ede66,Lok Sabha
Pavagada (Sc),137,CHITRADURGA,18,Karnataka,Tumkur,GOVIND MAKTHAPPA KARJOL,6a932b5bcd944524379ede66,Lok Sabha
Channagiri,109,DAVANAGERE,13,Karnataka,Davangere,DR. PRABHA MALLIKARJUN,6a932b5bcd944524379ede46,Lok Sabha
Hiriyur,100,CHITRADURGA,18,Karnataka,Chitradurga,GOVIND MAKTHAPPA KARJOL,6a932b5bcd944524379ede66,Lok Sabha
Shimoga Rural (Sc),111,SHIMOGA,14,Karnataka,Shimoga,Shri B Y Raghavendra,6a932b5bcd944524379edf66,Lok Sabha
Sira,136,CHITRADURGA,18,Karnataka,Tumkur,GOVIND MAKTHAPPA KARJOL,6a932b5bcd944524379ede66,Lok Sabha
Byndoor,118,SHIMOGA,14,Karnataka,Udupi,Shri B Y Raghavendra,6a932b5bcd944524379edf66,Lok Sabha
Tirthahalli,114,SHIMOGA,14,Karnataka,Shimoga,Shri B Y Raghavendra,6a932b5bcd944524379edf66,Lok Sabha
Shimoga,113,SHIMOGA,14,Karnataka,Shimoga,Shri B Y Raghavendra,6a932b5bcd944524379edf66,Lok Sabha
Hosadurga,101,CHITRADURGA,18,Karnataka,Chitradurga,GOVIND MAKTHAPPA KARJOL,6a932b5bcd944524379ede66,Lok Sabha
Bhadravati,112,SHIMOGA,14,Karnataka,Shimoga,Shri B Y Raghavendra,6a932b5bcd944524379edf66,Lok Sabha
Tarikere,126,UDUPI CHIKMAGALUR,15,Karnataka,Chikmagalur,KOTA SRINIVAS POOJARY,6a932b5bcd944524379edea7,Lok Sabha
Bagepalli,140,CHIKKABALLAPUR,27,Karnataka,Kolar,Shri Jaggesh (2022-28),6a932b5ecd944524379ee246,Rajya Sabha
Madhugiri,138,TUMKUR,19,Karnataka,Tumkur,V. SOMANNA,6a932b5bcd944524379edfb7,Lok Sabha
Sringeri,123,UDUPI CHIKMAGALUR,15,Karnataka,Chikmagalur,KOTA SRINIVAS POOJARY,6a932b5bcd944524379edea7,Lok Sabha
Chiknayakanhalli,128,TUMKUR,19,Karnataka,Tumkur,V. SOMANNA,6a932b5bcd944524379edfb7,Lok Sabha
Kadur,127,HASSAN,16,Karnataka,Chikmagalur,SHREYAS. M. PATEL,6a932b5bcd944524379edf5e,Lok Sabha
Gauribidanur,139,CHIKKABALLAPUR,27,Karnataka,Kolar,Shri Jaggesh (2022-28),6a932b5ecd944524379ee246,Rajya Sabha
Kundapura,119,UDUPI CHIKMAGALUR,15,Karnataka,Udupi,KOTA SRINIVAS POOJARY,6a932b5bcd944524379edea7,Lok Sabha
Koratagere (Sc),134,TUMKUR,19,Karnataka,Tumkur,V. SOMANNA,6a932b5bcd944524379edfb7,Lok Sabha
Chikkaballapur,141,CHIKKABALLAPUR,27,Karnataka,Kolar,Shri Jaggesh (2022-28),6a932b5ecd944524379ee246,Rajya Sabha
Sidlaghatta,142,KOLAR,28,Karnataka,Kolar,M. MALLESH BABU,6a932b5bcd944524379edeb4,Lok Sabha
Chintamani,143,KOLAR,28,Karnataka,Kolar,M. MALLESH BABU,6a932b5bcd944524379edeb4,Lok Sabha
Udupi,120,UDUPI CHIKMAGALUR,15,Karnataka,Udupi,KOTA SRINIVAS POOJARY,6a932b5bcd944524379edea7,Lok Sabha
Chikmagalur,125,UDUPI CHIKMAGALUR,15,Karnataka,Chikmagalur,KOTA SRINIVAS POOJARY,6a932b5bcd944524379edea7,Lok Sabha
Karkal,122,UDUPI CHIKMAGALUR,15,Karnataka,Udupi,KOTA SRINIVAS POOJARY,6a932b5bcd944524379edea7,Lok Sabha
Gubbi,135,TUMKUR,19,Karnataka,Tumkur,V. SOMANNA,6a932b5bcd944524379edfb7,Lok Sabha
Arsikere,194,HASSAN,16,Karnataka,Hassan,SHREYAS. M. PATEL,6a932b5bcd944524379edf5e,Lok Sabha
Srinivaspur,144,KOLAR,28,Karnataka,Kolar,M. MALLESH BABU,6a932b5bcd944524379edeb4,Lok Sabha
Tumkur Rural,133,TUMKUR,19,Karnataka,Tumkur,V. SOMANNA,6a932b5bcd944524379edfb7,Lok Sabha
Kapu,121,UDUPI CHIKMAGALUR,15,Karnataka,Udupi,KOTA SRINIVAS POOJARY,6a932b5bcd944524379edea7,Lok Sabha
Doddaballapur,180,CHIKKABALLAPUR,27,Karnataka,Bangalore Rural,Shri Jaggesh (2022-28),6a932b5ecd944524379ee246,Rajya Sabha
Mudigere (Sc),124,UDUPI CHIKMAGALUR,15,Karnataka,Chikmagalur,KOTA SRINIVAS POOJARY,6a932b5bcd944524379edea7,Lok Sabha
Tiptur,129,TUMKUR,19,Karnataka,Tumkur,V. SOMANNA,6a932b5bcd944524379edfb7,Lok Sabha
Devanahalli (Sc),179,CHIKKABALLAPUR,27,Karnataka,Bangalore Rural,Shri Jaggesh (2022-28),6a932b5ecd944524379ee246,Rajya Sabha
Belur,195,HASSAN,16,Karnataka,Hassan,SHREYAS. M. PATEL,6a932b5bcd944524379edf5e,Lok Sabha
Tumkur City,132,TUMKUR,19,Karnataka,Tumkur,V. SOMANNA,6a932b5bcd944524379edfb7,Lok Sabha
Nelamangala (Sc),181,CHIKKABALLAPUR,27,Karnataka,Bangalore Rural,Shri Jaggesh (2022-28),6a932b5ecd944524379ee246,Rajya Sabha
Turuvekere,130,TUMKUR,19,Karnataka,Tumkur,V. SOMANNA,6a932b5bcd944524379edfb7,Lok Sabha
Mulbagal (Sc),145,KOLAR,28,Karnataka,Kolar,M. MALLESH BABU,6a932b5bcd944524379edeb4,Lok Sabha
Kolar,148,KOLAR,28,Karnataka,Kolar,M. MALLESH BABU,6a932b5bcd944524379edeb4,Lok Sabha
Belthangady,200,DAKSHINA KANNADA,17,Karnataka,Dakshina Kannada,CAPTAIN BRIJESH CHOWTA,6a932b5bcd944524379ede11,Lok Sabha
Hassan,196,HASSAN,16,Karnataka,Hassan,SHREYAS. M. PATEL,6a932b5bcd944524379edf5e,Lok Sabha
Moodabidri,201,DAKSHINA KANNADA,17,Karnataka,Dakshina Kannada,CAPTAIN BRIJESH CHOWTA,6a932b5bcd944524379ede11,Lok Sabha
Hosakote,178,CHIKKABALLAPUR,27,Karnataka,Bangalore Rural,Shri Jaggesh (2022-28),6a932b5ecd944524379ee246,Rajya Sabha
Yelahanka,150,CHIKKABALLAPUR,27,Karnataka,Bangalore,Shri Jaggesh (2022-28),6a932b5ecd944524379ee246,Rajya Sabha
Shravanabelagola,193,HASSAN,16,Karnataka,Hassan,SHREYAS. M. PATEL,6a932b5bcd944524379edf5e,Lok Sabha
Holenarasipur,197,HASSAN,16,Karnataka,Hassan,SHREYAS. M. PATEL,6a932b5bcd944524379edf5e,Lok Sabha
Magadi,182,BANGALORE RURAL,23,Karnataka,Bangalore Rural,DR C N MANJUNATH,6a932b5bcd944524379ede36,Lok Sabha
Byatarayanapura,152,BANGALORE NORTH,24,Karnataka,Bangalore,SHOBHA KARANDLAJE,6a932b5bcd944524379edf5c,Lok Sabha
Bangarapet (Sc),147,KOLAR,28,Karnataka,Kolar,M. MALLESH BABU,6a932b5bcd944524379edeb4,Lok Sabha
Kunigal,131,BANGALORE RURAL,23,Karnataka,Tumkur,DR C N MANJUNATH,6a932b5bcd944524379ede36,Lok Sabha
Mangalore City North,202,DAKSHINA KANNADA,17,Karnataka,Dakshina Kannada,CAPTAIN BRIJESH CHOWTA,6a932b5bcd944524379ede11,Lok Sabha
Mangalore City South,203,DAKSHINA KANNADA,17,Karnataka,Dakshina Kannada,CAPTAIN BRIJESH CHOWTA,6a932b5bcd944524379ede11,Lok Sabha
Sakleshpur (Sc),199,HASSAN,16,Karnataka,Hassan,SHREYAS. M. PATEL,6a932b5bcd944524379edf5e,Lok Sabha
Bantval,205,DAKSHINA KANNADA,17,Karnataka,Dakshina Kannada,CAPTAIN BRIJESH CHOWTA,6a932b5bcd944524379ede11,Lok Sabha
Mahadevapura,174,BANGALORE CENTRAL,25,Karnataka,Bangalore,P C Mohan,6a932b5bcd944524379edeeb,Lok Sabha
Malur,149,KOLAR,28,Karnataka,Kolar,M. MALLESH BABU,6a932b5bcd944524379edeb4,Lok Sabha
Dasarahalli,155,BANGALORE NORTH,24,Karnataka,Bangalore,SHOBHA KARANDLAJE,6a932b5bcd944524379edf5c,Lok Sabha
Nagamangala,191,MANDYA,20,Karnataka,Mandya,H.D. KUMARASWAMY,6a932b5bcd944524379ede6a,Lok Sabha
K.R.Pura,151,BANGALORE NORTH,24,Karnataka,Bangalore,SHOBHA KARANDLAJE,6a932b5bcd944524379edf5c,Lok Sabha
Kolar Gold Field(Sc),146,KOLAR,28,Karnataka,Kolar,M. MALLESH BABU,6a932b5bcd944524379edeb4,Lok Sabha
Rajarajeshwarinagar,154,BANGALORE RURAL,23,Karnataka,Bangalore,DR C N MANJUNATH,6a932b5bcd944524379ede36,Lok Sabha
Yeshvanthapura,153,BANGALORE NORTH,24,Karnataka,Bangalore,SHOBHA KARANDLAJE,6a932b5bcd944524379edf5c,Lok Sabha
Sarvagnanagar,160,BANGALORE CENTRAL,25,Karnataka,Bangalore,P C Mohan,6a932b5bcd944524379edeeb,Lok Sabha
Hebbal,158,BANGALORE NORTH,24,Karnataka,Bangalore,SHOBHA KARANDLAJE,6a932b5bcd944524379edf5c,Lok Sabha
Malleshwaram,157,BANGALORE NORTH,24,Karnataka,Bangalore,SHOBHA KARANDLAJE,6a932b5bcd944524379edf5c,Lok Sabha
Pulakeshinagar(Sc),159,BANGALORE NORTH,24,Karnataka,Bangalore,SHOBHA KARANDLAJE,6a932b5bcd944524379edf5c,Lok Sabha
Mahalakshmi Layout,156,BANGALORE NORTH,24,Karnataka,Bangalore,SHOBHA KARANDLAJE,6a932b5bcd944524379edf5c,Lok Sabha
Mangalore,204,DAKSHINA KANNADA,17,Karnataka,Dakshina Kannada,CAPTAIN BRIJESH CHOWTA,6a932b5bcd944524379ede11,Lok Sabha
Shivajinagar,162,BANGALORE CENTRAL,25,Karnataka,Bangalore,P C Mohan,6a932b5bcd944524379edeeb,Lok Sabha
C.V. Raman Nagar(Sc),161,BANGALORE CENTRAL,25,Karnataka,Bangalore,P C Mohan,6a932b5bcd944524379edeeb,Lok Sabha
Gandhi Nagar,164,BANGALORE CENTRAL,25,Karnataka,Bangalore,P C Mohan,6a932b5bcd944524379edeeb,Lok Sabha
Rajaji Nagar,165,BANGALORE CENTRAL,25,Karnataka,Bangalore,P C Mohan,6a932b5bcd944524379edeeb,Lok Sabha
Govindraj Nagar,166,BANGALORE SOUTH,26,Karnataka,Bangalore,Shri LS Tejasvi Surya,6a932b5bcd944524379edf74,Lok Sabha
Shanti Nagar,163,BANGALORE CENTRAL,25,Karnataka,Bangalore,P C Mohan,6a932b5bcd944524379edeeb,Lok Sabha
Vijay Nagar,167,BANGALORE SOUTH,26,Karnataka,Bangalore,Shri LS Tejasvi Surya,6a932b5bcd944524379edf74,Lok Sabha
Chamrajpet,168,BANGALORE CENTRAL,25,Karnataka,Bangalore,P C Mohan,6a932b5bcd944524379edeeb,Lok Sabha
Sullia (Sc),207,DAKSHINA KANNADA,17,Karnataka,Dakshina Kannada,CAPTAIN BRIJESH CHOWTA,6a932b5bcd944524379ede11,Lok Sabha
Chickpet,169,BANGALORE SOUTH,26,Karnataka,Bangalore,Shri LS Tejasvi Surya,6a932b5bcd944524379edf74,Lok Sabha
Basavanagudi,170,BANGALORE SOUTH,26,Karnataka,Bangalore,Shri LS Tejasvi Surya,6a932b5bcd944524379edf74,Lok Sabha
B.T.M Layout,172,BANGALORE SOUTH,26,Karnataka,Bangalore,Shri LS Tejasvi Surya,6a932b5bcd944524379edf74,Lok Sabha
Puttur,206,DAKSHINA KANNADA,17,Karnataka,Dakshina Kannada,CAPTAIN BRIJESH CHOWTA,6a932b5bcd944524379ede11,Lok Sabha
Padmanaba Nagar,171,BANGALORE SOUTH,26,Karnataka,Bangalore,Shri LS Tejasvi Surya,6a932b5bcd944524379edf74,Lok Sabha
Jayanagar,173,BANGALORE SOUTH,26,Karnataka,Bangalore,Shri LS Tejasvi Surya,6a932b5bcd944524379edf74,Lok Sabha
Anekal (Sc),177,BANGALORE RURAL,23,Karnataka,Bangalore,DR C N MANJUNATH,6a932b5bcd944524379ede36,Lok Sabha
Bommanahalli,175,BANGALORE SOUTH,26,Karnataka,Bangalore,Shri LS Tejasvi Surya,6a932b5bcd944524379edf74,Lok Sabha
Bangalore South,176,BANGALORE RURAL,23,Karnataka,Bangalore,DR C N MANJUNATH,6a932b5bcd944524379ede36,Lok Sabha
Krishnarajpet,192,MANDYA,20,Karnataka,Mandya,H.D. KUMARASWAMY,6a932b5bcd944524379ede6a,Lok Sabha
Madikeri,208,MYSORE,21,Karnataka,Kodagu,YADUVEER KRISHNADATTA CHAMARAJA WADIYAR,6a932b5bcd944524379edfca,Lok Sabha
Arkalgud,198,HASSAN,16,Karnataka,Hassan,SHREYAS. M. PATEL,6a932b5bcd944524379edf5e,Lok Sabha
Ramanagaram,183,BANGALORE RURAL,23,Karnataka,Bangalore Rural,DR C N MANJUNATH,6a932b5bcd944524379ede36,Lok Sabha
Channapatna,185,BANGALORE RURAL,23,Karnataka,Bangalore Rural,DR C N MANJUNATH,6a932b5bcd944524379ede36,Lok Sabha
Maddur,187,MANDYA,20,Karnataka,Mandya,H.D. KUMARASWAMY,6a932b5bcd944524379ede6a,Lok Sabha
Mandya,189,MANDYA,20,Karnataka,Mandya,H.D. KUMARASWAMY,6a932b5bcd944524379ede6a,Lok Sabha
Melukote,188,MANDYA,20,Karnataka,Mandya,H.D. KUMARASWAMY,6a932b5bcd944524379ede6a,Lok Sabha
Krishnarajanagara,211,MANDYA,20,Karnataka,Mysore,H.D. KUMARASWAMY,6a932b5bcd944524379ede6a,Lok Sabha
Kanakapura,184,BANGALORE RURAL,23,Karnataka,Bangalore Rural,DR C N MANJUNATH,6a932b5bcd944524379ede36,Lok Sabha
Piriyapatna,210,MYSORE,21,Karnataka,Mysore,YADUVEER KRISHNADATTA CHAMARAJA WADIYAR,6a932b5bcd944524379edfca,Lok Sabha
Virajpet,209,MYSORE,21,Karnataka,Kodagu,YADUVEER KRISHNADATTA CHAMARAJA WADIYAR,6a932b5bcd944524379edfca,Lok Sabha
Shrirangapattana,190,MANDYA,20,Karnataka,Mandya,H.D. KUMARASWAMY,6a932b5bcd944524379ede6a,Lok Sabha
Malavalli (Sc),186,MANDYA,20,Karnataka,Mandya,H.D. KUMARASWAMY,6a932b5bcd944524379ede6a,Lok Sabha
Chamundeshwari,215,MYSORE,21,Karnataka,Mysore,YADUVEER KRISHNADATTA CHAMARAJA WADIYAR,6a932b5bcd944524379edfca,Lok Sabha
Hunsur,212,MYSORE,21,Karnataka,Mysore,YADUVEER KRISHNADATTA CHAMARAJA WADIYAR,6a932b5bcd944524379edfca,Lok Sabha
T.Narasipur (Sc),220,CHAMARAJANAGAR,22,Karnataka,Mysore,SUNIL BOSE,6a932b5bcd944524379edfa0,Lok Sabha
Chamaraja,217,MYSORE,21,Karnataka,Mysore,YADUVEER KRISHNADATTA CHAMARAJA WADIYAR,6a932b5bcd944524379edfca,Lok Sabha
Varuna,219,CHAMARAJANAGAR,22,Karnataka,Mysore,SUNIL BOSE,6a932b5bcd944524379edfa0,Lok Sabha
Narasimharaja,218,MYSORE,21,Karnataka,Mysore,YADUVEER KRISHNADATTA CHAMARAJA WADIYAR,6a932b5bcd944524379edfca,Lok Sabha
Krishnaraja,216,MYSORE,21,Karnataka,Mysore,YADUVEER KRISHNADATTA CHAMARAJA WADIYAR,6a932b5bcd944524379edfca,Lok Sabha
Heggadadevankote(St),213,CHAMARAJANAGAR,22,Karnataka,Mysore,SUNIL BOSE,6a932b5bcd944524379edfa0,Lok Sabha
Hanur,221,CHAMARAJANAGAR,22,Karnataka,Chamrajnagar,SUNIL BOSE,6a932b5bcd944524379edfa0,Lok Sabha
Kollegal (Sc),222,CHAMARAJANAGAR,22,Karnataka,Chamrajnagar,SUNIL BOSE,6a932b5bcd944524379edfa0,Lok Sabha
Nanjangud (Sc),214,CHAMARAJANAGAR,22,Karnataka,Mysore,SUNIL BOSE,6a932b5bcd944524379edfa0,Lok Sabha
Chamarajanagar,223,CHAMARAJANAGAR,22,Karnataka,Chamrajnagar,SUNIL BOSE,6a932b5bcd944524379edfa0,Lok Sabha
Gundlupet,224,CHAMARAJANAGAR,22,Karnataka,Chamrajnagar,SUNIL BOSE,6a932b5bcd944524379edfa0,Lok Sabha
Ambah (Sc),8,MORENA,1,Madhya Pradesh,Morena,SHIVMANGAL SINGH TOMAR,6a932b5bcd944524379edf5a,Lok Sabha
Dimani,7,MORENA,1,Madhya Pradesh,Morena,SHIVMANGAL SINGH TOMAR,6a932b5bcd944524379edf5a,Lok Sabha
Ater,9,BHIND,2,Madhya Pradesh,Bhind,Smt Sandhya Ray,6a932b5bcd944524379edf93,Lok Sabha
Mehgaon,12,BHIND,2,Madhya Pradesh,Bhind,Smt Sandhya Ray,6a932b5bcd944524379edf93,Lok Sabha
Sumawali,5,MORENA,1,Madhya Pradesh,Morena,SHIVMANGAL SINGH TOMAR,6a932b5bcd944524379edf5a,Lok Sabha
Bhind,10,BHIND,2,Madhya Pradesh,Bhind,Smt Sandhya Ray,6a932b5bcd944524379edf93,Lok Sabha
Gohad (Sc),13,BHIND,2,Madhya Pradesh,Bhind,Smt Sandhya Ray,6a932b5bcd944524379edf93,Lok Sabha
Morena,6,MORENA,1,Madhya Pradesh,Morena,SHIVMANGAL SINGH TOMAR,6a932b5bcd944524379edf5a,Lok Sabha
Joura,4,MORENA,1,Madhya Pradesh,Morena,SHIVMANGAL SINGH TOMAR,6a932b5bcd944524379edf5a,Lok Sabha
Sabalgarh,3,MORENA,1,Madhya Pradesh,Morena,SHIVMANGAL SINGH TOMAR,6a932b5bcd944524379edf5a,Lok Sabha
Lahar,11,BHIND,2,Madhya Pradesh,Bhind,Smt Sandhya Ray,6a932b5bcd944524379edf93,Lok Sabha
Gwalior Rural,14,GWALIOR,3,Madhya Pradesh,Gwalior,BHARAT SINGH KUSHWAH,6a932b5bcd944524379eddfc,Lok Sabha
Sewda,20,BHIND,2,Madhya Pradesh,Datia,Smt Sandhya Ray,6a932b5bcd944524379edf93,Lok Sabha
Gwalior,15,GWALIOR,3,Madhya Pradesh,Gwalior,BHARAT SINGH KUSHWAH,6a932b5bcd944524379eddfc,Lok Sabha
Bhitarwar,18,GWALIOR,3,Madhya Pradesh,Gwalior,BHARAT SINGH KUSHWAH,6a932b5bcd944524379eddfc,Lok Sabha
Gwalior East,16,GWALIOR,3,Madhya Pradesh,Gwalior,BHARAT SINGH KUSHWAH,6a932b5bcd944524379eddfc,Lok Sabha
Vijaypur,2,MORENA,1,Madhya Pradesh,Sheopur,SHIVMANGAL SINGH TOMAR,6a932b5bcd944524379edf5a,Lok Sabha
Gwalior South,17,GWALIOR,3,Madhya Pradesh,Gwalior,BHARAT SINGH KUSHWAH,6a932b5bcd944524379eddfc,Lok Sabha
Dabra (Sc),19,GWALIOR,3,Madhya Pradesh,Gwalior,BHARAT SINGH KUSHWAH,6a932b5bcd944524379eddfc,Lok Sabha
Sheopur,1,MORENA,1,Madhya Pradesh,Sheopur,SHIVMANGAL SINGH TOMAR,6a932b5bcd944524379edf5a,Lok Sabha
Pohari,24,GWALIOR,3,Madhya Pradesh,Shivpuri,BHARAT SINGH KUSHWAH,6a932b5bcd944524379eddfc,Lok Sabha
Datia,22,BHIND,2,Madhya Pradesh,Datia,Smt Sandhya Ray,6a932b5bcd944524379edf93,Lok Sabha
Niwari,46,TIKAMGARH,6,Madhya Pradesh,Tikamgarh,Virendra Kumar,6a932b5bcd944524379edfc2,Lok Sabha
Shivpuri,25,GUNA,4,Madhya Pradesh,Shivpuri,JYOTIRADITYA M. SCINDIA,6a932b5bcd944524379ede84,Lok Sabha
Kolaras,27,GUNA,4,Madhya Pradesh,Shivpuri,JYOTIRADITYA M. SCINDIA,6a932b5bcd944524379ede84,Lok Sabha
Pichhore,26,GUNA,4,Madhya Pradesh,Shivpuri,JYOTIRADITYA M. SCINDIA,6a932b5bcd944524379ede84,Lok Sabha
Chandla (Sc),49,KHAJURAHO,8,Madhya Pradesh,Chhatarpur,Vishnu Dutt Sharma,6a932b5bcd944524379edfc6,Lok Sabha
Prithvipur,45,TIKAMGARH,6,Madhya Pradesh,Tikamgarh,Virendra Kumar,6a932b5bcd944524379edfc2,Lok Sabha
Maharajpur,48,TIKAMGARH,6,Madhya Pradesh,Chhatarpur,Virendra Kumar,6a932b5bcd944524379edfc2,Lok Sabha
Jatara (Sc),44,TIKAMGARH,6,Madhya Pradesh,Tikamgarh,Virendra Kumar,6a932b5bcd944524379edfc2,Lok Sabha
Rajnagar,50,KHAJURAHO,8,Madhya Pradesh,Chhatarpur,Vishnu Dutt Sharma,6a932b5bcd944524379edfc6,Lok Sabha
Jawad,230,MANDSOUR,23,Madhya Pradesh,Neemuch,Shri Sudheer Gupta,6a932b5bcd944524379edf7d,Lok Sabha
Teonthar,70,REWA,10,Madhya Pradesh,Rewa,Janardan Mishra,6a932b5bcd944524379ede7a,Lok Sabha
Chitrakoot,61,SATNA,9,Madhya Pradesh,Satna,Ganesh Singh,6a932b5bcd944524379ede5e,Lok Sabha
Bamori,28,GUNA,4,Madhya Pradesh,Guna,JYOTIRADITYA M. SCINDIA,6a932b5bcd944524379ede84,Lok Sabha
Sirmour,68,REWA,10,Madhya Pradesh,Rewa,Janardan Mishra,6a932b5bcd944524379ede7a,Lok Sabha
Khargapur,47,TIKAMGARH,6,Madhya Pradesh,Tikamgarh,Virendra Kumar,6a932b5bcd944524379edfc2,Lok Sabha
Panna,60,KHAJURAHO,8,Madhya Pradesh,Panna,Vishnu Dutt Sharma,6a932b5bcd944524379edfc6,Lok Sabha
Chhatarpur,51,TIKAMGARH,6,Madhya Pradesh,Chhatarpur,Virendra Kumar,6a932b5bcd944524379edfc2,Lok Sabha
Chanderi,33,GUNA,4,Madhya Pradesh,Ashok Nagar,JYOTIRADITYA M. SCINDIA,6a932b5bcd944524379ede84,Lok Sabha
Semariya,69,REWA,10,Madhya Pradesh,Rewa,Janardan Mishra,6a932b5bcd944524379ede7a,Lok Sabha
Mangawan (Sc),73,REWA,10,Madhya Pradesh,Rewa,Janardan Mishra,6a932b5bcd944524379ede7a,Lok Sabha
Ashok Nagar (Sc),32,GUNA,4,Madhya Pradesh,Ashok Nagar,JYOTIRADITYA M. SCINDIA,6a932b5bcd944524379ede84,Lok Sabha
Bijawar,52,TIKAMGARH,6,Madhya Pradesh,Chhatarpur,Virendra Kumar,6a932b5bcd944524379edfc2,Lok Sabha
Tikamgarh,43,TIKAMGARH,6,Madhya Pradesh,Tikamgarh,Virendra Kumar,6a932b5bcd944524379edfc2,Lok Sabha
Garoth,227,MANDSOUR,23,Madhya Pradesh,Mandsaur,Shri Sudheer Gupta,6a932b5bcd944524379edf7d,Lok Sabha
Manasa,228,MANDSOUR,23,Madhya Pradesh,Neemuch,Shri Sudheer Gupta,6a932b5bcd944524379edf7d,Lok Sabha
Deotalab,72,REWA,10,Madhya Pradesh,Rewa,Janardan Mishra,6a932b5bcd944524379ede7a,Lok Sabha
Mauganj,71,REWA,10,Madhya Pradesh,Rewa,Janardan Mishra,6a932b5bcd944524379ede7a,Lok Sabha
Guna (Sc),29,GUNA,4,Madhya Pradesh,Guna,JYOTIRADITYA M. SCINDIA,6a932b5bcd944524379ede84,Lok Sabha
Raigaon (Sc),62,SATNA,9,Madhya Pradesh,Satna,Ganesh Singh,6a932b5bcd944524379ede5e,Lok Sabha
Mungaoli,34,GUNA,4,Madhya Pradesh,Ashok Nagar,JYOTIRADITYA M. SCINDIA,6a932b5bcd944524379ede84,Lok Sabha
Rampur-Baghelan,67,SATNA,9,Madhya Pradesh,Satna,Ganesh Singh,6a932b5bcd944524379ede5e,Lok Sabha
Gunnaor (Sc),59,KHAJURAHO,8,Madhya Pradesh,Panna,Vishnu Dutt Sharma,6a932b5bcd944524379edfc6,Lok Sabha
Malhara,53,DAMOH,7,Madhya Pradesh,Chhatarpur,RAHUL SINGH LODHI,6a932b5bcd944524379edf12,Lok Sabha
Neemuch,229,MANDSOUR,23,Madhya Pradesh,Neemuch,Shri Sudheer Gupta,6a932b5bcd944524379edf7d,Lok Sabha
Satna,63,SATNA,9,Madhya Pradesh,Satna,Ganesh Singh,6a932b5bcd944524379ede5e,Lok Sabha
Raghogarh,31,RAJGARH,20,Madhya Pradesh,Guna,Rodmal Nagar,6a932b5bcd944524379edf36,Lok Sabha
Chitrangi (St),79,SIDHI,11,Madhya Pradesh,Sidhi,DR. RAJESH MISHRA,6a932b5bcd944524379ede4a,Lok Sabha
Gurh,75,REWA,10,Madhya Pradesh,Rewa,Janardan Mishra,6a932b5bcd944524379ede7a,Lok Sabha
Rewa,74,REWA,10,Madhya Pradesh,Rewa,Janardan Mishra,6a932b5bcd944524379ede7a,Lok Sabha
Chachoura,30,RAJGARH,20,Madhya Pradesh,Guna,Rodmal Nagar,6a932b5bcd944524379edf36,Lok Sabha
Nagod,64,SATNA,9,Madhya Pradesh,Satna,Ganesh Singh,6a932b5bcd944524379ede5e,Lok Sabha
Sihawal,78,SIDHI,11,Madhya Pradesh,Sidhi,DR. RAJESH MISHRA,6a932b5bcd944524379ede4a,Lok Sabha
Churhat,76,SIDHI,11,Madhya Pradesh,Sidhi,DR. RAJESH MISHRA,6a932b5bcd944524379ede4a,Lok Sabha
Malhargarh (Sc),225,MANDSOUR,23,Madhya Pradesh,Mandsaur,Shri Sudheer Gupta,6a932b5bcd944524379edf7d,Lok Sabha
Sidhi,77,SIDHI,11,Madhya Pradesh,Sidhi,DR. RAJESH MISHRA,6a932b5bcd944524379ede4a,Lok Sabha
Bina (Sc),35,SAGAR,5,Madhya Pradesh,Sagar,DR. LATA WANKHEDE,6a932b5bcd944524379ede43,Lok Sabha
Hatta (Sc),57,DAMOH,7,Madhya Pradesh,Damoh,RAHUL SINGH LODHI,6a932b5bcd944524379edf12,Lok Sabha
Pawai,58,KHAJURAHO,8,Madhya Pradesh,Panna,Vishnu Dutt Sharma,6a932b5bcd944524379edfc6,Lok Sabha
Banda,42,DAMOH,7,Madhya Pradesh,Sagar,RAHUL SINGH LODHI,6a932b5bcd944524379edf12,Lok Sabha
Amarpatan,66,SATNA,9,Madhya Pradesh,Satna,Ganesh Singh,6a932b5bcd944524379ede5e,Lok Sabha
Susner,165,RAJGARH,20,Madhya Pradesh,Shajapur,Rodmal Nagar,6a932b5bcd944524379edf36,Lok Sabha
Khurai,36,SAGAR,5,Madhya Pradesh,Sagar,DR. LATA WANKHEDE,6a932b5bcd944524379ede43,Lok Sabha
Suwasra,226,MANDSOUR,23,Madhya Pradesh,Mandsaur,Shri Sudheer Gupta,6a932b5bcd944524379edf7d,Lok Sabha
Sironj,147,SAGAR,5,Madhya Pradesh,Vidisha,DR. LATA WANKHEDE,6a932b5bcd944524379ede43,Lok Sabha
Maihar,65,SATNA,9,Madhya Pradesh,Satna,Ganesh Singh,6a932b5bcd944524379ede5e,Lok Sabha
Rajgarh,162,RAJGARH,20,Madhya Pradesh,Rajgarh,Rodmal Nagar,6a932b5bcd944524379edf36,Lok Sabha
Kurwai (Sc),146,SAGAR,5,Madhya Pradesh,Vidisha,DR. LATA WANKHEDE,6a932b5bcd944524379ede43,Lok Sabha
Pathariya,54,DAMOH,7,Madhya Pradesh,Damoh,RAHUL SINGH LODHI,6a932b5bcd944524379edf12,Lok Sabha
Khilchipur,163,RAJGARH,20,Madhya Pradesh,Rajgarh,Rodmal Nagar,6a932b5bcd944524379edf36,Lok Sabha
Dhauhani (St),82,SIDHI,11,Madhya Pradesh,Sidhi,DR. RAJESH MISHRA,6a932b5bcd944524379ede4a,Lok Sabha
Mandsour,224,MANDSOUR,23,Madhya Pradesh,Mandsaur,Shri Sudheer Gupta,6a932b5bcd944524379edf7d,Lok Sabha
Beohari (St),83,SIDHI,11,Madhya Pradesh,Shahdol,DR. RAJESH MISHRA,6a932b5bcd944524379ede4a,Lok Sabha
Devsar (Sc),81,SIDHI,11,Madhya Pradesh,Sidhi,DR. RAJESH MISHRA,6a932b5bcd944524379ede4a,Lok Sabha
Singrauli,80,SIDHI,11,Madhya Pradesh,Sidhi,DR. RAJESH MISHRA,6a932b5bcd944524379ede4a,Lok Sabha
Biaora,161,RAJGARH,20,Madhya Pradesh,Rajgarh,Rodmal Nagar,6a932b5bcd944524379edf36,Lok Sabha
Vijayraghavgarh,92,KHAJURAHO,8,Madhya Pradesh,Katni,Vishnu Dutt Sharma,6a932b5bcd944524379edfc6,Lok Sabha
Manpur (St),90,SHAHDOL,12,Madhya Pradesh,Umaria,Smt Himadri Singh,6a932b5bcd944524379edf8e,Lok Sabha
Shamshabad,148,SAGAR,5,Madhya Pradesh,Vidisha,DR. LATA WANKHEDE,6a932b5bcd944524379ede43,Lok Sabha
Alot (Sc),223,UJJAIN,22,Madhya Pradesh,Ratlam,Shri Anil Firojiya,6a932b5bcd944524379edf63,Lok Sabha
Naryoli (Sc),40,SAGAR,5,Madhya Pradesh,Sagar,DR. LATA WANKHEDE,6a932b5bcd944524379ede43,Lok Sabha
Agar (Sc),166,DEWAS,21,Madhya Pradesh,Shajapur,Mahendra Singh Solanky,6a932b5bcd944524379edeb9,Lok Sabha
Jaora,222,MANDSOUR,23,Madhya Pradesh,Ratlam,Shri Sudheer Gupta,6a932b5bcd944524379edf7d,Lok Sabha
Murwara,93,KHAJURAHO,8,Madhya Pradesh,Katni,Vishnu Dutt Sharma,6a932b5bcd944524379edfc6,Lok Sabha
Damoh,55,DAMOH,7,Madhya Pradesh,Damoh,RAHUL SINGH LODHI,6a932b5bcd944524379edf12,Lok Sabha
Surkhi,37,SAGAR,5,Madhya Pradesh,Sagar,DR. LATA WANKHEDE,6a932b5bcd944524379ede43,Lok Sabha
Sarangpur (Sc),164,RAJGARH,20,Madhya Pradesh,Rajgarh,Rodmal Nagar,6a932b5bcd944524379edf36,Lok Sabha
Berasia (Sc),149,BHOPAL,19,Madhya Pradesh,Bhopal,ALOK SHARMA,6a932b5bcd944524379eddc3,Lok Sabha
Basoda,145,VIDISHA,18,Madhya Pradesh,Vidisha,SHIVRAJ SINGH CHOUHAN,6a932b5bcd944524379edf5b,Lok Sabha
Rehli,39,DAMOH,7,Madhya Pradesh,Sagar,RAHUL SINGH LODHI,6a932b5bcd944524379edf12,Lok Sabha
Sagar,41,SAGAR,5,Madhya Pradesh,Sagar,DR. LATA WANKHEDE,6a932b5bcd944524379ede43,Lok Sabha
Barwara (St),91,SHAHDOL,12,Madhya Pradesh,Katni,Smt Himadri Singh,6a932b5bcd944524379edf8e,Lok Sabha
Narsinghgarh,160,RAJGARH,20,Madhya Pradesh,Rajgarh,Rodmal Nagar,6a932b5bcd944524379edf36,Lok Sabha
Mahidpur,213,UJJAIN,22,Madhya Pradesh,Ujjain,Shri Anil Firojiya,6a932b5bcd944524379edf63,Lok Sabha
Jabera,56,DAMOH,7,Madhya Pradesh,Damoh,RAHUL SINGH LODHI,6a932b5bcd944524379edf12,Lok Sabha
Vidisha,144,VIDISHA,18,Madhya Pradesh,Vidisha,SHIVRAJ SINGH CHOUHAN,6a932b5bcd944524379edf5b,Lok Sabha
Silwani,143,VIDISHA,18,Madhya Pradesh,Raisen,SHIVRAJ SINGH CHOUHAN,6a932b5bcd944524379edf5b,Lok Sabha
Nagada-Khachrod,212,UJJAIN,22,Madhya Pradesh,Ujjain,Shri Anil Firojiya,6a932b5bcd944524379edf63,Lok Sabha
Bandhavgarh (St),89,SHAHDOL,12,Madhya Pradesh,Umaria,Smt Himadri Singh,6a932b5bcd944524379edf8e,Lok Sabha
Jaisinghnagar (St),84,SHAHDOL,12,Madhya Pradesh,Shahdol,Smt Himadri Singh,6a932b5bcd944524379edf8e,Lok Sabha
Sehore,159,BHOPAL,19,Madhya Pradesh,Sehore,ALOK SHARMA,6a932b5bcd944524379eddc3,Lok Sabha
Shajapur,167,DEWAS,21,Madhya Pradesh,Shajapur,Mahendra Singh Solanky,6a932b5bcd944524379edeb9,Lok Sabha
Sailana (St),221,RATLAM,24,Madhya Pradesh,Ratlam,ANITA NAGARSINGH CHOUHAN,6a932b5bcd944524379eddd2,Lok Sabha
Ratlam Rural (St),219,RATLAM,24,Madhya Pradesh,Ratlam,ANITA NAGARSINGH CHOUHAN,6a932b5bcd944524379eddd2,Lok Sabha
Tarana (Sc),214,UJJAIN,22,Madhya Pradesh,Ujjain,Shri Anil Firojiya,6a932b5bcd944524379edf63,Lok Sabha
Shujalpur,168,DEWAS,21,Madhya Pradesh,Shajapur,Mahendra Singh Solanky,6a932b5bcd944524379edeb9,Lok Sabha
Deori,38,DAMOH,7,Madhya Pradesh,Sagar,RAHUL SINGH LODHI,6a932b5bcd944524379edf12,Lok Sabha
Bahoriband,94,KHAJURAHO,8,Madhya Pradesh,Katni,Vishnu Dutt Sharma,6a932b5bcd944524379edfc6,Lok Sabha
Sanchi (Sc),142,VIDISHA,18,Madhya Pradesh,Raisen,SHIVRAJ SINGH CHOUHAN,6a932b5bcd944524379edf5b,Lok Sabha
Kalapipal,169,DEWAS,21,Madhya Pradesh,Shajapur,Mahendra Singh Solanky,6a932b5bcd944524379edeb9,Lok Sabha
Ghatiya (Sc),215,UJJAIN,22,Madhya Pradesh,Ujjain,Shri Anil Firojiya,6a932b5bcd944524379edf63,Lok Sabha
Jaitpur (St),85,SHAHDOL,12,Madhya Pradesh,Shahdol,Smt Himadri Singh,6a932b5bcd944524379edf8e,Lok Sabha
Ratlam City,220,RATLAM,24,Madhya Pradesh,Ratlam,ANITA NAGARSINGH CHOUHAN,6a932b5bcd944524379eddd2,Lok Sabha
Huzur,155,BHOPAL,19,Madhya Pradesh,Bhopal,ALOK SHARMA,6a932b5bcd944524379eddc3,Lok Sabha
Patan,95,JABALPUR,13,Madhya Pradesh,Jabalpur,ASHISH DUBEY,6a932b5bcd944524379edde3,Lok Sabha
Dewas,171,DEWAS,21,Madhya Pradesh,Dewas,Mahendra Singh Solanky,6a932b5bcd944524379edeb9,Lok Sabha
Badnagar,218,UJJAIN,22,Madhya Pradesh,Ujjain,Shri Anil Firojiya,6a932b5bcd944524379edf63,Lok Sabha
Kotma,86,SHAHDOL,12,Madhya Pradesh,Anuppur,Smt Himadri Singh,6a932b5bcd944524379edf8e,Lok Sabha
Panagar,101,JABALPUR,13,Madhya Pradesh,Jabalpur,ASHISH DUBEY,6a932b5bcd944524379edde3,Lok Sabha
Thandla (St),194,RATLAM,24,Madhya Pradesh,Jhabua,ANITA NAGARSINGH CHOUHAN,6a932b5bcd944524379eddd2,Lok Sabha
Ichhawar,158,VIDISHA,18,Madhya Pradesh,Sehore,SHIVRAJ SINGH CHOUHAN,6a932b5bcd944524379edf5b,Lok Sabha
Sihora (St),102,JABALPUR,13,Madhya Pradesh,Jabalpur,ASHISH DUBEY,6a932b5bcd944524379edde3,Lok Sabha
Bhopal Uttar,150,BHOPAL,19,Madhya Pradesh,Bhopal,ALOK SHARMA,6a932b5bcd944524379eddc3,Lok Sabha
Narela,151,BHOPAL,19,Madhya Pradesh,Bhopal,ALOK SHARMA,6a932b5bcd944524379eddc3,Lok Sabha
Sonkatch (Sc),170,DEWAS,21,Madhya Pradesh,Dewas,Mahendra Singh Solanky,6a932b5bcd944524379edeb9,Lok Sabha
Bhojpur,141,VIDISHA,18,Madhya Pradesh,Raisen,SHIVRAJ SINGH CHOUHAN,6a932b5bcd944524379edf5b,Lok Sabha
Ujjain Uttar,216,UJJAIN,22,Madhya Pradesh,Ujjain,Shri Anil Firojiya,6a932b5bcd944524379edf63,Lok Sabha
Bhopal Dakshin-Paschim,152,BHOPAL,19,Madhya Pradesh,Bhopal,ALOK SHARMA,6a932b5bcd944524379eddc3,Lok Sabha
Bhopal Madhya,153,BHOPAL,19,Madhya Pradesh,Bhopal,ALOK SHARMA,6a932b5bcd944524379eddc3,Lok Sabha
Pushprajgarh (St),88,SHAHDOL,12,Madhya Pradesh,Anuppur,Smt Himadri Singh,6a932b5bcd944524379edf8e,Lok Sabha
Govindpura,154,BHOPAL,19,Madhya Pradesh,Bhopal,ALOK SHARMA,6a932b5bcd944524379eddc3,Lok Sabha
Petlawad (St),195,RATLAM,24,Madhya Pradesh,Jhabua,ANITA NAGARSINGH CHOUHAN,6a932b5bcd944524379eddd2,Lok Sabha
Ujjain Dakshin,217,UJJAIN,22,Madhya Pradesh,Ujjain,Shri Anil Firojiya,6a932b5bcd944524379edf63,Lok Sabha
Ashta (Sc),157,DEWAS,21,Madhya Pradesh,Sehore,Mahendra Singh Solanky,6a932b5bcd944524379edeb9,Lok Sabha
Bargi,96,JABALPUR,13,Madhya Pradesh,Jabalpur,ASHISH DUBEY,6a932b5bcd944524379edde3,Lok Sabha
Tendukheda,120,HOSHANGABAD,17,Madhya Pradesh,Narsimhapur,DARSHAN SINGH CHOUDHARY,6a932b5bcd944524379ede26,Lok Sabha
Badnawar,202,DHAR,25,Madhya Pradesh,Dhar,SAVITRI THAKUR,6a932b5bcd944524379edf4f,Lok Sabha
Udaipura,140,HOSHANGABAD,17,Madhya Pradesh,Raisen,DARSHAN SINGH CHOUDHARY,6a932b5bcd944524379ede26,Lok Sabha
Narsingpur,119,HOSHANGABAD,17,Madhya Pradesh,Narsimhapur,DARSHAN SINGH CHOUDHARY,6a932b5bcd944524379ede26,Lok Sabha
Anuppur (St),87,SHAHDOL,12,Madhya Pradesh,Anuppur,Smt Himadri Singh,6a932b5bcd944524379edf8e,Lok Sabha
Jabalpur Cantt.,99,JABALPUR,13,Madhya Pradesh,Jabalpur,ASHISH DUBEY,6a932b5bcd944524379edde3,Lok Sabha
Jabalpur Uttar,98,JABALPUR,13,Madhya Pradesh,Jabalpur,ASHISH DUBEY,6a932b5bcd944524379edde3,Lok Sabha
Depalpur,203,INDORE,26,Madhya Pradesh,Indore,Shankar Lalwani,6a932b5bcd944524379edf56,Lok Sabha
Jabalpur Purba(Sc),97,JABALPUR,13,Madhya Pradesh,Jabalpur,ASHISH DUBEY,6a932b5bcd944524379edde3,Lok Sabha
Jabalpur Paschim,100,JABALPUR,13,Madhya Pradesh,Jabalpur,ASHISH DUBEY,6a932b5bcd944524379edde3,Lok Sabha
Hatpipliya,172,DEWAS,21,Madhya Pradesh,Dewas,Mahendra Singh Solanky,6a932b5bcd944524379edeb9,Lok Sabha
Sanwer (Sc),211,INDORE,26,Madhya Pradesh,Indore,Shankar Lalwani,6a932b5bcd944524379edf56,Lok Sabha
Gotegaon (Sc),118,MANDLA,14,Madhya Pradesh,Narsimhapur,Faggan Singh Kulaste,6a932b5bcd944524379ede57,Lok Sabha
Sardarpur (St),196,DHAR,25,Madhya Pradesh,Dhar,SAVITRI THAKUR,6a932b5bcd944524379edf4f,Lok Sabha
Shahpura (St),103,MANDLA,14,Madhya Pradesh,Dindori,Faggan Singh Kulaste,6a932b5bcd944524379ede57,Lok Sabha
Dindori (St),104,MANDLA,14,Madhya Pradesh,Dindori,Faggan Singh Kulaste,6a932b5bcd944524379ede57,Lok Sabha
Jhabua (St),193,RATLAM,24,Madhya Pradesh,Jhabua,ANITA NAGARSINGH CHOUHAN,6a932b5bcd944524379eddd2,Lok Sabha
Gadarwara,121,HOSHANGABAD,17,Madhya Pradesh,Narsimhapur,DARSHAN SINGH CHOUDHARY,6a932b5bcd944524379ede26,Lok Sabha
Budhni,156,VIDISHA,18,Madhya Pradesh,Sehore,SHIVRAJ SINGH CHOUHAN,6a932b5bcd944524379edf5b,Lok Sabha
Pipariya (Sc),139,HOSHANGABAD,17,Madhya Pradesh,Hoshangabad,DARSHAN SINGH CHOUDHARY,6a932b5bcd944524379ede26,Lok Sabha
Khategaon,173,VIDISHA,18,Madhya Pradesh,Dewas,SHIVRAJ SINGH CHOUHAN,6a932b5bcd944524379edf5b,Lok Sabha
Lakhnadon(St),117,MANDLA,14,Madhya Pradesh,Seoni,Faggan Singh Kulaste,6a932b5bcd944524379ede57,Lok Sabha
Sohagpur,138,HOSHANGABAD,17,Madhya Pradesh,Hoshangabad,DARSHAN SINGH CHOUDHARY,6a932b5bcd944524379ede26,Lok Sabha
Indore-1,204,INDORE,26,Madhya Pradesh,Indore,Shankar Lalwani,6a932b5bcd944524379edf56,Lok Sabha
Dhar,201,DHAR,25,Madhya Pradesh,Dhar,SAVITRI THAKUR,6a932b5bcd944524379edf4f,Lok Sabha
Bagali (St),174,KHANDWA,28,Madhya Pradesh,Dewas,Gyaneshwar Patil,6a932b5bcd944524379ede69,Lok Sabha
Niwas (St),106,MANDLA,14,Madhya Pradesh,Mandla,Faggan Singh Kulaste,6a932b5bcd944524379ede57,Lok Sabha
Rau,210,INDORE,26,Madhya Pradesh,Indore,Shankar Lalwani,6a932b5bcd944524379edf56,Lok Sabha
Jobat (St),192,RATLAM,24,Madhya Pradesh,Jhabua,ANITA NAGARSINGH CHOUHAN,6a932b5bcd944524379eddd2,Lok Sabha
Amarwara (St),123,CHHINDWARA,16,Madhya Pradesh,Chhindwara,BUNTY VIVEK SAHU,6a932b5bcd944524379ede0e,Lok Sabha
Hoshangabad,137,HOSHANGABAD,17,Madhya Pradesh,Hoshangabad,DARSHAN SINGH CHOUDHARY,6a932b5bcd944524379ede26,Lok Sabha
Dr. Ambedkar Nagar-Mhow,209,DHAR,25,Madhya Pradesh,Indore,SAVITRI THAKUR,6a932b5bcd944524379edf4f,Lok Sabha
Gandhwani (St),197,DHAR,25,Madhya Pradesh,Dhar,SAVITRI THAKUR,6a932b5bcd944524379edf4f,Lok Sabha
Seoni-Malwa,136,HOSHANGABAD,17,Madhya Pradesh,Hoshangabad,DARSHAN SINGH CHOUDHARY,6a932b5bcd944524379ede26,Lok Sabha
Junnardeo (St),122,CHHINDWARA,16,Madhya Pradesh,Chhindwara,BUNTY VIVEK SAHU,6a932b5bcd944524379ede0e,Lok Sabha
Mandla (St),107,MANDLA,14,Madhya Pradesh,Mandla,Faggan Singh Kulaste,6a932b5bcd944524379ede57,Lok Sabha
Dharampuri (St),200,DHAR,25,Madhya Pradesh,Dhar,SAVITRI THAKUR,6a932b5bcd944524379edf4f,Lok Sabha
Timarni (St),134,BETUL,29,Madhya Pradesh,Harda,Durga Das Uikey,6a932b5bcd944524379ede51,Lok Sabha
Badwah,182,KHANDWA,28,Madhya Pradesh,West Nimar,Gyaneshwar Patil,6a932b5bcd944524379ede69,Lok Sabha
Bichhiya (St),105,MANDLA,14,Madhya Pradesh,Mandla,Faggan Singh Kulaste,6a932b5bcd944524379ede57,Lok Sabha
Harda,135,BETUL,29,Madhya Pradesh,Harda,Durga Das Uikey,6a932b5bcd944524379ede51,Lok Sabha
Alirajpur (St),191,RATLAM,24,Madhya Pradesh,Jhabua,ANITA NAGARSINGH CHOUHAN,6a932b5bcd944524379eddd2,Lok Sabha
Maheshwar (Sc),183,KHARGONE,27,Madhya Pradesh,West Nimar,Gajendra Singh Patel,6a932b5bcd944524379ede5a,Lok Sabha
Keolari,116,MANDLA,14,Madhya Pradesh,Seoni,Faggan Singh Kulaste,6a932b5bcd944524379ede57,Lok Sabha
Seoni,115,BALAGHAT,15,Madhya Pradesh,Seoni,BHARTI PARDHI,6a932b5bcd944524379eddff,Lok Sabha
Manawar (St),199,DHAR,25,Madhya Pradesh,Dhar,SAVITRI THAKUR,6a932b5bcd944524379edf4f,Lok Sabha
Kukshi (St),198,DHAR,25,Madhya Pradesh,Dhar,SAVITRI THAKUR,6a932b5bcd944524379edf4f,Lok Sabha
Mandhata,175,KHANDWA,28,Madhya Pradesh,East Nimar,Gyaneshwar Patil,6a932b5bcd944524379ede69,Lok Sabha
Ghoradongri (St),132,BETUL,29,Madhya Pradesh,Betul,Durga Das Uikey,6a932b5bcd944524379ede51,Lok Sabha
Baihar (St),108,BALAGHAT,15,Madhya Pradesh,Balaghat,BHARTI PARDHI,6a932b5bcd944524379eddff,Lok Sabha
Parasia (Sc),127,CHHINDWARA,16,Madhya Pradesh,Chhindwara,BUNTY VIVEK SAHU,6a932b5bcd944524379ede0e,Lok Sabha
Paraswada,110,BALAGHAT,15,Madhya Pradesh,Balaghat,BHARTI PARDHI,6a932b5bcd944524379eddff,Lok Sabha
Kasrawad,184,KHARGONE,27,Madhya Pradesh,West Nimar,Gajendra Singh Patel,6a932b5bcd944524379ede5a,Lok Sabha
Rajpur (St),188,KHARGONE,27,Madhya Pradesh,Barwani,Gajendra Singh Patel,6a932b5bcd944524379ede5a,Lok Sabha
Harsud (St),176,BETUL,29,Madhya Pradesh,East Nimar,Durga Das Uikey,6a932b5bcd944524379ede51,Lok Sabha
Churai,124,CHHINDWARA,16,Madhya Pradesh,Chhindwara,BUNTY VIVEK SAHU,6a932b5bcd944524379ede0e,Lok Sabha
Badwani (St),190,KHARGONE,27,Madhya Pradesh,Barwani,Gajendra Singh Patel,6a932b5bcd944524379ede5a,Lok Sabha
Amla (Sc),130,BETUL,29,Madhya Pradesh,Betul,Durga Das Uikey,6a932b5bcd944524379ede51,Lok Sabha
Khandwa (Sc),177,KHANDWA,28,Madhya Pradesh,East Nimar,Gyaneshwar Patil,6a932b5bcd944524379ede69,Lok Sabha
Barghat (St),114,BALAGHAT,15,Madhya Pradesh,Seoni,BHARTI PARDHI,6a932b5bcd944524379eddff,Lok Sabha
Chhindwara,126,CHHINDWARA,16,Madhya Pradesh,Chhindwara,BUNTY VIVEK SAHU,6a932b5bcd944524379ede0e,Lok Sabha
Pandhana (St),178,KHANDWA,28,Madhya Pradesh,East Nimar,Gyaneshwar Patil,6a932b5bcd944524379ede69,Lok Sabha
Bhikangaon (St),181,KHANDWA,28,Madhya Pradesh,West Nimar,Gyaneshwar Patil,6a932b5bcd944524379ede69,Lok Sabha
Khargone,185,KHARGONE,27,Madhya Pradesh,West Nimar,Gajendra Singh Patel,6a932b5bcd944524379ede5a,Lok Sabha
Bhainsdehi (St),133,BETUL,29,Madhya Pradesh,Betul,Durga Das Uikey,6a932b5bcd944524379ede51,Lok Sabha
Betul,131,BETUL,29,Madhya Pradesh,Betul,Durga Das Uikey,6a932b5bcd944524379ede51,Lok Sabha
Balaghat,111,BALAGHAT,15,Madhya Pradesh,Balaghat,BHARTI PARDHI,6a932b5bcd944524379eddff,Lok Sabha
Pandhurna (St),128,CHHINDWARA,16,Madhya Pradesh,Chhindwara,BUNTY VIVEK SAHU,6a932b5bcd944524379ede0e,Lok Sabha
Pansemal (St),189,KHARGONE,27,Madhya Pradesh,Barwani,Gajendra Singh Patel,6a932b5bcd944524379ede5a,Lok Sabha
Bhagwanpura(St),186,KHARGONE,27,Madhya Pradesh,West Nimar,Gajendra Singh Patel,6a932b5bcd944524379ede5a,Lok Sabha
Saunsar,125,CHHINDWARA,16,Madhya Pradesh,Chhindwara,BUNTY VIVEK SAHU,6a932b5bcd944524379ede0e,Lok Sabha
Sendhawa (St),187,KHARGONE,27,Madhya Pradesh,Barwani,Gajendra Singh Patel,6a932b5bcd944524379ede5a,Lok Sabha
Multai,129,BETUL,29,Madhya Pradesh,Betul,Durga Das Uikey,6a932b5bcd944524379ede51,Lok Sabha
Katangi,113,BALAGHAT,15,Madhya Pradesh,Balaghat,BHARTI PARDHI,6a932b5bcd944524379eddff,Lok Sabha
Waraseoni,112,BALAGHAT,15,Madhya Pradesh,Balaghat,BHARTI PARDHI,6a932b5bcd944524379eddff,Lok Sabha
Lanji,109,BALAGHAT,15,Madhya Pradesh,Balaghat,BHARTI PARDHI,6a932b5bcd944524379eddff,Lok Sabha
Nepanagar (St),179,KHANDWA,28,Madhya Pradesh,Burhanpur,Gyaneshwar Patil,6a932b5bcd944524379ede69,Lok Sabha
Burhanpur,180,KHANDWA,28,Madhya Pradesh,Burhanpur,Gyaneshwar Patil,6a932b5bcd944524379ede69,Lok Sabha
Bhander (Sc),21,BHIND,2,Madhya Pradesh,Datia,Smt Sandhya Ray,6a932b5bcd944524379edf93,Lok Sabha
Karera (Sc),23,GWALIOR,3,Madhya Pradesh,Shivpuri,BHARAT SINGH KUSHWAH,6a932b5bcd944524379eddfc,Lok Sabha
Akkalkuwa (St),1,NANDURBAR,1,Maharashtra,Nandurbar,ADV GOWAAL KAGADA PADAVI,6a932b5bcd944524379eddb7,Lok Sabha
Shahada (St),2,NANDURBAR,1,Maharashtra,Nandurbar,ADV GOWAAL KAGADA PADAVI,6a932b5bcd944524379eddb7,Lok Sabha
Melghat (St),41,AMRAVATI,7,Maharashtra,Amravati,BALWANT BASWANT WANKHADE,6a932b5bcd944524379eddf4,Lok Sabha
Nandurbar (St),3,NANDURBAR,1,Maharashtra,Nandurbar,ADV GOWAAL KAGADA PADAVI,6a932b5bcd944524379eddb7,Lok Sabha
Shirpur (St),9,NANDURBAR,1,Maharashtra,Dhule,ADV GOWAAL KAGADA PADAVI,6a932b5bcd944524379eddb7,Lok Sabha
Ramtek,59,RAMTEK,9,Maharashtra,Nagpur,Shyamkumar,6a932b5bcd944524379edf85,Lok Sabha
Nawapur (St),4,NANDURBAR,1,Maharashtra,Nandurbar,ADV GOWAAL KAGADA PADAVI,6a932b5bcd944524379eddb7,Lok Sabha
Morshi,43,WARDHA,8,Maharashtra,Amravati,AMAR SHARADRAO KALE,6a932b5bcd944524379eddc4,Lok Sabha
Savner,49,RAMTEK,9,Maharashtra,Nagpur,Shyamkumar,6a932b5bcd944524379edf85,Lok Sabha
Gondiya,65,BHANDARA-GONDIYA,11,Maharashtra,Gondiya,DR. PRASHANT YADAORAO PADOLE,6a932b5bcd944524379ede48,Lok Sabha
Tumsar,60,BHANDARA-GONDIYA,11,Maharashtra,Bhandara,DR. PRASHANT YADAORAO PADOLE,6a932b5bcd944524379ede48,Lok Sabha
Sindkheda,8,DHULE,2,Maharashtra,Dhule,BACHHAV SHOBHA DINESH,6a932b5bcd944524379edded,Lok Sabha
Tirora,64,BHANDARA-GONDIYA,11,Maharashtra,Gondiya,DR. PRASHANT YADAORAO PADOLE,6a932b5bcd944524379ede48,Lok Sabha
Katol,48,RAMTEK,9,Maharashtra,Nagpur,Shyamkumar,6a932b5bcd944524379edf85,Lok Sabha
Chopda (St),10,RAVER,4,Maharashtra,Jalgaon,Smt Raksha Nikhil Khadse,6a932b5bcd944524379edf90,Lok Sabha
Amgaon (St),66,GADCHIROLI-CHIMUR,12,Maharashtra,Gondiya,DR. KIRSAN NAMDEO,6a932b5bcd944524379ede42,Lok Sabha
Raver,11,RAVER,4,Maharashtra,Jalgaon,Smt Raksha Nikhil Khadse,6a932b5bcd944524379edf90,Lok Sabha
Achalpur,42,AMRAVATI,7,Maharashtra,Amravati,BALWANT BASWANT WANKHADE,6a932b5bcd944524379eddf4,Lok Sabha
Sakri (St),5,NANDURBAR,1,Maharashtra,Dhule,ADV GOWAAL KAGADA PADAVI,6a932b5bcd944524379eddb7,Lok Sabha
Arvi,44,WARDHA,8,Maharashtra,Wardha,AMAR SHARADRAO KALE,6a932b5bcd944524379eddc4,Lok Sabha
Kamthi,58,RAMTEK,9,Maharashtra,Nagpur,Shyamkumar,6a932b5bcd944524379edf85,Lok Sabha
Amalner,15,JALGAON,3,Maharashtra,Jalgaon,SMITA UDAY WAGH,6a932b5bcd944524379edf88,Lok Sabha
Jalgaon (Jamod),27,BULDHANA,5,Maharashtra,Buldana,Prataprao Jadhav,6a932b5bcd944524379edeff,Lok Sabha
Muktainagar,20,RAVER,4,Maharashtra,Jalgaon,Smt Raksha Nikhil Khadse,6a932b5bcd944524379edf90,Lok Sabha
Arjuni Morgaon(Sc),63,BHANDARA-GONDIYA,11,Maharashtra,Gondiya,DR. PRASHANT YADAORAO PADOLE,6a932b5bcd944524379ede48,Lok Sabha
Akot,28,AKOLA,6,Maharashtra,Akola,ANUP SANJAY DHOTRE,6a932b5bcd944524379eddd7,Lok Sabha
Teosa,39,AMRAVATI,7,Maharashtra,Amravati,BALWANT BASWANT WANKHADE,6a932b5bcd944524379eddf4,Lok Sabha
Jalgaon Rural,14,JALGAON,3,Maharashtra,Jalgaon,SMITA UDAY WAGH,6a932b5bcd944524379edf88,Lok Sabha
Daryapur (Sc),40,AMRAVATI,7,Maharashtra,Amravati,BALWANT BASWANT WANKHADE,6a932b5bcd944524379eddf4,Lok Sabha
Dhule Rural,6,DHULE,2,Maharashtra,Dhule,BACHHAV SHOBHA DINESH,6a932b5bcd944524379edded,Lok Sabha
Hingna,50,RAMTEK,9,Maharashtra,Nagpur,Shyamkumar,6a932b5bcd944524379edf85,Lok Sabha
Bhandara (Sc),61,BHANDARA-GONDIYA,11,Maharashtra,Bhandara,DR. PRASHANT YADAORAO PADOLE,6a932b5bcd944524379ede48,Lok Sabha
Sakoli,62,BHANDARA-GONDIYA,11,Maharashtra,Bhandara,DR. PRASHANT YADAORAO PADOLE,6a932b5bcd944524379ede48,Lok Sabha
Nagpur North,57,NAGPUR,10,Maharashtra,Nagpur,Nitin Jairam Gadkari,6a932b5bcd944524379edee7,Lok Sabha
Nagpur West,56,NAGPUR,10,Maharashtra,Nagpur,Nitin Jairam Gadkari,6a932b5bcd944524379edee7,Lok Sabha
Bhusawal (Sc),12,RAVER,4,Maharashtra,Jalgaon,Smt Raksha Nikhil Khadse,6a932b5bcd944524379edf90,Lok Sabha
Nagpur East,54,NAGPUR,10,Maharashtra,Nagpur,Nitin Jairam Gadkari,6a932b5bcd944524379edee7,Lok Sabha
Nagpur Central,55,NAGPUR,10,Maharashtra,Nagpur,Nitin Jairam Gadkari,6a932b5bcd944524379edee7,Lok Sabha
Nagpur South West,52,NAGPUR,10,Maharashtra,Nagpur,Nitin Jairam Gadkari,6a932b5bcd944524379edee7,Lok Sabha
Jalgaon City,13,JALGAON,3,Maharashtra,Jalgaon,SMITA UDAY WAGH,6a932b5bcd944524379edf88,Lok Sabha
Nagpur South,53,NAGPUR,10,Maharashtra,Nagpur,Nitin Jairam Gadkari,6a932b5bcd944524379edee7,Lok Sabha
Erandol,16,JALGAON,3,Maharashtra,Jalgaon,SMITA UDAY WAGH,6a932b5bcd944524379edf88,Lok Sabha
Malkapur,21,RAVER,4,Maharashtra,Buldana,Smt Raksha Nikhil Khadse,6a932b5bcd944524379edf90,Lok Sabha
Umred (Sc),51,RAMTEK,9,Maharashtra,Nagpur,Shyamkumar,6a932b5bcd944524379edf85,Lok Sabha
Akola East,31,AKOLA,6,Maharashtra,Akola,ANUP SANJAY DHOTRE,6a932b5bcd944524379eddd7,Lok Sabha
Dhule City,7,DHULE,2,Maharashtra,Dhule,BACHHAV SHOBHA DINESH,6a932b5bcd944524379edded,Lok Sabha
Wardha,47,WARDHA,8,Maharashtra,Wardha,AMAR SHARADRAO KALE,6a932b5bcd944524379eddc4,Lok Sabha
Baglan (St),116,DHULE,2,Maharashtra,Nashik,BACHHAV SHOBHA DINESH,6a932b5bcd944524379edded,Lok Sabha
Badnera,37,AMRAVATI,7,Maharashtra,Amravati,BALWANT BASWANT WANKHADE,6a932b5bcd944524379eddf4,Lok Sabha
Jamner,19,RAVER,4,Maharashtra,Jalgaon,Smt Raksha Nikhil Khadse,6a932b5bcd944524379edf90,Lok Sabha
Amravati,38,AMRAVATI,7,Maharashtra,Amravati,BALWANT BASWANT WANKHADE,6a932b5bcd944524379eddf4,Lok Sabha
Malegaon Outer,115,DHULE,2,Maharashtra,Nashik,BACHHAV SHOBHA DINESH,6a932b5bcd944524379edded,Lok Sabha
Balapur,29,AKOLA,6,Maharashtra,Akola,ANUP SANJAY DHOTRE,6a932b5bcd944524379eddd7,Lok Sabha
Dhamangaon Railway,36,WARDHA,8,Maharashtra,Amravati,AMAR SHARADRAO KALE,6a932b5bcd944524379eddc4,Lok Sabha
Khamgaon,26,BULDHANA,5,Maharashtra,Buldana,Prataprao Jadhav,6a932b5bcd944524379edeff,Lok Sabha
Pachora,18,JALGAON,3,Maharashtra,Jalgaon,SMITA UDAY WAGH,6a932b5bcd944524379edf88,Lok Sabha
Kalwan (St),117,DINDORI,20,Maharashtra,Nashik,BHASKAR MURLIDHAR BHAGARE,6a932b5bcd944524379ede00,Lok Sabha
Buldhana,22,BULDHANA,5,Maharashtra,Buldana,Prataprao Jadhav,6a932b5bcd944524379edeff,Lok Sabha
Murtizapur (Sc),32,AKOLA,6,Maharashtra,Akola,ANUP SANJAY DHOTRE,6a932b5bcd944524379eddd7,Lok Sabha
Deoli,45,WARDHA,8,Maharashtra,Wardha,AMAR SHARADRAO KALE,6a932b5bcd944524379eddc4,Lok Sabha
Chalisgaon,17,JALGAON,3,Maharashtra,Jalgaon,SMITA UDAY WAGH,6a932b5bcd944524379edf88,Lok Sabha
Hinganghat,46,WARDHA,8,Maharashtra,Wardha,AMAR SHARADRAO KALE,6a932b5bcd944524379eddc4,Lok Sabha
Armori (St),67,GADCHIROLI-CHIMUR,12,Maharashtra,Gadchiroli,DR. KIRSAN NAMDEO,6a932b5bcd944524379ede42,Lok Sabha
Nandgaon,113,DINDORI,20,Maharashtra,Nashik,BHASKAR MURLIDHAR BHAGARE,6a932b5bcd944524379ede00,Lok Sabha
Akola West,30,AKOLA,6,Maharashtra,Akola,ANUP SANJAY DHOTRE,6a932b5bcd944524379eddd7,Lok Sabha
Karanja,35,YAVATMAL-WASHIM,14,Maharashtra,Washim,Sanjay Uttamrao Deshmukh,6a932b5bcd944524379edf47,Lok Sabha
Sillod,104,JALNA,18,Maharashtra,Aurangabad,KALYAN VAIJINATHRAO KALE,6a932b5bcd944524379ede93,Lok Sabha
Chandvad,118,DINDORI,20,Maharashtra,Nashik,BHASKAR MURLIDHAR BHAGARE,6a932b5bcd944524379ede00,Lok Sabha
Bhokardan,103,JALNA,18,Maharashtra,Jalna,KALYAN VAIJINATHRAO KALE,6a932b5bcd944524379ede93,Lok Sabha
Malegaon Central,114,DHULE,2,Maharashtra,Nashik,BACHHAV SHOBHA DINESH,6a932b5bcd944524379edded,Lok Sabha
Chimur,74,GADCHIROLI-CHIMUR,12,Maharashtra,Chandrapur,DR. KIRSAN NAMDEO,6a932b5bcd944524379ede42,Lok Sabha
Ralegaon (St),77,YAVATMAL-WASHIM,14,Maharashtra,Yavatmal,Sanjay Uttamrao Deshmukh,6a932b5bcd944524379edf47,Lok Sabha
Chikhli,23,BULDHANA,5,Maharashtra,Buldana,Prataprao Jadhav,6a932b5bcd944524379edeff,Lok Sabha
Digras,79,YAVATMAL-WASHIM,14,Maharashtra,Yavatmal,Sanjay Uttamrao Deshmukh,6a932b5bcd944524379edf47,Lok Sabha
Dindori (St),122,DINDORI,20,Maharashtra,Nashik,BHASKAR MURLIDHAR BHAGARE,6a932b5bcd944524379ede00,Lok Sabha
Kannad,105,AURANGABAD,19,Maharashtra,Aurangabad,BHUMARE SANDIPANRAO ASARAM,6a932b5bcd944524379ede04,Lok Sabha
Brahmapuri,73,GADCHIROLI-CHIMUR,12,Maharashtra,Chandrapur,DR. KIRSAN NAMDEO,6a932b5bcd944524379ede42,Lok Sabha
Yavatmal,78,YAVATMAL-WASHIM,14,Maharashtra,Yavatmal,Sanjay Uttamrao Deshmukh,6a932b5bcd944524379edf47,Lok Sabha
Mehkar (Sc),25,BULDHANA,5,Maharashtra,Buldana,Prataprao Jadhav,6a932b5bcd944524379edeff,Lok Sabha
Risod,33,AKOLA,6,Maharashtra,Washim,ANUP SANJAY DHOTRE,6a932b5bcd944524379eddd7,Lok Sabha
Washim (Sc),34,YAVATMAL-WASHIM,14,Maharashtra,Washim,Sanjay Uttamrao Deshmukh,6a932b5bcd944524379edf47,Lok Sabha
Warora,75,CHANDRAPUR,13,Maharashtra,Yavatmal,DHANORKAR PRATIBHA SURESH ALIAS BALUBHAU,6a932b5bcd944524379ede2d,Lok Sabha
Dahanu (St),128,PALGHAR,22,Maharashtra,Thane,DR. HEMANT VISHNU SAVARA,6a932b5bcd944524379ede41,Lok Sabha
Igatpuri (St),127,NASHIK,21,Maharashtra,Nashik,RAJABHAU,6a932b5bcd944524379edf16,Lok Sabha
Niphad,121,DINDORI,20,Maharashtra,Nashik,BHASKAR MURLIDHAR BHAGARE,6a932b5bcd944524379ede00,Lok Sabha
Vaijapur,112,AURANGABAD,19,Maharashtra,Aurangabad,BHUMARE SANDIPANRAO ASARAM,6a932b5bcd944524379ede04,Lok Sabha
Phulambri,106,JALNA,18,Maharashtra,Aurangabad,KALYAN VAIJINATHRAO KALE,6a932b5bcd944524379ede93,Lok Sabha
Gadchiroli (St),68,GADCHIROLI-CHIMUR,12,Maharashtra,Gadchiroli,DR. KIRSAN NAMDEO,6a932b5bcd944524379ede42,Lok Sabha
Yevla,119,DINDORI,20,Maharashtra,Nashik,BHASKAR MURLIDHAR BHAGARE,6a932b5bcd944524379ede00,Lok Sabha
Sindkhed Raja,24,BULDHANA,5,Maharashtra,Buldana,Prataprao Jadhav,6a932b5bcd944524379edeff,Lok Sabha
Vikramgad (St),129,PALGHAR,22,Maharashtra,Thane,DR. HEMANT VISHNU SAVARA,6a932b5bcd944524379ede41,Lok Sabha
Deolali (Sc),126,NASHIK,21,Maharashtra,Nashik,RAJABHAU,6a932b5bcd944524379edf16,Lok Sabha
Gangapur,111,AURANGABAD,19,Maharashtra,Aurangabad,BHUMARE SANDIPANRAO ASARAM,6a932b5bcd944524379ede04,Lok Sabha
Badnapur (Sc),102,JALNA,18,Maharashtra,Jalna,KALYAN VAIJINATHRAO KALE,6a932b5bcd944524379ede93,Lok Sabha
Wani,76,CHANDRAPUR,13,Maharashtra,Yavatmal,DHANORKAR PRATIBHA SURESH ALIAS BALUBHAU,6a932b5bcd944524379ede2d,Lok Sabha
Nashik East,123,NASHIK,21,Maharashtra,Nashik,RAJABHAU,6a932b5bcd944524379edf16,Lok Sabha
Palghar (St),130,PALGHAR,22,Maharashtra,Thane,DR. HEMANT VISHNU SAVARA,6a932b5bcd944524379ede41,Lok Sabha
Arni (St),80,CHANDRAPUR,13,Maharashtra,Yavatmal,DHANORKAR PRATIBHA SURESH ALIAS BALUBHAU,6a932b5bcd944524379ede2d,Lok Sabha
Nashik West,125,NASHIK,21,Maharashtra,Nashik,RAJABHAU,6a932b5bcd944524379edf16,Lok Sabha
Nashik Central,124,NASHIK,21,Maharashtra,Nashik,RAJABHAU,6a932b5bcd944524379edf16,Lok Sabha
Ballarpur,72,CHANDRAPUR,13,Maharashtra,Chandrapur,DHANORKAR PRATIBHA SURESH ALIAS BALUBHAU,6a932b5bcd944524379ede2d,Lok Sabha
Sinnar,120,NASHIK,21,Maharashtra,Nashik,RAJABHAU,6a932b5bcd944524379edf16,Lok Sabha
Kopargaon,219,SHIRDI,38,Maharashtra,Ahmadnagar,BHAUSAHEB RAJARAM WAKCHAURE,6a932b5bcd944524379ede01,Lok Sabha
Pusad,81,YAVATMAL-WASHIM,14,Maharashtra,Yavatmal,Sanjay Uttamrao Deshmukh,6a932b5bcd944524379edf47,Lok Sabha
Boisar (St),131,PALGHAR,22,Maharashtra,Thane,DR. HEMANT VISHNU SAVARA,6a932b5bcd944524379ede41,Lok Sabha
Jalna,101,JALNA,18,Maharashtra,Jalna,KALYAN VAIJINATHRAO KALE,6a932b5bcd944524379ede93,Lok Sabha
Aurangabadwest(Sc),108,AURANGABAD,19,Maharashtra,Aurangabad,BHUMARE SANDIPANRAO ASARAM,6a932b5bcd944524379ede04,Lok Sabha
Hingoli,94,HINGOLI,15,Maharashtra,Hingoli,AASHTIKAR PATIL NAGESH BAPURAO,6a932b5bcd944524379eddae,Lok Sabha
Aurangabad Central,107,AURANGABAD,19,Maharashtra,Aurangabad,BHUMARE SANDIPANRAO ASARAM,6a932b5bcd944524379ede04,Lok Sabha
Chandrapur (Sc),71,CHANDRAPUR,13,Maharashtra,Chandrapur,DHANORKAR PRATIBHA SURESH ALIAS BALUBHAU,6a932b5bcd944524379ede2d,Lok Sabha
Shahapur (St),135,BHIWANDI,23,Maharashtra,Thane,BALYA MAMA SURESH GOPINATH MHATRE,6a932b5bcd944524379eddf5,Lok Sabha
Aurangabad East,109,AURANGABAD,19,Maharashtra,Aurangabad,BHUMARE SANDIPANRAO ASARAM,6a932b5bcd944524379ede04,Lok Sabha
Aheri (St),69,GADCHIROLI-CHIMUR,12,Maharashtra,Gadchiroli,DR. KIRSAN NAMDEO,6a932b5bcd944524379ede42,Lok Sabha
Partur,99,PARBHANI,17,Maharashtra,Jalna,Sanjay Haribhau Jadhav,6a932b5bcd944524379edf43,Lok Sabha
Umarkhed (Sc),82,HINGOLI,15,Maharashtra,Yavatmal,AASHTIKAR PATIL NAGESH BAPURAO,6a932b5bcd944524379eddae,Lok Sabha
Shirdi,218,SHIRDI,38,Maharashtra,Ahmadnagar,BHAUSAHEB RAJARAM WAKCHAURE,6a932b5bcd944524379ede01,Lok Sabha
Bhiwandi Rural(St),134,BHIWANDI,23,Maharashtra,Thane,BALYA MAMA SURESH GOPINATH MHATRE,6a932b5bcd944524379eddf5,Lok Sabha
Kalamnuri,93,HINGOLI,15,Maharashtra,Hingoli,AASHTIKAR PATIL NAGESH BAPURAO,6a932b5bcd944524379eddae,Lok Sabha
Paithan,110,JALNA,18,Maharashtra,Aurangabad,KALYAN VAIJINATHRAO KALE,6a932b5bcd944524379ede93,Lok Sabha
Kinwat,83,HINGOLI,15,Maharashtra,Nanded,AASHTIKAR PATIL NAGESH BAPURAO,6a932b5bcd944524379eddae,Lok Sabha
Akole (St),216,SHIRDI,38,Maharashtra,Ahmadnagar,BHAUSAHEB RAJARAM WAKCHAURE,6a932b5bcd944524379ede01,Lok Sabha
Jintur,95,PARBHANI,17,Maharashtra,Parbhani,Sanjay Haribhau Jadhav,6a932b5bcd944524379edf43,Lok Sabha
Shrirampur(Sc),220,SHIRDI,38,Maharashtra,Ahmadnagar,BHAUSAHEB RAJARAM WAKCHAURE,6a932b5bcd944524379ede01,Lok Sabha
Rajura,70,CHANDRAPUR,13,Maharashtra,Chandrapur,DHANORKAR PRATIBHA SURESH ALIAS BALUBHAU,6a932b5bcd944524379ede2d,Lok Sabha
Ghansawangi,100,PARBHANI,17,Maharashtra,Jalna,Sanjay Haribhau Jadhav,6a932b5bcd944524379edf43,Lok Sabha
Sangamner,217,SHIRDI,38,Maharashtra,Ahmadnagar,BHAUSAHEB RAJARAM WAKCHAURE,6a932b5bcd944524379ede01,Lok Sabha
Nevasa,221,SHIRDI,38,Maharashtra,Ahmadnagar,BHAUSAHEB RAJARAM WAKCHAURE,6a932b5bcd944524379ede01,Lok Sabha
Nalasopara,132,PALGHAR,22,Maharashtra,Thane,DR. HEMANT VISHNU SAVARA,6a932b5bcd944524379ede41,Lok Sabha
Basmath,92,HINGOLI,15,Maharashtra,Hingoli,AASHTIKAR PATIL NAGESH BAPURAO,6a932b5bcd944524379eddae,Lok Sabha
Vasai,133,PALGHAR,22,Maharashtra,Thane,DR. HEMANT VISHNU SAVARA,6a932b5bcd944524379ede41,Lok Sabha
Hadgaon,84,HINGOLI,15,Maharashtra,Nanded,AASHTIKAR PATIL NAGESH BAPURAO,6a932b5bcd944524379eddae,Lok Sabha
Rahuri,223,AHMEDNAGAR,37,Maharashtra,Ahmadnagar,NILESH DNYANDEV LANKE,6a932b5bcd944524379edee4,Lok Sabha
Shevgaon,222,AHMEDNAGAR,37,Maharashtra,Ahmadnagar,NILESH DNYANDEV LANKE,6a932b5bcd944524379edee4,Lok Sabha
Murbad,139,BHIWANDI,23,Maharashtra,Thane,BALYA MAMA SURESH GOPINATH MHATRE,6a932b5bcd944524379eddf5,Lok Sabha
Bhiwandi West,136,BHIWANDI,23,Maharashtra,Thane,BALYA MAMA SURESH GOPINATH MHATRE,6a932b5bcd944524379eddf5,Lok Sabha
Bhiwandi East,137,BHIWANDI,23,Maharashtra,Thane,BALYA MAMA SURESH GOPINATH MHATRE,6a932b5bcd944524379eddf5,Lok Sabha
Junnar,195,SHIRUR,36,Maharashtra,Pune,Amol Ramsing Kolhe,6a932b5bcd944524379eddc7,Lok Sabha
Mira Bhayandar,145,THANE,25,Maharashtra,Thane,NARESH GANPAT MHASKE,6a932b5bcd944524379edee1,Lok Sabha
Ovala ?Majiwada,146,THANE,25,Maharashtra,Thane,NARESH GANPAT MHASKE,6a932b5bcd944524379edee1,Lok Sabha
Georai,228,BEED,39,Maharashtra,Bid,BAJRANG MANOHAR SONWANE,6a932b5bcd944524379eddf0,Lok Sabha
Kalyan West,138,BHIWANDI,23,Maharashtra,Thane,BALYA MAMA SURESH GOPINATH MHATRE,6a932b5bcd944524379eddf5,Lok Sabha
Thane,148,THANE,25,Maharashtra,Thane,NARESH GANPAT MHASKE,6a932b5bcd944524379edee1,Lok Sabha
Parner,224,AHMEDNAGAR,37,Maharashtra,Ahmadnagar,NILESH DNYANDEV LANKE,6a932b5bcd944524379edee4,Lok Sabha
Parbhani,96,PARBHANI,17,Maharashtra,Parbhani,Sanjay Haribhau Jadhav,6a932b5bcd944524379edf43,Lok Sabha
Dahisar,153,MUMBAI NORTH,26,Maharashtra,Mumbai (Suburban),Piyush Vedprakash Goyal,6a932b5bcd944524379edef4,Lok Sabha
Borivali,152,MUMBAI NORTH,26,Maharashtra,Mumbai (Suburban),Piyush Vedprakash Goyal,6a932b5bcd944524379edef4,Lok Sabha
Pathri,98,PARBHANI,17,Maharashtra,Parbhani,Sanjay Haribhau Jadhav,6a932b5bcd944524379edf43,Lok Sabha
Magathane,154,MUMBAI NORTH,26,Maharashtra,Mumbai (Suburban),Piyush Vedprakash Goyal,6a932b5bcd944524379edef4,Lok Sabha
Kalyan East,142,KALYAN,24,Maharashtra,Thane,Shrikant Eknath Shinde,6a932b5bcd944524379edf81,Lok Sabha
Ulhasnagar,141,KALYAN,24,Maharashtra,Thane,Shrikant Eknath Shinde,6a932b5bcd944524379edf81,Lok Sabha
Mumbra-Kalwa,149,KALYAN,24,Maharashtra,Thane,Shrikant Eknath Shinde,6a932b5bcd944524379edf81,Lok Sabha
Kopri-Pachpakhadi,147,THANE,25,Maharashtra,Thane,NARESH GANPAT MHASKE,6a932b5bcd944524379edee1,Lok Sabha
Kalyan Rural,144,KALYAN,24,Maharashtra,Thane,Shrikant Eknath Shinde,6a932b5bcd944524379edf81,Lok Sabha
Dombivali,143,KALYAN,24,Maharashtra,Thane,Shrikant Eknath Shinde,6a932b5bcd944524379edf81,Lok Sabha
Ambernath (Sc),140,KALYAN,24,Maharashtra,Thane,Shrikant Eknath Shinde,6a932b5bcd944524379edf81,Lok Sabha
Charkop,161,MUMBAI NORTH,26,Maharashtra,Mumbai (Suburban),Piyush Vedprakash Goyal,6a932b5bcd944524379edef4,Lok Sabha
Kandivali East,160,MUMBAI NORTH,26,Maharashtra,Mumbai (Suburban),Piyush Vedprakash Goyal,6a932b5bcd944524379edef4,Lok Sabha
Mulund,155,MUMBAI NORTH,28,Maharashtra,Mumbai (Suburban),Piyush Vedprakash Goyal,6a932b5bcd944524379edef4,Lok Sabha
Malad West,162,MUMBAI NORTH,26,Maharashtra,Mumbai (Suburban),Piyush Vedprakash Goyal,6a932b5bcd944524379edef4,Lok Sabha
Dindoshi,159,MUMBAI NORTH WEST,27,Maharashtra,Mumbai (Suburban),RAVINDRA DATTARAM WAIKAR,6a932b5bcd944524379edf31,Lok Sabha
Airoli,150,THANE,25,Maharashtra,Thane,NARESH GANPAT MHASKE,6a932b5bcd944524379edee1,Lok Sabha
Goregaon,163,MUMBAI NORTH WEST,27,Maharashtra,Mumbai (Suburban),RAVINDRA DATTARAM WAIKAR,6a932b5bcd944524379edf31,Lok Sabha
Ambegaon,196,SHIRUR,36,Maharashtra,Pune,Amol Ramsing Kolhe,6a932b5bcd944524379eddc7,Lok Sabha
Jogeshwari East,158,MUMBAI NORTH WEST,27,Maharashtra,Mumbai (Suburban),RAVINDRA DATTARAM WAIKAR,6a932b5bcd944524379edf31,Lok Sabha
Versova,164,MUMBAI NORTH WEST,27,Maharashtra,Mumbai (Suburban),RAVINDRA DATTARAM WAIKAR,6a932b5bcd944524379edf31,Lok Sabha
Bhandup West,157,MUMBAI NORTH,28,Maharashtra,Mumbai (Suburban),Piyush Vedprakash Goyal,6a932b5bcd944524379edef4,Lok Sabha
Bhokar,85,NANDED,16,Maharashtra,Nanded,CHAVAN VASANTRAO BALWANTRAO,6a932b5bcd944524379ede19,Lok Sabha
Andheri East,166,MUMBAI NORTH WEST,27,Maharashtra,Mumbai (Suburban),RAVINDRA DATTARAM WAIKAR,6a932b5bcd944524379edf31,Lok Sabha
Majalgaon,229,BEED,39,Maharashtra,Bid,BAJRANG MANOHAR SONWANE,6a932b5bcd944524379eddf0,Lok Sabha
Andheri West,165,MUMBAI NORTH WEST,27,Maharashtra,Mumbai (Suburban),RAVINDRA DATTARAM WAIKAR,6a932b5bcd944524379edf31,Lok Sabha
Chandivali,168,MUMBAI NORTH,29,Maharashtra,Mumbai (Suburban),Piyush Vedprakash Goyal,6a932b5bcd944524379edef4,Lok Sabha
Vikhroli,156,MUMBAI NORTH,28,Maharashtra,Mumbai (Suburban),Piyush Vedprakash Goyal,6a932b5bcd944524379edef4,Lok Sabha
Vile Parle,167,MUMBAI NORTH,29,Maharashtra,Mumbai (Suburban),Piyush Vedprakash Goyal,6a932b5bcd944524379edef4,Lok Sabha
Panvel,188,MAVAL,33,Maharashtra,Raigarh,Shrirang Appa Barne,6a932b5bcd944524379edf84,Lok Sabha
Belapur,151,THANE,25,Maharashtra,Thane,NARESH GANPAT MHASKE,6a932b5bcd944524379edee1,Lok Sabha
Ghatkopar East,170,MUMBAI NORTH,28,Maharashtra,Mumbai (Suburban),Piyush Vedprakash Goyal,6a932b5bcd944524379edef4,Lok Sabha
Karjat,189,MAVAL,33,Maharashtra,Raigarh,Shrirang Appa Barne,6a932b5bcd944524379edf84,Lok Sabha
Ghatkopar West,169,MUMBAI NORTH,28,Maharashtra,Mumbai (Suburban),Piyush Vedprakash Goyal,6a932b5bcd944524379edef4,Lok Sabha
Gangakhed,97,PARBHANI,17,Maharashtra,Parbhani,Sanjay Haribhau Jadhav,6a932b5bcd944524379edf43,Lok Sabha
Vandre West,177,MUMBAI NORTH,29,Maharashtra,Mumbai (Suburban),Piyush Vedprakash Goyal,6a932b5bcd944524379edef4,Lok Sabha
Kalina,175,MUMBAI NORTH,29,Maharashtra,Mumbai (Suburban),Piyush Vedprakash Goyal,6a932b5bcd944524379edef4,Lok Sabha
Ashti,231,BEED,39,Maharashtra,Bid,BAJRANG MANOHAR SONWANE,6a932b5bcd944524379eddf0,Lok Sabha
Shrigonda,226,AHMEDNAGAR,37,Maharashtra,Ahmadnagar,NILESH DNYANDEV LANKE,6a932b5bcd944524379edee4,Lok Sabha
Vandre East,176,MUMBAI NORTH,29,Maharashtra,Mumbai (Suburban),Piyush Vedprakash Goyal,6a932b5bcd944524379edef4,Lok Sabha
Nanded North,86,NANDED,16,Maharashtra,Nanded,CHAVAN VASANTRAO BALWANTRAO,6a932b5bcd944524379ede19,Lok Sabha
Kurla (Sc),174,MUMBAI NORTH,29,Maharashtra,Mumbai (Suburban),Piyush Vedprakash Goyal,6a932b5bcd944524379edef4,Lok Sabha
Mankhurd Shivaji Nagar,171,MUMBAI NORTH,28,Maharashtra,Mumbai (Suburban),Piyush Vedprakash Goyal,6a932b5bcd944524379edef4,Lok Sabha
Chembur,173,MUMBAI SOUTH,30,Maharashtra,Mumbai (Suburban),Arvind Ganpat Sawant,6a932b5bcd944524379edde1,Lok Sabha
Sion Koliwada,179,MUMBAI SOUTH,30,Maharashtra,Mumbai,Arvind Ganpat Sawant,6a932b5bcd944524379edde1,Lok Sabha
Dharavi (Sc),178,MUMBAI SOUTH,30,Maharashtra,Mumbai,Arvind Ganpat Sawant,6a932b5bcd944524379edde1,Lok Sabha
Anushakti Nagar,172,MUMBAI SOUTH,30,Maharashtra,Mumbai (Suburban),Arvind Ganpat Sawant,6a932b5bcd944524379edde1,Lok Sabha
Ahmednagar,225,AHMEDNAGAR,37,Maharashtra,Ahmadnagar,NILESH DNYANDEV LANKE,6a932b5bcd944524379edee4,Lok Sabha
Mahim,181,MUMBAI SOUTH,30,Maharashtra,Mumbai,Arvind Ganpat Sawant,6a932b5bcd944524379edde1,Lok Sabha
Khed Alandi,197,SHIRUR,36,Maharashtra,Pune,Amol Ramsing Kolhe,6a932b5bcd944524379eddc7,Lok Sabha
Wadala,180,MUMBAI SOUTH,30,Maharashtra,Mumbai,Arvind Ganpat Sawant,6a932b5bcd944524379edde1,Lok Sabha
Worli,182,MUMBAI SOUTH,31,Maharashtra,Mumbai,Arvind Ganpat Sawant,6a932b5bcd944524379edde1,Lok Sabha
Shivadi,183,MUMBAI SOUTH,31,Maharashtra,Mumbai,Arvind Ganpat Sawant,6a932b5bcd944524379edde1,Lok Sabha
Beed,230,BEED,39,Maharashtra,Bid,BAJRANG MANOHAR SONWANE,6a932b5bcd944524379eddf0,Lok Sabha
Uran,190,MAVAL,33,Maharashtra,Raigarh,Shrirang Appa Barne,6a932b5bcd944524379edf84,Lok Sabha
Byculla,184,MUMBAI SOUTH,31,Maharashtra,Mumbai,Arvind Ganpat Sawant,6a932b5bcd944524379edde1,Lok Sabha
Nanded South,87,NANDED,16,Maharashtra,Nanded,CHAVAN VASANTRAO BALWANTRAO,6a932b5bcd944524379ede19,Lok Sabha
Malabar Hill,185,MUMBAI SOUTH,31,Maharashtra,Mumbai,Arvind Ganpat Sawant,6a932b5bcd944524379edde1,Lok Sabha
Mumbadevi,186,MUMBAI SOUTH,31,Maharashtra,Mumbai,Arvind Ganpat Sawant,6a932b5bcd944524379edde1,Lok Sabha
Colaba,187,MUMBAI SOUTH,31,Maharashtra,Mumbai,Arvind Ganpat Sawant,6a932b5bcd944524379edde1,Lok Sabha
Parli,233,BEED,39,Maharashtra,Bid,BAJRANG MANOHAR SONWANE,6a932b5bcd944524379eddf0,Lok Sabha
Maval,204,MAVAL,33,Maharashtra,Pune,Shrirang Appa Barne,6a932b5bcd944524379edf84,Lok Sabha
Naigaon,89,NANDED,16,Maharashtra,Nanded,CHAVAN VASANTRAO BALWANTRAO,6a932b5bcd944524379ede19,Lok Sabha
Loha,88,LATUR,41,Maharashtra,Nanded,DR KALGE SHIVAJI BANDAPPA,6a932b5bcd944524379ede3a,Lok Sabha
Pen,191,RAIGAD,32,Maharashtra,Raigarh,Sunil Dattatray Tatkare,6a932b5bcd944524379edfa1,Lok Sabha
Alibag,192,RAIGAD,32,Maharashtra,Raigarh,Sunil Dattatray Tatkare,6a932b5bcd944524379edfa1,Lok Sabha
Shirur,198,SHIRUR,36,Maharashtra,Pune,Amol Ramsing Kolhe,6a932b5bcd944524379eddc7,Lok Sabha
Kaij (Sc),232,BEED,39,Maharashtra,Bid,BAJRANG MANOHAR SONWANE,6a932b5bcd944524379eddf0,Lok Sabha
Karjat Jamkhed,227,AHMEDNAGAR,37,Maharashtra,Ahmadnagar,NILESH DNYANDEV LANKE,6a932b5bcd944524379edee4,Lok Sabha
Pimpri (Sc),206,MAVAL,33,Maharashtra,Pune,Shrirang Appa Barne,6a932b5bcd944524379edf84,Lok Sabha
Deglur (Sc),90,NANDED,16,Maharashtra,Nanded,CHAVAN VASANTRAO BALWANTRAO,6a932b5bcd944524379ede19,Lok Sabha
Mukhed,91,NANDED,16,Maharashtra,Nanded,CHAVAN VASANTRAO BALWANTRAO,6a932b5bcd944524379ede19,Lok Sabha
Bhor,203,BARAMATI,35,Maharashtra,Pune,Smt Supriya Sadanand Sule,6a932b5bcd944524379edf96,Lok Sabha
Ahmadpur,236,LATUR,41,Maharashtra,Latur,DR KALGE SHIVAJI BANDAPPA,6a932b5bcd944524379ede3a,Lok Sabha
Bhosari,207,SHIRUR,36,Maharashtra,Pune,Amol Ramsing Kolhe,6a932b5bcd944524379eddc7,Lok Sabha
Vadgaon Sheri,208,PUNE,34,Maharashtra,Pune,MURLIDHAR MOHOL,6a932b5bcd944524379ededb,Lok Sabha
Daund,199,BARAMATI,35,Maharashtra,Pune,Smt Supriya Sadanand Sule,6a932b5bcd944524379edf96,Lok Sabha
Chinchwad,205,MAVAL,33,Maharashtra,Pune,Shrirang Appa Barne,6a932b5bcd944524379edf84,Lok Sabha
Paranda,243,OSMANABAD,40,Maharashtra,Osmanabad,Omprakash Bhupalsinh Alias Pawan Rajenimbalkar,6a932b5bcd944524379edeea,Lok Sabha
Kothrud,210,PUNE,34,Maharashtra,Pune,MURLIDHAR MOHOL,6a932b5bcd944524379ededb,Lok Sabha
Shivajinagar,209,PUNE,34,Maharashtra,Pune,MURLIDHAR MOHOL,6a932b5bcd944524379ededb,Lok Sabha
Udgir (Sc),237,LATUR,41,Maharashtra,Latur,DR KALGE SHIVAJI BANDAPPA,6a932b5bcd944524379ede3a,Lok Sabha
Osmanabad,242,OSMANABAD,40,Maharashtra,Osmanabad,Omprakash Bhupalsinh Alias Pawan Rajenimbalkar,6a932b5bcd944524379edeea,Lok Sabha
Kasba Peth,215,PUNE,34,Maharashtra,Pune,MURLIDHAR MOHOL,6a932b5bcd944524379ededb,Lok Sabha
Pune Cantonment (Sc),214,PUNE,34,Maharashtra,Pune,MURLIDHAR MOHOL,6a932b5bcd944524379ededb,Lok Sabha
Mahad,194,RAIGAD,32,Maharashtra,Raigarh,Sunil Dattatray Tatkare,6a932b5bcd944524379edfa1,Lok Sabha
Parvati,212,PUNE,34,Maharashtra,Pune,MURLIDHAR MOHOL,6a932b5bcd944524379ededb,Lok Sabha
Khadakwasala,211,BARAMATI,35,Maharashtra,Pune,Smt Supriya Sadanand Sule,6a932b5bcd944524379edf96,Lok Sabha
Hadapsar,213,SHIRUR,36,Maharashtra,Pune,Amol Ramsing Kolhe,6a932b5bcd944524379eddc7,Lok Sabha
Shrivardhan,193,RAIGAD,32,Maharashtra,Raigarh,Sunil Dattatray Tatkare,6a932b5bcd944524379edfa1,Lok Sabha
Purandar,202,BARAMATI,35,Maharashtra,Pune,Smt Supriya Sadanand Sule,6a932b5bcd944524379edf96,Lok Sabha
Karmala,244,MADHA,43,Maharashtra,Solapur,MOHITE PATIL DHAIRYASHEEL RAJSINH,6a932b5bcd944524379eded3,Lok Sabha
Latur Rural,234,LATUR,41,Maharashtra,Latur,DR KALGE SHIVAJI BANDAPPA,6a932b5bcd944524379ede3a,Lok Sabha
Latur City,235,LATUR,41,Maharashtra,Latur,DR KALGE SHIVAJI BANDAPPA,6a932b5bcd944524379ede3a,Lok Sabha
Baramati,201,BARAMATI,35,Maharashtra,Pune,Smt Supriya Sadanand Sule,6a932b5bcd944524379edf96,Lok Sabha
Barshi,246,OSMANABAD,40,Maharashtra,Solapur,Omprakash Bhupalsinh Alias Pawan Rajenimbalkar,6a932b5bcd944524379edeea,Lok Sabha
Nilanga,238,LATUR,41,Maharashtra,Latur,DR KALGE SHIVAJI BANDAPPA,6a932b5bcd944524379ede3a,Lok Sabha
Indapur,200,BARAMATI,35,Maharashtra,Pune,Smt Supriya Sadanand Sule,6a932b5bcd944524379edf96,Lok Sabha
Tuljapur,241,OSMANABAD,40,Maharashtra,Osmanabad,Omprakash Bhupalsinh Alias Pawan Rajenimbalkar,6a932b5bcd944524379edeea,Lok Sabha
Ausa,239,OSMANABAD,40,Maharashtra,Latur,Omprakash Bhupalsinh Alias Pawan Rajenimbalkar,6a932b5bcd944524379edeea,Lok Sabha
Wai,256,SATARA,45,Maharashtra,Satara,SHRIMANT CHH UDAYANRAJE PRATAPSINHAMAHARAJ BHONSLE,6a932b5bcd944524379edf82,Lok Sabha
Dapoli,263,RAIGAD,32,Maharashtra,Ratnagiri,Sunil Dattatray Tatkare,6a932b5bcd944524379edfa1,Lok Sabha
Phaltan (Sc),255,MADHA,43,Maharashtra,Satara,MOHITE PATIL DHAIRYASHEEL RAJSINH,6a932b5bcd944524379eded3,Lok Sabha
Madha,245,MADHA,43,Maharashtra,Solapur,MOHITE PATIL DHAIRYASHEEL RAJSINH,6a932b5bcd944524379eded3,Lok Sabha
Malshiras (Sc),254,MADHA,43,Maharashtra,Solapur,MOHITE PATIL DHAIRYASHEEL RAJSINH,6a932b5bcd944524379eded3,Lok Sabha
Umarga (Sc),240,OSMANABAD,40,Maharashtra,Osmanabad,Omprakash Bhupalsinh Alias Pawan Rajenimbalkar,6a932b5bcd944524379edeea,Lok Sabha
Satara,262,SATARA,45,Maharashtra,Satara,SHRIMANT CHH UDAYANRAJE PRATAPSINHAMAHARAJ BHONSLE,6a932b5bcd944524379edf82,Lok Sabha
Mohol (Sc),247,SOLAPUR,42,Maharashtra,Solapur,PRANITI SUSHILKUMAR SHINDE,6a932b5bcd944524379edefc,Lok Sabha
Koregaon,257,SATARA,45,Maharashtra,Satara,SHRIMANT CHH UDAYANRAJE PRATAPSINHAMAHARAJ BHONSLE,6a932b5bcd944524379edf82,Lok Sabha
Man,258,MADHA,43,Maharashtra,Satara,MOHITE PATIL DHAIRYASHEEL RAJSINH,6a932b5bcd944524379eded3,Lok Sabha
Guhagar,264,RAIGAD,32,Maharashtra,Ratnagiri,Sunil Dattatray Tatkare,6a932b5bcd944524379edfa1,Lok Sabha
Akkalkot,250,SOLAPUR,42,Maharashtra,Solapur,PRANITI SUSHILKUMAR SHINDE,6a932b5bcd944524379edefc,Lok Sabha
Pandharpur,252,SOLAPUR,42,Maharashtra,Solapur,PRANITI SUSHILKUMAR SHINDE,6a932b5bcd944524379edefc,Lok Sabha
Sangole,253,MADHA,43,Maharashtra,Solapur,MOHITE PATIL DHAIRYASHEEL RAJSINH,6a932b5bcd944524379eded3,Lok Sabha
Solapur City North,248,SOLAPUR,42,Maharashtra,Solapur,PRANITI SUSHILKUMAR SHINDE,6a932b5bcd944524379edefc,Lok Sabha
Solapur South,251,SOLAPUR,42,Maharashtra,Solapur,PRANITI SUSHILKUMAR SHINDE,6a932b5bcd944524379edefc,Lok Sabha
Karad North,259,SATARA,45,Maharashtra,Satara,SHRIMANT CHH UDAYANRAJE PRATAPSINHAMAHARAJ BHONSLE,6a932b5bcd944524379edf82,Lok Sabha
Chiplun,265,RATNAGIRI ?SINDHUDUR,46,Maharashtra,Ratnagiri,Shri Chandrakant Damodar Handore (2024-30),6a932b5ecd944524379ee22b,Rajya Sabha
Patan,261,SATARA,45,Maharashtra,Satara,SHRIMANT CHH UDAYANRAJE PRATAPSINHAMAHARAJ BHONSLE,6a932b5bcd944524379edf82,Lok Sabha
Khanapur,286,SANGLI,44,Maharashtra,Sangli,VISHAL,6a932b5bcd944524379edfc4,Lok Sabha
Solapur City Central,249,SOLAPUR,42,Maharashtra,Solapur,PRANITI SUSHILKUMAR SHINDE,6a932b5bcd944524379edefc,Lok Sabha
Palus-Kadegaon,285,SANGLI,44,Maharashtra,Sangli,VISHAL,6a932b5bcd944524379edfc4,Lok Sabha
Ratnagiri,266,RATNAGIRI ?SINDHUDUR,46,Maharashtra,Ratnagiri,Shri Chandrakant Damodar Handore (2024-30),6a932b5ecd944524379ee22b,Rajya Sabha
Karad South,260,SATARA,45,Maharashtra,Satara,SHRIMANT CHH UDAYANRAJE PRATAPSINHAMAHARAJ BHONSLE,6a932b5bcd944524379edf82,Lok Sabha
Shirala,284,HATKANANGLE,48,Maharashtra,Sangli,Dhairyasheel Sambhajirao Mane,6a932b5bcd944524379ede2c,Lok Sabha
Jat,288,SANGLI,44,Maharashtra,Sangli,VISHAL,6a932b5bcd944524379edfc4,Lok Sabha
Shahuwadi,277,HATKANANGLE,48,Maharashtra,Kolhapur,Dhairyasheel Sambhajirao Mane,6a932b5bcd944524379ede2c,Lok Sabha
Islampur,283,HATKANANGLE,48,Maharashtra,Sangli,Dhairyasheel Sambhajirao Mane,6a932b5bcd944524379ede2c,Lok Sabha
Tasgaon-Kavathe Mahankal,287,SANGLI,44,Maharashtra,Sangli,VISHAL,6a932b5bcd944524379edfc4,Lok Sabha
Rajapur,267,RATNAGIRI ?SINDHUDUR,46,Maharashtra,Ratnagiri,Shri Chandrakant Damodar Handore (2024-30),6a932b5ecd944524379ee22b,Rajya Sabha
Miraj (Sc),281,SANGLI,44,Maharashtra,Sangli,VISHAL,6a932b5bcd944524379edfc4,Lok Sabha
Sangli,282,SANGLI,44,Maharashtra,Sangli,VISHAL,6a932b5bcd944524379edfc4,Lok Sabha
Hatkanangle(Sc),278,HATKANANGLE,48,Maharashtra,Kolhapur,Dhairyasheel Sambhajirao Mane,6a932b5bcd944524379ede2c,Lok Sabha
Shirol,280,HATKANANGLE,48,Maharashtra,Kolhapur,Dhairyasheel Sambhajirao Mane,6a932b5bcd944524379ede2c,Lok Sabha
Karvir,275,KOLHAPUR,47,Maharashtra,Kolhapur,CHHATRAPATI SHAHU SHAHAJI,6a932b5bcd944524379ede1b,Lok Sabha
Kolhapur North,276,KOLHAPUR,47,Maharashtra,Kolhapur,CHHATRAPATI SHAHU SHAHAJI,6a932b5bcd944524379ede1b,Lok Sabha
Ichalkaranji,279,HATKANANGLE,48,Maharashtra,Kolhapur,Dhairyasheel Sambhajirao Mane,6a932b5bcd944524379ede2c,Lok Sabha
Kolhapur South,274,KOLHAPUR,47,Maharashtra,Kolhapur,CHHATRAPATI SHAHU SHAHAJI,6a932b5bcd944524379ede1b,Lok Sabha
Kankavli,268,RATNAGIRI ?SINDHUDUR,46,Maharashtra,Sindhudurg,Shri Chandrakant Damodar Handore (2024-30),6a932b5ecd944524379ee22b,Rajya Sabha
Radhanagari,272,KOLHAPUR,47,Maharashtra,Kolhapur,CHHATRAPATI SHAHU SHAHAJI,6a932b5bcd944524379ede1b,Lok Sabha
Kagal,273,KOLHAPUR,47,Maharashtra,Kolhapur,CHHATRAPATI SHAHU SHAHAJI,6a932b5bcd944524379ede1b,Lok Sabha
Kudal,269,RATNAGIRI ?SINDHUDUR,46,Maharashtra,Sindhudurg,Shri Chandrakant Damodar Handore (2024-30),6a932b5ecd944524379ee22b,Rajya Sabha
Chandgad,271,KOLHAPUR,47,Maharashtra,Kolhapur,CHHATRAPATI SHAHU SHAHAJI,6a932b5bcd944524379ede1b,Lok Sabha
Sawantwadi,270,RATNAGIRI ?SINDHUDUR,46,Maharashtra,Sindhudurg,Shri Chandrakant Damodar Handore (2024-30),6a932b5ecd944524379ee22b,Rajya Sabha
Chingai,45,OUTER MANIPUR,2,Manipur,Ukhrul,ALFRED KANNGAM S ARTHUR,6a932b5bcd944524379eddc1,Lok Sabha
Mao,48,OUTER MANIPUR,2,Manipur,Senapati,ALFRED KANNGAM S ARTHUR,6a932b5bcd944524379eddc1,Lok Sabha
Tadubi,49,OUTER MANIPUR,2,Manipur,Senapati,ALFRED KANNGAM S ARTHUR,6a932b5bcd944524379eddc1,Lok Sabha
Karong,47,OUTER MANIPUR,2,Manipur,Senapati,ALFRED KANNGAM S ARTHUR,6a932b5bcd944524379eddc1,Lok Sabha
Tamei,52,OUTER MANIPUR,2,Manipur,Tamenglong,ALFRED KANNGAM S ARTHUR,6a932b5bcd944524379eddc1,Lok Sabha
Ukhrul,44,OUTER MANIPUR,2,Manipur,Ukhrul,ALFRED KANNGAM S ARTHUR,6a932b5bcd944524379eddc1,Lok Sabha
Saikul,46,OUTER MANIPUR,2,Manipur,Senapati,ALFRED KANNGAM S ARTHUR,6a932b5bcd944524379eddc1,Lok Sabha
Kangpokpi,50,OUTER MANIPUR,2,Manipur,Senapati,ALFRED KANNGAM S ARTHUR,6a932b5bcd944524379eddc1,Lok Sabha
Phungyar,43,OUTER MANIPUR,2,Manipur,Ukhrul,ALFRED KANNGAM S ARTHUR,6a932b5bcd944524379eddc1,Lok Sabha
Tamenglong,53,OUTER MANIPUR,2,Manipur,Tamenglong,ALFRED KANNGAM S ARTHUR,6a932b5bcd944524379eddc1,Lok Sabha
Khundrakpam,1,INNER MANIPUR,1,Manipur,Imphal East,ANGOMCHA BIMOL AKOIJAM,6a932b5bcd944524379eddcf,Lok Sabha
Saitu,51,OUTER MANIPUR,2,Manipur,Senapati,ALFRED KANNGAM S ARTHUR,6a932b5bcd944524379eddc1,Lok Sabha
Sekmai,16,INNER MANIPUR,1,Manipur,Imphal West,ANGOMCHA BIMOL AKOIJAM,6a932b5bcd944524379eddcf,Lok Sabha
Heingang,2,INNER MANIPUR,1,Manipur,Imphal East,ANGOMCHA BIMOL AKOIJAM,6a932b5bcd944524379eddcf,Lok Sabha
Lamlai,8,INNER MANIPUR,1,Manipur,Imphal East,ANGOMCHA BIMOL AKOIJAM,6a932b5bcd944524379eddcf,Lok Sabha
Lamsang,17,INNER MANIPUR,1,Manipur,Imphal West,ANGOMCHA BIMOL AKOIJAM,6a932b5bcd944524379eddcf,Lok Sabha
Thangmeiband,9,INNER MANIPUR,1,Manipur,Imphal East,ANGOMCHA BIMOL AKOIJAM,6a932b5bcd944524379eddcf,Lok Sabha
Khurai,3,INNER MANIPUR,1,Manipur,Imphal East,ANGOMCHA BIMOL AKOIJAM,6a932b5bcd944524379eddcf,Lok Sabha
Wangkhei,15,INNER MANIPUR,1,Manipur,Imphal East,ANGOMCHA BIMOL AKOIJAM,6a932b5bcd944524379eddcf,Lok Sabha
Uripok,10,INNER MANIPUR,1,Manipur,Imphal East,ANGOMCHA BIMOL AKOIJAM,6a932b5bcd944524379eddcf,Lok Sabha
Patsoi,19,INNER MANIPUR,1,Manipur,Imphal West,ANGOMCHA BIMOL AKOIJAM,6a932b5bcd944524379eddcf,Lok Sabha
Konthoujam,18,INNER MANIPUR,1,Manipur,Imphal West,ANGOMCHA BIMOL AKOIJAM,6a932b5bcd944524379eddcf,Lok Sabha
Khetrigao,4,INNER MANIPUR,1,Manipur,Imphal East,ANGOMCHA BIMOL AKOIJAM,6a932b5bcd944524379eddcf,Lok Sabha
Andro,7,INNER MANIPUR,1,Manipur,Senapati,ANGOMCHA BIMOL AKOIJAM,6a932b5bcd944524379eddcf,Lok Sabha
Yaiskul,14,INNER MANIPUR,1,Manipur,Imphal East,ANGOMCHA BIMOL AKOIJAM,6a932b5bcd944524379eddcf,Lok Sabha
Keisamthong,12,INNER MANIPUR,1,Manipur,Imphal East,ANGOMCHA BIMOL AKOIJAM,6a932b5bcd944524379eddcf,Lok Sabha
Andro,7,INNER MANIPUR,1,Manipur,Imphal East,ANGOMCHA BIMOL AKOIJAM,6a932b5bcd944524379eddcf,Lok Sabha
Nungba,54,OUTER MANIPUR,2,Manipur,Tamenglong,ALFRED KANNGAM S ARTHUR,6a932b5bcd944524379eddc1,Lok Sabha
Thongju,5,INNER MANIPUR,1,Manipur,Imphal East,ANGOMCHA BIMOL AKOIJAM,6a932b5bcd944524379eddcf,Lok Sabha
Singjamei,13,INNER MANIPUR,1,Manipur,Imphal East,ANGOMCHA BIMOL AKOIJAM,6a932b5bcd944524379eddcf,Lok Sabha
Naoriya Pakhanglak*,21,INNER MANIPUR,1,Manipur,Imphal West,ANGOMCHA BIMOL AKOIJAM,6a932b5bcd944524379eddcf,Lok Sabha
Jiribam,40,OUTER MANIPUR,2,Manipur,Imphal East,ALFRED KANNGAM S ARTHUR,6a932b5bcd944524379eddc1,Lok Sabha
Langthabal,20,INNER MANIPUR,1,Manipur,Imphal East,ANGOMCHA BIMOL AKOIJAM,6a932b5bcd944524379eddcf,Lok Sabha
Keirao,6,INNER MANIPUR,1,Manipur,Imphal East,ANGOMCHA BIMOL AKOIJAM,6a932b5bcd944524379eddcf,Lok Sabha
Heirok,33,OUTER MANIPUR,2,Manipur,Thoubal,ALFRED KANNGAM S ARTHUR,6a932b5bcd944524379eddc1,Lok Sabha
Wangoi,22,INNER MANIPUR,1,Manipur,Thoubal,ANGOMCHA BIMOL AKOIJAM,6a932b5bcd944524379eddcf,Lok Sabha
Oinam,25,INNER MANIPUR,1,Manipur,Bishnupur,ANGOMCHA BIMOL AKOIJAM,6a932b5bcd944524379eddcf,Lok Sabha
Wangkhem,32,INNER MANIPUR,1,Manipur,Senapati,ANGOMCHA BIMOL AKOIJAM,6a932b5bcd944524379eddcf,Lok Sabha
Nambol,24,INNER MANIPUR,1,Manipur,Bishnupur,ANGOMCHA BIMOL AKOIJAM,6a932b5bcd944524379eddcf,Lok Sabha
Lilong,30,INNER MANIPUR,1,Manipur,Thoubal,ANGOMCHA BIMOL AKOIJAM,6a932b5bcd944524379eddcf,Lok Sabha
Nambol,24,INNER MANIPUR,1,Manipur,Imphal West,ANGOMCHA BIMOL AKOIJAM,6a932b5bcd944524379eddcf,Lok Sabha
Wangkhem,32,INNER MANIPUR,1,Manipur,Thoubal,ANGOMCHA BIMOL AKOIJAM,6a932b5bcd944524379eddcf,Lok Sabha
Nambol,24,INNER MANIPUR,1,Manipur,Thoubal,ANGOMCHA BIMOL AKOIJAM,6a932b5bcd944524379eddcf,Lok Sabha
Andro,7,INNER MANIPUR,1,Manipur,Thoubal,ANGOMCHA BIMOL AKOIJAM,6a932b5bcd944524379eddcf,Lok Sabha
Keirao,6,INNER MANIPUR,1,Manipur,Thoubal,ANGOMCHA BIMOL AKOIJAM,6a932b5bcd944524379eddcf,Lok Sabha
Thoubal,31,INNER MANIPUR,1,Manipur,Thoubal,ANGOMCHA BIMOL AKOIJAM,6a932b5bcd944524379eddcf,Lok Sabha
Khangabo,35,OUTER MANIPUR,2,Manipur,Thoubal,ALFRED KANNGAM S ARTHUR,6a932b5bcd944524379eddc1,Lok Sabha
Mayang Imphal,23,INNER MANIPUR,1,Manipur,Imphal West,ANGOMCHA BIMOL AKOIJAM,6a932b5bcd944524379eddcf,Lok Sabha
Wangoi,22,INNER MANIPUR,1,Manipur,Imphal West,ANGOMCHA BIMOL AKOIJAM,6a932b5bcd944524379eddcf,Lok Sabha
Tengnoupal,42,OUTER MANIPUR,2,Manipur,Chandel,ALFRED KANNGAM S ARTHUR,6a932b5bcd944524379eddc1,Lok Sabha
Wabgai,36,OUTER MANIPUR,2,Manipur,Thoubal,ALFRED KANNGAM S ARTHUR,6a932b5bcd944524379eddc1,Lok Sabha
Wangjing Tentha,34,OUTER MANIPUR,2,Manipur,Thoubal,ALFRED KANNGAM S ARTHUR,6a932b5bcd944524379eddc1,Lok Sabha
Bishenpur,26,INNER MANIPUR,1,Manipur,Bishnupur,ANGOMCHA BIMOL AKOIJAM,6a932b5bcd944524379eddcf,Lok Sabha
Thanga,28,INNER MANIPUR,1,Manipur,Bishnupur,ANGOMCHA BIMOL AKOIJAM,6a932b5bcd944524379eddcf,Lok Sabha
Henglep,57,OUTER MANIPUR,2,Manipur,Churachandpur,ALFRED KANNGAM S ARTHUR,6a932b5bcd944524379eddc1,Lok Sabha
Kakching,37,OUTER MANIPUR,2,Manipur,Thoubal,ALFRED KANNGAM S ARTHUR,6a932b5bcd944524379eddc1,Lok Sabha
Hiyanglam,38,OUTER MANIPUR,2,Manipur,Thoubal,ALFRED KANNGAM S ARTHUR,6a932b5bcd944524379eddc1,Lok Sabha
Thanlon,56,OUTER MANIPUR,2,Manipur,Churachandpur,ALFRED KANNGAM S ARTHUR,6a932b5bcd944524379eddc1,Lok Sabha
Tipaimukh,55,OUTER MANIPUR,2,Manipur,Churachandpur,ALFRED KANNGAM S ARTHUR,6a932b5bcd944524379eddc1,Lok Sabha
Moirang,27,INNER MANIPUR,1,Manipur,Bishnupur,ANGOMCHA BIMOL AKOIJAM,6a932b5bcd944524379eddcf,Lok Sabha
Kumbi,29,INNER MANIPUR,1,Manipur,Bishnupur,ANGOMCHA BIMOL AKOIJAM,6a932b5bcd944524379eddcf,Lok Sabha
Chandel,41,OUTER MANIPUR,2,Manipur,Chandel,ALFRED KANNGAM S ARTHUR,6a932b5bcd944524379eddc1,Lok Sabha
Sugnoo,39,OUTER MANIPUR,2,Manipur,Thoubal,ALFRED KANNGAM S ARTHUR,6a932b5bcd944524379eddc1,Lok Sabha
Saikot,59,OUTER MANIPUR,2,Manipur,Churachandpur,ALFRED KANNGAM S ARTHUR,6a932b5bcd944524379eddc1,Lok Sabha
Churachandpur,58,OUTER MANIPUR,2,Manipur,Churachandpur,ALFRED KANNGAM S ARTHUR,6a932b5bcd944524379eddc1,Lok Sabha
Singhat,60,OUTER MANIPUR,2,Manipur,Churachandpur,ALFRED KANNGAM S ARTHUR,6a932b5bcd944524379eddc1,Lok Sabha
Heingang,2,INNER MANIPUR,1,Manipur,Imphal West,ANGOMCHA BIMOL AKOIJAM,6a932b5bcd944524379eddcf,Lok Sabha
Sagolband,11,INNER MANIPUR,1,Manipur,Imphal East,ANGOMCHA BIMOL AKOIJAM,6a932b5bcd944524379eddcf,Lok Sabha
Jirang (St),10,SHILLONG,1,Meghalaya,Ri Bhoi,ANDREW J. SYNGKON,6a932b5bcd944524379eddce,Lok Sabha
Mawhati (St),8,SHILLONG,1,Meghalaya,Ri Bhoi,ANDREW J. SYNGKON,6a932b5bcd944524379eddce,Lok Sabha
Nongpoh (St),9,SHILLONG,1,Meghalaya,Ri Bhoi,ANDREW J. SYNGKON,6a932b5bcd944524379eddce,Lok Sabha
Bajengdoba (St),40,TURA,2,Meghalaya,East Garo Hills,SALENG A SANGMA,6a932b5bcd944524379edf3f,Lok Sabha
Umsning (St),11,SHILLONG,1,Meghalaya,Ri Bhoi,ANDREW J. SYNGKON,6a932b5bcd944524379eddce,Lok Sabha
Kharkutta (St),37,TURA,2,Meghalaya,East Garo Hills,SALENG A SANGMA,6a932b5bcd944524379edf3f,Lok Sabha
Mendipathar (St),38,TURA,2,Meghalaya,East Garo Hills,SALENG A SANGMA,6a932b5bcd944524379edf3f,Lok Sabha
Resubelpara (St),39,TURA,2,Meghalaya,East Garo Hills,SALENG A SANGMA,6a932b5bcd944524379edf3f,Lok Sabha
Raksamgre (St),44,TURA,2,Meghalaya,West Garo Hills,SALENG A SANGMA,6a932b5bcd944524379edf3f,Lok Sabha
Tikrikila (St),45,TURA,2,Meghalaya,West Garo Hills,SALENG A SANGMA,6a932b5bcd944524379edf3f,Lok Sabha
Mairang (St),30,SHILLONG,1,Meghalaya,West Khasi Hills,ANDREW J. SYNGKON,6a932b5bcd944524379eddce,Lok Sabha
Rambrai Jyrngam (St,33,SHILLONG,1,Meghalaya,West Khasi Hills,ANDREW J. SYNGKON,6a932b5bcd944524379eddce,Lok Sabha
Phulbari,46,TURA,2,Meghalaya,West Garo Hills,SALENG A SANGMA,6a932b5bcd944524379edf3f,Lok Sabha
Umroi (St),12,SHILLONG,1,Meghalaya,Ri Bhoi,ANDREW J. SYNGKON,6a932b5bcd944524379eddce,Lok Sabha
Mawthadraishan (St),31,SHILLONG,1,Meghalaya,West Khasi Hills,ANDREW J. SYNGKON,6a932b5bcd944524379eddce,Lok Sabha
Nartiang (St),1,SHILLONG,1,Meghalaya,Jaintia Hills,ANDREW J. SYNGKON,6a932b5bcd944524379eddce,Lok Sabha
Rajabala,47,TURA,2,Meghalaya,West Garo Hills,SALENG A SANGMA,6a932b5bcd944524379edf3f,Lok Sabha
Mawshynrut (St),34,SHILLONG,1,Meghalaya,West Khasi Hills,ANDREW J. SYNGKON,6a932b5bcd944524379eddce,Lok Sabha
Songsak (St),41,TURA,2,Meghalaya,East Garo Hills,SALENG A SANGMA,6a932b5bcd944524379edf3f,Lok Sabha
Dadenggre (St),49,TURA,2,Meghalaya,West Garo Hills,SALENG A SANGMA,6a932b5bcd944524379edf3f,Lok Sabha
Rongjeng (St),42,TURA,2,Meghalaya,East Garo Hills,SALENG A SANGMA,6a932b5bcd944524379edf3f,Lok Sabha
Sohing (St),23,SHILLONG,1,Meghalaya,East Khasi Hills,ANDREW J. SYNGKON,6a932b5bcd944524379eddce,Lok Sabha
Mawryngkneng(St),13,SHILLONG,1,Meghalaya,East Khasi Hills,ANDREW J. SYNGKON,6a932b5bcd944524379eddce,Lok Sabha
Selsella (St),48,TURA,2,Meghalaya,West Garo Hills,SALENG A SANGMA,6a932b5bcd944524379edf3f,Lok Sabha
Raliang (St),3,SHILLONG,1,Meghalaya,Jaintia Hills,ANDREW J. SYNGKON,6a932b5bcd944524379eddce,Lok Sabha
Mawlai (St),15,SHILLONG,1,Meghalaya,East Khasi Hills,ANDREW J. SYNGKON,6a932b5bcd944524379eddce,Lok Sabha
Pynthorumkhrah,14,SHILLONG,1,Meghalaya,East Khasi Hills,ANDREW J. SYNGKON,6a932b5bcd944524379eddce,Lok Sabha
Nongstoin (St),32,SHILLONG,1,Meghalaya,West Khasi Hills,ANDREW J. SYNGKON,6a932b5bcd944524379eddce,Lok Sabha
North Shillong (St),17,SHILLONG,1,Meghalaya,East Khasi Hills,ANDREW J. SYNGKON,6a932b5bcd944524379eddce,Lok Sabha
East Shillong (St),16,SHILLONG,1,Meghalaya,East Khasi Hills,ANDREW J. SYNGKON,6a932b5bcd944524379eddce,Lok Sabha
West Shillong,18,SHILLONG,1,Meghalaya,East Khasi Hills,ANDREW J. SYNGKON,6a932b5bcd944524379eddce,Lok Sabha
Mylliem (St),20,SHILLONG,1,Meghalaya,East Khasi Hills,ANDREW J. SYNGKON,6a932b5bcd944524379eddce,Lok Sabha
South Shillong,19,SHILLONG,1,Meghalaya,East Khasi Hills,ANDREW J. SYNGKON,6a932b5bcd944524379eddce,Lok Sabha
Nongthymmai (St),21,SHILLONG,1,Meghalaya,East Khasi Hills,ANDREW J. SYNGKON,6a932b5bcd944524379eddce,Lok Sabha
Jowai (St),2,SHILLONG,1,Meghalaya,Jaintia Hills,ANDREW J. SYNGKON,6a932b5bcd944524379eddce,Lok Sabha
Mawphlang (St),24,SHILLONG,1,Meghalaya,East Khasi Hills,ANDREW J. SYNGKON,6a932b5bcd944524379eddce,Lok Sabha
Nongkrem (St),22,SHILLONG,1,Meghalaya,East Khasi Hills,ANDREW J. SYNGKON,6a932b5bcd944524379eddce,Lok Sabha
Mawkynrew (St),29,SHILLONG,1,Meghalaya,East Khasi Hills,ANDREW J. SYNGKON,6a932b5bcd944524379eddce,Lok Sabha
North Tura (St),50,TURA,2,Meghalaya,West Garo Hills,SALENG A SANGMA,6a932b5bcd944524379edf3f,Lok Sabha
Mawsynram (St),25,SHILLONG,1,Meghalaya,East Khasi Hills,ANDREW J. SYNGKON,6a932b5bcd944524379eddce,Lok Sabha
Sutnga-Saipung (St),5,SHILLONG,1,Meghalaya,Jaintia Hills,ANDREW J. SYNGKON,6a932b5bcd944524379eddce,Lok Sabha
William Nagar (St),43,TURA,2,Meghalaya,East Garo Hills,SALENG A SANGMA,6a932b5bcd944524379edf3f,Lok Sabha
Rangsakona (St),52,TURA,2,Meghalaya,West Garo Hills,SALENG A SANGMA,6a932b5bcd944524379edf3f,Lok Sabha
Khliehriat (St),6,SHILLONG,1,Meghalaya,Jaintia Hills,ANDREW J. SYNGKON,6a932b5bcd944524379eddce,Lok Sabha
Rongara-Siju (St),58,TURA,2,Meghalaya,South Garo Hills,SALENG A SANGMA,6a932b5bcd944524379edf3f,Lok Sabha
Sohra (St),28,SHILLONG,1,Meghalaya,East Khasi Hills,ANDREW J. SYNGKON,6a932b5bcd944524379eddce,Lok Sabha
Mawkyrwat (St),36,SHILLONG,1,Meghalaya,West Khasi Hills,ANDREW J. SYNGKON,6a932b5bcd944524379eddce,Lok Sabha
Amlarem (St),7,SHILLONG,1,Meghalaya,Jaintia Hills,ANDREW J. SYNGKON,6a932b5bcd944524379eddce,Lok Sabha
Ampathi (St),53,TURA,2,Meghalaya,West Garo Hills,SALENG A SANGMA,6a932b5bcd944524379edf3f,Lok Sabha
Southtura (St),51,TURA,2,Meghalaya,West Garo Hills,SALENG A SANGMA,6a932b5bcd944524379edf3f,Lok Sabha
Pynursla (St),27,SHILLONG,1,Meghalaya,East Khasi Hills,ANDREW J. SYNGKON,6a932b5bcd944524379eddce,Lok Sabha
Ranikor (St),35,SHILLONG,1,Meghalaya,West Khasi Hills,ANDREW J. SYNGKON,6a932b5bcd944524379eddce,Lok Sabha
Gambegre (St),56,TURA,2,Meghalaya,West Garo Hills,SALENG A SANGMA,6a932b5bcd944524379edf3f,Lok Sabha
Chokpot (St),59,TURA,2,Meghalaya,South Garo Hills,SALENG A SANGMA,6a932b5bcd944524379edf3f,Lok Sabha
Mahendraganj (St),54,TURA,2,Meghalaya,West Garo Hills,SALENG A SANGMA,6a932b5bcd944524379edf3f,Lok Sabha
Shella (St),26,SHILLONG,1,Meghalaya,East Khasi Hills,ANDREW J. SYNGKON,6a932b5bcd944524379eddce,Lok Sabha
Salmanpara (St),55,TURA,2,Meghalaya,West Garo Hills,SALENG A SANGMA,6a932b5bcd944524379edf3f,Lok Sabha
Baghmara (St),60,TURA,2,Meghalaya,South Garo Hills,SALENG A SANGMA,6a932b5bcd944524379edf3f,Lok Sabha
Dalu (St),57,TURA,2,Meghalaya,West Garo Hills,SALENG A SANGMA,6a932b5bcd944524379edf3f,Lok Sabha
Mowkaiaw (St),4,SHILLONG,1,Meghalaya,Jaintia Hills,ANDREW J. SYNGKON,6a932b5bcd944524379eddce,Lok Sabha
Serlui (St),6,MIZORAM,1,Mizoram,Kolasib,RICHARD VANLALHMANGAIHA,6a932b5bcd944524379edf34,Lok Sabha
Tuivawl (St),7,MIZORAM,1,Mizoram,Aizawl,RICHARD VANLALHMANGAIHA,6a932b5bcd944524379edf34,Lok Sabha
Kolasib (St),5,MIZORAM,1,Mizoram,Kolasib,RICHARD VANLALHMANGAIHA,6a932b5bcd944524379edf34,Lok Sabha
Hachhek (St),1,MIZORAM,1,Mizoram,Mamit,RICHARD VANLALHMANGAIHA,6a932b5bcd944524379edf34,Lok Sabha
Tuirial (St),4,MIZORAM,1,Mizoram,Kolasib,RICHARD VANLALHMANGAIHA,6a932b5bcd944524379edf34,Lok Sabha
Chalfilh (St),8,MIZORAM,1,Mizoram,Aizawl,RICHARD VANLALHMANGAIHA,6a932b5bcd944524379edf34,Lok Sabha
Mamit (St),3,MIZORAM,1,Mizoram,Mamit,RICHARD VANLALHMANGAIHA,6a932b5bcd944524379edf34,Lok Sabha
Lengteng (St),21,MIZORAM,1,Mizoram,Champhai,RICHARD VANLALHMANGAIHA,6a932b5bcd944524379edf34,Lok Sabha
Champhai North (St),23,MIZORAM,1,Mizoram,Champhai,RICHARD VANLALHMANGAIHA,6a932b5bcd944524379edf34,Lok Sabha
Aizawl East-I,13,MIZORAM,1,Mizoram,Aizawl,RICHARD VANLALHMANGAIHA,6a932b5bcd944524379edf34,Lok Sabha
Aizawl West-I (St),15,MIZORAM,1,Mizoram,Aizawl,RICHARD VANLALHMANGAIHA,6a932b5bcd944524379edf34,Lok Sabha
Aizawl North-I (St),10,MIZORAM,1,Mizoram,Aizawl,RICHARD VANLALHMANGAIHA,6a932b5bcd944524379edf34,Lok Sabha
Dampa (St),2,MIZORAM,1,Mizoram,Mamit,RICHARD VANLALHMANGAIHA,6a932b5bcd944524379edf34,Lok Sabha
Aizawl North-Iii (S,12,MIZORAM,1,Mizoram,Aizawl,RICHARD VANLALHMANGAIHA,6a932b5bcd944524379edf34,Lok Sabha
Aizawl North-Ii (St,11,MIZORAM,1,Mizoram,Aizawl,RICHARD VANLALHMANGAIHA,6a932b5bcd944524379edf34,Lok Sabha
Aizawl West-Ii (St),16,MIZORAM,1,Mizoram,Aizawl,RICHARD VANLALHMANGAIHA,6a932b5bcd944524379edf34,Lok Sabha
Tawi (St),9,MIZORAM,1,Mizoram,Aizawl,RICHARD VANLALHMANGAIHA,6a932b5bcd944524379edf34,Lok Sabha
Aizawl East-Ii (St),14,MIZORAM,1,Mizoram,Aizawl,RICHARD VANLALHMANGAIHA,6a932b5bcd944524379edf34,Lok Sabha
Aizawl South-I (St),18,MIZORAM,1,Mizoram,Aizawl,RICHARD VANLALHMANGAIHA,6a932b5bcd944524379edf34,Lok Sabha
Aizawl West-Iii (St,17,MIZORAM,1,Mizoram,Aizawl,RICHARD VANLALHMANGAIHA,6a932b5bcd944524379edf34,Lok Sabha
Aizawl South-Iii (S,20,MIZORAM,1,Mizoram,Aizawl,RICHARD VANLALHMANGAIHA,6a932b5bcd944524379edf34,Lok Sabha
Aizawl South-Ii (St,19,MIZORAM,1,Mizoram,Aizawl,RICHARD VANLALHMANGAIHA,6a932b5bcd944524379edf34,Lok Sabha
Tuikum (St),27,MIZORAM,1,Mizoram,Serchhip,RICHARD VANLALHMANGAIHA,6a932b5bcd944524379edf34,Lok Sabha
Champhai South (St),24,MIZORAM,1,Mizoram,Champhai,RICHARD VANLALHMANGAIHA,6a932b5bcd944524379edf34,Lok Sabha
Tuichang (St),22,MIZORAM,1,Mizoram,Champhai,RICHARD VANLALHMANGAIHA,6a932b5bcd944524379edf34,Lok Sabha
East Tuipui (St),25,MIZORAM,1,Mizoram,Champhai,RICHARD VANLALHMANGAIHA,6a932b5bcd944524379edf34,Lok Sabha
Thorang (St),34,MIZORAM,1,Mizoram,Lunglei,RICHARD VANLALHMANGAIHA,6a932b5bcd944524379edf34,Lok Sabha
Serchhip (St),26,MIZORAM,1,Mizoram,Serchhip,RICHARD VANLALHMANGAIHA,6a932b5bcd944524379edf34,Lok Sabha
Lunglei West (St),32,MIZORAM,1,Mizoram,Lunglei,RICHARD VANLALHMANGAIHA,6a932b5bcd944524379edf34,Lok Sabha
Hrangturzo (St),28,MIZORAM,1,Mizoram,Serchhip,RICHARD VANLALHMANGAIHA,6a932b5bcd944524379edf34,Lok Sabha
Lunglei North (St),30,MIZORAM,1,Mizoram,Lunglei,RICHARD VANLALHMANGAIHA,6a932b5bcd944524379edf34,Lok Sabha
West Tuipui (St),35,MIZORAM,1,Mizoram,Lunglei,RICHARD VANLALHMANGAIHA,6a932b5bcd944524379edf34,Lok Sabha
South Tuipui (St),29,MIZORAM,1,Mizoram,Lunglei,RICHARD VANLALHMANGAIHA,6a932b5bcd944524379edf34,Lok Sabha
Lunglei East (St),31,MIZORAM,1,Mizoram,Lunglei,RICHARD VANLALHMANGAIHA,6a932b5bcd944524379edf34,Lok Sabha
Lunglei South (St),33,MIZORAM,1,Mizoram,Lunglei,RICHARD VANLALHMANGAIHA,6a932b5bcd944524379edf34,Lok Sabha
Lawngtlai East (St),38,MIZORAM,1,Mizoram,Lawngtlai,RICHARD VANLALHMANGAIHA,6a932b5bcd944524379edf34,Lok Sabha
Tuichawng (St),36,MIZORAM,1,Mizoram,Lawngtlai,RICHARD VANLALHMANGAIHA,6a932b5bcd944524379edf34,Lok Sabha
Saiha (St),39,MIZORAM,1,Mizoram,Saiha,RICHARD VANLALHMANGAIHA,6a932b5bcd944524379edf34,Lok Sabha
Lawngtlai West (St),37,MIZORAM,1,Mizoram,Lawngtlai,RICHARD VANLALHMANGAIHA,6a932b5bcd944524379edf34,Lok Sabha
Palak (St),40,MIZORAM,1,Mizoram,Saiha,RICHARD VANLALHMANGAIHA,6a932b5bcd944524379edf34,Lok Sabha
Rairangpur (St),28,MAYURBHANJ,5,Odisha,Mayurbhanj,NABA CHARAN MAJHI,6a932b5bcd944524379ededc,Lok Sabha
Talsara (St),8,SUNDARGARH,2,Odisha,Sundargarh,Shri Jual Oram,6a932b5bcd944524379edf6f,Lok Sabha
Biramitrapur (St),10,SUNDARGARH,2,Odisha,Sundargarh,Shri Jual Oram,6a932b5bcd944524379edf6f,Lok Sabha
Saraskana (St),27,MAYURBHANJ,5,Odisha,Mayurbhanj,NABA CHARAN MAJHI,6a932b5bcd944524379ededc,Lok Sabha
Rajgangpur (St),13,SUNDARGARH,2,Odisha,Sundargarh,Shri Jual Oram,6a932b5bcd944524379edf6f,Lok Sabha
Rourkela,12,SUNDARGARH,2,Odisha,Sundargarh,Shri Jual Oram,6a932b5bcd944524379edf6f,Lok Sabha
Bangriposi (St),29,MAYURBHANJ,5,Odisha,Mayurbhanj,NABA CHARAN MAJHI,6a932b5bcd944524379ededc,Lok Sabha
Raghunathpali (Sc),11,SUNDARGARH,2,Odisha,Sundargarh,Shri Jual Oram,6a932b5bcd944524379edf6f,Lok Sabha
Jashipur (St),26,MAYURBHANJ,5,Odisha,Mayurbhanj,NABA CHARAN MAJHI,6a932b5bcd944524379ededc,Lok Sabha
Sundargarh (St),9,SUNDARGARH,2,Odisha,Sundargarh,Shri Jual Oram,6a932b5bcd944524379edf6f,Lok Sabha
Kuchinda (St),15,SAMBALPUR,3,Odisha,Sambalpur,DHARMENDRA PRADHAN,6a932b5bcd944524379ede2e,Lok Sabha
Champua,25,KEONJHAR,4,Odisha,Kendujhar,ANANTA NAYAK,6a932b5bcd944524379eddcc,Lok Sabha
Morada,34,MAYURBHANJ,5,Odisha,Mayurbhanj,NABA CHARAN MAJHI,6a932b5bcd944524379ededc,Lok Sabha
Bonai (St),14,SUNDARGARH,2,Odisha,Sundargarh,Shri Jual Oram,6a932b5bcd944524379edf6f,Lok Sabha
Baripada (St),33,MAYURBHANJ,5,Odisha,Mayurbhanj,NABA CHARAN MAJHI,6a932b5bcd944524379ededc,Lok Sabha
Jaleswar,35,BALASORE,6,Odisha,Baleshwar,Pratap Chandra Sarangi,6a932b5bcd944524379edefe,Lok Sabha
Jharsuguda,7,BARGARH,1,Odisha,Jharsuguda,PRADEEP PUROHIT,6a932b5bcd944524379edef9,Lok Sabha
Keonjhar (St),24,KEONJHAR,4,Odisha,Kendujhar,ANANTA NAYAK,6a932b5bcd944524379eddcc,Lok Sabha
Patna (St),23,KEONJHAR,4,Odisha,Kendujhar,ANANTA NAYAK,6a932b5bcd944524379eddcc,Lok Sabha
Karanjia (St),30,KEONJHAR,4,Odisha,Mayurbhanj,ANANTA NAYAK,6a932b5bcd944524379eddcc,Lok Sabha
Brajarajnagar,6,BARGARH,1,Odisha,Jharsuguda,PRADEEP PUROHIT,6a932b5bcd944524379edef9,Lok Sabha
Badasahi (Sc),32,BALASORE,6,Odisha,Mayurbhanj,Pratap Chandra Sarangi,6a932b5bcd944524379edefe,Lok Sabha
Bhograi,36,BALASORE,6,Odisha,Baleshwar,Pratap Chandra Sarangi,6a932b5bcd944524379edefe,Lok Sabha
Telkoi (St),20,KEONJHAR,4,Odisha,Kendujhar,ANANTA NAYAK,6a932b5bcd944524379eddcc,Lok Sabha
Basta,37,BALASORE,6,Odisha,Baleshwar,Pratap Chandra Sarangi,6a932b5bcd944524379edefe,Lok Sabha
Udala (St),31,MAYURBHANJ,5,Odisha,Mayurbhanj,NABA CHARAN MAJHI,6a932b5bcd944524379ededc,Lok Sabha
Rengali (Sc),16,SAMBALPUR,3,Odisha,Sambalpur,DHARMENDRA PRADHAN,6a932b5bcd944524379ede2e,Lok Sabha
Deogarh,19,SAMBALPUR,3,Odisha,Debagarh,DHARMENDRA PRADHAN,6a932b5bcd944524379ede2e,Lok Sabha
Bhatli,5,BARGARH,1,Odisha,Bargarh,PRADEEP PUROHIT,6a932b5bcd944524379edef9,Lok Sabha
Balasore,38,BALASORE,6,Odisha,Baleshwar,Pratap Chandra Sarangi,6a932b5bcd944524379edefe,Lok Sabha
Remuna (Sc),39,BALASORE,6,Odisha,Baleshwar,Pratap Chandra Sarangi,6a932b5bcd944524379edefe,Lok Sabha
Pallahara,59,DHENKANAL,9,Odisha,Anugul,RUDRA NARAYAN PANY,6a932b5bcd944524379edf39,Lok Sabha
Ghasipura,21,KEONJHAR,4,Odisha,Kendujhar,ANANTA NAYAK,6a932b5bcd944524379eddcc,Lok Sabha
Nilgiri,40,BALASORE,6,Odisha,Baleshwar,Pratap Chandra Sarangi,6a932b5bcd944524379edefe,Lok Sabha
Attabira (Sc),4,BARGARH,1,Odisha,Bargarh,PRADEEP PUROHIT,6a932b5bcd944524379edef9,Lok Sabha
Anandapur (Sc),22,KEONJHAR,4,Odisha,Kendujhar,ANANTA NAYAK,6a932b5bcd944524379eddcc,Lok Sabha
Sambalpur,17,SAMBALPUR,3,Odisha,Sambalpur,DHARMENDRA PRADHAN,6a932b5bcd944524379ede2e,Lok Sabha
Rairakhol,18,SAMBALPUR,3,Odisha,Sambalpur,DHARMENDRA PRADHAN,6a932b5bcd944524379ede2e,Lok Sabha
Soro (Sc),41,BHADRAK,7,Odisha,Baleshwar,AVIMANYU SETHI,6a932b5bcd944524379edde8,Lok Sabha
Bargarh,3,BARGARH,1,Odisha,Bargarh,PRADEEP PUROHIT,6a932b5bcd944524379edef9,Lok Sabha
Simulia,42,BHADRAK,7,Odisha,Baleshwar,AVIMANYU SETHI,6a932b5bcd944524379edde8,Lok Sabha
Basudevpur,45,BHADRAK,7,Odisha,Bhadrak,AVIMANYU SETHI,6a932b5bcd944524379edde8,Lok Sabha
Bhandaripokhari,43,BHADRAK,7,Odisha,Bhadrak,AVIMANYU SETHI,6a932b5bcd944524379edde8,Lok Sabha
Bijepur,2,BARGARH,1,Odisha,Bargarh,PRADEEP PUROHIT,6a932b5bcd944524379edef9,Lok Sabha
Parjanga,58,DHENKANAL,9,Odisha,Dhenkanal,RUDRA NARAYAN PANY,6a932b5bcd944524379edf39,Lok Sabha
Bhadrak,44,BHADRAK,7,Odisha,Bhadrak,AVIMANYU SETHI,6a932b5bcd944524379edde8,Lok Sabha
Sukinda,54,JAJPUR,8,Odisha,Jajapur,RABINDRA NARAYAN BEHERA,6a932b5bcd944524379edf0b,Lok Sabha
Chhendipada (Sc),62,SAMBALPUR,3,Odisha,Anugul,DHARMENDRA PRADHAN,6a932b5bcd944524379ede2e,Lok Sabha
Padampur,1,BARGARH,1,Odisha,Bargarh,PRADEEP PUROHIT,6a932b5bcd944524379edef9,Lok Sabha
Birmaharajpur (Sc),64,BOLANGIR,10,Odisha,Sonapur,Smt Sangeeta Kumari Singh Deo,6a932b5bcd944524379edf94,Lok Sabha
Talcher,60,DHENKANAL,9,Odisha,Anugul,RUDRA NARAYAN PANY,6a932b5bcd944524379edf39,Lok Sabha
Sonepur,65,BOLANGIR,10,Odisha,Sonapur,Smt Sangeeta Kumari Singh Deo,6a932b5bcd944524379edf94,Lok Sabha
Korei,53,JAJPUR,8,Odisha,Jajapur,RABINDRA NARAYAN BEHERA,6a932b5bcd944524379edf0b,Lok Sabha
Dhamnagar (Sc),46,BHADRAK,7,Odisha,Bhadrak,AVIMANYU SETHI,6a932b5bcd944524379edde8,Lok Sabha
Athamallik,63,SAMBALPUR,3,Odisha,Anugul,DHARMENDRA PRADHAN,6a932b5bcd944524379ede2e,Lok Sabha
Nuapada,71,KALAHANDI,11,Odisha,Nuapada,MALVIKA DEVI,6a932b5bcd944524379edec0,Lok Sabha
Chandabali,47,BHADRAK,7,Odisha,Bhadrak,AVIMANYU SETHI,6a932b5bcd944524379edde8,Lok Sabha
Loisingha (Sc),66,BOLANGIR,10,Odisha,Balangir,Smt Sangeeta Kumari Singh Deo,6a932b5bcd944524379edf94,Lok Sabha
Kamakhyanagar,57,DHENKANAL,9,Odisha,Dhenkanal,RUDRA NARAYAN PANY,6a932b5bcd944524379edf39,Lok Sabha
Jajpur,52,JAJPUR,8,Odisha,Jajapur,RABINDRA NARAYAN BEHERA,6a932b5bcd944524379edf0b,Lok Sabha
Dharmasala,51,JAJPUR,8,Odisha,Jajapur,RABINDRA NARAYAN BEHERA,6a932b5bcd944524379edf0b,Lok Sabha
Patnagarh,67,BOLANGIR,10,Odisha,Balangir,Smt Sangeeta Kumari Singh Deo,6a932b5bcd944524379edf94,Lok Sabha
Angul,61,DHENKANAL,9,Odisha,Anugul,RUDRA NARAYAN PANY,6a932b5bcd944524379edf39,Lok Sabha
Binjharpur (Sc),48,JAJPUR,8,Odisha,Jajapur,RABINDRA NARAYAN BEHERA,6a932b5bcd944524379edf0b,Lok Sabha
Hindol (Sc),56,DHENKANAL,9,Odisha,Dhenkanal,RUDRA NARAYAN PANY,6a932b5bcd944524379edf39,Lok Sabha
Dhenkanal,55,DHENKANAL,9,Odisha,Dhenkanal,RUDRA NARAYAN PANY,6a932b5bcd944524379edf39,Lok Sabha
Boudh,86,KANDHAMAL,13,Odisha,Baudh,SUKANTA KUMAR PANIGRAHI,6a932b5bcd944524379edf9d,Lok Sabha
Kantamal,85,KANDHAMAL,13,Odisha,Baudh,SUKANTA KUMAR PANIGRAHI,6a932b5bcd944524379edf9d,Lok Sabha
Bari,49,JAJPUR,8,Odisha,Jajapur,RABINDRA NARAYAN BEHERA,6a932b5bcd944524379edf0b,Lok Sabha
Aul,98,KENDRAPARA,15,Odisha,Kendrapara,BAIJAYANT PANDA,6a932b5bcd944524379eddef,Lok Sabha
Bolangir,68,BOLANGIR,10,Odisha,Balangir,Smt Sangeeta Kumari Singh Deo,6a932b5bcd944524379edf94,Lok Sabha
Rajanagar,99,KENDRAPARA,15,Odisha,Kendrapara,BAIJAYANT PANDA,6a932b5bcd944524379eddef,Lok Sabha
Barachana,50,JAJPUR,8,Odisha,Jajapur,RABINDRA NARAYAN BEHERA,6a932b5bcd944524379edf0b,Lok Sabha
Salipur,94,KENDRAPARA,15,Odisha,Cuttack,BAIJAYANT PANDA,6a932b5bcd944524379eddef,Lok Sabha
Athagarh,89,CUTTACK,14,Odisha,Cuttack,Shri Bhartruhari Mahtab,6a932b5bcd944524379edf68,Lok Sabha
Kendrapara (Sc),97,KENDRAPARA,15,Odisha,Kendrapara,BAIJAYANT PANDA,6a932b5bcd944524379eddef,Lok Sabha
Mahanga,95,KENDRAPARA,15,Odisha,Cuttack,BAIJAYANT PANDA,6a932b5bcd944524379eddef,Lok Sabha
Phulbani (St),84,KANDHAMAL,13,Odisha,Kandhamal,SUKANTA KUMAR PANIGRAHI,6a932b5bcd944524379edf9d,Lok Sabha
Patkura,96,KENDRAPARA,15,Odisha,Kendrapara,BAIJAYANT PANDA,6a932b5bcd944524379eddef,Lok Sabha
Baramba,87,CUTTACK,14,Odisha,Cuttack,Shri Bhartruhari Mahtab,6a932b5bcd944524379edf68,Lok Sabha
Choudwar-Cuttack,91,CUTTACK,14,Odisha,Cuttack,Shri Bhartruhari Mahtab,6a932b5bcd944524379edf68,Lok Sabha
Kantabanji,70,BOLANGIR,10,Odisha,Balangir,Smt Sangeeta Kumari Singh Deo,6a932b5bcd944524379edf94,Lok Sabha
Titlagarh,69,BOLANGIR,10,Odisha,Balangir,Smt Sangeeta Kumari Singh Deo,6a932b5bcd944524379edf94,Lok Sabha
Daspalla (Sc),121,KANDHAMAL,13,Odisha,Nayagarh,SUKANTA KUMAR PANIGRAHI,6a932b5bcd944524379edf9d,Lok Sabha
Mahakalapada,100,KENDRAPARA,15,Odisha,Kendrapara,BAIJAYANT PANDA,6a932b5bcd944524379eddef,Lok Sabha
Barabati-Cuttack,90,CUTTACK,14,Odisha,Cuttack,Shri Bhartruhari Mahtab,6a932b5bcd944524379edf68,Lok Sabha
Banki,88,CUTTACK,14,Odisha,Cuttack,Shri Bhartruhari Mahtab,6a932b5bcd944524379edf68,Lok Sabha
Jatani,115,BHUBANESWAR,18,Odisha,Khordha,Smt Aparajita Sarangi,6a932b5bcd944524379edf8a,Lok Sabha
Bhubaneswar(Uttar),113,BHUBANESWAR,18,Odisha,Khordha,Smt Aparajita Sarangi,6a932b5bcd944524379edf8a,Lok Sabha
Narla,81,KALAHANDI,11,Odisha,Kalahandi,MALVIKA DEVI,6a932b5bcd944524379edec0,Lok Sabha
Tirtol (Sc),102,JAGATSINGHPUR,16,Odisha,Jagatsinghapur,BIBHU PRASAD TARAI,6a932b5bcd944524379ede07,Lok Sabha
Khariar,72,KALAHANDI,11,Odisha,Nuapada,MALVIKA DEVI,6a932b5bcd944524379edec0,Lok Sabha
Baliguda (St),82,KANDHAMAL,13,Odisha,Kandhamal,SUKANTA KUMAR PANIGRAHI,6a932b5bcd944524379edf9d,Lok Sabha
Khandapada,120,CUTTACK,14,Odisha,Nayagarh,Shri Bhartruhari Mahtab,6a932b5bcd944524379edf68,Lok Sabha
Paradeep,101,JAGATSINGHPUR,16,Odisha,Jagatsinghapur,BIBHU PRASAD TARAI,6a932b5bcd944524379ede07,Lok Sabha
Niali (Sc),92,JAGATSINGHPUR,16,Odisha,Cuttack,BIBHU PRASAD TARAI,6a932b5bcd944524379ede07,Lok Sabha
Cuttack Sadar (Sc),93,CUTTACK,14,Odisha,Cuttack,Shri Bhartruhari Mahtab,6a932b5bcd944524379edf68,Lok Sabha
Jayadev (Sc),111,PURI,17,Odisha,Khordha,SAMBIT PATRA,6a932b5bcd944524379edf40,Lok Sabha
Bhubaneswar(Madhya),112,BHUBANESWAR,18,Odisha,Khordha,Smt Aparajita Sarangi,6a932b5bcd944524379edf8a,Lok Sabha
Jagatsinghpur,104,JAGATSINGHPUR,16,Odisha,Jagatsinghapur,BIBHU PRASAD TARAI,6a932b5bcd944524379ede07,Lok Sabha
Ekamra-Bhubaneshwar,114,BHUBANESWAR,18,Odisha,Khordha,Smt Aparajita Sarangi,6a932b5bcd944524379edf8a,Lok Sabha
G. Udayagiri (St),83,KANDHAMAL,13,Odisha,Kandhamal,SUKANTA KUMAR PANIGRAHI,6a932b5bcd944524379edf9d,Lok Sabha
Balikuda-Erasama,103,JAGATSINGHPUR,16,Odisha,Jagatsinghapur,BIBHU PRASAD TARAI,6a932b5bcd944524379ede07,Lok Sabha
Begunia,116,BHUBANESWAR,18,Odisha,Khordha,Smt Aparajita Sarangi,6a932b5bcd944524379edf8a,Lok Sabha
Bhanjanagar,123,KANDHAMAL,13,Odisha,Ganjam,SUKANTA KUMAR PANIGRAHI,6a932b5bcd944524379edf9d,Lok Sabha
Nayagarh,122,PURI,17,Odisha,Nayagarh,SAMBIT PATRA,6a932b5bcd944524379edf40,Lok Sabha
Pipili,110,PURI,17,Odisha,Puri,SAMBIT PATRA,6a932b5bcd944524379edf40,Lok Sabha
Khurda,117,BHUBANESWAR,18,Odisha,Khordha,Smt Aparajita Sarangi,6a932b5bcd944524379edf8a,Lok Sabha
Ranpur,119,PURI,17,Odisha,Nayagarh,SAMBIT PATRA,6a932b5bcd944524379edf40,Lok Sabha
Bhawanipatna (Sc),80,KALAHANDI,11,Odisha,Kalahandi,MALVIKA DEVI,6a932b5bcd944524379edec0,Lok Sabha
Junagarh,78,KALAHANDI,11,Odisha,Kalahandi,MALVIKA DEVI,6a932b5bcd944524379edec0,Lok Sabha
Nimapara,106,JAGATSINGHPUR,16,Odisha,Puri,BIBHU PRASAD TARAI,6a932b5bcd944524379ede07,Lok Sabha
Satyabadi,109,PURI,17,Odisha,Puri,SAMBIT PATRA,6a932b5bcd944524379edf40,Lok Sabha
Kakatpur (Sc),105,JAGATSINGHPUR,16,Odisha,Puri,BIBHU PRASAD TARAI,6a932b5bcd944524379ede07,Lok Sabha
Umerkote (St),73,NABARANGPUR,12,Odisha,Nabarangapur,BALABHADRA MAJHI,6a932b5bcd944524379eddf1,Lok Sabha
Lanjigarh (St),77,KALAHANDI,11,Odisha,Kalahandi,MALVIKA DEVI,6a932b5bcd944524379edec0,Lok Sabha
Puri,107,PURI,17,Odisha,Puri,SAMBIT PATRA,6a932b5bcd944524379edf40,Lok Sabha
Polasara,124,ASKA,19,Odisha,Ganjam,ANITA SUBHADARSHINI,6a932b5bcd944524379eddd3,Lok Sabha
Dharmgarh,79,KALAHANDI,11,Odisha,Kalahandi,MALVIKA DEVI,6a932b5bcd944524379edec0,Lok Sabha
Bissam Cuttack (St),139,KORAPUT,21,Odisha,Rayagada,Saptagiri Sankar Ulaka,6a932b5bcd944524379edf4a,Lok Sabha
Brahmagiri,108,PURI,17,Odisha,Puri,SAMBIT PATRA,6a932b5bcd944524379edf40,Lok Sabha
Chilika,118,PURI,17,Odisha,Khordha,SAMBIT PATRA,6a932b5bcd944524379edf40,Lok Sabha
Surada,129,ASKA,19,Odisha,Ganjam,ANITA SUBHADARSHINI,6a932b5bcd944524379eddd3,Lok Sabha
Jharigam (St),74,NABARANGPUR,12,Odisha,Nabarangapur,BALABHADRA MAJHI,6a932b5bcd944524379eddf1,Lok Sabha
Kabisuryanagar,125,ASKA,19,Odisha,Ganjam,ANITA SUBHADARSHINI,6a932b5bcd944524379eddd3,Lok Sabha
Khalikote (Sc),126,ASKA,19,Odisha,Ganjam,ANITA SUBHADARSHINI,6a932b5bcd944524379eddd3,Lok Sabha
Aska,128,ASKA,19,Odisha,Ganjam,ANITA SUBHADARSHINI,6a932b5bcd944524379eddd3,Lok Sabha
Sanakhemundi,130,ASKA,19,Odisha,Ganjam,ANITA SUBHADARSHINI,6a932b5bcd944524379eddd3,Lok Sabha
Gunupur (St),138,KORAPUT,21,Odisha,Rayagada,Saptagiri Sankar Ulaka,6a932b5bcd944524379edf4a,Lok Sabha
Mohana (St),136,BERHAMPUR,20,Odisha,Gajapati,DR. PRADEEP KUMAR PANIGRAHY,6a932b5bcd944524379ede47,Lok Sabha
Hinjili,131,ASKA,19,Odisha,Ganjam,ANITA SUBHADARSHINI,6a932b5bcd944524379eddd3,Lok Sabha
Dabugam (St),76,NABARANGPUR,12,Odisha,Nabarangapur,BALABHADRA MAJHI,6a932b5bcd944524379eddf1,Lok Sabha
Chhatrapur (Sc),127,BERHAMPUR,20,Odisha,Ganjam,DR. PRADEEP KUMAR PANIGRAHY,6a932b5bcd944524379ede47,Lok Sabha
Rayagada (St),140,KORAPUT,21,Odisha,Rayagada,Saptagiri Sankar Ulaka,6a932b5bcd944524379edf4a,Lok Sabha
Digapahandi,134,BERHAMPUR,20,Odisha,Ganjam,DR. PRADEEP KUMAR PANIGRAHY,6a932b5bcd944524379ede47,Lok Sabha
Gopalpur,132,BERHAMPUR,20,Odisha,Ganjam,DR. PRADEEP KUMAR PANIGRAHY,6a932b5bcd944524379ede47,Lok Sabha
Berhampur,133,BERHAMPUR,20,Odisha,Ganjam,DR. PRADEEP KUMAR PANIGRAHY,6a932b5bcd944524379ede47,Lok Sabha
Chikiti,135,BERHAMPUR,20,Odisha,Ganjam,DR. PRADEEP KUMAR PANIGRAHY,6a932b5bcd944524379ede47,Lok Sabha
Nabarangpur (St),75,NABARANGPUR,12,Odisha,Nabarangapur,BALABHADRA MAJHI,6a932b5bcd944524379eddf1,Lok Sabha
Kotpad (St),142,NABARANGPUR,12,Odisha,Koraput,BALABHADRA MAJHI,6a932b5bcd944524379eddf1,Lok Sabha
Lakshmipur (St),141,KORAPUT,21,Odisha,Koraput,Saptagiri Sankar Ulaka,6a932b5bcd944524379edf4a,Lok Sabha
Jeypore,143,KORAPUT,21,Odisha,Koraput,Saptagiri Sankar Ulaka,6a932b5bcd944524379edf4a,Lok Sabha
Paralakhemundi,137,BERHAMPUR,20,Odisha,Gajapati,DR. PRADEEP KUMAR PANIGRAHY,6a932b5bcd944524379ede47,Lok Sabha
Koraput (Sc),144,KORAPUT,21,Odisha,Koraput,Saptagiri Sankar Ulaka,6a932b5bcd944524379edf4a,Lok Sabha
Pottangi (St),145,KORAPUT,21,Odisha,Koraput,Saptagiri Sankar Ulaka,6a932b5bcd944524379edf4a,Lok Sabha
Chitrakonda (St),147,NABARANGPUR,12,Odisha,Malkangiri,BALABHADRA MAJHI,6a932b5bcd944524379eddf1,Lok Sabha
Malkangiri (St),146,NABARANGPUR,12,Odisha,Malkangiri,BALABHADRA MAJHI,6a932b5bcd944524379eddf1,Lok Sabha
Yanam,30,PUDUCHERRY,1,Puducherry,Yanam,Vaithilingam Ve,6a932b5bcd944524379edfb8,Lok Sabha
Mannadipet,1,PUDUCHERRY,1,Puducherry,Pondicherry,Vaithilingam Ve,6a932b5bcd944524379edfb8,Lok Sabha
Oussudu (Sc),3,PUDUCHERRY,1,Puducherry,Pondicherry,Vaithilingam Ve,6a932b5bcd944524379edfb8,Lok Sabha
Kalapet,12,PUDUCHERRY,1,Puducherry,Pondicherry,Vaithilingam Ve,6a932b5bcd944524379edfb8,Lok Sabha
Lawspet,11,PUDUCHERRY,1,Puducherry,Pondicherry,Vaithilingam Ve,6a932b5bcd944524379edfb8,Lok Sabha
Indira Nagar,8,PUDUCHERRY,1,Puducherry,Pondicherry,Vaithilingam Ve,6a932b5bcd944524379edfb8,Lok Sabha
Kamraj Nagar,10,PUDUCHERRY,1,Puducherry,Pondicherry,Vaithilingam Ve,6a932b5bcd944524379edfb8,Lok Sabha
Muthialpet,13,PUDUCHERRY,1,Puducherry,Pondicherry,Vaithilingam Ve,6a932b5bcd944524379edfb8,Lok Sabha
Thattanchavady,9,PUDUCHERRY,1,Puducherry,Pondicherry,Vaithilingam Ve,6a932b5bcd944524379edfb8,Lok Sabha
Thirubhuvanai (Sc),2,PUDUCHERRY,1,Puducherry,Pondicherry,Vaithilingam Ve,6a932b5bcd944524379edfb8,Lok Sabha
Raj Bhavan,14,PUDUCHERRY,1,Puducherry,Pondicherry,Vaithilingam Ve,6a932b5bcd944524379edfb8,Lok Sabha
Ozhukarai,6,PUDUCHERRY,1,Puducherry,Pondicherry,Vaithilingam Ve,6a932b5bcd944524379edfb8,Lok Sabha
Nellithope,17,PUDUCHERRY,1,Puducherry,Pondicherry,Vaithilingam Ve,6a932b5bcd944524379edfb8,Lok Sabha
Kadirgamam,7,PUDUCHERRY,1,Puducherry,Pondicherry,Vaithilingam Ve,6a932b5bcd944524379edfb8,Lok Sabha
Orleampeth,16,PUDUCHERRY,1,Puducherry,Pondicherry,Vaithilingam Ve,6a932b5bcd944524379edfb8,Lok Sabha
Villianur,5,PUDUCHERRY,1,Puducherry,Pondicherry,Vaithilingam Ve,6a932b5bcd944524379edfb8,Lok Sabha
Oupalam,15,PUDUCHERRY,1,Puducherry,Pondicherry,Vaithilingam Ve,6a932b5bcd944524379edfb8,Lok Sabha
Mudaliarpet,18,PUDUCHERRY,1,Puducherry,Pondicherry,Vaithilingam Ve,6a932b5bcd944524379edfb8,Lok Sabha
Ariankuppam,19,PUDUCHERRY,1,Puducherry,Pondicherry,Vaithilingam Ve,6a932b5bcd944524379edfb8,Lok Sabha
Mangalam,4,PUDUCHERRY,1,Puducherry,Pondicherry,Vaithilingam Ve,6a932b5bcd944524379edfb8,Lok Sabha
Manavely,20,PUDUCHERRY,1,Puducherry,Pondicherry,Vaithilingam Ve,6a932b5bcd944524379edfb8,Lok Sabha
Nettapakkam (Sc),22,PUDUCHERRY,1,Puducherry,Pondicherry,Vaithilingam Ve,6a932b5bcd944524379edfb8,Lok Sabha
Embalam (Sc),21,PUDUCHERRY,1,Puducherry,Pondicherry,Vaithilingam Ve,6a932b5bcd944524379edfb8,Lok Sabha
Mahe,29,PUDUCHERRY,1,Puducherry,Mahe,Vaithilingam Ve,6a932b5bcd944524379edfb8,Lok Sabha
Bahour,23,PUDUCHERRY,1,Puducherry,Pondicherry,Vaithilingam Ve,6a932b5bcd944524379edfb8,Lok Sabha
Nedungadu (Sc),24,PUDUCHERRY,1,Puducherry,Karaikal,Vaithilingam Ve,6a932b5bcd944524379edfb8,Lok Sabha
Karaikal North,26,PUDUCHERRY,1,Puducherry,Karaikal,Vaithilingam Ve,6a932b5bcd944524379edfb8,Lok Sabha
Thirunallar,25,PUDUCHERRY,1,Puducherry,Karaikal,Vaithilingam Ve,6a932b5bcd944524379edfb8,Lok Sabha
Karaikal South,27,PUDUCHERRY,1,Puducherry,Karaikal,Vaithilingam Ve,6a932b5bcd944524379edfb8,Lok Sabha
Neravy- T.R. Pattin,28,PUDUCHERRY,1,Puducherry,Karaikal,Vaithilingam Ve,6a932b5bcd944524379edfb8,Lok Sabha
Sujanpur,1,GURDASPUR,1,Punjab,Gurdaspur,SUKHJINDER SINGH RANDHAWA,6a932b5bcd944524379edf9f,Lok Sabha
Bhoa (Sc),2,GURDASPUR,1,Punjab,Gurdaspur,SUKHJINDER SINGH RANDHAWA,6a932b5bcd944524379edf9f,Lok Sabha
Pathankot,3,GURDASPUR,1,Punjab,Gurdaspur,SUKHJINDER SINGH RANDHAWA,6a932b5bcd944524379edf9f,Lok Sabha
Dina Nagar (Sc),5,GURDASPUR,1,Punjab,Gurdaspur,SUKHJINDER SINGH RANDHAWA,6a932b5bcd944524379edf9f,Lok Sabha
Dera Baba Nanak,10,GURDASPUR,1,Punjab,Gurdaspur,SUKHJINDER SINGH RANDHAWA,6a932b5bcd944524379edf9f,Lok Sabha
Gurdaspur,4,GURDASPUR,1,Punjab,Gurdaspur,SUKHJINDER SINGH RANDHAWA,6a932b5bcd944524379edf9f,Lok Sabha
Mukerian,39,HOSHIARPUR,5,Punjab,Hoshiarpur,DR. RAJ KUMAR CHABBEWAL,6a932b5bcd944524379ede49,Lok Sabha
Ajnala,11,AMRITSAR,2,Punjab,Amritsar,Shri Gurjeet Singh Aujla,6a932b5bcd944524379edf6b,Lok Sabha
Fatehgarh Churian,9,GURDASPUR,1,Punjab,Gurdaspur,SUKHJINDER SINGH RANDHAWA,6a932b5bcd944524379edf9f,Lok Sabha
Qadian,6,GURDASPUR,1,Punjab,Gurdaspur,SUKHJINDER SINGH RANDHAWA,6a932b5bcd944524379edf9f,Lok Sabha
Dasuya,40,HOSHIARPUR,5,Punjab,Hoshiarpur,DR. RAJ KUMAR CHABBEWAL,6a932b5bcd944524379ede49,Lok Sabha
Raja Sansi,12,AMRITSAR,2,Punjab,Amritsar,Shri Gurjeet Singh Aujla,6a932b5bcd944524379edf6b,Lok Sabha
Majitha,13,AMRITSAR,2,Punjab,Amritsar,Shri Gurjeet Singh Aujla,6a932b5bcd944524379edf6b,Lok Sabha
Batala,7,GURDASPUR,1,Punjab,Gurdaspur,SUKHJINDER SINGH RANDHAWA,6a932b5bcd944524379edf9f,Lok Sabha
Urmar,41,HOSHIARPUR,5,Punjab,Hoshiarpur,DR. RAJ KUMAR CHABBEWAL,6a932b5bcd944524379ede49,Lok Sabha
Sri Hargobindpur (S,8,HOSHIARPUR,5,Punjab,Gurdaspur,DR. RAJ KUMAR CHABBEWAL,6a932b5bcd944524379ede49,Lok Sabha
Sham Chaurasi (Sc),42,HOSHIARPUR,5,Punjab,Hoshiarpur,DR. RAJ KUMAR CHABBEWAL,6a932b5bcd944524379ede49,Lok Sabha
Attari (Sc),20,AMRITSAR,2,Punjab,Amritsar,Shri Gurjeet Singh Aujla,6a932b5bcd944524379edf6b,Lok Sabha
Amritsar West (Sc),16,AMRITSAR,2,Punjab,Amritsar,Shri Gurjeet Singh Aujla,6a932b5bcd944524379edf6b,Lok Sabha
Jandiala (Sc),14,KHADOOR SAHIB,3,Punjab,Amritsar,Dr. Sandeep Kumar Pathak (2022-28),6a932b5ecd944524379ee205,Rajya Sabha
Amritsar East,18,AMRITSAR,2,Punjab,Amritsar,Shri Gurjeet Singh Aujla,6a932b5bcd944524379edf6b,Lok Sabha
Amritsar North,15,AMRITSAR,2,Punjab,Amritsar,Shri Gurjeet Singh Aujla,6a932b5bcd944524379edf6b,Lok Sabha
Hoshiarpur,43,HOSHIARPUR,5,Punjab,Hoshiarpur,DR. RAJ KUMAR CHABBEWAL,6a932b5bcd944524379ede49,Lok Sabha
Amritsar Central,17,AMRITSAR,2,Punjab,Amritsar,Shri Gurjeet Singh Aujla,6a932b5bcd944524379edf6b,Lok Sabha
Baba Bakala (Sc),25,KHADOOR SAHIB,3,Punjab,Amritsar,Dr. Sandeep Kumar Pathak (2022-28),6a932b5ecd944524379ee205,Rajya Sabha
Bholath,26,HOSHIARPUR,5,Punjab,Kapurthala,DR. RAJ KUMAR CHABBEWAL,6a932b5bcd944524379ede49,Lok Sabha
Amritsar South,19,AMRITSAR,2,Punjab,Amritsar,Shri Gurjeet Singh Aujla,6a932b5bcd944524379edf6b,Lok Sabha
Adampur (Sc),38,JALANDHAR,4,Punjab,Jalandhar,CHARANJIT SINGH CHANNI,6a932b5bcd944524379ede18,Lok Sabha
Tarn Taran,21,KHADOOR SAHIB,3,Punjab,Amritsar,Dr. Sandeep Kumar Pathak (2022-28),6a932b5ecd944524379ee205,Rajya Sabha
Kartarpur (Sc),33,JALANDHAR,4,Punjab,Jalandhar,CHARANJIT SINGH CHANNI,6a932b5bcd944524379ede18,Lok Sabha
Khadoor Sahib,24,KHADOOR SAHIB,3,Punjab,Amritsar,Dr. Sandeep Kumar Pathak (2022-28),6a932b5ecd944524379ee205,Rajya Sabha
Chabbewal (Sc),44,HOSHIARPUR,5,Punjab,Hoshiarpur,DR. RAJ KUMAR CHABBEWAL,6a932b5bcd944524379ede49,Lok Sabha
Khem Karan,22,KHADOOR SAHIB,3,Punjab,Amritsar,Dr. Sandeep Kumar Pathak (2022-28),6a932b5ecd944524379ee205,Rajya Sabha
Kapurthala,27,KHADOOR SAHIB,3,Punjab,Kapurthala,Dr. Sandeep Kumar Pathak (2022-28),6a932b5ecd944524379ee205,Rajya Sabha
Sultanpur Lodhi,28,KHADOOR SAHIB,3,Punjab,Kapurthala,Dr. Sandeep Kumar Pathak (2022-28),6a932b5ecd944524379ee205,Rajya Sabha
Anandpur Sahib,49,ANANDPUR SAHIB,6,Punjab,Rupnagar,MALVINDER SINGH KANG,6a932b5bcd944524379edec1,Lok Sabha
Patti,23,KHADOOR SAHIB,3,Punjab,Amritsar,Dr. Sandeep Kumar Pathak (2022-28),6a932b5ecd944524379ee205,Rajya Sabha
Jalandhar North,36,JALANDHAR,4,Punjab,Jalandhar,CHARANJIT SINGH CHANNI,6a932b5bcd944524379ede18,Lok Sabha
Garhshankar,45,ANANDPUR SAHIB,6,Punjab,Hoshiarpur,MALVINDER SINGH KANG,6a932b5bcd944524379edec1,Lok Sabha
Phagwara (Sc),29,HOSHIARPUR,5,Punjab,Kapurthala,DR. RAJ KUMAR CHABBEWAL,6a932b5bcd944524379ede49,Lok Sabha
Jalandhar Central,35,JALANDHAR,4,Punjab,Jalandhar,CHARANJIT SINGH CHANNI,6a932b5bcd944524379ede18,Lok Sabha
Jalandhar West (Sc),34,JALANDHAR,4,Punjab,Jalandhar,CHARANJIT SINGH CHANNI,6a932b5bcd944524379ede18,Lok Sabha
Jalandhar Cantt.,37,JALANDHAR,4,Punjab,Jalandhar,CHARANJIT SINGH CHANNI,6a932b5bcd944524379ede18,Lok Sabha
Banga (Sc),46,ANANDPUR SAHIB,6,Punjab,Nawanshahr,MALVINDER SINGH KANG,6a932b5bcd944524379edec1,Lok Sabha
Nakodar,31,JALANDHAR,4,Punjab,Jalandhar,CHARANJIT SINGH CHANNI,6a932b5bcd944524379ede18,Lok Sabha
Rupnagar,50,ANANDPUR SAHIB,6,Punjab,Rupnagar,MALVINDER SINGH KANG,6a932b5bcd944524379edec1,Lok Sabha
Shahkot,32,JALANDHAR,4,Punjab,Jalandhar,CHARANJIT SINGH CHANNI,6a932b5bcd944524379ede18,Lok Sabha
Balachaur,48,ANANDPUR SAHIB,6,Punjab,Nawanshahr,MALVINDER SINGH KANG,6a932b5bcd944524379edec1,Lok Sabha
Nawan Shahr,47,ANANDPUR SAHIB,6,Punjab,Nawanshahr,MALVINDER SINGH KANG,6a932b5bcd944524379edec1,Lok Sabha
Phillaur (Sc),30,JALANDHAR,4,Punjab,Jalandhar,CHARANJIT SINGH CHANNI,6a932b5bcd944524379ede18,Lok Sabha
Zira,75,KHADOOR SAHIB,3,Punjab,Firozpur,Dr. Sandeep Kumar Pathak (2022-28),6a932b5ecd944524379ee205,Rajya Sabha
Firozpur City,76,FIROZPUR,10,Punjab,Firozpur,SHER SINGH GHUBAYA,6a932b5bcd944524379edf59,Lok Sabha
Firozpur Rural (Sc),77,FIROZPUR,10,Punjab,Firozpur,SHER SINGH GHUBAYA,6a932b5bcd944524379edf59,Lok Sabha
Gill (Sc),66,LUDHIANA,7,Punjab,Ludhiana,AMRINDER SINGH RAJA WARRING,6a932b5bcd944524379eddc9,Lok Sabha
Sahnewal,59,FATEHGARH SAHIB,8,Punjab,Ludhiana,Shri Amar Singh,6a932b5bcd944524379edf61,Lok Sabha
Jagraon (Sc),70,LUDHIANA,7,Punjab,Ludhiana,AMRINDER SINGH RAJA WARRING,6a932b5bcd944524379eddc9,Lok Sabha
Samrala,58,FATEHGARH SAHIB,8,Punjab,Ludhiana,Shri Amar Singh,6a932b5bcd944524379edf61,Lok Sabha
Dakha,68,LUDHIANA,7,Punjab,Ludhiana,AMRINDER SINGH RAJA WARRING,6a932b5bcd944524379eddc9,Lok Sabha
Chamkaur Sahib (Sc),51,ANANDPUR SAHIB,6,Punjab,Rupnagar,MALVINDER SINGH KANG,6a932b5bcd944524379edec1,Lok Sabha
Ludhiana North,65,LUDHIANA,7,Punjab,Ludhiana,AMRINDER SINGH RAJA WARRING,6a932b5bcd944524379eddc9,Lok Sabha
Ludhiana East,60,LUDHIANA,7,Punjab,Ludhiana,AMRINDER SINGH RAJA WARRING,6a932b5bcd944524379eddc9,Lok Sabha
Ludhiana Central,63,LUDHIANA,7,Punjab,Ludhiana,AMRINDER SINGH RAJA WARRING,6a932b5bcd944524379eddc9,Lok Sabha
Moga,73,FARIDKOT,9,Punjab,Moga,SARABJEET SINGH KHALSA,6a932b5bcd944524379edf4b,Lok Sabha
Ludhiana West,64,LUDHIANA,7,Punjab,Ludhiana,AMRINDER SINGH RAJA WARRING,6a932b5bcd944524379eddc9,Lok Sabha
Guru Har Sahai,78,FIROZPUR,10,Punjab,Firozpur,SHER SINGH GHUBAYA,6a932b5bcd944524379edf59,Lok Sabha
Kharar,52,ANANDPUR SAHIB,6,Punjab,Rupnagar,MALVINDER SINGH KANG,6a932b5bcd944524379edec1,Lok Sabha
Atam Nagar,62,LUDHIANA,7,Punjab,Ludhiana,AMRINDER SINGH RAJA WARRING,6a932b5bcd944524379eddc9,Lok Sabha
Ludhiana South,61,LUDHIANA,7,Punjab,Ludhiana,AMRINDER SINGH RAJA WARRING,6a932b5bcd944524379eddc9,Lok Sabha
Dharamkot,74,FARIDKOT,9,Punjab,Moga,SARABJEET SINGH KHALSA,6a932b5bcd944524379edf4b,Lok Sabha
Nihal Singhwala (Sc,71,FARIDKOT,9,Punjab,Moga,SARABJEET SINGH KHALSA,6a932b5bcd944524379edf4b,Lok Sabha
Faridkot,87,FARIDKOT,9,Punjab,Faridkot,SARABJEET SINGH KHALSA,6a932b5bcd944524379edf4b,Lok Sabha
Payal (Sc),67,FATEHGARH SAHIB,8,Punjab,Ludhiana,Shri Amar Singh,6a932b5bcd944524379edf61,Lok Sabha
Raikot (Sc),69,FATEHGARH SAHIB,8,Punjab,Ludhiana,Shri Amar Singh,6a932b5bcd944524379edf61,Lok Sabha
Bhagha Purana,72,FARIDKOT,9,Punjab,Moga,SARABJEET SINGH KHALSA,6a932b5bcd944524379edf4b,Lok Sabha
Kotkapura,88,FARIDKOT,9,Punjab,Faridkot,SARABJEET SINGH KHALSA,6a932b5bcd944524379edf4b,Lok Sabha
Khanna,57,FATEHGARH SAHIB,8,Punjab,Ludhiana,Shri Amar Singh,6a932b5bcd944524379edf61,Lok Sabha
S.A.S.Nagar,53,ANANDPUR SAHIB,6,Punjab,Rupnagar,MALVINDER SINGH KANG,6a932b5bcd944524379edec1,Lok Sabha
Bassi Pathana (Sc),54,FATEHGARH SAHIB,8,Punjab,Fatehgarh Sahib,Shri Amar Singh,6a932b5bcd944524379edf61,Lok Sabha
Jaitu (Sc),89,FARIDKOT,9,Punjab,Faridkot,SARABJEET SINGH KHALSA,6a932b5bcd944524379edf4b,Lok Sabha
Muktsar,86,FIROZPUR,10,Punjab,Muktsar,SHER SINGH GHUBAYA,6a932b5bcd944524379edf59,Lok Sabha
Jalalabad,79,FIROZPUR,10,Punjab,Firozpur,SHER SINGH GHUBAYA,6a932b5bcd944524379edf59,Lok Sabha
Amargarh,106,FATEHGARH SAHIB,8,Punjab,Sangrur,Shri Amar Singh,6a932b5bcd944524379edf61,Lok Sabha
Fatehgarh Sahib,55,FATEHGARH SAHIB,8,Punjab,Fatehgarh Sahib,Shri Amar Singh,6a932b5bcd944524379edf61,Lok Sabha
Amloh,56,FATEHGARH SAHIB,8,Punjab,Fatehgarh Sahib,Shri Amar Singh,6a932b5bcd944524379edf61,Lok Sabha
Dera Bassi,112,PATIALA,13,Punjab,Patiala,DR DHARAMVIRA GANDHI,6a932b5bcd944524379ede38,Lok Sabha
Malerkotla,105,SANGRUR,12,Punjab,Sangrur,GURMEET SINGH MEET HAYER,6a932b5bcd944524379ede68,Lok Sabha
Fazilka,80,FIROZPUR,10,Punjab,Firozpur,SHER SINGH GHUBAYA,6a932b5bcd944524379edf59,Lok Sabha
Mehal Kalan (Sc),104,SANGRUR,12,Punjab,Sangrur,GURMEET SINGH MEET HAYER,6a932b5bcd944524379ede68,Lok Sabha
Rampura Phul,90,FARIDKOT,9,Punjab,Bathinda,SARABJEET SINGH KHALSA,6a932b5bcd944524379edf4b,Lok Sabha
Rajpura,111,PATIALA,13,Punjab,Patiala,DR DHARAMVIRA GANDHI,6a932b5bcd944524379ede38,Lok Sabha
Malout (Sc),85,FIROZPUR,10,Punjab,Muktsar,SHER SINGH GHUBAYA,6a932b5bcd944524379edf59,Lok Sabha
Gidderbaha,84,FARIDKOT,9,Punjab,Muktsar,SARABJEET SINGH KHALSA,6a932b5bcd944524379edf4b,Lok Sabha
Bhadaur (Sc),102,SANGRUR,12,Punjab,Sangrur,GURMEET SINGH MEET HAYER,6a932b5bcd944524379ede68,Lok Sabha
Nabha (Sc),109,PATIALA,13,Punjab,Patiala,DR DHARAMVIRA GANDHI,6a932b5bcd944524379ede38,Lok Sabha
Ghanaur,113,PATIALA,13,Punjab,Patiala,DR DHARAMVIRA GANDHI,6a932b5bcd944524379ede38,Lok Sabha
Dhuri,107,PATIALA,13,Punjab,Sangrur,DR DHARAMVIRA GANDHI,6a932b5bcd944524379ede38,Lok Sabha
Patiala Rural,110,PATIALA,13,Punjab,Patiala,DR DHARAMVIRA GANDHI,6a932b5bcd944524379ede38,Lok Sabha
Barnala,103,SANGRUR,12,Punjab,Sangrur,GURMEET SINGH MEET HAYER,6a932b5bcd944524379ede68,Lok Sabha
Bhucho Mandi (Sc),91,BHATINDA,11,Punjab,Bathinda,Smt Harsimrat Kaur Badal,6a932b5bcd944524379edf8c,Lok Sabha
Sanour,114,PATIALA,13,Punjab,Patiala,DR DHARAMVIRA GANDHI,6a932b5bcd944524379ede38,Lok Sabha
Lambi,83,BHATINDA,11,Punjab,Muktsar,Smt Harsimrat Kaur Badal,6a932b5bcd944524379edf8c,Lok Sabha
Balluana (Sc),82,FIROZPUR,10,Punjab,Firozpur,SHER SINGH GHUBAYA,6a932b5bcd944524379edf59,Lok Sabha
Samana,116,PATIALA,13,Punjab,Patiala,DR DHARAMVIRA GANDHI,6a932b5bcd944524379ede38,Lok Sabha
Sangrur,108,PATIALA,13,Punjab,Sangrur,DR DHARAMVIRA GANDHI,6a932b5bcd944524379ede38,Lok Sabha
Maur,95,BHATINDA,11,Punjab,Bathinda,Smt Harsimrat Kaur Badal,6a932b5bcd944524379edf8c,Lok Sabha
Bathinda Rural (Sc),93,BHATINDA,11,Punjab,Bathinda,Smt Harsimrat Kaur Badal,6a932b5bcd944524379edf8c,Lok Sabha
Patiala,115,PATIALA,13,Punjab,Patiala,DR DHARAMVIRA GANDHI,6a932b5bcd944524379ede38,Lok Sabha
Bathinda Urban,92,BHATINDA,11,Punjab,Bathinda,Smt Harsimrat Kaur Badal,6a932b5bcd944524379edf8c,Lok Sabha
Sunam,101,SANGRUR,12,Punjab,Sangrur,GURMEET SINGH MEET HAYER,6a932b5bcd944524379ede68,Lok Sabha
Abohar,81,FIROZPUR,10,Punjab,Firozpur,SHER SINGH GHUBAYA,6a932b5bcd944524379edf59,Lok Sabha
Mansa,96,BHATINDA,11,Punjab,Mansa,Smt Harsimrat Kaur Badal,6a932b5bcd944524379edf8c,Lok Sabha
Dirba (Sc),100,SANGRUR,12,Punjab,Sangrur,GURMEET SINGH MEET HAYER,6a932b5bcd944524379ede68,Lok Sabha
Shutrana (Sc),117,PATIALA,13,Punjab,Patiala,DR DHARAMVIRA GANDHI,6a932b5bcd944524379ede38,Lok Sabha
Talwandi Sabo,94,BHATINDA,11,Punjab,Bathinda,Smt Harsimrat Kaur Badal,6a932b5bcd944524379edf8c,Lok Sabha
Budhlada (Sc),98,BHATINDA,11,Punjab,Mansa,Smt Harsimrat Kaur Badal,6a932b5bcd944524379edf8c,Lok Sabha
Sardulgarh,97,BHATINDA,11,Punjab,Mansa,Smt Harsimrat Kaur Badal,6a932b5bcd944524379edf8c,Lok Sabha
Lehra,99,SANGRUR,12,Punjab,Sangrur,GURMEET SINGH MEET HAYER,6a932b5bcd944524379ede68,Lok Sabha
Sadulshahar,1,GANGANAGAR,1,Rajasthan,Ganganagar,KULDEEP INDORA,6a932b5bcd944524379edead,Lok Sabha
Karanpur,3,GANGANAGAR,1,Rajasthan,Ganganagar,KULDEEP INDORA,6a932b5bcd944524379edead,Lok Sabha
Ganganagar,2,GANGANAGAR,1,Rajasthan,Ganganagar,KULDEEP INDORA,6a932b5bcd944524379edead,Lok Sabha
Sangaria,7,GANGANAGAR,1,Rajasthan,Hanumangarh,KULDEEP INDORA,6a932b5bcd944524379edead,Lok Sabha
Hanumangarh,8,GANGANAGAR,1,Rajasthan,Hanumangarh,KULDEEP INDORA,6a932b5bcd944524379edead,Lok Sabha
Raisinghnagar(Sc),5,GANGANAGAR,1,Rajasthan,Ganganagar,KULDEEP INDORA,6a932b5bcd944524379edead,Lok Sabha
Pilibanga (Sc),9,GANGANAGAR,1,Rajasthan,Hanumangarh,KULDEEP INDORA,6a932b5bcd944524379edead,Lok Sabha
Suratgarh,4,GANGANAGAR,1,Rajasthan,Ganganagar,KULDEEP INDORA,6a932b5bcd944524379edead,Lok Sabha
Nohar,10,CHURU,3,Rajasthan,Hanumangarh,Rahul Kaswan,6a932b5bcd944524379edf11,Lok Sabha
Anupgarh (Sc),6,BIKANER,2,Rajasthan,Ganganagar,Shri Arjun Ram Meghwal,6a932b5bcd944524379edf64,Lok Sabha
Bhadra,11,CHURU,3,Rajasthan,Hanumangarh,Rahul Kaswan,6a932b5bcd944524379edf11,Lok Sabha
Lunkaransar,16,BIKANER,2,Rajasthan,Bikaner,Shri Arjun Ram Meghwal,6a932b5bcd944524379edf64,Lok Sabha
Khajuwala(Sc),12,BIKANER,2,Rajasthan,Bikaner,Shri Arjun Ram Meghwal,6a932b5bcd944524379edf64,Lok Sabha
Sadulpur,19,CHURU,3,Rajasthan,Churu,Rahul Kaswan,6a932b5bcd944524379edf11,Lok Sabha
Taranagar,20,CHURU,3,Rajasthan,Churu,Rahul Kaswan,6a932b5bcd944524379edf11,Lok Sabha
Sardarshahar,21,CHURU,3,Rajasthan,Churu,Rahul Kaswan,6a932b5bcd944524379edf11,Lok Sabha
Churu,22,CHURU,3,Rajasthan,Churu,Rahul Kaswan,6a932b5bcd944524379edf11,Lok Sabha
Kolayat,15,BIKANER,2,Rajasthan,Bikaner,Shri Arjun Ram Meghwal,6a932b5bcd944524379edf64,Lok Sabha
Pilani (Sc),25,JHUNJHUNU,4,Rajasthan,Jhunjhunun,BRIJENDRA SINGH OLA,6a932b5bcd944524379ede0c,Lok Sabha
Mandawa,28,JHUNJHUNU,4,Rajasthan,Jhunjhunun,BRIJENDRA SINGH OLA,6a932b5bcd944524379ede0c,Lok Sabha
Dungargarh,17,BIKANER,2,Rajasthan,Churu,Shri Arjun Ram Meghwal,6a932b5bcd944524379edf64,Lok Sabha
Surajgarh,26,JHUNJHUNU,4,Rajasthan,Jhunjhunun,BRIJENDRA SINGH OLA,6a932b5bcd944524379ede0c,Lok Sabha
Jaisalmer,132,BARMER,17,Rajasthan,Jaisalmer,UMMEDA RAM BENIWAL,6a932b5bcd944524379edfb4,Lok Sabha
Ratangarh,23,CHURU,3,Rajasthan,Churu,Rahul Kaswan,6a932b5bcd944524379edf11,Lok Sabha
Jhunjhunu,27,JHUNJHUNU,4,Rajasthan,Jhunjhunun,BRIJENDRA SINGH OLA,6a932b5bcd944524379ede0c,Lok Sabha
Fatehpur,32,JHUNJHUNU,4,Rajasthan,Sikar,BRIJENDRA SINGH OLA,6a932b5bcd944524379ede0c,Lok Sabha
Bikaner West,13,BIKANER,2,Rajasthan,Bikaner,Shri Arjun Ram Meghwal,6a932b5bcd944524379edf64,Lok Sabha
Tijara,59,ALWAR,8,Rajasthan,Alwar,BHUPENDER YADAV,6a932b5bcd944524379ede06,Lok Sabha
Bikaner East,14,BIKANER,2,Rajasthan,Bikaner,Shri Arjun Ram Meghwal,6a932b5bcd944524379edf64,Lok Sabha
Behror,62,ALWAR,8,Rajasthan,Alwar,BHUPENDER YADAV,6a932b5bcd944524379ede06,Lok Sabha
Pokaran,133,JODHPUR,16,Rajasthan,Jaisalmer,Gajendra Singh Shekhawat,6a932b5bcd944524379ede5b,Lok Sabha
Khetri,31,JHUNJHUNU,4,Rajasthan,Jhunjhunun,BRIJENDRA SINGH OLA,6a932b5bcd944524379ede0c,Lok Sabha
Kishangarh Bas,60,ALWAR,8,Rajasthan,Alwar,BHUPENDER YADAV,6a932b5bcd944524379ede06,Lok Sabha
Nawalgarh,29,JHUNJHUNU,4,Rajasthan,Jhunjhunun,BRIJENDRA SINGH OLA,6a932b5bcd944524379ede0c,Lok Sabha
Mundawar,61,ALWAR,8,Rajasthan,Alwar,BHUPENDER YADAV,6a932b5bcd944524379ede06,Lok Sabha
Udaipurwati,30,JHUNJHUNU,4,Rajasthan,Jhunjhunun,BRIJENDRA SINGH OLA,6a932b5bcd944524379ede0c,Lok Sabha
Dungargarh,17,BIKANER,2,Rajasthan,Bikaner,Shri Arjun Ram Meghwal,6a932b5bcd944524379edf64,Lok Sabha
Sujangarh(Sc),24,CHURU,3,Rajasthan,Churu,Rahul Kaswan,6a932b5bcd944524379edf11,Lok Sabha
Lachhmangarh,33,SIKAR,5,Rajasthan,Sikar,AMRARAM,6a932b5bcd944524379eddc8,Lok Sabha
Neema Ka Thana,38,SIKAR,5,Rajasthan,Sikar,AMRARAM,6a932b5bcd944524379eddc8,Lok Sabha
Nokha,18,BIKANER,2,Rajasthan,Bikaner,Shri Arjun Ram Meghwal,6a932b5bcd944524379edf64,Lok Sabha
Sikar,35,SIKAR,5,Rajasthan,Sikar,AMRARAM,6a932b5bcd944524379eddc8,Lok Sabha
Kotputli,40,JAIPUR RURAL,6,Rajasthan,Jaipur,Rao Rajendra Singh,6a932b5bcd944524379edf2f,Lok Sabha
Bansur,63,JAIPUR RURAL,6,Rajasthan,Alwar,Rao Rajendra Singh,6a932b5bcd944524379edf2f,Lok Sabha
Dhod (Sc),34,SIKAR,5,Rajasthan,Sikar,AMRARAM,6a932b5bcd944524379eddc8,Lok Sabha
Phalodi,122,JODHPUR,16,Rajasthan,Jodhpur,Gajendra Singh Shekhawat,6a932b5bcd944524379ede5b,Lok Sabha
Kaman,70,BHARATPUR,9,Rajasthan,Bharatpur,SANJNA JATAV,6a932b5bcd944524379edf48,Lok Sabha
Ladnun,106,NAGAUR,14,Rajasthan,Nagaur,Shri Hanuman Beniwal,6a932b5bcd944524379edf6c,Lok Sabha
Alwar Rural (Sc),65,BHARATPUR,9,Rajasthan,Alwar,SANJNA JATAV,6a932b5bcd944524379edf48,Lok Sabha
Ramgarh,67,BHARATPUR,9,Rajasthan,Alwar,SANJNA JATAV,6a932b5bcd944524379edf48,Lok Sabha
Khandela,37,SIKAR,5,Rajasthan,Sikar,AMRARAM,6a932b5bcd944524379eddc8,Lok Sabha
Nagaur,109,NAGAUR,14,Rajasthan,Nagaur,Shri Hanuman Beniwal,6a932b5bcd944524379edf6c,Lok Sabha
Srimadhopur,39,SIKAR,5,Rajasthan,Sikar,AMRARAM,6a932b5bcd944524379eddc8,Lok Sabha
Danta Ramgarh,36,SIKAR,5,Rajasthan,Sikar,AMRARAM,6a932b5bcd944524379eddc8,Lok Sabha
Jayal (Sc),108,NAGAUR,14,Rajasthan,Nagaur,Shri Hanuman Beniwal,6a932b5bcd944524379edf6c,Lok Sabha
Viratnagar,41,JAIPUR RURAL,6,Rajasthan,Jaipur,Rao Rajendra Singh,6a932b5bcd944524379edf2f,Lok Sabha
Nagar,71,BHARATPUR,9,Rajasthan,Bharatpur,SANJNA JATAV,6a932b5bcd944524379edf48,Lok Sabha
Alwar Urban,66,BHARATPUR,9,Rajasthan,Alwar,SANJNA JATAV,6a932b5bcd944524379edf48,Lok Sabha
Deedwana,107,NAGAUR,14,Rajasthan,Nagaur,Shri Hanuman Beniwal,6a932b5bcd944524379edf6c,Lok Sabha
Deeg-Kumher,72,BHARATPUR,9,Rajasthan,Bharatpur,SANJNA JATAV,6a932b5bcd944524379edf48,Lok Sabha
Thanagazi,64,DAUSA,11,Rajasthan,Alwar,MURARI LAL MEENA,6a932b5bcd944524379eded9,Lok Sabha
Lohawat,123,JODHPUR,16,Rajasthan,Jodhpur,Gajendra Singh Shekhawat,6a932b5bcd944524379ede5b,Lok Sabha
Khinwsar,110,NAGAUR,14,Rajasthan,Nagaur,Shri Hanuman Beniwal,6a932b5bcd944524379edf6c,Lok Sabha
Kathumar (Sc),69,BHARATPUR,9,Rajasthan,Alwar,SANJNA JATAV,6a932b5bcd944524379edf48,Lok Sabha
Shahpura,42,JAIPUR RURAL,6,Rajasthan,Jaipur,Rao Rajendra Singh,6a932b5bcd944524379edf2f,Lok Sabha
Nawan,115,NAGAUR,14,Rajasthan,Nagaur,Shri Hanuman Beniwal,6a932b5bcd944524379edf6c,Lok Sabha
Rajgarh-Laxmangarh (St),68,BHARATPUR,9,Rajasthan,Alwar,SANJNA JATAV,6a932b5bcd944524379edf48,Lok Sabha
Chomu,43,SIKAR,5,Rajasthan,Jaipur,AMRARAM,6a932b5bcd944524379eddc8,Lok Sabha
Phulera,44,JAIPUR RURAL,6,Rajasthan,Jaipur,Rao Rajendra Singh,6a932b5bcd944524379edf2f,Lok Sabha
Makrana,113,NAGAUR,14,Rajasthan,Nagaur,Shri Hanuman Beniwal,6a932b5bcd944524379edf6c,Lok Sabha
Amber,47,JAIPUR RURAL,6,Rajasthan,Jaipur,Rao Rajendra Singh,6a932b5bcd944524379edf2f,Lok Sabha
Jamwa Ramgarh (St),48,JAIPUR RURAL,6,Rajasthan,Jaipur,Rao Rajendra Singh,6a932b5bcd944524379edf2f,Lok Sabha
Parbatsar,114,NAGAUR,14,Rajasthan,Nagaur,Shri Hanuman Beniwal,6a932b5bcd944524379edf6c,Lok Sabha
Nadbai,74,BHARATPUR,9,Rajasthan,Bharatpur,SANJNA JATAV,6a932b5bcd944524379edf48,Lok Sabha
Bharatpur,73,BHARATPUR,9,Rajasthan,Bharatpur,SANJNA JATAV,6a932b5bcd944524379edf48,Lok Sabha
Jhotwara,46,JAIPUR RURAL,6,Rajasthan,Jaipur,Rao Rajendra Singh,6a932b5bcd944524379edf2f,Lok Sabha
Mahuwa,86,DAUSA,11,Rajasthan,Dausa,MURARI LAL MEENA,6a932b5bcd944524379eded9,Lok Sabha
Degana,112,RAJSAMAND,22,Rajasthan,Nagaur,MAHIMA KUMARI MEWAR,6a932b5bcd944524379edebc,Lok Sabha
Bandikui,85,DAUSA,11,Rajasthan,Dausa,MURARI LAL MEENA,6a932b5bcd944524379eded9,Lok Sabha
Weir (Sc),75,BHARATPUR,9,Rajasthan,Bharatpur,SANJNA JATAV,6a932b5bcd944524379edf48,Lok Sabha
Osian,125,PALI,15,Rajasthan,Jodhpur,Shri PP Chaudhary,6a932b5bcd944524379edf78,Lok Sabha
Dausa,88,DAUSA,11,Rajasthan,Dausa,MURARI LAL MEENA,6a932b5bcd944524379eded9,Lok Sabha
Pushkar,99,AJMER,13,Rajasthan,Ajmer,Bhagirath Chaudhary,6a932b5bcd944524379eddfa,Lok Sabha
Vidhyadhar Nagar,50,JAIPUR,7,Rajasthan,Jaipur,MANJU SHARMA,6a932b5bcd944524379edec6,Lok Sabha
Bhopalgarh(Sc),126,PALI,15,Rajasthan,Jodhpur,Shri PP Chaudhary,6a932b5bcd944524379edf78,Lok Sabha
Shergarh,124,JODHPUR,16,Rajasthan,Jodhpur,Gajendra Singh Shekhawat,6a932b5bcd944524379ede5b,Lok Sabha
Bassi (St),57,DAUSA,11,Rajasthan,Jaipur,MURARI LAL MEENA,6a932b5bcd944524379eded9,Lok Sabha
Bayana (Sc),76,BHARATPUR,9,Rajasthan,Bharatpur,SANJNA JATAV,6a932b5bcd944524379edf48,Lok Sabha
Sikrai (Sc),87,DAUSA,11,Rajasthan,Dausa,MURARI LAL MEENA,6a932b5bcd944524379eded9,Lok Sabha
Dudu (Sc),45,AJMER,13,Rajasthan,Jaipur,Bhagirath Chaudhary,6a932b5bcd944524379eddfa,Lok Sabha
Todabhim(St),81,KARAULI ?DHOLPUR,10,Rajasthan,Karauli,Shri Mukul Wasnik (2022-28),6a932b5ecd944524379ee268,Rajya Sabha
Merta (Sc),111,RAJSAMAND,22,Rajasthan,Nagaur,MAHIMA KUMARI MEWAR,6a932b5bcd944524379edebc,Lok Sabha
Bagru (Sc),56,JAIPUR,7,Rajasthan,Jaipur,MANJU SHARMA,6a932b5bcd944524379edec6,Lok Sabha
Rajakhera,80,KARAULI ?DHOLPUR,10,Rajasthan,Dhaulpur,Shri Mukul Wasnik (2022-28),6a932b5ecd944524379ee268,Rajya Sabha
Bari,78,KARAULI ?DHOLPUR,10,Rajasthan,Dhaulpur,Shri Mukul Wasnik (2022-28),6a932b5ecd944524379ee268,Rajya Sabha
Kishangarh,98,AJMER,13,Rajasthan,Ajmer,Bhagirath Chaudhary,6a932b5bcd944524379eddfa,Lok Sabha
Dholpur,79,KARAULI ?DHOLPUR,10,Rajasthan,Dhaulpur,Shri Mukul Wasnik (2022-28),6a932b5ecd944524379ee268,Rajya Sabha
Hindaun (Sc),82,KARAULI ?DHOLPUR,10,Rajasthan,Karauli,Shri Mukul Wasnik (2022-28),6a932b5ecd944524379ee268,Rajya Sabha
Baseri (Sc),77,KARAULI ?DHOLPUR,10,Rajasthan,Dhaulpur,Shri Mukul Wasnik (2022-28),6a932b5ecd944524379ee268,Rajya Sabha
Karauli,83,KARAULI ?DHOLPUR,10,Rajasthan,Karauli,Shri Mukul Wasnik (2022-28),6a932b5ecd944524379ee268,Rajya Sabha
Chaksu (Sc),58,DAUSA,11,Rajasthan,Jaipur,MURARI LAL MEENA,6a932b5bcd944524379eded9,Lok Sabha
Lalsot (St),89,DAUSA,11,Rajasthan,Dausa,MURARI LAL MEENA,6a932b5bcd944524379eded9,Lok Sabha
Sheo,134,BARMER,17,Rajasthan,Barmer,UMMEDA RAM BENIWAL,6a932b5bcd944524379edfb4,Lok Sabha
Bamanwas(St),91,TONK-SAWAI MADHOPUR,12,Rajasthan,Sawai Madhopur,HARISH CHANDRA MEENA,6a932b5bcd944524379ede6d,Lok Sabha
Luni,130,JODHPUR,16,Rajasthan,Jodhpur,Gajendra Singh Shekhawat,6a932b5bcd944524379ede5b,Lok Sabha
Bilara (Sc),131,PALI,15,Rajasthan,Jodhpur,Shri PP Chaudhary,6a932b5bcd944524379edf78,Lok Sabha
Malpura,94,TONK-SAWAI MADHOPUR,12,Rajasthan,Tonk,HARISH CHANDRA MEENA,6a932b5bcd944524379ede6d,Lok Sabha
Baytoo,136,BARMER,17,Rajasthan,Barmer,UMMEDA RAM BENIWAL,6a932b5bcd944524379edfb4,Lok Sabha
Ajmer North,100,AJMER,13,Rajasthan,Ajmer,Bhagirath Chaudhary,6a932b5bcd944524379eddfa,Lok Sabha
Nasirabad,102,AJMER,13,Rajasthan,Ajmer,Bhagirath Chaudhary,6a932b5bcd944524379eddfa,Lok Sabha
Niwai (Sc),95,TONK-SAWAI MADHOPUR,12,Rajasthan,Tonk,HARISH CHANDRA MEENA,6a932b5bcd944524379ede6d,Lok Sabha
Jaitaran,116,RAJSAMAND,22,Rajasthan,Pali,MAHIMA KUMARI MEWAR,6a932b5bcd944524379edebc,Lok Sabha
Soorsagar,129,JODHPUR,16,Rajasthan,Jodhpur,Gajendra Singh Shekhawat,6a932b5bcd944524379ede5b,Lok Sabha
Sardarpura,127,JODHPUR,16,Rajasthan,Jodhpur,Gajendra Singh Shekhawat,6a932b5bcd944524379ede5b,Lok Sabha
Ajmer South (Sc),101,AJMER,13,Rajasthan,Ajmer,Bhagirath Chaudhary,6a932b5bcd944524379eddfa,Lok Sabha
Gangapur,90,TONK-SAWAI MADHOPUR,12,Rajasthan,Sawai Madhopur,HARISH CHANDRA MEENA,6a932b5bcd944524379ede6d,Lok Sabha
Pachpadra,137,BARMER,17,Rajasthan,Barmer,UMMEDA RAM BENIWAL,6a932b5bcd944524379edfb4,Lok Sabha
Sapotra (St),84,KARAULI ?DHOLPUR,10,Rajasthan,Karauli,Shri Mukul Wasnik (2022-28),6a932b5ecd944524379ee268,Rajya Sabha
Jodhpur,128,JODHPUR,16,Rajasthan,Jodhpur,Gajendra Singh Shekhawat,6a932b5bcd944524379ede5b,Lok Sabha
Sawai Madhopur,92,TONK-SAWAI MADHOPUR,12,Rajasthan,Sawai Madhopur,HARISH CHANDRA MEENA,6a932b5bcd944524379ede6d,Lok Sabha
Barmer,135,BARMER,17,Rajasthan,Barmer,UMMEDA RAM BENIWAL,6a932b5bcd944524379edfb4,Lok Sabha
Tonk,96,TONK-SAWAI MADHOPUR,12,Rajasthan,Tonk,HARISH CHANDRA MEENA,6a932b5bcd944524379ede6d,Lok Sabha
Masuda,104,AJMER,13,Rajasthan,Ajmer,Bhagirath Chaudhary,6a932b5bcd944524379eddfa,Lok Sabha
Sojat (Sc),117,PALI,15,Rajasthan,Pali,Shri PP Chaudhary,6a932b5bcd944524379edf78,Lok Sabha
Kekri,105,AJMER,13,Rajasthan,Ajmer,Bhagirath Chaudhary,6a932b5bcd944524379eddfa,Lok Sabha
Beawar,103,RAJSAMAND,22,Rajasthan,Ajmer,MAHIMA KUMARI MEWAR,6a932b5bcd944524379edebc,Lok Sabha
Khandar (Sc),93,TONK-SAWAI MADHOPUR,12,Rajasthan,Sawai Madhopur,HARISH CHANDRA MEENA,6a932b5bcd944524379ede6d,Lok Sabha
Pali,118,PALI,15,Rajasthan,Pali,Shri PP Chaudhary,6a932b5bcd944524379edf78,Lok Sabha
Deoli-Uniara,97,TONK-SAWAI MADHOPUR,12,Rajasthan,Tonk,HARISH CHANDRA MEENA,6a932b5bcd944524379ede6d,Lok Sabha
Siwana,138,BARMER,17,Rajasthan,Barmer,UMMEDA RAM BENIWAL,6a932b5bcd944524379edfb4,Lok Sabha
Sumerpur,121,PALI,15,Rajasthan,Pali,Shri PP Chaudhary,6a932b5bcd944524379edf78,Lok Sabha
Asind,177,BHILWARA,23,Rajasthan,Bhilwara,DAMODAR AGARWAL,6a932b5bcd944524379ede24,Lok Sabha
Marwar Junction,119,PALI,15,Rajasthan,Pali,Shri PP Chaudhary,6a932b5bcd944524379edf78,Lok Sabha
Ahore,141,JALORE,18,Rajasthan,Jalor,LUMBARAM,6a932b5bcd944524379edeb3,Lok Sabha
Bhim,173,RAJSAMAND,22,Rajasthan,Rajsamand,MAHIMA KUMARI MEWAR,6a932b5bcd944524379edebc,Lok Sabha
Shahpura(Sc),181,BHILWARA,23,Rajasthan,Bhilwara,DAMODAR AGARWAL,6a932b5bcd944524379ede24,Lok Sabha
Chohtan (Sc),140,BARMER,17,Rajasthan,Barmer,UMMEDA RAM BENIWAL,6a932b5bcd944524379edfb4,Lok Sabha
Hindoli,184,BHILWARA,23,Rajasthan,Bundi,DAMODAR AGARWAL,6a932b5bcd944524379ede24,Lok Sabha
Keshoraipatan(Sc),185,KOTA,24,Rajasthan,Bundi,Om Birla,6a932b5bcd944524379edee9,Lok Sabha
Gudha Malani,139,BARMER,17,Rajasthan,Barmer,UMMEDA RAM BENIWAL,6a932b5bcd944524379edfb4,Lok Sabha
Pipalda,187,KOTA,24,Rajasthan,Kota,Om Birla,6a932b5bcd944524379edee9,Lok Sabha
Mandal,178,BHILWARA,23,Rajasthan,Bhilwara,DAMODAR AGARWAL,6a932b5bcd944524379ede24,Lok Sabha
Jahazpur,182,BHILWARA,23,Rajasthan,Bhilwara,DAMODAR AGARWAL,6a932b5bcd944524379ede24,Lok Sabha
Jalore (Sc),142,JALORE,18,Rajasthan,Jalor,LUMBARAM,6a932b5bcd944524379edeb3,Lok Sabha
Bhinmal,143,JALORE,18,Rajasthan,Jalor,LUMBARAM,6a932b5bcd944524379edeb3,Lok Sabha
Sahara,179,BHILWARA,23,Rajasthan,Bhilwara,DAMODAR AGARWAL,6a932b5bcd944524379ede24,Lok Sabha
Bali,120,PALI,15,Rajasthan,Pali,Shri PP Chaudhary,6a932b5bcd944524379edf78,Lok Sabha
Bundi,186,KOTA,24,Rajasthan,Bundi,Om Birla,6a932b5bcd944524379edee9,Lok Sabha
Mandalgarh,183,BHILWARA,23,Rajasthan,Bhilwara,DAMODAR AGARWAL,6a932b5bcd944524379ede24,Lok Sabha
Kumbhalgarh,174,RAJSAMAND,22,Rajasthan,Rajsamand,MAHIMA KUMARI MEWAR,6a932b5bcd944524379edebc,Lok Sabha
Bhilwara,180,BHILWARA,23,Rajasthan,Bhilwara,DAMODAR AGARWAL,6a932b5bcd944524379ede24,Lok Sabha
Sirohi,146,JALORE,18,Rajasthan,Sirohi,LUMBARAM,6a932b5bcd944524379edeb3,Lok Sabha
Anta,193,JHALAWAR-BARAN,25,Rajasthan,Baran,Dushyant Singh,6a932b5bcd944524379ede52,Lok Sabha
Kishanganj,194,JHALAWAR-BARAN,25,Rajasthan,Baran,Dushyant Singh,6a932b5bcd944524379ede52,Lok Sabha
Sangod,188,KOTA,24,Rajasthan,Kota,Om Birla,6a932b5bcd944524379edee9,Lok Sabha
Sanchore,144,JALORE,18,Rajasthan,Jalor,LUMBARAM,6a932b5bcd944524379edeb3,Lok Sabha
Rajsamand,175,RAJSAMAND,22,Rajasthan,Rajsamand,MAHIMA KUMARI MEWAR,6a932b5bcd944524379edebc,Lok Sabha
Ladpura,191,KOTA,24,Rajasthan,Kota,Om Birla,6a932b5bcd944524379edee9,Lok Sabha
Kota North,189,KOTA,24,Rajasthan,Kota,Om Birla,6a932b5bcd944524379edee9,Lok Sabha
Kapasan(Sc),167,CHITTORGARH,21,Rajasthan,Chittaurgarh,Chandra Prakash Joshi,6a932b5bcd944524379ede15,Lok Sabha
Raniwara,145,JALORE,18,Rajasthan,Jalor,LUMBARAM,6a932b5bcd944524379edeb3,Lok Sabha
Gogunda(St),149,UDAIPUR,19,Rajasthan,Udaipur,MANNA LAL RAWAT,6a932b5bcd944524379edec7,Lok Sabha
Kota South,190,KOTA,24,Rajasthan,Kota,Om Birla,6a932b5bcd944524379edee9,Lok Sabha
Ramganj Mandi (Sc),192,KOTA,24,Rajasthan,Kota,Om Birla,6a932b5bcd944524379edee9,Lok Sabha
Nathdwara,176,RAJSAMAND,22,Rajasthan,Rajsamand,MAHIMA KUMARI MEWAR,6a932b5bcd944524379edebc,Lok Sabha
Baran?Atru (Sc),195,JHALAWAR-BARAN,25,Rajasthan,Baran,Dushyant Singh,6a932b5bcd944524379ede52,Lok Sabha
Chittorgarh,169,CHITTORGARH,21,Rajasthan,Chittaurgarh,Chandra Prakash Joshi,6a932b5bcd944524379ede15,Lok Sabha
Pindwara Abu (St),147,JALORE,18,Rajasthan,Sirohi,LUMBARAM,6a932b5bcd944524379edeb3,Lok Sabha
Begun,168,CHITTORGARH,21,Rajasthan,Chittaurgarh,Chandra Prakash Joshi,6a932b5bcd944524379ede15,Lok Sabha
Mavli,154,CHITTORGARH,21,Rajasthan,Udaipur,Chandra Prakash Joshi,6a932b5bcd944524379ede15,Lok Sabha
Reodar(Sc),148,JALORE,18,Rajasthan,Sirohi,LUMBARAM,6a932b5bcd944524379edeb3,Lok Sabha
Chhabra,196,JHALAWAR-BARAN,25,Rajasthan,Baran,Dushyant Singh,6a932b5bcd944524379ede52,Lok Sabha
Khanpur,199,JHALAWAR-BARAN,25,Rajasthan,Jhalawar,Dushyant Singh,6a932b5bcd944524379ede52,Lok Sabha
Jhadol(St),150,UDAIPUR,19,Rajasthan,Udaipur,MANNA LAL RAWAT,6a932b5bcd944524379edec7,Lok Sabha
Vallabhnagar,155,CHITTORGARH,21,Rajasthan,Udaipur,Chandra Prakash Joshi,6a932b5bcd944524379ede15,Lok Sabha
Nimbahera,170,CHITTORGARH,21,Rajasthan,Chittaurgarh,Chandra Prakash Joshi,6a932b5bcd944524379ede15,Lok Sabha
Bari Sadri,171,CHITTORGARH,21,Rajasthan,Chittaurgarh,Chandra Prakash Joshi,6a932b5bcd944524379ede15,Lok Sabha
Udaipur Rural(St),152,UDAIPUR,19,Rajasthan,Udaipur,MANNA LAL RAWAT,6a932b5bcd944524379edec7,Lok Sabha
Udaipur,153,UDAIPUR,19,Rajasthan,Udaipur,MANNA LAL RAWAT,6a932b5bcd944524379edec7,Lok Sabha
Jhalrapatan,198,JHALAWAR-BARAN,25,Rajasthan,Jhalawar,Dushyant Singh,6a932b5bcd944524379ede52,Lok Sabha
Salumber(St),156,UDAIPUR,19,Rajasthan,Udaipur,MANNA LAL RAWAT,6a932b5bcd944524379edec7,Lok Sabha
Dag (Sc),197,JHALAWAR-BARAN,25,Rajasthan,Jhalawar,Dushyant Singh,6a932b5bcd944524379ede52,Lok Sabha
Manohar Thana,200,JHALAWAR-BARAN,25,Rajasthan,Jhalawar,Dushyant Singh,6a932b5bcd944524379ede52,Lok Sabha
Dhariawad(St),157,UDAIPUR,19,Rajasthan,Udaipur,MANNA LAL RAWAT,6a932b5bcd944524379edec7,Lok Sabha
Kherwara(St),151,UDAIPUR,19,Rajasthan,Udaipur,MANNA LAL RAWAT,6a932b5bcd944524379edec7,Lok Sabha
Pratapgarh(St),172,CHITTORGARH,21,Rajasthan,Chittaurgarh,Chandra Prakash Joshi,6a932b5bcd944524379ede15,Lok Sabha
Aspur (St),159,UDAIPUR,19,Rajasthan,Dungarpur,MANNA LAL RAWAT,6a932b5bcd944524379edec7,Lok Sabha
Dungarpur(St),158,BANSWARA,20,Rajasthan,Dungarpur,RAJ KUMAR ROAT,6a932b5bcd944524379edf14,Lok Sabha
Ghatol (St),162,BANSWARA,20,Rajasthan,Banswara,RAJ KUMAR ROAT,6a932b5bcd944524379edf14,Lok Sabha
Sagwara(St),160,BANSWARA,20,Rajasthan,Dungarpur,RAJ KUMAR ROAT,6a932b5bcd944524379edf14,Lok Sabha
Chorasi (St),161,BANSWARA,20,Rajasthan,Dungarpur,RAJ KUMAR ROAT,6a932b5bcd944524379edf14,Lok Sabha
Garhi (St),163,BANSWARA,20,Rajasthan,Banswara,RAJ KUMAR ROAT,6a932b5bcd944524379edf14,Lok Sabha
Banswara(St),164,BANSWARA,20,Rajasthan,Banswara,RAJ KUMAR ROAT,6a932b5bcd944524379edf14,Lok Sabha
Bagidora(St),165,BANSWARA,20,Rajasthan,Banswara,RAJ KUMAR ROAT,6a932b5bcd944524379edf14,Lok Sabha
Kushalgarh(St),166,BANSWARA,20,Rajasthan,Banswara,RAJ KUMAR ROAT,6a932b5bcd944524379edf14,Lok Sabha
Sanganer,55,JAIPUR,7,Rajasthan,Jaipur,MANJU SHARMA,6a932b5bcd944524379edec6,Lok Sabha
Malviya Nagar,54,JAIPUR,7,Rajasthan,Jaipur,MANJU SHARMA,6a932b5bcd944524379edec6,Lok Sabha
Kishan Pole,52,JAIPUR,7,Rajasthan,Jaipur,MANJU SHARMA,6a932b5bcd944524379edec6,Lok Sabha
Adarsh Nagar,53,JAIPUR,7,Rajasthan,Jaipur,MANJU SHARMA,6a932b5bcd944524379edec6,Lok Sabha
Hawa Mahal,49,JAIPUR,7,Rajasthan,Jaipur,MANJU SHARMA,6a932b5bcd944524379edec6,Lok Sabha
Civil Lines,51,JAIPUR,7,Rajasthan,Jaipur,MANJU SHARMA,6a932b5bcd944524379edec6,Lok Sabha
Lachen Mangan(Bl),31,SIKKIM,1,Sikkim,North,Indra Hang Subba,6a932b5bcd944524379ede71,Lok Sabha
Djongu(Bl),30,SIKKIM,1,Sikkim,North,Indra Hang Subba,6a932b5bcd944524379ede71,Lok Sabha
Kabi Lungchuk(Bl),29,SIKKIM,1,Sikkim,North,Indra Hang Subba,6a932b5bcd944524379ede71,Lok Sabha
Barfung(Bl),9,SIKKIM,1,Sikkim,South,Indra Hang Subba,6a932b5bcd944524379ede71,Lok Sabha
Yoksam-Tashiding(Bl),1,SIKKIM,1,Sikkim,West,Indra Hang Subba,6a932b5bcd944524379ede71,Lok Sabha
Kabi Lungchuk(Bl),29,SIKKIM,1,Sikkim,East,Indra Hang Subba,6a932b5bcd944524379ede71,Lok Sabha
Tumen-Lingi(Bl),16,SIKKIM,1,Sikkim,East,Indra Hang Subba,6a932b5bcd944524379ede71,Lok Sabha
Tumen-Lingi(Bl),16,SIKKIM,1,Sikkim,South,Indra Hang Subba,6a932b5bcd944524379ede71,Lok Sabha
Upper Burtuk,28,SIKKIM,1,Sikkim,East,Indra Hang Subba,6a932b5bcd944524379ede71,Lok Sabha
Shyari(Bl),23,SIKKIM,1,Sikkim,East,Indra Hang Subba,6a932b5bcd944524379ede71,Lok Sabha
Yangthang,2,SIKKIM,1,Sikkim,West,Indra Hang Subba,6a932b5bcd944524379ede71,Lok Sabha
Gangtok(Bl),27,SIKKIM,1,Sikkim,East,Indra Hang Subba,6a932b5bcd944524379ede71,Lok Sabha
Rangang-Yangang,15,SIKKIM,1,Sikkim,South,Indra Hang Subba,6a932b5bcd944524379ede71,Lok Sabha
Martam-Rumtek (Bl),24,SIKKIM,1,Sikkim,East,Indra Hang Subba,6a932b5bcd944524379ede71,Lok Sabha
Upper Tadong,25,SIKKIM,1,Sikkim,East,Indra Hang Subba,6a932b5bcd944524379ede71,Lok Sabha
Arithang,26,SIKKIM,1,Sikkim,East,Indra Hang Subba,6a932b5bcd944524379ede71,Lok Sabha
Khamdong-Singtam,17,SIKKIM,1,Sikkim,East,Indra Hang Subba,6a932b5bcd944524379ede71,Lok Sabha
Namcheybung,22,SIKKIM,1,Sikkim,East,Indra Hang Subba,6a932b5bcd944524379ede71,Lok Sabha
Gnathang-Machong(Bl),21,SIKKIM,1,Sikkim,East,Indra Hang Subba,6a932b5bcd944524379ede71,Lok Sabha
Maneybung-Dentam,3,SIKKIM,1,Sikkim,West,Indra Hang Subba,6a932b5bcd944524379ede71,Lok Sabha
Gyalshing-Barnyak,4,SIKKIM,1,Sikkim,West,Indra Hang Subba,6a932b5bcd944524379ede71,Lok Sabha
Temi-Namphing,14,SIKKIM,1,Sikkim,South,Indra Hang Subba,6a932b5bcd944524379ede71,Lok Sabha
Chujachen,20,SIKKIM,1,Sikkim,East,Indra Hang Subba,6a932b5bcd944524379ede71,Lok Sabha
Rinchenpong(Bl),5,SIKKIM,1,Sikkim,West,Indra Hang Subba,6a932b5bcd944524379ede71,Lok Sabha
Rhenock,19,SIKKIM,1,Sikkim,East,Indra Hang Subba,6a932b5bcd944524379ede71,Lok Sabha
West Pendam(Sc),18,SIKKIM,1,Sikkim,East,Indra Hang Subba,6a932b5bcd944524379ede71,Lok Sabha
Poklok-Kamrang,10,SIKKIM,1,Sikkim,South,Indra Hang Subba,6a932b5bcd944524379ede71,Lok Sabha
Namthang-Rateypani,13,SIKKIM,1,Sikkim,South,Indra Hang Subba,6a932b5bcd944524379ede71,Lok Sabha
Namchi-Singhithang,11,SIKKIM,1,Sikkim,South,Indra Hang Subba,6a932b5bcd944524379ede71,Lok Sabha
Salghari-Zoom (Sc),8,SIKKIM,1,Sikkim,West,Indra Hang Subba,6a932b5bcd944524379ede71,Lok Sabha
Soreong-Chakung,7,SIKKIM,1,Sikkim,West,Indra Hang Subba,6a932b5bcd944524379ede71,Lok Sabha
Daramdin(Bl),6,SIKKIM,1,Sikkim,West,Indra Hang Subba,6a932b5bcd944524379ede71,Lok Sabha
Melli,12,SIKKIM,1,Sikkim,South,Indra Hang Subba,6a932b5bcd944524379ede71,Lok Sabha
Salghari-Zoom (Sc),8,SIKKIM,1,Sikkim,South,Indra Hang Subba,6a932b5bcd944524379ede71,Lok Sabha
Kadamtala - Kurti,54,TRIPURA EAST,2,Tripura,North Tripura,KRITI DEVI DEBBARMAN,6a932b5bcd944524379edeac,Lok Sabha
Bagbassa,55,TRIPURA EAST,2,Tripura,North Tripura,KRITI DEVI DEBBARMAN,6a932b5bcd944524379edeac,Lok Sabha
Dharmanagar,56,TRIPURA EAST,2,Tripura,North Tripura,KRITI DEVI DEBBARMAN,6a932b5bcd944524379edeac,Lok Sabha
Kailasahar,53,TRIPURA EAST,2,Tripura,North Tripura,KRITI DEVI DEBBARMAN,6a932b5bcd944524379edeac,Lok Sabha
Jubarajnagar,57,TRIPURA EAST,2,Tripura,North Tripura,KRITI DEVI DEBBARMAN,6a932b5bcd944524379edeac,Lok Sabha
Chandipur,52,TRIPURA EAST,2,Tripura,North Tripura,KRITI DEVI DEBBARMAN,6a932b5bcd944524379edeac,Lok Sabha
Panisagar,58,TRIPURA EAST,2,Tripura,North Tripura,KRITI DEVI DEBBARMAN,6a932b5bcd944524379edeac,Lok Sabha
Pencharthal (St),59,TRIPURA EAST,2,Tripura,North Tripura,KRITI DEVI DEBBARMAN,6a932b5bcd944524379edeac,Lok Sabha
Fatikroy (Sc),51,TRIPURA EAST,2,Tripura,North Tripura,KRITI DEVI DEBBARMAN,6a932b5bcd944524379edeac,Lok Sabha
Pabiachhara (Sc),50,TRIPURA EAST,2,Tripura,North Tripura,KRITI DEVI DEBBARMAN,6a932b5bcd944524379edeac,Lok Sabha
Kamalpur,45,TRIPURA EAST,2,Tripura,Dhalai,KRITI DEVI DEBBARMAN,6a932b5bcd944524379edeac,Lok Sabha
Surma (Sc),46,TRIPURA EAST,2,Tripura,Dhalai,KRITI DEVI DEBBARMAN,6a932b5bcd944524379edeac,Lok Sabha
Asharambari (St),26,TRIPURA EAST,2,Tripura,West Tripura,KRITI DEVI DEBBARMAN,6a932b5bcd944524379edeac,Lok Sabha
Karamchhara (St),48,TRIPURA EAST,2,Tripura,Dhalai,KRITI DEVI DEBBARMAN,6a932b5bcd944524379edeac,Lok Sabha
Kanchanpur (St),60,TRIPURA EAST,2,Tripura,North Tripura,KRITI DEVI DEBBARMAN,6a932b5bcd944524379edeac,Lok Sabha
Khowai,25,TRIPURA EAST,2,Tripura,West Tripura,KRITI DEVI DEBBARMAN,6a932b5bcd944524379edeac,Lok Sabha
Simna (St),1,TRIPURA WEST,1,Tripura,West Tripura,BIPLAB KUMAR DEB,6a932b5bcd944524379ede0a,Lok Sabha
Ramchandraghat(St),24,TRIPURA EAST,2,Tripura,West Tripura,KRITI DEVI DEBBARMAN,6a932b5bcd944524379edeac,Lok Sabha
Ambassa (St),47,TRIPURA EAST,2,Tripura,Dhalai,KRITI DEVI DEBBARMAN,6a932b5bcd944524379edeac,Lok Sabha
Kalyanpur-Pramodenagar,27,TRIPURA EAST,2,Tripura,West Tripura,KRITI DEVI DEBBARMAN,6a932b5bcd944524379edeac,Lok Sabha
Chhawmanu (St),49,TRIPURA EAST,2,Tripura,Dhalai,KRITI DEVI DEBBARMAN,6a932b5bcd944524379edeac,Lok Sabha
Mohanpur,2,TRIPURA WEST,1,Tripura,West Tripura,BIPLAB KUMAR DEB,6a932b5bcd944524379ede0a,Lok Sabha
Bamutia (Sc),3,TRIPURA WEST,1,Tripura,West Tripura,BIPLAB KUMAR DEB,6a932b5bcd944524379ede0a,Lok Sabha
Krishnapur (St),29,TRIPURA WEST,1,Tripura,West Tripura,BIPLAB KUMAR DEB,6a932b5bcd944524379ede0a,Lok Sabha
Mandaibazar(St),11,TRIPURA WEST,1,Tripura,West Tripura,BIPLAB KUMAR DEB,6a932b5bcd944524379ede0a,Lok Sabha
Teliamura,28,TRIPURA EAST,2,Tripura,West Tripura,KRITI DEVI DEBBARMAN,6a932b5bcd944524379edeac,Lok Sabha
Barjala (Sc),4,TRIPURA WEST,1,Tripura,West Tripura,BIPLAB KUMAR DEB,6a932b5bcd944524379ede0a,Lok Sabha
Khayerpur,5,TRIPURA WEST,1,Tripura,West Tripura,BIPLAB KUMAR DEB,6a932b5bcd944524379ede0a,Lok Sabha
Raima Valley (St),44,TRIPURA EAST,2,Tripura,Dhalai,KRITI DEVI DEBBARMAN,6a932b5bcd944524379edeac,Lok Sabha
Agartala,6,TRIPURA WEST,1,Tripura,West Tripura,BIPLAB KUMAR DEB,6a932b5bcd944524379ede0a,Lok Sabha
Majlishpur,10,TRIPURA WEST,1,Tripura,West Tripura,BIPLAB KUMAR DEB,6a932b5bcd944524379ede0a,Lok Sabha
Ramnagar,7,TRIPURA WEST,1,Tripura,West Tripura,BIPLAB KUMAR DEB,6a932b5bcd944524379ede0a,Lok Sabha
Banamalipur,9,TRIPURA WEST,1,Tripura,West Tripura,BIPLAB KUMAR DEB,6a932b5bcd944524379ede0a,Lok Sabha
Town Bordowali,8,TRIPURA WEST,1,Tripura,West Tripura,BIPLAB KUMAR DEB,6a932b5bcd944524379ede0a,Lok Sabha
Pratapgarh (Sc),13,TRIPURA WEST,1,Tripura,West Tripura,BIPLAB KUMAR DEB,6a932b5bcd944524379ede0a,Lok Sabha
Takarjala (St),12,TRIPURA WEST,1,Tripura,West Tripura,BIPLAB KUMAR DEB,6a932b5bcd944524379ede0a,Lok Sabha
Suryamaninagar,18,TRIPURA WEST,1,Tripura,West Tripura,BIPLAB KUMAR DEB,6a932b5bcd944524379ede0a,Lok Sabha
Badharghat (Sc),14,TRIPURA WEST,1,Tripura,West Tripura,BIPLAB KUMAR DEB,6a932b5bcd944524379ede0a,Lok Sabha
Ampinagar (St),41,TRIPURA EAST,2,Tripura,South Tripura,KRITI DEVI DEBBARMAN,6a932b5bcd944524379edeac,Lok Sabha
Golaghati (St),17,TRIPURA WEST,1,Tripura,West Tripura,BIPLAB KUMAR DEB,6a932b5bcd944524379ede0a,Lok Sabha
Amarpur,42,TRIPURA EAST,2,Tripura,South Tripura,KRITI DEVI DEBBARMAN,6a932b5bcd944524379edeac,Lok Sabha
Kamalasagar,15,TRIPURA WEST,1,Tripura,West Tripura,BIPLAB KUMAR DEB,6a932b5bcd944524379ede0a,Lok Sabha
Bagma (St),30,TRIPURA WEST,1,Tripura,South Tripura,BIPLAB KUMAR DEB,6a932b5bcd944524379ede0a,Lok Sabha
Bishalgarh,16,TRIPURA WEST,1,Tripura,West Tripura,BIPLAB KUMAR DEB,6a932b5bcd944524379ede0a,Lok Sabha
Charilam (St),19,TRIPURA WEST,1,Tripura,West Tripura,BIPLAB KUMAR DEB,6a932b5bcd944524379ede0a,Lok Sabha
Boxanagar,20,TRIPURA WEST,1,Tripura,West Tripura,BIPLAB KUMAR DEB,6a932b5bcd944524379ede0a,Lok Sabha
Matarbari,32,TRIPURA WEST,1,Tripura,South Tripura,BIPLAB KUMAR DEB,6a932b5bcd944524379ede0a,Lok Sabha
Nalchar (Sc),21,TRIPURA WEST,1,Tripura,West Tripura,BIPLAB KUMAR DEB,6a932b5bcd944524379ede0a,Lok Sabha
Radhakishorepur,31,TRIPURA WEST,1,Tripura,South Tripura,BIPLAB KUMAR DEB,6a932b5bcd944524379ede0a,Lok Sabha
Kakraban-Salgarah(Sc),33,TRIPURA WEST,1,Tripura,South Tripura,BIPLAB KUMAR DEB,6a932b5bcd944524379ede0a,Lok Sabha
Karbook (St),43,TRIPURA EAST,2,Tripura,South Tripura,KRITI DEVI DEBBARMAN,6a932b5bcd944524379edeac,Lok Sabha
Sonamura,22,TRIPURA WEST,1,Tripura,West Tripura,BIPLAB KUMAR DEB,6a932b5bcd944524379ede0a,Lok Sabha
Dhanpur,23,TRIPURA WEST,1,Tripura,West Tripura,BIPLAB KUMAR DEB,6a932b5bcd944524379ede0a,Lok Sabha
Santirbazar (St),36,TRIPURA WEST,1,Tripura,South Tripura,BIPLAB KUMAR DEB,6a932b5bcd944524379ede0a,Lok Sabha
Rajnagar (Sc),34,TRIPURA WEST,1,Tripura,South Tripura,BIPLAB KUMAR DEB,6a932b5bcd944524379ede0a,Lok Sabha
Belonia,35,TRIPURA WEST,1,Tripura,South Tripura,BIPLAB KUMAR DEB,6a932b5bcd944524379ede0a,Lok Sabha
Jolaibari (St),38,TRIPURA EAST,2,Tripura,South Tripura,KRITI DEVI DEBBARMAN,6a932b5bcd944524379edeac,Lok Sabha
Hrishyamukh,37,TRIPURA EAST,2,Tripura,South Tripura,KRITI DEVI DEBBARMAN,6a932b5bcd944524379edeac,Lok Sabha
Manu (St),39,TRIPURA EAST,2,Tripura,South Tripura,KRITI DEVI DEBBARMAN,6a932b5bcd944524379edeac,Lok Sabha
Sabroom,40,TRIPURA EAST,2,Tripura,South Tripura,KRITI DEVI DEBBARMAN,6a932b5bcd944524379edeac,Lok Sabha
Gangotri,3,TEHRI GARHWAL,1,Uttarakhand,Uttarkashi,Mala Rajya Laxmi Shah,6a932b5bcd944524379edebd,Lok Sabha
Purola (Sc),1,TEHRI GARHWAL,1,Uttarakhand,Uttarkashi,Mala Rajya Laxmi Shah,6a932b5bcd944524379edebd,Lok Sabha
Badrinath,4,GARHWAL,2,Uttarakhand,Chamoli,ANIL BALUNI,6a932b5bcd944524379eddd0,Lok Sabha
Yamunotri,2,TEHRI GARHWAL,1,Uttarakhand,Uttarkashi,Mala Rajya Laxmi Shah,6a932b5bcd944524379edebd,Lok Sabha
Chakrata (St),15,TEHRI GARHWAL,1,Uttarakhand,Dehradun,Mala Rajya Laxmi Shah,6a932b5bcd944524379edebd,Lok Sabha
Ghanshali (Sc),9,TEHRI GARHWAL,1,Uttarakhand,Tehri Garhwal,Mala Rajya Laxmi Shah,6a932b5bcd944524379edebd,Lok Sabha
Kedarnath,7,GARHWAL,2,Uttarakhand,Rudraprayag,ANIL BALUNI,6a932b5bcd944524379eddd0,Lok Sabha
Dharchula,42,ALMORA,3,Uttarakhand,Pithoragarh,Ajay Tamta,6a932b5bcd944524379eddbd,Lok Sabha
Dhanolti,14,TEHRI GARHWAL,1,Uttarakhand,Tehri Garhwal,Mala Rajya Laxmi Shah,6a932b5bcd944524379edebd,Lok Sabha
Pratapnagar,12,TEHRI GARHWAL,1,Uttarakhand,Tehri Garhwal,Mala Rajya Laxmi Shah,6a932b5bcd944524379edebd,Lok Sabha
Rudraprayag,8,GARHWAL,2,Uttarakhand,Rudraprayag,ANIL BALUNI,6a932b5bcd944524379eddd0,Lok Sabha
Vikasnagar,16,TEHRI GARHWAL,1,Uttarakhand,Dehradun,Mala Rajya Laxmi Shah,6a932b5bcd944524379edebd,Lok Sabha
Mussoorie,22,TEHRI GARHWAL,1,Uttarakhand,Dehradun,Mala Rajya Laxmi Shah,6a932b5bcd944524379edebd,Lok Sabha
Sahaspur,17,TEHRI GARHWAL,1,Uttarakhand,Dehradun,Mala Rajya Laxmi Shah,6a932b5bcd944524379edebd,Lok Sabha
Tehri,13,TEHRI GARHWAL,1,Uttarakhand,Tehri Garhwal,Mala Rajya Laxmi Shah,6a932b5bcd944524379edebd,Lok Sabha
Raipur,19,TEHRI GARHWAL,1,Uttarakhand,Dehradun,Mala Rajya Laxmi Shah,6a932b5bcd944524379edebd,Lok Sabha
Rajpur Road (Sc,20,TEHRI GARHWAL,1,Uttarakhand,Dehradun,Mala Rajya Laxmi Shah,6a932b5bcd944524379edebd,Lok Sabha
Deoprayag,10,GARHWAL,2,Uttarakhand,Tehri Garhwal,ANIL BALUNI,6a932b5bcd944524379eddd0,Lok Sabha
Karnprayag,6,GARHWAL,2,Uttarakhand,Chamoli,ANIL BALUNI,6a932b5bcd944524379eddd0,Lok Sabha
Dehradun Cantt.,21,TEHRI GARHWAL,1,Uttarakhand,Dehradun,Mala Rajya Laxmi Shah,6a932b5bcd944524379edebd,Lok Sabha
Tharali (Sc),5,GARHWAL,2,Uttarakhand,Chamoli,ANIL BALUNI,6a932b5bcd944524379eddd0,Lok Sabha
Dharampur,18,HARDWAR,5,Uttarakhand,Dehradun,TRIVENDRA SINGH RAWAT,6a932b5bcd944524379edfb2,Lok Sabha
Narendranagar,11,GARHWAL,2,Uttarakhand,Tehri Garhwal,ANIL BALUNI,6a932b5bcd944524379eddd0,Lok Sabha
Doiwala,23,HARDWAR,5,Uttarakhand,Dehradun,TRIVENDRA SINGH RAWAT,6a932b5bcd944524379edfb2,Lok Sabha
Kapkote,46,ALMORA,3,Uttarakhand,Bageshwar,Ajay Tamta,6a932b5bcd944524379eddbd,Lok Sabha
Jwalapur (Sc),27,HARDWAR,5,Uttarakhand,Hardwar,TRIVENDRA SINGH RAWAT,6a932b5bcd944524379edfb2,Lok Sabha
Srinagar,38,GARHWAL,2,Uttarakhand,Garhwal,ANIL BALUNI,6a932b5bcd944524379eddd0,Lok Sabha
Pauri (Sc),37,GARHWAL,2,Uttarakhand,Garhwal,ANIL BALUNI,6a932b5bcd944524379eddd0,Lok Sabha
Rishikesh,24,HARDWAR,5,Uttarakhand,Dehradun,TRIVENDRA SINGH RAWAT,6a932b5bcd944524379edfb2,Lok Sabha
Yamkeshwar,36,GARHWAL,2,Uttarakhand,Garhwal,ANIL BALUNI,6a932b5bcd944524379eddd0,Lok Sabha
B.H.E.L. Ranipu,26,HARDWAR,5,Uttarakhand,Hardwar,TRIVENDRA SINGH RAWAT,6a932b5bcd944524379edfb2,Lok Sabha
Chaubattakhal,39,GARHWAL,2,Uttarakhand,Garhwal,ANIL BALUNI,6a932b5bcd944524379eddd0,Lok Sabha
Bhagwanpur (Sc),28,HARDWAR,5,Uttarakhand,Hardwar,TRIVENDRA SINGH RAWAT,6a932b5bcd944524379edfb2,Lok Sabha
Bageshwar (Sc),47,ALMORA,3,Uttarakhand,Bageshwar,Ajay Tamta,6a932b5bcd944524379eddbd,Lok Sabha
Hardwar,25,HARDWAR,5,Uttarakhand,Hardwar,TRIVENDRA SINGH RAWAT,6a932b5bcd944524379edfb2,Lok Sabha
Pirankaliyar,30,HARDWAR,5,Uttarakhand,Hardwar,TRIVENDRA SINGH RAWAT,6a932b5bcd944524379edfb2,Lok Sabha
Hardwar Rural,35,HARDWAR,5,Uttarakhand,Hardwar,TRIVENDRA SINGH RAWAT,6a932b5bcd944524379edfb2,Lok Sabha
Salt,49,ALMORA,3,Uttarakhand,Almora,Ajay Tamta,6a932b5bcd944524379eddbd,Lok Sabha
Dwarahat,48,ALMORA,3,Uttarakhand,Almora,Ajay Tamta,6a932b5bcd944524379eddbd,Lok Sabha
Jhabrera (Sc),29,HARDWAR,5,Uttarakhand,Hardwar,TRIVENDRA SINGH RAWAT,6a932b5bcd944524379edfb2,Lok Sabha
Roorkee,31,HARDWAR,5,Uttarakhand,Hardwar,TRIVENDRA SINGH RAWAT,6a932b5bcd944524379edfb2,Lok Sabha
Lansdowne,40,GARHWAL,2,Uttarakhand,Garhwal,ANIL BALUNI,6a932b5bcd944524379eddd0,Lok Sabha
Khanpur,32,HARDWAR,5,Uttarakhand,Hardwar,TRIVENDRA SINGH RAWAT,6a932b5bcd944524379edfb2,Lok Sabha
Gangolihat (Sc),45,ALMORA,3,Uttarakhand,Pithoragarh,Ajay Tamta,6a932b5bcd944524379eddbd,Lok Sabha
Someshwar (Sc),51,ALMORA,3,Uttarakhand,Almora,Ajay Tamta,6a932b5bcd944524379eddbd,Lok Sabha
Didihat,43,ALMORA,3,Uttarakhand,Pithoragarh,Ajay Tamta,6a932b5bcd944524379eddbd,Lok Sabha
Laksar,34,HARDWAR,5,Uttarakhand,Hardwar,TRIVENDRA SINGH RAWAT,6a932b5bcd944524379edfb2,Lok Sabha
Manglaur,33,HARDWAR,5,Uttarakhand,Hardwar,TRIVENDRA SINGH RAWAT,6a932b5bcd944524379edfb2,Lok Sabha
Kotdwar,41,GARHWAL,2,Uttarakhand,Garhwal,ANIL BALUNI,6a932b5bcd944524379eddd0,Lok Sabha
Ranikhet,50,ALMORA,3,Uttarakhand,Almora,Ajay Tamta,6a932b5bcd944524379eddbd,Lok Sabha
Almora,52,ALMORA,3,Uttarakhand,Almora,Ajay Tamta,6a932b5bcd944524379eddbd,Lok Sabha
Pithoragarh,44,ALMORA,3,Uttarakhand,Pithoragarh,Ajay Tamta,6a932b5bcd944524379eddbd,Lok Sabha
Jageshwar,53,ALMORA,3,Uttarakhand,Almora,Ajay Tamta,6a932b5bcd944524379eddbd,Lok Sabha
Nainital (Sc),58,NAINITAL-UDHAMSINGH NAG,4,Uttarkhand,Nainital,Vacant,vacant,Lok Sabha
Ramnagar,61,GARHWAL,2,Uttarakhand,Nainital,ANIL BALUNI,6a932b5bcd944524379eddd0,Lok Sabha
Bhimtal,57,NAINITAL-UDHAMSINGH NAG,4,Uttarkhand,Nainital,Vacant,vacant,Lok Sabha
Lohaghat,54,ALMORA,3,Uttarakhand,Champawat,Ajay Tamta,6a932b5bcd944524379eddbd,Lok Sabha
Kaladhungi,60,NAINITAL-UDHAMSINGH NAG,4,Uttarkhand,Nainital,Vacant,vacant,Lok Sabha
Jaspur,62,NAINITAL-UDHAMSINGH NAG,4,Uttarkhand,Udham Singh Nagar,Vacant,vacant,Lok Sabha
Champawat,55,ALMORA,3,Uttarakhand,Champawat,Ajay Tamta,6a932b5bcd944524379eddbd,Lok Sabha
Kashipur,63,NAINITAL-UDHAMSINGH NAG,4,Uttarkhand,Udham Singh Nagar,Vacant,vacant,Lok Sabha
Bajpur (Sc),64,NAINITAL-UDHAMSINGH NAG,4,Uttarkhand,Udham Singh Nagar,Vacant,vacant,Lok Sabha
Lalkuwa,56,NAINITAL-UDHAMSINGH NAG,4,Uttarkhand,Nainital,Vacant,vacant,Lok Sabha
Haldwani,59,NAINITAL-UDHAMSINGH NAG,4,Uttarkhand,Nainital,Vacant,vacant,Lok Sabha
Gadarpur,65,NAINITAL-UDHAMSINGH NAG,4,Uttarkhand,Udham Singh Nagar,Vacant,vacant,Lok Sabha
Khatima,70,NAINITAL-UDHAMSINGH NAG,4,Uttarkhand,Udham Singh Nagar,Vacant,vacant,Lok Sabha
Sitarganj,68,NAINITAL-UDHAMSINGH NAG,4,Uttarkhand,Udham Singh Nagar,Vacant,vacant,Lok Sabha
Rudrapur,66,NAINITAL-UDHAMSINGH NAG,4,Uttarkhand,Udham Singh Nagar,Vacant,vacant,Lok Sabha
Kichha,67,NAINITAL-UDHAMSINGH NAG,4,Uttarkhand,Udham Singh Nagar,Vacant,vacant,Lok Sabha
Nanak Matta (St,69,NAINITAL-UDHAMSINGH NAG,4,Uttarkhand,Udham Singh Nagar,Vacant,vacant,Lok Sabha
Behat,1,SAHARANPUR,1,Uttar Pradesh,Saharanpur,IMRAN MASOOD,6a932b5bcd944524379ede70,Lok Sabha
Nakur,2,KAIRANA,2,Uttar Pradesh,Saharanpur,IQRA CHOUDHARY,6a932b5bcd944524379ede72,Lok Sabha
Saharanpur,4,SAHARANPUR,1,Uttar Pradesh,Saharanpur,IMRAN MASOOD,6a932b5bcd944524379ede70,Lok Sabha
Saharanpur Nagar,3,SAHARANPUR,1,Uttar Pradesh,Saharanpur,IMRAN MASOOD,6a932b5bcd944524379ede70,Lok Sabha
Rampur Maniharan(Sc),6,SAHARANPUR,1,Uttar Pradesh,Saharanpur,IMRAN MASOOD,6a932b5bcd944524379ede70,Lok Sabha
Deoband,5,SAHARANPUR,1,Uttar Pradesh,Saharanpur,IMRAN MASOOD,6a932b5bcd944524379ede70,Lok Sabha
Gangoh,7,KAIRANA,2,Uttar Pradesh,Saharanpur,IQRA CHOUDHARY,6a932b5bcd944524379ede72,Lok Sabha
Najibabad,17,NAGINA,5,Uttar Pradesh,Bijnor,CHANDRA SHEKHAR,6a932b5bcd944524379ede16,Lok Sabha
Barhapur,19,MORADABAD,6,Uttar Pradesh,Bijnor,RUCHI VIRA,6a932b5bcd944524379edf38,Lok Sabha
Purqazi (Sc),13,BIJNOR,4,Uttar Pradesh,Muzaffarnagar,CHANDAN CHAUHAN,6a932b5bcd944524379ede14,Lok Sabha
Kairana,8,KAIRANA,2,Uttar Pradesh,Muzaffarnagar,IQRA CHOUDHARY,6a932b5bcd944524379ede72,Lok Sabha
Thana Bhawan,9,KAIRANA,2,Uttar Pradesh,Muzaffarnagar,IQRA CHOUDHARY,6a932b5bcd944524379ede72,Lok Sabha
Charthawal,12,MUZAFFARNAGAR,3,Uttar Pradesh,Muzaffarnagar,HARENDRA SINGH MALIK,6a932b5bcd944524379ede6b,Lok Sabha
Bijnor,22,BIJNOR,4,Uttar Pradesh,Bijnor,CHANDAN CHAUHAN,6a932b5bcd944524379ede14,Lok Sabha
Nagina (Sc),18,NAGINA,5,Uttar Pradesh,Bijnor,CHANDRA SHEKHAR,6a932b5bcd944524379ede16,Lok Sabha
Meerapur,16,BIJNOR,4,Uttar Pradesh,Muzaffarnagar,CHANDAN CHAUHAN,6a932b5bcd944524379ede14,Lok Sabha
Shamli,10,KAIRANA,2,Uttar Pradesh,Muzaffarnagar,IQRA CHOUDHARY,6a932b5bcd944524379ede72,Lok Sabha
Muzaffar Nagar,14,MUZAFFARNAGAR,3,Uttar Pradesh,Muzaffarnagar,HARENDRA SINGH MALIK,6a932b5bcd944524379ede6b,Lok Sabha
Budhana,11,MUZAFFARNAGAR,3,Uttar Pradesh,Muzaffarnagar,HARENDRA SINGH MALIK,6a932b5bcd944524379ede6b,Lok Sabha
Khatauli,15,MUZAFFARNAGAR,3,Uttar Pradesh,Muzaffarnagar,HARENDRA SINGH MALIK,6a932b5bcd944524379ede6b,Lok Sabha
Dhampur,20,NAGINA,5,Uttar Pradesh,Bijnor,CHANDRA SHEKHAR,6a932b5bcd944524379ede16,Lok Sabha
Nehtaur (Sc),21,NAGINA,5,Uttar Pradesh,Bijnor,CHANDRA SHEKHAR,6a932b5bcd944524379ede16,Lok Sabha
Chhaprauli,50,BAGHPAT,11,Uttar Pradesh,Baghpat,DR RAJKUMAR SANGWAN,6a932b5bcd944524379ede3c,Lok Sabha
Sardhana,44,MUZAFFARNAGAR,3,Uttar Pradesh,Meerut,HARENDRA SINGH MALIK,6a932b5bcd944524379ede6b,Lok Sabha
Chandpur,23,BIJNOR,4,Uttar Pradesh,Bijnor,CHANDAN CHAUHAN,6a932b5bcd944524379ede14,Lok Sabha
Hastinapur (Sc),45,BIJNOR,4,Uttar Pradesh,Meerut,CHANDAN CHAUHAN,6a932b5bcd944524379ede14,Lok Sabha
Thakurdwara,26,MORADABAD,6,Uttar Pradesh,Moradabad,RUCHI VIRA,6a932b5bcd944524379edf38,Lok Sabha
Siwalkhas,43,BAGHPAT,11,Uttar Pradesh,Meerut,DR RAJKUMAR SANGWAN,6a932b5bcd944524379ede3c,Lok Sabha
Noorpur,24,MORADABAD,6,Uttar Pradesh,Bijnor,RUCHI VIRA,6a932b5bcd944524379edf38,Lok Sabha
Baraut,51,BAGHPAT,11,Uttar Pradesh,Baghpat,DR RAJKUMAR SANGWAN,6a932b5bcd944524379ede3c,Lok Sabha
Kanth,25,MORADABAD,6,Uttar Pradesh,Moradabad,RUCHI VIRA,6a932b5bcd944524379edf38,Lok Sabha
Suar,34,RAMPUR,7,Uttar Pradesh,Rampur,MOHIBBULLAH,6a932b5bcd944524379eded2,Lok Sabha
Kithore,46,MEERUT,10,Uttar Pradesh,Meerut,ARUN GOVIL,6a932b5bcd944524379edddc,Lok Sabha
Dhanaura (Sc),39,AMROHA,9,Uttar Pradesh,Jyotiba Phule Nagar,KANWAR SINGH TANWAR,6a932b5bcd944524379ede9b,Lok Sabha
Meerut Cantt.,47,MEERUT,10,Uttar Pradesh,Meerut,ARUN GOVIL,6a932b5bcd944524379edddc,Lok Sabha
Naugawan Sadat,40,AMROHA,9,Uttar Pradesh,Jyotiba Phule Nagar,KANWAR SINGH TANWAR,6a932b5bcd944524379ede9b,Lok Sabha
Baghpat,52,BAGHPAT,11,Uttar Pradesh,Baghpat,DR RAJKUMAR SANGWAN,6a932b5bcd944524379ede3c,Lok Sabha
Moradabad Rural,27,MORADABAD,6,Uttar Pradesh,Moradabad,RUCHI VIRA,6a932b5bcd944524379edf38,Lok Sabha
Chamraua,35,RAMPUR,7,Uttar Pradesh,Rampur,MOHIBBULLAH,6a932b5bcd944524379eded2,Lok Sabha
Meerut,48,MEERUT,10,Uttar Pradesh,Meerut,ARUN GOVIL,6a932b5bcd944524379edddc,Lok Sabha
Bilaspur,36,RAMPUR,7,Uttar Pradesh,Rampur,MOHIBBULLAH,6a932b5bcd944524379eded2,Lok Sabha
Meerut South,49,MEERUT,10,Uttar Pradesh,Meerut,ARUN GOVIL,6a932b5bcd944524379edddc,Lok Sabha
Kundarki,29,SAMBHAL,8,Uttar Pradesh,Moradabad,ZIA UR REHMAN,6a932b5bcd944524379edfcc,Lok Sabha
Modi Nagar,57,BAGHPAT,11,Uttar Pradesh,Ghaziabad,DR RAJKUMAR SANGWAN,6a932b5bcd944524379ede3c,Lok Sabha
Amroha,41,AMROHA,9,Uttar Pradesh,Jyotiba Phule Nagar,KANWAR SINGH TANWAR,6a932b5bcd944524379ede9b,Lok Sabha
Muradnagar,54,GHAZIABAD,12,Uttar Pradesh,Ghaziabad,ATUL GARG,6a932b5bcd944524379edde7,Lok Sabha
Garhmukteshwar,60,AMROHA,9,Uttar Pradesh,Ghaziabad,KANWAR SINGH TANWAR,6a932b5bcd944524379ede9b,Lok Sabha
Baheri,118,PILIBHIT,26,Uttar Pradesh,Bareilly,JITIN PRASADA,6a932b5bcd944524379ede80,Lok Sabha
Moradabad Nagar,28,MORADABAD,6,Uttar Pradesh,Moradabad,RUCHI VIRA,6a932b5bcd944524379edf38,Lok Sabha
Loni,53,GHAZIABAD,12,Uttar Pradesh,Ghaziabad,ATUL GARG,6a932b5bcd944524379edde7,Lok Sabha
Pilibhit,127,PILIBHIT,26,Uttar Pradesh,Pilibhit,JITIN PRASADA,6a932b5bcd944524379ede80,Lok Sabha
Asmoli,32,SAMBHAL,8,Uttar Pradesh,Moradabad,ZIA UR REHMAN,6a932b5bcd944524379edfcc,Lok Sabha
Rampur,37,RAMPUR,7,Uttar Pradesh,Rampur,MOHIBBULLAH,6a932b5bcd944524379eded2,Lok Sabha
Hasanpur,42,AMROHA,9,Uttar Pradesh,Jyotiba Phule Nagar,KANWAR SINGH TANWAR,6a932b5bcd944524379ede9b,Lok Sabha
Sambhal,33,SAMBHAL,8,Uttar Pradesh,Moradabad,ZIA UR REHMAN,6a932b5bcd944524379edfcc,Lok Sabha
Hapur (Sc),59,MEERUT,10,Uttar Pradesh,Ghaziabad,ARUN GOVIL,6a932b5bcd944524379edddc,Lok Sabha
Barkhera,128,PILIBHIT,26,Uttar Pradesh,Pilibhit,JITIN PRASADA,6a932b5bcd944524379ede80,Lok Sabha
Puranpur (Sc),129,PILIBHIT,26,Uttar Pradesh,Pilibhit,JITIN PRASADA,6a932b5bcd944524379ede80,Lok Sabha
Dholana,58,GHAZIABAD,12,Uttar Pradesh,Ghaziabad,ATUL GARG,6a932b5bcd944524379edde7,Lok Sabha
Meerganj,119,BAREILLY,25,Uttar Pradesh,Bareilly,CHHATRA PAL SINGH GANGWAR,6a932b5bcd944524379ede1a,Lok Sabha
Bhojipura,120,BAREILLY,25,Uttar Pradesh,Bareilly,CHHATRA PAL SINGH GANGWAR,6a932b5bcd944524379ede1a,Lok Sabha
Ghaziabad,56,GHAZIABAD,12,Uttar Pradesh,Ghaziabad,ATUL GARG,6a932b5bcd944524379edde7,Lok Sabha
Syana,66,BULANDSHAHR,14,Uttar Pradesh,Bulandshahr,Bhola Singh,6a932b5bcd944524379ede03,Lok Sabha
Sahibabad,55,GHAZIABAD,12,Uttar Pradesh,Ghaziabad,ATUL GARG,6a932b5bcd944524379edde7,Lok Sabha
Milak (Sc),38,RAMPUR,7,Uttar Pradesh,Rampur,MOHIBBULLAH,6a932b5bcd944524379eded2,Lok Sabha
Noida,61,GAUTAM BUDDHA NAGAR,13,Uttar Pradesh,Gautam Buddha Nagar,Mahesh Sharma,6a932b5bcd944524379edebb,Lok Sabha
Bilari,30,SAMBHAL,8,Uttar Pradesh,Moradabad,ZIA UR REHMAN,6a932b5bcd944524379edfcc,Lok Sabha
Palia,137,KHERI,28,Uttar Pradesh,Kheri,UTKARSH VERMA MADHUR,6a932b5bcd944524379edfb5,Lok Sabha
Dadri,62,GAUTAM BUDDHA NAGAR,13,Uttar Pradesh,Gautam Buddha Nagar,Mahesh Sharma,6a932b5bcd944524379edebb,Lok Sabha
Bulandshahr,65,BULANDSHAHR,14,Uttar Pradesh,Bulandshahr,Bhola Singh,6a932b5bcd944524379ede03,Lok Sabha
Sikandrabad,64,GAUTAM BUDDHA NAGAR,13,Uttar Pradesh,Bulandshahr,Mahesh Sharma,6a932b5bcd944524379edebb,Lok Sabha
Nawabganj,121,BAREILLY,25,Uttar Pradesh,Bareilly,CHHATRA PAL SINGH GANGWAR,6a932b5bcd944524379ede1a,Lok Sabha
Anupshahr,67,BULANDSHAHR,14,Uttar Pradesh,Bulandshahr,Bhola Singh,6a932b5bcd944524379ede03,Lok Sabha
Chandausi (Sc),31,SAMBHAL,8,Uttar Pradesh,Moradabad,ZIA UR REHMAN,6a932b5bcd944524379edfcc,Lok Sabha
Aonla,126,AONLA,24,Uttar Pradesh,Bareilly,NEERAJ MAURYA,6a932b5bcd944524379edee3,Lok Sabha
Jewar,63,GAUTAM BUDDHA NAGAR,13,Uttar Pradesh,Gautam Buddha Nagar,Mahesh Sharma,6a932b5bcd944524379edebb,Lok Sabha
Gunnaur,111,BADAUN,23,Uttar Pradesh,Budaun,ADITYA YADAV,6a932b5bcd944524379eddb4,Lok Sabha
Nighasan,138,KHERI,28,Uttar Pradesh,Kheri,UTKARSH VERMA MADHUR,6a932b5bcd944524379edfb5,Lok Sabha
Bisauli (Sc),112,BADAUN,23,Uttar Pradesh,Budaun,ADITYA YADAV,6a932b5bcd944524379eddb4,Lok Sabha
Powayan (Sc),134,SHAHJAHANPUR,27,Uttar Pradesh,Shahjahanpur,Shri Arun Kumar Sagar,6a932b5bcd944524379edf65,Lok Sabha
Bareilly,124,BAREILLY,25,Uttar Pradesh,Bareilly,CHHATRA PAL SINGH GANGWAR,6a932b5bcd944524379ede1a,Lok Sabha
Bithari Chainpur,123,AONLA,24,Uttar Pradesh,Bareilly,NEERAJ MAURYA,6a932b5bcd944524379edee3,Lok Sabha
Shikarpur,69,BULANDSHAHR,14,Uttar Pradesh,Bulandshahr,Bhola Singh,6a932b5bcd944524379ede03,Lok Sabha
Bisalpur,130,PILIBHIT,26,Uttar Pradesh,Pilibhit,JITIN PRASADA,6a932b5bcd944524379ede80,Lok Sabha
Debai,68,BULANDSHAHR,14,Uttar Pradesh,Bulandshahr,Bhola Singh,6a932b5bcd944524379ede03,Lok Sabha
Balha (Sc),282,BAHRAICH,56,Uttar Pradesh,Bahraich,ANAND KUMAR,6a932b5bcd944524379eddcb,Lok Sabha
Faridpur (Sc),122,AONLA,24,Uttar Pradesh,Bareilly,NEERAJ MAURYA,6a932b5bcd944524379edee3,Lok Sabha
Khurja (Sc),70,GAUTAM BUDDHA NAGAR,13,Uttar Pradesh,Bulandshahr,Mahesh Sharma,6a932b5bcd944524379edebb,Lok Sabha
Bareilly Cantt.,125,BAREILLY,25,Uttar Pradesh,Bareilly,CHHATRA PAL SINGH GANGWAR,6a932b5bcd944524379ede1a,Lok Sabha
Sahaswan,113,BADAUN,23,Uttar Pradesh,Budaun,ADITYA YADAV,6a932b5bcd944524379eddb4,Lok Sabha
Gola Gokrannath,139,KHERI,28,Uttar Pradesh,Kheri,UTKARSH VERMA MADHUR,6a932b5bcd944524379edfb5,Lok Sabha
Badaun,115,BADAUN,23,Uttar Pradesh,Budaun,ADITYA YADAV,6a932b5bcd944524379eddb4,Lok Sabha
Katra,131,SHAHJAHANPUR,27,Uttar Pradesh,Shahjahanpur,Shri Arun Kumar Sagar,6a932b5bcd944524379edf65,Lok Sabha
Tilhar,133,SHAHJAHANPUR,27,Uttar Pradesh,Shahjahanpur,Shri Arun Kumar Sagar,6a932b5bcd944524379edf65,Lok Sabha
Bilsi,114,BADAUN,23,Uttar Pradesh,Budaun,ADITYA YADAV,6a932b5bcd944524379eddb4,Lok Sabha
Khair (Sc),71,ALIGARH,15,Uttar Pradesh,Aligarh,Shri Satish Kumar Gautam,6a932b5bcd944524379edf7b,Lok Sabha
Dataganj,117,AONLA,24,Uttar Pradesh,Budaun,NEERAJ MAURYA,6a932b5bcd944524379edee3,Lok Sabha
Atrauli,73,ALIGARH,15,Uttar Pradesh,Aligarh,Shri Satish Kumar Gautam,6a932b5bcd944524379edf7b,Lok Sabha
Barauli,72,ALIGARH,15,Uttar Pradesh,Aligarh,Shri Satish Kumar Gautam,6a932b5bcd944524379edf7b,Lok Sabha
Mohammdi,144,DHAURAHRA,29,Uttar Pradesh,Kheri,ANAND BHADAURIYA,6a932b5bcd944524379eddca,Lok Sabha
Sri Nagar (Sc),140,KHERI,28,Uttar Pradesh,Kheri,UTKARSH VERMA MADHUR,6a932b5bcd944524379edfb5,Lok Sabha
Dhaurahra,141,DHAURAHRA,29,Uttar Pradesh,Kheri,ANAND BHADAURIYA,6a932b5bcd944524379eddca,Lok Sabha
Shekhupur,116,AONLA,24,Uttar Pradesh,Budaun,NEERAJ MAURYA,6a932b5bcd944524379edee3,Lok Sabha
Kasganj,100,ETAH,22,Uttar Pradesh,Etah,DEVESH SHAKYA,6a932b5bcd944524379ede2a,Lok Sabha
Nanpara,283,BAHRAICH,56,Uttar Pradesh,Bahraich,ANAND KUMAR,6a932b5bcd944524379eddcb,Lok Sabha
Shahjahanpur,135,SHAHJAHANPUR,27,Uttar Pradesh,Shahjahanpur,Shri Arun Kumar Sagar,6a932b5bcd944524379edf65,Lok Sabha
Iglas (Sc),77,HATHRAS,16,Uttar Pradesh,Aligarh,ANOOP PRADHAN BALMIKI,6a932b5bcd944524379eddd5,Lok Sabha
Mant,82,MATHURA,17,Uttar Pradesh,Mathura,Smt Hema Malini,6a932b5bcd944524379edf8d,Lok Sabha
Chharra,74,HATHRAS,16,Uttar Pradesh,Aligarh,ANOOP PRADHAN BALMIKI,6a932b5bcd944524379eddd5,Lok Sabha
Dadraul,136,SHAHJAHANPUR,27,Uttar Pradesh,Shahjahanpur,Shri Arun Kumar Sagar,6a932b5bcd944524379edf65,Lok Sabha
Lakhimpur,142,KHERI,28,Uttar Pradesh,Kheri,UTKARSH VERMA MADHUR,6a932b5bcd944524379edfb5,Lok Sabha
Chhata,81,MATHURA,17,Uttar Pradesh,Mathura,Smt Hema Malini,6a932b5bcd944524379edf8d,Lok Sabha
Aligarh,76,ALIGARH,15,Uttar Pradesh,Aligarh,Shri Satish Kumar Gautam,6a932b5bcd944524379edf7b,Lok Sabha
Kasta (Sc),143,DHAURAHRA,29,Uttar Pradesh,Kheri,ANAND BHADAURIYA,6a932b5bcd944524379eddca,Lok Sabha
Amanpur,101,ETAH,22,Uttar Pradesh,Etah,DEVESH SHAKYA,6a932b5bcd944524379ede2a,Lok Sabha
Bhinga,289,SHRAWASTI,58,Uttar Pradesh,Shrawasti,Ram Shiromani,6a932b5bcd944524379edf25,Lok Sabha
Matera,284,BAHRAICH,56,Uttar Pradesh,Bahraich,ANAND KUMAR,6a932b5bcd944524379eddcb,Lok Sabha
Koil,75,ALIGARH,15,Uttar Pradesh,Aligarh,Shri Satish Kumar Gautam,6a932b5bcd944524379edf7b,Lok Sabha
Patiyali,102,ETAH,22,Uttar Pradesh,Etah,DEVESH SHAKYA,6a932b5bcd944524379ede2a,Lok Sabha
Hargaon (Sc),147,DHAURAHRA,29,Uttar Pradesh,Sitapur,ANAND BHADAURIYA,6a932b5bcd944524379eddca,Lok Sabha
Shrawasti,290,SHRAWASTI,58,Uttar Pradesh,Shrawasti,Ram Shiromani,6a932b5bcd944524379edf25,Lok Sabha
Sikandra Rao,80,HATHRAS,16,Uttar Pradesh,Hathras,ANOOP PRADHAN BALMIKI,6a932b5bcd944524379eddd5,Lok Sabha
Maholi,145,DHAURAHRA,29,Uttar Pradesh,Sitapur,ANAND BHADAURIYA,6a932b5bcd944524379eddca,Lok Sabha
Tulsipur,291,SHRAWASTI,58,Uttar Pradesh,Balrampur,Ram Shiromani,6a932b5bcd944524379edf25,Lok Sabha
Hathras (Sc),78,HATHRAS,16,Uttar Pradesh,Hathras,ANOOP PRADHAN BALMIKI,6a932b5bcd944524379eddd5,Lok Sabha
Jalalabad,132,SHAHJAHANPUR,27,Uttar Pradesh,Shahjahanpur,Shri Arun Kumar Sagar,6a932b5bcd944524379edf65,Lok Sabha
Marhara,105,ETAH,22,Uttar Pradesh,Etah,DEVESH SHAKYA,6a932b5bcd944524379ede2a,Lok Sabha
Laharpur,148,SITAPUR,30,Uttar Pradesh,Sitapur,RAKESH RATHOR,6a932b5bcd944524379edf22,Lok Sabha
Shahabad,155,HARDOI,31,Uttar Pradesh,Hardoi,Jai Prakash,6a932b5bcd944524379ede79,Lok Sabha
Gopamau (Sc),157,HARDOI,31,Uttar Pradesh,Hardoi,Jai Prakash,6a932b5bcd944524379ede79,Lok Sabha
Mahasi,285,BAHRAICH,56,Uttar Pradesh,Bahraich,ANAND KUMAR,6a932b5bcd944524379eddcb,Lok Sabha
Kaimganj (Sc),192,FARRUKHABAD,40,Uttar Pradesh,Farrukhabad,Mukesh Rajput,6a932b5bcd944524379eded7,Lok Sabha
Sawaijpur,154,HARDOI,31,Uttar Pradesh,Hardoi,Jai Prakash,6a932b5bcd944524379ede79,Lok Sabha
Sevata,150,SITAPUR,30,Uttar Pradesh,Sitapur,RAKESH RATHOR,6a932b5bcd944524379edf22,Lok Sabha
Gainsari,292,SHRAWASTI,58,Uttar Pradesh,Balrampur,Ram Shiromani,6a932b5bcd944524379edf25,Lok Sabha
Goverdhan,83,MATHURA,17,Uttar Pradesh,Mathura,Smt Hema Malini,6a932b5bcd944524379edf8d,Lok Sabha
Biswan,149,SITAPUR,30,Uttar Pradesh,Sitapur,RAKESH RATHOR,6a932b5bcd944524379edf22,Lok Sabha
Aliganj,103,FARRUKHABAD,40,Uttar Pradesh,Etah,Mukesh Rajput,6a932b5bcd944524379eded7,Lok Sabha
Sadabad,79,HATHRAS,16,Uttar Pradesh,Hathras,ANOOP PRADHAN BALMIKI,6a932b5bcd944524379eddd5,Lok Sabha
Amritpur,193,FARRUKHABAD,40,Uttar Pradesh,Farrukhabad,Mukesh Rajput,6a932b5bcd944524379eded7,Lok Sabha
Etah,104,ETAH,22,Uttar Pradesh,Etah,DEVESH SHAKYA,6a932b5bcd944524379ede2a,Lok Sabha
Jalesar (Sc),106,AGRA,18,Uttar Pradesh,Etah,Prof SP Singh Baghel,6a932b5bcd944524379edf07,Lok Sabha
Bahraich,286,BAHRAICH,56,Uttar Pradesh,Bahraich,ANAND KUMAR,6a932b5bcd944524379eddcb,Lok Sabha
Sitapur,146,SITAPUR,30,Uttar Pradesh,Sitapur,RAKESH RATHOR,6a932b5bcd944524379edf22,Lok Sabha
Baldev (Sc),85,MATHURA,17,Uttar Pradesh,Mathura,Smt Hema Malini,6a932b5bcd944524379edf8d,Lok Sabha
Mathura,84,MATHURA,17,Uttar Pradesh,Mathura,Smt Hema Malini,6a932b5bcd944524379edf8d,Lok Sabha
Hardoi,156,HARDOI,31,Uttar Pradesh,Hardoi,Jai Prakash,6a932b5bcd944524379ede79,Lok Sabha
Balrampur (Sc),294,SHRAWASTI,58,Uttar Pradesh,Balrampur,Ram Shiromani,6a932b5bcd944524379edf25,Lok Sabha
Jasrana,96,FIROZABAD,20,Uttar Pradesh,Firozabad,AKSHAYA YADAV,6a932b5bcd944524379eddc0,Lok Sabha
Payagpur,287,KAISERGANJ,57,Uttar Pradesh,Bahraich,KARAN BHUSHAN SINGH,6a932b5bcd944524379ede9c,Lok Sabha
Misrikh (Sc),153,MISRIKH,32,Uttar Pradesh,Sitapur,Ashok Kumar Rawat,6a932b5bcd944524379edde4,Lok Sabha
Mahmoodabad,151,SITAPUR,30,Uttar Pradesh,Sitapur,RAKESH RATHOR,6a932b5bcd944524379edf22,Lok Sabha
Shohratgarh,302,DOMARIYAGANJ,60,Uttar Pradesh,Siddharthnagar,Jagdambika Pal,6a932b5bcd944524379ede77,Lok Sabha
Mainpuri,107,MAINPURI,21,Uttar Pradesh,Mainpuri,Smt Dimple Yadav,6a932b5bcd944524379edf8b,Lok Sabha
Kaiserganj,288,KAISERGANJ,57,Uttar Pradesh,Bahraich,KARAN BHUSHAN SINGH,6a932b5bcd944524379ede9c,Lok Sabha
Nautanwa,316,MAHARAJGANJ,63,Bihar,Maharajganj,Shri Janardan Singh Sigriwal,6a932b5bcd944524379edf6e,Lok Sabha
Farrukhabad,194,FARRUKHABAD,40,Uttar Pradesh,Farrukhabad,Mukesh Rajput,6a932b5bcd944524379eded7,Lok Sabha
Kapilvastu (Sc),303,DOMARIYAGANJ,60,Uttar Pradesh,Siddharthnagar,Jagdambika Pal,6a932b5bcd944524379ede77,Lok Sabha
Bhongaon,108,MAINPURI,21,Uttar Pradesh,Mainpuri,Smt Dimple Yadav,6a932b5bcd944524379edf8b,Lok Sabha
Etmadpur,86,AGRA,18,Uttar Pradesh,Agra,Prof SP Singh Baghel,6a932b5bcd944524379edf07,Lok Sabha
Mehnaun,295,GONDA,59,Uttar Pradesh,Gonda,Kirti Vardhan Singh,6a932b5bcd944524379edea3,Lok Sabha
Sidhauli (Sc),152,MOHANLALGANJ,34,Uttar Pradesh,Sitapur,R.K. CHAUDHARY,6a932b5bcd944524379edf0a,Lok Sabha
Itwa,305,DOMARIYAGANJ,60,Uttar Pradesh,Siddharthnagar,Jagdambika Pal,6a932b5bcd944524379ede77,Lok Sabha
Siswa,317,MAHARAJGANJ,63,Bihar,Maharajganj,Shri Janardan Singh Sigriwal,6a932b5bcd944524379edf6e,Lok Sabha
Sandi (Sc),158,HARDOI,31,Uttar Pradesh,Hardoi,Jai Prakash,6a932b5bcd944524379ede79,Lok Sabha
Tundla (Sc),95,FIROZABAD,20,Uttar Pradesh,Firozabad,AKSHAYA YADAV,6a932b5bcd944524379eddc0,Lok Sabha
Bhojpur,195,FARRUKHABAD,40,Uttar Pradesh,Farrukhabad,Mukesh Rajput,6a932b5bcd944524379eded7,Lok Sabha
Utraula,293,GONDA,59,Uttar Pradesh,Balrampur,Kirti Vardhan Singh,6a932b5bcd944524379edea3,Lok Sabha
Karhal,110,MAINPURI,21,Uttar Pradesh,Mainpuri,Smt Dimple Yadav,6a932b5bcd944524379edf8b,Lok Sabha
Katra Bazar,297,KAISERGANJ,57,Uttar Pradesh,Gonda,KARAN BHUSHAN SINGH,6a932b5bcd944524379ede9c,Lok Sabha
Balamau (Sc),160,MISRIKH,32,Uttar Pradesh,Hardoi,Ashok Kumar Rawat,6a932b5bcd944524379edde4,Lok Sabha
Maharajganj (Sc),318,MAHARAJGANJ,63,Bihar,Maharajganj,Shri Janardan Singh Sigriwal,6a932b5bcd944524379edf6e,Lok Sabha
Kursi,266,BARABANKI,53,Uttar Pradesh,Barabanki,TANUJ PUNIA,6a932b5bcd944524379edfaa,Lok Sabha
Fatehpur Sikri,91,FATEHPUR SIKRI,19,Uttar Pradesh,Agra,Rajkumar Chahar,6a932b5bcd944524379edf1e,Lok Sabha
Agra Rural (Sc),90,FATEHPUR SIKRI,19,Uttar Pradesh,Agra,Rajkumar Chahar,6a932b5bcd944524379edf1e,Lok Sabha
Pharenda,315,MAHARAJGANJ,63,Bihar,Maharajganj,Shri Janardan Singh Sigriwal,6a932b5bcd944524379edf6e,Lok Sabha
Ram Nagar,267,BARABANKI,53,Uttar Pradesh,Barabanki,TANUJ PUNIA,6a932b5bcd944524379edfaa,Lok Sabha
Khadda,329,KUSHI NAGAR,65,Uttar Pradesh,Kushinagar,Vijay Kumar Dubey,6a932b5bcd944524379edfbd,Lok Sabha
Domariyaganj,306,DOMARIYAGANJ,60,Uttar Pradesh,Siddharthnagar,Jagdambika Pal,6a932b5bcd944524379ede77,Lok Sabha
Bansi,304,DOMARIYAGANJ,60,Uttar Pradesh,Siddharthnagar,Jagdambika Pal,6a932b5bcd944524379ede77,Lok Sabha
Agra North,89,AGRA,18,Uttar Pradesh,Agra,Prof SP Singh Baghel,6a932b5bcd944524379edf07,Lok Sabha
Shikohabad,98,FIROZABAD,20,Uttar Pradesh,Firozabad,AKSHAYA YADAV,6a932b5bcd944524379eddc0,Lok Sabha
Sirsaganj,99,FIROZABAD,20,Uttar Pradesh,Firozabad,AKSHAYA YADAV,6a932b5bcd944524379eddc0,Lok Sabha
Kishani (Sc),109,MAINPURI,21,Uttar Pradesh,Mainpuri,Smt Dimple Yadav,6a932b5bcd944524379edf8b,Lok Sabha
Gonda,296,GONDA,59,Uttar Pradesh,Gonda,Kirti Vardhan Singh,6a932b5bcd944524379edea3,Lok Sabha
Bilgram-Mallanwan,159,MISRIKH,32,Uttar Pradesh,Hardoi,Ashok Kumar Rawat,6a932b5bcd944524379edde4,Lok Sabha
Agra South,88,AGRA,18,Uttar Pradesh,Agra,Prof SP Singh Baghel,6a932b5bcd944524379edf07,Lok Sabha
Chhibramau,196,KANNAUJ,42,Uttar Pradesh,Kannauj,AKHILESH YADAV,6a932b5bcd944524379eddbf,Lok Sabha
Sandila,161,MISRIKH,32,Uttar Pradesh,Hardoi,Ashok Kumar Rawat,6a932b5bcd944524379edde4,Lok Sabha
Agra Cantt. (Sc),87,AGRA,18,Uttar Pradesh,Agra,Prof SP Singh Baghel,6a932b5bcd944524379edf07,Lok Sabha
Firozabad,97,FIROZABAD,20,Uttar Pradesh,Firozabad,AKSHAYA YADAV,6a932b5bcd944524379eddc0,Lok Sabha
Kannauj (Sc),198,KANNAUJ,42,Uttar Pradesh,Kannauj,AKHILESH YADAV,6a932b5bcd944524379eddbf,Lok Sabha
Fatehabad,93,FATEHPUR SIKRI,19,Uttar Pradesh,Agra,Rajkumar Chahar,6a932b5bcd944524379edf1e,Lok Sabha
Mankapur (Sc),300,GONDA,59,Uttar Pradesh,Gonda,Kirti Vardhan Singh,6a932b5bcd944524379edea3,Lok Sabha
Colonelganj,298,KAISERGANJ,57,Uttar Pradesh,Gonda,KARAN BHUSHAN SINGH,6a932b5bcd944524379ede9c,Lok Sabha
Gaura,301,GONDA,59,Uttar Pradesh,Gonda,Kirti Vardhan Singh,6a932b5bcd944524379edea3,Lok Sabha
Bakshi Kaa Talab,169,MOHANLALGANJ,34,Uttar Pradesh,Lucknow,R.K. CHAUDHARY,6a932b5bcd944524379edf0a,Lok Sabha
Caimpiyarganj,320,GORAKHPUR,64,Uttar Pradesh,Gorakhpur,Ravindra Shyamnarayan Alias Ravi Kishan Shukla,6a932b5bcd944524379edf32,Lok Sabha
Rudhauli,309,BASTI,61,Uttar Pradesh,Basti,RAM PRASAD CHAUDHARY,6a932b5bcd944524379edf24,Lok Sabha
Barabanki,268,BARABANKI,53,Uttar Pradesh,Barabanki,TANUJ PUNIA,6a932b5bcd944524379edfaa,Lok Sabha
Tarabganj,299,KAISERGANJ,57,Uttar Pradesh,Gonda,KARAN BHUSHAN SINGH,6a932b5bcd944524379ede9c,Lok Sabha
Kheragarh,92,FATEHPUR SIKRI,19,Uttar Pradesh,Agra,Rajkumar Chahar,6a932b5bcd944524379edf1e,Lok Sabha
Malihabad (Sc),168,MOHANLALGANJ,34,Uttar Pradesh,Lucknow,R.K. CHAUDHARY,6a932b5bcd944524379edf0a,Lok Sabha
Menhdawal,312,SANT KABIR NAGAR,62,Uttar Pradesh,Sant Kabir Nagar,LAXMIKANT PAPPU NISHAD,6a932b5bcd944524379edeb1,Lok Sabha
Paniyra,319,MAHARAJGANJ,63,Bihar,Maharajganj,Shri Janardan Singh Sigriwal,6a932b5bcd944524379edf6e,Lok Sabha
Tirwa,197,KANNAUJ,42,Uttar Pradesh,Kannauj,AKHILESH YADAV,6a932b5bcd944524379eddbf,Lok Sabha
Padrauna,330,KUSHI NAGAR,65,Uttar Pradesh,Kushinagar,Vijay Kumar Dubey,6a932b5bcd944524379edfbd,Lok Sabha
Zaidpur (Sc),269,BARABANKI,53,Uttar Pradesh,Barabanki,TANUJ PUNIA,6a932b5bcd944524379edfaa,Lok Sabha
Bangermau,162,UNNAO,33,Uttar Pradesh,Unnao,Swami Sachchidanandhari Sakshi ji Maharaj,6a932b5bcd944524379edfa7,Lok Sabha
Jaswantnagar,199,MAINPURI,21,Uttar Pradesh,Etawah,Smt Dimple Yadav,6a932b5bcd944524379edf8b,Lok Sabha
Bah,94,FATEHPUR SIKRI,19,Uttar Pradesh,Agra,Rajkumar Chahar,6a932b5bcd944524379edf1e,Lok Sabha
Dariyabad,270,FAIZABAD,54,Uttar Pradesh,Barabanki,AWADHESH PRASAD,6a932b5bcd944524379edde9,Lok Sabha
Mohan (Sc),164,UNNAO,33,Uttar Pradesh,Unnao,Swami Sachchidanandhari Sakshi ji Maharaj,6a932b5bcd944524379edfa7,Lok Sabha
Ramkola (Sc),335,KUSHI NAGAR,65,Uttar Pradesh,Kushinagar,Vijay Kumar Dubey,6a932b5bcd944524379edfbd,Lok Sabha
Kaptanganj,308,BASTI,61,Uttar Pradesh,Basti,RAM PRASAD CHAUDHARY,6a932b5bcd944524379edf24,Lok Sabha
Safipur (Sc),163,UNNAO,33,Uttar Pradesh,Unnao,Swami Sachchidanandhari Sakshi ji Maharaj,6a932b5bcd944524379edfa7,Lok Sabha
Harraiya,307,BASTI,61,Uttar Pradesh,Basti,RAM PRASAD CHAUDHARY,6a932b5bcd944524379edf24,Lok Sabha
Bilhaur (Sc),209,MISRIKH,32,Uttar Pradesh,Kanpur Nagar,Ashok Kumar Rawat,6a932b5bcd944524379edde4,Lok Sabha
Bidhuna,202,KANNAUJ,42,Uttar Pradesh,Auraiya,AKHILESH YADAV,6a932b5bcd944524379eddbf,Lok Sabha
Pipraich,321,GORAKHPUR,64,Uttar Pradesh,Gorakhpur,Ravindra Shyamnarayan Alias Ravi Kishan Shukla,6a932b5bcd944524379edf32,Lok Sabha
Lucknow North,172,LUCKNOW,35,Uttar Pradesh,Lucknow,Rajnath Singh,6a932b5bcd944524379edf1f,Lok Sabha
Khalilabad,313,SANT KABIR NAGAR,62,Uttar Pradesh,Sant Kabir Nagar,LAXMIKANT PAPPU NISHAD,6a932b5bcd944524379edeb1,Lok Sabha
Etawah,200,ETAWAH,41,Uttar Pradesh,Etawah,JITENDRA KUMAR DOHARE,6a932b5bcd944524379ede7e,Lok Sabha
Lucknow East,173,LUCKNOW,35,Uttar Pradesh,Lucknow,Rajnath Singh,6a932b5bcd944524379edf1f,Lok Sabha
Lucknow West,171,LUCKNOW,35,Uttar Pradesh,Lucknow,Rajnath Singh,6a932b5bcd944524379edf1f,Lok Sabha
Fazilnagar,332,DEORIA,66,Uttar Pradesh,Kushinagar,SHASHANK MANI,6a932b5bcd944524379edf57,Lok Sabha
Sahajanwa,324,GORAKHPUR,64,Uttar Pradesh,Gorakhpur,Ravindra Shyamnarayan Alias Ravi Kishan Shukla,6a932b5bcd944524379edf32,Lok Sabha
Hata,334,KUSHI NAGAR,65,Uttar Pradesh,Kushinagar,Vijay Kumar Dubey,6a932b5bcd944524379edfbd,Lok Sabha
Kushinagar,333,KUSHI NAGAR,65,Uttar Pradesh,Kushinagar,Vijay Kumar Dubey,6a932b5bcd944524379edfbd,Lok Sabha
Tamkuhi Raj,331,DEORIA,66,Uttar Pradesh,Kushinagar,SHASHANK MANI,6a932b5bcd944524379edf57,Lok Sabha
Basti Sadar,310,BASTI,61,Uttar Pradesh,Basti,RAM PRASAD CHAUDHARY,6a932b5bcd944524379edf24,Lok Sabha
Bharthana (Sc),201,ETAWAH,41,Uttar Pradesh,Etawah,JITENDRA KUMAR DOHARE,6a932b5bcd944524379ede7e,Lok Sabha
Lucknow Central,174,LUCKNOW,35,Uttar Pradesh,Lucknow,Rajnath Singh,6a932b5bcd944524379edf1f,Lok Sabha
Rudauli,271,FAIZABAD,54,Uttar Pradesh,Barabanki,AWADHESH PRASAD,6a932b5bcd944524379edde9,Lok Sabha
Sarojini Nagar,170,MOHANLALGANJ,34,Uttar Pradesh,Lucknow,R.K. CHAUDHARY,6a932b5bcd944524379edf0a,Lok Sabha
Gorakhpur Urban,322,GORAKHPUR,64,Uttar Pradesh,Gorakhpur,Ravindra Shyamnarayan Alias Ravi Kishan Shukla,6a932b5bcd944524379edf32,Lok Sabha
Lucknow Cantt.,175,LUCKNOW,35,Uttar Pradesh,Lucknow,Rajnath Singh,6a932b5bcd944524379edf1f,Lok Sabha
Mohanlalganj (Sc),176,MOHANLALGANJ,34,Uttar Pradesh,Lucknow,R.K. CHAUDHARY,6a932b5bcd944524379edf0a,Lok Sabha
Rasulabad (Sc),205,KANNAUJ,42,Uttar Pradesh,Kanpur Dehat,AKHILESH YADAV,6a932b5bcd944524379eddbf,Lok Sabha
Bikapur,274,FAIZABAD,54,Uttar Pradesh,Faizabad,AWADHESH PRASAD,6a932b5bcd944524379edde9,Lok Sabha
Ayodhya,275,FAIZABAD,54,Uttar Pradesh,Faizabad,AWADHESH PRASAD,6a932b5bcd944524379edde9,Lok Sabha
Dibiyapur,203,ETAWAH,41,Uttar Pradesh,Auraiya,JITENDRA KUMAR DOHARE,6a932b5bcd944524379ede7e,Lok Sabha
Gorakhpur Rural,323,GORAKHPUR,64,Uttar Pradesh,Gorakhpur,Ravindra Shyamnarayan Alias Ravi Kishan Shukla,6a932b5bcd944524379edf32,Lok Sabha
Haidergarh (Sc),272,BARABANKI,53,Uttar Pradesh,Barabanki,TANUJ PUNIA,6a932b5bcd944524379edfaa,Lok Sabha
Pathardeva,338,DEORIA,66,Uttar Pradesh,Deoria,SHASHANK MANI,6a932b5bcd944524379edf57,Lok Sabha
Chauri-Chaura,326,BANSGAON,67,Uttar Pradesh,Gorakhpur,Kamlesh Paswan,6a932b5bcd944524379ede97,Lok Sabha
Mahadewa (Sc),311,BASTI,61,Uttar Pradesh,Basti,RAM PRASAD CHAUDHARY,6a932b5bcd944524379edf24,Lok Sabha
Milkipur (Sc),273,FAIZABAD,54,Uttar Pradesh,Faizabad,AWADHESH PRASAD,6a932b5bcd944524379edde9,Lok Sabha
Goshainganj,276,AMBEDKAR NAGAR,55,Uttar Pradesh,Faizabad,LALJI VERMA,6a932b5bcd944524379edeaf,Lok Sabha
Deoria,337,DEORIA,66,Uttar Pradesh,Deoria,SHASHANK MANI,6a932b5bcd944524379edf57,Lok Sabha
Unnao,165,UNNAO,33,Uttar Pradesh,Unnao,Swami Sachchidanandhari Sakshi ji Maharaj,6a932b5bcd944524379edfa7,Lok Sabha
Dhanghata (Sc),314,SANT KABIR NAGAR,62,Uttar Pradesh,Sant Kabir Nagar,LAXMIKANT PAPPU NISHAD,6a932b5bcd944524379edeb1,Lok Sabha
Khajani (Sc),325,SANT KABIR NAGAR,62,Uttar Pradesh,Gorakhpur,LAXMIKANT PAPPU NISHAD,6a932b5bcd944524379edeb1,Lok Sabha
Katehari,277,AMBEDKAR NAGAR,55,Uttar Pradesh,Ambedkar Nagar,LALJI VERMA,6a932b5bcd944524379edeaf,Lok Sabha
Purwa,167,UNNAO,33,Uttar Pradesh,Unnao,Swami Sachchidanandhari Sakshi ji Maharaj,6a932b5bcd944524379edfa7,Lok Sabha
Jagdishpur (Sc),184,AMETHI,37,Uttar Pradesh,Sultanpur,KISHORI LAL,6a932b5bcd944524379edea5,Lok Sabha
Bithoor,210,AKBARPUR,44,Uttar Pradesh,Kanpur Nagar,Devendra Alias Bhole Singh,6a932b5bcd944524379ede28,Lok Sabha
Bansgaon (Sc),327,BANSGAON,67,Uttar Pradesh,Gorakhpur,Kamlesh Paswan,6a932b5bcd944524379ede97,Lok Sabha
Rampur Karkhana,339,DEORIA,66,Uttar Pradesh,Deoria,SHASHANK MANI,6a932b5bcd944524379edf57,Lok Sabha
Auraiya (Sc),204,ETAWAH,41,Uttar Pradesh,Auraiya,JITENDRA KUMAR DOHARE,6a932b5bcd944524379ede7e,Lok Sabha
Akbarpur-Raniya,206,AKBARPUR,44,Uttar Pradesh,Kanpur Dehat,Devendra Alias Bhole Singh,6a932b5bcd944524379ede28,Lok Sabha
Bachhrawan (Sc),177,RAE BARELI,36,Uttar Pradesh,Rae Bareli,RAHUL GANDHI,6a932b5bcd944524379edf10,Lok Sabha
Tanda,278,AMBEDKAR NAGAR,55,Uttar Pradesh,Ambedkar Nagar,LALJI VERMA,6a932b5bcd944524379edeaf,Lok Sabha
Tiloi,178,AMETHI,37,Uttar Pradesh,Rae Bareli,KISHORI LAL,6a932b5bcd944524379edea5,Lok Sabha
Rudrapur,336,BANSGAON,67,Uttar Pradesh,Deoria,Kamlesh Paswan,6a932b5bcd944524379ede97,Lok Sabha
Sikandra,207,ETAWAH,41,Uttar Pradesh,Kanpur Dehat,JITENDRA KUMAR DOHARE,6a932b5bcd944524379ede7e,Lok Sabha
Kalyanpur,211,AKBARPUR,44,Uttar Pradesh,Kanpur Nagar,Devendra Alias Bhole Singh,6a932b5bcd944524379ede28,Lok Sabha
Akbarpur,281,AMBEDKAR NAGAR,55,Uttar Pradesh,Ambedkar Nagar,LALJI VERMA,6a932b5bcd944524379edeaf,Lok Sabha
Alapur (Sc),279,SANT KABIR NAGAR,62,Uttar Pradesh,Ambedkar Nagar,LAXMIKANT PAPPU NISHAD,6a932b5bcd944524379edeb1,Lok Sabha
Isauli,187,SULTANPUR,38,Uttar Pradesh,Sultanpur,RAMBHUAL NISHAD,6a932b5bcd944524379edf28,Lok Sabha
Chillupar,328,BANSGAON,67,Uttar Pradesh,Gorakhpur,Kamlesh Paswan,6a932b5bcd944524379ede97,Lok Sabha
Arya Nagar,214,KANPUR,43,Uttar Pradesh,Kanpur Nagar,RAMESH AWASTHI,6a932b5bcd944524379edf29,Lok Sabha
Sishamau,213,KANPUR,43,Uttar Pradesh,Kanpur Nagar,RAMESH AWASTHI,6a932b5bcd944524379edf29,Lok Sabha
Govindnagar,212,KANPUR,43,Uttar Pradesh,Kanpur Nagar,RAMESH AWASTHI,6a932b5bcd944524379edf29,Lok Sabha
Bhagwantnagar,166,UNNAO,33,Uttar Pradesh,Unnao,Swami Sachchidanandhari Sakshi ji Maharaj,6a932b5bcd944524379edfa7,Lok Sabha
Gauriganj,185,AMETHI,37,Uttar Pradesh,Sultanpur,KISHORI LAL,6a932b5bcd944524379edea5,Lok Sabha
Kanpur Cantt.,216,KANPUR,43,Uttar Pradesh,Kanpur Nagar,RAMESH AWASTHI,6a932b5bcd944524379edf29,Lok Sabha
Sultanpur,188,SULTANPUR,38,Uttar Pradesh,Sultanpur,RAMBHUAL NISHAD,6a932b5bcd944524379edf28,Lok Sabha
Madhaugarh,219,JALAUN,45,Uttar Pradesh,Jalaun,NARAYAN DAS AHIRWAR,6a932b5bcd944524379edede,Lok Sabha
Barhaj,342,BANSGAON,67,Uttar Pradesh,Deoria,Kamlesh Paswan,6a932b5bcd944524379ede97,Lok Sabha
Kidwai Nagar,215,KANPUR,43,Uttar Pradesh,Kanpur Nagar,RAMESH AWASTHI,6a932b5bcd944524379edf29,Lok Sabha
Bhatpar Rani,340,SALEMPUR,71,Uttar Pradesh,Deoria,RAMASHANKAR RAJBHAR,6a932b5bcd944524379edf27,Lok Sabha
Jalalpur,280,AMBEDKAR NAGAR,55,Uttar Pradesh,Ambedkar Nagar,LALJI VERMA,6a932b5bcd944524379edeaf,Lok Sabha
Kalpi,220,JALAUN,45,Uttar Pradesh,Jalaun,NARAYAN DAS AHIRWAR,6a932b5bcd944524379edede,Lok Sabha
Atrauliya,343,LALGANJ,68,Uttar Pradesh,Azamgarh,DAROGA PRASAD SAROJ,6a932b5bcd944524379ede25,Lok Sabha
Maharajpur,217,AKBARPUR,44,Uttar Pradesh,Kanpur Nagar,Devendra Alias Bhole Singh,6a932b5bcd944524379ede28,Lok Sabha
Harchandpur,179,RAE BARELI,36,Uttar Pradesh,Rae Bareli,RAHUL GANDHI,6a932b5bcd944524379edf10,Lok Sabha
Sadar,189,SULTANPUR,38,Uttar Pradesh,Sultanpur,RAMBHUAL NISHAD,6a932b5bcd944524379edf28,Lok Sabha
Gopalpur,344,AZAMGARH,69,Uttar Pradesh,Azamgarh,DHARMENDRA YADAV,6a932b5bcd944524379ede2f,Lok Sabha
Salempur (Sc),341,SALEMPUR,71,Uttar Pradesh,Deoria,RAMASHANKAR RAJBHAR,6a932b5bcd944524379edf27,Lok Sabha
Bhognipur,208,JALAUN,45,Uttar Pradesh,Kanpur Dehat,NARAYAN DAS AHIRWAR,6a932b5bcd944524379edede,Lok Sabha
Rae Bareli,180,RAE BARELI,36,Uttar Pradesh,Rae Bareli,RAHUL GANDHI,6a932b5bcd944524379edf10,Lok Sabha
Sagri,345,AZAMGARH,69,Uttar Pradesh,Azamgarh,DHARMENDRA YADAV,6a932b5bcd944524379ede2f,Lok Sabha
Ghatampur (Sc),218,AKBARPUR,44,Uttar Pradesh,Kanpur Nagar,Devendra Alias Bhole Singh,6a932b5bcd944524379ede28,Lok Sabha
Kadipur (Sc),191,SULTANPUR,38,Uttar Pradesh,Sultanpur,RAMBHUAL NISHAD,6a932b5bcd944524379edf28,Lok Sabha
Amethi,186,AMETHI,37,Uttar Pradesh,Sultanpur,KISHORI LAL,6a932b5bcd944524379edea5,Lok Sabha
Madhuban,353,GHOSI,70,Uttar Pradesh,Mau,RAJEEV RAI,6a932b5bcd944524379edf18,Lok Sabha
Phoolpur-Pawai,349,LALGANJ,68,Uttar Pradesh,Azamgarh,DAROGA PRASAD SAROJ,6a932b5bcd944524379ede25,Lok Sabha
Lambhua,190,SULTANPUR,38,Uttar Pradesh,Sultanpur,RAMBHUAL NISHAD,6a932b5bcd944524379edf28,Lok Sabha
Sareni,182,RAE BARELI,36,Uttar Pradesh,Rae Bareli,RAHUL GANDHI,6a932b5bcd944524379edf10,Lok Sabha
Salon (Sc),181,AMETHI,37,Uttar Pradesh,Rae Bareli,KISHORI LAL,6a932b5bcd944524379edea5,Lok Sabha
Jahanabad,238,FATEHPUR,49,Uttar Pradesh,Fatehpur,NARESH CHANDRA UTTAM PATEL,6a932b5bcd944524379edee0,Lok Sabha
Ghosi,354,GHOSI,70,Uttar Pradesh,Mau,RAJEEV RAI,6a932b5bcd944524379edf18,Lok Sabha
Orai (Sc),221,JALAUN,45,Uttar Pradesh,Jalaun,NARAYAN DAS AHIRWAR,6a932b5bcd944524379edede,Lok Sabha
Shahganj,365,JAUNPUR,73,Uttar Pradesh,Jaunpur,BABU SINGH KUSHWAHA,6a932b5bcd944524379eddec,Lok Sabha
Belthara Road (Sc),357,SALEMPUR,71,Uttar Pradesh,Ballia,RAMASHANKAR RAJBHAR,6a932b5bcd944524379edf27,Lok Sabha
Nizamabad,348,LALGANJ,68,Uttar Pradesh,Azamgarh,DAROGA PRASAD SAROJ,6a932b5bcd944524379ede25,Lok Sabha
Rampur Khas,244,PRATAPGARH,39,Uttar Pradesh,Pratapgarh,DR. S P SINGH,6a932b5bcd944524379ede4b,Lok Sabha
Hamirpur,228,HAMIRPUR,47,Himachal Pradesh,Hamirpur,Anurag Singh Thakur,6a932b5bcd944524379eddd9,Lok Sabha
Sikanderpur,359,SALEMPUR,71,Uttar Pradesh,Ballia,RAMASHANKAR RAJBHAR,6a932b5bcd944524379edf27,Lok Sabha
Bindki,239,FATEHPUR,49,Uttar Pradesh,Fatehpur,NARESH CHANDRA UTTAM PATEL,6a932b5bcd944524379edee0,Lok Sabha
Mubarakpur,346,AZAMGARH,69,Uttar Pradesh,Azamgarh,DHARMENDRA YADAV,6a932b5bcd944524379ede2f,Lok Sabha
Azamgarh,347,AZAMGARH,69,Uttar Pradesh,Azamgarh,DHARMENDRA YADAV,6a932b5bcd944524379ede2f,Lok Sabha
Muhammadabad-Gohna (Sc),355,GHOSI,70,Uttar Pradesh,Mau,RAJEEV RAI,6a932b5bcd944524379edf18,Lok Sabha
Unchahar,183,RAE BARELI,36,Uttar Pradesh,Rae Bareli,RAHUL GANDHI,6a932b5bcd944524379edf10,Lok Sabha
Husainganj,242,FATEHPUR,49,Uttar Pradesh,Fatehpur,NARESH CHANDRA UTTAM PATEL,6a932b5bcd944524379edee0,Lok Sabha
Pratapgarh,248,PRATAPGARH,39,Uttar Pradesh,Pratapgarh,DR. S P SINGH,6a932b5bcd944524379ede4b,Lok Sabha
Patti,249,PRATAPGARH,39,Uttar Pradesh,Pratapgarh,DR. S P SINGH,6a932b5bcd944524379ede4b,Lok Sabha
Didarganj,350,LALGANJ,68,Uttar Pradesh,Azamgarh,DAROGA PRASAD SAROJ,6a932b5bcd944524379ede25,Lok Sabha
Fatehpur,240,FATEHPUR,49,Uttar Pradesh,Fatehpur,NARESH CHANDRA UTTAM PATEL,6a932b5bcd944524379edee0,Lok Sabha
Bishwavnathganj,247,PRATAPGARH,39,Uttar Pradesh,Pratapgarh,DR. S P SINGH,6a932b5bcd944524379ede4b,Lok Sabha
Jaunpur,366,JAUNPUR,73,Uttar Pradesh,Jaunpur,BABU SINGH KUSHWAHA,6a932b5bcd944524379eddec,Lok Sabha
Mau,356,GHOSI,70,Uttar Pradesh,Mau,RAJEEV RAI,6a932b5bcd944524379edf18,Lok Sabha
Bansdih,362,SALEMPUR,71,Uttar Pradesh,Ballia,RAMASHANKAR RAJBHAR,6a932b5bcd944524379edf27,Lok Sabha
Badlapur,364,JAUNPUR,73,Uttar Pradesh,Jaunpur,BABU SINGH KUSHWAHA,6a932b5bcd944524379eddec,Lok Sabha
Rasara,358,GHOSI,70,Uttar Pradesh,Ballia,RAJEEV RAI,6a932b5bcd944524379edf18,Lok Sabha
Garautha,225,JALAUN,45,Uttar Pradesh,Jhansi,NARAYAN DAS AHIRWAR,6a932b5bcd944524379edede,Lok Sabha
Mehnagar (Sc),352,AZAMGARH,69,Uttar Pradesh,Azamgarh,DHARMENDRA YADAV,6a932b5bcd944524379ede2f,Lok Sabha
Bairia,363,BALLIA,72,Uttar Pradesh,Ballia,SANATAN PANDEY,6a932b5bcd944524379edf41,Lok Sabha
Lalganj (Sc),351,LALGANJ,68,Uttar Pradesh,Azamgarh,DAROGA PRASAD SAROJ,6a932b5bcd944524379ede25,Lok Sabha
Raniganj,250,PRATAPGARH,39,Uttar Pradesh,Pratapgarh,DR. S P SINGH,6a932b5bcd944524379ede4b,Lok Sabha
Rath (Sc),229,HAMIRPUR,47,Himachal Pradesh,Hamirpur,Anurag Singh Thakur,6a932b5bcd944524379eddd9,Lok Sabha
Babaganj (Sc),245,KAUSHAMBI,50,Uttar Pradesh,Pratapgarh,PUSHPENDRA SAROJ,6a932b5bcd944524379edf08,Lok Sabha
Ayah Shah,241,FATEHPUR,49,Uttar Pradesh,Fatehpur,NARESH CHANDRA UTTAM PATEL,6a932b5bcd944524379edee0,Lok Sabha
Phephana,360,BALLIA,72,Uttar Pradesh,Ballia,SANATAN PANDEY,6a932b5bcd944524379edf41,Lok Sabha
Tindwari,232,HAMIRPUR,47,Himachal Pradesh,Banda,Anurag Singh Thakur,6a932b5bcd944524379eddd9,Lok Sabha
Malhani,367,JAUNPUR,73,Uttar Pradesh,Jaunpur,BABU SINGH KUSHWAHA,6a932b5bcd944524379eddec,Lok Sabha
Zahoorabad,377,BALLIA,72,Uttar Pradesh,Ghazipur,SANATAN PANDEY,6a932b5bcd944524379edf41,Lok Sabha
Jangipur (Sc),376,GHAZIPUR,75,Uttar Pradesh,Ghazipur,AFZAL ANSARI,6a932b5bcd944524379eddb9,Lok Sabha
Ballia Nagar,361,BALLIA,72,Uttar Pradesh,Ballia,SANATAN PANDEY,6a932b5bcd944524379edf41,Lok Sabha
Jakhanian,373,GHAZIPUR,75,Uttar Pradesh,Ghazipur,AFZAL ANSARI,6a932b5bcd944524379eddb9,Lok Sabha
Zafrabad,371,MACHHLISHAHR,74,Uttar Pradesh,Jaunpur,PRIYA SAROJ,6a932b5bcd944524379edf03,Lok Sabha
Mungra Badshahpur,368,JAUNPUR,73,Uttar Pradesh,Jaunpur,BABU SINGH KUSHWAHA,6a932b5bcd944524379eddec,Lok Sabha
Khaga (Sc),243,FATEHPUR,49,Uttar Pradesh,Fatehpur,NARESH CHANDRA UTTAM PATEL,6a932b5bcd944524379edee0,Lok Sabha
Sirathu,251,KAUSHAMBI,50,Uttar Pradesh,Kaushambi,PUSHPENDRA SAROJ,6a932b5bcd944524379edf08,Lok Sabha
Kunda,246,KAUSHAMBI,50,Uttar Pradesh,Pratapgarh,PUSHPENDRA SAROJ,6a932b5bcd944524379edf08,Lok Sabha
Kerakat (Sc),372,MACHHLISHAHR,74,Uttar Pradesh,Jaunpur,PRIYA SAROJ,6a932b5bcd944524379edf03,Lok Sabha
Soraon (Sc),255,PHULPUR,51,Uttar Pradesh,Allahabad,PRAVEEN PATEL,6a932b5bcd944524379edf02,Lok Sabha
Phaphamau,254,PHULPUR,51,Uttar Pradesh,Allahabad,PRAVEEN PATEL,6a932b5bcd944524379edf02,Lok Sabha
Machhlishahr (Sc),369,MACHHLISHAHR,74,Uttar Pradesh,Jaunpur,PRIYA SAROJ,6a932b5bcd944524379edf03,Lok Sabha
Baberu,233,BANDA,48,Uttar Pradesh,Banda,KRISHNA DEVI SHIVSHANKER PATEL,6a932b5bcd944524379edeaa,Lok Sabha
Mauranipur (Sc),224,JHANSI,46,Uttar Pradesh,Jhansi,Anurag Sharma,6a932b5bcd944524379eddd8,Lok Sabha
Mohammadabad,378,BALLIA,72,Uttar Pradesh,Ghazipur,SANATAN PANDEY,6a932b5bcd944524379edf41,Lok Sabha
Saidpur (Sc),374,GHAZIPUR,75,Uttar Pradesh,Ghazipur,AFZAL ANSARI,6a932b5bcd944524379eddb9,Lok Sabha
Mariyahu,370,MACHHLISHAHR,74,Uttar Pradesh,Jaunpur,PRIYA SAROJ,6a932b5bcd944524379edf03,Lok Sabha
Pratappur,257,BHADOHI,78,Uttar Pradesh,Allahabad,VINOD KUMAR BIND,6a932b5bcd944524379edfc1,Lok Sabha
Babina,222,JHANSI,46,Uttar Pradesh,Jhansi,Anurag Sharma,6a932b5bcd944524379eddd8,Lok Sabha
Ghazipur,375,GHAZIPUR,75,Uttar Pradesh,Ghazipur,AFZAL ANSARI,6a932b5bcd944524379eddb9,Lok Sabha
Mahoba,230,HAMIRPUR,47,Himachal Pradesh,Mahoba,Anurag Singh Thakur,6a932b5bcd944524379eddd9,Lok Sabha
Phulpur,256,PHULPUR,51,Uttar Pradesh,Allahabad,PRAVEEN PATEL,6a932b5bcd944524379edf02,Lok Sabha
Chail,253,KAUSHAMBI,50,Uttar Pradesh,Kaushambi,PUSHPENDRA SAROJ,6a932b5bcd944524379edf08,Lok Sabha
Charkhari,231,HAMIRPUR,47,Himachal Pradesh,Mahoba,Anurag Singh Thakur,6a932b5bcd944524379eddd9,Lok Sabha
Pindra,384,MACHHLISHAHR,74,Uttar Pradesh,Varanasi,PRIYA SAROJ,6a932b5bcd944524379edf03,Lok Sabha
Ajagara (Sc),385,CHANDAULI,76,Uttar Pradesh,Varanasi,VIRENDRA SINGH,6a932b5bcd944524379edfc3,Lok Sabha
Jhansi Nagar,223,JHANSI,46,Uttar Pradesh,Jhansi,Anurag Sharma,6a932b5bcd944524379eddd8,Lok Sabha
Zamania,379,GHAZIPUR,75,Uttar Pradesh,Ghazipur,AFZAL ANSARI,6a932b5bcd944524379eddb9,Lok Sabha
Chitrakoot,236,BANDA,48,Uttar Pradesh,Chitrakoot,KRISHNA DEVI SHIVSHANKER PATEL,6a932b5bcd944524379edeaa,Lok Sabha
Sakaldiha,381,CHANDAULI,76,Uttar Pradesh,Chandauli,VIRENDRA SINGH,6a932b5bcd944524379edfc3,Lok Sabha
Manjhanpur (Sc),252,KAUSHAMBI,50,Uttar Pradesh,Kaushambi,PUSHPENDRA SAROJ,6a932b5bcd944524379edf08,Lok Sabha
Bhadohi,392,BHADOHI,78,Uttar Pradesh,Sant Ravidas Nagar,VINOD KUMAR BIND,6a932b5bcd944524379edfc1,Lok Sabha
Allahabad North,262,PHULPUR,51,Uttar Pradesh,Allahabad,PRAVEEN PATEL,6a932b5bcd944524379edf02,Lok Sabha
Saiyadraja,382,CHANDAULI,76,Uttar Pradesh,Chandauli,VIRENDRA SINGH,6a932b5bcd944524379edfc3,Lok Sabha
Allahabad West,261,PHULPUR,51,Uttar Pradesh,Allahabad,PRAVEEN PATEL,6a932b5bcd944524379edf02,Lok Sabha
Banda,235,BANDA,48,Uttar Pradesh,Banda,KRISHNA DEVI SHIVSHANKER PATEL,6a932b5bcd944524379edeaa,Lok Sabha
Handia,258,BHADOHI,78,Uttar Pradesh,Allahabad,VINOD KUMAR BIND,6a932b5bcd944524379edfc1,Lok Sabha
Allahabad South,263,ALLAHABAD,52,Uttar Pradesh,Allahabad,UJJWAL RAMAN SINGH,6a932b5bcd944524379edfb3,Lok Sabha
Shivpur,386,CHANDAULI,76,Uttar Pradesh,Varanasi,VIRENDRA SINGH,6a932b5bcd944524379edfc3,Lok Sabha
Gyanpur,393,BHADOHI,78,Uttar Pradesh,Sant Ravidas Nagar,VINOD KUMAR BIND,6a932b5bcd944524379edfc1,Lok Sabha
Karachhana,260,ALLAHABAD,52,Uttar Pradesh,Allahabad,UJJWAL RAMAN SINGH,6a932b5bcd944524379edfb3,Lok Sabha
Naraini (Sc),234,BANDA,48,Uttar Pradesh,Banda,KRISHNA DEVI SHIVSHANKER PATEL,6a932b5bcd944524379edeaa,Lok Sabha
Sevapuri,391,VARANASI,77,Uttar Pradesh,Varanasi,Shri Narendra Modi,6a932b5bcd944524379edf76,Lok Sabha
Manikpur,237,BANDA,48,Uttar Pradesh,Chitrakoot,KRISHNA DEVI SHIVSHANKER PATEL,6a932b5bcd944524379edeaa,Lok Sabha
Rohaniya,387,VARANASI,77,Uttar Pradesh,Varanasi,Shri Narendra Modi,6a932b5bcd944524379edf76,Lok Sabha
Varanasi North,388,VARANASI,77,Uttar Pradesh,Varanasi,Shri Narendra Modi,6a932b5bcd944524379edf76,Lok Sabha
Aurai (Sc),394,BHADOHI,78,Uttar Pradesh,Sant Ravidas Nagar,VINOD KUMAR BIND,6a932b5bcd944524379edfc1,Lok Sabha
Bara (Sc),264,ALLAHABAD,52,Uttar Pradesh,Allahabad,UJJWAL RAMAN SINGH,6a932b5bcd944524379edfb3,Lok Sabha
Varanasi South,389,VARANASI,77,Uttar Pradesh,Varanasi,Shri Narendra Modi,6a932b5bcd944524379edf76,Lok Sabha
Mughalsarai,380,CHANDAULI,76,Uttar Pradesh,Chandauli,VIRENDRA SINGH,6a932b5bcd944524379edfc3,Lok Sabha
Meja,259,ALLAHABAD,52,Uttar Pradesh,Allahabad,UJJWAL RAMAN SINGH,6a932b5bcd944524379edfb3,Lok Sabha
Varanasi Cantt.,390,VARANASI,77,Uttar Pradesh,Varanasi,Shri Narendra Modi,6a932b5bcd944524379edf76,Lok Sabha
Majhawan,397,MIRZAPUR,79,Uttar Pradesh,Mirzapur,Smt Anupriya Patel,6a932b5bcd944524379edf89,Lok Sabha
Chhanbey (Sc),395,MIRZAPUR,79,Uttar Pradesh,Mirzapur,Smt Anupriya Patel,6a932b5bcd944524379edf89,Lok Sabha
Lalitpur,226,JHANSI,46,Uttar Pradesh,Lalitpur,Anurag Sharma,6a932b5bcd944524379eddd8,Lok Sabha
Chakia (Sc),383,ROBERTSGANJ,80,Uttar Pradesh,Chandauli,CHHOTELAL,6a932b5bcd944524379ede1c,Lok Sabha
Mirzapur,396,MIRZAPUR,79,Uttar Pradesh,Mirzapur,Smt Anupriya Patel,6a932b5bcd944524379edf89,Lok Sabha
Chunar,398,MIRZAPUR,79,Uttar Pradesh,Mirzapur,Smt Anupriya Patel,6a932b5bcd944524379edf89,Lok Sabha
Koraon (Sc),265,ALLAHABAD,52,Uttar Pradesh,Allahabad,UJJWAL RAMAN SINGH,6a932b5bcd944524379edfb3,Lok Sabha
Marihan,399,MIRZAPUR,79,Uttar Pradesh,Mirzapur,Smt Anupriya Patel,6a932b5bcd944524379edf89,Lok Sabha
Mehroni (Sc),227,JHANSI,46,Uttar Pradesh,Lalitpur,Anurag Sharma,6a932b5bcd944524379eddd8,Lok Sabha
Ghorawal,400,ROBERTSGANJ,80,Uttar Pradesh,Sonbhadra,CHHOTELAL,6a932b5bcd944524379ede1c,Lok Sabha
Robertsganj,401,ROBERTSGANJ,80,Uttar Pradesh,Sonbhadra,CHHOTELAL,6a932b5bcd944524379ede1c,Lok Sabha
Obra,402,ROBERTSGANJ,80,Uttar Pradesh,Sonbhadra,CHHOTELAL,6a932b5bcd944524379ede1c,Lok Sabha
Duddhi (Sc),403,ROBERTSGANJ,80,Uttar Pradesh,Sonbhadra,CHHOTELAL,6a932b5bcd944524379ede1c,Lok Sabha
Nannilam,169,NAGAPATTINAM,29,Tamil Nadu,Thiruvarur,SELVARAJ V,6a932b5bcd944524379edf53,Lok Sabha
