id,name,constituency,state,house,allocatedAmount,totalExpenditure,utilizationPercentage,completedWorksCount,recommendedWorksCount,completedWorksValue,inProgressPayments,paymentGapPercentage,completionRate,pendingWorks,unspentAmount,totalRecommendedAmount,name_hi,constituency_hi,state_hi
6a932b5bcd944524379edf3a,S SUPONGMEREN JAMIR,NAGALAND,Nagaland,Lok Sabha,147000000.0,138150000.0,93.9795918367347,38,18,88600000.0,49550000.0,35.86681143684401,67.85714285714286,-20,8850000.0,58400000.0,S SUPONGMEREN JAMIR,NAGALAND,Nagaland
6a932b5ecd944524379ee2ba,Smt. Darshana Singh (2022-28),Sitting Rajya Sabha,Uttar Pradesh,Rajya Sabha,196994373.87,174994106.0,88.83203238864154,31,16,139851228.0,35142878.0,20.082320943997967,65.95744680851064,-15,22000267.870000005,37012196.0,Smt. Darshana Singh (2022-28),Sitting Rajya Sabha,Uttar Pradesh
6a932b5ecd944524379ee23e,Shri Hardeep Singh Puri (2020-26),Sitting Rajya Sabha,Uttar Pradesh,Rajya Sabha,226801049.11,180480217.2,79.57644724670823,278,137,112016608.2,68463608.99999999,37.934134866499924,66.98795180722892,-141,46320831.910000026,73217000.0,Shri Hardeep Singh Puri (2020-26),Sitting Rajya Sabha,Uttar Pradesh
6a932b5ecd944524379ee1f6,Dr. Faiyaz Ahmad (2022-28),Sitting Rajya Sabha,Bihar,Rajya Sabha,235263957.11,183753433.0,78.10522073046839,132,57,147781746.0,35971687.0,19.576062559876092,69.84126984126983,-75,51510524.110000014,75183100.0,Dr. Faiyaz Ahmad (2022-28),Sitting Rajya Sabha,Bihar
6a932b5bcd944524379edfbf,VIJAYLAKSHMI DEVI,SIWAN,Bihar,Lok Sabha,147000000.0,134748616.0,91.66572517006803,95,87,90543755.0,44204861.0,32.80542859156342,52.197802197802204,-8,12251384.0,54742200.0,VIJAYLAKSHMI DEVI,SIWAN,Bihar
6a932b5ecd944524379ee2ca,Smt. S. Phangnon Konyak (2022-28),Sitting Rajya Sabha,Nagaland,Rajya Sabha,206563957.11,196418200.0,95.08832167433879,57,20,144763000.0,51655200.0,26.298581292364965,74.02597402597402,-37,10145757.110000014,59408000.0,Smt. S. Phangnon Konyak (2022-28),Sitting Rajya Sabha,Nagaland
6a932b5ecd944524379ee2cd,Smt. Sangeeta Yadav (2022-28),Sitting Rajya Sabha,Uttar Pradesh,Rajya Sabha,196063957.11,169940841.0,86.6762272397961,43,78,117219561.0,52721280.0,31.023313577693777,35.53719008264463,35,26123116.110000014,76512677.47,Smt. Sangeeta Yadav (2022-28),Sitting Rajya Sabha,Uttar Pradesh
6a932b5bcd944524379edf65,Shri Arun Kumar Sagar ,SHAHJAHANPUR,Uttar Pradesh,Lok Sabha,147000000.0,138723000.0,94.36938775510204,4,3,97143000.0,41580000.0,29.9734002292338,57.14285714285714,-1,8277000.0,48733200.0,Shri Arun Kumar Sagar ,SHAHJAHANPUR,Uttar Pradesh
6a932b5ecd944524379ee213,Prof. Ram Gopal Yadav (2020-26),Sitting Rajya Sabha,Uttar Pradesh,Rajya Sabha,221271395.11,178725656.0,80.77214676174054,25,56,78745019.0,99980637.0,55.94084209152378,30.864197530864196,31,42545739.110000014,119864668.0,Prof. Ram Gopal Yadav (2020-26),Sitting Rajya Sabha,Uttar Pradesh
6a932b5ecd944524379ee221,Shri B.L. Verma (2020-26),Sitting Rajya Sabha,Uttar Pradesh,Rajya Sabha,196063957.11,168937264.09,86.16436523068806,350,64,116682306.09,52254958.0,30.93157586129818,84.54106280193237,-286,27126693.02000001,68770238.0,Shri B.L. Verma (2020-26),Sitting Rajya Sabha,Uttar Pradesh
6a932b5bcd944524379edf97,Smt Veena Devi ,VAISHALI,Bihar,Lok Sabha,147000000.0,131108889.0,89.18972040816327,30,29,93983889.0,37125000.0,28.31615787698422,50.847457627118644,-1,15891111.0,52876790.0,Smt Veena Devi ,VAISHALI,Bihar
6a932b5ecd944524379ee255,Shri Khiru Mahto (2022-28),Sitting Rajya Sabha,Bihar,Rajya Sabha,235770091.81,183791258.0,77.95359309106594,171,6,179942987.0,3848271.0,2.093827008899411,96.61016949152543,-165,51978833.81,5956000.0,Shri Khiru Mahto (2022-28),Sitting Rajya Sabha,Bihar
6a932b5ecd944524379ee2d2,Smt. Sumitra Balmik (2022-28),Sitting Rajya Sabha,Madhya Pradesh,Rajya Sabha,196063957.11,163767349.0,83.52751388574684,62,116,76039991.0,87727358.0,53.568283626548784,34.831460674157306,54,32296608.110000014,110531498.0,Smt. Sumitra Balmik (2022-28),Sitting Rajya Sabha,Madhya Pradesh
6a932b5ecd944524379ee2bb,Smt. Geeta alias Chandraprabha (2020-26),Sitting Rajya Sabha,Uttar Pradesh,Rajya Sabha,196063957.11,169877016.35,86.64367426527659,210,37,161572422.35,8304594.0,4.888591863945814,85.02024291497976,-173,26186940.76000002,34491534.0,Smt. Geeta alias Chandraprabha (2020-26),Sitting Rajya Sabha,Uttar Pradesh
6a932b5ecd944524379ee2c7,Smt. Ranjeet Ranjan (2022-28),Sitting Rajya Sabha,Chhattisgarh,Rajya Sabha,246780257.87,185739464.0,75.26512274650618,160,121,131171025.0,54568439.0,29.379022543103712,56.93950177935944,-39,61040793.870000005,107917287.0,Smt. Ranjeet Ranjan (2022-28),Sitting Rajya Sabha,Chhattisgarh
6a932b5bcd944524379edde4,Ashok Kumar Rawat,MISRIKH,Uttar Pradesh,Lok Sabha,147000000.0,121139986.0,82.4081537414966,2,3,48614657.0,72525329.0,59.86902540999138,40.0,1,25860014.0,98162048.0,Ashok Kumar Rawat,MISRIKH,Uttar Pradesh
6a932b5ecd944524379ee294,Shri S. Kalyanasundaram (2022-28),Sitting Rajya Sabha,Tamil Nadu,Rajya Sabha,239763792.52,179863534.0,75.01697070669942,141,44,164924211.0,14939323.0,8.305920976733393,76.21621621621621,-97,59900258.52000001,72108664.0,Shri S. Kalyanasundaram (2022-28),Sitting Rajya Sabha,Tamil Nadu
6a932b5bcd944524379eded7,Mukesh Rajput,FARRUKHABAD,Uttar Pradesh,Lok Sabha,147000000.0,108417412.0,73.75334149659864,246,49,92642945.0,15774467.0,14.549754240582685,83.38983050847457,-197,38582588.0,44494488.0,Mukesh Rajput,FARRUKHABAD,Uttar Pradesh
6a932b5bcd944524379edf2b,Ramprit Mandal,JHANJHARPUR,Bihar,Lok Sabha,147000000.0,107510581.0,73.13644965986394,90,91,92399719.0,15110862.0,14.05523238684758,49.72375690607735,1,39489419.0,56964407.0,Ramprit Mandal,JHANJHARPUR,Bihar
6a932b5ecd944524379ee1f4,Dr. Dharmshila Gupta (2024-30),Sitting Rajya Sabha,Bihar,Rajya Sabha,186200000.0,136714265.0,73.42334317937701,87,55,114316446.0,22397819.0,16.382942189682986,61.267605633802816,-32,49485735.0,65333882.0,Dr. Dharmshila Gupta (2024-30),Sitting Rajya Sabha,Bihar
6a932b5bcd944524379edf24,RAM PRASAD CHAUDHARY,BASTI,Uttar Pradesh,Lok Sabha,204176957.11,148429426.0,72.69646296081976,37,146,63914240.0,84515186.0,56.93964349090726,20.21857923497268,109,55747531.110000014,134157534.0,RAM PRASAD CHAUDHARY,BASTI,Uttar Pradesh
6a932b5ecd944524379ee249,Shri Javed Ali Khan (2022-28),Sitting Rajya Sabha,Uttar Pradesh,Rajya Sabha,196063957.11,160977854.28,82.10476655313283,125,68,101806791.0,59171063.28,36.75726921858434,64.76683937823834,-57,35086102.83000001,91786508.0,Shri Javed Ali Khan (2022-28),Sitting Rajya Sabha,Uttar Pradesh
6a932b5ecd944524379ee2a7,Shri Shambhu Sharan Patel (2022-28),Sitting Rajya Sabha,Bihar,Rajya Sabha,237168443.49,175484824.0,73.99164130678251,199,109,157543823.0,17941001.0,10.223676663914825,64.6103896103896,-90,61683619.49000001,70031089.0,Shri Shambhu Sharan Patel (2022-28),Sitting Rajya Sabha,Bihar
6a932b5ecd944524379ee27f,Shri R. Dharmar (2022-28),Sitting Rajya Sabha,Tamil Nadu,Rajya Sabha,260812242.52,207877791.0,79.70400046848229,189,55,204379819.0,3497972.0,1.6827059702592277,77.45901639344262,-134,52934451.52000001,54800000.0,Shri R. Dharmar (2022-28),Sitting Rajya Sabha,Tamil Nadu
6a932b5ecd944524379ee280,Shri R. Girirajan (2022-28),Sitting Rajya Sabha,Tamil Nadu,Rajya Sabha,236312242.52,165928789.0,70.21590893072617,150,71,124310817.0,41617972.0,25.08182712042815,67.87330316742081,-79,70383453.52000001,56270000.0,Shri R. Girirajan (2022-28),Sitting Rajya Sabha,Tamil Nadu
6a932b5ecd944524379ee28a,Shri Ramji (2020-26),Sitting Rajya Sabha,Uttar Pradesh,Rajya Sabha,174518577.11,141923083.0,81.32262212437425,154,91,133996851.0,7926232.0,5.5848786768534335,62.857142857142854,-63,32595494.110000014,22403084.0,Shri Ramji (2020-26),Sitting Rajya Sabha,Uttar Pradesh
6a932b5bcd944524379ede4a,DR. RAJESH MISHRA,SIDHI,Madhya Pradesh,Lok Sabha,262724510.35,184983789.0,70.40979494207286,172,169,136499025.0,48484764.0,26.210277269215197,50.43988269794721,-3,77740721.35,99862816.0,DR. RAJESH MISHRA,SIDHI,Madhya Pradesh
6a932b5ecd944524379ee1f2,Dr. Bhim Singh (2024-30),Sitting Rajya Sabha,Bihar,Rajya Sabha,186200000.0,139819329.0,75.09093931256713,233,81,93849329.0,45970000.0,32.87814376508702,74.20382165605095,-152,46380671.0,75354185.0,Dr. Bhim Singh (2024-30),Sitting Rajya Sabha,Bihar
6a932b5bcd944524379ede61,Giridhari Yadav,BANKA,Bihar,Lok Sabha,147000000.0,114805889.0,78.09924421768707,85,35,97151866.0,17654023.0,15.37727999301499,70.83333333333334,-50,32194111.0,40070899.0,Giridhari Yadav,BANKA,Bihar
6a932b5ecd944524379ee2bf,Smt. Mahua Maji (2022-28),Sitting Rajya Sabha,Jharkhand,Rajya Sabha,232524001.2,163193927.0,70.18369121372233,150,315,81123339.0,82070588.0,50.2902218904261,32.25806451612903,165,69330074.19999999,118420476.0,Smt. Mahua Maji (2022-28),Sitting Rajya Sabha,Jharkhand
6a932b5bcd944524379edef8,Pradeep Kumar Singh,ARARIA,Bihar,Lok Sabha,147000000.0,118278146.0,80.4613238095238,39,47,94498127.0,23780019.0,20.10516718785903,45.348837209302324,8,28721854.0,38113300.0,Pradeep Kumar Singh,ARARIA,Bihar
6a932b5ecd944524379ee223,Shri Baburam Nishad (2022-28),Sitting Rajya Sabha,Uttar Pradesh,Rajya Sabha,196063957.11,136082109.32,69.40699929036538,436,213,113334752.32,22747357.0,16.71590564966119,67.18027734976889,-223,59981847.79000002,73829823.98,Shri Baburam Nishad (2022-28),Sitting Rajya Sabha,Uttar Pradesh
6a932b5ecd944524379ee2ce,Smt. Seema Dwivedi (2020-26),Sitting Rajya Sabha,Uttar Pradesh,Rajya Sabha,173830159.11,135282718.4,77.82465315146658,210,198,104021540.4,31261178.0,23.108035061483506,51.470588235294116,-12,38547440.71000001,69381598.0,Smt. Seema Dwivedi (2020-26),Sitting Rajya Sabha,Uttar Pradesh
6a932b5bcd944524379edddb,ARUN BHARTI,JAMUI,Bihar,Lok Sabha,194924621.11,132883940.0,68.17196270193637,218,110,112774852.0,20109088.0,15.132820414566275,66.46341463414635,-108,62040681.110000014,34657007.0,ARUN BHARTI,JAMUI,Bihar
6a932b5bcd944524379ede03,Bhola Singh,BULANDSHAHR,Uttar Pradesh,Lok Sabha,147000000.0,101017522.0,68.71940272108844,142,148,70121237.0,30896285.0,30.58507513181723,48.96551724137931,6,45982478.0,64320879.0,Bhola Singh,BULANDSHAHR,Uttar Pradesh
6a932b5bcd944524379edf9e,SUKHDEO BHAGAT,LOHARDAGA,Jharkhand,Lok Sabha,171821957.11,138586757.0,80.65718685259597,80,204,45856503.0,92730254.0,66.91133843329634,28.169014084507044,124,33235200.110000014,113007587.0,SUKHDEO BHAGAT,LOHARDAGA,Jharkhand
6a932b5bcd944524379edefa,Pradyut Bordoloi,NOWGONG,Assam,Lok Sabha,98000000.0,67647652.0,69.02821632653061,13,202,6630634.0,61017018.0,90.19827916569817,6.046511627906977,189,30352348.0,90758000.0,Pradyut Bordoloi,NOWGONG,Assam
6a932b5ecd944524379ee2a5,Shri Satish Chandra Dubey (2022-28),Sitting Rajya Sabha,Bihar,Rajya Sabha,235263957.11,159342825.0,67.7293823318196,162,92,128859487.0,30483338.0,19.13066245687561,63.77952755905512,-70,75921132.11000001,97836407.0,Shri Satish Chandra Dubey (2022-28),Sitting Rajya Sabha,Bihar
6a932b5ecd944524379ee21c,Shri Arun Singh (2020-26),Sitting Rajya Sabha,Uttar Pradesh,Rajya Sabha,223492764.11,151462382.0,67.77059767601797,46,65,50601635.0,100860747.0,66.5912853529532,41.44144144144144,19,72030382.11000001,170916000.0,Shri Arun Singh (2020-26),Sitting Rajya Sabha,Uttar Pradesh
6a932b5ecd944524379ee23b,Shri Gulam Ali (2022-28),Nominated Rajya Sabha,Jammu And Kashmir,Rajya Sabha,196063957.11,134033715.0,68.36224106443058,156,29,133429060.0,604655.0,0.4511215704198007,84.32432432432432,-127,62030242.110000014,13559003.89,Shri Gulam Ali (2022-28),Nominated Rajya Sabha,Jammu And Kashmir
6a932b5ecd944524379ee205,Dr. Sandeep Kumar Pathak (2022-28),Sitting Rajya Sabha,Punjab,Rajya Sabha,232203454.24,159803697.0,68.82055115116017,157,121,80659922.0,79143775.0,49.52562205115943,56.4748201438849,-36,72399757.24000001,124695523.0,Dr. Sandeep Kumar Pathak (2022-28),Sitting Rajya Sabha,Punjab
6a932b5bcd944524379edf9b,SUDHAKAR SINGH,BUXAR,Bihar,Lok Sabha,185211956.54,123581875.0,66.72456644196735,98,106,97184694.0,26397181.0,21.360074849163762,48.03921568627451,8,61630081.53999999,87004800.0,SUDHAKAR SINGH,BUXAR,Bihar
6a932b5bcd944524379eddd5,ANOOP PRADHAN BALMIKI,HATHRAS,Uttar Pradesh,Lok Sabha,147000000.0,97915147.0,66.60894353741497,69,37,94261505.0,3653642.0,3.731436975731651,65.09433962264151,-32,49084853.0,52663000.0,ANOOP PRADHAN BALMIKI,HATHRAS,Uttar Pradesh
6a932b5bcd944524379ede43,DR. LATA WANKHEDE,SAGAR,Madhya Pradesh,Lok Sabha,147000000.0,99315853.0,67.56180476190477,103,155,78629489.0,20686364.0,20.828864048522043,39.922480620155035,52,47684147.0,71512932.0,DR. LATA WANKHEDE,SAGAR,Madhya Pradesh
6a932b5ecd944524379ee2cb,Smt. Sadhna Singh (2024-30),Sitting Rajya Sabha,Uttar Pradesh,Rajya Sabha,147000000.0,101298179.0,68.91032585034014,5,13,82840596.0,18457583.0,18.22104126866881,27.77777777777778,8,45701821.0,37556200.0,Smt. Sadhna Singh (2024-30),Sitting Rajya Sabha,Uttar Pradesh
6a932b5ecd944524379ee216,Shri Aditya Prasad (2022-28),Sitting Rajya Sabha,Jharkhand,Rajya Sabha,227628508.2,159474868.0,70.05926861317452,141,85,115687342.0,43787526.0,27.45732073595446,62.38938053097345,-56,68153640.19999999,68485750.0,Shri Aditya Prasad (2022-28),Sitting Rajya Sabha,Jharkhand
6a932b5bcd944524379edee3,NEERAJ MAURYA,AONLA,Uttar Pradesh,Lok Sabha,147000000.0,97488644.0,66.31880544217688,17,19,96558369.0,930275.0,0.9542393470976988,47.22222222222222,2,49511356.0,50352260.0,NEERAJ MAURYA,AONLA,Uttar Pradesh
6a932b5ecd944524379ee2a3,Shri Sant Balbir Singh (2022-28),Sitting Rajya Sabha,Punjab,Rajya Sabha,196359074.44000003,131641205.41,67.0410602542459,206,165,98971956.0,32669249.409999996,24.81688716557309,55.525606469002696,-41,64717869.03000003,76622334.0,Shri Sant Balbir Singh (2022-28),Sitting Rajya Sabha,Punjab
6a932b5bcd944524379edf1e,Rajkumar Chahar ,FATEHPUR SIKRI,Uttar Pradesh,Lok Sabha,147000000.0,96369831.0,65.5577081632653,45,5,95259092.0,1110739.0,1.1525795868626147,90.0,-40,50630169.0,11718000.0,Rajkumar Chahar ,FATEHPUR SIKRI,Uttar Pradesh
6a932b5ecd944524379ee246,Shri Jaggesh (2022-28),Sitting Rajya Sabha,Karnataka,Rajya Sabha,196063957.11,130587101.0,66.60433815825478,126,82,117216640.0,13370461.0,10.238730240286136,60.57692307692307,-44,65476856.110000014,78100000.0,Shri Jaggesh (2022-28),Sitting Rajya Sabha,Karnataka
6a932b5bcd944524379ede3d,DR RANI SRI KUMAR,TENKASI,Tamil Nadu,Lok Sabha,153060922.82,99919930.0,65.28114959656037,102,58,86705685.0,13214245.0,13.224834124683635,63.74999999999999,-44,53140992.81999999,34843098.0,DR RANI SRI KUMAR,TENKASI,Tamil Nadu
6a932b5bcd944524379edf7f,Shri Tapir Gao,ARUNACHAL EAST,Arunachal Pradesh,Lok Sabha,147000000.0,98534470.0,67.03025170068028,106,58,94063491.0,4470979.0,4.537477087967287,64.63414634146342,-48,48465530.0,39300000.0,Shri Tapir Gao,ARUNACHAL EAST,Arunachal Pradesh
6a932b5bcd944524379edf34,RICHARD VANLALHMANGAIHA,MIZORAM,Mizoram,Lok Sabha,147000000.0,96361729.0,65.55219659863945,134,132,70434229.0,25927500.0,26.90642879602129,50.37593984962406,-2,50638271.0,52960000.0,RICHARD VANLALHMANGAIHA,MIZORAM,Mizoram
6a932b5bcd944524379ede96,KAMLESH JANGDE,JANJGIR CHAMPA,Chhattisgarh,Lok Sabha,150384382.11,99411941.0,66.10522954922556,254,90,78661679.0,20750262.0,20.873007599761078,73.83720930232558,-164,50972441.110000014,36000000.0,KAMLESH JANGDE,JANJGIR CHAMPA,Chhattisgarh
6a932b5bcd944524379edf3f,SALENG A SANGMA,TURA,Meghalaya,Lok Sabha,147000000.0,97120000.0,66.06802721088435,130,218,51050000.0,46070000.0,47.43616144975288,37.35632183908046,88,49880000.0,89470000.0,SALENG A SANGMA,TURA,Meghalaya
6a932b5bcd944524379ede1a,CHHATRA PAL SINGH GANGWAR,BAREILLY,Uttar Pradesh,Lok Sabha,147000000.0,95712065.0,65.11024829931972,142,44,93623211.0,2088854.0,2.1824354118783247,76.34408602150538,-98,51287935.0,19418646.0,CHHATRA PAL SINGH GANGWAR,BAREILLY,Uttar Pradesh
6a932b5bcd944524379edf13,RAJ BHUSHAN CHOUDHARY,MUZAFFARPUR,Bihar,Lok Sabha,147000000.0,96375137.0,65.56131768707483,77,43,86773068.0,9602069.0,9.963222153448145,64.16666666666667,-34,50624863.0,42048317.0,RAJ BHUSHAN CHOUDHARY,MUZAFFARPUR,Bihar
6a932b5bcd944524379eddce,ANDREW J. SYNGKON,SHILLONG,Meghalaya,Lok Sabha,98000000.0,70505000.0,71.9438775510204,98,146,36350000.0,34155000.0,48.44337281043898,40.16393442622951,48,27495000.0,62550000.0,ANDREW J. SYNGKON,SHILLONG,Meghalaya
6a932b5bcd944524379eddc0,AKSHAYA YADAV,FIROZABAD,Uttar Pradesh,Lok Sabha,147000000.0,95931875.0,65.25977891156462,37,6,87311813.0,8620062.0,8.98560775550358,86.04651162790698,-31,51068125.0,10297000.0,AKSHAYA YADAV,FIROZABAD,Uttar Pradesh
6a932b5bcd944524379ede9c,KARAN BHUSHAN SINGH,KAISERGANJ,Uttar Pradesh,Lok Sabha,147000000.0,95454825.0,64.93525510204081,33,75,46122700.0,49332125.0,51.68112245766518,30.555555555555557,42,51545175.0,95762209.0,KARAN BHUSHAN SINGH,KAISERGANJ,Uttar Pradesh
6a932b5ecd944524379ee1fb,Dr. Kavita Patidar (2022-28),Sitting Rajya Sabha,Madhya Pradesh,Rajya Sabha,197118521.35000002,127377000.12,64.61949858777184,142,75,85554362.0,41822638.120000005,32.8337439887888,65.43778801843318,-67,69741521.23000002,63346885.0,Dr. Kavita Patidar (2022-28),Sitting Rajya Sabha,Madhya Pradesh
6a932b5ecd944524379ee24d,Shri K.R.N. Rajeshkumar (2022-28),Sitting Rajya Sabha,Tamil Nadu,Rajya Sabha,238513975.53,152999036.0,64.14678035533224,84,18,131487423.0,21511613.0,14.059966364755397,82.35294117647058,-66,85514939.53,54439000.0,Shri K.R.N. Rajeshkumar (2022-28),Sitting Rajya Sabha,Tamil Nadu
6a932b5bcd944524379edf59,SHER SINGH GHUBAYA,FIROZPUR,Punjab,Lok Sabha,147000000.0,94266196.0,64.12666394557823,361,34,88106251.0,6159945.0,6.53462774715127,91.39240506329114,-327,52733804.0,10162000.0,SHER SINGH GHUBAYA,FIROZPUR,Punjab
6a932b5bcd944524379edf07,Prof SP Singh Baghel,AGRA,Uttar Pradesh,Lok Sabha,147000000.0,93200157.0,63.40146734693878,55,55,75214638.0,17985519.0,19.297734659395477,50.0,0,53799843.0,71708800.0,Prof SP Singh Baghel,AGRA,Uttar Pradesh
6a932b5bcd944524379eddcf,ANGOMCHA BIMOL AKOIJAM,INNER MANIPUR,Manipur,Lok Sabha,147000000.0,93860392.0,63.85060680272109,21,29,45798053.0,48062339.0,51.2061988831242,42.0,8,53139608.0,69691752.0,ANGOMCHA BIMOL AKOIJAM,INNER MANIPUR,Manipur
6a932b5bcd944524379edfae,THARANIVENTHAN M S,ARANI,Tamil Nadu,Lok Sabha,168337124.35,111315790.0,66.12670284693503,180,137,91405416.0,19910374.0,17.886387905974523,56.782334384858046,-43,57021334.349999994,74170000.0,THARANIVENTHAN M S,ARANI,Tamil Nadu
6a932b5bcd944524379edeec,Pankaj Chowdhary,MAHARAJGANJ,Uttar Pradesh,Lok Sabha,147000000.0,95676373.0,65.08596802721088,35,30,75335566.0,20340807.0,21.260010556629275,53.84615384615385,-5,51323627.0,56016732.0,Pankaj Chowdhary,MAHARAJGANJ,Uttar Pradesh
6a932b5bcd944524379ede71,Indra Hang Subba,SIKKIM,Sikkim,Lok Sabha,152003923.11,98023420.0,64.48742768899709,38,81,76962180.0,21061240.0,21.48592652653825,31.932773109243694,43,53980503.110000014,56803000.0,Indra Hang Subba,SIKKIM,Sikkim
6a932b5bcd944524379ede7e,JITENDRA KUMAR DOHARE,ETAWAH,Uttar Pradesh,Lok Sabha,188747306.26,119571988.0,63.350301717837084,192,322,59111265.0,60460723.0,50.56428684618006,37.35408560311284,130,69175318.25999999,114627477.45,JITENDRA KUMAR DOHARE,ETAWAH,Uttar Pradesh
6a932b5bcd944524379edec9,MANOJ KUMAR,SASARAM,Bihar,Lok Sabha,147000000.0,95686097.0,65.09258299319728,82,112,68255638.0,27430459.0,28.667131234331777,42.2680412371134,30,51313903.0,77324340.0,MANOJ KUMAR,SASARAM,Bihar
6a932b5bcd944524379edf22,RAKESH RATHOR,SITAPUR,Uttar Pradesh,Lok Sabha,147000000.0,91524162.0,62.261334693877544,21,50,32047044.0,59477118.0,64.985154412012,29.577464788732392,29,55475838.0,106852496.0,RAKESH RATHOR,SITAPUR,Uttar Pradesh
6a932b5bcd944524379ede1c,CHHOTELAL,ROBERTSGANJ,Uttar Pradesh,Lok Sabha,147000000.0,90952339.0,61.87233945578231,261,174,49140148.0,41812191.0,45.97154010519729,60.0,-87,56047661.0,82129996.0,CHHOTELAL,ROBERTSGANJ,Uttar Pradesh
6a932b5bcd944524379edf3d,SACHITHANANTHAM R,DINDIGUL,Tamil Nadu,Lok Sabha,147000000.0,91226196.0,62.05863673469387,50,84,59427935.0,31798261.0,34.85650218277215,37.3134328358209,34,55773804.0,87536000.0,SACHITHANANTHAM R,DINDIGUL,Tamil Nadu
6a932b5bcd944524379edf4b,SARABJEET SINGH KHALSA,FARIDKOT,Punjab,Lok Sabha,150850348.15,93855473.0,62.21760450076893,227,389,49705480.0,44149993.0,47.04040328047785,36.85064935064935,162,56994875.150000006,89411447.0,SARABJEET SINGH KHALSA,FARIDKOT,Punjab
6a932b5ecd944524379ee20b,Dr. Sikander Kumar (2022-28),Sitting Rajya Sabha,Himachal Pradesh,Rajya Sabha,207863957.11,127603852.04,61.38815685707023,169,225,89654329.04,37949523.0,29.74010767958945,42.89340101522843,56,80260105.07000001,77092583.0,Dr. Sikander Kumar (2022-28),Sitting Rajya Sabha,Himachal Pradesh
6a932b5bcd944524379edec3,Manickam Tagore B,VIRUDHUNAGAR,Tamil Nadu,Lok Sabha,147000000.0,90165437.0,61.33703197278911,69,19,73873945.0,16291492.0,18.068444563741203,78.4090909090909,-50,56834563.0,23870000.0,Manickam Tagore B,VIRUDHUNAGAR,Tamil Nadu
6a932b5ecd944524379ee28e,Shri Ratanjit Pratap Narain Singh (2024-30),Sitting Rajya Sabha,Uttar Pradesh,Rajya Sabha,147000000.0,89673432.0,61.00233469387754,83,42,76802551.0,12870881.0,14.353059443514999,66.4,-41,57326568.0,20909847.0,Shri Ratanjit Pratap Narain Singh (2024-30),Sitting Rajya Sabha,Uttar Pradesh
6a932b5ecd944524379ee2af,Shri Tejveer Singh (2024-30),Sitting Rajya Sabha,Uttar Pradesh,Rajya Sabha,147000000.0,89900058.0,61.15650204081633,53,33,61465997.0,28434061.0,31.628523532209513,61.627906976744185,-20,57099942.0,36465400.0,Shri Tejveer Singh (2024-30),Sitting Rajya Sabha,Uttar Pradesh
6a932b5bcd944524379ede59,GAIKWAD VARSHA EKNATH,MUMBAI NORTH-CENTRAL,Maharashtra,Lok Sabha,147000000.0,92563767.0,62.96854897959183,0,57,0.0,92563767.0,100.0,0.0,57,54436233.0,98000000.0,GAIKWAD VARSHA EKNATH,MUMBAI NORTH-CENTRAL,Maharashtra
6a932b5bcd944524379edf02,PRAVEEN PATEL,PHULPUR,Uttar Pradesh,Lok Sabha,151559884.09,95102075.0,62.748843845463774,14,10,50524702.0,44577373.0,46.873186520903985,58.333333333333336,-4,56457809.09,47228077.0,PRAVEEN PATEL,PHULPUR,Uttar Pradesh
6a932b5ecd944524379ee28b,Shri Ramji Lal Suman (2024-30),Sitting Rajya Sabha,Uttar Pradesh,Rajya Sabha,147000000.0,93005621.0,63.26912993197279,29,35,48424053.0,44581568.0,47.93427270379712,45.3125,6,53994379.0,49566400.0,Shri Ramji Lal Suman (2024-30),Sitting Rajya Sabha,Uttar Pradesh
6a932b5bcd944524379edf72,Shri Karti P Chidambaram ,SIVAGANGA,Tamil Nadu,Lok Sabha,159049284.11,98344507.0,61.83272534064598,117,67,74356902.0,23987605.0,24.39140296874944,63.58695652173913,-50,60704777.110000014,62232000.0,Shri Karti P Chidambaram ,SIVAGANGA,Tamil Nadu
6a932b5bcd944524379edf87,SK NURUL ISLAM,BASIRHAT,West Bengal,Lok Sabha,49000000.0,30740105.0,62.7349081632653,7,26,13344497.0,17395608.0,56.58929271711987,21.21212121212121,19,18259895.0,36895000.0,SK NURUL ISLAM,BASIRHAT,West Bengal
6a932b5ecd944524379ee22b,Shri Chandrakant Damodar Handore (2024-30),Sitting Rajya Sabha,Maharashtra,Rajya Sabha,147000000.0,91048479.0,61.937740816326524,9,29,17902582.0,73145897.0,80.33730799610612,23.684210526315788,20,55951521.0,112000000.0,Shri Chandrakant Damodar Handore (2024-30),Sitting Rajya Sabha,Maharashtra
6a932b5bcd944524379edf36,Rodmal Nagar ,RAJGARH,Madhya Pradesh,Lok Sabha,147000000.0,92107905.0,62.658438775510206,54,301,35993694.0,56114211.0,60.92225309000351,15.211267605633802,247,54892095.0,110254822.0,Rodmal Nagar ,RAJGARH,Madhya Pradesh
6a932b5bcd944524379edde9,AWADHESH PRASAD,FAIZABAD,Uttar Pradesh,Lok Sabha,147000000.0,92097873.0,62.65161428571429,108,106,81824252.0,10273621.0,11.15511212729093,50.467289719626166,-2,54902127.0,55262061.0,AWADHESH PRASAD,FAIZABAD,Uttar Pradesh
6a932b5ecd944524379ee1f9,Dr. K. Laxman (2022-28),Sitting Rajya Sabha,Uttar Pradesh,Rajya Sabha,197637007.11,123809716.0,62.64500652506364,275,48,90523200.0,33286516.0,26.885221188941262,85.13931888544892,-227,73827291.11000001,54605900.0,Dr. K. Laxman (2022-28),Sitting Rajya Sabha,Uttar Pradesh
6a932b5bcd944524379ede5d,Ganesan Selvam,KANCHEEPURAM,Tamil Nadu,Lok Sabha,186508749.11,110717216.0,59.36301461906255,273,177,96645925.0,14071291.0,12.709216785219743,60.66666666666667,-96,75791533.11000001,74511000.0,Ganesan Selvam,KANCHEEPURAM,Tamil Nadu
6a932b5bcd944524379ede7a,Janardan Mishra,REWA,Madhya Pradesh,Lok Sabha,147000000.0,86935425.0,59.139744897959176,1,106,1125327.0,85810098.0,98.70555990265188,0.9345794392523363,105,60064575.0,136081366.0,Janardan Mishra,REWA,Madhya Pradesh
6a932b5bcd944524379edfc3,VIRENDRA SINGH,CHANDAULI,Uttar Pradesh,Lok Sabha,147000000.0,86345853.0,58.73867551020409,13,22,60651663.0,25694190.0,29.757294771296085,37.142857142857146,9,60654147.0,43654675.0,VIRENDRA SINGH,CHANDAULI,Uttar Pradesh
6a932b5bcd944524379ede86,K E PRAKASH,ERODE,Tamil Nadu,Lok Sabha,147000000.0,87182728.0,59.307978231292516,141,101,78048880.0,9133848.0,10.476671480158316,58.26446280991735,-40,59817272.0,53313500.0,K E PRAKASH,ERODE,Tamil Nadu
6a932b5bcd944524379ede1f,CN Annadurai,TIRUVANNAMALAI,Tamil Nadu,Lok Sabha,148579509.11,87500808.0,58.89157160643145,171,23,79786644.0,7714164.0,8.81610601812957,88.14432989690721,-148,61078701.110000014,18920000.0,CN Annadurai,TIRUVANNAMALAI,Tamil Nadu
6a932b5bcd944524379edde6,Asit Kumar Mal ,BOLPUR,West Bengal,Lok Sabha,275694456.74,167302248.0,60.68393611474685,134,68,150323234.0,16979014.0,10.14870642981438,66.33663366336634,-66,108392208.74000001,92539472.0,Asit Kumar Mal ,BOLPUR,West Bengal
6a932b5ecd944524379ee236,Shri Dorjee Tshering Lepcha (2024-30),Sitting Rajya Sabha,Sikkim,Rajya Sabha,150170726.11,91921040.0,61.21102453261621,85,33,84930114.0,6990926.0,7.605359991575378,72.03389830508475,-52,58249686.110000014,60900000.0,Shri Dorjee Tshering Lepcha (2024-30),Sitting Rajya Sabha,Sikkim
6a932b5bcd944524379edebf,MALAIYARASAN D,KALLAKURICHI,Tamil Nadu,Lok Sabha,201599593.0,121901141.0,60.46695788716201,198,191,119983247.0,1917894.0,1.5733191537559112,50.899742930591266,-7,79698452.0,58100000.0,MALAIYARASAN D,KALLAKURICHI,Tamil Nadu
6a932b5bcd944524379edf46,Sanjay Seth ,RANCHI,Jharkhand,Lok Sabha,147064357.11,88234955.0,59.997511792747126,49,101,29564600.0,58670355.0,66.49332455601072,32.666666666666664,52,58829402.110000014,68228048.0,Sanjay Seth ,RANCHI,Jharkhand
6a932b5bcd944524379eddff,BHARTI PARDHI,BALAGHAT,Madhya Pradesh,Lok Sabha,154398389.01,92426127.0,59.86210581122954,80,85,44802146.0,47623981.0,51.52653534860332,48.484848484848484,5,61972262.00999999,56380596.0,BHARTI PARDHI,BALAGHAT,Madhya Pradesh
6a932b5bcd944524379edea2,Kiren Rijiju,ARUNACHAL WEST,Arunachal Pradesh,Lok Sabha,147000000.0,87533016.0,59.5462693877551,114,17,80040499.0,7492517.0,8.559646796587016,87.02290076335878,-97,59466984.0,14200000.0,Kiren Rijiju,ARUNACHAL WEST,Arunachal Pradesh
6a932b5bcd944524379ede3b,Dr Mohammad Jawed,KISHANGANJ,Bihar,Lok Sabha,148669229.11,89065400.0,59.90842929178083,130,74,83945400.0,5120000.0,5.748584747836983,63.725490196078425,-56,59603829.110000014,50150300.0,Dr Mohammad Jawed,KISHANGANJ,Bihar
6a932b5bcd944524379ede31,Dileshwar Kamait ,SUPAUL,Bihar,Lok Sabha,150450930.89,89329681.0,59.37462830676142,46,85,60629237.0,28700444.0,32.128676245916516,35.11450381679389,39,61121249.889999986,70187000.0,Dileshwar Kamait ,SUPAUL,Bihar
6a932b5bcd944524379edf7b,Shri Satish Kumar Gautam ,ALIGARH,Uttar Pradesh,Lok Sabha,147000000.0,87713538.0,59.669073469387754,21,55,24736769.0,62976769.0,71.79823142010302,27.631578947368425,34,59286462.0,73080000.0,Shri Satish Kumar Gautam ,ALIGARH,Uttar Pradesh
6a932b5ecd944524379ee279,Shri Pradip Kumar Varma (2024-30),Sitting Rajya Sabha,Jharkhand,Rajya Sabha,178564551.09,101069118.0,56.60088600063694,24,214,20485000.0,80584118.0,79.73169212775755,10.084033613445378,190,77495433.09,128406716.0,Shri Pradip Kumar Varma (2024-30),Sitting Rajya Sabha,Jharkhand
6a932b5bcd944524379ede51,Durga Das Uikey ,BETUL,Madhya Pradesh,Lok Sabha,151569502.91,85636977.0,56.500137135667806,288,214,67364911.0,18272066.0,21.336654608908017,57.37051792828686,-74,65932525.91,77124735.0,Durga Das Uikey ,BETUL,Madhya Pradesh
6a932b5ecd944524379ee272,Shri P. Chidambaram (2022-28),Sitting Rajya Sabha,Tamil Nadu,Rajya Sabha,236312242.52,133481597.0,56.485265247611096,75,69,71448372.0,62033225.0,46.473241551043174,52.083333333333336,-6,102830645.52000001,112607000.0,Shri P. Chidambaram (2022-28),Sitting Rajya Sabha,Tamil Nadu
6a932b5bcd944524379edfaa,TANUJ PUNIA,BARABANKI,Uttar Pradesh,Lok Sabha,148198170.11,83397272.0,56.27415772954445,13,20,38479343.0,44917929.0,53.86018981532153,39.39393939393939,7,64800898.110000014,84983373.0,TANUJ PUNIA,BARABANKI,Uttar Pradesh
6a932b5bcd944524379edebb,Mahesh Sharma,GAUTAM BUDDHA NAGAR,Uttar Pradesh,Lok Sabha,148816284.11,83408358.0,56.04787036501149,68,103,57908132.0,25500226.0,30.572746678456376,39.76608187134503,35,65407926.110000014,89862951.28,Mahesh Sharma,GAUTAM BUDDHA NAGAR,Uttar Pradesh
6a932b5bcd944524379edde0,Arvind Dharmapuri,NIZAMABAD,Telangana,Lok Sabha,281396355.11,158096817.0,56.182965461012714,476,440,147505027.0,10591790.0,6.699559295997718,51.96506550218341,-36,123299538.11000001,117788000.0,Arvind Dharmapuri,NIZAMABAD,Telangana
6a932b5bcd944524379ede16,CHANDRA SHEKHAR,NAGINA,Uttar Pradesh,Lok Sabha,147000000.0,87033825.0,59.206683673469385,286,227,61564493.0,25469332.0,29.263716721630928,55.7504873294347,-59,59966175.0,35535477.0,CHANDRA SHEKHAR,NAGINA,Uttar Pradesh
6a932b5bcd944524379ede33,Dinesh Chandra Yadav,MADHEPURA,Bihar,Lok Sabha,150070866.11,92486814.0,61.628760063401224,105,51,87211021.0,5275793.0,5.70437316610344,67.3076923076923,-54,57584052.110000014,42777210.0,Dinesh Chandra Yadav,MADHEPURA,Bihar
6a932b5bcd944524379edfa5,Suresh Kumar Kashyap,SHIMLA,Himachal Pradesh,Lok Sabha,153563957.11,90424211.0,58.88374635672346,83,446,21196476.0,69227735.0,76.55884882423801,15.689981096408317,363,63139746.110000014,90316960.0,Suresh Kumar Kashyap,SHIMLA,Himachal Pradesh
6a932b5bcd944524379eddb4,ADITYA YADAV,BADAUN,Uttar Pradesh,Lok Sabha,147000000.0,86893966.0,59.11154149659864,41,64,31363039.0,55530927.0,63.90653983960175,39.04761904761905,23,60106034.0,73702733.0,ADITYA YADAV,BADAUN,Uttar Pradesh
6a932b5bcd944524379edf28,RAMBHUAL NISHAD,SULTANPUR,Uttar Pradesh,Lok Sabha,151231957.11,87473694.0,57.84074720158199,6,46,54336205.0,33137489.0,37.88280508652121,11.538461538461538,40,63758263.110000014,89961016.57,RAMBHUAL NISHAD,SULTANPUR,Uttar Pradesh
6a932b5bcd944524379ede79,Jai Prakash,HARDOI,Uttar Pradesh,Lok Sabha,147000000.0,85755277.0,58.33692312925171,3,21,18939014.0,66816263.0,77.91504539131743,12.5,18,61244723.0,78036870.0,Jai Prakash,HARDOI,Uttar Pradesh
6a932b5bcd944524379eddc1,ALFRED KANNGAM S ARTHUR,OUTER MANIPUR,Manipur,Lok Sabha,147000000.0,84951963.0,57.79045102040816,15,20,29751963.0,55200000.0,64.97789815639693,42.857142857142854,5,62048037.0,74900000.0,ALFRED KANNGAM S ARTHUR,OUTER MANIPUR,Manipur
6a932b5bcd944524379edeaf,LALJI VERMA,AMBEDKAR NAGAR,Uttar Pradesh,Lok Sabha,147000000.0,86165424.0,58.61593469387755,61,202,45423544.0,40741880.0,47.283327939058246,23.193916349809886,141,60834576.0,89862800.0,LALJI VERMA,AMBEDKAR NAGAR,Uttar Pradesh
6a932b5ecd944524379ee268,Shri Mukul Wasnik (2022-28),Sitting Rajya Sabha,Rajasthan,Rajya Sabha,196063957.11,113851736.01,58.06867192123663,94,79,74795735.0,39056001.010000005,34.30426480854853,54.33526011560693,-15,82212221.10000001,89617988.0,Shri Mukul Wasnik (2022-28),Sitting Rajya Sabha,Rajasthan
6a932b5bcd944524379edf76,Shri Narendra Modi,VARANASI,Uttar Pradesh,Lok Sabha,162070276.11,88819703.0,54.80320335834836,192,25,89119541.0,-299838.0,-0.33758050283054875,88.47926267281106,-167,73250573.11000001,11871000.0,Shri Narendra Modi,VARANASI,Uttar Pradesh
6a932b5bcd944524379ede14,CHANDAN CHAUHAN,BIJNOR,Uttar Pradesh,Lok Sabha,147000000.0,80796698.0,54.96374013605442,14,102,11364013.0,69432685.0,85.93505269237612,12.068965517241379,88,66203302.0,85813704.0,CHANDAN CHAUHAN,BIJNOR,Uttar Pradesh
6a932b5bcd944524379edfab,TARIQ ANWAR,KATIHAR,Bihar,Lok Sabha,147000000.0,79735060.0,54.24153741496599,60,26,58505060.0,21230000.0,26.625677587751234,69.76744186046511,-34,67264940.0,25220000.0,TARIQ ANWAR,KATIHAR,Bihar
6a932b5bcd944524379edf4f,SAVITRI THAKUR,DHAR,Madhya Pradesh,Lok Sabha,147000000.0,79325366.0,53.962834013605445,179,160,58812391.0,20512975.0,25.85928818784145,52.8023598820059,-19,67674634.0,62227332.0,SAVITRI THAKUR,DHAR,Madhya Pradesh
6a932b5ecd944524379ee290,Shri Rwngwra Narzary (2022-28),Sitting Rajya Sabha,Assam,Rajya Sabha,220563957.11,118131237.0,53.55872217194825,16,150,18169662.0,99961575.0,84.6190876677267,9.63855421686747,134,102432720.11000001,185700000.0,Shri Rwngwra Narzary (2022-28),Sitting Rajya Sabha,Assam
6a932b5ecd944524379ee269,Shri Nagendra Ray (2023-29),Sitting Rajya Sabha,West Bengal,Rajya Sabha,171500000.0,91735859.0,53.49029679300291,2,20,23775426.0,67960433.0,74.08273464796356,9.090909090909092,18,79764141.0,98659608.68,Shri Nagendra Ray (2023-29),Sitting Rajya Sabha,West Bengal
6a932b5bcd944524379edfbd,Vijay Kumar Dubey,KUSHI NAGAR,Uttar Pradesh,Lok Sabha,148900000.0,80256423.0,53.89954533243788,132,90,58294797.0,21961626.0,27.36432198080894,59.45945945945946,-42,68643577.0,69251280.0,Vijay Kumar Dubey,KUSHI NAGAR,Uttar Pradesh
6a932b5bcd944524379edf8c,Smt Harsimrat Kaur Badal,BHATINDA,Punjab,Lok Sabha,159775982.39,85393082.0,53.44550584052272,147,206,47784075.0,37609007.0,44.04221761196065,41.64305949008499,59,74382900.38999999,75063385.0,Smt Harsimrat Kaur Badal,BHATINDA,Punjab
6a932b5ecd944524379ee26c,Shri Naresh Bansal (2020-26),Sitting Rajya Sabha,Uttarakhand,Rajya Sabha,222043184.71,124316327.0,55.98745449555843,106,127,96802546.0,27513781.0,22.13207360928545,45.493562231759654,21,97726857.71000001,113862579.0,Shri Naresh Bansal (2020-26),Sitting Rajya Sabha,Uttarakhand
6a932b5ecd944524379ee20f,Dr. Vikramjit Singh Sahney (2022-28),Sitting Rajya Sabha,Punjab,Rajya Sabha,198656208.57000002,111224375.74,55.988371337917755,27,33,60373951.74,50850423.99999999,45.718776717496546,45.0,6,87431832.83000003,113289504.0,Dr. Vikramjit Singh Sahney (2022-28),Sitting Rajya Sabha,Punjab
6a932b5bcd944524379ede25,DAROGA PRASAD SAROJ,LALGANJ,Uttar Pradesh,Lok Sabha,147000000.0,82499872.0,56.12236190476191,58,236,21279304.0,61220568.0,74.20686422398329,19.727891156462583,178,64500128.0,74388074.0,DAROGA PRASAD SAROJ,LALGANJ,Uttar Pradesh
6a932b5bcd944524379ededd,NALIN SOREN,DUMKA,Jharkhand,Lok Sabha,147364097.11,86550781.0,58.73261038297145,106,319,30263976.0,56286805.0,65.03327220120636,24.941176470588236,213,60813316.110000014,110900000.0,NALIN SOREN,DUMKA,Jharkhand
6a932b5bcd944524379edf57,SHASHANK MANI,DEORIA,Uttar Pradesh,Lok Sabha,147000000.0,80936917.0,55.05912721088435,45,81,50341922.0,30594995.0,37.801038307401804,35.714285714285715,36,66063083.0,77484621.0,SHASHANK MANI,DEORIA,Uttar Pradesh
6a932b5bcd944524379ede88,K Subbarayan,TIRUPPUR,Tamil Nadu,Lok Sabha,147000000.0,81901423.0,55.715253741496596,65,53,67913861.0,13987562.0,17.078533543916567,55.08474576271186,-12,65098577.0,71338000.0,K Subbarayan,TIRUPPUR,Tamil Nadu
6a932b5bcd944524379edfb6,V S Matheswaran,NAMAKKAL,Tamil Nadu,Lok Sabha,162539930.11,90580955.0,55.7284323542521,140,70,90580955.0,0.0,0.0,66.66666666666666,-70,71958975.11000001,47912000.0,V S Matheswaran,NAMAKKAL,Tamil Nadu
6a932b5ecd944524379ee264,Shri Meda Raghunadha Reddy (2024-30),Sitting Rajya Sabha,Andhra Pradesh,Rajya Sabha,147000000.0,81094462.0,55.16630068027211,110,139,64019913.0,17074549.0,21.055135676219173,44.17670682730924,29,65905538.0,78703000.0,Shri Meda Raghunadha Reddy (2024-30),Sitting Rajya Sabha,Andhra Pradesh
6a932b5bcd944524379ede69,Gyaneshwar Patil,KHANDWA,Madhya Pradesh,Lok Sabha,155690684.77,86011926.0,55.24539000330327,164,222,53503477.0,32508449.0,37.79528085442477,42.487046632124354,58,69678758.77000001,71772019.0,Gyaneshwar Patil,KHANDWA,Madhya Pradesh
6a932b5bcd944524379ede92,Kalyan Banerjee,SREERAMPUR,West Bengal,Lok Sabha,147000000.0,76719145.0,52.18989455782312,83,37,59028419.0,17690726.0,23.059076062435263,69.16666666666667,-46,70280855.0,37369555.0,Kalyan Banerjee,SREERAMPUR,West Bengal
6a932b5ecd944524379ee26b,Shri Narayanasa K. Bhandage (2024-30),Sitting Rajya Sabha,Karnataka,Rajya Sabha,147450000.0,76863625.0,52.1286029162428,87,69,68036055.0,8827570.0,11.484717250845247,55.769230769230774,-18,70586375.0,72904980.0,Shri Narayanasa K. Bhandage (2024-30),Sitting Rajya Sabha,Karnataka
6a932b5bcd944524379eddca,ANAND BHADAURIYA,DHAURAHRA,Uttar Pradesh,Lok Sabha,147000000.0,76758938.0,52.21696462585034,132,45,38721345.0,38037593.0,49.554610825907986,74.57627118644068,-87,70241062.0,58876879.0,ANAND BHADAURIYA,DHAURAHRA,Uttar Pradesh
6a932b5bcd944524379edf4c,Sasikanth Senthil,TIRUVALLUR,Tamil Nadu,Lok Sabha,171500000.0,89433784.0,52.14797900874636,87,95,52351176.0,37082608.0,41.46375825940676,47.8021978021978,8,82066216.0,66955655.0,Sasikanth Senthil,TIRUVALLUR,Tamil Nadu
6a932b5bcd944524379ede23,DAGGUMALLA PRASADA RAO,CHITTOOR,Andhra Pradesh,Lok Sabha,147000000.0,76341346.0,51.932888435374146,111,115,58562176.0,17779170.0,23.289044445194875,49.11504424778761,4,70658654.0,73035100.0,DAGGUMALLA PRASADA RAO,CHITTOOR,Andhra Pradesh
6a932b5bcd944524379ededa,MURASOLI S,THANJAVUR,Tamil Nadu,Lok Sabha,147000000.0,76201785.0,51.83794897959184,45,44,66622387.0,9579398.0,12.571093971092672,50.56179775280899,-1,70798215.0,65917600.0,MURASOLI S,THANJAVUR,Tamil Nadu
6a932b5bcd944524379edeaa,KRISHNA DEVI SHIVSHANKER PATEL,BANDA,Uttar Pradesh,Lok Sabha,147000000.0,75878699.67,51.61816304081632,202,240,46541122.12,29337577.550000004,38.66378532788582,45.70135746606335,38,71121300.33,80066801.0,KRISHNA DEVI SHIVSHANKER PATEL,BANDA,Uttar Pradesh
6a932b5bcd944524379ede49,DR. RAJ KUMAR CHABBEWAL,HOSHIARPUR,Punjab,Lok Sabha,147000000.0,75344197.0,51.25455578231293,93,186,33721626.0,41622571.0,55.24323392815508,33.33333333333333,93,71655803.0,78734587.0,DR. RAJ KUMAR CHABBEWAL,HOSHIARPUR,Punjab
6a932b5bcd944524379eddbc,Ajay Kumar Mandal,BHAGALPUR,Bihar,Lok Sabha,147000000.0,75252620.0,51.192258503401355,38,36,38763615.0,36489005.0,48.488683849147044,51.35135135135135,-2,71747380.0,43957875.0,Ajay Kumar Mandal,BHAGALPUR,Bihar
6a932b5bcd944524379ede9b,KANWAR SINGH TANWAR,AMROHA,Uttar Pradesh,Lok Sabha,147000000.0,78135018.0,53.153073469387756,59,46,65163043.0,12971975.0,16.60199911901217,56.19047619047619,-13,68864982.0,59300800.0,KANWAR SINGH TANWAR,AMROHA,Uttar Pradesh
6a932b5bcd944524379edf56,Shankar Lalwani,INDORE,Madhya Pradesh,Lok Sabha,147000000.0,76896131.0,52.31029319727891,145,137,55202558.0,21693573.0,28.211527313383293,51.41843971631206,-8,70103869.0,61018400.0,Shankar Lalwani,INDORE,Madhya Pradesh
6a932b5bcd944524379ede2a,DEVESH SHAKYA,ETAH,Uttar Pradesh,Lok Sabha,147000000.0,81351075.0,55.34086734693877,220,106,53713019.0,27638056.0,33.9738055090237,67.48466257668711,-114,65648925.0,41183300.0,DEVESH SHAKYA,ETAH,Uttar Pradesh
6a932b5bcd944524379edf63,Shri Anil Firojiya,UJJAIN,Madhya Pradesh,Lok Sabha,147000000.0,76951399.0,52.34789047619047,152,96,42096894.0,34854505.0,45.29417977183235,61.29032258064516,-56,70048601.0,57864841.0,Shri Anil Firojiya,UJJAIN,Madhya Pradesh
6a932b5bcd944524379edec1,MALVINDER SINGH KANG,ANANDPUR SAHIB,Punjab,Lok Sabha,147000000.0,78725294.0,53.55462176870748,109,236,40027429.0,38697865.0,49.15556745967821,31.594202898550726,127,68274706.0,86364068.0,MALVINDER SINGH KANG,ANANDPUR SAHIB,Punjab
6a932b5bcd944524379ede8f,KALI CHARAN MUNDA,KHUNTI,Jharkhand,Lok Sabha,147000000.0,77772545.0,52.90649319727891,31,274,19500000.0,58272545.0,74.92688454518236,10.163934426229508,243,69227455.0,99330900.0,KALI CHARAN MUNDA,KHUNTI,Jharkhand
6a932b5ecd944524379ee2b7,Shri Vivek K. Tankha (2022-28),Sitting Rajya Sabha,Madhya Pradesh,Rajya Sabha,220563957.11,116275421.0,52.717326313660095,118,388,42868866.0,73406555.0,63.1316183323043,23.3201581027668,270,104288536.11000001,142097177.0,Shri Vivek K. Tankha (2022-28),Sitting Rajya Sabha,Madhya Pradesh
6a932b5ecd944524379ee244,Shri Imran Pratapgarhi (2022-28),Sitting Rajya Sabha,Maharashtra,Rajya Sabha,196000000.0,102738277.0,52.41748826530612,53,55,49803712.0,52934565.0,51.52370328344128,49.074074074074076,2,93261723.0,90498640.0,Shri Imran Pratapgarhi (2022-28),Sitting Rajya Sabha,Maharashtra
6a932b5bcd944524379edfb5,UTKARSH VERMA MADHUR,KHERI,Uttar Pradesh,Lok Sabha,147000000.0,74909150.0,50.958605442176875,347,13,72238022.0,2671128.0,3.5658234007461034,96.38888888888889,-334,72090850.0,24660300.0,UTKARSH VERMA MADHUR,KHERI,Uttar Pradesh
6a932b5bcd944524379eded2,MOHIBBULLAH,RAMPUR,Uttar Pradesh,Lok Sabha,147000000.0,74744421.0,50.84654489795918,219,161,56635005.0,18109416.0,24.228451779698716,57.631578947368425,-58,72255579.0,29872800.0,MOHIBBULLAH,RAMPUR,Uttar Pradesh
6a932b5bcd944524379edf00,Pratima Mondal ,JOYNAGAR,West Bengal,Lok Sabha,147000000.0,74379705.0,50.5984387755102,169,54,67497029.0,6882676.0,9.253432774437597,75.7847533632287,-115,72620295.0,30216920.0,Pratima Mondal ,JOYNAGAR,West Bengal
6a932b5bcd944524379edf1a,RAJESH VERMA,KHAGARIA,Bihar,Lok Sabha,147000000.0,74186362.0,50.46691292517007,67,9,72871598.0,1314764.0,1.7722448770300936,88.1578947368421,-58,72813638.0,8983900.0,RAJESH VERMA,KHAGARIA,Bihar
6a932b5ecd944524379ee22e,Shri Chunnilal Garasiya (2024-30),Sitting Rajya Sabha,Rajasthan,Rajya Sabha,147000000.0,75813515.0,51.573819727891156,24,153,39527191.0,36286324.0,47.86260602743456,13.559322033898304,129,71186485.0,110808390.0,Shri Chunnilal Garasiya (2024-30),Sitting Rajya Sabha,Rajasthan
6a932b5bcd944524379eded4,Mr Gopal Jee Thakur,DARBHANGA,Bihar,Lok Sabha,147000000.0,75767756.0,51.54269115646258,59,120,28699256.0,47068500.0,62.12207208565079,32.960893854748605,61,71232244.0,58487100.0,Mr Gopal Jee Thakur,DARBHANGA,Bihar
6a932b5bcd944524379ede21,D Ravikumar ,VILUPPURAM,Tamil Nadu,Lok Sabha,197598306.11,104427486.0,52.848371049226905,222,66,102865450.0,1562036.0,1.4958092546630875,77.08333333333334,-156,93170820.11000001,49110000.0,D Ravikumar ,VILUPPURAM,Tamil Nadu
6a932b5bcd944524379edfc5,Vishnu Dayal Ram,PALAMU,Jharkhand,Lok Sabha,158176083.11,83852477.0,53.01210862686913,117,154,60158321.0,23694156.0,28.256954174412762,43.17343173431734,37,74323606.11000001,55162300.0,Vishnu Dayal Ram,PALAMU,Jharkhand
6a932b5bcd944524379edf29,RAMESH AWASTHI,KANPUR,Uttar Pradesh,Lok Sabha,147000000.0,75758324.0,51.53627482993197,48,66,49892280.0,25866044.0,34.14284085798941,42.10526315789473,18,71241676.0,43646000.0,RAMESH AWASTHI,KANPUR,Uttar Pradesh
6a932b5bcd944524379edfc1,VINOD KUMAR BIND,BHADOHI,Uttar Pradesh,Lok Sabha,147000000.0,75517267.0,51.37229047619047,407,137,52573170.0,22944097.0,30.382583893032038,74.81617647058823,-270,71482733.0,44004892.0,VINOD KUMAR BIND,BHADOHI,Uttar Pradesh
6a932b5bcd944524379ede08,Bidyut Baran Mahato,JAMSHEDPUR,Jharkhand,Lok Sabha,147000000.0,75745972.0,51.52787210884354,2,176,1141000.0,74604972.0,98.49364927286166,1.1235955056179776,174,71254028.0,99209597.0,Bidyut Baran Mahato,JAMSHEDPUR,Jharkhand
6a932b5bcd944524379eddf3,BALRAM NAIK PORIKA,MAHABUBABAD,Telangana,Lok Sabha,147000000.0,72320239.0,49.197441496598636,238,121,58126519.0,14193720.0,19.626207264055086,66.29526462395543,-117,74679761.0,39701222.0,BALRAM NAIK PORIKA,MAHABUBABAD,Telangana
6a932b5ecd944524379ee27d,Shri Pramod Tiwari (2022-28),Sitting Rajya Sabha,Rajasthan,Rajya Sabha,196063957.11,100649660.0,51.335116093536435,64,67,64986789.0,35662871.0,35.432679057236754,48.854961832061065,3,95414297.11000001,72411706.0,Shri Pramod Tiwari (2022-28),Sitting Rajya Sabha,Rajasthan
6a932b5ecd944524379ee240,Shri Harsh Mahajan (2024-30),Sitting Rajya Sabha,Himachal Pradesh,Rajya Sabha,147000000.0,75081105.0,51.07558163265307,152,309,37740073.0,37341032.0,49.73426003786172,32.97180043383948,157,71918895.0,81224755.0,Shri Harsh Mahajan (2024-30),Sitting Rajya Sabha,Himachal Pradesh
6a932b5bcd944524379ede8e,Kalanidhi Veeraswamy,CHENNAI NORTH,Tamil Nadu,Lok Sabha,171500000.0,83933669.0,48.94091486880466,40,60,58102632.0,25831037.0,30.77553657281442,40.0,20,87566331.0,88114000.0,Kalanidhi Veeraswamy,CHENNAI NORTH,Tamil Nadu
6a932b5bcd944524379edf15,RAJA RAM SINGH,KARAKAT,Bihar,Lok Sabha,147000000.0,71841783.0,48.871961224489795,114,212,49586273.0,22255510.0,30.978504528485885,34.96932515337423,98,75158217.0,94027920.0,RAJA RAM SINGH,KARAKAT,Bihar
6a932b5bcd944524379eddcd,Andimuthu Raja,NILGIRIS,Tamil Nadu,Lok Sabha,147000000.0,71485310.0,48.62946258503401,73,41,57023342.0,14461968.0,20.23068515755195,64.03508771929825,-32,75514690.0,37680000.0,Andimuthu Raja,NILGIRIS,Tamil Nadu
6a932b5bcd944524379ede91,KALIPADA SAREN,JHARGRAM,West Bengal,Lok Sabha,147000000.0,71784126.0,48.8327387755102,40,23,64525426.0,7258700.0,10.11184561890466,63.49206349206349,-17,75215874.0,48971853.0,KALIPADA SAREN,JHARGRAM,West Bengal
6a932b5ecd944524379ee266,Shri Mithlesh Kumar (2022-28),Sitting Rajya Sabha,Uttar Pradesh,Rajya Sabha,196063957.11,170753928.0,87.09093222279502,195,9,143813928.0,26940000.0,15.777089473455627,95.58823529411765,-186,25310029.110000014,51103000.0,Shri Mithlesh Kumar (2022-28),Sitting Rajya Sabha,Uttar Pradesh
6a932b5bcd944524379eddb0,ABHAY KUMAR SINHA,AURANGABAD,Bihar,Lok Sabha,147000000.0,73566109.0,50.04497210884353,124,147,56408191.0,17157918.0,23.323128317143972,45.75645756457565,23,73433891.0,84896379.0,ABHAY KUMAR SINHA,AURANGABAD,Bihar
6a932b5ecd944524379ee222,Shri Babubhai Jesangbhai Desai (2023-29),Sitting Rajya Sabha,Gujarat,Rajya Sabha,171500000.0,84930425.0,49.522113702623905,137,145,68091874.0,16838551.0,19.826288400181678,48.58156028368794,8,86569575.0,82867300.0,Shri Babubhai Jesangbhai Desai (2023-29),Sitting Rajya Sabha,Gujarat
6a932b5ecd944524379ee2cf,Smt. Sonia Gandhi (2024-30),Sitting Rajya Sabha,Rajasthan,Rajya Sabha,147000000.0,73650240.0,50.10220408163265,46,82,42569181.0,31081059.0,42.200893031713136,35.9375,36,73349760.0,83152654.0,Smt. Sonia Gandhi (2024-30),Sitting Rajya Sabha,Rajasthan
6a932b5bcd944524379edef5,PRABHAKAR REDDY VEMIREDDY,NELLORE,Andhra Pradesh,Lok Sabha,147000000.0,73610054.0,50.074866666666665,124,34,66527947.0,7082107.0,9.621113713623956,78.48101265822784,-90,73389946.0,32291000.0,PRABHAKAR REDDY VEMIREDDY,NELLORE,Andhra Pradesh
6a932b5ecd944524379ee2ac,Shri Surendra Singh Nagar (2022-28),Sitting Rajya Sabha,Uttar Pradesh,Rajya Sabha,220563957.11,109500434.16,49.64566087531235,98,200,55618024.0,53882410.16,49.20748540710626,32.88590604026846,102,111063522.95000002,161254706.0,Shri Surendra Singh Nagar (2022-28),Sitting Rajya Sabha,Uttar Pradesh
6a932b5bcd944524379edf19,RAJESH RANJAN ALIAS PAPPU YADAV,PURNEA,Bihar,Lok Sabha,147000000.0,72622818.0,49.40327755102041,46,125,47774818.0,24848000.0,34.215141582635916,26.900584795321635,79,74377182.0,97472200.0,RAJESH RANJAN ALIAS PAPPU YADAV,PURNEA,Bihar
6a932b5bcd944524379ede67,Gumma Thanuja Rani,ARAKU,Andhra Pradesh,Lok Sabha,149458905.11,73149314.0,48.94276051745659,28,104,39390323.0,33758991.0,46.150796438091,21.21212121212121,76,76309591.11000001,63406400.0,Gumma Thanuja Rani,ARAKU,Andhra Pradesh
6a932b5bcd944524379ede85,Jyotsna Charandas Mahant ,KORBA,Chhattisgarh,Lok Sabha,155153738.11,74709092.0,48.15165455248856,136,174,46950456.0,27758636.0,37.155632944916526,43.87096774193549,38,80444646.11000001,67786562.0,Jyotsna Charandas Mahant ,KORBA,Chhattisgarh
6a932b5bcd944524379edf37,ROOP KUMARI CHOUDHARY,MAHASAMUND,Chhattisgarh,Lok Sabha,153035414.0,75772172.0,49.512834983411096,72,107,42184962.0,33587210.0,44.32657678072103,40.22346368715084,35,77263242.0,74200000.0,ROOP KUMARI CHOUDHARY,MAHASAMUND,Chhattisgarh
6a932b5bcd944524379edefd,Prasun Banerjee,HOWRAH,West Bengal,Lok Sabha,147000000.0,70699743.0,48.09506326530612,136,78,55720622.0,14979121.0,21.186952546630895,63.55140186915887,-58,76300257.0,41800409.0,Prasun Banerjee,HOWRAH,West Bengal
6a932b5bcd944524379edea5,KISHORI LAL,AMETHI,Uttar Pradesh,Lok Sabha,171500000.0,82481354.0,48.094083965014576,19,31,31769442.0,50711912.0,61.48288011857807,38.0,12,89018646.0,55504919.0,KISHORI LAL,AMETHI,Uttar Pradesh
6a932b5bcd944524379edf1f,Rajnath Singh,LUCKNOW,Uttar Pradesh,Lok Sabha,154808797.11,74407887.0,48.06437902048239,31,71,27144116.0,47263771.0,63.51984030940161,30.392156862745097,40,80400910.11000001,78576000.0,Rajnath Singh,LUCKNOW,Uttar Pradesh
6a932b5bcd944524379edde5,Ashok Kumar Yadav ,MADHUBANI,Bihar,Lok Sabha,147000000.0,70438959.0,47.917659183673464,81,108,47148959.0,23290000.0,33.06408886593568,42.857142857142854,27,76561041.0,60227600.0,Ashok Kumar Yadav ,MADHUBANI,Bihar
6a932b5bcd944524379eddc5,AMARSING TISSO,Diphu,Assam,Lok Sabha,147000000.0,70287578.0,47.81467891156462,41,53,38163498.0,32124080.0,45.703779976598426,43.61702127659575,12,76712422.0,59300000.0,AMARSING TISSO,Diphu,Assam
6a932b5bcd944524379edf66,Shri B Y Raghavendra ,SHIMOGA,Karnataka,Lok Sabha,147000000.0,70061261.0,47.66072176870748,49,213,21057305.0,49003956.0,69.94443905313095,18.702290076335878,164,76938739.0,82303000.0,Shri B Y Raghavendra ,SHIMOGA,Karnataka
6a932b5ecd944524379ee2c2,Smt. Maya Naroliya (2024-30),Sitting Rajya Sabha,Madhya Pradesh,Rajya Sabha,147000000.0,70041767.0,47.64746054421769,16,140,16663844.0,53377923.0,76.20870415790624,10.256410256410255,124,76958233.0,89596682.0,Smt. Maya Naroliya (2024-30),Sitting Rajya Sabha,Madhya Pradesh
6a932b5bcd944524379edf60,Shri Abhishek Banerjee,DIAMOND HARBOUR,West Bengal,Lok Sabha,147000000.0,71510891.0,48.64686462585034,200,120,51994006.0,19516885.0,27.292185465847435,62.5,-80,75489109.0,43590307.0,Shri Abhishek Banerjee,DIAMOND HARBOUR,West Bengal
6a932b5bcd944524379ede09,BIJULI KALITA MEDHI,GUWAHATI,Assam,Lok Sabha,147000000.0,71322647.0,48.518807482993196,5,145,6650000.0,64672647.0,90.67617330579444,3.3333333333333335,140,75677353.0,134900000.0,BIJULI KALITA MEDHI,GUWAHATI,Assam
6a932b5bcd944524379edf0f,RADHE SHYAM RATHIYA,RAIGARH,Chhattisgarh,Lok Sabha,159706972.09,80152296.0,50.18709887933485,72,66,56870399.0,23281897.0,29.04707433458924,52.17391304347826,-6,79554676.09,40870650.0,RADHE SHYAM RATHIYA,RAIGARH,Chhattisgarh
6a932b5bcd944524379eddb9,AFZAL ANSARI,GHAZIPUR,Uttar Pradesh,Lok Sabha,220500000.0,106722563.0,48.40025532879819,35,396,34821719.0,71900844.0,67.37173656520974,8.120649651972158,361,113777437.0,165360480.0,AFZAL ANSARI,GHAZIPUR,Uttar Pradesh
6a932b5bcd944524379edeb5,M.K. VISHNUPRASAD,CUDDALORE,Tamil Nadu,Lok Sabha,147000000.0,71295556.0,48.500378231292515,74,40,58612994.0,12682562.0,17.788713226389593,64.91228070175438,-34,75704444.0,40040000.0,M.K. VISHNUPRASAD,CUDDALORE,Tamil Nadu
6a932b5bcd944524379edea3,Kirti Vardhan Singh,GONDA,Uttar Pradesh,Lok Sabha,147000000.0,71075338.0,48.35057006802721,35,118,31368454.0,39706884.0,55.86590949451412,22.875816993464053,83,75924662.0,70691200.0,Kirti Vardhan Singh,GONDA,Uttar Pradesh
6a932b5bcd944524379ede78,JAI PARKASH,HISAR,Haryana,Lok Sabha,147000000.0,71088815.0,48.3597380952381,68,375,17152376.0,53936439.0,75.87190615007438,15.349887133182843,307,75911185.0,128182968.0,JAI PARKASH,HISAR,Haryana
6a932b5ecd944524379ee28f,Shri Ravi Chandra Vaddiraju (2024-30),Sitting Rajya Sabha,Telangana,Rajya Sabha,152732534.11,73672123.0,48.23603787451097,107,169,45607361.0,28064762.0,38.0941404389826,38.768115942028984,62,79060411.11000001,84841000.0,Shri Ravi Chandra Vaddiraju (2024-30),Sitting Rajya Sabha,Telangana
6a932b5bcd944524379eddfe,Bharatsinhji Shankarji Dabhi,PATAN,Gujarat,Lok Sabha,147000000.0,70906510.0,48.235721088435376,160,157,54564711.0,16341799.0,23.0469656453265,50.473186119873816,-3,76093490.0,62986774.0,Bharatsinhji Shankarji Dabhi,PATAN,Gujarat
6a932b5bcd944524379edfa7,Swami Sachchidanandhari Sakshi ji Maharaj ,UNNAO,Uttar Pradesh,Lok Sabha,147000000.0,68421377.0,46.54515442176871,12,77,15871450.0,52549927.0,76.80337535445976,13.48314606741573,65,78578623.0,90945128.0,Swami Sachchidanandhari Sakshi ji Maharaj ,UNNAO,Uttar Pradesh
6a932b5ecd944524379ee2d0,Smt. Sudha Murty (2024-30),Nominated Rajya Sabha,Karnataka,Rajya Sabha,147000000.0,71000000.0,48.29931972789115,0,10,0.0,71000000.0,100.0,0.0,10,76000000.0,142000000.0,Smt. Sudha Murty (2024-30),Nominated Rajya Sabha,Karnataka
6a932b5bcd944524379edfb0,Thirumaa Valavan Thol,CHIDAMBARAM,Tamil Nadu,Lok Sabha,147000000.0,68203692.0,46.3970693877551,45,32,42695846.0,25507846.0,37.399509105753395,58.44155844155844,-13,78796308.0,44716000.0,Thirumaa Valavan Thol,CHIDAMBARAM,Tamil Nadu
6a932b5bcd944524379ede40,DR. HEMANG JOSHI,VADODARA,Gujarat,Lok Sabha,147000000.0,68089263.0,46.31922653061225,71,134,44784968.0,23304295.0,34.22609376752984,34.63414634146341,63,78910737.0,75948621.0,DR. HEMANG JOSHI,VADODARA,Gujarat
6a932b5ecd944524379ee2b4,Shri V. Vijayendra Prasad (2022-28),Nominated Rajya Sabha,Andhra Pradesh,Rajya Sabha,196063957.11,90827947.0,46.325672672740026,74,121,66259842.0,24568105.0,27.049059030256405,37.94871794871795,47,105236010.11000001,101950000.0,Shri V. Vijayendra Prasad (2022-28),Nominated Rajya Sabha,Andhra Pradesh
6a932b5ecd944524379ee208,Dr. Sarfraz Ahmad (2024-30),Sitting Rajya Sabha,Jharkhand,Rajya Sabha,178564551.09,82543604.0,46.22619859100501,20,344,20339442.0,62204162.0,75.35915441734286,5.4945054945054945,324,96020947.09,135505528.0,Dr. Sarfraz Ahmad (2024-30),Sitting Rajya Sabha,Jharkhand
6a932b5bcd944524379edddd,ARUN NEHRU,PERAMBALUR,Tamil Nadu,Lok Sabha,147000000.0,67653424.0,46.02273741496599,54,28,58995308.0,8658116.0,12.797749896590599,65.85365853658537,-26,79346576.0,48790000.0,ARUN NEHRU,PERAMBALUR,Tamil Nadu
6a932b5bcd944524379ede5a,Gajendra Singh Patel,KHARGONE,Madhya Pradesh,Lok Sabha,147000000.0,68043845.0,46.28832993197279,104,232,25228815.0,42815030.0,62.92270814502032,30.952380952380953,128,78956155.0,85698702.0,Gajendra Singh Patel,KHARGONE,Madhya Pradesh
6a932b5ecd944524379ee237,Shri G.C. Chandrashekhar (2024-30),Sitting Rajya Sabha,Karnataka,Rajya Sabha,147000000.0,69767504.0,47.460887074829934,62,135,31430789.0,38336715.0,54.949242558541286,31.472081218274113,73,77232496.0,83270000.0,Shri G.C. Chandrashekhar (2024-30),Sitting Rajya Sabha,Karnataka
6a932b5bcd944524379edf0d,Radha Mohan Singh,PURVI CHAMPARAN,Bihar,Lok Sabha,147000000.0,69803891.0,47.48564013605442,60,64,59914195.0,9889696.0,14.167829125743147,48.38709677419355,4,77196109.0,70750428.0,Radha Mohan Singh,PURVI CHAMPARAN,Bihar
6a932b5bcd944524379edecc,Mansukhbhai Dhanjibhai Vasava,BHARUCH,Gujarat,Lok Sabha,147000000.0,69778294.0,47.46822721088436,204,194,58774921.0,11003373.0,15.769048466561822,51.256281407035175,-10,77221706.0,60253215.0,Mansukhbhai Dhanjibhai Vasava,BHARUCH,Gujarat
6a932b5bcd944524379edf03,PRIYA SAROJ,MACHHLISHAHR,Uttar Pradesh,Lok Sabha,147000000.0,69805592.0,47.48679727891157,725,670,34383272.0,35422320.0,50.744244100100175,51.971326164874554,-55,77194408.0,103648139.0,PRIYA SAROJ,MACHHLISHAHR,Uttar Pradesh
6a932b5bcd944524379eddf4,BALWANT BASWANT WANKHADE,AMRAVATI,Maharashtra,Lok Sabha,198293678.0,93790658.0,47.298864465058735,51,116,45228630.0,48562028.0,51.77704158979245,30.538922155688624,65,104503020.0,102763000.0,BALWANT BASWANT WANKHADE,AMRAVATI,Maharashtra
6a932b5bcd944524379edf2d,RANJIT DUTTA,Sonitpur,Assam,Lok Sabha,147000000.0,68221590.0,46.409244897959184,22,127,18201665.0,50019925.0,73.31978776806581,14.76510067114094,105,78778410.0,101988387.0,RANJIT DUTTA,Sonitpur,Assam
6a932b5ecd944524379ee229,Shri Brij Lal (2020-26),Sitting Rajya Sabha,Uttar Pradesh,Rajya Sabha,196063957.11,91370638.0,46.60246551523862,113,37,10641068.0,80729570.0,88.35395239332793,75.33333333333333,-76,104693319.11000001,183087155.0,Shri Brij Lal (2020-26),Sitting Rajya Sabha,Uttar Pradesh
6a932b5ecd944524379ee250,Shri Kapil Sibal (2022-28),Sitting Rajya Sabha,Uttar Pradesh,Rajya Sabha,196063957.11,92839935.12,47.351862365969154,64,161,42170641.12,50669294.00000001,54.577045895721014,28.444444444444443,97,103224021.99000001,120855700.0,Shri Kapil Sibal (2022-28),Sitting Rajya Sabha,Uttar Pradesh
6a932b5ecd944524379ee206,Dr. Sangeeta Balwant (2024-30),Sitting Rajya Sabha,Uttar Pradesh,Rajya Sabha,147000000.0,68851419.5,46.83770034013606,2,383,1049186.0,67802233.5,98.47615923154642,0.5194805194805194,381,78148580.5,138329480.0,Dr. Sangeeta Balwant (2024-30),Sitting Rajya Sabha,Uttar Pradesh
6a932b5bcd944524379edf18,RAJEEV RAI,GHOSI,Uttar Pradesh,Lok Sabha,147000000.0,66462043.0,45.21227414965986,108,119,37961477.0,28500566.0,42.88247052531924,47.57709251101321,11,80537957.0,47433589.0,RAJEEV RAI,GHOSI,Uttar Pradesh
6a932b5bcd944524379edea8,Kripanath Mallah,KARIMGANJ,Assam,Lok Sabha,147000000.0,66488500.0,45.230272108843536,0,74,0.0,66488500.0,100.0,0.0,74,80511500.0,118380003.0,Kripanath Mallah,KARIMGANJ,Assam
6a932b5bcd944524379edfb4,UMMEDA RAM BENIWAL,BARMER,Rajasthan,Lok Sabha,147000000.0,65781402.0,44.74925306122449,96,88,37382842.0,28398560.0,43.17110784595318,52.17391304347826,-8,81218598.0,71767660.0,UMMEDA RAM BENIWAL,BARMER,Rajasthan
6a932b5bcd944524379ede0d,BRIJMOHAN AGRAWAL,RAIPUR,Chhattisgarh,Lok Sabha,153766451.11,68756217.0,44.714706298849165,38,115,28344221.0,40411996.0,58.77577005145586,24.836601307189543,77,85010234.11000001,87500000.0,BRIJMOHAN AGRAWAL,RAIPUR,Chhattisgarh
6a932b5bcd944524379edf17,RAJEEV BHARDWAJ,KANGRA,Himachal Pradesh,Lok Sabha,179388967.11,80773156.0,45.026824838380655,204,424,43255732.0,37517424.0,46.44788672117752,32.48407643312102,220,98615811.11000001,122563752.0,RAJEEV BHARDWAJ,KANGRA,Himachal Pradesh
6a932b5bcd944524379ede50,DURAI VAIKO,TIRUCHIRAPPALLI,Tamil Nadu,Lok Sabha,147000000.0,65218053.0,44.36602244897959,45,33,44163117.0,21054936.0,32.28390764747301,57.692307692307686,-12,81781947.0,49870000.0,DURAI VAIKO,TIRUCHIRAPPALLI,Tamil Nadu
6a932b5bcd944524379edf48,SANJNA JATAV,BHARATPUR,Rajasthan,Lok Sabha,147000000.0,65761488.1,44.73570619047619,75,168,39324491.1,26436997.0,40.2013363198209,30.864197530864196,93,81238511.9,89905367.0,SANJNA JATAV,BHARATPUR,Rajasthan
6a932b5bcd944524379edf6c,Shri Hanuman Beniwal,NAGAUR,Rajasthan,Lok Sabha,147000000.0,67502015.0,45.919738095238095,177,75,51926601.0,15575414.0,23.073998605819394,70.23809523809523,-102,79497985.0,47426000.0,Shri Hanuman Beniwal,NAGAUR,Rajasthan
6a932b5ecd944524379ee23d,Shri Harbhajan Singh (2022-28),Sitting Rajya Sabha,Punjab,Rajya Sabha,220984094.27,101056126.52,45.730045347303985,77,119,49629975.52,51426150.99999999,50.888701923304225,39.285714285714285,42,119927967.75000001,120480319.0,Shri Harbhajan Singh (2022-28),Sitting Rajya Sabha,Punjab
6a932b5bcd944524379eddd8,Anurag Sharma ,JHANSI,Uttar Pradesh,Lok Sabha,147000000.0,67201462.0,45.71528027210884,85,83,43132735.0,24068727.0,35.815778829335585,50.595238095238095,-2,79798538.0,52685882.0,Anurag Sharma ,JHANSI,Uttar Pradesh
6a932b5bcd944524379edf6b,Shri Gurjeet Singh Aujla,AMRITSAR,Punjab,Lok Sabha,147000000.0,67439837.0,45.87744013605442,91,190,38537872.0,28901965.0,42.855923569328915,32.38434163701068,99,79560163.0,69797179.0,Shri Gurjeet Singh Aujla,AMRITSAR,Punjab
6a932b5bcd944524379edf58,Shatrughan Sinha,ASANSOL,West Bengal,Lok Sabha,147000000.0,66966504.0,45.555444897959184,5,22,21666204.0,45300300.0,67.64620712468431,18.51851851851852,17,80033496.0,72318000.0,Shatrughan Sinha,ASANSOL,West Bengal
6a932b5ecd944524379ee212,Prof. Manoj Kumar Jha (2024-30),Sitting Rajya Sabha,Bihar,Rajya Sabha,191620112.11,87200986.0,45.50722000931825,110,66,86001095.0,1199891.0,1.376006230021298,62.5,-44,104419126.11000001,74810899.0,Prof. Manoj Kumar Jha (2024-30),Sitting Rajya Sabha,Bihar
6a932b5bcd944524379eddcb,ANAND KUMAR,BAHRAICH,Uttar Pradesh,Lok Sabha,147000000.0,66987751.0,45.56989863945578,32,79,38304273.0,28683478.0,42.81898940001733,28.82882882882883,47,80012249.0,104181678.0,ANAND KUMAR,BAHRAICH,Uttar Pradesh
6a932b5bcd944524379edddc,ARUN GOVIL,MEERUT,Uttar Pradesh,Lok Sabha,147000000.0,66737649.0,45.3997612244898,36,196,26677116.0,40060533.0,60.026886772712054,15.517241379310345,160,80262351.0,80973105.0,ARUN GOVIL,MEERUT,Uttar Pradesh
6a932b5bcd944524379edfa3,SURENDRA PRASAD YADAV,JAHANABAD,Bihar,Lok Sabha,155325714.0,70973331.0,45.69322694373708,141,161,38926916.0,32046415.0,45.1527560401526,46.688741721854306,20,84352383.0,78589600.0,SURENDRA PRASAD YADAV,JAHANABAD,Bihar
6a932b5bcd944524379edf14,RAJ KUMAR ROAT,BANSWARA,Rajasthan,Lok Sabha,147000000.0,63286521.0,43.05205510204082,23,82,21117279.0,42169242.0,66.63226439639493,21.904761904761905,59,83713479.0,100170000.0,RAJ KUMAR ROAT,BANSWARA,Rajasthan
6a932b5bcd944524379ede13,CHAMALA KIRAN KUMAR REDDY,BHONGIR,Telangana,Lok Sabha,147000000.0,62689273.0,42.64576394557823,417,71,57532244.0,5157029.0,8.226334033256375,85.45081967213115,-346,84310727.0,30684000.0,CHAMALA KIRAN KUMAR REDDY,BHONGIR,Telangana
6a932b5ecd944524379ee2c3,Smt. Nirmala Sitharaman (2022-28),Sitting Rajya Sabha,Karnataka,Rajya Sabha,215972051.45,91394660.0,42.31781815581768,7,16,61394660.0,30000000.0,32.82467487706612,30.434782608695656,9,124577391.44999999,111000000.0,Smt. Nirmala Sitharaman (2022-28),Sitting Rajya Sabha,Karnataka
6a932b5bcd944524379eddc3,ALOK SHARMA,BHOPAL,Madhya Pradesh,Lok Sabha,147000000.0,62492243.0,42.511729931972795,22,67,14110494.0,48381749.0,77.4204072015786,24.719101123595504,45,84507757.0,110900000.0,ALOK SHARMA,BHOPAL,Madhya Pradesh
6a932b5bcd944524379edfca,YADUVEER KRISHNADATTA CHAMARAJA WADIYAR,MYSORE,Karnataka,Lok Sabha,147000000.0,62346570.0,42.41263265306122,34,148,16950000.0,45396570.0,72.81325981525526,18.681318681318682,114,84653430.0,98500000.0,YADUVEER KRISHNADATTA CHAMARAJA WADIYAR,MYSORE,Karnataka
6a932b5bcd944524379ede82,JOYANTA BASUMATARY,KOKRAJHAR,Assam,Lok Sabha,147000000.0,62630971.0,42.60610272108843,20,102,20909203.0,41721768.0,66.61523417863025,16.39344262295082,82,84369029.0,119490000.0,JOYANTA BASUMATARY,KOKRAJHAR,Assam
6a932b5bcd944524379edf12,RAHUL SINGH LODHI,DAMOH,Madhya Pradesh,Lok Sabha,163058785.37,72714957.0,44.59432028455321,173,126,36808824.0,35906133.0,49.37929482651004,57.859531772575245,-47,90343828.37,51922028.0,RAHUL SINGH LODHI,DAMOH,Madhya Pradesh
6a932b5bcd944524379ede0f,C R Patil,NAVSARI,Gujarat,Lok Sabha,158532494.36,70355025.0,44.378930189690855,268,141,64959144.0,5395881.0,7.669503351039958,65.52567237163814,-127,88177469.36000001,64248500.0,C R Patil,NAVSARI,Gujarat
6a932b5ecd944524379ee26d,Shri Naveen Jain (2024-30),Sitting Rajya Sabha,Uttar Pradesh,Rajya Sabha,147000000.0,64773227.0,44.06341972789116,10,158,17873843.0,46899384.0,72.40550791147089,5.952380952380952,148,82226773.0,117703900.0,Shri Naveen Jain (2024-30),Sitting Rajya Sabha,Uttar Pradesh
6a932b5bcd944524379edfb3,UJJWAL RAMAN SINGH,ALLAHABAD,Uttar Pradesh,Lok Sabha,147000000.0,64478327.0,43.8628074829932,3,28,21127219.0,43351108.0,67.23361169094849,9.67741935483871,25,82521673.0,76055118.0,UJJWAL RAMAN SINGH,ALLAHABAD,Uttar Pradesh
6a932b5bcd944524379edfa2,Sunil Kumar ,VALMIKI NAGAR,Bihar,Lok Sabha,147000000.0,63664429.0,43.30913537414966,79,183,61591650.0,2072779.0,3.2557882518666745,30.15267175572519,104,83335571.0,85639200.0,Sunil Kumar ,VALMIKI NAGAR,Bihar
6a932b5ecd944524379ee2d1,Smt. Sulata Deo (2022-28),Sitting Rajya Sabha,Odisha,Rajya Sabha,196084721.4,88913709.0,45.344536976250104,115,196,56002641.0,32911068.0,37.014616047565845,36.97749196141479,81,107171012.4,107863000.0,Smt. Sulata Deo (2022-28),Sitting Rajya Sabha,Odisha
6a932b5bcd944524379edf5f,Shri  Dharambir Singh,BHIWANI MAHENDRAGARH,Haryana,Lok Sabha,147000000.0,64374998.0,43.7925156462585,103,107,42542737.0,21832261.0,33.914192898305025,49.047619047619044,4,82625002.0,53152552.0,Shri  Dharambir Singh,BHIWANI MAHENDRAGARH,Haryana
6a932b5bcd944524379edeba,MAHESH KASHYAP,BASTAR,Chhattisgarh,Lok Sabha,147000000.0,63670367.5,43.31317517006802,38,168,17171172.0,46499195.5,73.0311404280806,18.446601941747574,130,83329632.5,93983181.0,MAHESH KASHYAP,BASTAR,Chhattisgarh
6a932b5ecd944524379ee1f0,Dr. Anil Sukhdeorao Bonde (2022-28),Sitting Rajya Sabha,Maharashtra,Rajya Sabha,196063957.11,86399726.0,44.06711323873065,50,135,48164206.0,38235520.0,44.25421441730035,27.027027027027028,85,109664231.11000001,145954738.0,Dr. Anil Sukhdeorao Bonde (2022-28),Sitting Rajya Sabha,Maharashtra
6a932b5bcd944524379edeb3,LUMBARAM,JALORE,Rajasthan,Lok Sabha,147000000.0,61110381.0,41.57168775510204,75,105,36575490.0,24534891.0,40.14848311942287,41.66666666666667,30,85889619.0,56454884.0,LUMBARAM,JALORE,Rajasthan
6a932b5bcd944524379ede7d,JITAN RAM MANJHI,GAYA,Bihar,Lok Sabha,147000000.0,61088844.0,41.557036734693874,152,108,42553425.0,18535419.0,30.34174128421877,58.46153846153847,-44,85911156.0,54154672.0,JITAN RAM MANJHI,GAYA,Bihar
6a932b5ecd944524379ee29a,Shri Samirul Islam (2023-29),Sitting Rajya Sabha,West Bengal,Rajya Sabha,171500000.0,71238651.0,41.538572011661806,0,57,0.0,71238651.0,100.0,0.0,57,100261349.0,121458527.0,Shri Samirul Islam (2023-29),Sitting Rajya Sabha,West Bengal
6a932b5bcd944524379ede8c,Kakoli Ghosh Dastidar ,BARASAT,West Bengal,Lok Sabha,147000000.0,61929956.0,42.12922176870748,76,107,39381741.0,22548215.0,36.409221734309,41.53005464480874,31,85070044.0,78724614.0,Kakoli Ghosh Dastidar ,BARASAT,West Bengal
6a932b5bcd944524379ede28,Devendra Alias Bhole Singh,AKBARPUR,Uttar Pradesh,Lok Sabha,147000000.0,62000186.0,42.176997278911564,62,86,42373895.0,19626291.0,31.655213098876832,41.891891891891895,24,84999814.0,67639250.0,Devendra Alias Bhole Singh,AKBARPUR,Uttar Pradesh
6a932b5bcd944524379ede8a,K. RAJASHEKAR BASAVARAJ HITNAL,KOPPAL,Karnataka,Lok Sabha,147000000.0,66577182.0,45.2906,67,126,38153800.0,28423382.0,42.69237769781245,34.715025906735754,59,80422818.0,67570000.0,K. RAJASHEKAR BASAVARAJ HITNAL,KOPPAL,Karnataka
6a932b5bcd944524379edf6a,Shri Deepak (Dev) Adhikari ,GHATAL,West Bengal,Lok Sabha,200747364.0,87788715.0,43.73094283818342,165,40,84774237.0,3014478.0,3.433787588757849,80.48780487804879,-125,112958649.0,106535313.0,Shri Deepak (Dev) Adhikari ,GHATAL,West Bengal
6a932b5bcd944524379edf49,Santosh Pandey,RAJNANDGAON,Chhattisgarh,Lok Sabha,147000000.0,61535649.0,41.86098571428572,71,107,35769989.0,25765660.0,41.871111166796986,39.8876404494382,36,85464351.0,50943300.0,Santosh Pandey,RAJNANDGAON,Chhattisgarh
6a932b5bcd944524379edf5c,SHOBHA KARANDLAJE,BANGALORE NORTH,Karnataka,Lok Sabha,147000000.0,61473509.0,41.81871360544218,21,88,17121818.0,44351691.0,72.14764818452124,19.26605504587156,67,85526491.0,96540000.0,SHOBHA KARANDLAJE,BANGALORE NORTH,Karnataka
6a932b5bcd944524379edebe,Mala Roy ,KOLKATA DAKSHIN,West Bengal,Lok Sabha,147000000.0,61582788.0,41.89305306122449,32,43,29777426.0,31805362.0,51.64651200916723,42.66666666666667,11,85417212.0,65726000.0,Mala Roy ,KOLKATA DAKSHIN,West Bengal
6a932b5bcd944524379ede70,IMRAN MASOOD,SAHARANPUR,Uttar Pradesh,Lok Sabha,147000000.0,61171580.0,41.61331972789116,51,51,42078624.0,19092956.0,31.21213478546737,50.0,0,85828420.0,45170334.0,IMRAN MASOOD,SAHARANPUR,Uttar Pradesh
6a932b5bcd944524379ede81,JOBA MAJHI,SINGHBHUM,Jharkhand,Lok Sabha,147000000.0,59054467.0,40.17310680272109,0,118,0.0,59054467.0,100.0,0.0,118,87945533.0,78210610.0,JOBA MAJHI,SINGHBHUM,Jharkhand
6a932b5bcd944524379ede1d,CHINTAMANI MAHARAJ,SARGUJA,Chhattisgarh,Lok Sabha,147000000.0,61420121.0,41.78239523809524,69,260,25091889.0,36328232.0,59.14711890587125,20.972644376899694,191,85579879.0,73833137.0,CHINTAMANI MAHARAJ,SARGUJA,Chhattisgarh
6a932b5bcd944524379edee2,NAVEEN JINDAL,KURUKSHETRA,Haryana,Lok Sabha,147000000.0,61262363.0,41.6750768707483,113,88,33440390.0,27821973.0,45.4144627101635,56.21890547263681,-25,85737637.0,51236968.0,NAVEEN JINDAL,KURUKSHETRA,Haryana
6a932b5bcd944524379ede17,CHANDUBHAI CHHAGANBHAI SHIHORA,SURENDRANAGAR,Gujarat,Lok Sabha,147000000.0,59047027.0,40.16804557823129,100,109,39830635.0,19216392.0,32.54421598567529,47.84688995215311,9,87952973.0,51262475.0,CHANDUBHAI CHHAGANBHAI SHIHORA,SURENDRANAGAR,Gujarat
6a932b5bcd944524379eddb6,Adv Dean Kuriakose,IDUKKI,Kerala,Lok Sabha,147000000.0,58754261.0,39.96888503401361,95,95,50223513.0,8530748.0,14.519369071802299,50.0,0,88245739.0,80248986.0,Adv Dean Kuriakose,IDUKKI,Kerala
6a932b5bcd944524379ede27,DEEPENDER SINGH HOODA,ROHTAK,Haryana,Lok Sabha,147000000.0,58916490.0,40.079244897959185,70,107,41547909.0,17368581.0,29.479999572275943,39.548022598870055,37,88083510.0,78534000.0,DEEPENDER SINGH HOODA,ROHTAK,Haryana
6a932b5bcd944524379edfa1,Sunil Dattatray Tatkare,RAIGAD,Maharashtra,Lok Sabha,147000000.0,58660128.0,39.90484897959184,18,44,25791356.0,32868772.0,56.032560992707005,29.03225806451613,26,88339872.0,71500000.0,Sunil Dattatray Tatkare,RAIGAD,Maharashtra
6a932b5bcd944524379eddfd,BHARATBHAI MANUBHAI SUTARIYA,AMRELI,Gujarat,Lok Sabha,147000000.0,60836765.0,41.3855544217687,154,175,50515379.0,10321386.0,16.965704866128238,46.808510638297875,21,86163235.0,66163310.0,BHARATBHAI MANUBHAI SUTARIYA,AMRELI,Gujarat
6a932b5ecd944524379ee232,Shri Derek O' Brien (2023-29),Sitting Rajya Sabha,West Bengal,Rajya Sabha,171500000.0,70787264.0,41.275372594752184,0,35,0.0,70787264.0,100.0,0.0,35,100712736.0,122271928.0,Shri Derek O' Brien (2023-29),Sitting Rajya Sabha,West Bengal
6a932b5bcd944524379ede06,BHUPENDER YADAV,ALWAR,Rajasthan,Lok Sabha,147000000.0,59638968.0,40.57072653061225,31,43,37258086.0,22380882.0,37.52727914406567,41.891891891891895,12,87361032.0,70355249.0,BHUPENDER YADAV,ALWAR,Rajasthan
6a932b5bcd944524379edf41,SANATAN PANDEY,BALLIA,Uttar Pradesh,Lok Sabha,180420041.4,74595388.0,41.34540011251765,62,293,40158503.0,34436885.0,46.16489829103108,17.464788732394364,231,105824653.4,83146540.0,SANATAN PANDEY,BALLIA,Uttar Pradesh
6a932b5bcd944524379edec2,MANI. A.,DHARAMAPURI,Tamil Nadu,Lok Sabha,164515071.11,67070637.0,40.768688575136345,63,315,40062663.0,27007974.0,40.26795511126575,16.666666666666664,252,97444434.11000001,123919500.0,MANI. A.,DHARAMAPURI,Tamil Nadu
6a932b5bcd944524379ede2f,DHARMENDRA YADAV,AZAMGARH,Uttar Pradesh,Lok Sabha,147000000.0,61248647.0,41.6657462585034,16,52,24967281.0,36281366.0,59.23619178069354,23.52941176470588,36,85751353.0,70711455.0,DHARMENDRA YADAV,AZAMGARH,Uttar Pradesh
6a932b5ecd944524379ee210,Ms. Dola Sen (2023-29),Sitting Rajya Sabha,West Bengal,Rajya Sabha,171500000.0,69414332.0,40.47482915451895,0,27,0.0,69414332.0,100.0,0.0,27,102085668.0,122314022.0,Ms. Dola Sen (2023-29),Sitting Rajya Sabha,West Bengal
6a932b5bcd944524379ede46,DR. PRABHA MALLIKARJUN,DAVANAGERE,Karnataka,Lok Sabha,147000000.0,57444696.0,39.07802448979592,5,92,5300000.0,52144696.0,90.77373479354821,5.154639175257731,87,89555304.0,88800000.0,DR. PRABHA MALLIKARJUN,DAVANAGERE,Karnataka
6a932b5bcd944524379edfbc,Vijay Baghel,DURG,Chhattisgarh,Lok Sabha,147000000.0,57650594.0,39.218091156462584,70,144,21985512.0,35665082.0,61.86420559691024,32.71028037383177,74,89349406.0,96052000.0,Vijay Baghel,DURG,Chhattisgarh
6a932b5bcd944524379ede24,DAMODAR AGARWAL,BHILWARA,Rajasthan,Lok Sabha,147000000.0,59365927.0,40.3849843537415,102,150,38013328.0,21352599.0,35.967768177864045,40.476190476190474,48,87634073.0,66361445.0,DAMODAR AGARWAL,BHILWARA,Rajasthan
6a932b5bcd944524379ede0c,BRIJENDRA SINGH OLA,JHUNJHUNU,Rajasthan,Lok Sabha,147000000.0,57494662.0,39.1120149659864,92,75,42941562.0,14553100.0,25.312088972711937,55.08982035928144,-17,89505338.0,40986672.0,BRIJENDRA SINGH OLA,JHUNJHUNU,Rajasthan
6a932b5bcd944524379edebd,Mala Rajya Laxmi Shah ,TEHRI GARHWAL,Uttarakhand,Lok Sabha,147000000.0,57285791.0,38.96992585034014,84,155,29487783.0,27798008.0,48.52513601496748,35.146443514644346,71,89714209.0,69378976.0,Mala Rajya Laxmi Shah ,TEHRI GARHWAL,Uttarakhand
6a932b5ecd944524379ee1f5,Dr. Dinesh Sharma (2023-26),Sitting Rajya Sabha,Uttar Pradesh,Rajya Sabha,147000000.0,57084177.0,38.83277346938775,2,89,2002221.0,55081956.0,96.49251140118916,2.197802197802198,87,89915823.0,120975771.0,Dr. Dinesh Sharma (2023-26),Sitting Rajya Sabha,Uttar Pradesh
6a932b5bcd944524379ede68,GURMEET SINGH MEET HAYER,SANGRUR,Punjab,Lok Sabha,147000000.0,57080005.0,38.82993537414966,151,237,37203469.0,19876536.0,34.8222394164121,38.91752577319588,86,89919995.0,64655000.0,GURMEET SINGH MEET HAYER,SANGRUR,Punjab
6a932b5bcd944524379edf9f,SUKHJINDER SINGH RANDHAWA,GURDASPUR,Punjab,Lok Sabha,147000000.0,56537028.0,38.46056326530613,90,237,21150264.0,35386764.0,62.59042127223242,27.522935779816514,147,90462972.0,99372500.0,SUKHJINDER SINGH RANDHAWA,GURDASPUR,Punjab
6a932b5bcd944524379edf30,Ravi Shankar Prasad,PATNA SAHIB,Bihar,Lok Sabha,147000000.0,56647683.0,38.53583877551021,60,24,51461733.0,5185950.0,9.154743363466428,71.42857142857143,-36,90352317.0,17540000.0,Ravi Shankar Prasad,PATNA SAHIB,Bihar
6a932b5bcd944524379edef7,Pradan Baruah,LAKHIMPUR,Assam,Lok Sabha,147000000.0,56538627.0,38.46165102040816,33,115,16715001.0,39823626.0,70.43613917260495,22.2972972972973,82,90461373.0,63299800.0,Pradan Baruah,LAKHIMPUR,Assam
6a932b5bcd944524379edf8e,Smt Himadri Singh,SHAHDOL,Madhya Pradesh,Lok Sabha,150724861.11,57863796.0,38.39034620690121,45,124,23600212.0,34263584.0,59.2142001883181,26.627218934911244,79,92861065.11000001,93153160.0,Smt Himadri Singh,SHAHDOL,Madhya Pradesh
6a932b5bcd944524379edf99,SUDAMA PRASAD,ARRAH,Bihar,Lok Sabha,147000000.0,57716958.0,39.263236734693876,66,153,44337622.0,13379336.0,23.180944498149053,30.136986301369863,87,89283042.0,97341878.0,SUDAMA PRASAD,ARRAH,Bihar
6a932b5bcd944524379eddf5,BALYA MAMA SURESH GOPINATH MHATRE,BHIWANDI,Maharashtra,Lok Sabha,147000000.0,59848620.0,40.71334693877551,11,153,11052957.0,48795663.0,81.53180975601443,6.707317073170732,142,87151380.0,135698269.0,BALYA MAMA SURESH GOPINATH MHATRE,BHIWANDI,Maharashtra
6a932b5bcd944524379edf5e,SHREYAS. M. PATEL,HASSAN,Karnataka,Lok Sabha,147000000.0,58328008.0,39.67891700680272,29,181,12365199.0,45962809.0,78.80058067472491,13.80952380952381,152,88671992.0,94172630.0,SHREYAS. M. PATEL,HASSAN,Karnataka
6a932b5bcd944524379eddf8,BASAVARAJ BOMMAI,HAVERI,Karnataka,Lok Sabha,147000000.0,57936447.0,39.41254897959184,19,144,13100000.0,44836447.0,77.38901731409246,11.65644171779141,125,89063553.0,85850000.0,BASAVARAJ BOMMAI,HAVERI,Karnataka
6a932b5bcd944524379ede9a,Kanimozhi Karunanidhi,THOOTHUKKUDI,Tamil Nadu,Lok Sabha,147000000.0,58344698.0,39.69027074829932,12,39,23778691.0,34566007.0,59.24446982311915,23.52941176470588,27,88655302.0,102600000.0,Kanimozhi Karunanidhi,THOOTHUKKUDI,Tamil Nadu
6a932b5bcd944524379ede36,DR C N MANJUNATH,BANGALORE RURAL,Karnataka,Lok Sabha,147000000.0,58047695.0,39.48822789115646,64,170,30171271.0,27876424.0,48.023309108139436,27.350427350427353,106,88952305.0,80716000.0,DR C N MANJUNATH,BANGALORE RURAL,Karnataka
6a932b5bcd944524379edf11,Rahul Kaswan,CHURU,Rajasthan,Lok Sabha,147000000.0,57725218.0,39.268855782312926,37,206,28138021.0,29587197.0,51.25523648953565,15.22633744855967,169,89274782.0,95202814.0,Rahul Kaswan,CHURU,Rajasthan
6a932b5bcd944524379eded0,Mitesh Rameshbhai Bakabhai Patel,ANAND,Gujarat,Lok Sabha,147000000.0,58303147.0,39.66200476190476,247,280,46772418.0,11530729.0,19.777198304578654,46.86907020872865,33,88696853.0,70095109.0,Mitesh Rameshbhai Bakabhai Patel,ANAND,Gujarat
6a932b5bcd944524379edf77,Shri NK Premachandran,KOLLAM,Kerala,Lok Sabha,171477994.11,64475987.0,37.60015233128971,46,150,32084160.0,32391827.0,50.23859037629001,23.46938775510204,104,107002007.11000001,101364813.34,Shri NK Premachandran,KOLLAM,Kerala
6a932b5bcd944524379eddd2,ANITA NAGARSINGH CHOUHAN,RATLAM,Madhya Pradesh,Lok Sabha,147000000.0,55091448.0,37.47717551020408,74,129,27376128.0,27715320.0,50.30784451336259,36.45320197044335,55,91908552.0,61504327.0,ANITA NAGARSINGH CHOUHAN,RATLAM,Madhya Pradesh
6a932b5bcd944524379edf35,ROBERT BRUCE C,TIRUNELVELI,Tamil Nadu,Lok Sabha,147475440.11,55819028.0,37.849711082987994,60,51,40782129.0,15036899.0,26.938661490128418,54.054054054054056,-9,91656412.11000001,61839100.0,ROBERT BRUCE C,TIRUNELVELI,Tamil Nadu
6a932b5bcd944524379edf69,Shri Chandra Prakash Choudhary,GIRIDIH,Jharkhand,Lok Sabha,147000000.0,55034366.0,37.438344217687074,49,625,14533632.0,40500734.0,73.59171540197265,7.270029673590504,576,91965634.0,101617680.0,Shri Chandra Prakash Choudhary,GIRIDIH,Jharkhand
6a932b5bcd944524379edf8b,Smt Dimple Yadav,MAINPURI,Uttar Pradesh,Lok Sabha,192042469.11,71677973.0,37.3240217813194,53,111,59666421.0,12011552.0,16.75766138085406,32.31707317073171,58,120364496.11000001,72712796.0,Smt Dimple Yadav,MAINPURI,Uttar Pradesh
6a932b5bcd944524379ede2b,Devusinh Jesingbhai Chauhan,KHEDA,Gujarat,Lok Sabha,147000000.0,54783374.0,37.26760136054422,247,341,44304206.0,10479168.0,19.128372779668517,42.00680272108844,94,92216626.0,85410814.0,Devusinh Jesingbhai Chauhan,KHEDA,Gujarat
6a932b5bcd944524379ede99,Kani K Navas,RAMANATHAPURAM,Tamil Nadu,Lok Sabha,147000000.0,54855096.0,37.31639183673469,68,41,42128528.0,12726568.0,23.200338579299906,62.38532110091744,-27,92144904.0,32066000.0,Kani K Navas,RAMANATHAPURAM,Tamil Nadu
6a932b5bcd944524379ede0e,BUNTY VIVEK SAHU,CHHINDWARA,Madhya Pradesh,Lok Sabha,147000000.0,54579699.0,37.12904693877551,100,373,18384130.0,36195569.0,66.31690841680897,21.141649048625794,273,92420301.0,79996000.0,BUNTY VIVEK SAHU,CHHINDWARA,Madhya Pradesh
6a932b5bcd944524379edf27,RAMASHANKAR RAJBHAR,SALEMPUR,Uttar Pradesh,Lok Sabha,160056927.07,61281620.0,38.28739006915885,84,231,34604339.0,26677281.0,43.53227117690427,26.666666666666668,147,98775307.07,119580000.0,RAMASHANKAR RAJBHAR,SALEMPUR,Uttar Pradesh
6a932b5bcd944524379ede84,JYOTIRADITYA M. SCINDIA,GUNA,Madhya Pradesh,Lok Sabha,147000000.0,55870850.0,38.007380952380956,45,18,44664197.0,11206653.0,20.05813944122919,71.42857142857143,-27,91129150.0,45205000.0,JYOTIRADITYA M. SCINDIA,GUNA,Madhya Pradesh
6a932b5bcd944524379edef0,Parvatagouda Chandanagouda Gaddigoudar,BAGALKOT,Karnataka,Lok Sabha,167541747.11,63865076.0,38.118902960985125,92,136,45898327.0,17966749.0,28.132353588681237,40.35087719298245,44,103676671.11000001,74800000.0,Parvatagouda Chandanagouda Gaddigoudar,BAGALKOT,Karnataka
6a932b5bcd944524379edddf,ARUP CHAKRABORTY,BANKURA,West Bengal,Lok Sabha,147000000.0,55795450.0,37.956088435374156,40,30,55349635.0,445815.0,0.7990167657040135,57.14285714285714,-10,91204550.0,39276262.0,ARUP CHAKRABORTY,BANKURA,West Bengal
6a932b5bcd944524379edf45,Sanjay Kumar Bandi,KARIMNAGAR,Telangana,Lok Sabha,172775317.11,65663959.0,38.00540499554925,171,468,40365265.0,25298694.0,38.52751857377348,26.76056338028169,297,107111358.11000001,125196552.0,Sanjay Kumar Bandi,KARIMNAGAR,Telangana
6a932b5bcd944524379edf08,PUSHPENDRA SAROJ,KAUSHAMBI,Uttar Pradesh,Lok Sabha,147000000.0,56198890.0,38.23053741496599,607,141,42926694.0,13272196.0,23.616473563801705,81.14973262032086,-466,90801110.0,28971161.0,PUSHPENDRA SAROJ,KAUSHAMBI,Uttar Pradesh
6a932b5bcd944524379edfb1,TOKHAN SAHU,BILASPUR,Chhattisgarh,Lok Sabha,147000000.0,55824852.0,37.97608979591837,41,90,24488056.0,31336796.0,56.134131802087,31.297709923664126,49,91175148.0,77364738.0,TOKHAN SAHU,BILASPUR,Chhattisgarh
6a932b5bcd944524379edf6f,Shri Jual Oram,SUNDARGARH,Odisha,Lok Sabha,173096756.91,65790931.0,38.00818234521133,89,111,47778097.0,18012834.0,27.37890120448364,44.5,22,107305825.91,70428256.0,Shri Jual Oram,SUNDARGARH,Odisha
6a932b5bcd944524379edfcc,ZIA UR REHMAN,SAMBHAL,Uttar Pradesh,Lok Sabha,147000000.0,53111753.0,36.13044421768707,0,325,0.0,53111753.0,100.0,0.0,325,93888247.0,92403610.85,ZIA UR REHMAN,SAMBHAL,Uttar Pradesh
6a932b5bcd944524379ede38,DR DHARAMVIRA GANDHI,PATIALA,Punjab,Lok Sabha,147000000.0,52978687.0,36.0399231292517,57,275,16488497.0,36490190.0,68.87711279065863,17.16867469879518,218,94021313.0,76795000.0,DR DHARAMVIRA GANDHI,PATIALA,Punjab
6a932b5bcd944524379ede57,Faggan Singh Kulaste,MANDLA,Madhya Pradesh,Lok Sabha,151861648.41,54608168.0,35.95915662166887,31,268,16232310.0,38375858.0,70.27494128717154,10.367892976588628,237,97253480.41,77540985.0,Faggan Singh Kulaste,MANDLA,Madhya Pradesh
6a932b5ecd944524379ee21a,Shri Anil Kumar Yadav Mandadi (2024-30),Sitting Rajya Sabha,Telangana,Rajya Sabha,147000000.0,54363174.0,36.98175102040817,71,35,53733078.0,630096.0,1.159049322616814,66.98113207547169,-36,92636826.0,45436593.0,Shri Anil Kumar Yadav Mandadi (2024-30),Sitting Rajya Sabha,Telangana
6a932b5bcd944524379edf31,RAVINDRA DATTARAM WAIKAR,MUMBAI NORTH WEST,Maharashtra,Lok Sabha,147000000.0,53799122.0,36.59804217687075,0,67,0.0,53799122.0,100.0,0.0,67,93200878.0,147000000.0,RAVINDRA DATTARAM WAIKAR,MUMBAI NORTH WEST,Maharashtra
6a932b5ecd944524379ee2a0,Shri Sanjay Seth (2024-30),Sitting Rajya Sabha,Uttar Pradesh,Rajya Sabha,147000000.0,56357801.0,38.33864013605442,19,40,26275632.0,30082169.0,53.37711632858066,32.20338983050847,21,90642199.0,59178293.0,Shri Sanjay Seth (2024-30),Sitting Rajya Sabha,Uttar Pradesh
6a932b5ecd944524379ee26f,Shri Neeraj Shekhar (2020-26),Sitting Rajya Sabha,Uttar Pradesh,Rajya Sabha,236483662.11,90266672.0,38.17036288875322,41,286,47814319.0,42452353.0,47.029930382278856,12.538226299694188,245,146216990.11,119209000.0,Shri Neeraj Shekhar (2020-26),Sitting Rajya Sabha,Uttar Pradesh
6a932b5bcd944524379edf4e,Saumitra khan ,BISHNUPUR,West Bengal,Lok Sabha,147000000.0,55661990.0,37.86529931972789,48,34,53932695.0,1729295.0,3.10677897071233,58.536585365853654,-14,91338010.0,42771000.0,Saumitra khan ,BISHNUPUR,West Bengal
6a932b5bcd944524379edf1b,Rajeshbhai Naranbhai Chudasama,JUNAGADH,Gujarat,Lok Sabha,147000000.0,56040284.0,38.12264217687075,152,147,47563536.0,8476748.0,15.126168882370402,50.836120401337794,-5,90959716.0,51842385.0,Rajeshbhai Naranbhai Chudasama,JUNAGADH,Gujarat
6a932b5bcd944524379ede63,GM Harish Balayogi,AMALAPURAM,Andhra Pradesh,Lok Sabha,147000000.0,53533502.0,36.41734829931973,41,68,42444512.0,11088990.0,20.714112818548656,37.61467889908257,27,93466498.0,52108000.0,GM Harish Balayogi,AMALAPURAM,Andhra Pradesh
6a932b5bcd944524379edfac,Thalikkottai Rajuthevar Baalu,SRIPERUMBUDUR,Tamil Nadu,Lok Sabha,196905535.11,71998395.0,36.56494214841577,63,63,51067019.0,20931376.0,29.07200361896956,50.0,0,124907140.11000001,89357900.0,Thalikkottai Rajuthevar Baalu,SRIPERUMBUDUR,Tamil Nadu
6a932b5bcd944524379eddee,BAG MITALI,ARAMBAG,West Bengal,Lok Sabha,147000000.0,53162451.0,36.16493265306123,87,97,43155174.0,10007277.0,18.82395715728005,47.28260869565217,10,93837549.0,58499151.0,BAG MITALI,ARAMBAG,West Bengal
6a932b5ecd944524379ee1ed,Dr. Ajeet Madhavrao Gopchade (2024-30),Sitting Rajya Sabha,Maharashtra,Rajya Sabha,147000000.0,53532752.0,36.4168380952381,44,48,47072524.0,6460228.0,12.06780477118008,47.82608695652174,4,93467248.0,64264433.0,Dr. Ajeet Madhavrao Gopchade (2024-30),Sitting Rajya Sabha,Maharashtra
6a932b5bcd944524379ede56,ESWARASAMY K,POLLACHI,Tamil Nadu,Lok Sabha,162315106.11,59028493.0,36.36660469543527,46,34,44430894.0,14597599.0,24.72975042747576,57.49999999999999,-12,103286613.11000001,48700000.0,ESWARASAMY K,POLLACHI,Tamil Nadu
6a932b5bcd944524379edede,NARAYAN DAS AHIRWAR,JALAUN,Uttar Pradesh,Lok Sabha,147000000.0,51218010.8,34.84218421768707,36,331,8158216.800000001,43059794.0,84.07158600544479,9.809264305177113,295,95781989.2,115557900.0,NARAYAN DAS AHIRWAR,JALAUN,Uttar Pradesh
6a932b5bcd944524379edfc0,Vinod Chavda,KACHCHH,Gujarat,Lok Sabha,147000000.0,51051603.0,34.72898163265306,98,256,40172708.0,10878895.0,21.309605106817116,27.683615819209038,158,95948397.0,101436797.0,Vinod Chavda,KACHCHH,Gujarat
6a932b5bcd944524379ede6c,HARIBHAI PATEL,MAHESANA,Gujarat,Lok Sabha,147000000.0,51281778.0,34.885563265306125,150,427,27935405.0,23346373.0,45.5256699562952,25.99653379549394,277,95718222.0,85003000.0,HARIBHAI PATEL,MAHESANA,Gujarat
6a932b5bcd944524379ede4f,DULU MAHATO,DHANBAD,Jharkhand,Lok Sabha,147000000.0,50907360.0,34.63085714285714,57,322,21545000.0,29362360.0,57.6780253385758,15.03957783641161,265,96092640.0,109280645.0,DULU MAHATO,DHANBAD,Jharkhand
6a932b5ecd944524379ee295,Shri S. Selvaganabathy (2021-27),Sitting Rajya Sabha,Puducherry,Rajya Sabha,292881856.49,101658946.0,34.70988173126081,31,70,73122911.0,28536035.0,28.07036283850513,30.693069306930692,39,191222910.49,180681869.0,Shri S. Selvaganabathy (2021-27),Sitting Rajya Sabha,Puducherry
6a932b5bcd944524379eddc2,Alok Kumar Suman,GOPALGANJ,Bihar,Lok Sabha,147000000.0,50920280.0,34.639646258503404,43,112,42661355.0,8258925.0,16.2193236172307,27.741935483870968,69,96079720.0,95190041.0,Alok Kumar Suman,GOPALGANJ,Bihar
6a932b5ecd944524379ee204,Dr. Radha Mohan Das Agrawal (2022-28),Sitting Rajya Sabha,Uttar Pradesh,Rajya Sabha,203626524.67000002,72382614.0,35.54675115007942,15,30,41852495.0,30530119.0,42.178801390068614,33.33333333333333,15,131243910.67000002,96526800.0,Dr. Radha Mohan Das Agrawal (2022-28),Sitting Rajya Sabha,Uttar Pradesh
6a932b5bcd944524379edf38,RUCHI VIRA,MORADABAD,Uttar Pradesh,Lok Sabha,147000000.0,52167110.0,35.48782993197278,165,108,33266575.0,18900535.0,36.23074960449218,60.43956043956044,-57,94832890.0,31715200.0,RUCHI VIRA,MORADABAD,Uttar Pradesh
6a932b5bcd944524379edeb6,Maddila Gurumoorthy,TIRUPATI,Andhra Pradesh,Lok Sabha,180399007.0,64414143.0,35.706484238020224,110,181,49728357.0,14685786.0,22.799008596605873,37.80068728522337,71,115984864.0,78043344.0,Maddila Gurumoorthy,TIRUPATI,Andhra Pradesh
6a932b5bcd944524379eded5,Ms Mahua Moitra,KRISHNANAGAR,West Bengal,Lok Sabha,159865046.0,57382120.0,35.89410032759757,21,34,13986304.0,43395816.0,75.62602427376332,38.18181818181819,13,102482926.0,104529522.0,Ms Mahua Moitra,KRISHNANAGAR,West Bengal
6a932b5ecd944524379ee20d,Dr. Syed Naseer Hussain (2024-30),Sitting Rajya Sabha,Karnataka,Rajya Sabha,147000000.0,52745755.0,35.88146598639456,3,59,432259.0,52313496.0,99.18048570922912,4.838709677419355,56,94254245.0,100371000.0,Dr. Syed Naseer Hussain (2024-30),Sitting Rajya Sabha,Karnataka
6a932b5bcd944524379ede1e,CHIRAG PASWAN,HAJIPUR,Bihar,Lok Sabha,147000000.0,52494828.0,35.71076734693877,47,66,44817407.0,7677421.0,14.62509982888219,41.5929203539823,19,94505172.0,65098600.0,CHIRAG PASWAN,HAJIPUR,Bihar
6a932b5bcd944524379ede0a,BIPLAB KUMAR DEB,TRIPURA WEST,Tripura,Lok Sabha,147000000.0,51962677.0,35.34875986394558,7,24,23922411.0,28040266.0,53.96231991665864,22.58064516129032,17,95037323.0,84284754.0,BIPLAB KUMAR DEB,TRIPURA WEST,Tripura
6a932b5bcd944524379edfa0,SUNIL BOSE,CHAMARAJANAGAR,Karnataka,Lok Sabha,147000000.0,50427615.0,34.3045,21,91,18700000.0,31727615.0,62.91714371183329,18.75,70,96572385.0,74850000.0,SUNIL BOSE,CHAMARAJANAGAR,Karnataka
6a932b5ecd944524379ee291,Shri Ryaga Krishnaiah (2024-28),Sitting Rajya Sabha,Andhra Pradesh,Rajya Sabha,170413583.79,58500678.0,34.32864722338693,30,39,44936173.0,13564505.0,23.18691930373867,43.47826086956522,9,111912905.78999999,103050000.0,Shri Ryaga Krishnaiah (2024-28),Sitting Rajya Sabha,Andhra Pradesh
6a932b5ecd944524379ee29f,Shri Sanjay Raut (2022-28),Sitting Rajya Sabha,Maharashtra,Rajya Sabha,196063957.11,67167846.0,34.25813035198308,6,69,7654065.0,59513781.0,88.60456981157323,8.0,63,128896111.11000001,176199000.0,Shri Sanjay Raut (2022-28),Sitting Rajya Sabha,Maharashtra
6a932b5bcd944524379ede35,DR BYREDDY SHABARI,NANDYAL,Andhra Pradesh,Lok Sabha,150675889.11,50709419.0,33.65463399587435,70,129,31784498.0,18924921.0,37.32032701853674,35.175879396984925,59,99966470.11000001,67406000.0,DR BYREDDY SHABARI,NANDYAL,Andhra Pradesh
6a932b5bcd944524379ede90,KALI CHARAN SINGH,CHATRA,Jharkhand,Lok Sabha,147000000.0,49787316.0,33.868922448979596,75,429,19221680.0,30565636.0,61.392415690775536,14.880952380952381,354,97212684.0,84699600.0,KALI CHARAN SINGH,CHATRA,Jharkhand
6a932b5bcd944524379edf50,SAYANI GHOSH,JADAVPUR,West Bengal,Lok Sabha,147000000.0,49785004.0,33.86734965986394,113,102,38583188.0,11201816.0,22.500381841889578,52.55813953488372,-11,97214996.0,46846051.0,SAYANI GHOSH,JADAVPUR,West Bengal
6a932b5ecd944524379ee218,Shri Akhilesh Prasad Singh (2024-30),Sitting Rajya Sabha,Bihar,Rajya Sabha,186200000.0,62309563.0,33.463782491944144,38,20,49706511.0,12603052.0,20.226513223981364,65.51724137931035,-18,123890437.0,27011700.0,Shri Akhilesh Prasad Singh (2024-30),Sitting Rajya Sabha,Bihar
6a932b5bcd944524379ede12,CAPTAIN VIRIATO FERNANDES,SOUTH GOA,Goa,Lok Sabha,147000000.0,48358008.0,32.89660408163265,47,86,38023549.0,10334459.0,21.37072933194436,35.338345864661655,39,98641992.0,75585855.0,CAPTAIN VIRIATO FERNANDES,SOUTH GOA,Goa
6a932b5bcd944524379eddd7,ANUP SANJAY DHOTRE,AKOLA,Maharashtra,Lok Sabha,147000000.0,51045667.0,34.724943537414966,41,59,38300343.0,12745324.0,24.968473817767922,41.0,18,95954333.0,59626000.0,ANUP SANJAY DHOTRE,AKOLA,Maharashtra
6a932b5bcd944524379edf5d,SHOBHANABEN MAHENDRASINH BARAIYA,SABARKANTHA,Gujarat,Lok Sabha,147000000.0,50880570.0,34.612632653061226,122,152,43430570.0,7450000.0,14.642131564170763,44.52554744525548,30,96119430.0,55094489.0,SHOBHANABEN MAHENDRASINH BARAIYA,SABARKANTHA,Gujarat
6a932b5bcd944524379edec0,MALVIKA DEVI,KALAHANDI,Odisha,Lok Sabha,147000000.0,50804998.0,34.5612231292517,96,224,37882707.0,12922291.0,25.435078257458056,30.0,128,96195002.0,65391000.0,MALVIKA DEVI,KALAHANDI,Odisha
6a932b5bcd944524379ede11,CAPTAIN BRIJESH CHOWTA,DAKSHINA KANNADA,Karnataka,Lok Sabha,147000000.0,50728812.0,34.509395918367346,75,131,35669259.0,15059553.0,29.686390053841592,36.407766990291265,56,96271188.0,59430000.0,CAPTAIN BRIJESH CHOWTA,DAKSHINA KANNADA,Karnataka
6a932b5bcd944524379eddae,AASHTIKAR PATIL NAGESH BAPURAO,HINGOLI,Maharashtra,Lok Sabha,190289442.0,67522042.0,35.483861474563575,38,78,50208561.0,17313481.0,25.64122838583584,32.758620689655174,40,122767400.0,78585868.0,AASHTIKAR PATIL NAGESH BAPURAO,HINGOLI,Maharashtra
6a932b5bcd944524379ede04,BHUMARE SANDIPANRAO ASARAM,AURANGABAD,Maharashtra,Lok Sabha,147000000.0,50596352.0,34.41928707482993,27,65,40279781.0,10316571.0,20.38995024779652,29.347826086956523,38,96403648.0,76615000.0,BHUMARE SANDIPANRAO ASARAM,AURANGABAD,Maharashtra
6a932b5bcd944524379ede72,IQRA CHOUDHARY,KAIRANA,Uttar Pradesh,Lok Sabha,147000000.0,50723960.0,34.506095238095234,45,42,41286422.0,9437538.0,18.605680629036062,51.724137931034484,-3,96276040.0,32289998.0,IQRA CHOUDHARY,KAIRANA,Uttar Pradesh
6a932b5bcd944524379edf53,SELVARAJ V,NAGAPATTINAM,Tamil Nadu,Lok Sabha,147000000.0,50673389.0,34.47169319727891,44,41,34340328.0,16333061.0,32.23202813610907,51.76470588235295,-3,96326611.0,56497000.0,SELVARAJ V,NAGAPATTINAM,Tamil Nadu
6a932b5bcd944524379eddbb,Ajay Bhatt,NAINITAL UDHAM SINGH NAG.,Uttarakhand,Lok Sabha,147000000.0,50626503.0,34.43979795918367,85,376,22286737.0,28339766.0,55.9781227630911,18.43817787418655,291,96373497.0,93794738.0,Ajay Bhatt,NAINITAL UDHAM SINGH NAG.,Uttarakhand
6a932b5ecd944524379ee247,Shri Jairam Ramesh (2022-28),Sitting Rajya Sabha,Karnataka,Rajya Sabha,220563957.11,73253485.0,33.21190187183072,18,109,31715985.0,41537500.0,56.70378685737614,14.173228346456693,91,147310472.11,128650000.0,Shri Jairam Ramesh (2022-28),Sitting Rajya Sabha,Karnataka
6a932b5bcd944524379edf91,Smt S Jothimani,KARUR,Tamil Nadu,Lok Sabha,147000000.0,47711966.0,32.457119727891154,86,90,34108992.0,13602974.0,28.510613039923776,48.86363636363637,4,99288034.0,107223400.0,Smt S Jothimani,KARUR,Tamil Nadu
6a932b5bcd944524379eddfa,Bhagirath Chaudhary,AJMER,Rajasthan,Lok Sabha,147000000.0,47473080.0,32.294612244897955,58,99,34238822.0,13234258.0,27.877394936245974,36.94267515923567,41,99526920.0,72667871.0,Bhagirath Chaudhary,AJMER,Rajasthan
6a932b5ecd944524379ee2cc,Smt. Sagarika Ghose (2024-30),Sitting Rajya Sabha,West Bengal,Rajya Sabha,147000000.0,47289873.0,32.16998163265306,0,13,0.0,47289873.0,100.0,0.0,13,99710127.0,97500000.0,Smt. Sagarika Ghose (2024-30),Sitting Rajya Sabha,West Bengal
6a932b5bcd944524379edfc2,Virendra Kumar,TIKAMGARH,Madhya Pradesh,Lok Sabha,147000000.0,49501421.0,33.67443605442177,12,347,4988276.0,44513145.0,89.92296402965887,3.3426183844011144,335,97498579.0,132657510.0,Virendra Kumar,TIKAMGARH,Madhya Pradesh
6a932b5bcd944524379edf80,Shri vijayakumar Vasanth,KANNIYAKUMARI,Tamil Nadu,Lok Sabha,171500000.0,57305751.0,33.41443206997084,39,62,33616805.0,23688946.0,41.33781616438462,38.613861386138616,23,114194249.0,84751957.0,Shri vijayakumar Vasanth,KANNIYAKUMARI,Tamil Nadu
6a932b5bcd944524379edfad,THANGA TAMILSELVAN,THENI,Tamil Nadu,Lok Sabha,147000000.0,49328291.0,33.556660544217685,24,72,22558505.0,26769786.0,54.26862649670957,25.0,48,97671709.0,93425000.0,THANGA TAMILSELVAN,THENI,Tamil Nadu
6a932b5bcd944524379ede98,Kangana Ranaut,MANDI,Himachal Pradesh,Lok Sabha,147000000.0,50240820.0,34.17742857142857,68,267,17346591.0,32894229.0,65.47311329711577,20.298507462686565,199,96759180.0,80290000.0,Kangana Ranaut,MANDI,Himachal Pradesh
6a932b5bcd944524379edf23,RAKIBUL HUSSAIN,DHUBRI,Assam,Lok Sabha,147000000.0,47053373.0,32.00909727891156,25,152,11696429.0,35356944.0,75.1422092524589,14.124293785310735,127,99946627.0,85542000.0,RAKIBUL HUSSAIN,DHUBRI,Assam
6a932b5bcd944524379edf89,Smt Anupriya Patel,MIRZAPUR,Uttar Pradesh,Lok Sabha,147000000.0,51732584.0,35.19223401360544,0,10,0.0,51732584.0,100.0,0.0,10,95267416.0,71228000.0,Smt Anupriya Patel,MIRZAPUR,Uttar Pradesh
6a932b5bcd944524379edf95,Smt Satabdi Roy (Banerjee),BIRBHUM,West Bengal,Lok Sabha,147000000.0,48307379.6,32.86216299319728,62,35,46588235.6,1719144.0,3.558760616359327,63.91752577319587,-27,98692620.4,26225000.0,Smt Satabdi Roy (Banerjee),BIRBHUM,West Bengal
6a932b5bcd944524379edf3b,S Venkatesan,MADURAI,Tamil Nadu,Lok Sabha,147000000.0,48171006.0,32.7693918367347,46,81,25963841.0,22207165.0,46.10068762109722,36.22047244094488,35,98828994.0,60650000.0,S Venkatesan,MADURAI,Tamil Nadu
6a932b5bcd944524379eddbe,AJENDRA SINGH LODHI,HAMIRPUR,Uttar Pradesh,Lok Sabha,147000000.0,48355823.0,32.89511768707483,19,172,14582276.0,33773547.0,69.84380557435658,9.947643979057592,153,98644177.0,125811000.0,AJENDRA SINGH LODHI,HAMIRPUR,Uttar Pradesh
6a932b5ecd944524379ee1fa,Dr. Kalpana Saini (2022-28),Sitting Rajya Sabha,Uttarakhand,Rajya Sabha,200830405.8,65308088.0,32.51902406901375,58,131,40533838.0,24774250.0,37.93442858103578,30.687830687830687,73,135522317.8,123312572.0,Dr. Kalpana Saini (2022-28),Sitting Rajya Sabha,Uttarakhand
6a932b5bcd944524379edece,Midhun Reddy,RAJAMPET,Andhra Pradesh,Lok Sabha,178951477.11,55215327.0,30.854915473013723,178,317,40614344.0,14600983.0,26.44371371738865,35.95959595959596,139,123736150.11000001,120350934.0,Midhun Reddy,RAJAMPET,Andhra Pradesh
6a932b5ecd944524379ee267,Shri Mohammed Nadimul Haque (2024-30),Sitting Rajya Sabha,West Bengal,Rajya Sabha,147000000.0,45077861.0,30.66521156462585,1,18,1096933.0,43980928.0,97.56658151991728,5.263157894736842,17,101922139.0,95647500.0,Shri Mohammed Nadimul Haque (2024-30),Sitting Rajya Sabha,West Bengal
6a932b5bcd944524379ede66,GOVIND MAKTHAPPA KARJOL,CHITRADURGA,Karnataka,Lok Sabha,147000000.0,45195747.0,30.745406122448983,19,204,8719720.0,36476027.0,80.70676871432173,8.520179372197308,185,101804253.0,110100000.0,GOVIND MAKTHAPPA KARJOL,CHITRADURGA,Karnataka
6a932b5bcd944524379ede9e,Kaushalendra Kumar,NALANDA,Bihar,Lok Sabha,147000000.0,44912846.0,30.552956462585033,92,74,44115134.0,797712.0,1.7761332693100766,55.42168674698795,-18,102087154.0,32900000.0,Kaushalendra Kumar,NALANDA,Bihar
6a932b5bcd944524379eddc6,AMBICA G LAKSHMINARAYANA VALMIKI,ANANTAPUR,Andhra Pradesh,Lok Sabha,201899064.11,62202871.0,30.80889516462058,42,116,30751717.0,31451154.0,50.56222244146898,26.582278481012654,74,139696193.11,100382396.0,AMBICA G LAKSHMINARAYANA VALMIKI,ANANTAPUR,Andhra Pradesh
6a932b5ecd944524379ee296,Shri S.R. Sivalingam (2025-31),Sitting Rajya Sabha,Tamil Nadu,Rajya Sabha,89248285.42,27371677.0,30.669134842411406,13,36,9371677.0,18000000.0,65.76140731165285,26.53061224489796,23,61876608.42,41895000.0,Shri S.R. Sivalingam (2025-31),Sitting Rajya Sabha,Tamil Nadu
6a932b5bcd944524379ede4e,DR.MALLU RAVI,NAGARKURNOOL,Telangana,Lok Sabha,147000000.0,47000729.0,31.973285034013603,143,84,35214808.0,11785921.0,25.076038714208025,62.99559471365639,-59,99999271.0,59350000.0,DR.MALLU RAVI,NAGARKURNOOL,Telangana
6a932b5ecd944524379ee230,Shri Damodar Rao Divakonda (2022-28),Sitting Rajya Sabha,Telangana,Rajya Sabha,239919406.11,77052481.0,32.11598521741605,110,185,49064209.0,27988272.0,36.32364803412365,37.28813559322034,75,162866925.11,130140000.0,Shri Damodar Rao Divakonda (2022-28),Sitting Rajya Sabha,Telangana
6a932b5bcd944524379edf92,Smt Sajda Ahmed,ULUBERIA,West Bengal,Lok Sabha,147000000.0,47212277.0,32.117195238095235,91,88,44780219.0,2432058.0,5.151325363951415,50.83798882681564,-3,99787723.0,52420000.0,Smt Sajda Ahmed,ULUBERIA,West Bengal
6a932b5bcd944524379ede6b,HARENDRA SINGH MALIK,MUZAFFARNAGAR,Uttar Pradesh,Lok Sabha,147000000.0,45077485.0,30.664955782312926,32,183,19524140.0,25553345.0,56.68760136019123,14.883720930232558,151,101922515.0,86841262.0,HARENDRA SINGH MALIK,MUZAFFARNAGAR,Uttar Pradesh
6a932b5bcd944524379edf9c,Sudip Bandyopadhyay,KOLKATA UTTAR,West Bengal,Lok Sabha,147000000.0,46311063.0,31.50412448979592,9,29,12739754.0,33571309.0,72.49090568273071,23.684210526315788,20,100688937.0,69236094.0,Sudip Bandyopadhyay,KOLKATA UTTAR,West Bengal
6a932b5bcd944524379ede5e,Ganesh Singh,SATNA,Madhya Pradesh,Lok Sabha,147000000.0,44570402.0,30.320001360544218,77,241,21445936.0,23124466.0,51.88300971573019,24.21383647798742,164,102429598.0,50103168.0,Ganesh Singh,SATNA,Madhya Pradesh
6a932b5bcd944524379ede7f,Jitendra Singh,UDHAMPUR,Jammu And Kashmir,Lok Sabha,147000000.0,48296699.0,32.854897278911565,187,141,43162988.0,5133711.0,10.629527703332272,57.012195121951216,-46,98703301.0,59880500.0,Jitendra Singh,UDHAMPUR,Jammu And Kashmir
6a932b5ecd944524379ee215,Shri Abdul Wahab (2021-27),Sitting Rajya Sabha,Kerala,Rajya Sabha,310898953.29,93760670.0,30.157923983919627,120,248,80050168.0,13710502.0,14.622871188953749,32.608695652173914,128,217138283.29000002,193852704.0,Shri Abdul Wahab (2021-27),Sitting Rajya Sabha,Kerala
6a932b5bcd944524379edea1,Kinjarapu Ram Mohan Naidu,SRIKAKULAM,Andhra Pradesh,Lok Sabha,171200630.11,53576961.0,31.294838672950952,60,155,32203971.0,21372990.0,39.89212826013032,27.906976744186046,95,117623669.11000001,106873000.0,Kinjarapu Ram Mohan Naidu,SRIKAKULAM,Andhra Pradesh
6a932b5bcd944524379eddec,BABU SINGH KUSHWAHA,JAUNPUR,Uttar Pradesh,Lok Sabha,147000000.0,46048017.0,31.32518163265306,522,164,24508010.0,21540007.0,46.77727381832751,76.0932944606414,-358,100951983.0,73546300.0,BABU SINGH KUSHWAHA,JAUNPUR,Uttar Pradesh
6a932b5bcd944524379edf21,Raju Bista,DARJEELING,West Bengal,Lok Sabha,147000000.0,43617451.0,29.67173537414966,73,96,34663226.0,8954225.0,20.528996524808385,43.19526627218935,23,103382549.0,66999676.0,Raju Bista,DARJEELING,West Bengal
6a932b5bcd944524379edeb2,LOVELY ANAND,SHEOHAR,Bihar,Lok Sabha,147000000.0,43561211.0,29.6334768707483,24,67,25156665.0,18404546.0,42.24984929826675,26.373626373626376,43,103438789.0,60812595.0,LOVELY ANAND,SHEOHAR,Bihar
6a932b5bcd944524379edf61,Shri Amar Singh,FATEHGARH SAHIB,Punjab,Lok Sabha,147000000.0,43529649.0,29.61200612244898,60,289,17363933.0,26165716.0,60.11010104859793,17.191977077363894,229,103470351.0,93710907.0,Shri Amar Singh,FATEHGARH SAHIB,Punjab
6a932b5bcd944524379ede5c,GANAPATHY RAJKUMAR P,COIMBATORE,Tamil Nadu,Lok Sabha,147370490.11,43662823.0,29.627928201507146,7,62,8599674.0,35063149.0,80.30435640865457,10.144927536231885,55,103707667.11000001,83497393.0,GANAPATHY RAJKUMAR P,COIMBATORE,Tamil Nadu
6a932b5bcd944524379edf09,Putta Mahesh Kumar,ELURU,Andhra Pradesh,Lok Sabha,147000000.0,43504398.0,29.59482857142857,54,60,26239750.0,17264648.0,39.68483370347982,47.368421052631575,6,103495602.0,90928800.0,Putta Mahesh Kumar,ELURU,Andhra Pradesh
6a932b5bcd944524379ede65,GOPINATH K,KRISHNAGIRI,Tamil Nadu,Lok Sabha,147000000.0,42753233.0,29.083831972789113,36,77,27542471.0,15210762.0,35.578039209338854,31.858407079646017,41,104246767.0,72446000.0,GOPINATH K,KRISHNAGIRI,Tamil Nadu
6a932b5bcd944524379ede4b,DR. S P SINGH,PRATAPGARH,Uttar Pradesh,Lok Sabha,147000000.0,42783929.0,29.10471360544218,106,533,34071121.0,8712808.0,20.36467478243992,16.588419405320813,427,104216071.0,88697950.0,DR. S P SINGH,PRATAPGARH,Uttar Pradesh
6a932b5bcd944524379edf6e,Shri Janardan Singh Sigriwal ,MAHARAJGANJ,Bihar,Lok Sabha,147000000.0,47230253.0,32.12942380952381,18,56,21432032.0,25798221.0,54.622237573023384,24.324324324324326,38,99769747.0,64873896.0,Shri Janardan Singh Sigriwal ,MAHARAJGANJ,Bihar
6a932b5bcd944524379ede6a,H.D. KUMARASWAMY,MANDYA,Karnataka,Lok Sabha,147000000.0,44450000.0,30.238095238095237,7,140,3500000.0,40950000.0,92.1259842519685,4.761904761904762,133,102550000.0,92000000.0,H.D. KUMARASWAMY,MANDYA,Karnataka
6a932b5ecd944524379ee2c0,Smt. Mamata Thakur (2024-30),Sitting Rajya Sabha,West Bengal,Rajya Sabha,147000000.0,44446422.0,30.235661224489796,51,9,28679769.0,15766653.0,35.47339086147362,85.0,-42,102553578.0,26052895.0,Smt. Mamata Thakur (2024-30),Sitting Rajya Sabha,West Bengal
6a932b5bcd944524379edf16,RAJABHAU,NASHIK,Maharashtra,Lok Sabha,152878682.11,46498714.0,30.41543357009254,21,89,21311605.0,25187109.0,54.167323853300545,19.090909090909093,68,106379968.11000001,86379500.0,RAJABHAU,NASHIK,Maharashtra
6a932b5ecd944524379ee28d,Shri Randeep Singh Surjewala (2022-28),Sitting Rajya Sabha,Rajasthan,Rajya Sabha,196063957.11,61282046.0,31.256150749634333,55,94,40284299.0,20997747.0,34.26410893657173,36.91275167785235,39,134781911.11,94026076.0,Shri Randeep Singh Surjewala (2022-28),Sitting Rajya Sabha,Rajasthan
6a932b5bcd944524379ede89,K. C VENUGOPAL,ALAPPUZHA,Kerala,Lok Sabha,147000000.0,44331588.0,30.157542857142854,37,52,26840190.0,17491398.0,39.45583451691376,41.57303370786517,15,102668412.0,60480650.0,K. C VENUGOPAL,ALAPPUZHA,Kerala
6a932b5bcd944524379edfbb,Vellalath Kochukrishnan Nair Sreekandan,PALAKKAD,Kerala,Lok Sabha,167807990.11,50584788.0,30.14444542649078,98,107,29910258.0,20674530.0,40.871042100641006,47.80487804878049,9,117223202.11000001,59901324.0,Vellalath Kochukrishnan Nair Sreekandan,PALAKKAD,Kerala
6a932b5bcd944524379eddeb,B K PARTHASARATHI,HINDUPUR,Andhra Pradesh,Lok Sabha,160491894.11,47797914.0,29.78213589232092,52,40,33917897.0,13880017.0,29.038959733682102,56.52173913043478,-12,112693980.11000001,46650000.0,B K PARTHASARATHI,HINDUPUR,Andhra Pradesh
6a932b5bcd944524379eddde,ARUNA. D. K,MAHABUBNAGAR,Telangana,Lok Sabha,147000000.0,44232038.0,30.08982176870748,127,195,34958077.0,9273961.0,20.96661474201121,39.44099378881988,68,102767962.0,77200000.0,ARUNA. D. K,MAHABUBNAGAR,Telangana
6a932b5ecd944524379ee228,Shri Birendra Prasad Baishya (2025-31),Sitting Rajya Sabha,Assam,Rajya Sabha,98000000.0,27790330.0,28.357479591836736,1,44,995373.0,26794957.0,96.41827570957236,2.2222222222222223,43,70209670.0,76500000.0,Shri Birendra Prasad Baishya (2025-31),Sitting Rajya Sabha,Assam
6a932b5ecd944524379ee226,Shri Banshilal Gurjar (2024-30),Sitting Rajya Sabha,Madhya Pradesh,Rajya Sabha,147000000.0,41424435.0,28.17988775510204,10,71,10570000.0,30854435.0,74.48365922190611,12.345679012345679,61,105575565.0,50400222.0,Shri Banshilal Gurjar (2024-30),Sitting Rajya Sabha,Madhya Pradesh
6a932b5bcd944524379edf04,Priyanka Gandhi Vadra,WAYANAD,Kerala,Lok Sabha,122500000.0,34714501.0,28.338368163265304,10,81,15019751.0,19694750.0,56.73349589556249,10.989010989010989,71,87785499.0,98450000.0,Priyanka Gandhi Vadra,WAYANAD,Kerala
6a932b5bcd944524379edeb9,Mahendra Singh Solanky,DEWAS,Madhya Pradesh,Lok Sabha,147000000.0,41462417.0,28.205725850340137,10,131,6249000.0,35213417.0,84.92851972426017,7.092198581560284,121,105537583.0,100888718.0,Mahendra Singh Solanky,DEWAS,Madhya Pradesh
6a932b5ecd944524379ee2c4,Smt. P. T. Usha (2022-28),Nominated Rajya Sabha,Kerala,Rajya Sabha,196063957.11,55206130.0,28.157204829354264,39,82,40172739.0,15033391.0,27.231379921034133,32.231404958677686,43,140857827.11,97750000.0,Smt. P. T. Usha (2022-28),Nominated Rajya Sabha,Kerala
6a932b5ecd944524379ee285,Shri Rajib Bhattacharjee (2024-28),Sitting Rajya Sabha,Tripura,Rajya Sabha,122500000.0,34210580.0,27.92700408163265,18,40,19522053.0,14688527.0,42.93562693178543,31.03448275862069,22,88289420.0,65127291.0,Shri Rajib Bhattacharjee (2024-28),Sitting Rajya Sabha,Tripura
6a932b5bcd944524379edf43,Sanjay Haribhau Jadhav,PARBHANI,Maharashtra,Lok Sabha,147000000.0,40999822.0,27.89103537414966,28,56,23065576.0,17934246.0,43.742253320026606,33.33333333333333,28,106000178.0,58388880.0,Sanjay Haribhau Jadhav,PARBHANI,Maharashtra
6a932b5bcd944524379edf74,Shri LS Tejasvi Surya ,BANGALORE SOUTH,Karnataka,Lok Sabha,147000000.0,40913804.0,27.83251972789116,25,112,25236528.0,15677276.0,38.317815669254315,18.248175182481752,87,106086196.0,100996984.0,Shri LS Tejasvi Surya ,BANGALORE SOUTH,Karnataka
6a932b5ecd944524379ee275,Shri Pabitra Margherita (2022-28),Sitting Rajya Sabha,Assam,Rajya Sabha,220563957.11,63642733.44,28.854548256159546,5,205,5848086.4399999995,57794647.0,90.81106966357227,2.380952380952381,200,156921223.67000002,164202949.1,Shri Pabitra Margherita (2022-28),Sitting Rajya Sabha,Assam
6a932b5bcd944524379ede80,JITIN PRASADA,PILIBHIT,Uttar Pradesh,Lok Sabha,147000000.0,41842816.0,28.46450068027211,22,37,7678364.0,34164452.0,81.64950466048938,37.28813559322034,15,105157184.0,73211600.0,JITIN PRASADA,PILIBHIT,Uttar Pradesh
6a932b5bcd944524379edf3c,S. Jagathrakshakan,ARAKKONAM,Tamil Nadu,Lok Sabha,180589332.34,52167418.0,28.887319823400816,34,130,36513077.0,15654341.0,30.007889215448614,20.73170731707317,96,128421914.34,112988000.0,S. Jagathrakshakan,ARAKKONAM,Tamil Nadu
6a932b5ecd944524379ee1f3,Dr. Dharmasthala Veerendra Heggade (2022-28),Nominated Rajya Sabha,Karnataka,Rajya Sabha,196063957.11,56879514.0,29.010693672824438,301,173,28999430.0,27880084.0,49.016037654611466,63.50210970464135,-128,139184443.11,104292000.0,Dr. Dharmasthala Veerendra Heggade (2022-28),Nominated Rajya Sabha,Karnataka
6a932b5bcd944524379edef3,PHANI BHUSAN CHOUDHURY,BARPETA,Assam,Lok Sabha,147000000.0,42116247.0,28.650508163265304,3,84,4400000.0,37716247.0,89.55272534136292,3.4482758620689653,81,104883753.0,85128000.0,PHANI BHUSAN CHOUDHURY,BARPETA,Assam
6a932b5bcd944524379ede3e,Dr Shashi Tharoor,THIRUVANANTHAPURAM,Kerala,Lok Sabha,147000000.0,41754577.0,28.404474149659865,40,74,33758390.0,7996187.0,19.15044427345055,35.08771929824561,34,105245423.0,60485470.0,Dr Shashi Tharoor,THIRUVANANTHAPURAM,Kerala
6a932b5bcd944524379edf9d,SUKANTA KUMAR PANIGRAHI,KANDHAMAL,Odisha,Lok Sabha,190712424.11,54209040.0,28.424493188096157,148,202,40058531.0,14150509.0,26.103596374331662,42.285714285714285,54,136503384.11,65804238.0,SUKANTA KUMAR PANIGRAHI,KANDHAMAL,Odisha
6a932b5bcd944524379ede76,Jagannath Sarkar,RANAGHAT,West Bengal,Lok Sabha,147000000.0,41712525.0,28.375867346938776,70,152,34507754.0,7204771.0,17.272440352148426,31.53153153153153,82,105287475.0,79754129.0,Jagannath Sarkar,RANAGHAT,West Bengal
6a932b5ecd944524379ee225,Shri Balyogi Umeshnath (2024-30),Sitting Rajya Sabha,Madhya Pradesh,Rajya Sabha,147000000.0,41747000.0,28.39931972789116,11,67,7950000.0,33797000.0,80.95671545260737,14.102564102564102,56,105253000.0,77745980.0,Shri Balyogi Umeshnath (2024-30),Sitting Rajya Sabha,Madhya Pradesh
6a932b5ecd944524379ee1fe,Dr. M. Dhanapal (2025-31),Sitting Rajya Sabha,Tamil Nadu,Rajya Sabha,89248285.42,23989964.0,26.88002787628231,27,24,20303393.0,3686571.0,15.367138525093244,52.94117647058824,-3,65258321.42,26927000.0,Dr. M. Dhanapal (2025-31),Sitting Rajya Sabha,Tamil Nadu
6a932b5bcd944524379edf5b,SHIVRAJ SINGH CHOUHAN,VIDISHA,Madhya Pradesh,Lok Sabha,147000000.0,38851625.0,26.4296768707483,10,97,6443125.0,32408500.0,83.4160733302661,9.345794392523365,87,108148375.0,56000000.0,SHIVRAJ SINGH CHOUHAN,VIDISHA,Madhya Pradesh
6a932b5bcd944524379ede93,KALYAN VAIJINATHRAO KALE,JALNA,Maharashtra,Lok Sabha,147000000.0,39254291.0,26.70359931972789,19,42,18358754.0,20895537.0,53.23121744830394,31.147540983606557,23,107745709.0,41650000.0,KALYAN VAIJINATHRAO KALE,JALNA,Maharashtra
6a932b5bcd944524379eddf7,BAPI HALDAR,MATHURAPUR,West Bengal,Lok Sabha,147000000.0,39006328.0,26.534917006802722,87,78,33330839.0,5675489.0,14.550175038265586,52.72727272727272,-9,107993672.0,43205343.0,BAPI HALDAR,MATHURAPUR,West Bengal
6a932b5ecd944524379ee1fc,Dr. L. Murugan (2024-30),Sitting Rajya Sabha,Madhya Pradesh,Rajya Sabha,147000000.0,38699774.0,26.326376870748298,6,32,7699574.0,31000200.0,80.10434376180078,15.789473684210526,26,108300226.0,75750000.0,Dr. L. Murugan (2024-30),Sitting Rajya Sabha,Madhya Pradesh
6a932b5bcd944524379edebc,MAHIMA KUMARI MEWAR,RAJSAMAND,Rajasthan,Lok Sabha,183892143.0,48238044.0,26.23170474444903,26,109,21655271.0,26582773.0,55.10748528692415,19.25925925925926,83,135654099.0,88925000.0,MAHIMA KUMARI MEWAR,RAJSAMAND,Rajasthan
6a932b5ecd944524379ee24f,Shri Kanad Purkayastha (2025-31),Sitting Rajya Sabha,Assam,Rajya Sabha,98000000.0,25601397.0,26.123874489795917,0,50,0.0,25601397.0,100.0,0.0,50,72398603.0,65000000.0,Shri Kanad Purkayastha (2025-31),Sitting Rajya Sabha,Assam
6a932b5bcd944524379ede7b,JASHUBHAI BHILUBHAI RATHVA,CHHOTA UDAIPUR,Gujarat,Lok Sabha,147000000.0,38424412.0,26.139055782312926,96,248,32109147.0,6315265.0,16.435554043091148,27.906976744186046,152,108575588.0,72685088.0,JASHUBHAI BHILUBHAI RATHVA,CHHOTA UDAIPUR,Gujarat
6a932b5bcd944524379edeb4,M. MALLESH BABU,KOLAR,Karnataka,Lok Sabha,147065957.11,40766132.0,27.71962512677792,3,73,3493016.0,37273116.0,91.43157364058969,3.9473684210526314,70,106299825.11000001,46594000.0,M. MALLESH BABU,KOLAR,Karnataka
6a932b5bcd944524379edea7,KOTA SRINIVAS POOJARY,UDUPI CHIKMAGALUR,Karnataka,Lok Sabha,147000000.0,40865192.0,27.799450340136055,51,269,21595331.0,19269861.0,47.15470564777966,15.937499999999998,218,106134808.0,100780000.0,KOTA SRINIVAS POOJARY,UDUPI CHIKMAGALUR,Karnataka
6a932b5bcd944524379edee7,Nitin Jairam Gadkari,NAGPUR,Maharashtra,Lok Sabha,168195086.11,46558565.0,27.68128729370285,19,48,28671958.0,17886607.0,38.41743619031214,28.35820895522388,29,121636521.11000001,110555564.0,Nitin Jairam Gadkari,NAGPUR,Maharashtra
6a932b5bcd944524379edf8d,Smt Hema Malini,MATHURA,Uttar Pradesh,Lok Sabha,147000000.0,40721168.0,27.70147482993197,33,55,26155658.0,14565510.0,35.768890519053876,37.5,22,106278832.0,44588332.0,Smt Hema Malini,MATHURA,Uttar Pradesh
6a932b5bcd944524379edeee,PARSHOTTAMBHAI RUPALA,RAJKOT,Gujarat,Lok Sabha,147000000.0,40230082.0,27.367402721088435,90,229,37799055.0,2431027.0,6.042808960717505,28.213166144200624,139,106769918.0,105969909.0,PARSHOTTAMBHAI RUPALA,RAJKOT,Gujarat
6a932b5ecd944524379ee200,Dr. Medha Vishram Kulkarni (2024-30),Sitting Rajya Sabha,Maharashtra,Rajya Sabha,147000000.0,41737818.0,28.39307346938775,31,76,30816058.0,10921760.0,26.167539472235944,28.971962616822427,45,105262182.0,75940000.0,Dr. Medha Vishram Kulkarni (2024-30),Sitting Rajya Sabha,Maharashtra
6a932b5bcd944524379eddb1,ABHIJIT GANGOPADHYAY,TAMLUK,West Bengal,Lok Sabha,147000000.0,40622867.78,27.63460393197279,74,191,25363606.78,15259261.0,37.563229367850404,27.92452830188679,117,106377132.22,69230649.0,ABHIJIT GANGOPADHYAY,TAMLUK,West Bengal
6a932b5bcd944524379edde7,ATUL GARG,GHAZIABAD,Uttar Pradesh,Lok Sabha,155336470.0,42043789.0,27.066270399990422,36,41,33799309.0,8244480.0,19.609269754445776,46.75324675324675,5,113292681.0,38206028.0,ATUL GARG,GHAZIABAD,Uttar Pradesh
6a932b5bcd944524379edf33,Ravindra Vasantrao Chavan,NANDED,Maharashtra,Lok Sabha,147000000.0,39838293.0,27.100879591836737,26,115,19985533.0,19852760.0,49.8333600789572,18.439716312056735,89,107161707.0,93373915.0,Ravindra Vasantrao Chavan,NANDED,Maharashtra
6a932b5bcd944524379eddd4,Annpurna Devi ,KODARMA,Jharkhand,Lok Sabha,166665931.8,42079828.0,25.24800812351742,85,303,24734006.0,17345822.0,41.221228375743365,21.90721649484536,218,124586103.80000001,93036600.0,Annpurna Devi ,KODARMA,Jharkhand
6a932b5bcd944524379edf4a,Saptagiri Sankar Ulaka,KORAPUT,Odisha,Lok Sabha,269500000.0,67850166.0,25.176313914656774,159,416,46662417.0,21187749.0,31.22726184634537,27.652173913043477,257,201649834.0,137630000.0,Saptagiri Sankar Ulaka,KORAPUT,Odisha
6a932b5bcd944524379ede83,JUNE MALIAH,MEDINIPUR,West Bengal,Lok Sabha,147000000.0,36949288.0,25.135570068027214,7,24,18832040.0,18117248.0,49.03273914236183,22.58064516129032,17,110050712.0,77665490.0,JUNE MALIAH,MEDINIPUR,West Bengal
6a932b5bcd944524379eddf9,BASTIPATI NAGARAJU PANCHALINGALA,KURNOOL,Andhra Pradesh,Lok Sabha,159998515.11,44033277.0,27.521053535857405,143,65,43534075.0,499202.0,1.133692593444726,68.75,-78,115965238.11000001,38500000.0,BASTIPATI NAGARAJU PANCHALINGALA,KURNOOL,Andhra Pradesh
6a932b5bcd944524379edfc9,Y S Avinash Reddy,KADAPA,Andhra Pradesh,Lok Sabha,156430260.11,40434883.0,25.848504612577283,57,243,29441518.0,10993365.0,27.187824433670304,19.0,186,115995377.11000001,91727241.0,Y S Avinash Reddy,KADAPA,Andhra Pradesh
6a932b5bcd944524379ede4d,DR.K.SUDHAKAR,CHIKBALLAPUR,Karnataka,Lok Sabha,147000000.0,37553975.0,25.54692176870748,18,142,8044009.0,29509966.0,78.58013965232709,11.25,124,109446025.0,96630000.0,DR.K.SUDHAKAR,CHIKBALLAPUR,Karnataka
6a932b5bcd944524379eded6,MUHAMMED HAMDULLAH SAYEED,LAKSHADWEEP,Lakshadweep,Lok Sabha,153942460.41,39337535.0,25.553401508090133,2,26,1633047.0,37704488.0,95.84862905110857,7.142857142857142,24,114604925.41,89778744.0,MUHAMMED HAMDULLAH SAYEED,LAKSHADWEEP,Lakshadweep
6a932b5bcd944524379edf40,SAMBIT PATRA,PURI,Odisha,Lok Sabha,147000000.0,38354750.0,26.09166666666667,548,175,31620874.0,6733876.0,17.556824122175218,75.79529737206086,-373,108645250.0,82880000.0,SAMBIT PATRA,PURI,Odisha
6a932b5bcd944524379ede29,DEVESH CHANDRA THAKUR,SITAMARHI,Bihar,Lok Sabha,163809205.11,41894417.0,25.57512990302795,119,90,38054803.0,3839614.0,9.164977758253565,56.9377990430622,-29,121914788.11000001,52613659.0,DEVESH CHANDRA THAKUR,SITAMARHI,Bihar
6a932b5ecd944524379ee214,Shri A. A. Rahim (2022-28),Sitting Rajya Sabha,Kerala,Rajya Sabha,220563957.11,56633403.0,25.67663535876612,17,58,26629839.0,30003564.0,52.978564611418456,22.666666666666664,41,163930554.11,90785000.0,Shri A. A. Rahim (2022-28),Sitting Rajya Sabha,Kerala
6a932b5bcd944524379eddb3,ADHIKARI SOUMENDU,KANTHI,West Bengal,Lok Sabha,147000000.0,38304241.0,26.057306802721087,29,41,36121123.0,2183118.0,5.6994158949657825,41.42857142857143,12,108695759.0,59813259.0,ADHIKARI SOUMENDU,KANTHI,West Bengal
6a932b5bcd944524379ede5f,GAURAV GOGOI,JORHAT,Assam,Lok Sabha,147000000.0,40275131.0,27.398048299319726,35,429,8010896.0,32264235.0,80.10957183478807,7.543103448275862,394,106724869.0,94549998.0,GAURAV GOGOI,JORHAT,Assam
6a932b5bcd944524379ede64,GODAM NAGESH,ADILABAD,Telangana,Lok Sabha,147000000.0,35717086.0,24.297337414965988,80,277,17451632.0,18265454.0,51.139261472786444,22.408963585434176,197,111282914.0,89785000.0,GODAM NAGESH,ADILABAD,Telangana
6a932b5bcd944524379ede97,Kamlesh Paswan,BANSGAON,Uttar Pradesh,Lok Sabha,147000000.0,35635253.0,24.241668707482994,0,124,0.0,35635253.0,100.0,0.0,124,111364747.0,99901614.0,Kamlesh Paswan,BANSGAON,Uttar Pradesh
6a932b5ecd944524379ee2bd,Smt. Jebi Mather Hisham (2022-28),Sitting Rajya Sabha,Kerala,Rajya Sabha,220563957.11,54417993.0,24.672205610121768,47,72,41671596.0,12746397.0,23.423129552021514,39.49579831932773,25,166145964.11,110053749.0,Smt. Jebi Mather Hisham (2022-28),Sitting Rajya Sabha,Kerala
6a932b5ecd944524379ee29c,Shri Sandosh Kumar P (2022-28),Sitting Rajya Sabha,Kerala,Rajya Sabha,220563957.11,55957933.0,25.370388586242388,29,75,29703001.0,26254932.0,46.919052567577864,27.884615384615387,46,164606024.11,119178072.0,Shri Sandosh Kumar P (2022-28),Sitting Rajya Sabha,Kerala
6a932b5bcd944524379eddb2,Abu Taher Khan,MURSHIDABAD,West Bengal,Lok Sabha,147000000.0,36162113.0,24.6000768707483,172,156,29714725.0,6447388.0,17.829124089070792,52.4390243902439,-16,110837887.0,68395535.0,Abu Taher Khan,MURSHIDABAD,West Bengal
6a932b5bcd944524379ede3c,DR RAJKUMAR SANGWAN,BAGHPAT,Uttar Pradesh,Lok Sabha,147000000.0,36662976.0,24.9408,16,103,10927859.0,25735117.0,70.19374804707616,13.445378151260504,87,110337024.0,77236924.0,DR RAJKUMAR SANGWAN,BAGHPAT,Uttar Pradesh
6a932b5bcd944524379ede30,DHAVAL LAXMANBHAI PATEL,VALSAD,Gujarat,Lok Sabha,147000000.0,36923530.0,25.11804761904762,60,176,32437956.0,4485574.0,12.148280513807862,25.423728813559322,116,110076470.0,78172377.0,DHAVAL LAXMANBHAI PATEL,VALSAD,Gujarat
6a932b5bcd944524379edea6,KONDA VISHWESHWAR REDDY,CHELVELLA,Telangana,Lok Sabha,233721420.96,57214092.0,24.479609855611756,180,339,47532371.0,9681721.0,16.921916719398432,34.68208092485549,159,176507328.96,97234000.0,KONDA VISHWESHWAR REDDY,CHELVELLA,Telangana
6a932b5bcd944524379edf7e,Shri Suresh Kodikunnil,MAVELIKKARA,Kerala,Lok Sabha,172429519.11,41963456.0,24.336584719713656,58,133,26813391.0,15150065.0,36.10299637856329,30.36649214659686,75,130466063.11000001,99735690.0,Shri Suresh Kodikunnil,MAVELIKKARA,Kerala
6a932b5bcd944524379edf84,Shrirang Appa Barne,MAVAL,Maharashtra,Lok Sabha,147000000.0,35720911.0,24.29993945578231,32,75,23546814.0,12174097.0,34.08114927416045,29.906542056074763,43,111279089.0,84900000.0,Shrirang Appa Barne,MAVAL,Maharashtra
6a932b5bcd944524379edf4d,SATPAL BRAHAMCHARI,SONEPAT,Haryana,Lok Sabha,147000000.0,35904950.0,24.42513605442177,19,212,11241216.0,24663734.0,68.69173749023464,8.225108225108226,193,111095050.0,121664729.0,SATPAL BRAHAMCHARI,SONEPAT,Haryana
6a932b5bcd944524379edf68,Shri Bhartruhari Mahtab,CUTTACK,Odisha,Lok Sabha,147000000.0,36110567.0,24.56501156462585,86,397,25600877.0,10509690.0,29.10419545613892,17.805383022774325,311,110889433.0,120809520.0,Shri Bhartruhari Mahtab,CUTTACK,Odisha
6a932b5ecd944524379ee203,Dr. Parmar Jashvantsinh Salamsinh (2024-30),Sitting Rajya Sabha,Gujarat,Rajya Sabha,147000000.0,37839089.0,25.7408768707483,61,312,26672911.0,11166178.0,29.509637507393478,16.353887399463808,251,109160911.0,81012814.0,Dr. Parmar Jashvantsinh Salamsinh (2024-30),Sitting Rajya Sabha,Gujarat
6a932b5ecd944524379ee1f7,Dr. John Brittas (2021-27),Sitting Rajya Sabha,Kerala,Rajya Sabha,245063957.11,57506835.0,23.46605175161982,36,108,52630093.0,4876742.0,8.48028238730231,25.0,72,187557122.11,161931542.0,Dr. John Brittas (2021-27),Sitting Rajya Sabha,Kerala
6a932b5bcd944524379ededc,NABA CHARAN MAJHI,MAYURBHANJ,Odisha,Lok Sabha,147563957.11,34422207.0,23.326974739732904,27,194,13783962.0,20638245.0,59.956193395734324,12.217194570135746,167,113141750.11000001,118700000.0,NABA CHARAN MAJHI,MAYURBHANJ,Odisha
6a932b5bcd944524379edf0c,RACHNA BANERJEE,HOOGHLY,West Bengal,Lok Sabha,147000000.0,34234471.0,23.288755782312926,36,68,14998488.0,19235983.0,56.18893015755961,34.61538461538461,32,112765529.0,83394407.44,RACHNA BANERJEE,HOOGHLY,West Bengal
6a932b5bcd944524379ede00,BHASKAR MURLIDHAR BHAGARE,DINDORI,Maharashtra,Lok Sabha,147000000.0,34081627.0,23.184780272108842,19,100,19056745.0,15024882.0,44.08499042607326,15.966386554621847,81,112918373.0,79799800.0,BHASKAR MURLIDHAR BHAGARE,DINDORI,Maharashtra
6a932b5ecd944524379ee2c5,Smt. Phulo Devi Netam (2026-32),Sitting Rajya Sabha,Chhattisgarh,Rajya Sabha,49000000.0,11348157.0,23.159504081632655,0,81,0.0,11348157.0,100.0,0.0,81,37651843.0,48777604.0,Smt. Phulo Devi Netam (2026-32),Sitting Rajya Sabha,Chhattisgarh
6a932b5ecd944524379ee238,Shri Ghanshyam Tiwari (2022-28),Sitting Rajya Sabha,Rajasthan,Rajya Sabha,196063957.11,45570943.0,23.242896691324457,28,60,29098344.0,16472599.0,36.14715411967666,31.818181818181817,32,150493014.11,64522661.0,Shri Ghanshyam Tiwari (2022-28),Sitting Rajya Sabha,Rajasthan
6a932b5bcd944524379eddc8,AMRARAM,SIKAR,Rajasthan,Lok Sabha,165691544.11,38165228.0,23.03390206482879,49,122,24765138.0,13400090.0,35.11072958872406,28.654970760233915,73,127526316.11000001,65056579.0,AMRARAM,SIKAR,Rajasthan
6a932b5bcd944524379ede77,Jagdambika Pal,DOMARIYAGANJ,Uttar Pradesh,Lok Sabha,160643957.11,38873088.0,24.198288375940518,0,75,0.0,38873088.0,100.0,0.0,75,121770869.11000001,97048500.0,Jagdambika Pal,DOMARIYAGANJ,Uttar Pradesh
6a932b5ecd944524379ee2c6,Smt. Rajathi (2025-31),Sitting Rajya Sabha,Tamil Nadu,Rajya Sabha,89248285.42,21237106.0,23.79553388623519,16,39,10000000.0,11237106.0,52.912604947208905,29.09090909090909,23,68011179.42,49000000.0,Smt. Rajathi (2025-31),Sitting Rajya Sabha,Tamil Nadu
6a932b5bcd944524379edf64,Shri Arjun Ram Meghwal,BIKANER,Rajasthan,Lok Sabha,147000000.0,34700414.0,23.60572380952381,17,62,19586063.0,15114351.0,43.556687825107794,21.518987341772153,45,112299586.0,77969376.0,Shri Arjun Ram Meghwal,BIKANER,Rajasthan
6a932b5bcd944524379ede45,DR. MANSUKH MANDAVIYA,PORBANDAR,Gujarat,Lok Sabha,147000000.0,34762587.0,23.64801836734694,72,238,27644193.0,7118394.0,20.477169895324536,23.225806451612904,166,112237413.0,114588516.0,DR. MANSUKH MANDAVIYA,PORBANDAR,Gujarat
6a932b5ecd944524379ee217,Shri Ajay Makan (2024-30),Sitting Rajya Sabha,Karnataka,Rajya Sabha,147000000.0,35435523.0,24.105797959183672,2,11,1379107.0,34056416.0,96.10812291383424,15.384615384615385,9,111564477.0,59850000.0,Shri Ajay Makan (2024-30),Sitting Rajya Sabha,Karnataka
6a932b5bcd944524379edec7,MANNA LAL RAWAT,UDAIPUR,Rajasthan,Lok Sabha,147000000.0,35533993.0,24.1727843537415,24,176,23891612.0,11642381.0,32.76406622807631,12.0,152,111466007.0,52441798.0,MANNA LAL RAWAT,UDAIPUR,Rajasthan
6a932b5bcd944524379edf0a,R.K. CHAUDHARY,MOHANLALGANJ,Uttar Pradesh,Lok Sabha,147000000.0,34622708.0,23.552862585034013,14,79,3010942.0,31611766.0,91.30356296798044,15.053763440860216,65,112377292.0,72543098.0,R.K. CHAUDHARY,MOHANLALGANJ,Uttar Pradesh
6a932b5ecd944524379ee297,Shri Sadanand Mhalu Shet Tanavade (2023-29),Sitting Rajya Sabha,Goa,Rajya Sabha,171500000.0,37836353.99,22.062013988338194,10,32,27353916.990000002,10482437.0,27.704669965743705,23.809523809523807,22,133663646.00999999,87791786.0,Shri Sadanand Mhalu Shet Tanavade (2023-29),Sitting Rajya Sabha,Goa
6a932b5bcd944524379edfb7,V. SOMANNA,TUMKUR,Karnataka,Lok Sabha,147000000.0,32293790.0,21.96856462585034,4,57,7214529.0,25079261.0,77.65970175690124,6.557377049180328,53,114706210.0,67250000.0,V. SOMANNA,TUMKUR,Karnataka
6a932b5ecd944524379ee234,Shri Dhananjay Bhimrao Mahadik (2022-28),Sitting Rajya Sabha,Maharashtra,Rajya Sabha,220383643.11,48415797.0,21.968870428298636,32,126,39394693.0,9021104.0,18.63256325203115,20.253164556962027,94,171967846.11,88425023.0,Shri Dhananjay Bhimrao Mahadik (2022-28),Sitting Rajya Sabha,Maharashtra
6a932b5bcd944524379ede74,JAGADISH CHANDRA BARMA BASUNIA,COOCHBEHAR,West Bengal,Lok Sabha,168604641.11,36689865.0,21.760886745734965,1,96,4898435.0,31791430.0,86.64907870334218,1.0309278350515463,95,131914776.11000001,119458523.0,JAGADISH CHANDRA BARMA BASUNIA,COOCHBEHAR,West Bengal
6a932b5bcd944524379ede02,BHOJRAJ NAG,KANKER,Chhattisgarh,Lok Sabha,164672734.11,35985836.0,21.85294134726746,29,44,19984971.0,16000865.0,44.46434147034961,39.726027397260275,15,128686898.11000001,33496000.0,BHOJRAJ NAG,KANKER,Chhattisgarh
6a932b5bcd944524379ede20,D M Kathir Anand,VELLORE,Tamil Nadu,Lok Sabha,160196941.11,34828146.0,21.740830853995572,15,67,16990701.0,17837445.0,51.21560303554487,18.29268292682927,52,125368795.11000001,78964000.0,D M Kathir Anand,VELLORE,Tamil Nadu
6a932b5ecd944524379ee25a,Shri Madan Rathore (2024-30),Sitting Rajya Sabha,Rajasthan,Rajya Sabha,147000000.0,32342754.0,22.001873469387757,21,111,16038953.0,16303801.0,50.40943946826544,15.909090909090908,90,114657246.0,92598945.0,Shri Madan Rathore (2024-30),Sitting Rajya Sabha,Rajasthan
6a932b5bcd944524379ede6f,Hasmukh Bhai Soma Bhai Patel,AHMEDABAD EAST,Gujarat,Lok Sabha,147000000.0,32021270.0,21.7831768707483,20,176,13861338.0,18159932.0,56.712091681560416,10.204081632653061,156,114978730.0,99146325.0,Hasmukh Bhai Soma Bhai Patel,AHMEDABAD EAST,Gujarat
6a932b5bcd944524379eddb7,ADV GOWAAL KAGADA PADAVI,NANDURBAR,Maharashtra,Lok Sabha,147816309.11,32041066.0,21.67627252562239,189,90,32041066.0,0.0,0.0,67.74193548387096,-99,115775243.11000001,56006000.0,ADV GOWAAL KAGADA PADAVI,NANDURBAR,Maharashtra
6a932b5bcd944524379ede1b,CHHATRAPATI SHAHU SHAHAJI,KOLHAPUR,Maharashtra,Lok Sabha,147000000.0,33696592.0,22.922851700680273,22,79,21542554.0,12154038.0,36.069042234300724,21.782178217821784,57,113303408.0,76286000.0,CHHATRAPATI SHAHU SHAHAJI,KOLHAPUR,Maharashtra
6a932b5bcd944524379eddf0,BAJRANG MANOHAR SONWANE,BEED,Maharashtra,Lok Sabha,165899107.19,37977152.0,22.8917157200284,20,80,19342448.0,18634704.0,49.06819763630511,20.0,60,127921955.19,80100000.0,BAJRANG MANOHAR SONWANE,BEED,Maharashtra
6a932b5bcd944524379eddc9,AMRINDER SINGH RAJA WARRING,LUDHIANA,Punjab,Lok Sabha,147000000.0,33972409.0,23.11048231292517,59,187,18372811.0,15599598.0,45.918433396936905,23.983739837398375,128,113027591.0,75761251.0,AMRINDER SINGH RAJA WARRING,LUDHIANA,Punjab
6a932b5ecd944524379ee2b8,Shri Yerram Venkata Subba Reddy (2024-30),Sitting Rajya Sabha,Andhra Pradesh,Rajya Sabha,147000000.0,33232213.0,22.606947619047617,38,104,18636903.0,14595310.0,43.919163613930856,26.76056338028169,66,113767787.0,87068000.0,Shri Yerram Venkata Subba Reddy (2024-30),Sitting Rajya Sabha,Andhra Pradesh
6a932b5ecd944524379ee20c,Dr. Sudhanshu Trivedi (2024-30),Sitting Rajya Sabha,Uttar Pradesh,Rajya Sabha,147000000.0,33646948.0,22.889080272108846,14,39,16886943.0,16760005.0,49.81136773534408,26.41509433962264,25,113353052.0,57117221.0,Dr. Sudhanshu Trivedi (2024-30),Sitting Rajya Sabha,Uttar Pradesh
6a932b5bcd944524379edeac,KRITI DEVI DEBBARMAN,TRIPURA EAST,Tripura,Lok Sabha,147000000.0,32934783.0,22.404614285714285,13,29,12500000.0,20434783.0,62.04620507139822,30.952380952380953,16,114065217.0,82786310.0,KRITI DEVI DEBBARMAN,TRIPURA EAST,Tripura
6a932b5bcd944524379eddbf,AKHILESH YADAV,KANNAUJ,Uttar Pradesh,Lok Sabha,147000000.0,32453607.0,22.07728367346939,39,200,6951398.0,25502209.0,78.58050724531175,16.317991631799163,161,114546393.0,125654488.0,AKHILESH YADAV,KANNAUJ,Uttar Pradesh
6a932b5bcd944524379edfc7,VISHWESHWAR HEGDE KAGERI,UTTARA KANNADA,Karnataka,Lok Sabha,147000000.0,33350000.0,22.687074829931973,30,113,20900000.0,12450000.0,37.331334332833585,20.97902097902098,83,113650000.0,75700000.0,VISHWESHWAR HEGDE KAGERI,UTTARA KANNADA,Karnataka
6a932b5bcd944524379eddc4,AMAR SHARADRAO KALE,WARDHA,Maharashtra,Lok Sabha,147000000.0,32855968.0,22.35099863945578,29,79,24499418.0,8356550.0,25.433887688227603,26.851851851851855,50,114144032.0,41813329.0,AMAR SHARADRAO KALE,WARDHA,Maharashtra
6a932b5bcd944524379ede62,Giriraj Singh,BEGUSARAI,Bihar,Lok Sabha,147000000.0,32994877.0,22.445494557823128,17,50,21896679.0,11098198.0,33.636124783856594,25.37313432835821,33,114005123.0,68570882.0,Giriraj Singh,BEGUSARAI,Bihar
6a932b5bcd944524379edf8a,Smt Aparajita Sarangi,BHUBANESWAR,Odisha,Lok Sabha,147420861.41,30447444.0,20.653416150731204,47,230,11453987.0,18993457.0,62.381121384113555,16.967509025270758,183,116973417.41,90050000.0,Smt Aparajita Sarangi,BHUBANESWAR,Odisha
6a932b5ecd944524379ee24a,Shri Jayant Chaudhary (2022-28),Sitting Rajya Sabha,Uttar Pradesh,Rajya Sabha,214074707.67000002,43141697.0,20.15263618460883,8,16,16794438.0,26347259.0,61.071447884861826,33.33333333333333,8,170933010.67000002,135985000.0,Shri Jayant Chaudhary (2022-28),Sitting Rajya Sabha,Uttar Pradesh
6a932b5ecd944524379ee243,Shri Ilaiyaraaja (2022-28),Nominated Rajya Sabha,Tamil Nadu,Rajya Sabha,220563957.11,44381022.0,20.12161124669441,17,10,31948688.0,12432334.0,28.012725799779915,62.96296296296296,-7,176182935.11,19600000.0,Shri Ilaiyaraaja (2022-28),Nominated Rajya Sabha,Tamil Nadu
6a932b5ecd944524379ee2a9,Shri Subhash Barala (2024-30),Sitting Rajya Sabha,Haryana,Rajya Sabha,147000000.0,29532538.0,20.090161904761906,4,73,4163539.0,25368999.0,85.90185848571498,5.194805194805195,69,117467462.0,79646165.0,Shri Subhash Barala (2024-30),Sitting Rajya Sabha,Haryana
6a932b5bcd944524379ede26,DARSHAN SINGH CHOUDHARY,HOSHANGABAD,Madhya Pradesh,Lok Sabha,147000000.0,30022552.0,20.423504761904763,49,348,5286493.0,24736059.0,82.39159349278502,12.34256926952141,299,116977448.0,56555838.0,DARSHAN SINGH CHOUDHARY,HOSHANGABAD,Madhya Pradesh
6a932b5bcd944524379ede3a,DR KALGE SHIVAJI BANDAPPA,LATUR,Maharashtra,Lok Sabha,147000000.0,28846420.0,19.623414965986395,26,89,21271865.0,7574555.0,26.258215057535732,22.608695652173914,63,118153580.0,69643514.0,DR KALGE SHIVAJI BANDAPPA,LATUR,Maharashtra
6a932b5bcd944524379edeef,PARTHA BHOWMICK,BARRACKPUR,West Bengal,Lok Sabha,147000000.0,31114929.0,21.16661836734694,4,28,6564023.0,24550906.0,78.90394350570429,12.5,24,115885071.0,134720236.0,PARTHA BHOWMICK,BARRACKPUR,West Bengal
6a932b5bcd944524379ede54,E.T. MOHAMMED BASHEER,MALAPPURAM,Kerala,Lok Sabha,163895872.11,34451493.0,21.020354299635812,41,150,19026755.0,15424738.0,44.77233541083401,21.465968586387437,109,129444379.11000001,80210000.0,E.T. MOHAMMED BASHEER,MALAPPURAM,Kerala
6a932b5bcd944524379edef4,Piyush Vedprakash Goyal,MUMBAI NORTH,Maharashtra,Lok Sabha,147000000.0,30848998.0,20.98571292517007,0,49,0.0,30848998.0,100.0,0.0,49,116151002.0,98000000.0,Piyush Vedprakash Goyal,MUMBAI NORTH,Maharashtra
6a932b5bcd944524379edf9a,SUDHA R,MAYILADUTHURAI,Tamil Nadu,Lok Sabha,147332315.11,33193145.0,22.529439638016694,22,127,17100375.0,16092770.0,48.48220920313517,14.76510067114094,105,114139170.11000001,79111000.0,SUDHA R,MAYILADUTHURAI,Tamil Nadu
6a932b5bcd944524379edeb7,MADHAVANENI RAGHUNANDAN RAO,MEDAK,Telangana,Lok Sabha,147000000.0,30484168.0,20.737529251700682,41,141,22868518.0,7615650.0,24.982312130021064,22.52747252747253,100,116515832.0,89221247.0,MADHAVANENI RAGHUNANDAN RAO,MEDAK,Telangana
6a932b5ecd944524379ee262,Shri Masthan Rao Yadav Beedha (2024-28),Sitting Rajya Sabha,Andhra Pradesh,Rajya Sabha,171296045.11,35512349.0,20.731563870721754,40,80,29607698.0,5904651.0,16.627035851669515,33.33333333333333,40,135783696.11,106805000.0,Shri Masthan Rao Yadav Beedha (2024-28),Sitting Rajya Sabha,Andhra Pradesh
6a932b5bcd944524379edfaf,Thiru Dayanidhi Maran,CHENNAI CENTRAL,Tamil Nadu,Lok Sabha,147000000.0,30478390.0,20.73359863945578,4,8,25568733.0,4909657.0,16.10864943981621,33.33333333333333,4,116521610.0,75000000.0,Thiru Dayanidhi Maran,CHENNAI CENTRAL,Tamil Nadu
6a932b5bcd944524379edf70,Shri Jugal Kishore Sharma,JAMMU,Jammu And Kashmir,Lok Sabha,147000000.0,30369749.0,20.659693197278912,45,169,14956356.0,15413393.0,50.75245435844729,21.02803738317757,124,116630251.0,95139010.0,Shri Jugal Kishore Sharma,JAMMU,Jammu And Kashmir
6a932b5bcd944524379ede37,Dr Chandra Sekhar Pemmasani,GUNTUR,Andhra Pradesh,Lok Sabha,159774113.11,35682555.0,22.33312662823768,9,87,11590846.0,24091709.0,67.51677115049637,9.375,78,124091558.11000001,83511000.0,Dr Chandra Sekhar Pemmasani,GUNTUR,Andhra Pradesh
6a932b5ecd944524379ee1fd,Dr. Laxmikant Bajpayee (2022-28),Sitting Rajya Sabha,Uttar Pradesh,Rajya Sabha,196000000.0,37937707.0,19.355972959183674,4,62,6012295.0,31925412.0,84.15219190764482,6.0606060606060606,58,158062293.0,84607827.0,Dr. Laxmikant Bajpayee (2022-28),Sitting Rajya Sabha,Uttar Pradesh
6a932b5bcd944524379ede87,K RADHAKRISHNAN,ALATHUR,Kerala,Lok Sabha,147000000.0,28066021.0,19.092531292517005,15,171,24293135.0,3772886.0,13.442895948805852,8.064516129032258,156,118933979.0,117618500.0,K RADHAKRISHNAN,ALATHUR,Kerala
6a932b5bcd944524379edf79,Shri Rajmohan Unnithan ,KASARAGOD,Kerala,Lok Sabha,156754633.11,28932795.0,18.45737789434069,56,151,13539308.0,15393487.0,53.20428600140429,27.053140096618357,95,127821838.11000001,59251035.0,Shri Rajmohan Unnithan ,KASARAGOD,Kerala
6a932b5ecd944524379ee23a,Shri Govindbhai Laljibhai Dholakia (2024-30),Sitting Rajya Sabha,Gujarat,Rajya Sabha,147000000.0,27272966.0,18.553038095238094,44,78,17582444.0,9690522.0,35.531602980035245,36.0655737704918,34,119727034.0,126686300.0,Shri Govindbhai Laljibhai Dholakia (2024-30),Sitting Rajya Sabha,Gujarat
6a932b5bcd944524379ede8b,KADIYAM KAVYA,WARANGEL,Telangana,Lok Sabha,147000000.0,27189421.0,18.49620476190476,53,161,19492958.0,7696463.0,28.306829336306944,24.766355140186917,108,119810579.0,68758994.0,KADIYAM KAVYA,WARANGEL,Telangana
6a932b5bcd944524379eddea,AZAD KIRTI JHA,BARDHAMAN-DURGAPUR,West Bengal,Lok Sabha,179658399.98,33156887.0,18.45551725034349,6,106,11925284.0,21231603.0,64.03376468967066,5.357142857142857,100,146501512.98,78651222.0,AZAD KIRTI JHA,BARDHAMAN-DURGAPUR,West Bengal
6a932b5bcd944524379edef6,Prabhubhai Nagarbhai Vasava,BARDOLI,Gujarat,Lok Sabha,147000000.0,27468376.0,18.68597006802721,62,253,19899308.0,7569068.0,27.55557154161571,19.682539682539684,191,119531624.0,79406828.0,Prabhubhai Nagarbhai Vasava,BARDOLI,Gujarat
6a932b5ecd944524379ee293,Shri S. Jaishankar (2023-29),Sitting Rajya Sabha,Gujarat,Rajya Sabha,171500000.0,31616893.0,18.43550612244898,51,112,27596399.0,4020494.0,12.71628429776449,31.28834355828221,61,139883107.0,143498500.0,Shri S. Jaishankar (2023-29),Sitting Rajya Sabha,Gujarat
6a932b5ecd944524379ee1f1,Dr. Ashok Kumar Mittal (2022-28),Sitting Rajya Sabha,Punjab,Rajya Sabha,222487632.14,41939879.0,18.850431638199737,15,32,25534470.0,16405409.0,39.11649101324303,31.914893617021278,17,180547753.14,64005095.0,Dr. Ashok Kumar Mittal (2022-28),Sitting Rajya Sabha,Punjab
6a932b5bcd944524379eddcc,ANANTA NAYAK,KEONJHAR,Odisha,Lok Sabha,147000000.0,29211360.0,19.871673469387755,17,323,5050000.0,24161360.0,82.7122051147225,5.0,306,117788640.0,131155000.0,ANANTA NAYAK,KEONJHAR,Odisha
6a932b5bcd944524379eddb8,ADV K FRANCIS GEORGE,KOTTAYAM,Kerala,Lok Sabha,188722256.11,37467974.0,19.853500467989925,53,298,28048193.0,9419781.0,25.140886987911333,15.0997150997151,245,151254282.11,149313380.0,ADV K FRANCIS GEORGE,KOTTAYAM,Kerala
6a932b5bcd944524379edfa8,T Sumathy (A) Thamizhachi Thangapandian ,CHENNAI SOUTH,Tamil Nadu,Lok Sabha,147000000.0,28530278.0,19.408352380952383,5,25,18246848.0,10283430.0,36.04391797374004,16.666666666666664,20,118469722.0,89587000.0,T Sumathy (A) Thamizhachi Thangapandian ,CHENNAI SOUTH,Tamil Nadu
6a932b5bcd944524379edf2c,Ramvir Singh Bidhuri,SOUTH DELHI,Delhi,Lok Sabha,147559100.0,28849836.0,19.551377041470165,41,82,21147903.0,7701933.0,26.69662662900406,33.33333333333333,41,118709264.0,94894181.0,Ramvir Singh Bidhuri,SOUTH DELHI,Delhi
6a932b5ecd944524379ee299,Shri Samik Bhattacharya (2024-30),Sitting Rajya Sabha,West Bengal,Rajya Sabha,147000000.0,28774223.0,19.57430136054422,10,41,14142226.0,14631997.0,50.85105860199943,19.607843137254903,31,118225777.0,54061880.0,Shri Samik Bhattacharya (2024-30),Sitting Rajya Sabha,West Bengal
6a932b5bcd944524379edfa6,SURESH KUMAR SHETKAR,ZAHIRABAD,Telangana,Lok Sabha,147000000.0,28674768.0,19.506644897959184,64,291,12400782.0,16273986.0,56.75367975078299,18.028169014084508,227,118325232.0,88458654.0,SURESH KUMAR SHETKAR,ZAHIRABAD,Telangana
6a932b5bcd944524379eddd6,Anto Antony,PATHANAMTHITTA,Kerala,Lok Sabha,147000000.0,26984855.0,18.357044217687076,60,296,14782777.0,12202078.0,45.21824556774531,16.853932584269664,236,120015145.0,128891581.0,Anto Antony,PATHANAMTHITTA,Kerala
6a932b5bcd944524379edf73,Shri Kumbakudi Sudhakaran,KANNUR,Kerala,Lok Sabha,147000000.0,26785182.0,18.22121224489796,61,232,18190579.0,8594603.0,32.08715550262081,20.819112627986346,171,120214818.0,95680311.0,Shri Kumbakudi Sudhakaran,KANNUR,Kerala
6a932b5bcd944524379ede7c,Jaswantsinh Sumanbhai Bhabhor,DAHOD,Gujarat,Lok Sabha,147000000.0,26431145.0,17.980370748299322,68,327,20262293.0,6168852.0,23.33932941611118,17.21518987341772,259,120568855.0,103594513.0,Jaswantsinh Sumanbhai Bhabhor,DAHOD,Gujarat
6a932b5bcd944524379eded8,MUKESHKUMAR CHANDRAKAANT DALAL,SURAT,Gujarat,Lok Sabha,147000000.0,26395724.0,17.956274829931974,92,128,22916852.0,3478872.0,13.17968016334767,41.81818181818181,36,120604276.0,94331200.0,MUKESHKUMAR CHANDRAKAANT DALAL,SURAT,Gujarat
6a932b5bcd944524379edf01,Praveen Khandelwal,CHANDINI CHOWK,Delhi,Lok Sabha,147470276.0,26487847.0,17.961481946368636,35,34,18719869.0,7767978.0,29.326573805715505,50.72463768115942,-1,120982429.0,45081082.63,Praveen Khandelwal,CHANDINI CHOWK,Delhi
6a932b5bcd944524379edf55,SHAMBHAVI,SAMASTIPUR,Bihar,Lok Sabha,147000000.0,26689204.0,18.155921088435374,16,111,12853330.0,13835874.0,51.8407143202922,12.598425196850393,95,120310796.0,74800691.0,SHAMBHAVI,SAMASTIPUR,Bihar
6a932b5ecd944524379ee219,Shri Amar Pal Maurya (2024-30),Sitting Rajya Sabha,Uttar Pradesh,Rajya Sabha,147000000.0,26365566.0,17.93575918367347,18,120,14305309.0,12060257.0,45.742454381597575,13.043478260869565,102,120634434.0,80856603.0,Shri Amar Pal Maurya (2024-30),Sitting Rajya Sabha,Uttar Pradesh
6a932b5bcd944524379ede18,CHARANJIT SINGH CHANNI,JALANDHAR,Punjab,Lok Sabha,147000000.0,26344017.0,17.921100000000003,58,151,16142841.0,10201176.0,38.722932801022715,27.751196172248804,93,120655983.0,37905618.0,CHARANJIT SINGH CHANNI,JALANDHAR,Punjab
6a932b5bcd944524379edef9,PRADEEP PUROHIT,BARGARH,Odisha,Lok Sabha,147000000.0,30901278.0,21.021277551020408,42,241,14317223.0,16584055.0,53.667861245091544,14.840989399293287,199,116098722.0,98966800.0,PRADEEP PUROHIT,BARGARH,Odisha
6a932b5bcd944524379edee0,NARESH CHANDRA UTTAM PATEL,FATEHPUR,Uttar Pradesh,Lok Sabha,147000000.0,28783210.0,19.580414965986396,12,74,13540314.0,15242896.0,52.95759576503107,13.953488372093023,62,118216790.0,70305000.0,NARESH CHANDRA UTTAM PATEL,FATEHPUR,Uttar Pradesh
6a932b5bcd944524379edde1,Arvind Ganpat Sawant,MUMBAI SOUTH,Maharashtra,Lok Sabha,147000000.0,28859509.0,19.63231904761905,14,46,20872843.0,7986666.0,27.674296191248438,23.333333333333332,32,118140491.0,89300000.0,Arvind Ganpat Sawant,MUMBAI SOUTH,Maharashtra
6a932b5bcd944524379eddb5,Adv Adoor Prakash ,ATTINGAL,Kerala,Lok Sabha,147000000.0,28617364.0,19.46759455782313,108,337,26454623.0,2162741.0,7.557443096436136,24.269662921348313,229,118382636.0,92678490.0,Adv Adoor Prakash ,ATTINGAL,Kerala
6a932b5bcd944524379edee9,Om Birla,KOTA,Rajasthan,Lok Sabha,163906956.6,28500390.0,17.388151541092064,15,46,12085606.0,16414784.0,57.59494519197808,24.59016393442623,31,135406566.6,38300779.0,Om Birla,KOTA,Rajasthan
6a932b5bcd944524379edf51,SELJA,SIRSA,Haryana,Lok Sabha,147000000.0,26548478.0,18.060189115646256,59,251,12188846.0,14359632.0,54.088343595440755,19.032258064516128,192,120451522.0,91498572.0,SELJA,SIRSA,Haryana
6a932b5bcd944524379edf10,RAHUL GANDHI,RAE BARELI,Uttar Pradesh,Lok Sabha,147000000.0,27068171.0,18.413721768707482,74,118,3829989.0,23238182.0,85.8505807429693,38.54166666666667,44,119931829.0,73979048.0,RAHUL GANDHI,RAE BARELI,Uttar Pradesh
6a932b5bcd944524379edec5,MANISH TEWARI,CHANDIGARH,Chandigarh,Lok Sabha,178351443.75,31091008.0,17.43243976403191,31,81,15427535.0,15663473.0,50.37943124906082,27.67857142857143,50,147260435.75,62442222.0,MANISH TEWARI,CHANDIGARH,Chandigarh
6a932b5bcd944524379edf93,Smt Sandhya Ray,BHIND,Madhya Pradesh,Lok Sabha,147000000.0,25218035.0,17.155125850340134,61,68,12175844.0,13042191.0,51.717713136650026,47.286821705426355,7,121781965.0,57491775.0,Smt Sandhya Ray,BHIND,Madhya Pradesh
6a932b5bcd944524379edfbe,Vijay Kumar Hansdak,RAJMAHAL,Jharkhand,Lok Sabha,147223957.11,28886697.0,19.62092146349319,0,468,0.0,28886697.0,100.0,0.0,468,118337260.11000001,91979000.0,Vijay Kumar Hansdak,RAJMAHAL,Jharkhand
6a932b5ecd944524379ee242,Shri I.S. Inbadurai (2025-31),Sitting Rajya Sabha,Tamil Nadu,Rajya Sabha,89248285.42,15065385.0,16.880307480533332,15,68,8485786.0,6579599.0,43.67362002365024,18.072289156626507,53,74182900.42,54515000.0,Shri I.S. Inbadurai (2025-31),Sitting Rajya Sabha,Tamil Nadu
6a932b5bcd944524379edecd,MIAN ALTAF AHMAD,ANANTNAG,Jammu And Kashmir,Lok Sabha,147000000.0,24523857.0,16.682895918367347,14,113,6935236.0,17588621.0,71.72045164021303,11.023622047244094,99,122476143.0,125950430.0,MIAN ALTAF AHMAD,ANANTNAG,Jammu And Kashmir
6a932b5ecd944524379ee25e,Shri Manan Kumar Mishra (2024-28),Sitting Rajya Sabha,Bihar,Rajya Sabha,235263957.11,38457500.0,16.346532835889864,31,57,30091314.0,8366186.0,21.754367808619904,35.22727272727273,26,196806457.11,56182894.0,Shri Manan Kumar Mishra (2024-28),Sitting Rajya Sabha,Bihar
6a932b5bcd944524379ede6e,Harsh Malhotra,EAST DELHI,Delhi,Lok Sabha,147134131.0,24390277.0,16.5768994822826,51,61,21860766.0,2529511.0,10.370981026578747,45.535714285714285,10,122743854.0,50522084.0,Harsh Malhotra,EAST DELHI,Delhi
6a932b5bcd944524379edee4,NILESH DNYANDEV LANKE,AHMEDNAGAR,Maharashtra,Lok Sabha,147000000.0,23809461.0,16.19691224489796,12,73,16354732.0,7454729.0,31.309944395633316,14.117647058823529,61,123190539.0,91000000.0,NILESH DNYANDEV LANKE,AHMEDNAGAR,Maharashtra
6a932b5bcd944524379ede60,GENIBEN NAGAJI THAKOR,BANASKANTHA,Gujarat,Lok Sabha,147000000.0,26332572.0,17.913314285714286,41,127,16146199.0,10186373.0,38.683547509145704,24.404761904761905,86,120667428.0,61330000.0,GENIBEN NAGAJI THAKOR,BANASKANTHA,Gujarat
6a932b5bcd944524379edf20,RAJPALSINH MAHENDRASINH JADAV,PANCHMAHAL,Gujarat,Lok Sabha,147000000.0,26159198.0,17.795372789115646,89,372,18276551.0,7882647.0,30.13336647400276,19.305856832971802,283,120840802.0,79647900.0,RAJPALSINH MAHENDRASINH JADAV,PANCHMAHAL,Gujarat
6a932b5bcd944524379eddaf,ABDUL RASHID SHEIKH,BARAMULLAH,Jammu And Kashmir,Lok Sabha,154773472.11,27714021.0,17.906182902134027,44,114,20833605.0,6880416.0,24.826480430248647,27.848101265822784,70,127059451.11000001,45098028.46,ABDUL RASHID SHEIKH,BARAMULLAH,Jammu And Kashmir
6a932b5bcd944524379ede32,Dilip Saikia,Darrang-Udalguri,Assam,Lok Sabha,147000000.0,26110389.0,17.762169387755105,5,225,1700000.0,24410389.0,93.48918164336808,2.1739130434782608,220,120889611.0,72150000.0,Dilip Saikia,Darrang-Udalguri,Assam
6a932b5bcd944524379edf67,Shri Benny Behanan,CHALAKUDY,Kerala,Lok Sabha,164674770.11,28691022.0,17.42284017207668,13,157,12792868.0,15898154.0,55.4115987921239,7.647058823529412,144,135983748.11,116225562.0,Shri Benny Behanan,CHALAKUDY,Kerala
6a932b5ecd944524379ee27a,Shri Praful Patel (2024-30),Sitting Rajya Sabha,Maharashtra,Rajya Sabha,147000000.0,25340576.0,17.23848707482993,22,95,15664898.0,9675678.0,38.18254959950397,18.803418803418804,73,121659424.0,64852944.0,Shri Praful Patel (2024-30),Sitting Rajya Sabha,Maharashtra
6a932b5bcd944524379edde3,ASHISH DUBEY,JABALPUR,Madhya Pradesh,Lok Sabha,147000000.0,23263814.0,15.82572380952381,15,328,4832336.0,18431478.0,79.22810077487725,4.373177842565598,313,123736186.0,86566957.0,ASHISH DUBEY,JABALPUR,Madhya Pradesh
6a932b5bcd944524379edee5,NIMUBEN JAYANTIBHAI BAMBHANIYA,BHAVNAGAR,Gujarat,Lok Sabha,147000000.0,25662379.0,17.45740068027211,28,34,19168805.0,6493574.0,25.303866021151038,45.16129032258064,6,121337621.0,47989338.0,NIMUBEN JAYANTIBHAI BAMBHANIYA,BHAVNAGAR,Gujarat
6a932b5bcd944524379ede10,C.M.RAMESH,ANAKAPALLE,Andhra Pradesh,Lok Sabha,202531656.11,36002667.0,17.776315906114966,20,75,19053089.0,16949578.0,47.07867336605924,21.052631578947366,55,166528989.11,62424007.0,C.M.RAMESH,ANAKAPALLE,Andhra Pradesh
6a932b5ecd944524379ee209,Dr. Sasmit Patra (2022-28),Sitting Rajya Sabha,Odisha,Rajya Sabha,196063957.11,31000333.0,15.81133700295946,42,263,21585064.0,9415269.0,30.371509235078214,13.77049180327869,221,165063624.11,130627195.0,Dr. Sasmit Patra (2022-28),Sitting Rajya Sabha,Odisha
6a932b5ecd944524379ee25b,Shri Mahendra Bhatt (2024-30),Sitting Rajya Sabha,Uttarakhand,Rajya Sabha,147000000.0,23254909.0,15.819665986394558,11,108,11203014.0,12051895.0,51.82516517265236,9.243697478991598,97,123745091.0,79239594.0,Shri Mahendra Bhatt (2024-30),Sitting Rajya Sabha,Uttarakhand
6a932b5ecd944524379ee24c,Shri Jose K. Mani (2024-30),Sitting Rajya Sabha,Kerala,Rajya Sabha,122500000.0,19384930.0,15.824432653061224,27,153,10476923.0,8908007.0,45.95325853639915,15.0,126,103115070.0,81302300.0,Shri Jose K. Mani (2024-30),Sitting Rajya Sabha,Kerala
6a932b5bcd944524379edde8,AVIMANYU SETHI,BHADRAK,Odisha,Lok Sabha,147000000.0,23107575.0,15.719438775510202,27,251,10250000.0,12857575.0,55.64225151276151,9.712230215827338,224,123892425.0,82645000.0,AVIMANYU SETHI,BHADRAK,Odisha
6a932b5bcd944524379ede34,DINESHBHAI MAKWANA,AHMEDABAD WEST,Gujarat,Lok Sabha,160434965.11,25122452.0,15.658963108680915,2,205,8122452.0,17000000.0,67.6685540089797,0.966183574879227,203,135312513.11,81689955.0,DINESHBHAI MAKWANA,AHMEDABAD WEST,Gujarat
6a932b5bcd944524379edea0,Khalilur Rahaman ,JANGIPUR,West Bengal,Lok Sabha,147000000.0,23028217.0,15.665453741496599,31,76,19089367.0,3938850.0,17.104450596413955,28.971962616822427,45,123971783.0,59281000.0,Khalilur Rahaman ,JANGIPUR,West Bengal
6a932b5bcd944524379edfb8,Vaithilingam Ve,Puducherry,Puducherry,Lok Sabha,209368972.11,33557935.0,16.028131896434516,13,62,21280551.0,12277384.0,36.58563615431045,17.333333333333336,49,175811037.11,119674000.0,Vaithilingam Ve,Puducherry,Puducherry
6a932b5bcd944524379edf7a,Shri Sarbananda Sonowal (18LS),DIBRUGARH,Assam,Lok Sabha,147000000.0,23919705.0,16.271908163265305,3,84,2842773.0,21076932.0,88.11535092092481,3.4482758620689653,81,123080295.0,91200000.0,Shri Sarbananda Sonowal (18LS),DIBRUGARH,Assam
6a932b5bcd944524379edea9,Krishan Pal Gurjar,FARIDABAD,Haryana,Lok Sabha,147000000.0,23658961.0,16.094531292517004,6,76,4454659.0,19204302.0,81.1713667392241,7.317073170731707,70,123341039.0,63607185.0,Krishan Pal Gurjar,FARIDABAD,Haryana
6a932b5bcd944524379edeb1,LAXMIKANT PAPPU NISHAD,SANT KABIR NAGAR,Uttar Pradesh,Lok Sabha,147000000.0,23806477.0,16.19488231292517,2,503,1998365.0,21808112.0,91.60579282688488,0.39603960396039606,501,123193523.0,103609923.0,LAXMIKANT PAPPU NISHAD,SANT KABIR NAGAR,Uttar Pradesh
6a932b5bcd944524379edf96,Smt Supriya Sadanand Sule,BARAMATI,Maharashtra,Lok Sabha,147000000.0,25041557.0,17.035072789115645,10,116,7738002.0,17303555.0,69.09935751998168,7.936507936507936,106,121958443.0,82700000.0,Smt Supriya Sadanand Sule,BARAMATI,Maharashtra
6a932b5bcd944524379edf8f,Smt Poonamben Hematbhai Maadam,JAMNAGAR,Gujarat,Lok Sabha,147000000.0,25917848.0,17.631189115646258,45,134,19856441.0,6061407.0,23.38699956879136,25.139664804469277,89,121082152.0,64725400.0,Smt Poonamben Hematbhai Maadam,JAMNAGAR,Gujarat
6a932b5bcd944524379ede3f,Dr Sukanta Majumdar ,BALURGHAT,West Bengal,Lok Sabha,157085364.9,26156776.0,16.651313135791685,33,153,16283854.0,9872922.0,37.74517929885548,17.741935483870968,120,130928588.9,69406747.8,Dr Sukanta Majumdar ,BALURGHAT,West Bengal
6a932b5bcd944524379ede58,G. KUMAR NAIK,RAICHUR,Karnataka,Lok Sabha,147000000.0,23521564.0,16.00106394557823,9,119,6475548.0,17046016.0,72.46973883199263,7.03125,110,123478436.0,89000000.0,G. KUMAR NAIK,RAICHUR,Karnataka
6a932b5ecd944524379ee281,Shri Raghav Chadha (2022-28),Sitting Rajya Sabha,Punjab,Rajya Sabha,237229207.25,34558312.0,14.567477757315652,4,2,7086378.0,27471934.0,79.49443248269765,66.66666666666666,-2,202670895.25,37500000.0,Shri Raghav Chadha (2022-28),Sitting Rajya Sabha,Punjab
6a932b5bcd944524379edf26,RAMASAHAYAM RAGHURAM REDDY,KHAMMAM,Telangana,Lok Sabha,147000000.0,21423748.0,14.573978231292518,18,194,8211610.0,13212138.0,61.67052562418116,8.49056603773585,176,125576252.0,67270000.0,RAMASAHAYAM RAGHURAM REDDY,KHAMMAM,Telangana
6a932b5bcd944524379ede4c,DR. SHARMILA SARKAR,BARDHAMAN PURBA,West Bengal,Lok Sabha,147000000.0,21224009.0,14.438101360544216,17,94,13306505.0,7917504.0,37.30446966923167,15.315315315315313,77,125775991.0,73395832.0,DR. SHARMILA SARKAR,BARDHAMAN PURBA,West Bengal
6a932b5ecd944524379ee2c8,Smt. Rekha Sharma (2024-28),Sitting Rajya Sabha,Haryana,Rajya Sabha,98000000.0,14183077.0,14.47252755102041,1,144,487913.0,13695164.0,96.55989317409755,0.6896551724137931,143,83816923.0,77941585.0,Smt. Rekha Sharma (2024-28),Sitting Rajya Sabha,Haryana
6a932b5ecd944524379ee23f,Shri Haris Beeran (2024-30),Sitting Rajya Sabha,Kerala,Rajya Sabha,122500000.0,17480985.0,14.270191836734694,9,207,9042179.0,8438806.0,48.27420193999365,4.166666666666666,198,105019015.0,94793500.0,Shri Haris Beeran (2024-30),Sitting Rajya Sabha,Kerala
6a932b5bcd944524379edec6,MANJU SHARMA,JAIPUR,Rajasthan,Lok Sabha,167082901.11,23994861.0,14.36105121505093,15,54,14282689.0,9712172.0,40.47605026759688,21.73913043478261,39,143088040.11,93561248.0,MANJU SHARMA,JAIPUR,Rajasthan
6a932b5bcd944524379edf7d,Shri Sudheer Gupta ,MANDSOUR,Madhya Pradesh,Lok Sabha,148988014.83,21420844.0,14.377561862571199,60,163,8994846.0,12425998.0,58.0089094528675,26.905829596412556,103,127567170.83000001,32774246.0,Shri Sudheer Gupta ,MANDSOUR,Madhya Pradesh
6a932b5bcd944524379eddba,AGA SYED RUHULLAH MEHDI,SRINAGAR,Jammu And Kashmir,Lok Sabha,147000000.0,20822671.0,14.16508231292517,62,136,19392971.0,1429700.0,6.866074001745501,31.313131313131315,74,126177329.0,64868830.1,AGA SYED RUHULLAH MEHDI,SRINAGAR,Jammu And Kashmir
6a932b5bcd944524379edefb,Pralhad Venkatesh Joshi,DHARWAD,Karnataka,Lok Sabha,147000000.0,20761060.0,14.12317006802721,28,174,12859023.0,7902037.0,38.061818616197826,13.861386138613863,146,126238940.0,82850000.0,Pralhad Venkatesh Joshi,DHARWAD,Karnataka
6a932b5bcd944524379eddf6,Bansuri Swaraj,NEW DELHI,Delhi,Lok Sabha,154306950.0,21775293.0,14.111673518269916,41,69,19856755.0,1918538.0,8.810618529909103,37.27272727272727,28,132531657.0,60944086.0,Bansuri Swaraj,NEW DELHI,Delhi
6a932b5ecd944524379ee2bc,Smt. Jaya Amitabh Bachchan (2024-30),Sitting Rajya Sabha,Uttar Pradesh,Rajya Sabha,147000000.0,21904185.0,14.900806122448978,10,13,19565958.0,2338227.0,10.674795706847801,43.47826086956522,3,125095815.0,22444000.0,Smt. Jaya Amitabh Bachchan (2024-30),Sitting Rajya Sabha,Uttar Pradesh
6a932b5bcd944524379edee8,Nityanand Rai,UJJARPUR,Bihar,Lok Sabha,147000000.0,22994739.0,15.642679591836734,40,54,16494739.0,6500000.0,28.267335410938998,42.5531914893617,14,124005261.0,40416300.0,Nityanand Rai,UJJARPUR,Bihar
6a932b5bcd944524379edf6d,Shri Hibi Eden,ERNAKULAM,Kerala,Lok Sabha,162177260.11,24928980.0,15.37143985728419,18,94,20145979.0,4783001.0,19.186509034866248,16.071428571428573,76,137248280.11,119571692.0,Shri Hibi Eden,ERNAKULAM,Kerala
6a932b5bcd944524379edeea,Omprakash Bhupalsinh Alias Pawan Rajenimbalkar,OSMANABAD,Maharashtra,Lok Sabha,184758519.11,27342263.0,14.798918681374138,29,164,19682980.0,7659283.0,28.012615488337595,15.025906735751295,135,157416256.11,114198899.0,Omprakash Bhupalsinh Alias Pawan Rajenimbalkar,OSMANABAD,Maharashtra
6a932b5bcd944524379eded9,MURARI LAL MEENA,DAUSA,Rajasthan,Lok Sabha,147000000.0,19705174.0,13.404880272108844,16,96,10249548.0,9455626.0,47.9854986309687,14.285714285714285,80,127294826.0,70020089.0,MURARI LAL MEENA,DAUSA,Rajasthan
6a932b5bcd944524379edfc4,VISHAL,SANGLI,Maharashtra,Lok Sabha,147000000.0,19819890.0,13.482918367346938,11,73,10964597.0,8855293.0,44.6788201145415,13.095238095238097,62,127180110.0,79929374.0,VISHAL,SANGLI,Maharashtra
6a932b5bcd944524379edf5a,SHIVMANGAL SINGH TOMAR,MORENA,Madhya Pradesh,Lok Sabha,147000000.0,20290158.0,13.802828571428572,28,38,7818529.0,12471629.0,61.46639666384066,42.42424242424242,10,126709842.0,30953696.0,SHIVMANGAL SINGH TOMAR,MORENA,Madhya Pradesh
6a932b5bcd944524379eddc7,Amol Ramsing Kolhe,SHIRUR,Maharashtra,Lok Sabha,147000000.0,20561770.0,13.987598639455781,15,96,14981153.0,5580617.0,27.140742261001847,13.513513513513514,81,126438230.0,91000000.0,Amol Ramsing Kolhe,SHIRUR,Maharashtra
6a932b5ecd944524379ee263,Shri Mayankkumar Nayak (2024-30),Sitting Rajya Sabha,Gujarat,Rajya Sabha,147000000.0,19560868.0,13.306712925170066,20,151,9196089.0,10364779.0,52.98731630927625,11.695906432748536,131,127439132.0,83158160.0,Shri Mayankkumar Nayak (2024-30),Sitting Rajya Sabha,Gujarat
6a932b5bcd944524379ede01,BHAUSAHEB RAJARAM WAKCHAURE,SHIRDI,Maharashtra,Lok Sabha,147000000.0,19420448.0,13.211189115646258,11,126,8130314.0,11290134.0,58.13529121470318,8.02919708029197,115,127579552.0,88648500.0,BHAUSAHEB RAJARAM WAKCHAURE,SHIRDI,Maharashtra
6a932b5bcd944524379edf47,Sanjay Uttamrao Deshmukh,YAVATMAL-WASHIM,Maharashtra,Lok Sabha,185640423.0,24518118.0,13.207316382811731,23,101,14389957.0,10128161.0,41.30888431159357,18.548387096774192,78,161122305.0,69377331.87,Sanjay Uttamrao Deshmukh,YAVATMAL-WASHIM,Maharashtra
6a932b5bcd944524379ededf,NARAYAN TATU RANE,RATNAGIRI-SINDHUDURG,Maharashtra,Lok Sabha,147000000.0,22993974.0,15.642159183673469,25,70,17520224.0,5473750.0,23.805149992776368,26.31578947368421,45,124006026.0,67500000.0,NARAYAN TATU RANE,RATNAGIRI-SINDHUDURG,Maharashtra
6a932b5bcd944524379edf2e,Rao Inderjit Singh,GURGAON,Haryana,Lok Sabha,147000000.0,22744840.0,15.472680272108844,14,34,15180698.0,7564142.0,33.25651884119651,29.166666666666668,20,124255160.0,34571723.0,Rao Inderjit Singh,GURGAON,Haryana
6a932b5ecd944524379ee283,Shri Rajeev Shukla (2022-28),Sitting Rajya Sabha,Chhattisgarh,Rajya Sabha,271174394.23,40599928.0,14.971888520405304,4,26,31540000.0,9059928.0,22.315133169694292,13.333333333333334,22,230574466.23000002,20440000.0,Shri Rajeev Shukla (2022-28),Sitting Rajya Sabha,Chhattisgarh
6a932b5ecd944524379ee273,Shri P. P. Suneer (2024-30),Sitting Rajya Sabha,Kerala,Rajya Sabha,122500000.0,18439441.0,15.052604897959185,19,69,10661718.0,7777723.0,42.179819876318376,21.59090909090909,50,104060559.0,70106250.0,Shri P. P. Suneer (2024-30),Sitting Rajya Sabha,Kerala
6a932b5bcd944524379ede42,DR. KIRSAN NAMDEO,GADCHIROLI-CHIMUR,Maharashtra,Lok Sabha,147000000.0,22599453.0,15.37377755102041,18,148,16072206.0,6527247.0,28.88232294825897,10.843373493975903,130,124400547.0,119450000.0,DR. KIRSAN NAMDEO,GADCHIROLI-CHIMUR,Maharashtra
6a932b5bcd944524379ede07,BIBHU PRASAD TARAI,JAGATSINGHPUR,Odisha,Lok Sabha,147000000.0,16233683.0,11.043321768707482,15,324,4139608.0,12094075.0,74.49988397580512,4.424778761061947,309,130766317.0,132050000.0,BIBHU PRASAD TARAI,JAGATSINGHPUR,Odisha
6a932b5ecd944524379ee253,Shri Kesridevsinh Jhala (2023-29),Sitting Rajya Sabha,Gujarat,Rajya Sabha,171500000.0,26513551.0,15.459796501457726,21,123,11956415.0,14557136.0,54.90451279045949,14.583333333333334,102,144986449.0,106230700.0,Shri Kesridevsinh Jhala (2023-29),Sitting Rajya Sabha,Gujarat
6a932b5bcd944524379ede9d,KARTICK CHANDRA PAUL,RAIGANJ,West Bengal,Lok Sabha,202677986.56,28148611.0,13.888341540074947,99,302,25731440.0,2417171.0,8.587176823751623,24.688279301745634,203,174529375.56,124881703.0,KARTICK CHANDRA PAUL,RAIGANJ,West Bengal
6a932b5bcd944524379eddda,Appalanaidu Kalisetti,VIZIANAGARAM,Andhra Pradesh,Lok Sabha,147000000.0,22325622.0,15.187497959183673,36,67,13915411.0,8410211.0,37.67066825730544,34.95145631067961,31,124674378.0,40207504.0,Appalanaidu Kalisetti,VIZIANAGARAM,Andhra Pradesh
6a932b5ecd944524379ee274,Shri P. Wilson (2025-31),Sitting Rajya Sabha,Tamil Nadu,Rajya Sabha,89248285.42,9998159.0,11.20263426120618,1,34,4998159.0,5000000.0,50.009206694952546,2.857142857142857,33,79250126.42,74400000.0,Shri P. Wilson (2025-31),Sitting Rajya Sabha,Tamil Nadu
6a932b5bcd944524379edfb9,VAMSI KRISHNA GADDAM,PEDDAPALLE,Telangana,Lok Sabha,148451721.11,16373473.0,11.029493546839754,9,62,7049840.0,9323633.0,56.943526886446136,12.676056338028168,53,132078248.11000001,38839779.0,VAMSI KRISHNA GADDAM,PEDDAPALLE,Telangana
6a932b5bcd944524379edfa4,SURESH GOPI,THRISSUR,Kerala,Lok Sabha,147000000.0,16001891.0,10.885640136054421,15,75,13209096.0,2792795.0,17.45290603466803,16.666666666666664,60,130998109.0,103417016.0,SURESH GOPI,THRISSUR,Kerala
6a932b5bcd944524379edf82,SHRIMANT CHH UDAYANRAJE PRATAPSINHAMAHARAJ BHONSLE,SATARA,Maharashtra,Lok Sabha,147000000.0,16135149.0,10.976291836734694,16,118,11976649.0,4158500.0,25.772925927117253,11.940298507462686,102,130864851.0,84900000.0,SHRIMANT CHH UDAYANRAJE PRATAPSINHAMAHARAJ BHONSLE,SATARA,Maharashtra
6a932b5bcd944524379edfba,VARUN CHAUDHRY,AMBALA,Haryana,Lok Sabha,255454264.0,28023758.0,10.97016646392718,3,154,706632.0,27317126.0,97.47845381765,1.910828025477707,151,227430506.0,125088576.0,VARUN CHAUDHRY,AMBALA,Haryana
6a932b5ecd944524379ee26a,Shri Narain Dass Gupta (2024-30),Sitting Rajya Sabha,Delhi,Rajya Sabha,160837070.0,24703922.0,15.359594650661071,11,41,18500703.0,6203219.0,25.11025982028279,21.153846153846153,30,136133148.0,55292852.0,Shri Narain Dass Gupta (2024-30),Sitting Rajya Sabha,Delhi
6a932b5ecd944524379ee292,Shri S Niranjan Reddy (2022-28),Sitting Rajya Sabha,Andhra Pradesh,Rajya Sabha,224621383.11,29522116.0,13.143056814650025,3,16,5657203.0,23864913.0,80.83740677666871,15.789473684210526,13,195099267.11,57137500.0,Shri S Niranjan Reddy (2022-28),Sitting Rajya Sabha,Andhra Pradesh
6a932b5ecd944524379ee21d,Shri Ashok Singh (2024-30),Sitting Rajya Sabha,Madhya Pradesh,Rajya Sabha,147000000.0,18068265.0,12.291336734693878,11,99,5151752.0,12916513.0,71.48729000819945,10.0,88,128931735.0,46426143.0,Shri Ashok Singh (2024-30),Sitting Rajya Sabha,Madhya Pradesh
6a932b5bcd944524379eddd9,Anurag Singh Thakur,HAMIRPUR,Himachal Pradesh,Lok Sabha,149570117.11,18576823.0,12.42014338087189,45,162,6497496.0,12079327.0,65.02364263254272,21.73913043478261,117,130993294.11000001,26632702.0,Anurag Singh Thakur,HAMIRPUR,Himachal Pradesh
6a932b5bcd944524379edec8,MANOHAR LAL,KARNAL,Haryana,Lok Sabha,147000000.0,16619897.0,11.30605238095238,1,19,495787.0,16124110.0,97.01690690381535,5.0,18,130380103.0,30518470.0,MANOHAR LAL,KARNAL,Haryana
6a932b5bcd944524379ededb,MURLIDHAR MOHOL,PUNE,Maharashtra,Lok Sabha,147000000.0,18945481.0,12.88808231292517,12,87,11996657.0,6948824.0,36.678002527357314,12.121212121212121,75,128054519.0,134500000.0,MURLIDHAR MOHOL,PUNE,Maharashtra
6a932b5bcd944524379eddef,BAIJAYANT PANDA,KENDRAPARA,Odisha,Lok Sabha,147000000.0,17127535.0,11.651384353741497,8,48,6418056.0,10709479.0,62.52784770254447,14.285714285714285,40,129872465.0,82470000.0,BAIJAYANT PANDA,KENDRAPARA,Odisha
6a932b5bcd944524379edeab,Krishna Prasad Tenneti,BAPATLA,Andhra Pradesh,Lok Sabha,167796849.11,17516616.0,10.43918052866231,6,118,2878395.0,14638221.0,83.56763087116826,4.838709677419355,112,150280233.11,103730000.0,Krishna Prasad Tenneti,BAPATLA,Andhra Pradesh
6a932b5bcd944524379ede2d,DHANORKAR PRATIBHA SURESH ALIAS BALUBHAU,CHANDRAPUR,Maharashtra,Lok Sabha,147000000.0,14990871.0,10.197871428571428,7,69,7831889.0,7158982.0,47.75561073135777,9.210526315789473,62,132009129.0,88300000.0,DHANORKAR PRATIBHA SURESH ALIAS BALUBHAU,CHANDRAPUR,Maharashtra
6a932b5bcd944524379edded,BACHHAV SHOBHA DINESH,DHULE,Maharashtra,Lok Sabha,147000000.0,15115446.0,10.282616326530611,15,79,14191877.0,923569.0,6.11010088620607,15.957446808510639,64,131884554.0,88498032.0,BACHHAV SHOBHA DINESH,DHULE,Maharashtra
6a932b5bcd944524379ede53,E. TUKARAM,BELLARY,Karnataka,Lok Sabha,147000000.0,14871722.0,10.11681768707483,2,89,988344.0,13883378.0,93.35420605629933,2.197802197802198,87,132128278.0,97000000.0,E. TUKARAM,BELLARY,Karnataka
6a932b5bcd944524379ede22,Daggubati Purandeshwari,RAJAHMUNDRY,Andhra Pradesh,Lok Sabha,147000000.0,14394558.0,9.792216326530612,3,26,4989014.0,9405544.0,65.34097121981793,10.344827586206897,23,132605442.0,85500000.0,Daggubati Purandeshwari,RAJAHMUNDRY,Andhra Pradesh
6a932b5bcd944524379edf54,SHAFI PARAMBIL,VADAKARA,Kerala,Lok Sabha,147000000.0,15909800.0,10.822993197278912,15,228,1512000.0,14397800.0,90.49642358797723,6.172839506172839,213,131090200.0,101041500.0,SHAFI PARAMBIL,VADAKARA,Kerala
6a932b5bcd944524379edf25,Ram Shiromani,SHRAWASTI,Uttar Pradesh,Lok Sabha,151746878.11,16300060.0,10.741611427540686,0,1356,0.0,16300060.0,100.0,0.0,1356,135446818.11,89840310.0,Ram Shiromani,SHRAWASTI,Uttar Pradesh
6a932b5bcd944524379edf3e,SAGAR ESHWAR KHANDRE,BIDAR,Karnataka,Lok Sabha,147000000.0,15422826.0,10.49171836734694,5,173,1850747.0,13572079.0,87.99994890689943,2.8089887640449436,168,131577174.0,94031500.0,SAGAR ESHWAR KHANDRE,BIDAR,Karnataka
6a932b5ecd944524379ee239,Shri Golla Baburao (2024-30),Sitting Rajya Sabha,Andhra Pradesh,Rajya Sabha,147000000.0,19348372.0,13.162157823129252,2,42,1998433.0,17349939.0,89.6713118809169,4.545454545454546,40,127651628.0,36520000.0,Shri Golla Baburao (2024-30),Sitting Rajya Sabha,Andhra Pradesh
6a932b5ecd944524379ee20e,Dr. V. Sivadasan (2021-27),Sitting Rajya Sabha,Kerala,Rajya Sabha,276720323.27,24863346.0,8.985009017838014,14,49,8594508.0,16268838.0,65.43301935306695,22.22222222222222,35,251856977.26999998,182339000.0,Dr. V. Sivadasan (2021-27),Sitting Rajya Sabha,Kerala
6a932b5bcd944524379edf83,Shripad Yesso Naik,NORTH GOA,Goa,Lok Sabha,147000000.0,15476370.0,10.528142857142857,1,110,3108723.0,12367647.0,79.91309977727336,0.9009009009009009,109,131523630.0,132375767.3,Shripad Yesso Naik,NORTH GOA,Goa
6a932b5bcd944524379edecb,Manoj Tiwari,NORTH EAST DELHI,Delhi,Lok Sabha,225843858.0,28650238.0,12.685861042986609,6,17,5756284.0,22893954.0,79.90842519353592,26.08695652173913,11,197193620.0,99270603.0,Manoj Tiwari,NORTH EAST DELHI,Delhi
6a932b5bcd944524379ede0b,BISHNU PADA RAY,ANDAMAN AND NICOBAR ISLANDS,Andaman And Nicobar Islands,Lok Sabha,147000000.0,15498347.0,10.543093197278912,0,27,0.0,15498347.0,100.0,0.0,27,131501653.0,75115803.0,BISHNU PADA RAY,ANDAMAN AND NICOBAR ISLANDS,Andaman And Nicobar Islands
6a932b5bcd944524379ede55,EATALA RAJENDER,MALKAJGIRI,Telangana,Lok Sabha,327477390.86,34708670.0,10.598798869396854,29,268,16792312.0,17916358.0,51.619258242969266,9.764309764309765,239,292768720.86,224097500.0,EATALA RAJENDER,MALKAJGIRI,Telangana
6a932b5bcd944524379eddfc,BHARAT SINGH KUSHWAH,GWALIOR,Madhya Pradesh,Lok Sabha,151455276.04,13426652.0,8.865093611168726,4,112,2987672.0,10438980.0,77.7481981360655,3.4482758620689653,108,138028624.04,74813257.0,BHARAT SINGH KUSHWAH,GWALIOR,Madhya Pradesh
6a932b5bcd944524379ede95,Kamaljeet Sehrawat,WEST DELHI,Delhi,Lok Sabha,147000000.0,13075365.0,8.89480612244898,31,32,12116129.0,959236.0,7.336208205277635,49.2063492063492,1,133924635.0,72611679.0,Kamaljeet Sehrawat,WEST DELHI,Delhi
6a932b5bcd944524379edeb8,Magunta Sreenivasulu Reddy,ONGOLE,Andhra Pradesh,Lok Sabha,147000000.0,11878734.0,8.08077142857143,1,18,2500000.0,9378734.0,78.95398617394748,5.263157894736842,17,135121266.0,20085400.0,Magunta Sreenivasulu Reddy,ONGOLE,Andhra Pradesh
6a932b5bcd944524379ede94,KAMAKHYA PRASAD TASA,Kaziranga,Assam,Lok Sabha,147000000.0,13130033.0,8.931995238095238,0,88,0.0,13130033.0,100.0,0.0,88,133869967.0,88319000.0,KAMAKHYA PRASAD TASA,Kaziranga,Assam
6a932b5bcd944524379edf32,Ravindra Shyamnarayan Alias Ravi Kishan Shukla,GORAKHPUR,Uttar Pradesh,Lok Sabha,147000000.0,12572509.0,8.552727210884353,0,9,0.0,12572509.0,100.0,0.0,9,134427491.0,21318500.0,Ravindra Shyamnarayan Alias Ravi Kishan Shukla,GORAKHPUR,Uttar Pradesh
6a932b5bcd944524379edfa9,TANGELLA UDAY SRINIVAS,KAKINADA,Andhra Pradesh,Lok Sabha,199417886.76,16907864.0,8.47860955439201,6,16,13752233.0,3155631.0,18.66368809212092,27.27272727272727,10,182510022.76,25660000.0,TANGELLA UDAY SRINIVAS,KAKINADA,Andhra Pradesh
6a932b5bcd944524379ede39,Dr Jayanta Kumar Roy,JALPAIGURI,West Bengal,Lok Sabha,147000000.0,12082736.0,8.219548299319728,2,16,5863559.0,6219177.0,51.47159550618336,11.11111111111111,14,134917264.0,24678834.0,Dr Jayanta Kumar Roy,JALPAIGURI,West Bengal
6a932b5bcd944524379ede44,DR. M.P ABDUSSAMAD SAMADANI,PONNANI,Kerala,Lok Sabha,170434031.11,15076499.0,8.845944029962807,48,276,11730005.0,3346494.0,22.196758013912913,14.814814814814813,228,155357532.11,138034000.0,DR. M.P ABDUSSAMAD SAMADANI,PONNANI,Kerala
6a932b5bcd944524379edf71,Shri Jyotirmay Singh Mahato ,PURULIA,West Bengal,Lok Sabha,147000000.0,11711831.0,7.967231972789116,15,92,5667015.0,6044816.0,51.61290322580645,14.018691588785046,77,135288169.0,65654737.0,Shri Jyotirmay Singh Mahato ,PURULIA,West Bengal
6a932b5bcd944524379eddf2,Balashowry Vallabbhaneni,MACHILIPATNAM,Andhra Pradesh,Lok Sabha,147000000.0,14363941.0,9.77138843537415,9,52,3302774.0,11061167.0,77.00649146358927,14.754098360655737,43,132636059.0,38066000.0,Balashowry Vallabbhaneni,MACHILIPATNAM,Andhra Pradesh
6a932b5bcd944524379edf88,SMITA UDAY WAGH,JALGAON,Maharashtra,Lok Sabha,148107373.11,14030677.0,9.473314329583951,9,1,14030677.0,0.0,0.0,90.0,-8,134076696.11000001,2000000.0,SMITA UDAY WAGH,JALGAON,Maharashtra
6a932b5bcd944524379eddf1,BALABHADRA MAJHI,NABARANGPUR,Odisha,Lok Sabha,147413962.11,14970212.0,10.155219889435749,20,200,8646556.0,6323656.0,42.24159283783022,9.090909090909092,180,132443750.11000001,89300000.0,BALABHADRA MAJHI,NABARANGPUR,Odisha
6a932b5bcd944524379edf06,Prof Sougata Ray,DUM DUM,West Bengal,Lok Sabha,147000000.0,14046615.0,9.555520408163265,12,40,7819386.0,6227229.0,44.3325954331346,23.076923076923077,28,132953385.0,49132270.0,Prof Sougata Ray,DUM DUM,West Bengal
6a932b5bcd944524379edf2f,Rao Rajendra Singh,JAIPUR RURAL,Rajasthan,Lok Sabha,147000000.0,14160844.0,9.633227210884353,10,94,7169783.0,6991061.0,49.36895710453417,9.615384615384617,84,132839156.0,63840000.0,Rao Rajendra Singh,JAIPUR RURAL,Rajasthan
6a932b5bcd944524379edf05,PRIYANKA SATISH JARKIHOLI,CHIKKODI,Karnataka,Lok Sabha,147000000.0,17958285.0,12.216520408163266,16,143,11270925.0,6687360.0,37.23829975969309,10.062893081761008,127,129041715.0,81000000.0,PRIYANKA SATISH JARKIHOLI,CHIKKODI,Karnataka
6a932b5bcd944524379ede48,DR. PRASHANT YADAORAO PADOLE,BHANDARA-GONDIYA,Maharashtra,Lok Sabha,159680283.39,14961080.0,9.369397199439678,8,144,5272033.0,9689047.0,64.76168164330383,5.263157894736842,136,144719203.39,129620000.0,DR. PRASHANT YADAORAO PADOLE,BHANDARA-GONDIYA,Maharashtra
6a932b5bcd944524379edf2a,Ramesh Chandappa Jigajinagi,BIJAPUR,Karnataka,Lok Sabha,269500000.0,24205222.0,8.981529499072357,0,362,0.0,24205222.0,100.0,0.0,362,245294778.0,141881000.0,Ramesh Chandappa Jigajinagi,BIJAPUR,Karnataka
6a932b5bcd944524379eddd3,ANITA SUBHADARSHINI,ASKA,Odisha,Lok Sabha,147000000.0,13418448.0,9.128195918367348,17,123,7200000.0,6218448.0,46.34252783928514,12.142857142857142,106,133581552.0,42500000.0,ANITA SUBHADARSHINI,ASKA,Odisha
6a932b5ecd944524379ee21f,Shri Ashwini Vaishnaw (2024-30),Sitting Rajya Sabha,Odisha,Rajya Sabha,265563957.11,20469117.0,7.707791833935292,4,13,4178264.0,16290853.0,79.587473167504,23.52941176470588,9,245094840.11,129119600.0,Shri Ashwini Vaishnaw (2024-30),Sitting Rajya Sabha,Odisha
6a932b5bcd944524379edf62,Shri Amit Shah,GANDHINAGAR,Gujarat,Lok Sabha,147000000.0,11529274.0,7.8430435374149665,22,96,4147274.0,7382000.0,64.02831609345047,18.64406779661017,74,135470726.0,49010000.0,Shri Amit Shah,GANDHINAGAR,Gujarat
6a932b5ecd944524379ee25f,Shri Manas Ranjan Mangaraj (2022-28),Sitting Rajya Sabha,Odisha,Rajya Sabha,196063957.11,13305000.0,6.7860509377230125,23,105,9405000.0,3900000.0,29.312288613303267,17.96875,82,182758957.11,54580000.0,Shri Manas Ranjan Mangaraj (2022-28),Sitting Rajya Sabha,Odisha
6a932b5bcd944524379ede75,JAGADISH SHETTAR,BELGAUM,Karnataka,Lok Sabha,147000000.0,9847651.0,6.69908231292517,1,171,499705.0,9347946.0,94.92564267356754,0.5813953488372093,170,137152349.0,93500000.0,JAGADISH SHETTAR,BELGAUM,Karnataka
6a932b5bcd944524379edeca,MANOJ TIGGA,ALIPURDUARS,West Bengal,Lok Sabha,147000000.0,11379773.0,7.741342176870749,0,90,0.0,11379773.0,100.0,0.0,90,135620227.0,97792187.95,MANOJ TIGGA,ALIPURDUARS,West Bengal
6a932b5bcd944524379edf98,Sribharat MathuKumli,VISAKHAPATNAM,Andhra Pradesh,Lok Sabha,164841922.0,10903207.0,6.614341101895184,0,40,0.0,10903207.0,100.0,0.0,40,153938715.0,84715000.0,Sribharat MathuKumli,VISAKHAPATNAM,Andhra Pradesh
6a932b5bcd944524379edeeb,P C Mohan,BANGALORE CENTRAL,Karnataka,Lok Sabha,159995711.11,10439505.0,6.5248655276907055,2,17,5339505.0,5100000.0,48.8528910135107,10.526315789473683,15,149556206.11,20587500.0,P C Mohan,BANGALORE CENTRAL,Karnataka
6a932b5bcd944524379edf78,Shri PP Chaudhary,PALI,Rajasthan,Lok Sabha,147000000.0,13376714.0,9.099805442176871,8,34,5035442.0,8341272.0,62.35665949051463,19.047619047619047,26,133623286.0,26657000.0,Shri PP Chaudhary,PALI,Rajasthan
6a932b5bcd944524379ede73,ISHA KHAN CHOUDHURY,MALDAHA DAKSHIN,West Bengal,Lok Sabha,147000000.0,8567025.0,5.827908163265306,25,99,8567025.0,0.0,0.0,20.161290322580644,74,138432975.0,46783185.0,ISHA KHAN CHOUDHURY,MALDAHA DAKSHIN,West Bengal
6a932b5ecd944524379ee2a1,Shri Sanjay Singh (2024-30),Sitting Rajya Sabha,Delhi,Rajya Sabha,184466426.11,16687160.0,9.046177319036474,16,85,11222682.0,5464478.0,32.74660277722513,15.841584158415841,69,167779266.11,132806669.0,Shri Sanjay Singh (2024-30),Sitting Rajya Sabha,Delhi
6a932b5bcd944524379edfc6,Vishnu Dutt Sharma,KHAJURAHO,Madhya Pradesh,Lok Sabha,147000000.0,11209947.0,7.625814285714286,3,132,4909947.0,6300000.0,56.20008729746894,2.2222222222222223,129,135790053.0,104563195.0,Vishnu Dutt Sharma,KHAJURAHO,Madhya Pradesh
6a932b5bcd944524379edfcb,Yogendra Chandoliya,NORTH WEST DELHI,Delhi,Lok Sabha,147876307.0,10961614.0,7.412691202790181,11,48,10222872.0,738742.0,6.739354259327139,18.64406779661017,37,136914693.0,35836827.0,Yogendra Chandoliya,NORTH WEST DELHI,Delhi
6a932b5bcd944524379edefc,PRANITI SUSHILKUMAR SHINDE,SOLAPUR,Maharashtra,Lok Sabha,147000000.0,8440395.0,5.741765306122449,2,122,1498751.0,6941644.0,82.24311776877741,1.6129032258064515,120,138559605.0,110531804.0,PRANITI SUSHILKUMAR SHINDE,SOLAPUR,Maharashtra
6a932b5bcd944524379edde2,Asaduddin Owaisi,HYDERABAD,Telangana,Lok Sabha,147000000.0,11172317.0,7.600215646258503,1,17,5656600.0,5515717.0,49.36949963020204,5.555555555555555,16,135827683.0,44340536.0,Asaduddin Owaisi,HYDERABAD,Telangana
6a932b5ecd944524379ee233,Shri Devendra Pratap Singh (2024-30),Sitting Rajya Sabha,Chhattisgarh,Rajya Sabha,170837637.76,8275468.0,4.844054336331746,3,14,2243280.0,6032188.0,72.89240922688603,17.647058823529413,11,162562169.76,13793051.0,Shri Devendra Pratap Singh (2024-30),Sitting Rajya Sabha,Chhattisgarh
6a932b5bcd944524379edef2,PATHAN YUSUF,BAHARAMPUR,West Bengal,Lok Sabha,147000000.0,7860897.0,5.347548979591837,1,144,2000000.0,5860897.0,74.55761091895747,0.6896551724137931,143,139139103.0,86677631.0,PATHAN YUSUF,BAHARAMPUR,West Bengal
6a932b5bcd944524379ede41,DR. HEMANT VISHNU SAVARA,PALGHAR,Maharashtra,Lok Sabha,147000000.0,8415952.0,5.725137414965986,1,84,991449.0,7424503.0,88.21940762019555,1.1764705882352942,83,138584048.0,80749000.0,DR. HEMANT VISHNU SAVARA,PALGHAR,Maharashtra
6a932b5bcd944524379edead,KULDEEP INDORA,GANGANAGAR,Rajasthan,Lok Sabha,147000000.0,11236750.0,7.644047619047618,2,90,1598794.0,9637956.0,85.77174004939151,2.1739130434782608,88,135763250.0,68381280.0,KULDEEP INDORA,GANGANAGAR,Rajasthan
6a932b5bcd944524379edeae,KUNDURU RAGHUVEER,NALGONDA,Telangana,Lok Sabha,162952022.0,7766945.0,4.766399891619633,6,23,6267418.0,1499527.0,19.306522706160532,20.689655172413794,17,155185077.0,17700000.0,KUNDURU RAGHUVEER,NALGONDA,Telangana
6a932b5bcd944524379eded3,MOHITE PATIL DHAIRYASHEEL RAJSINH,MADHA,Maharashtra,Lok Sabha,195613601.7,8828612.0,4.513291470160585,41,218,8828612.0,0.0,0.0,15.83011583011583,177,186784989.7,86240000.0,MOHITE PATIL DHAIRYASHEEL RAJSINH,MADHA,Maharashtra
6a932b5ecd944524379ee257,Shri Lahar Singh Siroya (2022-28),Sitting Rajya Sabha,Karnataka,Rajya Sabha,206278088.11,9964305.0,4.830520338489093,2,14,1997659.0,7966646.0,79.95184812187102,12.5,12,196313783.11,33250000.0,Shri Lahar Singh Siroya (2022-28),Sitting Rajya Sabha,Karnataka
6a932b5bcd944524379edf86,Sivanath Kesineni,VIJAYAWADA,Andhra Pradesh,Lok Sabha,147000000.0,6329561.0,4.305823809523809,1,28,3290032.0,3039529.0,48.02116608087038,3.4482758620689653,27,140670439.0,55064000.0,Sivanath Kesineni,VIJAYAWADA,Andhra Pradesh
6a932b5bcd944524379ede52,Dushyant Singh,JHALAWAR-BARAN,Rajasthan,Lok Sabha,147000000.0,6025816.0,4.099194557823129,0,27,0.0,6025816.0,100.0,0.0,27,140974184.0,27888933.0,Dushyant Singh,JHALAWAR-BARAN,Rajasthan
6a932b5bcd944524379ede2e,DHARMENDRA PRADHAN,SAMBALPUR,Odisha,Lok Sabha,147000000.0,9704141.0,6.601456462585034,2,116,5753000.0,3951141.0,40.71603040392756,1.694915254237288,114,137295859.0,88200000.0,DHARMENDRA PRADHAN,SAMBALPUR,Odisha
6a932b5ecd944524379ee2a6,Shri Satnam Singh Sandhu (2024-30),Nominated Rajya Sabha,Chandigarh,Rajya Sabha,147000000.0,9104144.0,6.193295238095238,4,20,3379051.0,5725093.0,62.88447326843688,16.666666666666664,16,137895856.0,17799970.0,Shri Satnam Singh Sandhu (2024-30),Nominated Rajya Sabha,Chandigarh
6a932b5bcd944524379edfb2,TRIVENDRA SINGH RAWAT,HARDWAR,Uttarakhand,Lok Sabha,147000000.0,9309458.0,6.33296462585034,3,41,1297156.0,8012302.0,86.06625648883104,6.8181818181818175,38,137690542.0,35809919.0,TRIVENDRA SINGH RAWAT,HARDWAR,Uttarakhand
6a932b5ecd944524379ee21e,Shri Ashokrao Shankarrao Chavan (2024-30),Sitting Rajya Sabha,Maharashtra,Rajya Sabha,147000000.0,8968982.0,6.101348299319728,2,31,1497419.0,7471563.0,83.30447089758904,6.0606060606060606,29,138031018.0,41580525.0,Shri Ashokrao Shankarrao Chavan (2024-30),Sitting Rajya Sabha,Maharashtra
6a932b5bcd944524379edf0b,RABINDRA NARAYAN BEHERA,JAJPUR,Odisha,Lok Sabha,147064617.11,9146086.0,6.219093470429394,3,190,600000.0,8546086.0,93.43981676970893,1.5544041450777202,187,137918531.11,86239853.0,RABINDRA NARAYAN BEHERA,JAJPUR,Odisha
6a932b5bcd944524379ede2c,Dhairyasheel Sambhajirao Mane,HATKANANGLE,Maharashtra,Lok Sabha,147000000.0,7519206.0,5.115106122448979,4,13,6519206.0,1000000.0,13.299276545954452,23.52941176470588,9,139480794.0,14500000.0,Dhairyasheel Sambhajirao Mane,HATKANANGLE,Maharashtra
6a932b5bcd944524379eddfb,BHAJAN LAL JATAV,KARAULI-DHOLPUR,Rajasthan,Lok Sabha,147000000.0,7253086.0,4.934072108843537,11,41,6694517.0,558569.0,7.701121977596846,21.153846153846153,30,139746914.0,32049394.0,BHAJAN LAL JATAV,KARAULI-DHOLPUR,Rajasthan
6a932b5ecd944524379ee24b,Shri Jogen Mohan (2026-32),Sitting Rajya Sabha,Assam,Rajya Sabha,49000000.0,1500000.0,3.061224489795918,0,22,0.0,1500000.0,100.0,0.0,22,47500000.0,30400000.0,Shri Jogen Mohan (2026-32),Sitting Rajya Sabha,Assam
6a932b5bcd944524379edea4,Kishan Reddy Gangapuram,SECUNDERABAD,Telangana,Lok Sabha,147000000.0,4754322.0,3.2342326530612246,0,38,0.0,4754322.0,100.0,0.0,38,142245678.0,58617994.0,Kishan Reddy Gangapuram,SECUNDERABAD,Telangana
6a932b5bcd944524379edf94,Smt Sangeeta Kumari Singh Deo,BOLANGIR,Odisha,Lok Sabha,147000000.0,4193424.0,2.852669387755102,3,225,1000000.0,3193424.0,76.15313881925604,1.3157894736842104,222,142806576.0,78450000.0,Smt Sangeeta Kumari Singh Deo,BOLANGIR,Odisha
6a932b5bcd944524379eddbd,Ajay Tamta,ALMORA,Uttarakhand,Lok Sabha,147000000.0,4091663.0,2.783444217687075,3,139,1654574.0,2437089.0,59.56230999473809,2.112676056338028,136,142908337.0,26716406.0,Ajay Tamta,ALMORA,Uttarakhand
6a932b5bcd944524379edf52,SELVAGANAPATHI T M,SALEM,Tamil Nadu,Lok Sabha,147000000.0,4244214.0,2.8872204081632655,0,17,0.0,4244214.0,100.0,0.0,17,142755786.0,35380025.5,SELVAGANAPATHI T M,SALEM,Tamil Nadu
6a932b5bcd944524379edf0e,RADHAKRISHNA,GULBARGA,Karnataka,Lok Sabha,147000000.0,3254664.0,2.214057142857143,0,29,0.0,3254664.0,100.0,0.0,29,143745336.0,98000000.0,RADHAKRISHNA,GULBARGA,Karnataka
6a932b5ecd944524379ee29e,Shri Sanjay Kumar Jha (2024-30),Sitting Rajya Sabha,Bihar,Rajya Sabha,186200000.0,5078584.0,2.7274887218045114,4,2,4273055.0,805529.0,15.861291257563131,66.66666666666666,-2,181121416.0,1890000.0,Shri Sanjay Kumar Jha (2024-30),Sitting Rajya Sabha,Bihar
6a932b5ecd944524379ee270,Shri Nitin Laxmanrao Jadhav Patil (2024-28),Sitting Rajya Sabha,Maharashtra,Rajya Sabha,122500000.0,2996110.0,2.445804081632653,3,58,2996110.0,0.0,0.0,4.918032786885246,55,119503890.0,70450000.0,Shri Nitin Laxmanrao Jadhav Patil (2024-28),Sitting Rajya Sabha,Maharashtra
6a932b5bcd944524379edf42,SANJAY DINA PATIL,MUMBAI NORTH EAST,Maharashtra,Lok Sabha,147000000.0,5955517.0,4.0513721088435375,0,40,0.0,5955517.0,100.0,0.0,40,141044483.0,87500000.0,SANJAY DINA PATIL,MUMBAI NORTH EAST,Maharashtra
6a932b5bcd944524379edf90,Smt Raksha Nikhil Khadse,RAVER,Maharashtra,Lok Sabha,153112586.11,5871973.0,3.8350687877359895,3,6,5871973.0,0.0,0.0,33.33333333333333,3,147240613.11,12130000.0,Smt Raksha Nikhil Khadse,RAVER,Maharashtra
6a932b5bcd944524379edf7c,Shri Shantanu Thakur ,BANGAON,West Bengal,Lok Sabha,147000000.0,5993836.0,4.077439455782312,8,50,5993836.0,0.0,0.0,13.793103448275861,42,141006164.0,99425000.0,Shri Shantanu Thakur ,BANGAON,West Bengal
6a932b5bcd944524379eddd1,ANIL YESHWANT DESAI,MUMBAI SOUTH CENTRAL,Maharashtra,Lok Sabha,147000000.0,7792570.0,5.301068027210885,0,34,0.0,7792570.0,100.0,0.0,34,139207430.0,82800000.0,ANIL YESHWANT DESAI,MUMBAI SOUTH CENTRAL,Maharashtra
6a932b5ecd944524379ee2aa,Shri Subhasish Khuntia (2024-30),Sitting Rajya Sabha,Odisha,Rajya Sabha,147000000.0,5720036.0,3.891180952380952,3,219,1600000.0,4120036.0,72.02814807459254,1.3513513513513513,216,141279964.0,94650000.0,Shri Subhasish Khuntia (2024-30),Sitting Rajya Sabha,Odisha
6a932b5bcd944524379edeed,PARIMAL SUKLABAIDYA,SILCHAR,Assam,Lok Sabha,148300157.11,5511762.0,3.716625867032434,0,153,0.0,5511762.0,100.0,0.0,153,142788395.11,98800000.0,PARIMAL SUKLABAIDYA,SILCHAR,Assam
6a932b5bcd944524379eded1,Mohamed Haneefa,LADAKH,Ladakh,Lok Sabha,161114542.0,6009392.0,3.729888019667399,0,55,0.0,6009392.0,100.0,0.0,55,155105150.0,54518000.0,Mohamed Haneefa,LADAKH,Ladakh
6a932b5bcd944524379edf85,Shyamkumar,RAMTEK,Maharashtra,Lok Sabha,147000000.0,5141086.0,3.4973374149659864,1,34,981253.0,4159833.0,80.91350737956921,2.857142857142857,33,141858914.0,37600000.0,Shyamkumar,RAMTEK,Maharashtra
6a932b5bcd944524379ede15,Chandra Prakash Joshi,CHITTORGARH,Rajasthan,Lok Sabha,147000000.0,4862785.0,3.3080170068027206,10,186,3277114.0,1585671.0,32.60828928278754,5.1020408163265305,176,142137215.0,82555000.0,Chandra Prakash Joshi,CHITTORGARH,Rajasthan
6a932b5bcd944524379edeb0,Lavu Sri Krishna Devarayalu,NARASARAOPET,Andhra Pradesh,Lok Sabha,174009663.11,2402685.0,1.3807767666794144,1,130,1599870.0,802815.0,33.41324393334957,0.7633587786259541,129,171606978.11,72020358.0,Lavu Sri Krishna Devarayalu,NARASARAOPET,Andhra Pradesh
6a932b5bcd944524379ede5b,Gajendra Singh Shekhawat,JODHPUR,Rajasthan,Lok Sabha,147000000.0,491827.0,0.33457619047619047,0,33,0.0,491827.0,100.0,0.0,33,146508173.0,31164000.0,Gajendra Singh Shekhawat,JODHPUR,Rajasthan
6a932b5ecd944524379ee265,Shri Milind Murli Deora (2024-30),Sitting Rajya Sabha,Maharashtra,Rajya Sabha,147000000.0,999996.0,0.680269387755102,0,25,0.0,999996.0,100.0,0.0,25,146000004.0,32830000.0,Shri Milind Murli Deora (2024-30),Sitting Rajya Sabha,Maharashtra
6a932b5ecd944524379ee252,Shri Kartikeya Sharma (2022-28),Sitting Rajya Sabha,Haryana,Rajya Sabha,196000000.0,1161226.0,0.5924622448979592,0,62,0.0,1161226.0,100.0,0.0,62,194838774.0,61175297.0,Shri Kartikeya Sharma (2022-28),Sitting Rajya Sabha,Haryana
6a932b5bcd944524379edee6,Nishikant Dubey,GODDA,Jharkhand,Lok Sabha,147000000.0,1785510.0,1.2146326530612244,0,2,0.0,1785510.0,100.0,0.0,2,145214490.0,4285510.0,Nishikant Dubey,GODDA,Jharkhand
6a932b5ecd944524379ee220,Shri B. Parthasaradhi Reddy (2022-28),Sitting Rajya Sabha,Telangana,Rajya Sabha,244365104.0,5945528.0,2.4330511610201104,6,19,2649720.0,3295808.0,55.43339464552181,24.0,13,238419576.0,42981636.0,Shri B. Parthasaradhi Reddy (2022-28),Sitting Rajya Sabha,Telangana
6a932b5ecd944524379ee2be,Smt. Laxmi Verma (2026-32),Sitting Rajya Sabha,Chhattisgarh,Rajya Sabha,49000000.0,1250000.0,2.5510204081632653,0,2,0.0,1250000.0,100.0,0.0,2,47750000.0,2500000.0,Smt. Laxmi Verma (2026-32),Sitting Rajya Sabha,Chhattisgarh
6a932b5bcd944524379edfc8,VIVEK THAKUR,NAWADA,Bihar,Lok Sabha,147000000.0,3164487.0,2.1527122448979594,1,85,607045.0,2557442.0,80.81695390121685,1.1627906976744187,84,143835513.0,85201595.0,VIVEK THAKUR,NAWADA,Bihar
6a932b5bcd944524379edf75,Shri M K Raghavan,KOZHIKODE,Kerala,Lok Sabha,147000000.0,9365325.0,6.3709693877551015,14,254,5064335.0,4300990.0,45.924620875410085,5.223880597014925,240,137634675.0,89762050.0,Shri M K Raghavan,KOZHIKODE,Kerala
6a932b5bcd944524379ede9f,Khagen Murmu,MALDAHA UTTAR,West Bengal,Lok Sabha,147000000.0,6003169.0,4.08378843537415,7,31,6003169.0,0.0,0.0,18.421052631578945,24,140996831.0,35217949.0,Khagen Murmu,MALDAHA UTTAR,West Bengal
6a932b5bcd944524379edf39,RUDRA NARAYAN PANY,DHENKANAL,Odisha,Lok Sabha,155013957.11,3039057.0,1.9605054000675848,0,79,0.0,3039057.0,100.0,0.0,79,151974900.11,59267000.0,RUDRA NARAYAN PANY,DHENKANAL,Odisha
6a932b5bcd944524379eddd0,ANIL BALUNI,GARHWAL,Uttarakhand,Lok Sabha,147000000.0,2739441.0,1.8635653061224489,1,11,300000.0,2439441.0,89.04886069822274,8.333333333333332,10,144260559.0,12895000.0,ANIL BALUNI,GARHWAL,Uttarakhand
6a932b5ecd944524379ee2c9,Smt. Renuka Chowdhury (2024-30),Sitting Rajya Sabha,Telangana,Rajya Sabha,147000000.0,3061296.0,2.0825142857142858,0,105,0.0,3061296.0,100.0,0.0,105,143938704.0,46720000.0,Smt. Renuka Chowdhury (2024-30),Sitting Rajya Sabha,Telangana
6a932b5ecd944524379ee276,Shri Paka Venkata Satyanarayana (2025-28),Sitting Rajya Sabha,Andhra Pradesh,Rajya Sabha,98000000.0,1599035.0,1.6316683673469385,1,12,1599035.0,0.0,0.0,7.6923076923076925,11,96400965.0,33680000.0,Shri Paka Venkata Satyanarayana (2025-28),Sitting Rajya Sabha,Andhra Pradesh
6a932b5bcd944524379ede8d,Kalaben Mohanbhai Delkar,DADRA & NAGAR HAVELI,The Dadra And Nagar Haveli And Daman And Diu,Lok Sabha,147000000.0,0.0,0.0,0,2,0.0,0.0,0.0,0.0,2,147000000.0,14700000.0,Kalaben Mohanbhai Delkar,DADRA & NAGAR HAVELI,The Dadra And Nagar Haveli And Daman And Diu
6a932b5bcd944524379edf44,Sanjay Jaiswal,PASCHIM CHAMPARAN,Bihar,Lok Sabha,147000000.0,0.0,0.0,0,0,0.0,0.0,0.0,0.0,0,147000000.0,0.0,Sanjay Jaiswal,PASCHIM CHAMPARAN,Bihar
6a932b5bcd944524379edf1c,Rajiv Pratap Rudy,SARAN,Bihar,Lok Sabha,147000000.0,0.0,0.0,0,12,0.0,0.0,0.0,0.0,12,147000000.0,112715000.0,Rajiv Pratap Rudy,SARAN,Bihar
6a932b5bcd944524379edf1d,Rajiv Ranjan (Lalan) Singh,MUNGER,Bihar,Lok Sabha,147000000.0,0.0,0.0,0,1,0.0,0.0,0.0,0.0,1,147000000.0,1000000.0,Rajiv Ranjan (Lalan) Singh,MUNGER,Bihar
6a932b5bcd944524379edec4,MANISH JAISWAL,HAZARIBAGH,Jharkhand,Lok Sabha,147000000.0,0.0,0.0,0,164,0.0,0.0,0.0,0.0,164,147000000.0,81562350.0,MANISH JAISWAL,HAZARIBAGH,Jharkhand
6a932b5ecd944524379ee1ee,Dr. Alka Singh (2026-32),Sitting Rajya Sabha,Rajasthan,Rajya Sabha,49000000.0,0.0,0.0,0,0,0.0,0.0,0.0,0.0,0,49000000.0,0.0,Dr. Alka Singh (2026-32),Sitting Rajya Sabha,Rajasthan
6a932b5ecd944524379ee1f8,Dr. Jyoti Nagnath Waghmare (2026-32),Sitting Rajya Sabha,Maharashtra,Rajya Sabha,49000000.0,0.0,0.0,0,0,0.0,0.0,0.0,0.0,0,49000000.0,0.0,Dr. Jyoti Nagnath Waghmare (2026-32),Sitting Rajya Sabha,Maharashtra
6a932b5ecd944524379ee1ef,Dr. Anbumani Ramadoss (2026-32),Sitting Rajya Sabha,Tamil Nadu,Rajya Sabha,49356476.5,0.0,0.0,0,0,0.0,0.0,0.0,0.0,0,49356476.5,0.0,Dr. Anbumani Ramadoss (2026-32),Sitting Rajya Sabha,Tamil Nadu
6a932b5bcd944524379ede19,CHAVAN VASANTRAO BALWANTRAO,NANDED,Maharashtra,Lok Sabha,0.0,0.0,0.0,0,0,0.0,0.0,0.0,0.0,0,0.0,0.0,CHAVAN VASANTRAO BALWANTRAO,NANDED,Maharashtra
6a932b5bcd944524379edf81,Shrikant Eknath Shinde,KALYAN,Maharashtra,Lok Sabha,147000000.0,325000.0,0.22108843537414968,0,2,0.0,325000.0,100.0,0.0,2,146675000.0,2825000.0,Shrikant Eknath Shinde,KALYAN,Maharashtra
6a932b5bcd944524379ede05,Bhupathiraju Srinivasa varma,NARASAPURAM,Andhra Pradesh,Lok Sabha,147000000.0,0.0,0.0,0,1,0.0,0.0,0.0,0.0,1,147000000.0,12000000.0,Bhupathiraju Srinivasa varma,NARASAPURAM,Andhra Pradesh
6a932b5bcd944524379edeff,Prataprao Jadhav,BULDHANA,Maharashtra,Lok Sabha,147000000.0,1208028.0,0.8217877551020408,0,68,0.0,1208028.0,100.0,0.0,68,145791972.0,50050000.0,Prataprao Jadhav,BULDHANA,Maharashtra
6a932b5bcd944524379ede6d,HARISH CHANDRA MEENA,TONK-SAWAI MADHOPUR,Rajasthan,Lok Sabha,147000000.0,0.0,0.0,0,0,0.0,0.0,0.0,0.0,0,147000000.0,0.0,HARISH CHANDRA MEENA,TONK-SAWAI MADHOPUR,Rajasthan
6a932b5bcd944524379edefe,Pratap Chandra Sarangi,BALASORE,Odisha,Lok Sabha,147064254.11,2525000.0,1.7169365970546246,10,117,2525000.0,0.0,0.0,7.874015748031496,107,144539254.11,33881000.0,Pratap Chandra Sarangi,BALASORE,Odisha
6a932b5ecd944524379ee1ec,Dr. Abhishek Manu Singhvi (2026-32),Sitting Rajya Sabha,Telangana,Rajya Sabha,73421449.0,0.0,0.0,0,0,0.0,0.0,0.0,0.0,0,73421449.0,0.0,Dr. Abhishek Manu Singhvi (2026-32),Sitting Rajya Sabha,Telangana
6a932b5bcd944524379edecf,MISHA BHARTI,PATALIPUTRA,Bihar,Lok Sabha,147000000.0,0.0,0.0,0,0,0.0,0.0,0.0,0.0,0,147000000.0,0.0,MISHA BHARTI,PATALIPUTRA,Bihar
6a932b5bcd944524379ede47,DR. PRADEEP KUMAR PANIGRAHY,BERHAMPUR,Odisha,Lok Sabha,147000000.0,0.0,0.0,0,111,0.0,0.0,0.0,0.0,111,147000000.0,46950000.0,DR. PRADEEP KUMAR PANIGRAHY,BERHAMPUR,Odisha
6a932b5ecd944524379ee259,Shri M. Nagaraja (2026-32),Sitting Rajya Sabha,Karnataka,Rajya Sabha,49000000.0,0.0,0.0,0,0,0.0,0.0,0.0,0.0,0,49000000.0,0.0,Shri M. Nagaraja (2026-32),Sitting Rajya Sabha,Karnataka
6a932b5ecd944524379ee258,Shri Lingamaneni Ramesh (2026-32),Sitting Rajya Sabha,Andhra Pradesh,Rajya Sabha,49000000.0,0.0,0.0,0,1,0.0,0.0,0.0,0.0,1,49000000.0,1200000.0,Shri Lingamaneni Ramesh (2026-32),Sitting Rajya Sabha,Andhra Pradesh
6a932b5ecd944524379ee26e,Shri Neeraj Dangi (2026-32),Sitting Rajya Sabha,Rajasthan,Rajya Sabha,49000000.0,0.0,0.0,0,4,0.0,0.0,0.0,0.0,4,49000000.0,4999842.0,Shri Neeraj Dangi (2026-32),Sitting Rajya Sabha,Rajasthan
6a932b5ecd944524379ee286,Shri Rajinder Gupta (2025-28),Sitting Rajya Sabha,Punjab,Rajya Sabha,49000000.0,0.0,0.0,0,0,0.0,0.0,0.0,0.0,0,49000000.0,0.0,Shri Rajinder Gupta (2025-28),Sitting Rajya Sabha,Punjab
6a932b5ecd944524379ee277,Shri Parth Ajit Pawar (2026-32),Sitting Rajya Sabha,Maharashtra,Rajya Sabha,49000000.0,0.0,0.0,0,0,0.0,0.0,0.0,0.0,0,49000000.0,0.0,Shri Parth Ajit Pawar (2026-32),Sitting Rajya Sabha,Maharashtra
6a932b5ecd944524379ee27c,Shri Pramod Boro (2026-32),Sitting Rajya Sabha,Assam,Rajya Sabha,49000000.0,0.0,0.0,0,0,0.0,0.0,0.0,0.0,0,49000000.0,0.0,Shri Pramod Boro (2026-32),Sitting Rajya Sabha,Assam
6a932b5ecd944524379ee245,Shri Jagat Prakash Nadda (2024-30),Sitting Rajya Sabha,Gujarat,Rajya Sabha,147000000.0,2100000.0,1.4285714285714286,0,74,0.0,2100000.0,100.0,0.0,74,144900000.0,49300000.0,Shri Jagat Prakash Nadda (2024-30),Sitting Rajya Sabha,Gujarat
6a932b5ecd944524379ee202,Dr. Mukeshbhai J. Rathwa (2026-32),Sitting Rajya Sabha,Gujarat,Rajya Sabha,49000000.0,0.0,0.0,0,0,0.0,0.0,0.0,0.0,0,49000000.0,0.0,Dr. Mukeshbhai J. Rathwa (2026-32),Sitting Rajya Sabha,Gujarat
6a932b5ecd944524379ee201,Dr. Meenakshi Jain (2025-31),Nominated Rajya Sabha,Delhi,Rajya Sabha,73500000.0,0.0,0.0,0,10,0.0,0.0,0.0,0.0,10,73500000.0,20904625.0,Dr. Meenakshi Jain (2025-31),Nominated Rajya Sabha,Delhi
6a932b5ecd944524379ee1ff,Dr. M. Thambi Durai (2026-32),Sitting Rajya Sabha,Tamil Nadu,Rajya Sabha,49356476.5,0.0,0.0,0,0,0.0,0.0,0.0,0.0,0,49356476.5,0.0,Dr. M. Thambi Durai (2026-32),Sitting Rajya Sabha,Tamil Nadu
6a932b5ecd944524379ee21b,Shri Anurag Sharma (2026-32),Sitting Rajya Sabha,Himachal Pradesh,Rajya Sabha,49000000.0,0.0,0.0,0,0,0.0,0.0,0.0,0.0,0,49000000.0,0.0,Shri Anurag Sharma (2026-32),Sitting Rajya Sabha,Himachal Pradesh
6a932b5ecd944524379ee207,Dr. Santrupt Misra (2026-32),Sitting Rajya Sabha,Odisha,Rajya Sabha,49000000.0,0.0,0.0,0,11,0.0,0.0,0.0,0.0,11,49000000.0,6480000.0,Dr. Santrupt Misra (2026-32),Sitting Rajya Sabha,Odisha
6a932b5bcd944524379edef1,PATEL UMESHBHAI BABUBHAI,DAMAN and DIU,The Dadra And Nagar Haveli And Daman And Diu,Lok Sabha,245063957.0,0.0,0.0,0,61,0.0,0.0,0.0,0.0,61,245063957.0,241786200.0,PATEL UMESHBHAI BABUBHAI,DAMAN and DIU,The Dadra And Nagar Haveli And Daman And Diu
6a932b5ecd944524379ee20a,Dr. Satish Poonia (2026-32),Sitting Rajya Sabha,Rajasthan,Rajya Sabha,49000000.0,0.0,0.0,0,0,0.0,0.0,0.0,0.0,0,49000000.0,0.0,Dr. Satish Poonia (2026-32),Sitting Rajya Sabha,Rajasthan
6a932b5ecd944524379ee256,Shri L. K. Sudhish (2026-32),Sitting Rajya Sabha,Tamil Nadu,Rajya Sabha,49356476.5,0.0,0.0,0,0,0.0,0.0,0.0,0.0,0,49356476.5,0.0,Shri L. K. Sudhish (2026-32),Sitting Rajya Sabha,Tamil Nadu
6a932b5ecd944524379ee25c,Shri Mahesh Kewat (2026-32),Sitting Rajya Sabha,Madhya Pradesh,Rajya Sabha,49000000.0,0.0,0.0,0,0,0.0,0.0,0.0,0.0,0,49000000.0,0.0,Shri Mahesh Kewat (2026-32),Sitting Rajya Sabha,Madhya Pradesh
6a932b5ecd944524379ee251,Shri Karamvir Singh Singh Boudh (2026-32),Sitting Rajya Sabha,Haryana,Rajya Sabha,49000000.0,0.0,0.0,0,0,0.0,0.0,0.0,0.0,0,49000000.0,0.0,Shri Karamvir Singh Singh Boudh (2026-32),Sitting Rajya Sabha,Haryana
6a932b5ecd944524379ee261,Shri Mansoor Ali Khan (2026-32),Sitting Rajya Sabha,Karnataka,Rajya Sabha,49000000.0,0.0,0.0,0,3,0.0,0.0,0.0,0.0,3,49000000.0,4982000.0,Shri Mansoor Ali Khan (2026-32),Sitting Rajya Sabha,Karnataka
6a932b5ecd944524379ee287,Shri Rajneesh Kumar Agrawal (2026-32),Sitting Rajya Sabha,Madhya Pradesh,Rajya Sabha,49000000.0,0.0,0.0,0,0,0.0,0.0,0.0,0.0,0,49000000.0,0.0,Shri Rajneesh Kumar Agrawal (2026-32),Sitting Rajya Sabha,Madhya Pradesh
6a932b5ecd944524379ee284,Shri Rajesh Parmanand Shukla (2026-32),Sitting Rajya Sabha,Gujarat,Rajya Sabha,49000000.0,0.0,0.0,0,0,0.0,0.0,0.0,0.0,0,49000000.0,0.0,Shri Rajesh Parmanand Shukla (2026-32),Sitting Rajya Sabha,Gujarat
6a932b5ecd944524379ee298,Shri Sajjad Ahmad Kichloo (2025-31),Sitting Rajya Sabha,Jammu And Kashmir,Rajya Sabha,73500000.0,0.0,0.0,0,18,0.0,0.0,0.0,0.0,18,73500000.0,27292000.0,Shri Sajjad Ahmad Kichloo (2025-31),Sitting Rajya Sabha,Jammu And Kashmir
6a932b5bcd944524379edee1,NARESH GANPAT MHASKE,THANE,Maharashtra,Lok Sabha,147000000.0,0.0,0.0,0,0,0.0,0.0,0.0,0.0,0,147000000.0,0.0,NARESH GANPAT MHASKE,THANE,Maharashtra
6a932b5ecd944524379ee211,Ms. Swati Maliwal (2024-30),Sitting Rajya Sabha,Delhi,Rajya Sabha,147000000.0,0.0,0.0,0,3,0.0,0.0,0.0,0.0,3,147000000.0,10600000.0,Ms. Swati Maliwal (2024-30),Sitting Rajya Sabha,Delhi
6a932b5ecd944524379ee22d,Shri Christopher Manickam (2026-32),Sitting Rajya Sabha,Tamil Nadu,Rajya Sabha,49356476.5,0.0,0.0,0,0,0.0,0.0,0.0,0.0,0,49356476.5,0.0,Shri Christopher Manickam (2026-32),Sitting Rajya Sabha,Tamil Nadu
6a932b5ecd944524379ee2b6,Shri Vinod Shridhar Tawde (2026-32),Sitting Rajya Sabha,Maharashtra,Rajya Sabha,49000000.0,0.0,0.0,0,0,0.0,0.0,0.0,0.0,0,49000000.0,0.0,Shri Vinod Shridhar Tawde (2026-32),Sitting Rajya Sabha,Maharashtra
6a932b5ecd944524379ee24e,Shri Kamal Haasan (2025-31),Sitting Rajya Sabha,Tamil Nadu,Rajya Sabha,89248285.42,0.0,0.0,0,4,0.0,0.0,0.0,0.0,4,89248285.42,21200000.0,Shri Kamal Haasan (2025-31),Sitting Rajya Sabha,Tamil Nadu
6a932b5ecd944524379ee2b9,Smt. Adhikarimayum Sharda Devi (2026-32),Sitting Rajya Sabha,Manipur,Rajya Sabha,49000000.0,0.0,0.0,0,10,0.0,0.0,0.0,0.0,10,49000000.0,19500000.0,Smt. Adhikarimayum Sharda Devi (2026-32),Sitting Rajya Sabha,Manipur
6a932b5ecd944524379ee2b0,Shri Terash Gowalla (2026-32),Sitting Rajya Sabha,Assam,Rajya Sabha,49000000.0,0.0,0.0,0,0,0.0,0.0,0.0,0.0,0,49000000.0,0.0,Shri Terash Gowalla (2026-32),Sitting Rajya Sabha,Assam
6a932b5ecd944524379ee2b3,Shri Upendra Kushwaha (2026-32),Sitting Rajya Sabha,Bihar,Rajya Sabha,49000000.0,0.0,0.0,0,7,0.0,0.0,0.0,0.0,7,49000000.0,6426110.0,Shri Upendra Kushwaha (2026-32),Sitting Rajya Sabha,Bihar
6a932b5ecd944524379ee2b5,Shri Vijay Chintakayala (2026-32),Sitting Rajya Sabha,Andhra Pradesh,Rajya Sabha,49000000.0,0.0,0.0,0,0,0.0,0.0,0.0,0.0,0,49000000.0,0.0,Shri Vijay Chintakayala (2026-32),Sitting Rajya Sabha,Andhra Pradesh
6a932b5ecd944524379ee224,Shri Baidyanath Ram (2026-32),Sitting Rajya Sabha,Jharkhand,Rajya Sabha,49000000.0,0.0,0.0,0,0,0.0,0.0,0.0,0.0,0,49000000.0,0.0,Shri Baidyanath Ram (2026-32),Sitting Rajya Sabha,Jharkhand
6a932b5ecd944524379ee2c1,Smt. Maya Chintaman Ivnate (2026-32),Sitting Rajya Sabha,Maharashtra,Rajya Sabha,49000000.0,0.0,0.0,0,20,0.0,0.0,0.0,0.0,20,49000000.0,10000000.0,Smt. Maya Chintaman Ivnate (2026-32),Sitting Rajya Sabha,Maharashtra
6a932b5ecd944524379ee227,Shri Bhashyam Rama Krishna (2026-32),Sitting Rajya Sabha,Andhra Pradesh,Rajya Sabha,49000000.0,0.0,0.0,0,1,0.0,0.0,0.0,0.0,1,49000000.0,3000000.0,Shri Bhashyam Rama Krishna (2026-32),Sitting Rajya Sabha,Andhra Pradesh
6a932b5ecd944524379ee254,Shri Khiangte Laltluangkima (2026-32),Sitting Rajya Sabha,Mizoram,Rajya Sabha,24500000.0,0.0,0.0,0,0,0.0,0.0,0.0,0.0,0,24500000.0,0.0,Shri Khiangte Laltluangkima (2026-32),Sitting Rajya Sabha,Mizoram
6a932b5ecd944524379ee289,Shri Ramdas Bandu Athawale (2026-32),Sitting Rajya Sabha,Maharashtra,Rajya Sabha,49000000.0,0.0,0.0,0,0,0.0,0.0,0.0,0.0,0,49000000.0,0.0,Shri Ramdas Bandu Athawale (2026-32),Sitting Rajya Sabha,Maharashtra
6a932b5ecd944524379ee260,Shri Manmohan Samal (2026-32),Sitting Rajya Sabha,Odisha,Rajya Sabha,49000000.0,0.0,0.0,0,0,0.0,0.0,0.0,0.0,0,49000000.0,0.0,Shri Manmohan Samal (2026-32),Sitting Rajya Sabha,Odisha
6a932b5ecd944524379ee27b,Shri Prakash Chik Baraik (2026-29),Sitting Rajya Sabha,West Bengal,Rajya Sabha,49662892.0,0.0,0.0,0,0,0.0,0.0,0.0,0.0,0,49662892.0,0.0,Shri Prakash Chik Baraik (2026-29),Sitting Rajya Sabha,West Bengal
6a932b5ecd944524379ee288,Shri Ram Nath Thakur (2026-32),Sitting Rajya Sabha,Bihar,Rajya Sabha,65673638.730000004,0.0,0.0,0,33,0.0,0.0,0.0,0.0,33,65673638.730000004,49490700.0,Shri Ram Nath Thakur (2026-32),Sitting Rajya Sabha,Bihar
6a932b5ecd944524379ee23c,Shri Gurwinder Singh Oberoi (2025-31),Sitting Rajya Sabha,Jammu And Kashmir,Rajya Sabha,73500000.0,0.0,0.0,0,0,0.0,0.0,0.0,0.0,0,73500000.0,0.0,Shri Gurwinder Singh Oberoi (2025-31),Sitting Rajya Sabha,Jammu And Kashmir
6a932b5ecd944524379ee29b,Shri Sana Sathish Babu (2026-32),Sitting Rajya Sabha,Andhra Pradesh,Rajya Sabha,49063978.0,0.0,0.0,0,0,0.0,0.0,0.0,0.0,0,49063978.0,0.0,Shri Sana Sathish Babu (2026-32),Sitting Rajya Sabha,Andhra Pradesh
6a932b5ecd944524379ee2ad,Shri Tai Tagak (2026-32),Sitting Rajya Sabha,Arunachal Pradesh,Rajya Sabha,49000000.0,0.0,0.0,0,0,0.0,0.0,0.0,0.0,0,49000000.0,0.0,Shri Tai Tagak (2026-32),Sitting Rajya Sabha,Arunachal Pradesh
6a932b5ecd944524379ee2b1,Shri Tiruchi Siva (2026-32),Sitting Rajya Sabha,Tamil Nadu,Rajya Sabha,49356476.5,0.0,0.0,0,0,0.0,0.0,0.0,0.0,0,49356476.5,0.0,Shri Tiruchi Siva (2026-32),Sitting Rajya Sabha,Tamil Nadu
6a932b5ecd944524379ee2ae,Shri Tarun Chugh (2026-32),Sitting Rajya Sabha,Madhya Pradesh,Rajya Sabha,49000000.0,0.0,0.0,0,0,0.0,0.0,0.0,0.0,0,49000000.0,0.0,Shri Tarun Chugh (2026-32),Sitting Rajya Sabha,Madhya Pradesh
6a932b5ecd944524379ee241,Shri Harsh Vardhan Shringla (2025-31),Nominated Rajya Sabha,West Bengal,Rajya Sabha,73500000.0,0.0,0.0,0,6,0.0,0.0,0.0,0.0,6,73500000.0,9510271.0,Shri Harsh Vardhan Shringla (2025-31),Nominated Rajya Sabha,West Bengal
6a932b5ecd944524379ee25d,Shri Mallikarjun Kharge (2026-32),Sitting Rajya Sabha,Karnataka,Rajya Sabha,49063957.11,0.0,0.0,0,0,0.0,0.0,0.0,0.0,0,49063957.11,0.0,Shri Mallikarjun Kharge (2026-32),Sitting Rajya Sabha,Karnataka
6a932b5ecd944524379ee278,Shri Pawan Khera (2026-32),Sitting Rajya Sabha,Karnataka,Rajya Sabha,49000000.0,0.0,0.0,0,0,0.0,0.0,0.0,0.0,0,49000000.0,0.0,Shri Pawan Khera (2026-32),Sitting Rajya Sabha,Karnataka
6a932b5ecd944524379ee248,Shri James Pangsang Kongkal Sangma (2026-32),Sitting Rajya Sabha,Meghalaya,Rajya Sabha,49000000.0,0.0,0.0,0,0,0.0,0.0,0.0,0.0,0,49000000.0,0.0,Shri James Pangsang Kongkal Sangma (2026-32),Sitting Rajya Sabha,Meghalaya
6a932b5ecd944524379ee29d,Shri Sanjay Bhatia (2026-32),Sitting Rajya Sabha,Haryana,Rajya Sabha,49000000.0,0.0,0.0,0,1,0.0,0.0,0.0,0.0,1,49000000.0,1100000.0,Shri Sanjay Bhatia (2026-32),Sitting Rajya Sabha,Haryana
6a932b5ecd944524379ee2a2,Shri Sanjay Yadav (2024-30),Sitting Rajya Sabha,Bihar,Rajya Sabha,186200000.0,0.0,0.0,0,54,0.0,0.0,0.0,0.0,54,186200000.0,80448000.0,Shri Sanjay Yadav (2024-30),Sitting Rajya Sabha,Bihar
6a932b5ecd944524379ee28c,Shri Ramrao Sakharam Wadkute (2026-32),Sitting Rajya Sabha,Maharashtra,Rajya Sabha,49000000.0,0.0,0.0,0,0,0.0,0.0,0.0,0.0,0,49000000.0,0.0,Shri Ramrao Sakharam Wadkute (2026-32),Sitting Rajya Sabha,Maharashtra
6a932b5ecd944524379ee2ab,Shri Sujeet Kumar (2026-32),Sitting Rajya Sabha,Odisha,Rajya Sabha,49000000.0,0.0,0.0,0,35,0.0,0.0,0.0,0.0,35,49000000.0,26350000.0,Shri Sujeet Kumar (2026-32),Sitting Rajya Sabha,Odisha
6a932b5ecd944524379ee271,Shri Nitin Nabin (2026-32),Sitting Rajya Sabha,Bihar,Rajya Sabha,49000000.0,0.0,0.0,0,0,0.0,0.0,0.0,0.0,0,49000000.0,0.0,Shri Nitin Nabin (2026-32),Sitting Rajya Sabha,Bihar
6a932b5ecd944524379ee22a,Shri C. Sadanandan Master (2025-31),Nominated Rajya Sabha,Kerala,Rajya Sabha,73500000.0,0.0,0.0,0,35,0.0,0.0,0.0,0.0,35,73500000.0,23210000.0,Shri C. Sadanandan Master (2025-31),Nominated Rajya Sabha,Kerala
6a932b5ecd944524379ee27e,Shri Praveen Chakravarthy (2026-28),Sitting Rajya Sabha,Tamil Nadu,Rajya Sabha,49356476.5,0.0,0.0,0,1,0.0,0.0,0.0,0.0,1,49356476.5,2500000.0,Shri Praveen Chakravarthy (2026-28),Sitting Rajya Sabha,Tamil Nadu
6a932b5ecd944524379ee282,Shri Rajeev Kumar (2026-32),Sitting Rajya Sabha,West Bengal,Rajya Sabha,49000000.0,0.0,0.0,0,0,0.0,0.0,0.0,0.0,0,49000000.0,0.0,Shri Rajeev Kumar (2026-32),Sitting Rajya Sabha,West Bengal
6a932b5ecd944524379ee22c,Shri Chowdry Mohammad Ramzan (2025-31),Sitting Rajya Sabha,Jammu And Kashmir,Rajya Sabha,73500000.0,0.0,0.0,0,0,0.0,0.0,0.0,0.0,0,73500000.0,0.0,Shri Chowdry Mohammad Ramzan (2025-31),Sitting Rajya Sabha,Jammu And Kashmir
6a932b5ecd944524379ee2a8,Shri Shivesh Kumar (2026-32),Sitting Rajya Sabha,Bihar,Rajya Sabha,49000000.0,0.0,0.0,0,0,0.0,0.0,0.0,0.0,0,49000000.0,0.0,Shri Shivesh Kumar (2026-32),Sitting Rajya Sabha,Bihar
6a932b5ecd944524379ee2a4,Shri Sat Paul Sharma (2025-31),Sitting Rajya Sabha,Jammu And Kashmir,Rajya Sabha,73500000.0,0.0,0.0,0,16,0.0,0.0,0.0,0.0,16,73500000.0,16086690.0,Shri Sat Paul Sharma (2025-31),Sitting Rajya Sabha,Jammu And Kashmir
6a932b5ecd944524379ee22f,Shri Constandine Ravindran (2026-32),Sitting Rajya Sabha,Tamil Nadu,Rajya Sabha,49356476.5,0.0,0.0,0,0,0.0,0.0,0.0,0.0,0,49356476.5,0.0,Shri Constandine Ravindran (2026-32),Sitting Rajya Sabha,Tamil Nadu
6a932b5ecd944524379ee235,Shri Dilip Kumar Ray (2026-32),Sitting Rajya Sabha,Odisha,Rajya Sabha,49000000.0,0.0,0.0,0,22,0.0,0.0,0.0,0.0,22,49000000.0,18100000.0,Shri Dilip Kumar Ray (2026-32),Sitting Rajya Sabha,Odisha
6a932b5ecd944524379ee2b2,Shri Ujjwal Deorao Nikam (2025-31),Nominated Rajya Sabha,Maharashtra,Rajya Sabha,73500000.0,0.0,0.0,0,0,0.0,0.0,0.0,0.0,0,73500000.0,0.0,Shri Ujjwal Deorao Nikam (2025-31),Nominated Rajya Sabha,Maharashtra
6a932b5ecd944524379ee231,Shri Debashish Samantaray (2026-30),Sitting Rajya Sabha,Odisha,Rajya Sabha,23800006.0,0.0,0.0,0,0,0.0,0.0,0.0,0.0,0,23800006.0,0.0,Shri Debashish Samantaray (2026-30),Sitting Rajya Sabha,Odisha
