work_id,_id,state,state_hi,district,district_hi,location,location_hi,category,category_hi,cost,completion_date,completion_year,beneficiaries,work_description,work_description_hi,mp_id,mp_name,mp_house,mp_constituency,status,standard_cost,work_date,workId,estimated_cost,status_hi,recommended_date,recommended_year,house,lsTerm,expected_beneficiaries,hasPayments,totalPaid,paymentCount,standard_category,sector
142382.0,6a932bb5cd94452437a1be1f,Kerala,Kerala,PATHANAMTHITTA,PATHANAMTHITTA,PATHANAMTHITTA(DISTRICT COLLECTOR PATHANAMTHITTA_IDA),PATHANAMTHITTA(DISTRICT COLLECTOR PATHANAMTHITTA_IDA),Normal/Others,Normal/Others,221132.0,2025-12-16T00:00:00.000Z,2025.0,0.0,Providing 8 Meter LED Mini Mast Light at Adichippuzha Panampara Colony (ST),Providing 8 Meter LED Mini Mast Light at Adichippuzha Panampara Colony (ST),,Anto Antony,,PATHANAMTHITTA,Completed,221132,2025-12-16T00:00:00.000Z,,,,,,,,,,,,"Electricity, Lighting & Solar Energy",Physical Infrastructure
142392.0,6a932bb5cd94452437a1c0c7,Kerala,Kerala,PATHANAMTHITTA,PATHANAMTHITTA,PATHANAMTHITTA(DISTRICT COLLECTOR PATHANAMTHITTA_IDA),PATHANAMTHITTA(DISTRICT COLLECTOR PATHANAMTHITTA_IDA),Normal/Others,Normal/Others,218788.0,2025-12-22T00:00:00.000Z,2025.0,0.0,"Providing 8 Meter LED Mini Mast Light at Juma Masjid, Kummannoor in Aruvappulam Grama Panchayat.","Providing 8 Meter LED Mini Mast Light at Juma Masjid, Kummannoor in Aruvappulam Grama Panchayat.",,Anto Antony,,PATHANAMTHITTA,Completed,218788,2025-12-22T00:00:00.000Z,,,,,,,,,,,,"Electricity, Lighting & Solar Energy",Physical Infrastructure
142394.0,6a932bb5cd94452437a1d51f,Kerala,Kerala,PATHANAMTHITTA,PATHANAMTHITTA,PATHANAMTHITTA(DISTRICT COLLECTOR PATHANAMTHITTA_IDA),PATHANAMTHITTA(DISTRICT COLLECTOR PATHANAMTHITTA_IDA),Normal/Others,Normal/Others,218788.0,2026-02-27T00:00:00.000Z,2026.0,0.0,Providing 8 Meter LED Mini Mast Light at Kottampara ST Colony in Aruvappulam Grama Panchayat. (ST),Providing 8 Meter LED Mini Mast Light at Kottampara ST Colony in Aruvappulam Grama Panchayat. (ST),,Anto Antony,,PATHANAMTHITTA,Completed,218788,2026-02-27T00:00:00.000Z,,,,,,,,,,,,"Electricity, Lighting & Solar Energy",Physical Infrastructure
142407.0,6a932bb5cd94452437a1c264,Kerala,Kerala,PATHANAMTHITTA,PATHANAMTHITTA,PATHANAMTHITTA(DISTRICT COLLECTOR PATHANAMTHITTA_IDA),PATHANAMTHITTA(DISTRICT COLLECTOR PATHANAMTHITTA_IDA),Normal/Others,Normal/Others,219831.0,2025-12-28T00:00:00.000Z,2025.0,0.0,Providing 8 Meter LED Mini Mast Light at  Perumkoickal Colony  in Eandimangalam Grama Panchayat (SC),Providing 8 Meter LED Mini Mast Light at  Perumkoickal Colony  in Eandimangalam Grama Panchayat (SC),,Anto Antony,,PATHANAMTHITTA,Completed,219831,2025-12-28T00:00:00.000Z,,,,,,,,,,,,"Electricity, Lighting & Solar Energy",Physical Infrastructure
142409.0,6a932bb5cd94452437a1c268,Kerala,Kerala,PATHANAMTHITTA,PATHANAMTHITTA,PATHANAMTHITTA(DISTRICT COLLECTOR PATHANAMTHITTA_IDA),PATHANAMTHITTA(DISTRICT COLLECTOR PATHANAMTHITTA_IDA),Normal/Others,Normal/Others,219831.0,2025-12-28T00:00:00.000Z,2025.0,0.0,Providing 8 Meter LED Mini Mast Light at Vellarankunnu SC Colony  in Ezhamkulam Grama Panchayat (SC),Providing 8 Meter LED Mini Mast Light at Vellarankunnu SC Colony  in Ezhamkulam Grama Panchayat (SC),,Anto Antony,,PATHANAMTHITTA,Completed,219831,2025-12-28T00:00:00.000Z,,,,,,,,,,,,"Electricity, Lighting & Solar Energy",Physical Infrastructure
142692.0,6a932bb5cd94452437a1a6a7,Kerala,Kerala,ERNAKULAM,ERNAKULAM,ERNAKULAM(DISTRICT COLLECTOR ERNAKULAM_IDA),ERNAKULAM(DISTRICT COLLECTOR ERNAKULAM_IDA),Normal/Others,Normal/Others,352070.0,2025-09-26T00:00:00.000Z,2025.0,0.0,"Purchase of 10 Laptops for St.marys AIHS, Fortkochi","Purchase of 10 Laptops for St.marys AIHS, Fortkochi",,Shri Hibi Eden,,ERNAKULAM,Completed,352070,2025-09-26T00:00:00.000Z,,,,,,,,,,,,Other Civil & Development Works,General Development & Maintenance
142694.0,6a932bb5cd94452437a1a6a3,Kerala,Kerala,ERNAKULAM,ERNAKULAM,ERNAKULAM(DISTRICT COLLECTOR ERNAKULAM_IDA),ERNAKULAM(DISTRICT COLLECTOR ERNAKULAM_IDA),Normal/Others,Normal/Others,70414.0,2025-09-26T00:00:00.000Z,2025.0,0.0,"Purchase of 2 Laptops for St.Peters LP School, Kumbalangy","Purchase of 2 Laptops for St.Peters LP School, Kumbalangy",,Shri Hibi Eden,,ERNAKULAM,Completed,70414,2025-09-26T00:00:00.000Z,,,,,,,,,,,,Education & School Infrastructure,Social Infrastructure
142700.0,6a932bb5cd94452437a1a6a5,Kerala,Kerala,ERNAKULAM,ERNAKULAM,ERNAKULAM(DISTRICT COLLECTOR ERNAKULAM_IDA),ERNAKULAM(DISTRICT COLLECTOR ERNAKULAM_IDA),Normal/Others,Normal/Others,140828.0,2025-09-26T00:00:00.000Z,2025.0,0.0,"Purchase of 4 Laptops for St.marys LP School, Chellanam","Purchase of 4 Laptops for St.marys LP School, Chellanam",,Shri Hibi Eden,,ERNAKULAM,Completed,140828,2025-09-26T00:00:00.000Z,,,,,,,,,,,,Education & School Infrastructure,Social Infrastructure
142706.0,6a932bb5cd94452437a1ad12,Kerala,Kerala,ERNAKULAM,ERNAKULAM,ERNAKULAM(DISTRICT COLLECTOR ERNAKULAM_IDA),ERNAKULAM(DISTRICT COLLECTOR ERNAKULAM_IDA),Normal/Others,Normal/Others,176035.0,2025-10-13T00:00:00.000Z,2025.0,0.0,Purchase of 5 Laptops for Govt.HSS Eloor,Purchase of 5 Laptops for Govt.HSS Eloor,,Shri Hibi Eden,,ERNAKULAM,Completed,176035,2025-10-13T00:00:00.000Z,,,,,,,,,,,,Other Civil & Development Works,General Development & Maintenance
143151.0,6a932bb5cd94452437a1ad11,Kerala,Kerala,ERNAKULAM,ERNAKULAM,ERNAKULAM(DISTRICT COLLECTOR ERNAKULAM_IDA),ERNAKULAM(DISTRICT COLLECTOR ERNAKULAM_IDA),Normal/Others,Normal/Others,2196400.0,2025-10-13T00:00:00.000Z,2025.0,0.0,"Purchase of School bus For St.Marys UP School, West Cheranalloor","Purchase of School bus For St.Marys UP School, West Cheranalloor",,Shri Hibi Eden,,ERNAKULAM,Completed,2196400,2025-10-13T00:00:00.000Z,,,,,,,,,,,,Education & School Infrastructure,Social Infrastructure
143934.0,6a932bb5cd94452437a1d3d9,Kerala,Kerala,IDUKKI,IDUKKI,IDUKKI(DISTRICT COLLECTOR IDUKKI_IDA),IDUKKI(DISTRICT COLLECTOR IDUKKI_IDA),Normal/Others,Normal/Others,2447960.0,2026-02-25T00:00:00.000Z,2026.0,0.0,"Purchasing of School Bus for Govt.L.P.School- Third Camp in PampadumparaGramapanchayathu ,Nedumkandom Block.","Purchasing of School Bus for Govt.L.P.School- Third Camp in PampadumparaGramapanchayathu ,Nedumkandom Block.",,Adv Dean Kuriakose,,IDUKKI,Completed,2447960,2026-02-25T00:00:00.000Z,,,,,,,,,,,,Education & School Infrastructure,Social Infrastructure
144140.0,6a932bb5cd94452437a19a9a,Kerala,Kerala,IDUKKI,IDUKKI,IDUKKI(DISTRICT COLLECTOR IDUKKI_IDA),IDUKKI(DISTRICT COLLECTOR IDUKKI_IDA),Normal/Others,Normal/Others,215496.0,2025-08-22T00:00:00.000Z,2025.0,0.0,"Installation of Mini mast light ( 8Mtr,Octogonal  pole LED Flood Light 150 Wx5 no.s) at Pannoor Ambalam Jn. ,Ward 09 ,Karimannoor Panchayathu in  Elamdesham Block","Installation of Mini mast light ( 8Mtr,Octogonal  pole LED Flood Light 150 Wx5 no.s) at Pannoor Ambalam Jn. ,Ward 09 ,Karimannoor Panchayathu in  Elamdesham Block",,Adv Dean Kuriakose,,IDUKKI,Completed,215496,2025-08-22T00:00:00.000Z,,,,,,,,,,,,"Electricity, Lighting & Solar Energy",Physical Infrastructure
144146.0,6a932bb5cd94452437a1c232,Kerala,Kerala,IDUKKI,IDUKKI,IDUKKI(DISTRICT COLLECTOR IDUKKI_IDA),IDUKKI(DISTRICT COLLECTOR IDUKKI_IDA),Normal/Others,Normal/Others,207949.0,2025-12-26T00:00:00.000Z,2025.0,0.0,"Installation of Minimast light at (8Mtr,Octogonal  pole LED Flood Light 150 Wx5 no.s) at Paloorkkavu Jn. In Peruvanthanam GP Azutha Block","Installation of Minimast light at (8Mtr,Octogonal  pole LED Flood Light 150 Wx5 no.s) at Paloorkkavu Jn. In Peruvanthanam GP Azutha Block",,Adv Dean Kuriakose,,IDUKKI,Completed,207949,2025-12-26T00:00:00.000Z,,,,,,,,,,,,"Electricity, Lighting & Solar Energy",Physical Infrastructure
144149.0,6a932bb5cd94452437a19c07,Kerala,Kerala,IDUKKI,IDUKKI,IDUKKI(DISTRICT COLLECTOR IDUKKI_IDA),IDUKKI(DISTRICT COLLECTOR IDUKKI_IDA),Normal/Others,Normal/Others,207949.0,2025-08-26T00:00:00.000Z,2025.0,0.0,"Installation of Minimast light (8Mtr,Octogonal  pole LED Flood Light 150 Wx5 no.s) at Ezhalloor Temple Junction, Kumaramangalam Panchayath, Thodupuzha Block .","Installation of Minimast light (8Mtr,Octogonal  pole LED Flood Light 150 Wx5 no.s) at Ezhalloor Temple Junction, Kumaramangalam Panchayath, Thodupuzha Block .",,Adv Dean Kuriakose,,IDUKKI,Completed,207949,2025-08-26T00:00:00.000Z,,,,,,,,,,,,"Electricity, Lighting & Solar Energy",Physical Infrastructure
144151.0,6a932bb5cd94452437a1c211,Kerala,Kerala,IDUKKI,IDUKKI,IDUKKI(DISTRICT COLLECTOR IDUKKI_IDA),IDUKKI(DISTRICT COLLECTOR IDUKKI_IDA),Normal/Others,Normal/Others,207949.0,2025-12-26T00:00:00.000Z,2025.0,0.0,"Installation of Minimast light (8Mtr,Octogonal  pole LED Flood Light 150 Wx5 no.s) at Kanayankavayal, Peruvanthanam G.P, Azhutha Block","Installation of Minimast light (8Mtr,Octogonal  pole LED Flood Light 150 Wx5 no.s) at Kanayankavayal, Peruvanthanam G.P, Azhutha Block",,Adv Dean Kuriakose,,IDUKKI,Completed,207949,2025-12-26T00:00:00.000Z,,,,,,,,,,,,"Electricity, Lighting & Solar Energy",Physical Infrastructure
144154.0,6a932bb5cd94452437a19a8b,Kerala,Kerala,IDUKKI,IDUKKI,IDUKKI(DISTRICT COLLECTOR IDUKKI_IDA),IDUKKI(DISTRICT COLLECTOR IDUKKI_IDA),Normal/Others,Normal/Others,207949.0,2025-08-22T00:00:00.000Z,2025.0,0.0,"Installation of Minimast light(8Mtr,Octogonal  pole LED Flood Light 150 Wx5 no.s) at 70 Acre – S Valavu Jn,Vannappuram GP, Elamdesham Block","Installation of Minimast light(8Mtr,Octogonal  pole LED Flood Light 150 Wx5 no.s) at 70 Acre – S Valavu Jn,Vannappuram GP, Elamdesham Block",,Adv Dean Kuriakose,,IDUKKI,Completed,207949,2025-08-22T00:00:00.000Z,,,,,,,,,,,,"Electricity, Lighting & Solar Energy",Physical Infrastructure
144166.0,6a932bb5cd94452437a1d629,Kerala,Kerala,IDUKKI,IDUKKI,ERNAKULAM(DISTRICT COLLECTOR ERNAKULAM_IDA),ERNAKULAM(DISTRICT COLLECTOR ERNAKULAM_IDA),Normal/Others,Normal/Others,215496.0,2026-03-04T00:00:00.000Z,2026.0,0.0,"Installation of minimast light    (8Mtr,Octogonal  pole LED Flood Light 150 Wx5 no.s ) at Mavudi Jn. in Ward 3, Pothanikkad GP,Kothamangalam Block","Installation of minimast light    (8Mtr,Octogonal  pole LED Flood Light 150 Wx5 no.s ) at Mavudi Jn. in Ward 3, Pothanikkad GP,Kothamangalam Block",,Adv Dean Kuriakose,,IDUKKI,Completed,215496,2026-03-04T00:00:00.000Z,,,,,,,,,,,,"Electricity, Lighting & Solar Energy",Physical Infrastructure
144168.0,6a932bb5cd94452437a1c538,Kerala,Kerala,IDUKKI,IDUKKI,ERNAKULAM(DISTRICT COLLECTOR ERNAKULAM_IDA),ERNAKULAM(DISTRICT COLLECTOR ERNAKULAM_IDA),Normal/Others,Normal/Others,207949.0,2026-01-07T00:00:00.000Z,2026.0,0.0,"Installation of minimast light    (8Mtr,Octogonal  pole LED Flood Light 150 Wx5 no.s)  at Irshadul Islam Jama'th Jn., Ward-VI, Koottamvely, Pallarimangalam GP, Kothamangalam Block","Installation of minimast light    (8Mtr,Octogonal  pole LED Flood Light 150 Wx5 no.s)  at Irshadul Islam Jama'th Jn., Ward-VI, Koottamvely, Pallarimangalam GP, Kothamangalam Block",,Adv Dean Kuriakose,,IDUKKI,Completed,207949,2026-01-07T00:00:00.000Z,,,,,,,,,,,,"Electricity, Lighting & Solar Energy",Physical Infrastructure
144173.0,6a932bb5cd94452437a1c53c,Kerala,Kerala,IDUKKI,IDUKKI,ERNAKULAM(DISTRICT COLLECTOR ERNAKULAM_IDA),ERNAKULAM(DISTRICT COLLECTOR ERNAKULAM_IDA),Normal/Others,Normal/Others,215496.0,2026-01-07T00:00:00.000Z,2026.0,0.0,"Installation of minimast light    (8Mtr,Octogonal  pole LED Flood Light 150 Wx5 no.s)  at Ayankara jn in Paingottor G.P, Kothamangalam Block","Installation of minimast light    (8Mtr,Octogonal  pole LED Flood Light 150 Wx5 no.s)  at Ayankara jn in Paingottor G.P, Kothamangalam Block",,Adv Dean Kuriakose,,IDUKKI,Completed,215496,2026-01-07T00:00:00.000Z,,,,,,,,,,,,"Electricity, Lighting & Solar Energy",Physical Infrastructure
144178.0,6a932bb5cd94452437a1d621,Kerala,Kerala,IDUKKI,IDUKKI,ERNAKULAM(DISTRICT COLLECTOR ERNAKULAM_IDA),ERNAKULAM(DISTRICT COLLECTOR ERNAKULAM_IDA),Normal/Others,Normal/Others,207949.0,2026-03-04T00:00:00.000Z,2026.0,0.0,"Installation of minimast light    ( 8Mtr,Octogonal  pole LED Flood Light 150 Wx5 no.s)  at Ottakkandom- Pareppady Jn.in Paingottor G.P, Kothamangalam Block","Installation of minimast light    ( 8Mtr,Octogonal  pole LED Flood Light 150 Wx5 no.s)  at Ottakkandom- Pareppady Jn.in Paingottor G.P, Kothamangalam Block",,Adv Dean Kuriakose,,IDUKKI,Completed,207949,2026-03-04T00:00:00.000Z,,,,,,,,,,,,"Electricity, Lighting & Solar Energy",Physical Infrastructure
144180.0,6a932bb5cd94452437a1c53b,Kerala,Kerala,IDUKKI,IDUKKI,ERNAKULAM(DISTRICT COLLECTOR ERNAKULAM_IDA),ERNAKULAM(DISTRICT COLLECTOR ERNAKULAM_IDA),Normal/Others,Normal/Others,215496.0,2026-01-07T00:00:00.000Z,2026.0,0.0,"Installation of minimast light    ( 8Mtr,Octogonal  pole LED Flood Light 150 Wx5 no.s)  at Panankara jn in Paingottor G.P, Kothamangalam Block","Installation of minimast light    ( 8Mtr,Octogonal  pole LED Flood Light 150 Wx5 no.s)  at Panankara jn in Paingottor G.P, Kothamangalam Block",,Adv Dean Kuriakose,,IDUKKI,Completed,215496,2026-01-07T00:00:00.000Z,,,,,,,,,,,,"Electricity, Lighting & Solar Energy",Physical Infrastructure
144182.0,6a932bb5cd94452437a1c7b4,Kerala,Kerala,IDUKKI,IDUKKI,ERNAKULAM(DISTRICT COLLECTOR ERNAKULAM_IDA),ERNAKULAM(DISTRICT COLLECTOR ERNAKULAM_IDA),Normal/Others,Normal/Others,215496.0,2026-01-14T00:00:00.000Z,2026.0,0.0,"Installation of minimast light    (8Mtr,Octogonal  pole LED Flood Light 150 Wx5 no.s) at Neduvakkadu- Pittappillil jn in Paingottor G.P, Kothamangalam Block","Installation of minimast light    (8Mtr,Octogonal  pole LED Flood Light 150 Wx5 no.s) at Neduvakkadu- Pittappillil jn in Paingottor G.P, Kothamangalam Block",,Adv Dean Kuriakose,,IDUKKI,Completed,215496,2026-01-14T00:00:00.000Z,,,,,,,,,,,,"Electricity, Lighting & Solar Energy",Physical Infrastructure
144235.0,6a932bb5cd94452437a1c7b1,Kerala,Kerala,IDUKKI,IDUKKI,ERNAKULAM(DISTRICT COLLECTOR ERNAKULAM_IDA),ERNAKULAM(DISTRICT COLLECTOR ERNAKULAM_IDA),Normal/Others,Normal/Others,207949.0,2026-01-14T00:00:00.000Z,2026.0,0.0,"Installation of minimast light    ( 8Mtr,Octogonal  pole LED Flood Light 150 Wx5 no.s) at Thekkepunnamattom - Marian Vin jn.inPaingottor G.P,Kothamangalam Block","Installation of minimast light    ( 8Mtr,Octogonal  pole LED Flood Light 150 Wx5 no.s) at Thekkepunnamattom - Marian Vin jn.inPaingottor G.P,Kothamangalam Block",,Adv Dean Kuriakose,,IDUKKI,Completed,207949,2026-01-14T00:00:00.000Z,,,,,,,,,,,,"Electricity, Lighting & Solar Energy",Physical Infrastructure
144270.0,6a932bb5cd94452437a1ca56,Kerala,Kerala,IDUKKI,IDUKKI,ERNAKULAM(DISTRICT COLLECTOR ERNAKULAM_IDA),ERNAKULAM(DISTRICT COLLECTOR ERNAKULAM_IDA),Normal/Others,Normal/Others,207949.0,2026-01-28T00:00:00.000Z,2026.0,0.0,"Minimast light (8Mtr,Octogonal  pole LED Flood Light 150 Wx5 no.s) at Beslahem Jn., Ayavana GP,Muvatupuzha Block","Minimast light (8Mtr,Octogonal  pole LED Flood Light 150 Wx5 no.s) at Beslahem Jn., Ayavana GP,Muvatupuzha Block",,Adv Dean Kuriakose,,IDUKKI,Completed,207949,2026-01-28T00:00:00.000Z,,,,,,,,,,,,"Electricity, Lighting & Solar Energy",Physical Infrastructure
144273.0,6a932bb5cd94452437a1d678,Kerala,Kerala,IDUKKI,IDUKKI,ERNAKULAM(DISTRICT COLLECTOR ERNAKULAM_IDA),ERNAKULAM(DISTRICT COLLECTOR ERNAKULAM_IDA),Normal/Others,Normal/Others,207949.0,2026-03-06T00:00:00.000Z,2026.0,0.0,"Minimast light (8Mtr,Octogonal  pole LED Flood Light 150 Wx5 no.s) at Ullappilli 19 Muslim Palli Jn., Ward. VII, Marady GP, Muvattupuzha Block","Minimast light (8Mtr,Octogonal  pole LED Flood Light 150 Wx5 no.s) at Ullappilli 19 Muslim Palli Jn., Ward. VII, Marady GP, Muvattupuzha Block",,Adv Dean Kuriakose,,IDUKKI,Completed,207949,2026-03-06T00:00:00.000Z,,,,,,,,,,,,"Electricity, Lighting & Solar Energy",Physical Infrastructure
144275.0,6a932bb5cd94452437a1d675,Kerala,Kerala,IDUKKI,IDUKKI,ERNAKULAM(DISTRICT COLLECTOR ERNAKULAM_IDA),ERNAKULAM(DISTRICT COLLECTOR ERNAKULAM_IDA),Normal/Others,Normal/Others,207949.0,2026-03-06T00:00:00.000Z,2026.0,0.0,"Installation of minimast light    (8Mtr,Octogonal  pole LED Flood Light 150 Wx5 no.s) near Govt.LP School-Kayanadu in Marady G.P,Muvatupuzha Block","Installation of minimast light    (8Mtr,Octogonal  pole LED Flood Light 150 Wx5 no.s) near Govt.LP School-Kayanadu in Marady G.P,Muvatupuzha Block",,Adv Dean Kuriakose,,IDUKKI,Completed,207949,2026-03-06T00:00:00.000Z,,,,,,,,,,,,Education & School Infrastructure,Social Infrastructure
144277.0,6a932bb5cd94452437a1d6bb,Kerala,Kerala,IDUKKI,IDUKKI,ERNAKULAM(DISTRICT COLLECTOR ERNAKULAM_IDA),ERNAKULAM(DISTRICT COLLECTOR ERNAKULAM_IDA),Normal/Others,Normal/Others,215496.0,2026-03-17T00:00:00.000Z,2026.0,0.0,"Installation of Minimast light (8Mtr,Octogonal  pole LED Flood Light 150 Wx5 no.s) at Central Juma Masjid Jn., ward 2, PaipraG.P,Muvatupuzha Block","Installation of Minimast light (8Mtr,Octogonal  pole LED Flood Light 150 Wx5 no.s) at Central Juma Masjid Jn., ward 2, PaipraG.P,Muvatupuzha Block",,Adv Dean Kuriakose,,IDUKKI,Completed,215496,2026-03-17T00:00:00.000Z,,,,,,,,,,,,"Electricity, Lighting & Solar Energy",Physical Infrastructure
144279.0,6a932bb5cd94452437a1d6b1,Kerala,Kerala,IDUKKI,IDUKKI,ERNAKULAM(DISTRICT COLLECTOR ERNAKULAM_IDA),ERNAKULAM(DISTRICT COLLECTOR ERNAKULAM_IDA),Normal/Others,Normal/Others,207949.0,2026-03-06T00:00:00.000Z,2026.0,0.0,"Installation of minimast light    ( 8Mtr,Octogonal  pole LED Flood Light 150 Wx5 no.s)  at Muhiyudheen Juma Masjid Jn, Ward 10, Madakkathannam,Manjalloor G.P.Muvatupuzha Block","Installation of minimast light    ( 8Mtr,Octogonal  pole LED Flood Light 150 Wx5 no.s)  at Muhiyudheen Juma Masjid Jn, Ward 10, Madakkathannam,Manjalloor G.P.Muvatupuzha Block",,Adv Dean Kuriakose,,IDUKKI,Completed,207949,2026-03-06T00:00:00.000Z,,,,,,,,,,,,"Electricity, Lighting & Solar Energy",Physical Infrastructure
144723.0,6a932bb5cd94452437a1d67a,Kerala,Kerala,IDUKKI,IDUKKI,ERNAKULAM(DISTRICT COLLECTOR ERNAKULAM_IDA),ERNAKULAM(DISTRICT COLLECTOR ERNAKULAM_IDA),Normal/Others,Normal/Others,215496.0,2026-03-06T00:00:00.000Z,2026.0,0.0,"Installation of minimast light (8Mtr,Octogonal  pole LED Flood Light 150 Wx5 no.s) at Kayanadu Shoolam Anjilichuvadu jn.,Marady G.P, Muvatupuzha Block","Installation of minimast light (8Mtr,Octogonal  pole LED Flood Light 150 Wx5 no.s) at Kayanadu Shoolam Anjilichuvadu jn.,Marady G.P, Muvatupuzha Block",,Adv Dean Kuriakose,,IDUKKI,Completed,215496,2026-03-06T00:00:00.000Z,,,,,,,,,,,,"Electricity, Lighting & Solar Energy",Physical Infrastructure
144725.0,6a932bb5cd94452437a1d6b5,Kerala,Kerala,IDUKKI,IDUKKI,ERNAKULAM(DISTRICT COLLECTOR ERNAKULAM_IDA),ERNAKULAM(DISTRICT COLLECTOR ERNAKULAM_IDA),Normal/Others,Normal/Others,215496.0,2026-03-17T00:00:00.000Z,2026.0,0.0,"Installation of minimast light    ( 8Mtr,Octogonal  pole LED Flood Light 150 Wx5 no.s)  at Pallithazham Canal Bund Jn., ward. 5, Paipra GP, Muvattupuzha Block","Installation of minimast light    ( 8Mtr,Octogonal  pole LED Flood Light 150 Wx5 no.s)  at Pallithazham Canal Bund Jn., ward. 5, Paipra GP, Muvattupuzha Block",,Adv Dean Kuriakose,,IDUKKI,Completed,215496,2026-03-17T00:00:00.000Z,,,,,,,,,,,,"Electricity, Lighting & Solar Energy",Physical Infrastructure
144731.0,6a932bb5cd94452437a1d6b2,Kerala,Kerala,IDUKKI,IDUKKI,ERNAKULAM(DISTRICT COLLECTOR ERNAKULAM_IDA),ERNAKULAM(DISTRICT COLLECTOR ERNAKULAM_IDA),Normal/Others,Normal/Others,207949.0,2026-03-07T00:00:00.000Z,2026.0,0.0,"Installation of minimast light    ( 8Mtr,Octogonal  pole LED Flood Light 150 Wx5 no.s)  at Maniyathadam Colony Jn. , Ward 06 & 11, Manjalloor GP, Muvattupuzha Block","Installation of minimast light    ( 8Mtr,Octogonal  pole LED Flood Light 150 Wx5 no.s)  at Maniyathadam Colony Jn. , Ward 06 & 11, Manjalloor GP, Muvattupuzha Block",,Adv Dean Kuriakose,,IDUKKI,Completed,207949,2026-03-07T00:00:00.000Z,,,,,,,,,,,,"Electricity, Lighting & Solar Energy",Physical Infrastructure
144749.0,6a932bb5cd94452437a19493,Kerala,Kerala,IDUKKI,IDUKKI,ERNAKULAM(DISTRICT COLLECTOR ERNAKULAM_IDA),ERNAKULAM(DISTRICT COLLECTOR ERNAKULAM_IDA),Normal/Others,Normal/Others,215496.0,2025-08-01T00:00:00.000Z,2025.0,0.0,"Installation of minimast light    (8Mtr,Octogonal  pole LED Flood Light 150 Wx5 no.s) at Kavum Bhagam, Kozhippilly in Palakkuzha G.P, Pampakkuda Block","Installation of minimast light    (8Mtr,Octogonal  pole LED Flood Light 150 Wx5 no.s) at Kavum Bhagam, Kozhippilly in Palakkuzha G.P, Pampakkuda Block",,Adv Dean Kuriakose,,IDUKKI,Completed,215496,2025-08-01T00:00:00.000Z,,,,,,,,,,,,"Electricity, Lighting & Solar Energy",Physical Infrastructure
144751.0,6a932bb5cd94452437a1df07,Kerala,Kerala,IDUKKI,IDUKKI,ERNAKULAM(DISTRICT COLLECTOR ERNAKULAM_IDA),ERNAKULAM(DISTRICT COLLECTOR ERNAKULAM_IDA),Normal/Others,Normal/Others,215496.0,2026-04-07T00:00:00.000Z,2026.0,0.0,"Installation of minimast light   (8Mtr,Octogonal  pole LED Flood Light 150 Wx5 no.s  )  at Kakshayi Chirapadi jn, Ward 20, Nellikuzhi GP,Kothamangalam Block","Installation of minimast light   (8Mtr,Octogonal  pole LED Flood Light 150 Wx5 no.s  )  at Kakshayi Chirapadi jn, Ward 20, Nellikuzhi GP,Kothamangalam Block",,Adv Dean Kuriakose,,IDUKKI,Completed,215496,2026-04-07T00:00:00.000Z,,,,,,,,,,,,"Electricity, Lighting & Solar Energy",Physical Infrastructure
144753.0,6a932bb5cd94452437a1d626,Kerala,Kerala,IDUKKI,IDUKKI,ERNAKULAM(DISTRICT COLLECTOR ERNAKULAM_IDA),ERNAKULAM(DISTRICT COLLECTOR ERNAKULAM_IDA),Normal/Others,Normal/Others,215496.0,2026-03-04T00:00:00.000Z,2026.0,0.0,"Installation of minimast light    (8Mtr,Octogonal  pole LED Flood Light 150 Wx5 no.s )  at Thangalpadi Jn. Ward 20, Nellikuzhi GP, Kothamangalam Block","Installation of minimast light    (8Mtr,Octogonal  pole LED Flood Light 150 Wx5 no.s )  at Thangalpadi Jn. Ward 20, Nellikuzhi GP, Kothamangalam Block",,Adv Dean Kuriakose,,IDUKKI,Completed,215496,2026-03-04T00:00:00.000Z,,,,,,,,,,,,"Electricity, Lighting & Solar Energy",Physical Infrastructure
144755.0,6a932bb5cd94452437a1ba3a,Kerala,Kerala,IDUKKI,IDUKKI,ERNAKULAM(DISTRICT COLLECTOR ERNAKULAM_IDA),ERNAKULAM(DISTRICT COLLECTOR ERNAKULAM_IDA),Normal/Others,Normal/Others,215496.0,2025-12-01T00:00:00.000Z,2025.0,0.0,"Installation of minimast light    (8Mtr,Octogonal  pole LED Flood Light 150 Wx5 no.s)  at Sadham Nagar Jn, ward-11, Nellikkuzhy GP, Kothamangalam Block","Installation of minimast light    (8Mtr,Octogonal  pole LED Flood Light 150 Wx5 no.s)  at Sadham Nagar Jn, ward-11, Nellikkuzhy GP, Kothamangalam Block",,Adv Dean Kuriakose,,IDUKKI,Completed,215496,2025-12-01T00:00:00.000Z,,,,,,,,,,,,"Electricity, Lighting & Solar Energy",Physical Infrastructure
144757.0,6a932bb5cd94452437a1df06,Kerala,Kerala,IDUKKI,IDUKKI,ERNAKULAM(DISTRICT COLLECTOR ERNAKULAM_IDA),ERNAKULAM(DISTRICT COLLECTOR ERNAKULAM_IDA),Normal/Others,Normal/Others,215496.0,2026-04-07T00:00:00.000Z,2026.0,0.0,"Installation of minimast light    (8Mtr,Octogonal  pole LED Flood Light 150 Wx5 no.s) at  Kuriappara Molam Jn, Ward-09, Nellikkuzhy GP, Kothamangalam Block","Installation of minimast light    (8Mtr,Octogonal  pole LED Flood Light 150 Wx5 no.s) at  Kuriappara Molam Jn, Ward-09, Nellikkuzhy GP, Kothamangalam Block",,Adv Dean Kuriakose,,IDUKKI,Completed,215496,2026-04-07T00:00:00.000Z,,,,,,,,,,,,"Electricity, Lighting & Solar Energy",Physical Infrastructure
144759.0,6a932bb5cd94452437a1b40c,Kerala,Kerala,IDUKKI,IDUKKI,ERNAKULAM(DISTRICT COLLECTOR ERNAKULAM_IDA),ERNAKULAM(DISTRICT COLLECTOR ERNAKULAM_IDA),Normal/Others,Normal/Others,207949.0,2025-11-10T00:00:00.000Z,2025.0,0.0,"Installation of minimast light    (8Mtr,Octogonal  pole LED Flood Light 150 Wx5 no.s)  at Masjidulslam Jn, Ward 09, Nellikkuzhy GP, Kothamangalam Block","Installation of minimast light    (8Mtr,Octogonal  pole LED Flood Light 150 Wx5 no.s)  at Masjidulslam Jn, Ward 09, Nellikkuzhy GP, Kothamangalam Block",,Adv Dean Kuriakose,,IDUKKI,Completed,207949,2025-11-10T00:00:00.000Z,,,,,,,,,,,,"Electricity, Lighting & Solar Energy",Physical Infrastructure
145308.0,6a932bb5cd94452437a1aaee,Kerala,Kerala,IDUKKI,IDUKKI,ERNAKULAM(DISTRICT COLLECTOR ERNAKULAM_IDA),ERNAKULAM(DISTRICT COLLECTOR ERNAKULAM_IDA),Normal/Others,Normal/Others,435725.0,2025-10-09T00:00:00.000Z,2025.0,0.0,"Concreting of Mannarkkunnu- Achilamkunnu road in Palakkuzha G.P,Pampakkuda Block","Concreting of Mannarkkunnu- Achilamkunnu road in Palakkuzha G.P,Pampakkuda Block",,Adv Dean Kuriakose,,IDUKKI,Completed,435725,2025-10-09T00:00:00.000Z,,,,,,,,,,,,Roads & Pathways,Physical Infrastructure
145754.0,6a932bb5cd94452437a1aedd,Kerala,Kerala,IDUKKI,IDUKKI,ERNAKULAM(DISTRICT COLLECTOR ERNAKULAM_IDA),ERNAKULAM(DISTRICT COLLECTOR ERNAKULAM_IDA),Normal/Others,Normal/Others,207949.0,2025-10-17T00:00:00.000Z,2025.0,0.0,"Installation of minimast light    (8Mtr,Octogonal  pole LED Flood Light 150 Wx5 no.s)  at PallippadyJn.,in ward 20th  Mathirappally of Kothamangalam Municipality","Installation of minimast light    (8Mtr,Octogonal  pole LED Flood Light 150 Wx5 no.s)  at PallippadyJn.,in ward 20th  Mathirappally of Kothamangalam Municipality",,Adv Dean Kuriakose,,IDUKKI,Completed,207949,2025-10-17T00:00:00.000Z,,,,,,,,,,,,"Electricity, Lighting & Solar Energy",Physical Infrastructure
145767.0,6a932bb5cd94452437a1aed2,Kerala,Kerala,IDUKKI,IDUKKI,ERNAKULAM(DISTRICT COLLECTOR ERNAKULAM_IDA),ERNAKULAM(DISTRICT COLLECTOR ERNAKULAM_IDA),Normal/Others,Normal/Others,207949.0,2025-10-17T00:00:00.000Z,2025.0,0.0,"Installation of minimast light    (8Mtr,Octogonal  pole LED Flood Light 150 Wx5 no.s)  at M.A College jn.in ward 19 College of  Kothamangalam Municipality","Installation of minimast light    (8Mtr,Octogonal  pole LED Flood Light 150 Wx5 no.s)  at M.A College jn.in ward 19 College of  Kothamangalam Municipality",,Adv Dean Kuriakose,,IDUKKI,Completed,207949,2025-10-17T00:00:00.000Z,,,,,,,,,,,,Education & School Infrastructure,Social Infrastructure
145772.0,6a932bb5cd94452437a1ab5c,Kerala,Kerala,IDUKKI,IDUKKI,ERNAKULAM(DISTRICT COLLECTOR ERNAKULAM_IDA),ERNAKULAM(DISTRICT COLLECTOR ERNAKULAM_IDA),Normal/Others,Normal/Others,215496.0,2025-10-09T00:00:00.000Z,2025.0,0.0,"Installation of minimast light    (8Mtr,Octogonal  pole LED Flood Light 150 Wx5 no.s) at Cheladu- Pallithazham Jn, in ward 5 Cheladu of Kothamangalam Municipality","Installation of minimast light    (8Mtr,Octogonal  pole LED Flood Light 150 Wx5 no.s) at Cheladu- Pallithazham Jn, in ward 5 Cheladu of Kothamangalam Municipality",,Adv Dean Kuriakose,,IDUKKI,Completed,215496,2025-10-09T00:00:00.000Z,,,,,,,,,,,,"Electricity, Lighting & Solar Energy",Physical Infrastructure
145774.0,6a932bb5cd94452437a1ad48,Kerala,Kerala,IDUKKI,IDUKKI,ERNAKULAM(DISTRICT COLLECTOR ERNAKULAM_IDA),ERNAKULAM(DISTRICT COLLECTOR ERNAKULAM_IDA),Normal/Others,Normal/Others,215496.0,2025-10-14T00:00:00.000Z,2025.0,0.0,"Installation of minimast light    (8Mtr,Octogonal  pole LED Flood Light 150 Wx5 no.s)  at Maramangalam colony palam.,in ward 13 Maramangalam of  Kothamangalam Municipality","Installation of minimast light    (8Mtr,Octogonal  pole LED Flood Light 150 Wx5 no.s)  at Maramangalam colony palam.,in ward 13 Maramangalam of  Kothamangalam Municipality",,Adv Dean Kuriakose,,IDUKKI,Completed,215496,2025-10-14T00:00:00.000Z,,,,,,,,,,,,"Electricity, Lighting & Solar Energy",Physical Infrastructure
145777.0,6a932bb5cd94452437a1aeee,Kerala,Kerala,IDUKKI,IDUKKI,ERNAKULAM(DISTRICT COLLECTOR ERNAKULAM_IDA),ERNAKULAM(DISTRICT COLLECTOR ERNAKULAM_IDA),Normal/Others,Normal/Others,207949.0,2025-10-17T00:00:00.000Z,2025.0,0.0,"Installation of minimast light    (8Mtr,Octogonal  pole LED Flood Light 150 Wx5 no.s)  on Vimalagiri-Thankalam Bypass at Chakravarthy hostel jn., in ward 30 Town South of Kothamangalam Municipality","Installation of minimast light    (8Mtr,Octogonal  pole LED Flood Light 150 Wx5 no.s)  on Vimalagiri-Thankalam Bypass at Chakravarthy hostel jn., in ward 30 Town South of Kothamangalam Municipality",,Adv Dean Kuriakose,,IDUKKI,Completed,207949,2025-10-17T00:00:00.000Z,,,,,,,,,,,,"Electricity, Lighting & Solar Energy",Physical Infrastructure
134093.0,6a932bb5cd94452437a18b86,Kerala,Kerala,PATHANAMTHITTA,PATHANAMTHITTA,KOTTAYAM(DISTRICT COLLECTOR KOTTAYAM_IDA),KOTTAYAM(DISTRICT COLLECTOR KOTTAYAM_IDA),Normal/Others,Normal/Others,294496.0,2025-07-04T00:00:00.000Z,2025.0,0.0,Concreting of Muslim Pally- Kannamthanam Kadavu Road in Erumely Grama Panchayat.,Concreting of Muslim Pally- Kannamthanam Kadavu Road in Erumely Grama Panchayat.,,Anto Antony,,PATHANAMTHITTA,Completed,294496,2025-07-04T00:00:00.000Z,,,,,,,,,,,,Roads & Pathways,Physical Infrastructure
134095.0,6a932bb5cd94452437a1caf2,Kerala,Kerala,PATHANAMTHITTA,PATHANAMTHITTA,KOTTAYAM(DISTRICT COLLECTOR KOTTAYAM_IDA),KOTTAYAM(DISTRICT COLLECTOR KOTTAYAM_IDA),Normal/Others,Normal/Others,176535.0,2026-01-29T00:00:00.000Z,2026.0,0.0,"Providing Five Computer and Accessories to St: Joseph's High School, Kannimala in Mundakkayam Grama Panchayat.","Providing Five Computer and Accessories to St: Joseph's High School, Kannimala in Mundakkayam Grama Panchayat.",,Anto Antony,,PATHANAMTHITTA,Completed,176535,2026-01-29T00:00:00.000Z,,,,,,,,,,,,Education & School Infrastructure,Social Infrastructure
134100.0,6a932bb5cd94452437a1a884,Kerala,Kerala,PATHANAMTHITTA,PATHANAMTHITTA,KOTTAYAM(DISTRICT COLLECTOR KOTTAYAM_IDA),KOTTAYAM(DISTRICT COLLECTOR KOTTAYAM_IDA),Normal/Others,Normal/Others,218570.0,2025-09-29T00:00:00.000Z,2025.0,0.0,Proving 8 Meter LED Mini Mast Light at Koovakkavu Sree Subhanandasramam Junction in Manimala Grama Panchayat.,Proving 8 Meter LED Mini Mast Light at Koovakkavu Sree Subhanandasramam Junction in Manimala Grama Panchayat.,,Anto Antony,,PATHANAMTHITTA,Completed,218570,2025-09-29T00:00:00.000Z,,,,,,,,,,,,"Electricity, Lighting & Solar Energy",Physical Infrastructure
134104.0,6a932bb5cd94452437a1afc8,Kerala,Kerala,PATHANAMTHITTA,PATHANAMTHITTA,KOTTAYAM(DISTRICT COLLECTOR KOTTAYAM_IDA),KOTTAYAM(DISTRICT COLLECTOR KOTTAYAM_IDA),Normal/Others,Normal/Others,219694.0,2025-10-24T00:00:00.000Z,2025.0,0.0,Proving 8 Meter LED Minimast Light at Velathusseri Town in Teekoy Grama Panchayat.,Proving 8 Meter LED Minimast Light at Velathusseri Town in Teekoy Grama Panchayat.,,Anto Antony,,PATHANAMTHITTA,Completed,219694,2025-10-24T00:00:00.000Z,,,,,,,,,,,,"Electricity, Lighting & Solar Energy",Physical Infrastructure
134123.0,6a932bb5cd94452437a16583,Kerala,Kerala,KOLLAM,KOLLAM,KOLLAM(DISTRICT COLLECTOR KOLLAM_IDA),KOLLAM(DISTRICT COLLECTOR KOLLAM_IDA),Normal/Others,Normal/Others,4740188.0,2024-12-06T00:00:00.000Z,2024.0,0.0,Construction of building for Kadamancode Tribal LP School in Kulathupuzha Grama Panchayat in  Punalur Constituency (ST),Construction of building for Kadamancode Tribal LP School in Kulathupuzha Grama Panchayat in  Punalur Constituency (ST),,Shri NK Premachandran,,KOLLAM,Completed,4740188,2024-12-06T00:00:00.000Z,,,,,,,,,,,,Education & School Infrastructure,Social Infrastructure
134137.0,6a932bb5cd94452437a16925,Kerala,Kerala,KOLLAM,KOLLAM,KOLLAM(DISTRICT COLLECTOR KOLLAM_IDA),KOLLAM(DISTRICT COLLECTOR KOLLAM_IDA),Normal/Others,Normal/Others,512291.0,2025-02-21T00:00:00.000Z,2025.0,0.0,Construction of Building (Second Floor) for Aduthala Tagore Memorial Library in  Chathanoor Constituency,Construction of Building (Second Floor) for Aduthala Tagore Memorial Library in  Chathanoor Constituency,,Shri NK Premachandran,,KOLLAM,Completed,512291,2025-02-21T00:00:00.000Z,,,,,,,,,,,,Education & School Infrastructure,Social Infrastructure
134143.0,6a932bb5cd94452437a1657a,Kerala,Kerala,KOLLAM,KOLLAM,KOLLAM(DISTRICT COLLECTOR KOLLAM_IDA),KOLLAM(DISTRICT COLLECTOR KOLLAM_IDA),Normal/Others,Normal/Others,1182588.0,2024-10-28T00:00:00.000Z,2024.0,0.0,"Construction of Building for Brothers Library & Reading room, Puthenchantha at  Panmana Grama panchayath in Chavara Constituency.","Construction of Building for Brothers Library & Reading room, Puthenchantha at  Panmana Grama panchayath in Chavara Constituency.",,Shri NK Premachandran,,KOLLAM,Completed,1182588,2024-10-28T00:00:00.000Z,,,,,,,,,,,,Education & School Infrastructure,Social Infrastructure
134145.0,6a932bb5cd94452437a16602,Kerala,Kerala,KOLLAM,KOLLAM,KOLLAM(DISTRICT COLLECTOR KOLLAM_IDA),KOLLAM(DISTRICT COLLECTOR KOLLAM_IDA),Normal/Others,Normal/Others,96867.0,2024-09-27T00:00:00.000Z,2024.0,0.0,Construction of Building for Sri.Vidhyadiraja Arts and Sports Club in Panmana Grama Panchayat of Chavra constituency,Construction of Building for Sri.Vidhyadiraja Arts and Sports Club in Panmana Grama Panchayat of Chavra constituency,,Shri NK Premachandran,,KOLLAM,Completed,96867,2024-09-27T00:00:00.000Z,,,,,,,,,,,,"Health, Sanitation & Public Hygiene",Public Health & Basic Amenities
135014.0,6a932bb5cd94452437a1a882,Kerala,Kerala,KOLLAM,KOLLAM,KOLLAM(DISTRICT COLLECTOR KOLLAM_IDA),KOLLAM(DISTRICT COLLECTOR KOLLAM_IDA),Normal/Others,Normal/Others,812911.0,2025-09-29T00:00:00.000Z,2025.0,0.0,Construction of Reading room High Range Arts and Sports Club Kulathupuzha GP in Anchal BP,Construction of Reading room High Range Arts and Sports Club Kulathupuzha GP in Anchal BP,,Shri NK Premachandran,,KOLLAM,Completed,812911,2025-09-29T00:00:00.000Z,,,,,,,,,,,,"Health, Sanitation & Public Hygiene",Public Health & Basic Amenities
138112.0,6a932bb5cd94452437a16590,Kerala,Kerala,MAVELIKKARA,MAVELIKKARA,KOLLAM(DISTRICT COLLECTOR KOLLAM_IDA),KOLLAM(DISTRICT COLLECTOR KOLLAM_IDA),Normal/Others,Normal/Others,1254628.0,2024-09-09T00:00:00.000Z,2024.0,0.0,"Construction of side protection wall and concreating of Erattakottu Palanirappil road in ward 8, Neduvathur Grama Panchayath (SC)","Construction of side protection wall and concreating of Erattakottu Palanirappil road in ward 8, Neduvathur Grama Panchayath (SC)",,Shri Suresh Kodikunnil,,MAVELIKKARA,Completed,1254628,2024-09-09T00:00:00.000Z,,,,,,,,,,,,Roads & Pathways,Physical Infrastructure
138959.0,6a932bb5cd94452437a16b85,Kerala,Kerala,MAVELIKKARA,MAVELIKKARA,KOLLAM(DISTRICT COLLECTOR KOLLAM_IDA),KOLLAM(DISTRICT COLLECTOR KOLLAM_IDA),Normal/Others,Normal/Others,904595.0,2024-12-27T00:00:00.000Z,2024.0,0.0,"Construction of Open Air auditorium to Eswaravilasom UPS, Madanthacode in Kareepra Grama Panchayath","Construction of Open Air auditorium to Eswaravilasom UPS, Madanthacode in Kareepra Grama Panchayath",,Shri Suresh Kodikunnil,,MAVELIKKARA,Completed,904595,2024-12-27T00:00:00.000Z,,,,,,,,,,,,Other Civil & Development Works,General Development & Maintenance
139280.0,6a932bb5cd94452437a1aa48,Kerala,Kerala,ALAPPUZHA,ALAPPUZHA,ALAPPUZHA(DISTRICT COLLECTOR ALAPPUZHA_IDA),ALAPPUZHA(DISTRICT COLLECTOR ALAPPUZHA_IDA),Normal/Others,Normal/Others,2222622.0,2025-10-08T00:00:00.000Z,2025.0,0.0,"Purchase of a bus for OLFLPS, Vellappally","Purchase of a bus for OLFLPS, Vellappally",,K. C VENUGOPAL,,ALAPPUZHA,Completed,2222622,2025-10-08T00:00:00.000Z,,,,,,,,,,,,Other Civil & Development Works,General Development & Maintenance
140055.0,6a932bb5cd94452437a1b194,Kerala,Kerala,ERNAKULAM,ERNAKULAM,ERNAKULAM(DISTRICT COLLECTOR ERNAKULAM_IDA),ERNAKULAM(DISTRICT COLLECTOR ERNAKULAM_IDA),Normal/Others,Normal/Others,2257000.0,2025-10-29T00:00:00.000Z,2025.0,0.0,"Purchase of a school bus for St.Marys CGHS, Ernakulam","Purchase of a school bus for St.Marys CGHS, Ernakulam",,Shri Hibi Eden,,ERNAKULAM,Completed,2257000,2025-10-29T00:00:00.000Z,,,,,,,,,,,,Education & School Infrastructure,Social Infrastructure
140240.0,6a932bb5cd94452437a166cf,Kerala,Kerala,MAVELIKKARA,MAVELIKKARA,KOLLAM(DISTRICT COLLECTOR KOLLAM_IDA),KOLLAM(DISTRICT COLLECTOR KOLLAM_IDA),Normal/Others,Normal/Others,1406283.0,2024-10-30T00:00:00.000Z,2024.0,0.0,Construction of Pera- St.John's Marthoma Church- Cheruvalloore Road in Ummannoor Grama Panchayath,Construction of Pera- St.John's Marthoma Church- Cheruvalloore Road in Ummannoor Grama Panchayath,,Shri Suresh Kodikunnil,,MAVELIKKARA,Completed,1406283,2024-10-30T00:00:00.000Z,,,,,,,,,,,,Roads & Pathways,Physical Infrastructure
141848.0,6a932bb5cd94452437a1c4f0,Kerala,Kerala,KANNUR,KANNUR,KANNUR(DISTRICT COLLECTOR KANNUR_IDA),KANNUR(DISTRICT COLLECTOR KANNUR_IDA),Normal/Others,Normal/Others,604098.0,2026-01-07T00:00:00.000Z,2026.0,0.0,Odakkund Anganwadi-Karaka-Neeliyanipadi-Road Tarring,Odakkund Anganwadi-Karaka-Neeliyanipadi-Road Tarring,,Shri Kumbakudi Sudhakaran,,KANNUR,Completed,604098,2026-01-07T00:00:00.000Z,,,,,,,,,,,,Roads & Pathways,Physical Infrastructure
141853.0,6a932bb5cd94452437a1d3c7,Kerala,Kerala,KANNUR,KANNUR,KANNUR(DISTRICT COLLECTOR KANNUR_IDA),KANNUR(DISTRICT COLLECTOR KANNUR_IDA),Normal/Others,Normal/Others,655610.0,2026-02-23T00:00:00.000Z,2026.0,0.0,Chakkarakkal Kollikkampoyil Road-Tarring,Chakkarakkal Kollikkampoyil Road-Tarring,,Shri Kumbakudi Sudhakaran,,KANNUR,Completed,655610,2026-02-23T00:00:00.000Z,,,,,,,,,,,,Roads & Pathways,Physical Infrastructure
141865.0,6a932bb5cd94452437a1d5c2,Kerala,Kerala,KANNUR,KANNUR,KANNUR(DISTRICT COLLECTOR KANNUR_IDA),KANNUR(DISTRICT COLLECTOR KANNUR_IDA),Normal/Others,Normal/Others,496254.0,2026-03-03T00:00:00.000Z,2026.0,0.0,Neerveli-Kulamkunnath kattilpura -Road-Tarring,Neerveli-Kulamkunnath kattilpura -Road-Tarring,,Shri Kumbakudi Sudhakaran,,KANNUR,Completed,496254,2026-03-03T00:00:00.000Z,,,,,,,,,,,,Roads & Pathways,Physical Infrastructure
141963.0,6a932bb5cd94452437a1b94a,Kerala,Kerala,ALAPPUZHA,ALAPPUZHA,ALAPPUZHA(DISTRICT COLLECTOR ALAPPUZHA_IDA),ALAPPUZHA(DISTRICT COLLECTOR ALAPPUZHA_IDA),Normal/Others,Normal/Others,499776.0,2025-11-27T00:00:00.000Z,2025.0,0.0,"Maths – Computer Lab Furnishing for Govt. Girls HSS, Cherthala
    1) MDF Table for Teacher with one draw and one cupboard 120cmx60cmx75cm – 1 No.
    2) Lap Top Table for student with side partition (8 seating) 880cmx50cmx75cm with one draw with Lock in each seat – 1 No.
    3) Lap Top Table for student with side partition (7 seating) 560cmx50cmx75cm with one draw with Lock in each seat – 1 No.
    4) Lap Top Table for student 560cmx110cmx75cm (14 seating) with central & side partition, etc","Maths – Computer Lab Furnishing for Govt. Girls HSS, Cherthala
    1) MDF Table for Teacher with one draw and one cupboard 120cmx60cmx75cm – 1 No.
    2) Lap Top Table for student with side partition (8 seating) 880cmx50cmx75cm with one draw with Lock in each seat – 1 No.
    3) Lap Top Table for student with side partition (7 seating) 560cmx50cmx75cm with one draw with Lock in each seat – 1 No.
    4) Lap Top Table for student 560cmx110cmx75cm (14 seating) with central & side partition, etc",,K. C VENUGOPAL,,ALAPPUZHA,Completed,499776,2025-11-27T00:00:00.000Z,,,,,,,,,,,,Education & School Infrastructure,Social Infrastructure
142062.0,6a932bb5cd94452437a19c09,Kerala,Kerala,PATHANAMTHITTA,PATHANAMTHITTA,KOTTAYAM(DISTRICT COLLECTOR KOTTAYAM_IDA),KOTTAYAM(DISTRICT COLLECTOR KOTTAYAM_IDA),Normal/Others,Normal/Others,217501.0,2025-08-26T00:00:00.000Z,2025.0,0.0,Providing 8 Meters LED Mini Mast Light at Thumarampara ST Colony (Sahrudaya Bhagam) in Erumely Grama Panchayat. (ST),Providing 8 Meters LED Mini Mast Light at Thumarampara ST Colony (Sahrudaya Bhagam) in Erumely Grama Panchayat. (ST),,Anto Antony,,PATHANAMTHITTA,Completed,217501,2025-08-26T00:00:00.000Z,,,,,,,,,,,,"Electricity, Lighting & Solar Energy",Physical Infrastructure
142065.0,6a932bb5cd94452437a1cc51,Kerala,Kerala,PATHANAMTHITTA,PATHANAMTHITTA,KOTTAYAM(DISTRICT COLLECTOR KOTTAYAM_IDA),KOTTAYAM(DISTRICT COLLECTOR KOTTAYAM_IDA),Normal/Others,Normal/Others,215789.0,2026-02-02T00:00:00.000Z,2026.0,0.0,"Providing 8 Meter LED Mini Mast Light at Cathedral Junction (St. Dominic’s Church, Kanjirappally) ion in Kanjirappally Grama Panchayat.","Providing 8 Meter LED Mini Mast Light at Cathedral Junction (St. Dominic’s Church, Kanjirappally) ion in Kanjirappally Grama Panchayat.",,Anto Antony,,PATHANAMTHITTA,Completed,215789,2026-02-02T00:00:00.000Z,,,,,,,,,,,,"Electricity, Lighting & Solar Energy",Physical Infrastructure
142067.0,6a932bb5cd94452437a1e209,Kerala,Kerala,PATHANAMTHITTA,PATHANAMTHITTA,KOTTAYAM(DISTRICT COLLECTOR KOTTAYAM_IDA),KOTTAYAM(DISTRICT COLLECTOR KOTTAYAM_IDA),Normal/Others,Normal/Others,496079.0,2026-05-14T00:00:00.000Z,2026.0,0.0,Interlock and Concreting of St. Mary’s Shrine – Anakkayam Road. (Thampalakkadu) in Kanjirappally Grama Panchayat.,Interlock and Concreting of St. Mary’s Shrine – Anakkayam Road. (Thampalakkadu) in Kanjirappally Grama Panchayat.,,Anto Antony,,PATHANAMTHITTA,Completed,496079,2026-05-14T00:00:00.000Z,,,,,,,,,,,,Roads & Pathways,Physical Infrastructure
142070.0,6a932bb5cd94452437a1a968,Kerala,Kerala,PATHANAMTHITTA,PATHANAMTHITTA,KOTTAYAM(DISTRICT COLLECTOR KOTTAYAM_IDA),KOTTAYAM(DISTRICT COLLECTOR KOTTAYAM_IDA),Normal/Others,Normal/Others,217501.0,2025-10-04T00:00:00.000Z,2025.0,0.0,Providing 8 Meter LED Mini Mast Light at Vengakkunnu Bhagam in Mundakkayam Grama Panchayat. (SC),Providing 8 Meter LED Mini Mast Light at Vengakkunnu Bhagam in Mundakkayam Grama Panchayat. (SC),,Anto Antony,,PATHANAMTHITTA,Completed,217501,2025-10-04T00:00:00.000Z,,,,,,,,,,,,"Electricity, Lighting & Solar Energy",Physical Infrastructure
142074.0,6a932bb5cd94452437a1dcba,Kerala,Kerala,PATHANAMTHITTA,PATHANAMTHITTA,KOTTAYAM(DISTRICT COLLECTOR KOTTAYAM_IDA),KOTTAYAM(DISTRICT COLLECTOR KOTTAYAM_IDA),Normal/Others,Normal/Others,215789.0,2026-03-26T00:00:00.000Z,2026.0,0.0,"Providing 8 Meter LED Mini Mast Light at Masjidul Khadiriyya Muslim Jama Ath Junction, Chotty in Mundakkayam Grama Panchayat.","Providing 8 Meter LED Mini Mast Light at Masjidul Khadiriyya Muslim Jama Ath Junction, Chotty in Mundakkayam Grama Panchayat.",,Anto Antony,,PATHANAMTHITTA,Completed,215789,2026-03-26T00:00:00.000Z,,,,,,,,,,,,"Electricity, Lighting & Solar Energy",Physical Infrastructure
142077.0,6a932bb5cd94452437a1e20c,Kerala,Kerala,PATHANAMTHITTA,PATHANAMTHITTA,KOTTAYAM(DISTRICT COLLECTOR KOTTAYAM_IDA),KOTTAYAM(DISTRICT COLLECTOR KOTTAYAM_IDA),Normal/Others,Normal/Others,483960.0,2026-04-27T00:00:00.000Z,2026.0,0.0,Construction of Bus Waiting Shed at Grama Panchayath Office Junction in Nedumkunnam Grama Panchayat.,Construction of Bus Waiting Shed at Grama Panchayath Office Junction in Nedumkunnam Grama Panchayat.,,Anto Antony,,PATHANAMTHITTA,Completed,483960,2026-04-27T00:00:00.000Z,,,,,,,,,,,,Community Centers & Halls,Social Infrastructure
142080.0,6a932bb5cd94452437a1ce19,Kerala,Kerala,PATHANAMTHITTA,PATHANAMTHITTA,KOTTAYAM(DISTRICT COLLECTOR KOTTAYAM_IDA),KOTTAYAM(DISTRICT COLLECTOR KOTTAYAM_IDA),Normal/Others,Normal/Others,218071.0,2026-02-06T00:00:00.000Z,2026.0,0.0,"Providing 8 Meter LED Mini Mast Light at St. Ephrem’s Church Junction, Thamarakkunnu in Chirakkadavu Grama Panchayat.","Providing 8 Meter LED Mini Mast Light at St. Ephrem’s Church Junction, Thamarakkunnu in Chirakkadavu Grama Panchayat.",,Anto Antony,,PATHANAMTHITTA,Completed,218071,2026-02-06T00:00:00.000Z,,,,,,,,,,,,"Electricity, Lighting & Solar Energy",Physical Infrastructure
142086.0,6a932bb5cd94452437a1991f,Kerala,Kerala,PATHANAMTHITTA,PATHANAMTHITTA,KOTTAYAM(DISTRICT COLLECTOR KOTTAYAM_IDA),KOTTAYAM(DISTRICT COLLECTOR KOTTAYAM_IDA),Normal/Others,Normal/Others,398467.0,2025-08-19T00:00:00.000Z,2025.0,0.0,Providing 10 Meter LED High Mast Light in front of Private Bus Stand in Kanjirappally Grama Panchayat.,Providing 10 Meter LED High Mast Light in front of Private Bus Stand in Kanjirappally Grama Panchayat.,,Anto Antony,,PATHANAMTHITTA,Completed,398467,2025-08-19T00:00:00.000Z,,,,,,,,,,,,"Electricity, Lighting & Solar Energy",Physical Infrastructure
147281.0,6a932bb5cd94452437a1d667,Kerala,Kerala,ALAPPUZHA,ALAPPUZHA,ALAPPUZHA(DISTRICT COLLECTOR ALAPPUZHA_IDA),ALAPPUZHA(DISTRICT COLLECTOR ALAPPUZHA_IDA),Normal/Others,Normal/Others,2884733.0,2026-03-06T00:00:00.000Z,2026.0,0.0,Construction of Valiyaveettil Chooravila Road in the 11th ward of Chingoli GP (SCP),Construction of Valiyaveettil Chooravila Road in the 11th ward of Chingoli GP (SCP),,K. C VENUGOPAL,,ALAPPUZHA,Completed,2884733,2026-03-06T00:00:00.000Z,,,,,,,,,,,,Roads & Pathways,Physical Infrastructure
147561.0,6a932bb5cd94452437a1a5d6,Kerala,Kerala,KANNUR,KANNUR,KANNUR(DISTRICT COLLECTOR KANNUR_IDA),KANNUR(DISTRICT COLLECTOR KANNUR_IDA),Normal/Others,Normal/Others,105000.0,2025-09-25T00:00:00.000Z,2025.0,0.0,Purchase of 01  Scooter With Side Wheel for Differently abled person- Kannur Corporation -Division-No.34,Purchase of 01  Scooter With Side Wheel for Differently abled person- Kannur Corporation -Division-No.34,,Shri Kumbakudi Sudhakaran,,KANNUR,Completed,105000,2025-09-25T00:00:00.000Z,,,,,,,,,,,,Other Civil & Development Works,General Development & Maintenance
147563.0,6a932bb5cd94452437a1a5df,Kerala,Kerala,KANNUR,KANNUR,KANNUR(DISTRICT COLLECTOR KANNUR_IDA),KANNUR(DISTRICT COLLECTOR KANNUR_IDA),Normal/Others,Normal/Others,105000.0,2025-09-25T00:00:00.000Z,2025.0,0.0,Purchase of 01 Scooter With Side Wheel for Differently abled person- Vengad Grama Panchayath -Ward-No.06,Purchase of 01 Scooter With Side Wheel for Differently abled person- Vengad Grama Panchayath -Ward-No.06,,Shri Kumbakudi Sudhakaran,,KANNUR,Completed,105000,2025-09-25T00:00:00.000Z,,,,,,,,,,,,Other Civil & Development Works,General Development & Maintenance
147565.0,6a932bb5cd94452437a1a5da,Kerala,Kerala,KANNUR,KANNUR,KANNUR(DISTRICT COLLECTOR KANNUR_IDA),KANNUR(DISTRICT COLLECTOR KANNUR_IDA),Normal/Others,Normal/Others,105000.0,2025-09-25T00:00:00.000Z,2025.0,0.0,Purchase of 01 Scooter With Side Wheel for Differently abled person- Mangattidam  Grama Panchayath -Ward-No.03,Purchase of 01 Scooter With Side Wheel for Differently abled person- Mangattidam  Grama Panchayath -Ward-No.03,,Shri Kumbakudi Sudhakaran,,KANNUR,Completed,105000,2025-09-25T00:00:00.000Z,,,,,,,,,,,,Other Civil & Development Works,General Development & Maintenance
148831.0,6a932bb5cd94452437a1e0b4,Kerala,Kerala,ALAPPUZHA,ALAPPUZHA,ALAPPUZHA(DISTRICT COLLECTOR ALAPPUZHA_IDA),ALAPPUZHA(DISTRICT COLLECTOR ALAPPUZHA_IDA),Normal/Others,Normal/Others,527850.0,2026-04-18T00:00:00.000Z,2026.0,0.0,Purchase of 15 laptops for SCUGVHSS Pattanakkad,Purchase of 15 laptops for SCUGVHSS Pattanakkad,,K. C VENUGOPAL,,ALAPPUZHA,Completed,527850,2026-04-18T00:00:00.000Z,,,,,,,,,,,,Other Civil & Development Works,General Development & Maintenance
149162.0,6a932bb5cd94452437a1936d,Kerala,Kerala,KASARAGOD,KASARAGOD,KASARAGOD(DISTRICT COLLECTOR KASARAGOD_IDA),KASARAGOD(DISTRICT COLLECTOR KASARAGOD_IDA),Normal/Others,Normal/Others,200000.0,2025-08-07T00:00:00.000Z,2025.0,0.0,"Purchase of Books for Jawahar Library  and Reading Room (Reg No- 4813/84)Barotty, Kolathur P.O, in Bedadukka Gramapanchayath","Purchase of Books for Jawahar Library  and Reading Room (Reg No- 4813/84)Barotty, Kolathur P.O, in Bedadukka Gramapanchayath",,Shri Rajmohan Unnithan ,,KASARAGOD,Completed,200000,2025-08-07T00:00:00.000Z,,,,,,,,,,,,Education & School Infrastructure,Social Infrastructure
149227.0,6a932bb5cd94452437a19b3c,Kerala,Kerala,KANNUR,KANNUR,KANNUR(DISTRICT COLLECTOR KANNUR_IDA),KANNUR(DISTRICT COLLECTOR KANNUR_IDA),Normal/Others,Normal/Others,299894.0,2025-08-23T00:00:00.000Z,2025.0,0.0,Installation of Mini Mast lights at Panniyoor-Pallivayal  Road Junction in Kurumathur Grama Panchayath –(08 Meter High Mast With 5x150 Watts -Flood LIGHT),Installation of Mini Mast lights at Panniyoor-Pallivayal  Road Junction in Kurumathur Grama Panchayath –(08 Meter High Mast With 5x150 Watts -Flood LIGHT),,Shri Kumbakudi Sudhakaran,,KANNUR,Completed,299894,2025-08-23T00:00:00.000Z,,,,,,,,,,,,Roads & Pathways,Physical Infrastructure
149229.0,6a932bb5cd94452437a19b1b,Kerala,Kerala,KANNUR,KANNUR,KANNUR(DISTRICT COLLECTOR KANNUR_IDA),KANNUR(DISTRICT COLLECTOR KANNUR_IDA),Normal/Others,Normal/Others,299894.0,2025-08-22T00:00:00.000Z,2025.0,0.0,"Installation of Mini Mast lights at
Cherukara Road Junction in Kurumathur  Grama Panchayath –(08 Meter High Mast With 5x150 Watts -Flood LIGHT)","Installation of Mini Mast lights at
Cherukara Road Junction in Kurumathur  Grama Panchayath –(08 Meter High Mast With 5x150 Watts -Flood LIGHT)",,Shri Kumbakudi Sudhakaran,,KANNUR,Completed,299894,2025-08-22T00:00:00.000Z,,,,,,,,,,,,Roads & Pathways,Physical Infrastructure
150114.0,6a932bb5cd94452437a186aa,Kerala,Kerala,KANNUR,KANNUR,KANNUR(DISTRICT COLLECTOR KANNUR_IDA),KANNUR(DISTRICT COLLECTOR KANNUR_IDA),Normal/Others,Normal/Others,2541665.0,2026-01-14T00:00:00.000Z,2026.0,0.0,"Purchase of School Bus For NSS Higher Secondary School, Alakode","Purchase of School Bus For NSS Higher Secondary School, Alakode",,Shri Kumbakudi Sudhakaran,,KANNUR,Completed,2541665,2026-01-14T00:00:00.000Z,,,,,,,,,,,,Education & School Infrastructure,Social Infrastructure
151229.0,6a932bb5cd94452437a1d5b3,Kerala,Kerala,MAVELIKKARA,MAVELIKKARA,KOTTAYAM(DISTRICT COLLECTOR KOTTAYAM_IDA),KOTTAYAM(DISTRICT COLLECTOR KOTTAYAM_IDA),Normal/Others,Normal/Others,418776.0,2026-03-02T00:00:00.000Z,2026.0,0.0,"Concreating of 515-Southern factorypadi - Cherickal Road in ward-3, Thrikkodithanam","Concreating of 515-Southern factorypadi - Cherickal Road in ward-3, Thrikkodithanam",,Shri Suresh Kodikunnil,,MAVELIKKARA,Completed,418776,2026-03-02T00:00:00.000Z,,,,,,,,,,,,Roads & Pathways,Physical Infrastructure
152483.0,6a932bb5cd94452437a1910b,Kerala,Kerala,CHALAKUDY,CHALAKUDY,ERNAKULAM(DISTRICT COLLECTOR ERNAKULAM_IDA),ERNAKULAM(DISTRICT COLLECTOR ERNAKULAM_IDA),Normal/Others,Normal/Others,1157959.0,2025-07-18T00:00:00.000Z,2025.0,0.0,CONSTRUCTION OF CREMATORIUM ROAD,CONSTRUCTION OF CREMATORIUM ROAD,,Shri Benny Behanan,,CHALAKUDY,Completed,1157959,2025-07-18T00:00:00.000Z,,,,,,,,,,,,Roads & Pathways,Physical Infrastructure
152778.0,6a932bb5cd94452437a1c357,Kerala,Kerala,KASARAGOD,KASARAGOD,KASARAGOD(DISTRICT COLLECTOR KASARAGOD_IDA),KASARAGOD(DISTRICT COLLECTOR KASARAGOD_IDA),Normal/Others,Normal/Others,298935.0,2026-01-01T00:00:00.000Z,2026.0,0.0,"installation of Mini High mast Light at Parappalli, Pullur village in Pullur Periya Grama Panchayath","installation of Mini High mast Light at Parappalli, Pullur village in Pullur Periya Grama Panchayath",,Shri Rajmohan Unnithan ,,KASARAGOD,Completed,298935,2026-01-01T00:00:00.000Z,,,,,,,,,,,,"Electricity, Lighting & Solar Energy",Physical Infrastructure
152781.0,6a932bb5cd94452437a1b2f4,Kerala,Kerala,KASARAGOD,KASARAGOD,KASARAGOD(DISTRICT COLLECTOR KASARAGOD_IDA),KASARAGOD(DISTRICT COLLECTOR KASARAGOD_IDA),Normal/Others,Normal/Others,298253.0,2025-11-05T00:00:00.000Z,2025.0,0.0,Mini High mast Light at Perumbala Junction Ward 3 of Chemnad Grama panchayath,Mini High mast Light at Perumbala Junction Ward 3 of Chemnad Grama panchayath,,Shri Rajmohan Unnithan ,,KASARAGOD,Completed,298253,2025-11-05T00:00:00.000Z,,,,,,,,,,,,"Electricity, Lighting & Solar Energy",Physical Infrastructure
152823.0,6a932bb5cd94452437a1c356,Kerala,Kerala,KASARAGOD,KASARAGOD,KASARAGOD(DISTRICT COLLECTOR KASARAGOD_IDA),KASARAGOD(DISTRICT COLLECTOR KASARAGOD_IDA),Normal/Others,Normal/Others,298935.0,2026-01-01T00:00:00.000Z,2026.0,0.0,"Installation of Street Light at Pullur Periya Manjanganam ST Colony area in 
Pullur Village Ward 14 Chalingal under ST Category","Installation of Street Light at Pullur Periya Manjanganam ST Colony area in 
Pullur Village Ward 14 Chalingal under ST Category",,Shri Rajmohan Unnithan ,,KASARAGOD,Completed,298935,2026-01-01T00:00:00.000Z,,,,,,,,,,,,"Electricity, Lighting & Solar Energy",Physical Infrastructure
152831.0,6a932bb5cd94452437a1c8a0,Kerala,Kerala,KASARAGOD,KASARAGOD,KASARAGOD(DISTRICT COLLECTOR KASARAGOD_IDA),KASARAGOD(DISTRICT COLLECTOR KASARAGOD_IDA),Normal/Others,Normal/Others,298239.0,2026-01-19T00:00:00.000Z,2026.0,0.0,"Mini High Mast Light near Bovis School, Parakkatta ( Ward 21)
in Mangalpady Grama panchayath","Mini High Mast Light near Bovis School, Parakkatta ( Ward 21)
in Mangalpady Grama panchayath",,Shri Rajmohan Unnithan ,,KASARAGOD,Completed,298239,2026-01-19T00:00:00.000Z,,,,,,,,,,,,Education & School Infrastructure,Social Infrastructure
152985.0,6a932bb5cd94452437a19b3f,Kerala,Kerala,KASARAGOD,KASARAGOD,KASARAGOD(DISTRICT COLLECTOR KASARAGOD_IDA),KASARAGOD(DISTRICT COLLECTOR KASARAGOD_IDA),Normal/Others,Normal/Others,299169.0,2025-08-26T00:00:00.000Z,2025.0,0.0,8th Mile-Balanadukkam surroundings at Ward 13 of Muliyar GP,8th Mile-Balanadukkam surroundings at Ward 13 of Muliyar GP,,Shri Rajmohan Unnithan ,,KASARAGOD,Completed,299169,2025-08-26T00:00:00.000Z,,,,,,,,,,,,Other Civil & Development Works,General Development & Maintenance
152989.0,6a932bb5cd94452437a1d5e9,Kerala,Kerala,KASARAGOD,KASARAGOD,KASARAGOD(DISTRICT COLLECTOR KASARAGOD_IDA),KASARAGOD(DISTRICT COLLECTOR KASARAGOD_IDA),Normal/Others,Normal/Others,298935.0,2026-03-03T00:00:00.000Z,2026.0,0.0,Near Mukkud Karakkunn Badar JumaMasjid Chithari Village (Ward 23),Near Mukkud Karakkunn Badar JumaMasjid Chithari Village (Ward 23),,Shri Rajmohan Unnithan ,,KASARAGOD,Completed,298935,2026-03-03T00:00:00.000Z,,,,,,,,,,,,Other Civil & Development Works,General Development & Maintenance
153011.0,6a932bb5cd94452437a1ca11,Kerala,Kerala,KASARAGOD,KASARAGOD,KASARAGOD(DISTRICT COLLECTOR KASARAGOD_IDA),KASARAGOD(DISTRICT COLLECTOR KASARAGOD_IDA),Normal/Others,Normal/Others,298239.0,2026-01-24T00:00:00.000Z,2026.0,0.0,"Mini High mast light at Jadeed Road Junction, Uppala Gate in Ward 2 of Mangalpady Gramapanchayath","Mini High mast light at Jadeed Road Junction, Uppala Gate in Ward 2 of Mangalpady Gramapanchayath",,Shri Rajmohan Unnithan ,,KASARAGOD,Completed,298239,2026-01-24T00:00:00.000Z,,,,,,,,,,,,Roads & Pathways,Physical Infrastructure
153109.0,6a932bb5cd94452437a1b370,Kerala,Kerala,IDUKKI,IDUKKI,ERNAKULAM(DISTRICT COLLECTOR ERNAKULAM_IDA),ERNAKULAM(DISTRICT COLLECTOR ERNAKULAM_IDA),Normal/Others,Normal/Others,1622000.0,2025-11-07T00:00:00.000Z,2025.0,0.0,Purchasing of school bus for NSS UP School- Trikkariyoor in ward 8th of  Pindimana grama panchayathu in Kothamangalm Block,Purchasing of school bus for NSS UP School- Trikkariyoor in ward 8th of  Pindimana grama panchayathu in Kothamangalm Block,,Adv Dean Kuriakose,,IDUKKI,Completed,1622000,2025-11-07T00:00:00.000Z,,,,,,,,,,,,Education & School Infrastructure,Social Infrastructure
153114.0,6a932bb5cd94452437a1c8f1,Kerala,Kerala,IDUKKI,IDUKKI,IDUKKI(DISTRICT COLLECTOR IDUKKI_IDA),IDUKKI(DISTRICT COLLECTOR IDUKKI_IDA),Normal/Others,Normal/Others,215496.0,2026-01-20T00:00:00.000Z,2026.0,0.0,"Installation of minimast light    (8Mtr,Octogonal  pole LED Flood Light 150 Wx5 no.s)  at Choodancity   in ward 11(Punnayar ward)  of Idukki -Kanjikkuzhy grama panchayathu , Idukki Block","Installation of minimast light    (8Mtr,Octogonal  pole LED Flood Light 150 Wx5 no.s)  at Choodancity   in ward 11(Punnayar ward)  of Idukki -Kanjikkuzhy grama panchayathu , Idukki Block",,Adv Dean Kuriakose,,IDUKKI,Completed,215496,2026-01-20T00:00:00.000Z,,,,,,,,,,,,"Electricity, Lighting & Solar Energy",Physical Infrastructure
153119.0,6a932bb5cd94452437a1c8ee,Kerala,Kerala,IDUKKI,IDUKKI,IDUKKI(DISTRICT COLLECTOR IDUKKI_IDA),IDUKKI(DISTRICT COLLECTOR IDUKKI_IDA),Normal/Others,Normal/Others,215496.0,2026-01-20T00:00:00.000Z,2026.0,0.0,"Installation of minimast light    (8Mtr,Octogonal  pole LED Flood Light 150 Wx5 no.s)  near  St.Thomas church  Churuly   at Murickassery jn. in ward 4/5 of Idukki -Kanjikkuzhy grama panchayathu , Idukki Block","Installation of minimast light    (8Mtr,Octogonal  pole LED Flood Light 150 Wx5 no.s)  near  St.Thomas church  Churuly   at Murickassery jn. in ward 4/5 of Idukki -Kanjikkuzhy grama panchayathu , Idukki Block",,Adv Dean Kuriakose,,IDUKKI,Completed,215496,2026-01-20T00:00:00.000Z,,,,,,,,,,,,"Electricity, Lighting & Solar Energy",Physical Infrastructure
153122.0,6a932bb5cd94452437a1ca4b,Kerala,Kerala,IDUKKI,IDUKKI,IDUKKI(DISTRICT COLLECTOR IDUKKI_IDA),IDUKKI(DISTRICT COLLECTOR IDUKKI_IDA),Normal/Others,Normal/Others,215496.0,2026-01-27T00:00:00.000Z,2026.0,0.0,"Installation of minimast light    (8Mtr,Octogonal  pole LED Flood Light 150 Wx5 no.s)  infront of Pullikkanam community hall   in ward 8  of Arakkulam grama panchayathu , Idukki Block(SC Category )","Installation of minimast light    (8Mtr,Octogonal  pole LED Flood Light 150 Wx5 no.s)  infront of Pullikkanam community hall   in ward 8  of Arakkulam grama panchayathu , Idukki Block(SC Category )",,Adv Dean Kuriakose,,IDUKKI,Completed,215496,2026-01-27T00:00:00.000Z,,,,,,,,,,,,Community Centers & Halls,Social Infrastructure
153126.0,6a932bb5cd94452437a1c8a1,Kerala,Kerala,IDUKKI,IDUKKI,IDUKKI(DISTRICT COLLECTOR IDUKKI_IDA),IDUKKI(DISTRICT COLLECTOR IDUKKI_IDA),Normal/Others,Normal/Others,215496.0,2026-01-19T00:00:00.000Z,2026.0,0.0,"Installation of minimast light    (8Mtr,Octogonal  pole LED Flood Light 150 Wx5 no.s)  at  Vathikkudy Jn.  in ward  14 of Vathikkudy  grama panchayathu , Idukki Block","Installation of minimast light    (8Mtr,Octogonal  pole LED Flood Light 150 Wx5 no.s)  at  Vathikkudy Jn.  in ward  14 of Vathikkudy  grama panchayathu , Idukki Block",,Adv Dean Kuriakose,,IDUKKI,Completed,215496,2026-01-19T00:00:00.000Z,,,,,,,,,,,,"Electricity, Lighting & Solar Energy",Physical Infrastructure
153140.0,6a932bb5cd94452437a1c125,Kerala,Kerala,IDUKKI,IDUKKI,IDUKKI(DISTRICT COLLECTOR IDUKKI_IDA),IDUKKI(DISTRICT COLLECTOR IDUKKI_IDA),Normal/Others,Normal/Others,207949.0,2025-12-23T00:00:00.000Z,2025.0,0.0,"Installation of minimast light    (8Mtr,Octogonal  pole LED Flood Light 150 Wx5 no.s)  at Cheruvallikkulam church  jn.   in ward 5  of Peruvanthanam   grama panchayathu ,Azhutha Block .","Installation of minimast light    (8Mtr,Octogonal  pole LED Flood Light 150 Wx5 no.s)  at Cheruvallikkulam church  jn.   in ward 5  of Peruvanthanam   grama panchayathu ,Azhutha Block .",,Adv Dean Kuriakose,,IDUKKI,Completed,207949,2025-12-23T00:00:00.000Z,,,,,,,,,,,,"Electricity, Lighting & Solar Energy",Physical Infrastructure
154175.0,6a932bb5cd94452437a1d6ab,Kerala,Kerala,KANNUR,KANNUR,KANNUR(DISTRICT COLLECTOR KANNUR_IDA),KANNUR(DISTRICT COLLECTOR KANNUR_IDA),Normal/Others,Normal/Others,526392.0,2026-03-06T00:00:00.000Z,2026.0,0.0,Kanichar  Grama Panchayath-Thannikunnu-Madappallithattu-Ward-XI-Road-Concreting,Kanichar  Grama Panchayath-Thannikunnu-Madappallithattu-Ward-XI-Road-Concreting,,Shri Kumbakudi Sudhakaran,,KANNUR,Completed,526392,2026-03-06T00:00:00.000Z,,,,,,,,,,,,Roads & Pathways,Physical Infrastructure
155227.0,6a932bb5cd94452437a1e3bc,Kerala,Kerala,IDUKKI,IDUKKI,IDUKKI(DISTRICT COLLECTOR IDUKKI_IDA),IDUKKI(DISTRICT COLLECTOR IDUKKI_IDA),Normal/Others,Normal/Others,995809.0,2026-05-12T00:00:00.000Z,2026.0,0.0,"Tarring  of Painavu- Mahavishnu Temple road in ward 12 of Vazhathoppu Gramapanchayathu,in Idukki village & Idukki Block","Tarring  of Painavu- Mahavishnu Temple road in ward 12 of Vazhathoppu Gramapanchayathu,in Idukki village & Idukki Block",,Adv Dean Kuriakose,,IDUKKI,Completed,995809,2026-05-12T00:00:00.000Z,,,,,,,,,,,,Roads & Pathways,Physical Infrastructure
156679.0,6a932bb5cd94452437a184cb,Kerala,Kerala,KOLLAM,KOLLAM,KOLLAM(DISTRICT COLLECTOR KOLLAM_IDA),KOLLAM(DISTRICT COLLECTOR KOLLAM_IDA),Normal/Others,Normal/Others,569369.0,2025-06-04T00:00:00.000Z,2025.0,0.0,Concreting of road from Kodakkayam Membermukku - Maniyaramukal in Vilavoorkonam Ward at Kalluvathukkal GP in Chathanoor Constituency,Concreting of road from Kodakkayam Membermukku - Maniyaramukal in Vilavoorkonam Ward at Kalluvathukkal GP in Chathanoor Constituency,,Shri NK Premachandran,,KOLLAM,Completed,569369,2025-06-04T00:00:00.000Z,,,,,,,,,,,,Roads & Pathways,Physical Infrastructure
156734.0,6a932bb5cd94452437a1ca12,Kerala,Kerala,ERNAKULAM,ERNAKULAM,ERNAKULAM(DISTRICT COLLECTOR ERNAKULAM_IDA),ERNAKULAM(DISTRICT COLLECTOR ERNAKULAM_IDA),Normal/Others,Normal/Others,1248805.0,2026-02-16T00:00:00.000Z,2026.0,0.0,"Construction of Puthiyakavu temple link road, ward 2, Udayamperoor GP","Construction of Puthiyakavu temple link road, ward 2, Udayamperoor GP",,Shri Hibi Eden,,ERNAKULAM,Completed,1248805,2026-02-16T00:00:00.000Z,,,,,,,,,,,,Roads & Pathways,Physical Infrastructure
156910.0,6a932bb5cd94452437a1e5d1,Kerala,Kerala,ALATHUR,ALATHUR,THRISSUR(DISTRICT COLLECTOR THRISSUR_IDA),THRISSUR(DISTRICT COLLECTOR THRISSUR_IDA),Normal/Others,Normal/Others,2010855.0,2026-08-22T00:00:00.000Z,2026.0,0.0,PULLUR PADAM ROAD CONSTRUCTION (SC),PULLUR PADAM ROAD CONSTRUCTION (SC),,K RADHAKRISHNAN,,ALATHUR,Completed,2010855,2026-08-22T00:00:00.000Z,,,,,,,,,,,,Roads & Pathways,Physical Infrastructure
156931.0,6a932bb5cd94452437a198d0,Kerala,Kerala,ALATHUR,ALATHUR,PALAKKAD(DISTRICT COLLECTOR PALAKKAD_IDA),PALAKKAD(DISTRICT COLLECTOR PALAKKAD_IDA),Normal/Others,Normal/Others,1998134.0,2026-02-17T00:00:00.000Z,2026.0,0.0,PURCHASE OF BUS TO  ALATHUR ASMMHS SCHOOL,PURCHASE OF BUS TO  ALATHUR ASMMHS SCHOOL,,K RADHAKRISHNAN,,ALATHUR,Completed,1998134,2026-02-17T00:00:00.000Z,,,,,,,,,,,,Education & School Infrastructure,Social Infrastructure
156940.0,6a932bb5cd94452437a19a32,Kerala,Kerala,ALATHUR,ALATHUR,PALAKKAD(DISTRICT COLLECTOR PALAKKAD_IDA),PALAKKAD(DISTRICT COLLECTOR PALAKKAD_IDA),Normal/Others,Normal/Others,1172934.0,2025-08-21T00:00:00.000Z,2025.0,0.0,KALLANKADAU FARM ROAD CONSTRUCTION,KALLANKADAU FARM ROAD CONSTRUCTION,,K RADHAKRISHNAN,,ALATHUR,Completed,1172934,2025-08-21T00:00:00.000Z,,,,,,,,,,,,Roads & Pathways,Physical Infrastructure
156944.0,6a932bb5cd94452437a1e7a8,Kerala,Kerala,ALATHUR,ALATHUR,PALAKKAD(DISTRICT COLLECTOR PALAKKAD_IDA),PALAKKAD(DISTRICT COLLECTOR PALAKKAD_IDA),Normal/Others,Normal/Others,2353898.0,2026-08-19T00:00:00.000Z,2026.0,0.0,CONSTRUCTION OF THOTTUMEDU  SC SANKETHAM ROAD (SC),CONSTRUCTION OF THOTTUMEDU  SC SANKETHAM ROAD (SC),,K RADHAKRISHNAN,,ALATHUR,Completed,2353898,2026-08-19T00:00:00.000Z,,,,,,,,,,,,Roads & Pathways,Physical Infrastructure
157100.0,6a932bb5cd94452437a1975d,Kerala,Kerala,KOTTAYAM,KOTTAYAM,KOTTAYAM(DISTRICT COLLECTOR KOTTAYAM_IDA),KOTTAYAM(DISTRICT COLLECTOR KOTTAYAM_IDA),Normal/Others,Normal/Others,1100000.0,2026-03-28T00:00:00.000Z,2026.0,0.0,"KFG/MPLADS/02/24
Providing Vehicle (Bolero G6.2) Jawahar Navodaya Vidyalaya, Vadavathoor","KFG/MPLADS/02/24
Providing Vehicle (Bolero G6.2) Jawahar Navodaya Vidyalaya, Vadavathoor",,ADV K FRANCIS GEORGE,,KOTTAYAM,Completed,1100000,2026-03-28T00:00:00.000Z,,,,,,,,,,,,Education & School Infrastructure,Social Infrastructure
158908.0,6a932bb5cd94452437a1c80b,Kerala,Kerala,KANNUR,KANNUR,KANNUR(DISTRICT COLLECTOR KANNUR_IDA),KANNUR(DISTRICT COLLECTOR KANNUR_IDA),Normal/Others,Normal/Others,251883.0,2026-01-16T00:00:00.000Z,2026.0,0.0,Providing 56 Nos of Street Light LED(35 W) at Various Location Under Kadambur-GP. Location- (1)Adoor Pavithran Peedika to Thendapram Mukku (2)Aadoor Keerthimangalam  Vasudeva Shethram Road  to Ambalam (3)Adoor Vayanasala-Nadukandi to Pavithran Veedu (4) Aadoor Thazhae KandiKalathil road to Thayyil Mukku,Providing 56 Nos of Street Light LED(35 W) at Various Location Under Kadambur-GP. Location- (1)Adoor Pavithran Peedika to Thendapram Mukku (2)Aadoor Keerthimangalam  Vasudeva Shethram Road  to Ambalam (3)Adoor Vayanasala-Nadukandi to Pavithran Veedu (4) Aadoor Thazhae KandiKalathil road to Thayyil Mukku,,Shri Kumbakudi Sudhakaran,,KANNUR,Completed,251883,2026-01-16T00:00:00.000Z,,,,,,,,,,,,Roads & Pathways,Physical Infrastructure
159274.0,6a932bb5cd94452437a1e78c,Kerala,Kerala,MAVELIKKARA,MAVELIKKARA,ALAPPUZHA(DISTRICT COLLECTOR ALAPPUZHA_IDA),ALAPPUZHA(DISTRICT COLLECTOR ALAPPUZHA_IDA),Normal/Others,Normal/Others,856398.0,2026-07-15T00:00:00.000Z,2026.0,0.0,"Concreating of road from Paramkimamvila-Mukuzhy Palliyambil Mukuzhy Link Road  in ward 16, Thamarakulam","Concreating of road from Paramkimamvila-Mukuzhy Palliyambil Mukuzhy Link Road  in ward 16, Thamarakulam",,Shri Suresh Kodikunnil,,MAVELIKKARA,Completed,856398,2026-07-15T00:00:00.000Z,,,,,,,,,,,,Roads & Pathways,Physical Infrastructure
160481.0,6a932bb5cd94452437a1cdec,Kerala,Kerala,KOTTAYAM,KOTTAYAM,KOTTAYAM(DISTRICT COLLECTOR KOTTAYAM_IDA),KOTTAYAM(DISTRICT COLLECTOR KOTTAYAM_IDA),Normal/Others,Normal/Others,634937.0,2026-02-06T00:00:00.000Z,2026.0,0.0,"KFG/MPLADS/09/24
Concreating Mahatma Road, Puthuppally","KFG/MPLADS/09/24
Concreating Mahatma Road, Puthuppally",,ADV K FRANCIS GEORGE,,KOTTAYAM,Completed,634937,2026-02-06T00:00:00.000Z,,,,,,,,,,,,Roads & Pathways,Physical Infrastructure
160502.0,6a932bb5cd94452437a1dce3,Kerala,Kerala,KOTTAYAM,KOTTAYAM,KOTTAYAM(DISTRICT COLLECTOR KOTTAYAM_IDA),KOTTAYAM(DISTRICT COLLECTOR KOTTAYAM_IDA),Normal/Others,Normal/Others,252624.0,2026-03-27T00:00:00.000Z,2026.0,0.0,"KFG/MPLADS/15/24
Concreating Nedumkary Eramalloor Padam Road, Ayarkunnam","KFG/MPLADS/15/24
Concreating Nedumkary Eramalloor Padam Road, Ayarkunnam",,ADV K FRANCIS GEORGE,,KOTTAYAM,Completed,252624,2026-03-27T00:00:00.000Z,,,,,,,,,,,,Roads & Pathways,Physical Infrastructure
160538.0,6a932bb5cd94452437a1e846,Kerala,Kerala,KOTTAYAM,KOTTAYAM,KOTTAYAM(DISTRICT COLLECTOR KOTTAYAM_IDA),KOTTAYAM(DISTRICT COLLECTOR KOTTAYAM_IDA),Normal/Others,Normal/Others,378421.0,2026-07-23T00:00:00.000Z,2026.0,0.0,"KFG/MPLADS/33/24
Constrution of Madakkampuram Nellikkunel Road, Thalayolaparambu","KFG/MPLADS/33/24
Constrution of Madakkampuram Nellikkunel Road, Thalayolaparambu",,ADV K FRANCIS GEORGE,,KOTTAYAM,Completed,378421,2026-07-23T00:00:00.000Z,,,,,,,,,,,,Roads & Pathways,Physical Infrastructure
160540.0,6a932bb5cd94452437a1e847,Kerala,Kerala,KOTTAYAM,KOTTAYAM,KOTTAYAM(DISTRICT COLLECTOR KOTTAYAM_IDA),KOTTAYAM(DISTRICT COLLECTOR KOTTAYAM_IDA),Normal/Others,Normal/Others,292391.0,2026-07-23T00:00:00.000Z,2026.0,0.0,"KFG/MPLADS/35/24
Constrution of Thuruthel Bund Road, Velloor","KFG/MPLADS/35/24
Constrution of Thuruthel Bund Road, Velloor",,ADV K FRANCIS GEORGE,,KOTTAYAM,Completed,292391,2026-07-23T00:00:00.000Z,,,,,,,,,,,,Roads & Pathways,Physical Infrastructure
160551.0,6a932bb5cd94452437a1e2f4,Kerala,Kerala,KOTTAYAM,KOTTAYAM,KOTTAYAM(DISTRICT COLLECTOR KOTTAYAM_IDA),KOTTAYAM(DISTRICT COLLECTOR KOTTAYAM_IDA),Normal/Others,Normal/Others,263404.0,2026-05-15T00:00:00.000Z,2026.0,0.0,Constrution of road DB COLLEGE-  kolakm Thalayolaparambu ward 6,Constrution of road DB COLLEGE-  kolakm Thalayolaparambu ward 6,,ADV K FRANCIS GEORGE,,KOTTAYAM,Completed,263404,2026-05-15T00:00:00.000Z,,,,,,,,,,,,Roads & Pathways,Physical Infrastructure
160555.0,6a932bb5cd94452437a1cf78,Kerala,Kerala,KOTTAYAM,KOTTAYAM,KOTTAYAM(DISTRICT COLLECTOR KOTTAYAM_IDA),KOTTAYAM(DISTRICT COLLECTOR KOTTAYAM_IDA),Normal/Others,Normal/Others,605086.0,2026-02-10T00:00:00.000Z,2026.0,0.0,"KFG/MPLADS/44/24
Concreating Mudancherry Panikkassery Road
Thiruvarppu","KFG/MPLADS/44/24
Concreating Mudancherry Panikkassery Road
Thiruvarppu",,ADV K FRANCIS GEORGE,,KOTTAYAM,Completed,605086,2026-02-10T00:00:00.000Z,,,,,,,,,,,,Roads & Pathways,Physical Infrastructure
160560.0,6a932bb5cd94452437a1e7da,Kerala,Kerala,KOTTAYAM,KOTTAYAM,KOTTAYAM(DISTRICT COLLECTOR KOTTAYAM_IDA),KOTTAYAM(DISTRICT COLLECTOR KOTTAYAM_IDA),Normal/Others,Normal/Others,266025.0,2026-08-14T00:00:00.000Z,2026.0,0.0,"Construction of SBI Channacheri Road ,Kumarakom grama panchayat ward -13","Construction of SBI Channacheri Road ,Kumarakom grama panchayat ward -13",,ADV K FRANCIS GEORGE,,KOTTAYAM,Completed,266025,2026-08-14T00:00:00.000Z,,,,,,,,,,,,Roads & Pathways,Physical Infrastructure
160564.0,6a932bb5cd94452437a1e37b,Kerala,Kerala,KOTTAYAM,KOTTAYAM,KOTTAYAM(DISTRICT COLLECTOR KOTTAYAM_IDA),KOTTAYAM(DISTRICT COLLECTOR KOTTAYAM_IDA),Normal/Others,Normal/Others,175000.0,2026-05-11T00:00:00.000Z,2026.0,0.0,"KFG/MPLADS/50/24
Providing 5 Laptops for Govt. Higher Secondary School, Kudamaloor,  Aymanam","KFG/MPLADS/50/24
Providing 5 Laptops for Govt. Higher Secondary School, Kudamaloor,  Aymanam",,ADV K FRANCIS GEORGE,,KOTTAYAM,Completed,175000,2026-05-11T00:00:00.000Z,,,,,,,,,,,,Education & School Infrastructure,Social Infrastructure
160824.0,6a932bb5cd94452437a1866e,Kerala,Kerala,KOLLAM,KOLLAM,KOLLAM(DISTRICT COLLECTOR KOLLAM_IDA),KOLLAM(DISTRICT COLLECTOR KOLLAM_IDA),Normal/Others,Normal/Others,442000.0,2025-06-13T00:00:00.000Z,2025.0,0.0,"Installation of Highmast light (motorized) near Panayam Thrippanayam Devi Temple, Panayam Gramapanchayat at Kollam Constituency","Installation of Highmast light (motorized) near Panayam Thrippanayam Devi Temple, Panayam Gramapanchayat at Kollam Constituency",,Shri NK Premachandran,,KOLLAM,Completed,442000,2025-06-13T00:00:00.000Z,,,,,,,,,,,,"Electricity, Lighting & Solar Energy",Physical Infrastructure
160990.0,6a932bb5cd94452437a1e925,Kerala,Kerala,KOTTAYAM,KOTTAYAM,ERNAKULAM(DISTRICT COLLECTOR ERNAKULAM_IDA),ERNAKULAM(DISTRICT COLLECTOR ERNAKULAM_IDA),Repair and Renovation,Repair and Renovation,1129210.0,2026-08-07T00:00:00.000Z,2026.0,0.0,Renovation  of Kambivelikkakam Road,Renovation  of Kambivelikkakam Road,,ADV K FRANCIS GEORGE,,KOTTAYAM,Completed,1129210,2026-08-07T00:00:00.000Z,,,,,,,,,,,,Roads & Pathways,Physical Infrastructure
161061.0,6a932bb5cd94452437a1b69f,Kerala,Kerala,PALAKKAD,PALAKKAD,PALAKKAD(DISTRICT COLLECTOR PALAKKAD_IDA),PALAKKAD(DISTRICT COLLECTOR PALAKKAD_IDA),Normal/Others,Normal/Others,185609.0,2026-01-06T00:00:00.000Z,2026.0,0.0,Mini Mast Light at Kozhikkottiri Angadipparambu Urappanangad Centre  Ward-5 in Muthuthala Grama Panchayath.,Mini Mast Light at Kozhikkottiri Angadipparambu Urappanangad Centre  Ward-5 in Muthuthala Grama Panchayath.,,Vellalath Kochukrishnan Nair Sreekandan,,PALAKKAD,Completed,185609,2026-01-06T00:00:00.000Z,,,,,,,,,,,,"Electricity, Lighting & Solar Energy",Physical Infrastructure
161187.0,6a932bb5cd94452437a1e6a5,Kerala,Kerala,PALAKKAD,PALAKKAD,PALAKKAD(DISTRICT COLLECTOR PALAKKAD_IDA),PALAKKAD(DISTRICT COLLECTOR PALAKKAD_IDA),Repair and Renovation,Repair and Renovation,914967.0,2026-08-06T00:00:00.000Z,2026.0,0.0,Renovation of Thenkara Punchakkode -Melamuri Road in Thenkara Grama Panchayath.,Renovation of Thenkara Punchakkode -Melamuri Road in Thenkara Grama Panchayath.,,Vellalath Kochukrishnan Nair Sreekandan,,PALAKKAD,Completed,914967,2026-08-06T00:00:00.000Z,,,,,,,,,,,,Roads & Pathways,Physical Infrastructure
161191.0,6a932bb5cd94452437a1c309,Kerala,Kerala,PALAKKAD,PALAKKAD,PALAKKAD(DISTRICT COLLECTOR PALAKKAD_IDA),PALAKKAD(DISTRICT COLLECTOR PALAKKAD_IDA),Normal/Others,Normal/Others,688634.0,2026-01-01T00:00:00.000Z,2026.0,0.0,Construction of remaining Part of Kombam Moulana English Medium- Maramil Road (IInd Phase)(Concreting)in Kottoppadam Grama  Panchayath.,Construction of remaining Part of Kombam Moulana English Medium- Maramil Road (IInd Phase)(Concreting)in Kottoppadam Grama  Panchayath.,,Vellalath Kochukrishnan Nair Sreekandan,,PALAKKAD,Completed,688634,2026-01-01T00:00:00.000Z,,,,,,,,,,,,Roads & Pathways,Physical Infrastructure
161195.0,6a932bb5cd94452437a1ac0d,Kerala,Kerala,PALAKKAD,PALAKKAD,PALAKKAD(DISTRICT COLLECTOR PALAKKAD_IDA),PALAKKAD(DISTRICT COLLECTOR PALAKKAD_IDA),Normal/Others,Normal/Others,190577.0,2025-10-10T00:00:00.000Z,2025.0,0.0,Mini Mast Light at Vazhukkappara in  Parali Grama Panchayath.,Mini Mast Light at Vazhukkappara in  Parali Grama Panchayath.,,Vellalath Kochukrishnan Nair Sreekandan,,PALAKKAD,Completed,190577,2025-10-10T00:00:00.000Z,,,,,,,,,,,,"Electricity, Lighting & Solar Energy",Physical Infrastructure
161198.0,6a932bb5cd94452437a1ac82,Kerala,Kerala,PALAKKAD,PALAKKAD,PALAKKAD(DISTRICT COLLECTOR PALAKKAD_IDA),PALAKKAD(DISTRICT COLLECTOR PALAKKAD_IDA),Normal/Others,Normal/Others,190577.0,2025-10-13T00:00:00.000Z,2025.0,0.0,Mini Mast Light at Kongad Kammalassery Sri Kurumba Kavu Junction in Kongad Grama Panchayath.,Mini Mast Light at Kongad Kammalassery Sri Kurumba Kavu Junction in Kongad Grama Panchayath.,,Vellalath Kochukrishnan Nair Sreekandan,,PALAKKAD,Completed,190577,2025-10-13T00:00:00.000Z,,,,,,,,,,,,"Electricity, Lighting & Solar Energy",Physical Infrastructure
161203.0,6a932bb5cd94452437a1ac84,Kerala,Kerala,PALAKKAD,PALAKKAD,PALAKKAD(DISTRICT COLLECTOR PALAKKAD_IDA),PALAKKAD(DISTRICT COLLECTOR PALAKKAD_IDA),Normal/Others,Normal/Others,190577.0,2025-10-13T00:00:00.000Z,2025.0,0.0,Mini Mast Light at Kongad Pachani Laksham Veedu Colony in Kongad  grama Panchayath.,Mini Mast Light at Kongad Pachani Laksham Veedu Colony in Kongad  grama Panchayath.,,Vellalath Kochukrishnan Nair Sreekandan,,PALAKKAD,Completed,190577,2025-10-13T00:00:00.000Z,,,,,,,,,,,,"Electricity, Lighting & Solar Energy",Physical Infrastructure
161205.0,6a932bb5cd94452437a1ac85,Kerala,Kerala,PALAKKAD,PALAKKAD,PALAKKAD(DISTRICT COLLECTOR PALAKKAD_IDA),PALAKKAD(DISTRICT COLLECTOR PALAKKAD_IDA),Normal/Others,Normal/Others,190577.0,2025-10-13T00:00:00.000Z,2025.0,0.0,Mini Mast Light at Mucheeri Nellikunnu Vellappuram Junction.,Mini Mast Light at Mucheeri Nellikunnu Vellappuram Junction.,,Vellalath Kochukrishnan Nair Sreekandan,,PALAKKAD,Completed,190577,2025-10-13T00:00:00.000Z,,,,,,,,,,,,"Electricity, Lighting & Solar Energy",Physical Infrastructure
161207.0,6a932bb5cd94452437a1ac9e,Kerala,Kerala,PALAKKAD,PALAKKAD,PALAKKAD(DISTRICT COLLECTOR PALAKKAD_IDA),PALAKKAD(DISTRICT COLLECTOR PALAKKAD_IDA),Normal/Others,Normal/Others,190577.0,2025-10-13T00:00:00.000Z,2025.0,0.0,Mini Mast  Light at Mannur Parayankad Centre in Mannur Grama Panchayath.,Mini Mast  Light at Mannur Parayankad Centre in Mannur Grama Panchayath.,,Vellalath Kochukrishnan Nair Sreekandan,,PALAKKAD,Completed,190577,2025-10-13T00:00:00.000Z,,,,,,,,,,,,"Electricity, Lighting & Solar Energy",Physical Infrastructure
161211.0,6a932bb5cd94452437a1c403,Kerala,Kerala,PALAKKAD,PALAKKAD,PALAKKAD(DISTRICT COLLECTOR PALAKKAD_IDA),PALAKKAD(DISTRICT COLLECTOR PALAKKAD_IDA),Normal/Others,Normal/Others,172428.0,2026-01-03T00:00:00.000Z,2026.0,0.0,"Mini Mast Light at Thekkekunnampalam Junction, Ward -5 in Marutharode Grama Panchayath.","Mini Mast Light at Thekkekunnampalam Junction, Ward -5 in Marutharode Grama Panchayath.",,Vellalath Kochukrishnan Nair Sreekandan,,PALAKKAD,Completed,172428,2026-01-03T00:00:00.000Z,,,,,,,,,,,,"Electricity, Lighting & Solar Energy",Physical Infrastructure
161520.0,6a932bb5cd94452437a1e0d3,Kerala,Kerala,KOLLAM,KOLLAM,KOLLAM(DISTRICT COLLECTOR KOLLAM_IDA),KOLLAM(DISTRICT COLLECTOR KOLLAM_IDA),Normal/Others,Normal/Others,563869.0,2026-04-17T00:00:00.000Z,2026.0,0.0,Repair and renovation of Punchakonam - Kuttinad Sivashethram road in ward no. 5 of Alayamon GP in Chadayamangalam Constituency,Repair and renovation of Punchakonam - Kuttinad Sivashethram road in ward no. 5 of Alayamon GP in Chadayamangalam Constituency,,Shri NK Premachandran,,KOLLAM,Completed,563869,2026-04-17T00:00:00.000Z,,,,,,,,,,,,Roads & Pathways,Physical Infrastructure
161522.0,6a932bb5cd94452437a1ba2c,Kerala,Kerala,KOLLAM,KOLLAM,KOLLAM(DISTRICT COLLECTOR KOLLAM_IDA),KOLLAM(DISTRICT COLLECTOR KOLLAM_IDA),Normal/Others,Normal/Others,399996.0,2025-11-30T00:00:00.000Z,2025.0,0.0,"Installation of Smart Class room at Perumannur G.L.P School in Arackal Village, Ward No. 21 at Edamulackal Gramapanchayat in Punalur Constituency","Installation of Smart Class room at Perumannur G.L.P School in Arackal Village, Ward No. 21 at Edamulackal Gramapanchayat in Punalur Constituency",,Shri NK Premachandran,,KOLLAM,Completed,399996,2025-11-30T00:00:00.000Z,,,,,,,,,,,,Education & School Infrastructure,Social Infrastructure
161827.0,6a932bb5cd94452437a1c40f,Kerala,Kerala,PALAKKAD,PALAKKAD,PALAKKAD(DISTRICT COLLECTOR PALAKKAD_IDA),PALAKKAD(DISTRICT COLLECTOR PALAKKAD_IDA),Normal/Others,Normal/Others,195069.0,2026-01-03T00:00:00.000Z,2026.0,0.0,"Mini Mast Light at Ward-17 , AMLP School Parisaram ,Attasseri in Karimpuzha Grama Panchayath.","Mini Mast Light at Ward-17 , AMLP School Parisaram ,Attasseri in Karimpuzha Grama Panchayath.",,Vellalath Kochukrishnan Nair Sreekandan,,PALAKKAD,Completed,195069,2026-01-03T00:00:00.000Z,,,,,,,,,,,,Education & School Infrastructure,Social Infrastructure
161829.0,6a932bb5cd94452437a1c451,Kerala,Kerala,PALAKKAD,PALAKKAD,PALAKKAD(DISTRICT COLLECTOR PALAKKAD_IDA),PALAKKAD(DISTRICT COLLECTOR PALAKKAD_IDA),Normal/Others,Normal/Others,187974.0,2026-01-05T00:00:00.000Z,2026.0,0.0,"Mini Mast Light at Pombra Millumkunnu area, Ward 6, in Karimpuzha Grama Panchayath.","Mini Mast Light at Pombra Millumkunnu area, Ward 6, in Karimpuzha Grama Panchayath.",,Vellalath Kochukrishnan Nair Sreekandan,,PALAKKAD,Completed,187974,2026-01-05T00:00:00.000Z,,,,,,,,,,,,"Electricity, Lighting & Solar Energy",Physical Infrastructure
161842.0,6a932bb5cd94452437a1d923,Kerala,Kerala,PALAKKAD,PALAKKAD,PALAKKAD(DISTRICT COLLECTOR PALAKKAD_IDA),PALAKKAD(DISTRICT COLLECTOR PALAKKAD_IDA),Normal/Others,Normal/Others,199951.0,2026-03-24T00:00:00.000Z,2026.0,0.0,Equipment for Childrens Park at Chunangad GHWLP School,Equipment for Childrens Park at Chunangad GHWLP School,,Vellalath Kochukrishnan Nair Sreekandan,,PALAKKAD,Completed,199951,2026-03-24T00:00:00.000Z,,,,,,,,,,,,Education & School Infrastructure,Social Infrastructure
161932.0,6a932bb5cd94452437a1e6c4,Kerala,Kerala,PALAKKAD,PALAKKAD,PALAKKAD(DISTRICT COLLECTOR PALAKKAD_IDA),PALAKKAD(DISTRICT COLLECTOR PALAKKAD_IDA),Normal/Others,Normal/Others,499157.0,2026-07-21T00:00:00.000Z,2026.0,0.0,"Installation of pipeline for irrigation in Kulappada  Valiparambil in ward -1, Nellaya Grama Panchayath.","Installation of pipeline for irrigation in Kulappada  Valiparambil in ward -1, Nellaya Grama Panchayath.",,Vellalath Kochukrishnan Nair Sreekandan,,PALAKKAD,Completed,499157,2026-07-21T00:00:00.000Z,,,,,,,,,,,,Drinking Water Supply,Public Health & Basic Amenities
161948.0,6a932bb5cd94452437a1e756,Kerala,Kerala,PALAKKAD,PALAKKAD,PALAKKAD(DISTRICT COLLECTOR PALAKKAD_IDA),PALAKKAD(DISTRICT COLLECTOR PALAKKAD_IDA),Normal/Others,Normal/Others,2150279.0,2026-08-11T00:00:00.000Z,2026.0,0.0,Mukkali -Chindakki Road Concreting.,Mukkali -Chindakki Road Concreting.,,Vellalath Kochukrishnan Nair Sreekandan,,PALAKKAD,Completed,2150279,2026-08-11T00:00:00.000Z,,,,,,,,,,,,Roads & Pathways,Physical Infrastructure
161953.0,6a932bb5cd94452437a1d3a1,Kerala,Kerala,PALAKKAD,PALAKKAD,PALAKKAD(DISTRICT COLLECTOR PALAKKAD_IDA),PALAKKAD(DISTRICT COLLECTOR PALAKKAD_IDA),Normal/Others,Normal/Others,184431.0,2026-02-22T00:00:00.000Z,2026.0,0.0,"Mini Mast Light at Kozhikkunnu Laksham Veedu ,Ward-25, in Pattambi Municipality.","Mini Mast Light at Kozhikkunnu Laksham Veedu ,Ward-25, in Pattambi Municipality.",,Vellalath Kochukrishnan Nair Sreekandan,,PALAKKAD,Completed,184431,2026-02-22T00:00:00.000Z,,,,,,,,,,,,"Electricity, Lighting & Solar Energy",Physical Infrastructure
161958.0,6a932bb5cd94452437a1d3a3,Kerala,Kerala,PALAKKAD,PALAKKAD,PALAKKAD(DISTRICT COLLECTOR PALAKKAD_IDA),PALAKKAD(DISTRICT COLLECTOR PALAKKAD_IDA),Normal/Others,Normal/Others,184431.0,2026-02-22T00:00:00.000Z,2026.0,0.0,"Mini Mast Light at Moorkkatt Parambu Centre ,Ward -22, in Pattambi Municipality.","Mini Mast Light at Moorkkatt Parambu Centre ,Ward -22, in Pattambi Municipality.",,Vellalath Kochukrishnan Nair Sreekandan,,PALAKKAD,Completed,184431,2026-02-22T00:00:00.000Z,,,,,,,,,,,,"Electricity, Lighting & Solar Energy",Physical Infrastructure
161960.0,6a932bb5cd94452437a1d3a5,Kerala,Kerala,PALAKKAD,PALAKKAD,PALAKKAD(DISTRICT COLLECTOR PALAKKAD_IDA),PALAKKAD(DISTRICT COLLECTOR PALAKKAD_IDA),Normal/Others,Normal/Others,191977.0,2026-02-22T00:00:00.000Z,2026.0,0.0,"Mini Mast  Light at Mele Parakkad Unginchuvadu,ward-1 , in Pattambi Municipality.","Mini Mast  Light at Mele Parakkad Unginchuvadu,ward-1 , in Pattambi Municipality.",,Vellalath Kochukrishnan Nair Sreekandan,,PALAKKAD,Completed,191977,2026-02-22T00:00:00.000Z,,,,,,,,,,,,"Electricity, Lighting & Solar Energy",Physical Infrastructure
161968.0,6a932bb5cd94452437a1d3a7,Kerala,Kerala,PALAKKAD,PALAKKAD,PALAKKAD(DISTRICT COLLECTOR PALAKKAD_IDA),PALAKKAD(DISTRICT COLLECTOR PALAKKAD_IDA),Normal/Others,Normal/Others,184431.0,2026-02-22T00:00:00.000Z,2026.0,0.0,"Mini Mast Light at Old Market City,Ward-20,  in Pattambi Municipality","Mini Mast Light at Old Market City,Ward-20,  in Pattambi Municipality",,Vellalath Kochukrishnan Nair Sreekandan,,PALAKKAD,Completed,184431,2026-02-22T00:00:00.000Z,,,,,,,,,,,,"Electricity, Lighting & Solar Energy",Physical Infrastructure
161972.0,6a932bb5cd94452437a1d3a9,Kerala,Kerala,PALAKKAD,PALAKKAD,PALAKKAD(DISTRICT COLLECTOR PALAKKAD_IDA),PALAKKAD(DISTRICT COLLECTOR PALAKKAD_IDA),Normal/Others,Normal/Others,184431.0,2026-02-22T00:00:00.000Z,2026.0,0.0,"Mini Mast Light at Health Centre Kottappadi ,Ward 4, in Pattambi Municipality","Mini Mast Light at Health Centre Kottappadi ,Ward 4, in Pattambi Municipality",,Vellalath Kochukrishnan Nair Sreekandan,,PALAKKAD,Completed,184431,2026-02-22T00:00:00.000Z,,,,,,,,,,,,"Health, Sanitation & Public Hygiene",Public Health & Basic Amenities
161978.0,6a932bb5cd94452437a1d3ab,Kerala,Kerala,PALAKKAD,PALAKKAD,PALAKKAD(DISTRICT COLLECTOR PALAKKAD_IDA),PALAKKAD(DISTRICT COLLECTOR PALAKKAD_IDA),Normal/Others,Normal/Others,184431.0,2026-02-22T00:00:00.000Z,2026.0,0.0,"Mini Mast Light at Sankaramangalam Juma Masjid Centre ,Ward-8, in Pattambi Municipality","Mini Mast Light at Sankaramangalam Juma Masjid Centre ,Ward-8, in Pattambi Municipality",,Vellalath Kochukrishnan Nair Sreekandan,,PALAKKAD,Completed,184431,2026-02-22T00:00:00.000Z,,,,,,,,,,,,"Electricity, Lighting & Solar Energy",Physical Infrastructure
161983.0,6a932bb5cd94452437a1d3ad,Kerala,Kerala,PALAKKAD,PALAKKAD,PALAKKAD(DISTRICT COLLECTOR PALAKKAD_IDA),PALAKKAD(DISTRICT COLLECTOR PALAKKAD_IDA),Normal/Others,Normal/Others,184434.0,2026-02-22T00:00:00.000Z,2026.0,0.0,"Mini Mast Light at  Valloor Second Mile  Centre, Ward -3 In Pattambi Municipality.","Mini Mast Light at  Valloor Second Mile  Centre, Ward -3 In Pattambi Municipality.",,Vellalath Kochukrishnan Nair Sreekandan,,PALAKKAD,Completed,184434,2026-02-22T00:00:00.000Z,,,,,,,,,,,,"Electricity, Lighting & Solar Energy",Physical Infrastructure
161986.0,6a932bb5cd94452437a1d3af,Kerala,Kerala,PALAKKAD,PALAKKAD,PALAKKAD(DISTRICT COLLECTOR PALAKKAD_IDA),PALAKKAD(DISTRICT COLLECTOR PALAKKAD_IDA),Normal/Others,Normal/Others,184431.0,2026-02-22T00:00:00.000Z,2026.0,0.0,"Mini Mast Light at Colonyppadi ,Ward-1, in Pattambi Municipality.","Mini Mast Light at Colonyppadi ,Ward-1, in Pattambi Municipality.",,Vellalath Kochukrishnan Nair Sreekandan,,PALAKKAD,Completed,184431,2026-02-22T00:00:00.000Z,,,,,,,,,,,,"Electricity, Lighting & Solar Energy",Physical Infrastructure
161993.0,6a932bb5cd94452437a1d3b1,Kerala,Kerala,PALAKKAD,PALAKKAD,PALAKKAD(DISTRICT COLLECTOR PALAKKAD_IDA),PALAKKAD(DISTRICT COLLECTOR PALAKKAD_IDA),Normal/Others,Normal/Others,184431.0,2026-02-22T00:00:00.000Z,2026.0,0.0,"Mini Mast Light at Nambram Thottungal Colony, Ward-19 , in Pattambi Municipality.","Mini Mast Light at Nambram Thottungal Colony, Ward-19 , in Pattambi Municipality.",,Vellalath Kochukrishnan Nair Sreekandan,,PALAKKAD,Completed,184431,2026-02-22T00:00:00.000Z,,,,,,,,,,,,"Electricity, Lighting & Solar Energy",Physical Infrastructure
162006.0,6a932bb5cd94452437a1c1e2,Kerala,Kerala,PALAKKAD,PALAKKAD,PALAKKAD(DISTRICT COLLECTOR PALAKKAD_IDA),PALAKKAD(DISTRICT COLLECTOR PALAKKAD_IDA),Normal/Others,Normal/Others,195822.0,2025-12-26T00:00:00.000Z,2025.0,0.0,"Mini Mast Light infront of Parathasaradhi Temple,Ward-30,in Ottappalam Municipality.","Mini Mast Light infront of Parathasaradhi Temple,Ward-30,in Ottappalam Municipality.",,Vellalath Kochukrishnan Nair Sreekandan,,PALAKKAD,Completed,195822,2025-12-26T00:00:00.000Z,,,,,,,,,,,,"Electricity, Lighting & Solar Energy",Physical Infrastructure
162012.0,6a932bb5cd94452437a1c1e7,Kerala,Kerala,PALAKKAD,PALAKKAD,PALAKKAD(DISTRICT COLLECTOR PALAKKAD_IDA),PALAKKAD(DISTRICT COLLECTOR PALAKKAD_IDA),Normal/Others,Normal/Others,195822.0,2025-12-26T00:00:00.000Z,2025.0,0.0,"Mini Mast Light infront of Meetna Subramania Temple,Ward-22, in Ottappalam Municipality.","Mini Mast Light infront of Meetna Subramania Temple,Ward-22, in Ottappalam Municipality.",,Vellalath Kochukrishnan Nair Sreekandan,,PALAKKAD,Completed,195822,2025-12-26T00:00:00.000Z,,,,,,,,,,,,"Electricity, Lighting & Solar Energy",Physical Infrastructure
162015.0,6a932bb5cd94452437a1c1eb,Kerala,Kerala,PALAKKAD,PALAKKAD,PALAKKAD(DISTRICT COLLECTOR PALAKKAD_IDA),PALAKKAD(DISTRICT COLLECTOR PALAKKAD_IDA),Normal/Others,Normal/Others,190005.0,2025-12-26T00:00:00.000Z,2025.0,0.0,"Mini Mast Light at  Poolakkund Laksham Veedu area ,ward-10,in Ottappalam Municipality.","Mini Mast Light at  Poolakkund Laksham Veedu area ,ward-10,in Ottappalam Municipality.",,Vellalath Kochukrishnan Nair Sreekandan,,PALAKKAD,Completed,190005,2025-12-26T00:00:00.000Z,,,,,,,,,,,,"Electricity, Lighting & Solar Energy",Physical Infrastructure
162018.0,6a932bb5cd94452437a1c1f7,Kerala,Kerala,PALAKKAD,PALAKKAD,PALAKKAD(DISTRICT COLLECTOR PALAKKAD_IDA),PALAKKAD(DISTRICT COLLECTOR PALAKKAD_IDA),Normal/Others,Normal/Others,195822.0,2025-12-26T00:00:00.000Z,2025.0,0.0,"Mini Mast Light infront of Poozhikunnu Sreekrishna Swamy Temple,Ward-26,in Ottappalam Municipality.","Mini Mast Light infront of Poozhikunnu Sreekrishna Swamy Temple,Ward-26,in Ottappalam Municipality.",,Vellalath Kochukrishnan Nair Sreekandan,,PALAKKAD,Completed,195822,2025-12-26T00:00:00.000Z,,,,,,,,,,,,"Electricity, Lighting & Solar Energy",Physical Infrastructure
162023.0,6a932bb5cd94452437a1c1f3,Kerala,Kerala,PALAKKAD,PALAKKAD,PALAKKAD(DISTRICT COLLECTOR PALAKKAD_IDA),PALAKKAD(DISTRICT COLLECTOR PALAKKAD_IDA),Normal/Others,Normal/Others,190005.0,2025-12-26T00:00:00.000Z,2025.0,0.0,"Mini Mast Light at pallarmanagalam,Ward-17,in Ottappalam Municipality.","Mini Mast Light at pallarmanagalam,Ward-17,in Ottappalam Municipality.",,Vellalath Kochukrishnan Nair Sreekandan,,PALAKKAD,Completed,190005,2025-12-26T00:00:00.000Z,,,,,,,,,,,,"Electricity, Lighting & Solar Energy",Physical Infrastructure
162025.0,6a932bb5cd94452437a1c100,Kerala,Kerala,PALAKKAD,PALAKKAD,PALAKKAD(DISTRICT COLLECTOR PALAKKAD_IDA),PALAKKAD(DISTRICT COLLECTOR PALAKKAD_IDA),Normal/Others,Normal/Others,195822.0,2025-12-22T00:00:00.000Z,2025.0,0.0,"Mini Mast Light at Koombaramkunnu area,Ward-24,in Ottappalam Municipality.","Mini Mast Light at Koombaramkunnu area,Ward-24,in Ottappalam Municipality.",,Vellalath Kochukrishnan Nair Sreekandan,,PALAKKAD,Completed,195822,2025-12-22T00:00:00.000Z,,,,,,,,,,,,"Electricity, Lighting & Solar Energy",Physical Infrastructure
162043.0,6a932bb5cd94452437a1d9c1,Kerala,Kerala,PALAKKAD,PALAKKAD,PALAKKAD(DISTRICT COLLECTOR PALAKKAD_IDA),PALAKKAD(DISTRICT COLLECTOR PALAKKAD_IDA),Normal/Others,Normal/Others,887339.0,2026-03-17T00:00:00.000Z,2026.0,0.0,Construction of road for Punathil Parambu SC Sanketham in Mundur Grama Panchayath   (SC Work),Construction of road for Punathil Parambu SC Sanketham in Mundur Grama Panchayath   (SC Work),,Vellalath Kochukrishnan Nair Sreekandan,,PALAKKAD,Completed,887339,2026-03-17T00:00:00.000Z,,,,,,,,,,,,Roads & Pathways,Physical Infrastructure
162046.0,6a932bb5cd94452437a1cb5d,Kerala,Kerala,PALAKKAD,PALAKKAD,PALAKKAD(DISTRICT COLLECTOR PALAKKAD_IDA),PALAKKAD(DISTRICT COLLECTOR PALAKKAD_IDA),Normal/Others,Normal/Others,1208255.0,2026-01-30T00:00:00.000Z,2026.0,0.0,Construction of Parali Vilyamkadu SC Sanketham road in Parali Grama Panchayath.(SC Work),Construction of Parali Vilyamkadu SC Sanketham road in Parali Grama Panchayath.(SC Work),,Vellalath Kochukrishnan Nair Sreekandan,,PALAKKAD,Completed,1208255,2026-01-30T00:00:00.000Z,,,,,,,,,,,,Roads & Pathways,Physical Infrastructure
162051.0,6a932bb5cd94452437a1c2f3,Kerala,Kerala,PALAKKAD,PALAKKAD,PALAKKAD(DISTRICT COLLECTOR PALAKKAD_IDA),PALAKKAD(DISTRICT COLLECTOR PALAKKAD_IDA),Normal/Others,Normal/Others,185744.0,2025-12-31T00:00:00.000Z,2025.0,0.0,"Mini Mast Light at pathirikkadu SC Sanketham,Ward-9, in Pookkottukavu Grama panchayath.(SC Work)","Mini Mast Light at pathirikkadu SC Sanketham,Ward-9, in Pookkottukavu Grama panchayath.(SC Work)",,Vellalath Kochukrishnan Nair Sreekandan,,PALAKKAD,Completed,185744,2025-12-31T00:00:00.000Z,,,,,,,,,,,,"Electricity, Lighting & Solar Energy",Physical Infrastructure
162056.0,6a932bb5cd94452437a1c324,Kerala,Kerala,PALAKKAD,PALAKKAD,PALAKKAD(DISTRICT COLLECTOR PALAKKAD_IDA),PALAKKAD(DISTRICT COLLECTOR PALAKKAD_IDA),Normal/Others,Normal/Others,188248.0,2025-12-31T00:00:00.000Z,2025.0,0.0,"Mini Mast light at vadakkumuri SC Sanketham,Ward-10, in Pookkottukavu Grama Panchayath (SC Work)","Mini Mast light at vadakkumuri SC Sanketham,Ward-10, in Pookkottukavu Grama Panchayath (SC Work)",,Vellalath Kochukrishnan Nair Sreekandan,,PALAKKAD,Completed,188248,2025-12-31T00:00:00.000Z,,,,,,,,,,,,"Electricity, Lighting & Solar Energy",Physical Infrastructure
162058.0,6a932bb5cd94452437a1c32f,Kerala,Kerala,PALAKKAD,PALAKKAD,PALAKKAD(DISTRICT COLLECTOR PALAKKAD_IDA),PALAKKAD(DISTRICT COLLECTOR PALAKKAD_IDA),Normal/Others,Normal/Others,188278.0,2025-12-31T00:00:00.000Z,2025.0,0.0,"Mini Mast light at Neelanchira SC Sanketham,Ward-5,in pookkottukavu Grama Panchayath.(SC Work)","Mini Mast light at Neelanchira SC Sanketham,Ward-5,in pookkottukavu Grama Panchayath.(SC Work)",,Vellalath Kochukrishnan Nair Sreekandan,,PALAKKAD,Completed,188278,2025-12-31T00:00:00.000Z,,,,,,,,,,,,"Electricity, Lighting & Solar Energy",Physical Infrastructure
162519.0,6a932bb5cd94452437a1e4cd,Kerala,Kerala,PALAKKAD,PALAKKAD,PALAKKAD(DISTRICT COLLECTOR PALAKKAD_IDA),PALAKKAD(DISTRICT COLLECTOR PALAKKAD_IDA),Repair and Renovation,Repair and Renovation,1400085.0,2026-07-21T00:00:00.000Z,2026.0,0.0,Renovation of Vallapuzha Kuruvattoor - Kulappully Road in Vallapuzha Grama Panchayath.,Renovation of Vallapuzha Kuruvattoor - Kulappully Road in Vallapuzha Grama Panchayath.,,Vellalath Kochukrishnan Nair Sreekandan,,PALAKKAD,Completed,1400085,2026-07-21T00:00:00.000Z,,,,,,,,,,,,Roads & Pathways,Physical Infrastructure
162754.0,6a932bb5cd94452437a1e501,Kerala,Kerala,CHALAKUDY,CHALAKUDY,THRISSUR(DISTRICT COLLECTOR THRISSUR_IDA),THRISSUR(DISTRICT COLLECTOR THRISSUR_IDA),Normal/Others,Normal/Others,218211.0,2026-08-22T00:00:00.000Z,2026.0,0.0,MINIMAST LIGHT AT CHULOOR POTTAN CENTER,MINIMAST LIGHT AT CHULOOR POTTAN CENTER,,Shri Benny Behanan,,CHALAKUDY,Completed,218211,2026-08-22T00:00:00.000Z,,,,,,,,,,,,"Electricity, Lighting & Solar Energy",Physical Infrastructure
162756.0,6a932bb5cd94452437a1e508,Kerala,Kerala,CHALAKUDY,CHALAKUDY,THRISSUR(DISTRICT COLLECTOR THRISSUR_IDA),THRISSUR(DISTRICT COLLECTOR THRISSUR_IDA),Normal/Others,Normal/Others,217998.0,2026-08-22T00:00:00.000Z,2026.0,0.0,MINIMAST LIGHT AT EDATHIRUTHY PANCHAYAT JN,MINIMAST LIGHT AT EDATHIRUTHY PANCHAYAT JN,,Shri Benny Behanan,,CHALAKUDY,Completed,217998,2026-08-22T00:00:00.000Z,,,,,,,,,,,,"Electricity, Lighting & Solar Energy",Physical Infrastructure
162763.0,6a932bb5cd94452437a1e50a,Kerala,Kerala,CHALAKUDY,CHALAKUDY,THRISSUR(DISTRICT COLLECTOR THRISSUR_IDA),THRISSUR(DISTRICT COLLECTOR THRISSUR_IDA),Normal/Others,Normal/Others,216102.0,2026-08-22T00:00:00.000Z,2026.0,0.0,MINIMAST LED LIGHT IN FRONT OF KANNANAMKULAM TEMPLE,MINIMAST LED LIGHT IN FRONT OF KANNANAMKULAM TEMPLE,,Shri Benny Behanan,,CHALAKUDY,Completed,216102,2026-08-22T00:00:00.000Z,,,,,,,,,,,,"Electricity, Lighting & Solar Energy",Physical Infrastructure
163427.0,6a932bb5cd94452437a17363,Kerala,Kerala,THIRUVANANTHAPURAM,THIRUVANANTHAPURAM,THIRUVANANTHAPURAM(DISTRICT COLLECTOR THIRUVANANTHAPURAM_IDA),THIRUVANANTHAPURAM(DISTRICT COLLECTOR THIRUVANANTHAPURAM_IDA),Normal/Others,Normal/Others,585550.0,2025-03-06T00:00:00.000Z,2025.0,0.0,"Purchase of computers for the department of communication and journalism, University of Kerala, Kariyavattom campus.","Purchase of computers for the department of communication and journalism, University of Kerala, Kariyavattom campus.",,Dr Shashi Tharoor,,THIRUVANANTHAPURAM,Completed,585550,2025-03-06T00:00:00.000Z,,,,,,,,,,,,Other Civil & Development Works,General Development & Maintenance
166603.0,6a932bb5cd94452437a1d3ca,Kerala,Kerala,THIRUVANANTHAPURAM,THIRUVANANTHAPURAM,THIRUVANANTHAPURAM(DISTRICT COLLECTOR THIRUVANANTHAPURAM_IDA),THIRUVANANTHAPURAM(DISTRICT COLLECTOR THIRUVANANTHAPURAM_IDA),Normal/Others,Normal/Others,1584600.0,2026-02-23T00:00:00.000Z,2026.0,0.0,"Purchase of School Bus for Buds School, Kodavilakom, Kodavilakom Ward, Parassala.","Purchase of School Bus for Buds School, Kodavilakom, Kodavilakom Ward, Parassala.",,Dr Shashi Tharoor,,THIRUVANANTHAPURAM,Completed,1584600,2026-02-23T00:00:00.000Z,,,,,,,,,,,,Education & School Infrastructure,Social Infrastructure
166605.0,6a932bb5cd94452437a1d797,Kerala,Kerala,THIRUVANANTHAPURAM,THIRUVANANTHAPURAM,THIRUVANANTHAPURAM(DISTRICT COLLECTOR THIRUVANANTHAPURAM_IDA),THIRUVANANTHAPURAM(DISTRICT COLLECTOR THIRUVANANTHAPURAM_IDA),Normal/Others,Normal/Others,986796.0,2026-03-10T00:00:00.000Z,2026.0,0.0,"Purchase of Computers and Laptops for Govt UP school Nedumcaud, Vellar Ward, Tvpm Corporation","Purchase of Computers and Laptops for Govt UP school Nedumcaud, Vellar Ward, Tvpm Corporation",,Dr Shashi Tharoor,,THIRUVANANTHAPURAM,Completed,986796,2026-03-10T00:00:00.000Z,,,,,,,,,,,,Education & School Infrastructure,Social Infrastructure
166616.0,6a932bb5cd94452437a1d86d,Kerala,Kerala,MAVELIKKARA,MAVELIKKARA,KOLLAM(DISTRICT COLLECTOR KOLLAM_IDA),KOLLAM(DISTRICT COLLECTOR KOLLAM_IDA),Normal/Others,Normal/Others,234872.0,2026-03-12T00:00:00.000Z,2026.0,0.0,Miimast Light at Karuvelil-Chittakkode Sreekumaramangalam Temple Junction,Miimast Light at Karuvelil-Chittakkode Sreekumaramangalam Temple Junction,,Shri Suresh Kodikunnil,,MAVELIKKARA,Completed,234872,2026-03-12T00:00:00.000Z,,,,,,,,,,,,"Electricity, Lighting & Solar Energy",Physical Infrastructure
166618.0,6a932bb5cd94452437a1d129,Kerala,Kerala,MAVELIKKARA,MAVELIKKARA,KOLLAM(DISTRICT COLLECTOR KOLLAM_IDA),KOLLAM(DISTRICT COLLECTOR KOLLAM_IDA),Normal/Others,Normal/Others,228677.0,2026-02-16T00:00:00.000Z,2026.0,0.0,"Provide Minimast, Near Ezhukone Railway Station, Ezhukone Grama Panchayath","Provide Minimast, Near Ezhukone Railway Station, Ezhukone Grama Panchayath",,Shri Suresh Kodikunnil,,MAVELIKKARA,Completed,228677,2026-02-16T00:00:00.000Z,,,,,,,,,,,,Other Civil & Development Works,General Development & Maintenance
166622.0,6a932bb5cd94452437a1b260,Kerala,Kerala,MAVELIKKARA,MAVELIKKARA,KOLLAM(DISTRICT COLLECTOR KOLLAM_IDA),KOLLAM(DISTRICT COLLECTOR KOLLAM_IDA),Normal/Others,Normal/Others,228677.0,2025-11-03T00:00:00.000Z,2025.0,0.0,"Provide Minimast  Light  near Jeelani Masjid, Madeenamukku, Ward-13, Sasthamkotta GP","Provide Minimast  Light  near Jeelani Masjid, Madeenamukku, Ward-13, Sasthamkotta GP",,Shri Suresh Kodikunnil,,MAVELIKKARA,Completed,228677,2025-11-03T00:00:00.000Z,,,,,,,,,,,,"Electricity, Lighting & Solar Energy",Physical Infrastructure
166643.0,6a932bb5cd94452437a197dd,Kerala,Kerala,MAVELIKKARA,MAVELIKKARA,KOLLAM(DISTRICT COLLECTOR KOLLAM_IDA),KOLLAM(DISTRICT COLLECTOR KOLLAM_IDA),Normal/Others,Normal/Others,228677.0,2025-08-13T00:00:00.000Z,2025.0,0.0,"Provide Mini mast light at  Dheerajawan Junction (Pulimoodumukku),Poruvazhy GP","Provide Mini mast light at  Dheerajawan Junction (Pulimoodumukku),Poruvazhy GP",,Shri Suresh Kodikunnil,,MAVELIKKARA,Completed,228677,2025-08-13T00:00:00.000Z,,,,,,,,,,,,"Electricity, Lighting & Solar Energy",Physical Infrastructure
166647.0,6a932bb5cd94452437a197b7,Kerala,Kerala,MAVELIKKARA,MAVELIKKARA,KOLLAM(DISTRICT COLLECTOR KOLLAM_IDA),KOLLAM(DISTRICT COLLECTOR KOLLAM_IDA),Normal/Others,Normal/Others,228677.0,2025-08-12T00:00:00.000Z,2025.0,0.0,"Provide minimast Light at Kanjirathumvadakku Junction, Ward-15, Poruvazhy Panchayath","Provide minimast Light at Kanjirathumvadakku Junction, Ward-15, Poruvazhy Panchayath",,Shri Suresh Kodikunnil,,MAVELIKKARA,Completed,228677,2025-08-12T00:00:00.000Z,,,,,,,,,,,,"Electricity, Lighting & Solar Energy",Physical Infrastructure
166652.0,6a932bb5cd94452437a18532,Kerala,Kerala,MAVELIKKARA,MAVELIKKARA,KOLLAM(DISTRICT COLLECTOR KOLLAM_IDA),KOLLAM(DISTRICT COLLECTOR KOLLAM_IDA),Normal/Others,Normal/Others,235000.0,2025-06-06T00:00:00.000Z,2025.0,0.0,Provide Mini mast light at Malanada PHC Poruvazhy GramaPanchayath,Provide Mini mast light at Malanada PHC Poruvazhy GramaPanchayath,,Shri Suresh Kodikunnil,,MAVELIKKARA,Completed,235000,2025-06-06T00:00:00.000Z,,,,,,,,,,,,"Electricity, Lighting & Solar Energy",Physical Infrastructure
166654.0,6a932bb5cd94452437a1b385,Kerala,Kerala,MAVELIKKARA,MAVELIKKARA,KOLLAM(DISTRICT COLLECTOR KOLLAM_IDA),KOLLAM(DISTRICT COLLECTOR KOLLAM_IDA),Normal/Others,Normal/Others,228677.0,2025-11-07T00:00:00.000Z,2025.0,0.0,"Provide Minimast  Light at Ambedkar Colony, Sooranadu North,  Ward-13","Provide Minimast  Light at Ambedkar Colony, Sooranadu North,  Ward-13",,Shri Suresh Kodikunnil,,MAVELIKKARA,Completed,228677,2025-11-07T00:00:00.000Z,,,,,,,,,,,,"Electricity, Lighting & Solar Energy",Physical Infrastructure
166703.0,6a932bb5cd94452437a1b39f,Kerala,Kerala,MAVELIKKARA,MAVELIKKARA,KOLLAM(DISTRICT COLLECTOR KOLLAM_IDA),KOLLAM(DISTRICT COLLECTOR KOLLAM_IDA),Normal/Others,Normal/Others,228677.0,2025-11-07T00:00:00.000Z,2025.0,0.0,"Provide Minimast Light at St.Marys Malankara Catholica Church Junction, Sooranadu North, Ward 13 Sooranadu North Grama Panchayath","Provide Minimast Light at St.Marys Malankara Catholica Church Junction, Sooranadu North, Ward 13 Sooranadu North Grama Panchayath",,Shri Suresh Kodikunnil,,MAVELIKKARA,Completed,228677,2025-11-07T00:00:00.000Z,,,,,,,,,,,,"Electricity, Lighting & Solar Energy",Physical Infrastructure
166715.0,6a932bb5cd94452437a1a9d6,Kerala,Kerala,MAVELIKKARA,MAVELIKKARA,KOLLAM(DISTRICT COLLECTOR KOLLAM_IDA),KOLLAM(DISTRICT COLLECTOR KOLLAM_IDA),Normal/Others,Normal/Others,225138.0,2025-10-06T00:00:00.000Z,2025.0,0.0,"Provide Minimast light at Pulimoodu Junction, Market Ward, Pattazhy GP","Provide Minimast light at Pulimoodu Junction, Market Ward, Pattazhy GP",,Shri Suresh Kodikunnil,,MAVELIKKARA,Completed,225138,2025-10-06T00:00:00.000Z,,,,,,,,,,,,"Electricity, Lighting & Solar Energy",Physical Infrastructure
169099.0,6a932bb5cd94452437a1d99f,Kerala,Kerala,KANNUR,KANNUR,KANNUR(DISTRICT COLLECTOR KANNUR_IDA),KANNUR(DISTRICT COLLECTOR KANNUR_IDA),Normal/Others,Normal/Others,423646.0,2026-03-17T00:00:00.000Z,2026.0,0.0,Valiyaveettil Padi-Thoppilayi Colony-Road-Concreting-Chengalai Grama Panchayath-Ward-5,Valiyaveettil Padi-Thoppilayi Colony-Road-Concreting-Chengalai Grama Panchayath-Ward-5,,Shri Kumbakudi Sudhakaran,,KANNUR,Completed,423646,2026-03-17T00:00:00.000Z,,,,,,,,,,,,Roads & Pathways,Physical Infrastructure
170173.0,6a932bb5cd94452437a1cdf1,Kerala,Kerala,PALAKKAD,PALAKKAD,PALAKKAD(DISTRICT COLLECTOR PALAKKAD_IDA),PALAKKAD(DISTRICT COLLECTOR PALAKKAD_IDA),Repair and Renovation,Repair and Renovation,690821.0,2026-02-06T00:00:00.000Z,2026.0,0.0,Renovation Of Sreekrishnapuram Kulakkattukurussi Annadambil to Neelamangalam Road in Sreekrishnapuram Gramapanchayath.,Renovation Of Sreekrishnapuram Kulakkattukurussi Annadambil to Neelamangalam Road in Sreekrishnapuram Gramapanchayath.,,Vellalath Kochukrishnan Nair Sreekandan,,PALAKKAD,Completed,690821,2026-02-06T00:00:00.000Z,,,,,,,,,,,,Roads & Pathways,Physical Infrastructure
171206.0,6a932bb5cd94452437a1e87e,Kerala,Kerala,PATHANAMTHITTA,PATHANAMTHITTA,KOTTAYAM(DISTRICT COLLECTOR KOTTAYAM_IDA),KOTTAYAM(DISTRICT COLLECTOR KOTTAYAM_IDA),Normal/Others,Normal/Others,210055.0,2026-07-28T00:00:00.000Z,2026.0,0.0,Providing 8 Meter LED Mini Mast Light at Cheruvally Sree Devi Temple Arattukadavu Junction in Chirakkadavu Grama Panchayat. (Ward-11),Providing 8 Meter LED Mini Mast Light at Cheruvally Sree Devi Temple Arattukadavu Junction in Chirakkadavu Grama Panchayat. (Ward-11),,Anto Antony,,PATHANAMTHITTA,Completed,210055,2026-07-28T00:00:00.000Z,,,,,,,,,,,,"Electricity, Lighting & Solar Energy",Physical Infrastructure
171208.0,6a932bb5cd94452437a1e879,Kerala,Kerala,PATHANAMTHITTA,PATHANAMTHITTA,KOTTAYAM(DISTRICT COLLECTOR KOTTAYAM_IDA),KOTTAYAM(DISTRICT COLLECTOR KOTTAYAM_IDA),Normal/Others,Normal/Others,217652.0,2026-07-27T00:00:00.000Z,2026.0,0.0,Providing 8 Meter LED Mini Mast Light at Grama Koottayma Junction in Chirakkadavu Grama Panchayat. (Ward-19),Providing 8 Meter LED Mini Mast Light at Grama Koottayma Junction in Chirakkadavu Grama Panchayat. (Ward-19),,Anto Antony,,PATHANAMTHITTA,Completed,217652,2026-07-27T00:00:00.000Z,,,,,,,,,,,,"Electricity, Lighting & Solar Energy",Physical Infrastructure
172340.0,6a932bb5cd94452437a1dcf6,Kerala,Kerala,KOTTAYAM,KOTTAYAM,KOTTAYAM(DISTRICT COLLECTOR KOTTAYAM_IDA),KOTTAYAM(DISTRICT COLLECTOR KOTTAYAM_IDA),Normal/Others,Normal/Others,23160.0,2026-05-11T00:00:00.000Z,2026.0,0.0,Provide one  Duplex ink jet printer cum copier cum scaner to High School Parippu  Kottayam,Provide one  Duplex ink jet printer cum copier cum scaner to High School Parippu  Kottayam,,ADV K FRANCIS GEORGE,,KOTTAYAM,Completed,23160,2026-05-11T00:00:00.000Z,,,,,,,,,,,,Education & School Infrastructure,Social Infrastructure
175110.0,6a932bb5cd94452437a1d37a,Kerala,Kerala,KANNUR,KANNUR,KANNUR(DISTRICT COLLECTOR KANNUR_IDA),KANNUR(DISTRICT COLLECTOR KANNUR_IDA),Normal/Others,Normal/Others,424041.0,2026-02-21T00:00:00.000Z,2026.0,0.0,Supply and Installation of Electrification works for Football Turf at Kadambur Grama Panchayath,Supply and Installation of Electrification works for Football Turf at Kadambur Grama Panchayath,,Shri Kumbakudi Sudhakaran,,KANNUR,Completed,424041,2026-02-21T00:00:00.000Z,,,,,,,,,,,,"Electricity, Lighting & Solar Energy",Physical Infrastructure
175425.0,6a932bb5cd94452437a18ac6,Kerala,Kerala,ATTINGAL,ATTINGAL,THIRUVANANTHAPURAM(DISTRICT COLLECTOR THIRUVANANTHAPURAM_IDA),THIRUVANANTHAPURAM(DISTRICT COLLECTOR THIRUVANANTHAPURAM_IDA),Normal/Others,Normal/Others,250064.0,2025-07-02T00:00:00.000Z,2025.0,0.0,Installation of MML NEAR Police Station in Pangodu Grama Panchayath,Installation of MML NEAR Police Station in Pangodu Grama Panchayath,,Adv Adoor Prakash ,,ATTINGAL,Completed,250064,2025-07-02T00:00:00.000Z,,,,,,,,,,,,Other Civil & Development Works,General Development & Maintenance
175430.0,6a932bb5cd94452437a18ac7,Kerala,Kerala,ATTINGAL,ATTINGAL,THIRUVANANTHAPURAM(DISTRICT COLLECTOR THIRUVANANTHAPURAM_IDA),THIRUVANANTHAPURAM(DISTRICT COLLECTOR THIRUVANANTHAPURAM_IDA),Normal/Others,Normal/Others,242567.0,2025-07-02T00:00:00.000Z,2025.0,0.0,"Installation of MMLat Semiyakada Junction,Ward12 in Pangodu Grama Panchayath","Installation of MMLat Semiyakada Junction,Ward12 in Pangodu Grama Panchayath",,Adv Adoor Prakash ,,ATTINGAL,Completed,242567,2025-07-02T00:00:00.000Z,,,,,,,,,,,,Other Civil & Development Works,General Development & Maintenance
175439.0,6a932bb5cd94452437a18ac9,Kerala,Kerala,ATTINGAL,ATTINGAL,THIRUVANANTHAPURAM(DISTRICT COLLECTOR THIRUVANANTHAPURAM_IDA),THIRUVANANTHAPURAM(DISTRICT COLLECTOR THIRUVANANTHAPURAM_IDA),Normal/Others,Normal/Others,250064.0,2025-07-02T00:00:00.000Z,2025.0,0.0,Installation of MML near Bharathanoor Shiva Temple in Pangodu Grama Panchayath,Installation of MML near Bharathanoor Shiva Temple in Pangodu Grama Panchayath,,Adv Adoor Prakash ,,ATTINGAL,Completed,250064,2025-07-02T00:00:00.000Z,,,,,,,,,,,,Other Civil & Development Works,General Development & Maintenance
175445.0,6a932bb5cd94452437a18abe,Kerala,Kerala,ATTINGAL,ATTINGAL,THIRUVANANTHAPURAM(DISTRICT COLLECTOR THIRUVANANTHAPURAM_IDA),THIRUVANANTHAPURAM(DISTRICT COLLECTOR THIRUVANANTHAPURAM_IDA),Normal/Others,Normal/Others,242517.0,2025-07-02T00:00:00.000Z,2025.0,0.0,Installation of MML near Vennichira Muslim Jama Ath Mosque  in Kilimanoor Grama Panchayath,Installation of MML near Vennichira Muslim Jama Ath Mosque  in Kilimanoor Grama Panchayath,,Adv Adoor Prakash ,,ATTINGAL,Completed,242517,2025-07-02T00:00:00.000Z,,,,,,,,,,,,Other Civil & Development Works,General Development & Maintenance
175447.0,6a932bb5cd94452437a18ac1,Kerala,Kerala,ATTINGAL,ATTINGAL,THIRUVANANTHAPURAM(DISTRICT COLLECTOR THIRUVANANTHAPURAM_IDA),THIRUVANANTHAPURAM(DISTRICT COLLECTOR THIRUVANANTHAPURAM_IDA),Normal/Others,Normal/Others,250064.0,2025-07-02T00:00:00.000Z,2025.0,0.0,Installation of MML at Yusuf Mukku wad 15  in Kizhuvilam Grama Panchayath,Installation of MML at Yusuf Mukku wad 15  in Kizhuvilam Grama Panchayath,,Adv Adoor Prakash ,,ATTINGAL,Completed,250064,2025-07-02T00:00:00.000Z,,,,,,,,,,,,Other Civil & Development Works,General Development & Maintenance
175451.0,6a932bb5cd94452437a18ac2,Kerala,Kerala,ATTINGAL,ATTINGAL,THIRUVANANTHAPURAM(DISTRICT COLLECTOR THIRUVANANTHAPURAM_IDA),THIRUVANANTHAPURAM(DISTRICT COLLECTOR THIRUVANANTHAPURAM_IDA),Normal/Others,Normal/Others,250064.0,2025-07-02T00:00:00.000Z,2025.0,0.0,Installation of MML near Parayathukonam Thaykavu wad 6  in Kizhuvilam Grama Panchayath,Installation of MML near Parayathukonam Thaykavu wad 6  in Kizhuvilam Grama Panchayath,,Adv Adoor Prakash ,,ATTINGAL,Completed,250064,2025-07-02T00:00:00.000Z,,,,,,,,,,,,Other Civil & Development Works,General Development & Maintenance
175453.0,6a932bb5cd94452437a18ac3,Kerala,Kerala,ATTINGAL,ATTINGAL,THIRUVANANTHAPURAM(DISTRICT COLLECTOR THIRUVANANTHAPURAM_IDA),THIRUVANANTHAPURAM(DISTRICT COLLECTOR THIRUVANANTHAPURAM_IDA),Normal/Others,Normal/Others,250064.0,2025-07-02T00:00:00.000Z,2025.0,0.0,Installation of MML at Appollo colony nagar wad 15  in Kizhuvilam Grama Panchayath,Installation of MML at Appollo colony nagar wad 15  in Kizhuvilam Grama Panchayath,,Adv Adoor Prakash ,,ATTINGAL,Completed,250064,2025-07-02T00:00:00.000Z,,,,,,,,,,,,Other Civil & Development Works,General Development & Maintenance
176658.0,6a932bb5cd94452437a1d094,Kerala,Kerala,KOLLAM,KOLLAM,KOLLAM(DISTRICT COLLECTOR KOLLAM_IDA),KOLLAM(DISTRICT COLLECTOR KOLLAM_IDA),Normal/Others,Normal/Others,470354.0,2026-02-16T00:00:00.000Z,2026.0,0.0,Concreting of Poredom Mahadevar Temple Road in Poredom Junction in Chadayamangalam Panchayat at Chadayamangalam Constituency,Concreting of Poredom Mahadevar Temple Road in Poredom Junction in Chadayamangalam Panchayat at Chadayamangalam Constituency,,Shri NK Premachandran,,KOLLAM,Completed,470354,2026-02-16T00:00:00.000Z,,,,,,,,,,,,Roads & Pathways,Physical Infrastructure
176679.0,6a932bb5cd94452437a1bf86,Kerala,Kerala,KOLLAM,KOLLAM,KOLLAM(DISTRICT COLLECTOR KOLLAM_IDA),KOLLAM(DISTRICT COLLECTOR KOLLAM_IDA),Normal/Others,Normal/Others,330325.0,2025-12-20T00:00:00.000Z,2025.0,0.0,Installation of Minimast light (motorized) in public road in front of Sree Vinayaka Temple Kummallur Adichanalloor GP at Chathanoor Constituency,Installation of Minimast light (motorized) in public road in front of Sree Vinayaka Temple Kummallur Adichanalloor GP at Chathanoor Constituency,,Shri NK Premachandran,,KOLLAM,Completed,330325,2025-12-20T00:00:00.000Z,,,,,,,,,,,,Roads & Pathways,Physical Infrastructure
176682.0,6a932bb5cd94452437a1c065,Kerala,Kerala,KOLLAM,KOLLAM,KOLLAM(DISTRICT COLLECTOR KOLLAM_IDA),KOLLAM(DISTRICT COLLECTOR KOLLAM_IDA),Normal/Others,Normal/Others,330325.0,2025-12-20T00:00:00.000Z,2025.0,0.0,"Installation of Minimast light (Motorised) in Kizhakkenela Arts and  Sports Club, Keli Jn in Chathanoor Constituency","Installation of Minimast light (Motorised) in Kizhakkenela Arts and  Sports Club, Keli Jn in Chathanoor Constituency",,Shri NK Premachandran,,KOLLAM,Completed,330325,2025-12-20T00:00:00.000Z,,,,,,,,,,,,"Health, Sanitation & Public Hygiene",Public Health & Basic Amenities
178068.0,6a932bb5cd94452437a1aa7e,Kerala,Kerala,MAVELIKKARA,MAVELIKKARA,KOLLAM(DISTRICT COLLECTOR KOLLAM_IDA),KOLLAM(DISTRICT COLLECTOR KOLLAM_IDA),Normal/Others,Normal/Others,225138.0,2025-10-08T00:00:00.000Z,2025.0,0.0,"Provide Minimast Light at Cheevode-Anchuparapadi Junction, Piravanthoor Grama panchayath","Provide Minimast Light at Cheevode-Anchuparapadi Junction, Piravanthoor Grama panchayath",,Shri Suresh Kodikunnil,,MAVELIKKARA,Completed,225138,2025-10-08T00:00:00.000Z,,,,,,,,,,,,"Electricity, Lighting & Solar Energy",Physical Infrastructure
178074.0,6a932bb5cd94452437a1b264,Kerala,Kerala,MAVELIKKARA,MAVELIKKARA,KOLLAM(DISTRICT COLLECTOR KOLLAM_IDA),KOLLAM(DISTRICT COLLECTOR KOLLAM_IDA),Normal/Others,Normal/Others,228677.0,2025-11-03T00:00:00.000Z,2025.0,0.0,"Provide Minimast Light at Vattavila Bhagom-Kanatharkunnu, West Kallada Grama Panchayath","Provide Minimast Light at Vattavila Bhagom-Kanatharkunnu, West Kallada Grama Panchayath",,Shri Suresh Kodikunnil,,MAVELIKKARA,Completed,228677,2025-11-03T00:00:00.000Z,,,,,,,,,,,,"Electricity, Lighting & Solar Energy",Physical Infrastructure
178076.0,6a932bb5cd94452437a1d868,Kerala,Kerala,MAVELIKKARA,MAVELIKKARA,KOLLAM(DISTRICT COLLECTOR KOLLAM_IDA),KOLLAM(DISTRICT COLLECTOR KOLLAM_IDA),Normal/Others,Normal/Others,228677.0,2026-03-12T00:00:00.000Z,2026.0,0.0,Provide Minimast Light at Canal Junction in Thrippalazhikom Ward in Kareepra GP,Provide Minimast Light at Canal Junction in Thrippalazhikom Ward in Kareepra GP,,Shri Suresh Kodikunnil,,MAVELIKKARA,Completed,228677,2026-03-12T00:00:00.000Z,,,,,,,,,,,,"Electricity, Lighting & Solar Energy",Physical Infrastructure
178159.0,6a932bb5cd94452437a1a893,Kerala,Kerala,ATTINGAL,ATTINGAL,THIRUVANANTHAPURAM(DISTRICT COLLECTOR THIRUVANANTHAPURAM_IDA),THIRUVANANTHAPURAM(DISTRICT COLLECTOR THIRUVANANTHAPURAM_IDA),Normal/Others,Normal/Others,242517.0,2025-09-29T00:00:00.000Z,2025.0,0.0,Installation of MML near Near Elakamon Homeo Hospital ward-15 in Elakamon Grama Panchayath,Installation of MML near Near Elakamon Homeo Hospital ward-15 in Elakamon Grama Panchayath,,Adv Adoor Prakash ,,ATTINGAL,Completed,242517,2025-09-29T00:00:00.000Z,,,,,,,,,,,,"Health, Sanitation & Public Hygiene",Public Health & Basic Amenities
178172.0,6a932bb5cd94452437a1aaf4,Kerala,Kerala,ATTINGAL,ATTINGAL,THIRUVANANTHAPURAM(DISTRICT COLLECTOR THIRUVANANTHAPURAM_IDA),THIRUVANANTHAPURAM(DISTRICT COLLECTOR THIRUVANANTHAPURAM_IDA),Normal/Others,Normal/Others,250064.0,2025-10-09T00:00:00.000Z,2025.0,0.0,Installation of MML at Kulappara SC Colony  in Panavoor Grama Panchayath,Installation of MML at Kulappara SC Colony  in Panavoor Grama Panchayath,,Adv Adoor Prakash ,,ATTINGAL,Completed,250064,2025-10-09T00:00:00.000Z,,,,,,,,,,,,Other Civil & Development Works,General Development & Maintenance
178174.0,6a932bb5cd94452437a1a880,Kerala,Kerala,ATTINGAL,ATTINGAL,THIRUVANANTHAPURAM(DISTRICT COLLECTOR THIRUVANANTHAPURAM_IDA),THIRUVANANTHAPURAM(DISTRICT COLLECTOR THIRUVANANTHAPURAM_IDA),Normal/Others,Normal/Others,242517.0,2025-09-29T00:00:00.000Z,2025.0,0.0,Installation of MML at near Alamcode Pallithadam Thaykavu in Attingal Muncipality,Installation of MML at near Alamcode Pallithadam Thaykavu in Attingal Muncipality,,Adv Adoor Prakash ,,ATTINGAL,Completed,242517,2025-09-29T00:00:00.000Z,,,,,,,,,,,,Other Civil & Development Works,General Development & Maintenance
178202.0,6a932bb5cd94452437a1a894,Kerala,Kerala,ATTINGAL,ATTINGAL,THIRUVANANTHAPURAM(DISTRICT COLLECTOR THIRUVANANTHAPURAM_IDA),THIRUVANANTHAPURAM(DISTRICT COLLECTOR THIRUVANANTHAPURAM_IDA),Normal/Others,Normal/Others,250064.0,2025-09-29T00:00:00.000Z,2025.0,0.0,"Installation of MML at near Thiruvavarakunnath Sree Bhagavathy Temple,Kulamuttam  in Manamboor","Installation of MML at near Thiruvavarakunnath Sree Bhagavathy Temple,Kulamuttam  in Manamboor",,Adv Adoor Prakash ,,ATTINGAL,Completed,250064,2025-09-29T00:00:00.000Z,,,,,,,,,,,,Other Civil & Development Works,General Development & Maintenance
178704.0,6a932bb5cd94452437a1cb42,Kerala,Kerala,THIRUVANANTHAPURAM,THIRUVANANTHAPURAM,THIRUVANANTHAPURAM(DISTRICT COLLECTOR THIRUVANANTHAPURAM_IDA),THIRUVANANTHAPURAM(DISTRICT COLLECTOR THIRUVANANTHAPURAM_IDA),Normal/Others,Normal/Others,493898.0,2026-01-30T00:00:00.000Z,2026.0,0.0,"Purchase of Laptops for Govt UP School, Valiyathura, Vallakkadavu Ward, Tvpm Corporation.","Purchase of Laptops for Govt UP School, Valiyathura, Vallakkadavu Ward, Tvpm Corporation.",,Dr Shashi Tharoor,,THIRUVANANTHAPURAM,Completed,493898,2026-01-30T00:00:00.000Z,,,,,,,,,,,,Education & School Infrastructure,Social Infrastructure
178710.0,6a932bb5cd94452437a1cf54,Kerala,Kerala,THIRUVANANTHAPURAM,THIRUVANANTHAPURAM,THIRUVANANTHAPURAM(DISTRICT COLLECTOR THIRUVANANTHAPURAM_IDA),THIRUVANANTHAPURAM(DISTRICT COLLECTOR THIRUVANANTHAPURAM_IDA),Normal/Others,Normal/Others,1404132.0,2026-02-10T00:00:00.000Z,2026.0,0.0,"Purchase of Ambulance for Govt. Homeopathy Medical College, Iranimuttom, Kalady Ward, Tvpm Corporation","Purchase of Ambulance for Govt. Homeopathy Medical College, Iranimuttom, Kalady Ward, Tvpm Corporation",,Dr Shashi Tharoor,,THIRUVANANTHAPURAM,Completed,1404132,2026-02-10T00:00:00.000Z,,,,,,,,,,,,Education & School Infrastructure,Social Infrastructure
178888.0,6a932bb5cd94452437a18805,Kerala,Kerala,MAVELIKKARA,MAVELIKKARA,KOLLAM(DISTRICT COLLECTOR KOLLAM_IDA),KOLLAM(DISTRICT COLLECTOR KOLLAM_IDA),Normal/Others,Normal/Others,340000.0,2025-06-20T00:00:00.000Z,2025.0,0.0,"Provide Mini Highmast Light in front of Mulachamthara Devi Temple, Ward-4 in Munroeturuth GP","Provide Mini Highmast Light in front of Mulachamthara Devi Temple, Ward-4 in Munroeturuth GP",,Shri Suresh Kodikunnil,,MAVELIKKARA,Completed,340000,2025-06-20T00:00:00.000Z,,,,,,,,,,,,"Electricity, Lighting & Solar Energy",Physical Infrastructure
179302.0,6a932bb5cd94452437a18a61,Kerala,Kerala,KOLLAM,KOLLAM,KOLLAM(DISTRICT COLLECTOR KOLLAM_IDA),KOLLAM(DISTRICT COLLECTOR KOLLAM_IDA),Normal/Others,Normal/Others,50000.0,2025-07-03T00:00:00.000Z,2025.0,0.0,Purchase of Books for Modern Arts Theaters Library and reading room at Njarackal ward Thrikkaruva GP in Kollam Constituency,Purchase of Books for Modern Arts Theaters Library and reading room at Njarackal ward Thrikkaruva GP in Kollam Constituency,,Shri NK Premachandran,,KOLLAM,Completed,50000,2025-07-03T00:00:00.000Z,,,,,,,,,,,,Education & School Infrastructure,Social Infrastructure
180044.0,6a932bb5cd94452437a1ca9e,Kerala,Kerala,WAYANAD,WAYANAD,WAYANAD(DISTRICT COLLECTOR WAYANAD_IDA),WAYANAD(DISTRICT COLLECTOR WAYANAD_IDA),Normal/Others,Normal/Others,620970.0,2026-01-28T00:00:00.000Z,2026.0,0.0,Thazekarani-Kappumkunnu  Unnathi Foot Path Concrete (ST),Thazekarani-Kappumkunnu  Unnathi Foot Path Concrete (ST),,Priyanka Gandhi Vadra,,WAYANAD,Completed,620970,2026-01-28T00:00:00.000Z,,,,,,,,,,,,Other Civil & Development Works,General Development & Maintenance
180066.0,6a932bb5cd94452437a1c99d,Kerala,Kerala,WAYANAD,WAYANAD,MALAPPURAM(DISTRICT COLLECTOR MALAPPURAM_IDA),MALAPPURAM(DISTRICT COLLECTOR MALAPPURAM_IDA),Normal/Others,Normal/Others,2300000.0,2026-04-18T00:00:00.000Z,2026.0,0.0,Purchase School Bus for G.L.P.School Chandangamkulam,Purchase School Bus for G.L.P.School Chandangamkulam,,Priyanka Gandhi Vadra,,WAYANAD,Completed,2300000,2026-04-18T00:00:00.000Z,,,,,,,,,,,,Education & School Infrastructure,Social Infrastructure
180121.0,6a932bb5cd94452437a1c959,Kerala,Kerala,WAYANAD,WAYANAD,MALAPPURAM(DISTRICT COLLECTOR MALAPPURAM_IDA),MALAPPURAM(DISTRICT COLLECTOR MALAPPURAM_IDA),Normal/Others,Normal/Others,2300000.0,2026-01-21T00:00:00.000Z,2026.0,0.0,Purchase School Bus for Government High School Marutha,Purchase School Bus for Government High School Marutha,,Priyanka Gandhi Vadra,,WAYANAD,Completed,2300000,2026-01-21T00:00:00.000Z,,,,,,,,,,,,Education & School Infrastructure,Social Infrastructure
180475.0,6a932bb5cd94452437a1e4d6,Kerala,Kerala,KOZHIKODE,KOZHIKODE,KOZHIKODE(DISTRICT COLLECTOR KOZHIKODE_IDA),KOZHIKODE(DISTRICT COLLECTOR KOZHIKODE_IDA),Normal/Others,Normal/Others,357044.0,2026-07-13T00:00:00.000Z,2026.0,0.0,Construction of Irumangott Parambath Vennakkadmala Kummangod Road,Construction of Irumangott Parambath Vennakkadmala Kummangod Road,,Shri M K Raghavan,,KOZHIKODE,Completed,357044,2026-07-13T00:00:00.000Z,,,,,,,,,,,,Roads & Pathways,Physical Infrastructure
180482.0,6a932bb5cd94452437a1e4d8,Kerala,Kerala,KOZHIKODE,KOZHIKODE,KOZHIKODE(DISTRICT COLLECTOR KOZHIKODE_IDA),KOZHIKODE(DISTRICT COLLECTOR KOZHIKODE_IDA),Normal/Others,Normal/Others,398621.0,2026-07-13T00:00:00.000Z,2026.0,0.0,Construction of Iyyothiyil Koyappattammal Road,Construction of Iyyothiyil Koyappattammal Road,,Shri M K Raghavan,,KOZHIKODE,Completed,398621,2026-07-13T00:00:00.000Z,,,,,,,,,,,,Roads & Pathways,Physical Infrastructure
184210.0,6a932bb5cd94452437a1c196,Kerala,Kerala,MAVELIKKARA,MAVELIKKARA,ALAPPUZHA(DISTRICT COLLECTOR ALAPPUZHA_IDA),ALAPPUZHA(DISTRICT COLLECTOR ALAPPUZHA_IDA),Normal/Others,Normal/Others,751764.0,2025-12-26T00:00:00.000Z,2025.0,0.0,Side Wall formation and concreating of road Kumarapuram TempleKuryottukavu road in Palamel Grama Panchayath,Side Wall formation and concreating of road Kumarapuram TempleKuryottukavu road in Palamel Grama Panchayath,,Shri Suresh Kodikunnil,,MAVELIKKARA,Completed,751764,2025-12-26T00:00:00.000Z,,,,,,,,,,,,Roads & Pathways,Physical Infrastructure
184217.0,6a932bb5cd94452437a1a301,Kerala,Kerala,MAVELIKKARA,MAVELIKKARA,ALAPPUZHA(DISTRICT COLLECTOR ALAPPUZHA_IDA),ALAPPUZHA(DISTRICT COLLECTOR ALAPPUZHA_IDA),Normal/Others,Normal/Others,225040.0,2025-09-17T00:00:00.000Z,2025.0,0.0,Provide minimast light at bunglavu junction in ward 2  Vallikunnam,Provide minimast light at bunglavu junction in ward 2  Vallikunnam,,Shri Suresh Kodikunnil,,MAVELIKKARA,Completed,225040,2025-09-17T00:00:00.000Z,,,,,,,,,,,,"Electricity, Lighting & Solar Energy",Physical Infrastructure
184459.0,6a932bb5cd94452437a1e8eb,Kerala,Kerala,MALAPPURAM,MALAPPURAM,MALAPPURAM(DISTRICT COLLECTOR MALAPPURAM_IDA),MALAPPURAM(DISTRICT COLLECTOR MALAPPURAM_IDA),Normal/Others,Normal/Others,293676.0,2026-08-05T00:00:00.000Z,2026.0,0.0,Ullattuthodu chira thod side protection,Ullattuthodu chira thod side protection,,E.T. MOHAMMED BASHEER,,MALAPPURAM,Completed,293676,2026-08-05T00:00:00.000Z,,,,,,,,,,,,Other Civil & Development Works,General Development & Maintenance
184489.0,6a932bb5cd94452437a1c9b7,Kerala,Kerala,MALAPPURAM,MALAPPURAM,MALAPPURAM(DISTRICT COLLECTOR MALAPPURAM_IDA),MALAPPURAM(DISTRICT COLLECTOR MALAPPURAM_IDA),Normal/Others,Normal/Others,580511.0,2026-08-04T00:00:00.000Z,2026.0,0.0,"Purchase of Vehicle for Mobile dispensary , PHC Moonniyur GP","Purchase of Vehicle for Mobile dispensary , PHC Moonniyur GP",,E.T. MOHAMMED BASHEER,,MALAPPURAM,Completed,580511,2026-08-04T00:00:00.000Z,,,,,,,,,,,,"Health, Sanitation & Public Hygiene",Public Health & Basic Amenities
185137.0,6a932bb5cd94452437a1d21e,Kerala,Kerala,ATTINGAL,ATTINGAL,THIRUVANANTHAPURAM(DISTRICT COLLECTOR THIRUVANANTHAPURAM_IDA),THIRUVANANTHAPURAM(DISTRICT COLLECTOR THIRUVANANTHAPURAM_IDA),Normal/Others,Normal/Others,242517.0,2026-02-18T00:00:00.000Z,2026.0,0.0,"MML NEAR PAYYANADU TEMPLE ,WARD-9 IN PAZHAYAKUNNUMMEL GRAMA PANCHAYATH","MML NEAR PAYYANADU TEMPLE ,WARD-9 IN PAZHAYAKUNNUMMEL GRAMA PANCHAYATH",,Adv Adoor Prakash ,,ATTINGAL,Completed,242517,2026-02-18T00:00:00.000Z,,,,,,,,,,,,Other Civil & Development Works,General Development & Maintenance
185216.0,6a932bb5cd94452437a1e73e,Kerala,Kerala,ATTINGAL,ATTINGAL,THIRUVANANTHAPURAM(DISTRICT COLLECTOR THIRUVANANTHAPURAM_IDA),THIRUVANANTHAPURAM(DISTRICT COLLECTOR THIRUVANANTHAPURAM_IDA),Normal/Others,Normal/Others,250064.0,2026-08-15T00:00:00.000Z,2026.0,0.0,MML NEAR KURUMPAYAM AYIRAVALLI TEMPLE IN KALLARA GRAMA PANCHAYATH,MML NEAR KURUMPAYAM AYIRAVALLI TEMPLE IN KALLARA GRAMA PANCHAYATH,,Adv Adoor Prakash ,,ATTINGAL,Completed,250064,2026-08-15T00:00:00.000Z,,,,,,,,,,,,Other Civil & Development Works,General Development & Maintenance
185225.0,6a932bb5cd94452437a1d217,Kerala,Kerala,ATTINGAL,ATTINGAL,THIRUVANANTHAPURAM(DISTRICT COLLECTOR THIRUVANANTHAPURAM_IDA),THIRUVANANTHAPURAM(DISTRICT COLLECTOR THIRUVANANTHAPURAM_IDA),Normal/Others,Normal/Others,242517.0,2026-02-18T00:00:00.000Z,2026.0,0.0,MML NEAR VELLANIKKAL SREE VANADURGA TEMPLE IN MANIKKAL GRAMA PANCHAYATH,MML NEAR VELLANIKKAL SREE VANADURGA TEMPLE IN MANIKKAL GRAMA PANCHAYATH,,Adv Adoor Prakash ,,ATTINGAL,Completed,242517,2026-02-18T00:00:00.000Z,,,,,,,,,,,,Other Civil & Development Works,General Development & Maintenance
185463.0,6a932bb5cd94452437a1e995,Kerala,Kerala,PONNANI,PONNANI,PALAKKAD(DISTRICT COLLECTOR PALAKKAD_IDA),PALAKKAD(DISTRICT COLLECTOR PALAKKAD_IDA),Normal/Others,Normal/Others,231959.0,2026-08-18T00:00:00.000Z,2026.0,0.0,Kollazhiparambu Padam Road Concreting,Kollazhiparambu Padam Road Concreting,,DR. M.P ABDUSSAMAD SAMADANI,,PONNANI,Completed,231959,2026-08-18T00:00:00.000Z,,,,,,,,,,,,Roads & Pathways,Physical Infrastructure
185465.0,6a932bb5cd94452437a1e647,Kerala,Kerala,PONNANI,PONNANI,PALAKKAD(DISTRICT COLLECTOR PALAKKAD_IDA),PALAKKAD(DISTRICT COLLECTOR PALAKKAD_IDA),Normal/Others,Normal/Others,157172.0,2026-08-07T00:00:00.000Z,2026.0,0.0,Installation of minimast light at Kaja Nagar,Installation of minimast light at Kaja Nagar,,DR. M.P ABDUSSAMAD SAMADANI,,PONNANI,Completed,157172,2026-08-07T00:00:00.000Z,,,,,,,,,,,,"Electricity, Lighting & Solar Energy",Physical Infrastructure
185470.0,6a932bb5cd94452437a1e960,Kerala,Kerala,PONNANI,PONNANI,PALAKKAD(DISTRICT COLLECTOR PALAKKAD_IDA),PALAKKAD(DISTRICT COLLECTOR PALAKKAD_IDA),Normal/Others,Normal/Others,226217.0,2026-08-17T00:00:00.000Z,2026.0,0.0,Cholakundu Chola Road Concreting,Cholakundu Chola Road Concreting,,DR. M.P ABDUSSAMAD SAMADANI,,PONNANI,Completed,226217,2026-08-17T00:00:00.000Z,,,,,,,,,,,,Roads & Pathways,Physical Infrastructure
185472.0,6a932bb5cd94452437a1e630,Kerala,Kerala,PONNANI,PONNANI,PALAKKAD(DISTRICT COLLECTOR PALAKKAD_IDA),PALAKKAD(DISTRICT COLLECTOR PALAKKAD_IDA),Normal/Others,Normal/Others,157172.0,2026-08-07T00:00:00.000Z,2026.0,0.0,Installation of minimast light in  front of South thrithala juma musjid,Installation of minimast light in  front of South thrithala juma musjid,,DR. M.P ABDUSSAMAD SAMADANI,,PONNANI,Completed,157172,2026-08-07T00:00:00.000Z,,,,,,,,,,,,"Electricity, Lighting & Solar Energy",Physical Infrastructure
185477.0,6a932bb5cd94452437a1e95e,Kerala,Kerala,PONNANI,PONNANI,PALAKKAD(DISTRICT COLLECTOR PALAKKAD_IDA),PALAKKAD(DISTRICT COLLECTOR PALAKKAD_IDA),Normal/Others,Normal/Others,232223.0,2026-08-17T00:00:00.000Z,2026.0,0.0,Panchayath kinar  Karimbayil Road Concreting,Panchayath kinar  Karimbayil Road Concreting,,DR. M.P ABDUSSAMAD SAMADANI,,PONNANI,Completed,232223,2026-08-17T00:00:00.000Z,,,,,,,,,,,,Roads & Pathways,Physical Infrastructure
185485.0,6a932bb5cd94452437a1e653,Kerala,Kerala,PONNANI,PONNANI,PALAKKAD(DISTRICT COLLECTOR PALAKKAD_IDA),PALAKKAD(DISTRICT COLLECTOR PALAKKAD_IDA),Normal/Others,Normal/Others,157172.0,2026-08-07T00:00:00.000Z,2026.0,0.0,Installation of minimast light at Karimbanakkunnu,Installation of minimast light at Karimbanakkunnu,,DR. M.P ABDUSSAMAD SAMADANI,,PONNANI,Completed,157172,2026-08-07T00:00:00.000Z,,,,,,,,,,,,"Electricity, Lighting & Solar Energy",Physical Infrastructure
185490.0,6a932bb5cd94452437a1e64a,Kerala,Kerala,PONNANI,PONNANI,PALAKKAD(DISTRICT COLLECTOR PALAKKAD_IDA),PALAKKAD(DISTRICT COLLECTOR PALAKKAD_IDA),Normal/Others,Normal/Others,157172.0,2026-08-07T00:00:00.000Z,2026.0,0.0,Installation of minimast light at Palakkaparambu Sc colony,Installation of minimast light at Palakkaparambu Sc colony,,DR. M.P ABDUSSAMAD SAMADANI,,PONNANI,Completed,157172,2026-08-07T00:00:00.000Z,,,,,,,,,,,,"Electricity, Lighting & Solar Energy",Physical Infrastructure
185495.0,6a932bb5cd94452437a1e646,Kerala,Kerala,PONNANI,PONNANI,MALAPPURAM(DISTRICT COLLECTOR MALAPPURAM_IDA),MALAPPURAM(DISTRICT COLLECTOR MALAPPURAM_IDA),Normal/Others,Normal/Others,418897.0,2026-08-07T00:00:00.000Z,2026.0,0.0,Construction ot Palerippadi MuthamKunnath  Road,Construction ot Palerippadi MuthamKunnath  Road,,DR. M.P ABDUSSAMAD SAMADANI,,PONNANI,Completed,418897,2026-08-07T00:00:00.000Z,,,,,,,,,,,,Roads & Pathways,Physical Infrastructure
185824.0,6a932bb5cd94452437a1e935,Kerala,Kerala,PONNANI,PONNANI,MALAPPURAM(DISTRICT COLLECTOR MALAPPURAM_IDA),MALAPPURAM(DISTRICT COLLECTOR MALAPPURAM_IDA),Normal/Others,Normal/Others,307048.0,2026-08-10T00:00:00.000Z,2026.0,0.0,Constuction of perumbam kunnu road concerting,Constuction of perumbam kunnu road concerting,,DR. M.P ABDUSSAMAD SAMADANI,,PONNANI,Completed,307048,2026-08-10T00:00:00.000Z,,,,,,,,,,,,Roads & Pathways,Physical Infrastructure
185851.0,6a932bb5cd94452437a1e638,Kerala,Kerala,PONNANI,PONNANI,MALAPPURAM(DISTRICT COLLECTOR MALAPPURAM_IDA),MALAPPURAM(DISTRICT COLLECTOR MALAPPURAM_IDA),Normal/Others,Normal/Others,458042.0,2026-07-31T00:00:00.000Z,2026.0,0.0,construction  of Alingal P H C Juma masjid Road,construction  of Alingal P H C Juma masjid Road,,DR. M.P ABDUSSAMAD SAMADANI,,PONNANI,Completed,458042,2026-07-31T00:00:00.000Z,,,,,,,,,,,,Roads & Pathways,Physical Infrastructure
185867.0,6a932bb5cd94452437a1e484,Kerala,Kerala,PONNANI,PONNANI,MALAPPURAM(DISTRICT COLLECTOR MALAPPURAM_IDA),MALAPPURAM(DISTRICT COLLECTOR MALAPPURAM_IDA),Normal/Others,Normal/Others,159975.0,2026-07-30T00:00:00.000Z,2026.0,0.0,Construction of hamsa ravuther Padi  illathu valappu Road,Construction of hamsa ravuther Padi  illathu valappu Road,,DR. M.P ABDUSSAMAD SAMADANI,,PONNANI,Completed,159975,2026-07-30T00:00:00.000Z,,,,,,,,,,,,Roads & Pathways,Physical Infrastructure
185870.0,6a932bb5cd94452437a1e477,Kerala,Kerala,PONNANI,PONNANI,MALAPPURAM(DISTRICT COLLECTOR MALAPPURAM_IDA),MALAPPURAM(DISTRICT COLLECTOR MALAPPURAM_IDA),Normal/Others,Normal/Others,159994.0,2026-07-30T00:00:00.000Z,2026.0,0.0,Construction of  KoomanKallu Road,Construction of  KoomanKallu Road,,DR. M.P ABDUSSAMAD SAMADANI,,PONNANI,Completed,159994,2026-07-30T00:00:00.000Z,,,,,,,,,,,,Roads & Pathways,Physical Infrastructure
185890.0,6a932bb5cd94452437a1e4de,Kerala,Kerala,PONNANI,PONNANI,MALAPPURAM(DISTRICT COLLECTOR MALAPPURAM_IDA),MALAPPURAM(DISTRICT COLLECTOR MALAPPURAM_IDA),Normal/Others,Normal/Others,150000.0,2026-08-06T00:00:00.000Z,2026.0,0.0,Installation of minimast light at  Kolikkara,Installation of minimast light at  Kolikkara,,DR. M.P ABDUSSAMAD SAMADANI,,PONNANI,Completed,150000,2026-08-06T00:00:00.000Z,,,,,,,,,,,,"Electricity, Lighting & Solar Energy",Physical Infrastructure
185895.0,6a932bb5cd94452437a1e3f8,Kerala,Kerala,PONNANI,PONNANI,MALAPPURAM(DISTRICT COLLECTOR MALAPPURAM_IDA),MALAPPURAM(DISTRICT COLLECTOR MALAPPURAM_IDA),Normal/Others,Normal/Others,150000.0,2026-05-13T00:00:00.000Z,2026.0,0.0,installation of minimast light  at Palappatty,installation of minimast light  at Palappatty,,DR. M.P ABDUSSAMAD SAMADANI,,PONNANI,Completed,150000,2026-05-13T00:00:00.000Z,,,,,,,,,,,,"Electricity, Lighting & Solar Energy",Physical Infrastructure
186101.0,6a932bb5cd94452437a1e7ad,Kerala,Kerala,PONNANI,PONNANI,MALAPPURAM(DISTRICT COLLECTOR MALAPPURAM_IDA),MALAPPURAM(DISTRICT COLLECTOR MALAPPURAM_IDA),Normal/Others,Normal/Others,229077.0,2026-08-05T00:00:00.000Z,2026.0,0.0,Construction of  Karimbanakkunnu  anganavadi Road second phace,Construction of  Karimbanakkunnu  anganavadi Road second phace,,DR. M.P ABDUSSAMAD SAMADANI,,PONNANI,Completed,229077,2026-08-05T00:00:00.000Z,,,,,,,,,,,,Roads & Pathways,Physical Infrastructure
186108.0,6a932bb5cd94452437a1e3c2,Kerala,Kerala,PONNANI,PONNANI,MALAPPURAM(DISTRICT COLLECTOR MALAPPURAM_IDA),MALAPPURAM(DISTRICT COLLECTOR MALAPPURAM_IDA),Normal/Others,Normal/Others,150000.0,2026-05-12T00:00:00.000Z,2026.0,0.0,installation of minimast light at Chelakkadavu pulinchode Padam Road,installation of minimast light at Chelakkadavu pulinchode Padam Road,,DR. M.P ABDUSSAMAD SAMADANI,,PONNANI,Completed,150000,2026-05-12T00:00:00.000Z,,,,,,,,,,,,Roads & Pathways,Physical Infrastructure
186110.0,6a932bb5cd94452437a1e3bd,Kerala,Kerala,PONNANI,PONNANI,MALAPPURAM(DISTRICT COLLECTOR MALAPPURAM_IDA),MALAPPURAM(DISTRICT COLLECTOR MALAPPURAM_IDA),Normal/Others,Normal/Others,150000.0,2026-05-12T00:00:00.000Z,2026.0,0.0,Installation of minimast light at Naranippuzha Centre,Installation of minimast light at Naranippuzha Centre,,DR. M.P ABDUSSAMAD SAMADANI,,PONNANI,Completed,150000,2026-05-12T00:00:00.000Z,,,,,,,,,,,,"Electricity, Lighting & Solar Energy",Physical Infrastructure
186112.0,6a932bb5cd94452437a1e3bb,Kerala,Kerala,PONNANI,PONNANI,MALAPPURAM(DISTRICT COLLECTOR MALAPPURAM_IDA),MALAPPURAM(DISTRICT COLLECTOR MALAPPURAM_IDA),Normal/Others,Normal/Others,175000.0,2026-05-12T00:00:00.000Z,2026.0,0.0,installation of minimast light at Pallikkara Thekkumuri,installation of minimast light at Pallikkara Thekkumuri,,DR. M.P ABDUSSAMAD SAMADANI,,PONNANI,Completed,175000,2026-05-12T00:00:00.000Z,,,,,,,,,,,,"Electricity, Lighting & Solar Energy",Physical Infrastructure
186167.0,6a932bb5cd94452437a1e824,Kerala,Kerala,PONNANI,PONNANI,MALAPPURAM(DISTRICT COLLECTOR MALAPPURAM_IDA),MALAPPURAM(DISTRICT COLLECTOR MALAPPURAM_IDA),Normal/Others,Normal/Others,471975.0,2026-07-31T00:00:00.000Z,2026.0,0.0,Construction of Koothuparambu  Road,Construction of Koothuparambu  Road,,DR. M.P ABDUSSAMAD SAMADANI,,PONNANI,Completed,471975,2026-07-31T00:00:00.000Z,,,,,,,,,,,,Roads & Pathways,Physical Infrastructure
186196.0,6a932bb5cd94452437a1e76f,Kerala,Kerala,PONNANI,PONNANI,MALAPPURAM(DISTRICT COLLECTOR MALAPPURAM_IDA),MALAPPURAM(DISTRICT COLLECTOR MALAPPURAM_IDA),Normal/Others,Normal/Others,167987.0,2026-08-06T00:00:00.000Z,2026.0,0.0,installation of minimast light at Pathampad heath Centre junction,installation of minimast light at Pathampad heath Centre junction,,DR. M.P ABDUSSAMAD SAMADANI,,PONNANI,Completed,167987,2026-08-06T00:00:00.000Z,,,,,,,,,,,,"Electricity, Lighting & Solar Energy",Physical Infrastructure
186200.0,6a932bb5cd94452437a1e77c,Kerala,Kerala,PONNANI,PONNANI,MALAPPURAM(DISTRICT COLLECTOR MALAPPURAM_IDA),MALAPPURAM(DISTRICT COLLECTOR MALAPPURAM_IDA),Normal/Others,Normal/Others,167987.0,2026-08-06T00:00:00.000Z,2026.0,0.0,installation of minimast light at Naluparambu Colony,installation of minimast light at Naluparambu Colony,,DR. M.P ABDUSSAMAD SAMADANI,,PONNANI,Completed,167987,2026-08-06T00:00:00.000Z,,,,,,,,,,,,"Electricity, Lighting & Solar Energy",Physical Infrastructure
186289.0,6a932bb5cd94452437a1e768,Kerala,Kerala,PONNANI,PONNANI,MALAPPURAM(DISTRICT COLLECTOR MALAPPURAM_IDA),MALAPPURAM(DISTRICT COLLECTOR MALAPPURAM_IDA),Normal/Others,Normal/Others,172257.0,2026-07-27T00:00:00.000Z,2026.0,0.0,construction of maddrassappadi  Mullancheri Road,construction of maddrassappadi  Mullancheri Road,,DR. M.P ABDUSSAMAD SAMADANI,,PONNANI,Completed,172257,2026-07-27T00:00:00.000Z,,,,,,,,,,,,Roads & Pathways,Physical Infrastructure
186304.0,6a932bb5cd94452437a1e649,Kerala,Kerala,PONNANI,PONNANI,MALAPPURAM(DISTRICT COLLECTOR MALAPPURAM_IDA),MALAPPURAM(DISTRICT COLLECTOR MALAPPURAM_IDA),Normal/Others,Normal/Others,444595.0,2026-07-27T00:00:00.000Z,2026.0,0.0,Construction of Moonnam Moola vadakkepatu road,Construction of Moonnam Moola vadakkepatu road,,DR. M.P ABDUSSAMAD SAMADANI,,PONNANI,Completed,444595,2026-07-27T00:00:00.000Z,,,,,,,,,,,,Roads & Pathways,Physical Infrastructure
186388.0,6a932bb5cd94452437a1d439,Kerala,Kerala,KOZHIKODE,KOZHIKODE,KOZHIKODE(DISTRICT COLLECTOR KOZHIKODE_IDA),KOZHIKODE(DISTRICT COLLECTOR KOZHIKODE_IDA),Normal/Others,Normal/Others,383009.0,2026-02-25T00:00:00.000Z,2026.0,0.0,Construction of Santhinagar Road,Construction of Santhinagar Road,,Shri M K Raghavan,,KOZHIKODE,Completed,383009,2026-02-25T00:00:00.000Z,,,,,,,,,,,,Roads & Pathways,Physical Infrastructure
186411.0,6a932bb5cd94452437a1d435,Kerala,Kerala,KOZHIKODE,KOZHIKODE,KOZHIKODE(DISTRICT COLLECTOR KOZHIKODE_IDA),KOZHIKODE(DISTRICT COLLECTOR KOZHIKODE_IDA),Normal/Others,Normal/Others,326642.0,2026-02-25T00:00:00.000Z,2026.0,0.0,Construction of Kunnath Anganwadi Road,Construction of Kunnath Anganwadi Road,,Shri M K Raghavan,,KOZHIKODE,Completed,326642,2026-02-25T00:00:00.000Z,,,,,,,,,,,,Roads & Pathways,Physical Infrastructure
186421.0,6a932bb5cd94452437a1dd40,Kerala,Kerala,KOZHIKODE,KOZHIKODE,KOZHIKODE(DISTRICT COLLECTOR KOZHIKODE_IDA),KOZHIKODE(DISTRICT COLLECTOR KOZHIKODE_IDA),Normal/Others,Normal/Others,133498.0,2026-08-11T00:00:00.000Z,2026.0,0.0,Mini Mast Light (4x100W) near Kunnummal Palli,Mini Mast Light (4x100W) near Kunnummal Palli,,Shri M K Raghavan,,KOZHIKODE,Completed,133498,2026-08-11T00:00:00.000Z,,,,,,,,,,,,"Electricity, Lighting & Solar Energy",Physical Infrastructure
187708.0,6a932bb5cd94452437a1e597,Kerala,Kerala,PONNANI,PONNANI,MALAPPURAM(DISTRICT COLLECTOR MALAPPURAM_IDA),MALAPPURAM(DISTRICT COLLECTOR MALAPPURAM_IDA),Normal/Others,Normal/Others,730951.0,2026-08-07T00:00:00.000Z,2026.0,0.0,construction of TKA Road,construction of TKA Road,,DR. M.P ABDUSSAMAD SAMADANI,,PONNANI,Completed,730951,2026-08-07T00:00:00.000Z,,,,,,,,,,,,Roads & Pathways,Physical Infrastructure
188887.0,6a932bb5cd94452437a19427,Kerala,Kerala,THIRUVANANTHAPURAM,THIRUVANANTHAPURAM,THIRUVANANTHAPURAM(DISTRICT COLLECTOR THIRUVANANTHAPURAM_IDA),THIRUVANANTHAPURAM(DISTRICT COLLECTOR THIRUVANANTHAPURAM_IDA),Normal/Others,Normal/Others,483188.0,2025-07-29T00:00:00.000Z,2025.0,0.0,"Construction of sidewall and laying of interlocks at Chowara Manjadithattu road, Ward 8, Kottukal GP","Construction of sidewall and laying of interlocks at Chowara Manjadithattu road, Ward 8, Kottukal GP",,Dr Shashi Tharoor,,THIRUVANANTHAPURAM,Completed,483188,2025-07-29T00:00:00.000Z,,,,,,,,,,,,Roads & Pathways,Physical Infrastructure
189057.0,6a932bb5cd94452437a1dca4,Kerala,Kerala,PATHANAMTHITTA,PATHANAMTHITTA,PATHANAMTHITTA(DISTRICT COLLECTOR PATHANAMTHITTA_IDA),PATHANAMTHITTA(DISTRICT COLLECTOR PATHANAMTHITTA_IDA),Normal/Others,Normal/Others,372938.0,2026-03-26T00:00:00.000Z,2026.0,0.0,Concreting of Kavungumprayar - Marthoma Church Road in Puramattam Grama Panchayat (Ward-02),Concreting of Kavungumprayar - Marthoma Church Road in Puramattam Grama Panchayat (Ward-02),,Anto Antony,,PATHANAMTHITTA,Completed,372938,2026-03-26T00:00:00.000Z,,,,,,,,,,,,Roads & Pathways,Physical Infrastructure
189411.0,6a932bb5cd94452437a1b824,Kerala,Kerala,THRISSUR,THRISSUR,THRISSUR(DISTRICT COLLECTOR THRISSUR_IDA),THRISSUR(DISTRICT COLLECTOR THRISSUR_IDA),Normal/Others,Normal/Others,274040.0,2025-11-22T00:00:00.000Z,2025.0,0.0,Interlocking of Roads in the Unity Road-Ward -2 of Aviniserry Panchayath,Interlocking of Roads in the Unity Road-Ward -2 of Aviniserry Panchayath,,SURESH GOPI,,THRISSUR,Completed,274040,2025-11-22T00:00:00.000Z,,,,,,,,,,,,Roads & Pathways,Physical Infrastructure
189416.0,6a932bb5cd94452437a1b820,Kerala,Kerala,THRISSUR,THRISSUR,THRISSUR(DISTRICT COLLECTOR THRISSUR_IDA),THRISSUR(DISTRICT COLLECTOR THRISSUR_IDA),Normal/Others,Normal/Others,331306.0,2025-11-22T00:00:00.000Z,2025.0,0.0,Interlocking of Roads in the  KrishiBavan Branch Road W-9 of Avinissery Panchayath,Interlocking of Roads in the  KrishiBavan Branch Road W-9 of Avinissery Panchayath,,SURESH GOPI,,THRISSUR,Completed,331306,2025-11-22T00:00:00.000Z,,,,,,,,,,,,Roads & Pathways,Physical Infrastructure
190232.0,6a932bb5cd94452437a1be3e,Kerala,Kerala,THRISSUR,THRISSUR,THRISSUR(DISTRICT COLLECTOR THRISSUR_IDA),THRISSUR(DISTRICT COLLECTOR THRISSUR_IDA),Normal/Others,Normal/Others,775363.0,2025-12-16T00:00:00.000Z,2025.0,0.0,Interlocking of Road in the Sree Vinayaka Road Ward 12 of Avinissery Panchayath.,Interlocking of Road in the Sree Vinayaka Road Ward 12 of Avinissery Panchayath.,,SURESH GOPI,,THRISSUR,Completed,775363,2025-12-16T00:00:00.000Z,,,,,,,,,,,,Roads & Pathways,Physical Infrastructure
190470.0,6a932bb5cd94452437a1d9ba,Kerala,Kerala,KOLLAM,KOLLAM,KOLLAM(DISTRICT COLLECTOR KOLLAM_IDA),KOLLAM(DISTRICT COLLECTOR KOLLAM_IDA),Normal/Others,Normal/Others,403509.0,2026-03-17T00:00:00.000Z,2026.0,0.0,Concreting of Pasumala  Kannankara 100 mtr road Thumbodu Ward Punalur Municipality at Punalur Constituency,Concreting of Pasumala  Kannankara 100 mtr road Thumbodu Ward Punalur Municipality at Punalur Constituency,,Shri NK Premachandran,,KOLLAM,Completed,403509,2026-03-17T00:00:00.000Z,,,,,,,,,,,,Roads & Pathways,Physical Infrastructure
190901.0,6a932bb5cd94452437a1cb90,Kerala,Kerala,THRISSUR,THRISSUR,THRISSUR(DISTRICT COLLECTOR THRISSUR_IDA),THRISSUR(DISTRICT COLLECTOR THRISSUR_IDA),Normal/Others,Normal/Others,850584.0,2026-01-31T00:00:00.000Z,2026.0,0.0,"Interlocking of 175 by 3 meter Souparnika road in Ward 17, Varandarappilly","Interlocking of 175 by 3 meter Souparnika road in Ward 17, Varandarappilly",,SURESH GOPI,,THRISSUR,Completed,850584,2026-01-31T00:00:00.000Z,,,,,,,,,,,,Roads & Pathways,Physical Infrastructure
190947.0,6a932bb5cd94452437a1b71c,Kerala,Kerala,THRISSUR,THRISSUR,THRISSUR(DISTRICT COLLECTOR THRISSUR_IDA),THRISSUR(DISTRICT COLLECTOR THRISSUR_IDA),Normal/Others,Normal/Others,2029465.0,2025-11-19T00:00:00.000Z,2025.0,0.0,Purchase of Computers and Setting up of Computer Lab in Little Flower College (Autonomous) Guruvayoor,Purchase of Computers and Setting up of Computer Lab in Little Flower College (Autonomous) Guruvayoor,,SURESH GOPI,,THRISSUR,Completed,2029465,2025-11-19T00:00:00.000Z,,,,,,,,,,,,Education & School Infrastructure,Social Infrastructure
194506.0,6a932bb5cd94452437a1c173,Kerala,Kerala,MAVELIKKARA,MAVELIKKARA,KOLLAM(DISTRICT COLLECTOR KOLLAM_IDA),KOLLAM(DISTRICT COLLECTOR KOLLAM_IDA),Normal/Others,Normal/Others,1138235.0,2025-12-26T00:00:00.000Z,2025.0,0.0,"Construction and concreating of roa from Thondankara Bhagom-Alamon Patha, Ward 15,Kottatrakkara Muncipality","Construction and concreating of roa from Thondankara Bhagom-Alamon Patha, Ward 15,Kottatrakkara Muncipality",,Shri Suresh Kodikunnil,,MAVELIKKARA,Completed,1138235,2025-12-26T00:00:00.000Z,,,,,,,,,,,,Other Civil & Development Works,General Development & Maintenance
180731.0,6a932bb5cd94452437a1a008,Kerala,Kerala,ATTINGAL,ATTINGAL,THIRUVANANTHAPURAM(DISTRICT COLLECTOR THIRUVANANTHAPURAM_IDA),THIRUVANANTHAPURAM(DISTRICT COLLECTOR THIRUVANANTHAPURAM_IDA),Normal/Others,Normal/Others,242517.0,2025-09-08T00:00:00.000Z,2025.0,0.0,MML at Kannankode Junction in Nellanadu Grama Panchayath,MML at Kannankode Junction in Nellanadu Grama Panchayath,,Adv Adoor Prakash ,,ATTINGAL,Completed,242517,2025-09-08T00:00:00.000Z,,,,,,,,,,,,Other Civil & Development Works,General Development & Maintenance
180734.0,6a932bb5cd94452437a1af4c,Kerala,Kerala,ATTINGAL,ATTINGAL,THIRUVANANTHAPURAM(DISTRICT COLLECTOR THIRUVANANTHAPURAM_IDA),THIRUVANANTHAPURAM(DISTRICT COLLECTOR THIRUVANANTHAPURAM_IDA),Normal/Others,Normal/Others,242517.0,2025-10-18T00:00:00.000Z,2025.0,0.0,MML at Near Puravoor Kunnumala Temple  in Kizhuvilam Grama Panchayath,MML at Near Puravoor Kunnumala Temple  in Kizhuvilam Grama Panchayath,,Adv Adoor Prakash ,,ATTINGAL,Completed,242517,2025-10-18T00:00:00.000Z,,,,,,,,,,,,Other Civil & Development Works,General Development & Maintenance
180784.0,6a932bb5cd94452437a1db14,Kerala,Kerala,VADAKARA,VADAKARA,KOZHIKODE(DISTRICT COLLECTOR KOZHIKODE_IDA),KOZHIKODE(DISTRICT COLLECTOR KOZHIKODE_IDA),Normal/Others,Normal/Others,103000.0,2026-03-21T00:00:00.000Z,2026.0,0.0,Purchase of Tricycle (Motorized),Purchase of Tricycle (Motorized),,SHAFI PARAMBIL,,VADAKARA,Completed,103000,2026-03-21T00:00:00.000Z,,,,,,,,,,,,Other Civil & Development Works,General Development & Maintenance
180788.0,6a932bb5cd94452437a1db13,Kerala,Kerala,VADAKARA,VADAKARA,KOZHIKODE(DISTRICT COLLECTOR KOZHIKODE_IDA),KOZHIKODE(DISTRICT COLLECTOR KOZHIKODE_IDA),Normal/Others,Normal/Others,103000.0,2026-03-21T00:00:00.000Z,2026.0,0.0,Purchase of Tricycle (Motorized),Purchase of Tricycle (Motorized),,SHAFI PARAMBIL,,VADAKARA,Completed,103000,2026-03-21T00:00:00.000Z,,,,,,,,,,,,Other Civil & Development Works,General Development & Maintenance
180790.0,6a932bb5cd94452437a1db0c,Kerala,Kerala,VADAKARA,VADAKARA,KOZHIKODE(DISTRICT COLLECTOR KOZHIKODE_IDA),KOZHIKODE(DISTRICT COLLECTOR KOZHIKODE_IDA),Normal/Others,Normal/Others,103000.0,2026-03-21T00:00:00.000Z,2026.0,0.0,Purchase of Tricycle (Motorized),Purchase of Tricycle (Motorized),,SHAFI PARAMBIL,,VADAKARA,Completed,103000,2026-03-21T00:00:00.000Z,,,,,,,,,,,,Other Civil & Development Works,General Development & Maintenance
180792.0,6a932bb5cd94452437a1db0f,Kerala,Kerala,VADAKARA,VADAKARA,KOZHIKODE(DISTRICT COLLECTOR KOZHIKODE_IDA),KOZHIKODE(DISTRICT COLLECTOR KOZHIKODE_IDA),Normal/Others,Normal/Others,103000.0,2026-03-21T00:00:00.000Z,2026.0,0.0,Purchase of Tricycle (Motorized),Purchase of Tricycle (Motorized),,SHAFI PARAMBIL,,VADAKARA,Completed,103000,2026-03-21T00:00:00.000Z,,,,,,,,,,,,Other Civil & Development Works,General Development & Maintenance
180794.0,6a932bb5cd94452437a1db09,Kerala,Kerala,VADAKARA,VADAKARA,KOZHIKODE(DISTRICT COLLECTOR KOZHIKODE_IDA),KOZHIKODE(DISTRICT COLLECTOR KOZHIKODE_IDA),Normal/Others,Normal/Others,103000.0,2026-03-21T00:00:00.000Z,2026.0,0.0,Purchase of Tricycle (Motorized),Purchase of Tricycle (Motorized),,SHAFI PARAMBIL,,VADAKARA,Completed,103000,2026-03-21T00:00:00.000Z,,,,,,,,,,,,Other Civil & Development Works,General Development & Maintenance
180796.0,6a932bb5cd94452437a1db19,Kerala,Kerala,VADAKARA,VADAKARA,KOZHIKODE(DISTRICT COLLECTOR KOZHIKODE_IDA),KOZHIKODE(DISTRICT COLLECTOR KOZHIKODE_IDA),Normal/Others,Normal/Others,103000.0,2026-03-21T00:00:00.000Z,2026.0,0.0,Purchase of Tricycle (Motorized),Purchase of Tricycle (Motorized),,SHAFI PARAMBIL,,VADAKARA,Completed,103000,2026-03-21T00:00:00.000Z,,,,,,,,,,,,Other Civil & Development Works,General Development & Maintenance
180798.0,6a932bb5cd94452437a1db18,Kerala,Kerala,VADAKARA,VADAKARA,KOZHIKODE(DISTRICT COLLECTOR KOZHIKODE_IDA),KOZHIKODE(DISTRICT COLLECTOR KOZHIKODE_IDA),Normal/Others,Normal/Others,103000.0,2026-03-21T00:00:00.000Z,2026.0,0.0,Purchase of Tricycle (Motorized),Purchase of Tricycle (Motorized),,SHAFI PARAMBIL,,VADAKARA,Completed,103000,2026-03-21T00:00:00.000Z,,,,,,,,,,,,Other Civil & Development Works,General Development & Maintenance
180883.0,6a932bb5cd94452437a1e5fb,Kerala,Kerala,MALAPPURAM,MALAPPURAM,MALAPPURAM(DISTRICT COLLECTOR MALAPPURAM_IDA),MALAPPURAM(DISTRICT COLLECTOR MALAPPURAM_IDA),Normal/Others,Normal/Others,2861487.0,2026-07-23T00:00:00.000Z,2026.0,0.0,"Purchase of hospital equipment for Manjeri Medical College, Manjeri Municipality","Purchase of hospital equipment for Manjeri Medical College, Manjeri Municipality",,E.T. MOHAMMED BASHEER,,MALAPPURAM,Completed,2861487,2026-07-23T00:00:00.000Z,,,,,,,,,,,,Education & School Infrastructure,Social Infrastructure
181301.0,6a932bb5cd94452437a1d218,Kerala,Kerala,ATTINGAL,ATTINGAL,THIRUVANANTHAPURAM(DISTRICT COLLECTOR THIRUVANANTHAPURAM_IDA),THIRUVANANTHAPURAM(DISTRICT COLLECTOR THIRUVANANTHAPURAM_IDA),Normal/Others,Normal/Others,242517.0,2026-02-18T00:00:00.000Z,2026.0,0.0,MML NEAR VEMB BHOOTHATHAN  TEMPLE IN NANNIYODU GRAMA PANCHAYATH,MML NEAR VEMB BHOOTHATHAN  TEMPLE IN NANNIYODU GRAMA PANCHAYATH,,Adv Adoor Prakash ,,ATTINGAL,Completed,242517,2026-02-18T00:00:00.000Z,,,,,,,,,,,,Other Civil & Development Works,General Development & Maintenance
181304.0,6a932bb5cd94452437a19ffe,Kerala,Kerala,ATTINGAL,ATTINGAL,THIRUVANANTHAPURAM(DISTRICT COLLECTOR THIRUVANANTHAPURAM_IDA),THIRUVANANTHAPURAM(DISTRICT COLLECTOR THIRUVANANTHAPURAM_IDA),Normal/Others,Normal/Others,242517.0,2025-09-08T00:00:00.000Z,2025.0,0.0,MML NEAR KUTTIYANI SREEDHARMA SHASTHA  TEMPLE IN VEMBAYAM GRAMA PANCHAYATH,MML NEAR KUTTIYANI SREEDHARMA SHASTHA  TEMPLE IN VEMBAYAM GRAMA PANCHAYATH,,Adv Adoor Prakash ,,ATTINGAL,Completed,242517,2025-09-08T00:00:00.000Z,,,,,,,,,,,,Other Civil & Development Works,General Development & Maintenance
181351.0,6a932bb5cd94452437a1d61c,Kerala,Kerala,KANNUR,KANNUR,KANNUR(DISTRICT COLLECTOR KANNUR_IDA),KANNUR(DISTRICT COLLECTOR KANNUR_IDA),Normal/Others,Normal/Others,499995.0,2026-03-04T00:00:00.000Z,2026.0,0.0,Purchase Of 15 Laptops for Kanhirode A.U.P.School in Munderi  Grma Panchayath,Purchase Of 15 Laptops for Kanhirode A.U.P.School in Munderi  Grma Panchayath,,Shri Kumbakudi Sudhakaran,,KANNUR,Completed,499995,2026-03-04T00:00:00.000Z,,,,,,,,,,,,Education & School Infrastructure,Social Infrastructure
182583.0,6a932bb5cd94452437a1e2dc,Kerala,Kerala,MALAPPURAM,MALAPPURAM,MALAPPURAM(DISTRICT COLLECTOR MALAPPURAM_IDA),MALAPPURAM(DISTRICT COLLECTOR MALAPPURAM_IDA),Normal/Others,Normal/Others,255949.0,2026-05-06T00:00:00.000Z,2026.0,0.0,"Construction of Atteeri BK Road , Ward 17","Construction of Atteeri BK Road , Ward 17",,E.T. MOHAMMED BASHEER,,MALAPPURAM,Completed,255949,2026-05-06T00:00:00.000Z,,,,,,,,,,,,Roads & Pathways,Physical Infrastructure
182585.0,6a932bb5cd94452437a1e635,Kerala,Kerala,MALAPPURAM,MALAPPURAM,MALAPPURAM(DISTRICT COLLECTOR MALAPPURAM_IDA),MALAPPURAM(DISTRICT COLLECTOR MALAPPURAM_IDA),Normal/Others,Normal/Others,304746.0,2026-08-05T00:00:00.000Z,2026.0,0.0,Construction of Parappur Stadium road,Construction of Parappur Stadium road,,E.T. MOHAMMED BASHEER,,MALAPPURAM,Completed,304746,2026-08-05T00:00:00.000Z,,,,,,,,,,,,Roads & Pathways,Physical Infrastructure
182588.0,6a932bb5cd94452437a1e657,Kerala,Kerala,MALAPPURAM,MALAPPURAM,MALAPPURAM(DISTRICT COLLECTOR MALAPPURAM_IDA),MALAPPURAM(DISTRICT COLLECTOR MALAPPURAM_IDA),Normal/Others,Normal/Others,307420.0,2026-08-06T00:00:00.000Z,2026.0,0.0,Construction of Thottungal Thuppanakkad road,Construction of Thottungal Thuppanakkad road,,E.T. MOHAMMED BASHEER,,MALAPPURAM,Completed,307420,2026-08-06T00:00:00.000Z,,,,,,,,,,,,Roads & Pathways,Physical Infrastructure
182632.0,6a932bb5cd94452437a1e71b,Kerala,Kerala,MALAPPURAM,MALAPPURAM,MALAPPURAM(DISTRICT COLLECTOR MALAPPURAM_IDA),MALAPPURAM(DISTRICT COLLECTOR MALAPPURAM_IDA),Normal/Others,Normal/Others,219548.0,2026-08-05T00:00:00.000Z,2026.0,0.0,Construction of Palaparamb Kunnikkaparamb road,Construction of Palaparamb Kunnikkaparamb road,,E.T. MOHAMMED BASHEER,,MALAPPURAM,Completed,219548,2026-08-05T00:00:00.000Z,,,,,,,,,,,,Roads & Pathways,Physical Infrastructure
182672.0,6a932bb5cd94452437a1e719,Kerala,Kerala,MALAPPURAM,MALAPPURAM,MALAPPURAM(DISTRICT COLLECTOR MALAPPURAM_IDA),MALAPPURAM(DISTRICT COLLECTOR MALAPPURAM_IDA),Normal/Others,Normal/Others,349426.0,2026-07-30T00:00:00.000Z,2026.0,0.0,Construction of Kanakkentoru manalumpuram road,Construction of Kanakkentoru manalumpuram road,,E.T. MOHAMMED BASHEER,,MALAPPURAM,Completed,349426,2026-07-30T00:00:00.000Z,,,,,,,,,,,,Roads & Pathways,Physical Infrastructure
182699.0,6a932bb5cd94452437a1e71c,Kerala,Kerala,MALAPPURAM,MALAPPURAM,MALAPPURAM(DISTRICT COLLECTOR MALAPPURAM_IDA),MALAPPURAM(DISTRICT COLLECTOR MALAPPURAM_IDA),Normal/Others,Normal/Others,320090.0,2026-07-31T00:00:00.000Z,2026.0,0.0,Construction of Pithinippara road cum drainage,Construction of Pithinippara road cum drainage,,E.T. MOHAMMED BASHEER,,MALAPPURAM,Completed,320090,2026-07-31T00:00:00.000Z,,,,,,,,,,,,Roads & Pathways,Physical Infrastructure
182721.0,6a932bb5cd94452437a1af4a,Kerala,Kerala,ATTINGAL,ATTINGAL,THIRUVANANTHAPURAM(DISTRICT COLLECTOR THIRUVANANTHAPURAM_IDA),THIRUVANANTHAPURAM(DISTRICT COLLECTOR THIRUVANANTHAPURAM_IDA),Normal/Others,Normal/Others,242517.0,2025-10-18T00:00:00.000Z,2025.0,0.0,MML NEAR MALAYAM CSI CHURCH AT VILAVOORKAL GRAMA PANCHAYATH,MML NEAR MALAYAM CSI CHURCH AT VILAVOORKAL GRAMA PANCHAYATH,,Adv Adoor Prakash ,,ATTINGAL,Completed,242517,2025-10-18T00:00:00.000Z,,,,,,,,,,,,Other Civil & Development Works,General Development & Maintenance
182725.0,6a932bb5cd94452437a1a88b,Kerala,Kerala,ATTINGAL,ATTINGAL,THIRUVANANTHAPURAM(DISTRICT COLLECTOR THIRUVANANTHAPURAM_IDA),THIRUVANANTHAPURAM(DISTRICT COLLECTOR THIRUVANANTHAPURAM_IDA),Normal/Others,Normal/Others,242517.0,2025-09-29T00:00:00.000Z,2025.0,0.0,MML AT CHAMAVILAKAM NEAR PANANGADE LUTHERAN CHURCH  AT VILAVOORKAL GRAMA PANCHAYATH,MML AT CHAMAVILAKAM NEAR PANANGADE LUTHERAN CHURCH  AT VILAVOORKAL GRAMA PANCHAYATH,,Adv Adoor Prakash ,,ATTINGAL,Completed,242517,2025-09-29T00:00:00.000Z,,,,,,,,,,,,Other Civil & Development Works,General Development & Maintenance
183140.0,6a932bb5cd94452437a1e64e,Kerala,Kerala,MALAPPURAM,MALAPPURAM,MALAPPURAM(DISTRICT COLLECTOR MALAPPURAM_IDA),MALAPPURAM(DISTRICT COLLECTOR MALAPPURAM_IDA),Normal/Others,Normal/Others,274027.0,2026-07-30T00:00:00.000Z,2026.0,0.0,Construction of Chemmanthatta Vakkayil kallu path way,Construction of Chemmanthatta Vakkayil kallu path way,,E.T. MOHAMMED BASHEER,,MALAPPURAM,Completed,274027,2026-07-30T00:00:00.000Z,,,,,,,,,,,,Other Civil & Development Works,General Development & Maintenance
183151.0,6a932bb5cd94452437a1d76e,Kerala,Kerala,ATTINGAL,ATTINGAL,THIRUVANANTHAPURAM(DISTRICT COLLECTOR THIRUVANANTHAPURAM_IDA),THIRUVANANTHAPURAM(DISTRICT COLLECTOR THIRUVANANTHAPURAM_IDA),Normal/Others,Normal/Others,242517.0,2026-03-09T00:00:00.000Z,2026.0,0.0,MML IN GURUMUKKU JUNCTION AT CHEMMERUTHY GRAMAPANCHAYATH,MML IN GURUMUKKU JUNCTION AT CHEMMERUTHY GRAMAPANCHAYATH,,Adv Adoor Prakash ,,ATTINGAL,Completed,242517,2026-03-09T00:00:00.000Z,,,,,,,,,,,,Other Civil & Development Works,General Development & Maintenance
183157.0,6a932bb5cd94452437a1a907,Kerala,Kerala,ATTINGAL,ATTINGAL,THIRUVANANTHAPURAM(DISTRICT COLLECTOR THIRUVANANTHAPURAM_IDA),THIRUVANANTHAPURAM(DISTRICT COLLECTOR THIRUVANANTHAPURAM_IDA),Normal/Others,Normal/Others,242517.0,2025-10-03T00:00:00.000Z,2025.0,0.0,MML NEAR MUNDAYIL KAVU AT VARKALA MUNCIPALITY,MML NEAR MUNDAYIL KAVU AT VARKALA MUNCIPALITY,,Adv Adoor Prakash ,,ATTINGAL,Completed,242517,2025-10-03T00:00:00.000Z,,,,,,,,,,,,Other Civil & Development Works,General Development & Maintenance
183166.0,6a932bb5cd94452437a1e8e3,Kerala,Kerala,MALAPPURAM,MALAPPURAM,MALAPPURAM(DISTRICT COLLECTOR MALAPPURAM_IDA),MALAPPURAM(DISTRICT COLLECTOR MALAPPURAM_IDA),Normal/Others,Normal/Others,194403.0,2026-08-13T00:00:00.000Z,2026.0,0.0,Construction of transformer Pulikakandi pathway,Construction of transformer Pulikakandi pathway,,E.T. MOHAMMED BASHEER,,MALAPPURAM,Completed,194403,2026-08-13T00:00:00.000Z,,,,,,,,,,,,Roads & Pathways,Physical Infrastructure
183172.0,6a932bb5cd94452437a1e70a,Kerala,Kerala,MALAPPURAM,MALAPPURAM,MALAPPURAM(DISTRICT COLLECTOR MALAPPURAM_IDA),MALAPPURAM(DISTRICT COLLECTOR MALAPPURAM_IDA),Normal/Others,Normal/Others,284001.0,2026-08-13T00:00:00.000Z,2026.0,0.0,Construction Vadakke Poonthala road,Construction Vadakke Poonthala road,,E.T. MOHAMMED BASHEER,,MALAPPURAM,Completed,284001,2026-08-13T00:00:00.000Z,,,,,,,,,,,,Roads & Pathways,Physical Infrastructure
183268.0,6a932bb5cd94452437a1e7e0,Kerala,Kerala,MALAPPURAM,MALAPPURAM,MALAPPURAM(DISTRICT COLLECTOR MALAPPURAM_IDA),MALAPPURAM(DISTRICT COLLECTOR MALAPPURAM_IDA),Normal/Others,Normal/Others,265449.0,2026-07-31T00:00:00.000Z,2026.0,0.0,"Construction of Visapadi Kallurayi road, ward 1","Construction of Visapadi Kallurayi road, ward 1",,E.T. MOHAMMED BASHEER,,MALAPPURAM,Completed,265449,2026-07-31T00:00:00.000Z,,,,,,,,,,,,Roads & Pathways,Physical Infrastructure
183298.0,6a932bb5cd94452437a1e75d,Kerala,Kerala,MALAPPURAM,MALAPPURAM,MALAPPURAM(DISTRICT COLLECTOR MALAPPURAM_IDA),MALAPPURAM(DISTRICT COLLECTOR MALAPPURAM_IDA),Normal/Others,Normal/Others,222259.0,2026-07-28T00:00:00.000Z,2026.0,0.0,"Construction of Thamarath Chakkingal thazham road, ward 2","Construction of Thamarath Chakkingal thazham road, ward 2",,E.T. MOHAMMED BASHEER,,MALAPPURAM,Completed,222259,2026-07-28T00:00:00.000Z,,,,,,,,,,,,Roads & Pathways,Physical Infrastructure
183305.0,6a932bb5cd94452437a1e873,Kerala,Kerala,MALAPPURAM,MALAPPURAM,MALAPPURAM(DISTRICT COLLECTOR MALAPPURAM_IDA),MALAPPURAM(DISTRICT COLLECTOR MALAPPURAM_IDA),Normal/Others,Normal/Others,238462.0,2026-08-10T00:00:00.000Z,2026.0,0.0,"Construction of Kalliyengal Thettath road, ward 12","Construction of Kalliyengal Thettath road, ward 12",,E.T. MOHAMMED BASHEER,,MALAPPURAM,Completed,238462,2026-08-10T00:00:00.000Z,,,,,,,,,,,,Roads & Pathways,Physical Infrastructure
183335.0,6a932bb5cd94452437a1d7e3,Kerala,Kerala,MALAPPURAM,MALAPPURAM,MALAPPURAM(DISTRICT COLLECTOR MALAPPURAM_IDA),MALAPPURAM(DISTRICT COLLECTOR MALAPPURAM_IDA),Repair and Renovation,Repair and Renovation,974894.0,2026-03-11T00:00:00.000Z,2026.0,0.0,Iruppanthodi  Cheekode road Maintenance,Iruppanthodi  Cheekode road Maintenance,,E.T. MOHAMMED BASHEER,,MALAPPURAM,Completed,974894,2026-03-11T00:00:00.000Z,,,,,,,,,,,,Roads & Pathways,Physical Infrastructure
183343.0,6a932bb5cd94452437a1e8ed,Kerala,Kerala,MALAPPURAM,MALAPPURAM,MALAPPURAM(DISTRICT COLLECTOR MALAPPURAM_IDA),MALAPPURAM(DISTRICT COLLECTOR MALAPPURAM_IDA),Normal/Others,Normal/Others,498967.0,2026-08-05T00:00:00.000Z,2026.0,0.0,"Construction of Mailappuram Madhyamam road, ward- 10","Construction of Mailappuram Madhyamam road, ward- 10",,E.T. MOHAMMED BASHEER,,MALAPPURAM,Completed,498967,2026-08-05T00:00:00.000Z,,,,,,,,,,,,Roads & Pathways,Physical Infrastructure
183379.0,6a932bb5cd94452437a1ba71,Kerala,Kerala,IDUKKI,IDUKKI,IDUKKI(DISTRICT COLLECTOR IDUKKI_IDA),IDUKKI(DISTRICT COLLECTOR IDUKKI_IDA),Normal/Others,Normal/Others,8676888.0,2026-02-23T00:00:00.000Z,2026.0,0.0,"Construction of new building for  Govt.Vocational Higher Secondary School -Thodupuzha ,Ward 7- V.H.S,Thodupuzha Municipality, Idukki Dist","Construction of new building for  Govt.Vocational Higher Secondary School -Thodupuzha ,Ward 7- V.H.S,Thodupuzha Municipality, Idukki Dist",,Adv Dean Kuriakose,,IDUKKI,Completed,8676888,2026-02-23T00:00:00.000Z,,,,,,,,,,,,Education & School Infrastructure,Social Infrastructure
183385.0,6a932bb5cd94452437a1db03,Kerala,Kerala,MALAPPURAM,MALAPPURAM,MALAPPURAM(DISTRICT COLLECTOR MALAPPURAM_IDA),MALAPPURAM(DISTRICT COLLECTOR MALAPPURAM_IDA),Normal/Others,Normal/Others,156772.0,2026-03-21T00:00:00.000Z,2026.0,0.0,"Installation of Mini mast light at Mannathippara SC Colony, ward  5 (SC)","Installation of Mini mast light at Mannathippara SC Colony, ward  5 (SC)",,E.T. MOHAMMED BASHEER,,MALAPPURAM,Completed,156772,2026-03-21T00:00:00.000Z,,,,,,,,,,,,"Electricity, Lighting & Solar Energy",Physical Infrastructure
183396.0,6a932bb5cd94452437a1db04,Kerala,Kerala,MALAPPURAM,MALAPPURAM,MALAPPURAM(DISTRICT COLLECTOR MALAPPURAM_IDA),MALAPPURAM(DISTRICT COLLECTOR MALAPPURAM_IDA),Normal/Others,Normal/Others,156772.0,2026-03-21T00:00:00.000Z,2026.0,0.0,"Installation of Mini mast light at Mannarakkal SC Colony, ward  3 (SC)","Installation of Mini mast light at Mannarakkal SC Colony, ward  3 (SC)",,E.T. MOHAMMED BASHEER,,MALAPPURAM,Completed,156772,2026-03-21T00:00:00.000Z,,,,,,,,,,,,"Electricity, Lighting & Solar Energy",Physical Infrastructure
183689.0,6a932bb5cd94452437a1af4d,Kerala,Kerala,ATTINGAL,ATTINGAL,THIRUVANANTHAPURAM(DISTRICT COLLECTOR THIRUVANANTHAPURAM_IDA),THIRUVANANTHAPURAM(DISTRICT COLLECTOR THIRUVANANTHAPURAM_IDA),Normal/Others,Normal/Others,242517.0,2025-10-18T00:00:00.000Z,2025.0,0.0,MML AT KURICHIYIL JUNCTION IN MADAVOOR GRAMAPANCHAYATH,MML AT KURICHIYIL JUNCTION IN MADAVOOR GRAMAPANCHAYATH,,Adv Adoor Prakash ,,ATTINGAL,Completed,242517,2025-10-18T00:00:00.000Z,,,,,,,,,,,,Other Civil & Development Works,General Development & Maintenance
183692.0,6a932bb5cd94452437a1e217,Kerala,Kerala,ATTINGAL,ATTINGAL,THIRUVANANTHAPURAM(DISTRICT COLLECTOR THIRUVANANTHAPURAM_IDA),THIRUVANANTHAPURAM(DISTRICT COLLECTOR THIRUVANANTHAPURAM_IDA),Normal/Others,Normal/Others,242517.0,2026-04-28T00:00:00.000Z,2026.0,0.0,MML AT NEAR KATTUVILA THAYKAVU IN NAVAIKULAM GRAMA PANCHAYATH,MML AT NEAR KATTUVILA THAYKAVU IN NAVAIKULAM GRAMA PANCHAYATH,,Adv Adoor Prakash ,,ATTINGAL,Completed,242517,2026-04-28T00:00:00.000Z,,,,,,,,,,,,Other Civil & Development Works,General Development & Maintenance
183695.0,6a932bb5cd94452437a1d76c,Kerala,Kerala,ATTINGAL,ATTINGAL,THIRUVANANTHAPURAM(DISTRICT COLLECTOR THIRUVANANTHAPURAM_IDA),THIRUVANANTHAPURAM(DISTRICT COLLECTOR THIRUVANANTHAPURAM_IDA),Normal/Others,Normal/Others,242517.0,2026-03-09T00:00:00.000Z,2026.0,0.0,MML AT MURUKAN KOVIL - KIZHAKKANELA JUNCTION IN NAVAIKULAM GRAMA PANCHAYATH,MML AT MURUKAN KOVIL - KIZHAKKANELA JUNCTION IN NAVAIKULAM GRAMA PANCHAYATH,,Adv Adoor Prakash ,,ATTINGAL,Completed,242517,2026-03-09T00:00:00.000Z,,,,,,,,,,,,Other Civil & Development Works,General Development & Maintenance
183698.0,6a932bb5cd94452437a1e2c9,Kerala,Kerala,ATTINGAL,ATTINGAL,THIRUVANANTHAPURAM(DISTRICT COLLECTOR THIRUVANANTHAPURAM_IDA),THIRUVANANTHAPURAM(DISTRICT COLLECTOR THIRUVANANTHAPURAM_IDA),Normal/Others,Normal/Others,250064.0,2026-05-05T00:00:00.000Z,2026.0,0.0,MML AT NEAR VETTIYARA SREE MADAN THAMPURAN TEMPLE IN NAVAIKULAM GRAMA PANCHAYATH,MML AT NEAR VETTIYARA SREE MADAN THAMPURAN TEMPLE IN NAVAIKULAM GRAMA PANCHAYATH,,Adv Adoor Prakash ,,ATTINGAL,Completed,250064,2026-05-05T00:00:00.000Z,,,,,,,,,,,,Other Civil & Development Works,General Development & Maintenance
183749.0,6a932bb5cd94452437a1e218,Kerala,Kerala,ATTINGAL,ATTINGAL,THIRUVANANTHAPURAM(DISTRICT COLLECTOR THIRUVANANTHAPURAM_IDA),THIRUVANANTHAPURAM(DISTRICT COLLECTOR THIRUVANANTHAPURAM_IDA),Normal/Others,Normal/Others,242517.0,2026-04-28T00:00:00.000Z,2026.0,0.0,MML AT NEAR ALAMKODE HS THAIKAVU IN KARAVARAM GRAMA PANCHAYATH,MML AT NEAR ALAMKODE HS THAIKAVU IN KARAVARAM GRAMA PANCHAYATH,,Adv Adoor Prakash ,,ATTINGAL,Completed,242517,2026-04-28T00:00:00.000Z,,,,,,,,,,,,Other Civil & Development Works,General Development & Maintenance
183753.0,6a932bb5cd94452437a1d221,Kerala,Kerala,ATTINGAL,ATTINGAL,THIRUVANANTHAPURAM(DISTRICT COLLECTOR THIRUVANANTHAPURAM_IDA),THIRUVANANTHAPURAM(DISTRICT COLLECTOR THIRUVANANTHAPURAM_IDA),Normal/Others,Normal/Others,250064.0,2026-02-18T00:00:00.000Z,2026.0,0.0,MML AT ISLAM MUKKU IN KADAKKAVOOR GRAMA PANCHAYATH,MML AT ISLAM MUKKU IN KADAKKAVOOR GRAMA PANCHAYATH,,Adv Adoor Prakash ,,ATTINGAL,Completed,250064,2026-02-18T00:00:00.000Z,,,,,,,,,,,,Other Civil & Development Works,General Development & Maintenance
183887.0,6a932bb5cd94452437a1e860,Kerala,Kerala,ATTINGAL,ATTINGAL,THIRUVANANTHAPURAM(DISTRICT COLLECTOR THIRUVANANTHAPURAM_IDA),THIRUVANANTHAPURAM(DISTRICT COLLECTOR THIRUVANANTHAPURAM_IDA),Normal/Others,Normal/Others,242517.0,2026-08-20T00:00:00.000Z,2026.0,0.0,MML AT NEAR VELLOORKONAM KAVIL BHAGAVATHI TEMPLE IN KIZHUVILAM GRAMA PANCHAYATH,MML AT NEAR VELLOORKONAM KAVIL BHAGAVATHI TEMPLE IN KIZHUVILAM GRAMA PANCHAYATH,,Adv Adoor Prakash ,,ATTINGAL,Completed,242517,2026-08-20T00:00:00.000Z,,,,,,,,,,,,Other Civil & Development Works,General Development & Maintenance
183901.0,6a932bb5cd94452437a1c66c,Kerala,Kerala,ATTINGAL,ATTINGAL,THIRUVANANTHAPURAM(DISTRICT COLLECTOR THIRUVANANTHAPURAM_IDA),THIRUVANANTHAPURAM(DISTRICT COLLECTOR THIRUVANANTHAPURAM_IDA),Normal/Others,Normal/Others,250064.0,2026-01-09T00:00:00.000Z,2026.0,0.0,MML AT OORUPOIKA KATTUVILAMUKKU  JUNCTION IN MUDAKKAL GRAMA PANCHAYATH,MML AT OORUPOIKA KATTUVILAMUKKU  JUNCTION IN MUDAKKAL GRAMA PANCHAYATH,,Adv Adoor Prakash ,,ATTINGAL,Completed,250064,2026-01-09T00:00:00.000Z,,,,,,,,,,,,Other Civil & Development Works,General Development & Maintenance
183917.0,6a932bb5cd94452437a1c669,Kerala,Kerala,ATTINGAL,ATTINGAL,THIRUVANANTHAPURAM(DISTRICT COLLECTOR THIRUVANANTHAPURAM_IDA),THIRUVANANTHAPURAM(DISTRICT COLLECTOR THIRUVANANTHAPURAM_IDA),Normal/Others,Normal/Others,242517.0,2026-01-09T00:00:00.000Z,2026.0,0.0,MML NEAR ONIVARAM RADIO PARK IN MUDAKKAL GRAMA PANCHAYATH,MML NEAR ONIVARAM RADIO PARK IN MUDAKKAL GRAMA PANCHAYATH,,Adv Adoor Prakash ,,ATTINGAL,Completed,242517,2026-01-09T00:00:00.000Z,,,,,,,,,,,,Other Civil & Development Works,General Development & Maintenance
225112.0,6a932bb5cd94452437a1e045,Kerala,Kerala,KOLLAM,KOLLAM,KOLLAM(DISTRICT COLLECTOR KOLLAM_IDA),KOLLAM(DISTRICT COLLECTOR KOLLAM_IDA),Normal/Others,Normal/Others,1290686.0,2026-04-13T00:00:00.000Z,2026.0,0.0,"Concreting of Kalilikkotta road  and raise the side of drainageand laying of covering slab     from  Kuttamukku via  puthiyaveettilmukk to  Madathilmukk of Vettamukk ward in Panmana Grama Panchayat,  in Chavara Constituency","Concreting of Kalilikkotta road  and raise the side of drainageand laying of covering slab     from  Kuttamukku via  puthiyaveettilmukk to  Madathilmukk of Vettamukk ward in Panmana Grama Panchayat,  in Chavara Constituency",,Shri NK Premachandran,,KOLLAM,Completed,1290686,2026-04-13T00:00:00.000Z,,,,,,,,,,,,Roads & Pathways,Physical Infrastructure
227055.0,6a932bb5cd94452437a1e315,Kerala,Kerala,KOLLAM,KOLLAM,KOLLAM(DISTRICT COLLECTOR KOLLAM_IDA),KOLLAM(DISTRICT COLLECTOR KOLLAM_IDA),Normal/Others,Normal/Others,624851.0,2026-05-07T00:00:00.000Z,2026.0,0.0,Construction and concreting of Drainage on both sides of the Meppencode Sree Bhootanath Temple road in Pallimon  ward 7  Nedumpana panchayat in Kundara constituency,Construction and concreting of Drainage on both sides of the Meppencode Sree Bhootanath Temple road in Pallimon  ward 7  Nedumpana panchayat in Kundara constituency,,Shri NK Premachandran,,KOLLAM,Completed,624851,2026-05-07T00:00:00.000Z,,,,,,,,,,,,Roads & Pathways,Physical Infrastructure
227621.0,6a932bb5cd94452437a1d4c7,Kerala,Kerala,KOLLAM,KOLLAM,KOLLAM(DISTRICT COLLECTOR KOLLAM_IDA),KOLLAM(DISTRICT COLLECTOR KOLLAM_IDA),Normal/Others,Normal/Others,525150.0,2026-08-17T00:00:00.000Z,2026.0,0.0,"Concreting of Thekkumkara Elavinmoodu  Road in Puthuor  Ward 13, Elamad Grama Panchayat at Chadayamangalam Constituency","Concreting of Thekkumkara Elavinmoodu  Road in Puthuor  Ward 13, Elamad Grama Panchayat at Chadayamangalam Constituency",,Shri NK Premachandran,,KOLLAM,Completed,525150,2026-08-17T00:00:00.000Z,,,,,,,,,,,,Roads & Pathways,Physical Infrastructure
227912.0,6a932bb5cd94452437a1c147,Kerala,Kerala,KASARAGOD,KASARAGOD,KASARAGOD(DISTRICT COLLECTOR KASARAGOD_IDA),KASARAGOD(DISTRICT COLLECTOR KASARAGOD_IDA),Normal/Others,Normal/Others,125000.0,2026-01-13T00:00:00.000Z,2026.0,0.0,"Supply of Artificial Limb (BK) for one leg as required for a beneficiary in Veluthapoyyayil, near Gandhi Smarak Mandiram, Ward II of Valiyaparamba","Supply of Artificial Limb (BK) for one leg as required for a beneficiary in Veluthapoyyayil, near Gandhi Smarak Mandiram, Ward II of Valiyaparamba",,Shri Rajmohan Unnithan ,,KASARAGOD,Completed,125000,2026-01-13T00:00:00.000Z,,,,,,,,,,,,Other Civil & Development Works,General Development & Maintenance
227914.0,6a932bb5cd94452437a1b728,Kerala,Kerala,KASARAGOD,KASARAGOD,KASARAGOD(DISTRICT COLLECTOR KASARAGOD_IDA),KASARAGOD(DISTRICT COLLECTOR KASARAGOD_IDA),Normal/Others,Normal/Others,120000.0,2026-01-13T00:00:00.000Z,2026.0,0.0,"Supply of One Electronic Electric Wheel Chair for a beneficiary at Elambachi, South Thrikkaripur in ThrikkaripurGramapanchayath","Supply of One Electronic Electric Wheel Chair for a beneficiary at Elambachi, South Thrikkaripur in ThrikkaripurGramapanchayath",,Shri Rajmohan Unnithan ,,KASARAGOD,Completed,120000,2026-01-13T00:00:00.000Z,,,,,,,,,,,,"Electricity, Lighting & Solar Energy",Physical Infrastructure
227916.0,6a932bb5cd94452437a1b760,Kerala,Kerala,KASARAGOD,KASARAGOD,KASARAGOD(DISTRICT COLLECTOR KASARAGOD_IDA),KASARAGOD(DISTRICT COLLECTOR KASARAGOD_IDA),Normal/Others,Normal/Others,120000.0,2026-01-13T00:00:00.000Z,2026.0,0.0,"Supply of One Electronic Electric Wheel Chair for a beneficiary at Elambachi, Thrikkaripur( ward No-16) in ThrikkaripurGramapanchayath","Supply of One Electronic Electric Wheel Chair for a beneficiary at Elambachi, Thrikkaripur( ward No-16) in ThrikkaripurGramapanchayath",,Shri Rajmohan Unnithan ,,KASARAGOD,Completed,120000,2026-01-13T00:00:00.000Z,,,,,,,,,,,,"Electricity, Lighting & Solar Energy",Physical Infrastructure
227918.0,6a932bb5cd94452437a1b763,Kerala,Kerala,KASARAGOD,KASARAGOD,KASARAGOD(DISTRICT COLLECTOR KASARAGOD_IDA),KASARAGOD(DISTRICT COLLECTOR KASARAGOD_IDA),Normal/Others,Normal/Others,120000.0,2026-01-13T00:00:00.000Z,2026.0,0.0,"Supply of One Electronic Electric Wheel Chair for a beneficiary at Kavumthala, Padanna (Ward No-3) in PadneGramapanchayath","Supply of One Electronic Electric Wheel Chair for a beneficiary at Kavumthala, Padanna (Ward No-3) in PadneGramapanchayath",,Shri Rajmohan Unnithan ,,KASARAGOD,Completed,120000,2026-01-13T00:00:00.000Z,,,,,,,,,,,,"Electricity, Lighting & Solar Energy",Physical Infrastructure
227920.0,6a932bb5cd94452437a1b765,Kerala,Kerala,KASARAGOD,KASARAGOD,KASARAGOD(DISTRICT COLLECTOR KASARAGOD_IDA),KASARAGOD(DISTRICT COLLECTOR KASARAGOD_IDA),Normal/Others,Normal/Others,120000.0,2026-01-13T00:00:00.000Z,2026.0,0.0,"Supply of One Electronic Electric Wheel Chair for a beneficiary at Bangara, Manjeswar (Ward No-14) in ManjeshwarGramapanchayath","Supply of One Electronic Electric Wheel Chair for a beneficiary at Bangara, Manjeswar (Ward No-14) in ManjeshwarGramapanchayath",,Shri Rajmohan Unnithan ,,KASARAGOD,Completed,120000,2026-01-13T00:00:00.000Z,,,,,,,,,,,,"Electricity, Lighting & Solar Energy",Physical Infrastructure
227922.0,6a932bb5cd94452437a1b768,Kerala,Kerala,KASARAGOD,KASARAGOD,KASARAGOD(DISTRICT COLLECTOR KASARAGOD_IDA),KASARAGOD(DISTRICT COLLECTOR KASARAGOD_IDA),Normal/Others,Normal/Others,120000.0,2026-01-13T00:00:00.000Z,2026.0,0.0,"Supply of One Electronic Electric Wheel Chair for a beneficiary at Anakallu, Koovatti (Ward No-2) in Kinanur Karinthalam Gramapanchayath","Supply of One Electronic Electric Wheel Chair for a beneficiary at Anakallu, Koovatti (Ward No-2) in Kinanur Karinthalam Gramapanchayath",,Shri Rajmohan Unnithan ,,KASARAGOD,Completed,120000,2026-01-13T00:00:00.000Z,,,,,,,,,,,,"Electricity, Lighting & Solar Energy",Physical Infrastructure
227925.0,6a932bb5cd94452437a1b76a,Kerala,Kerala,KASARAGOD,KASARAGOD,KASARAGOD(DISTRICT COLLECTOR KASARAGOD_IDA),KASARAGOD(DISTRICT COLLECTOR KASARAGOD_IDA),Normal/Others,Normal/Others,120000.0,2026-01-13T00:00:00.000Z,2026.0,0.0,"Supply of One Electronic Electric Wheel Chair for a beneficiary at PunjaviKadappuram, Ozhinja Valappu    (Ward No-35) in Kanhangad Municipality","Supply of One Electronic Electric Wheel Chair for a beneficiary at PunjaviKadappuram, Ozhinja Valappu    (Ward No-35) in Kanhangad Municipality",,Shri Rajmohan Unnithan ,,KASARAGOD,Completed,120000,2026-01-13T00:00:00.000Z,,,,,,,,,,,,"Electricity, Lighting & Solar Energy",Physical Infrastructure
227928.0,6a932bb5cd94452437a1c14b,Kerala,Kerala,KASARAGOD,KASARAGOD,KASARAGOD(DISTRICT COLLECTOR KASARAGOD_IDA),KASARAGOD(DISTRICT COLLECTOR KASARAGOD_IDA),Normal/Others,Normal/Others,120000.0,2026-01-13T00:00:00.000Z,2026.0,0.0,"Purchase and Supply of One Electronic Electric wheel chair for a beneficiary at Njanikkadavu, Ozhinjavalappu, in Kanhangad Municipality (ward No.33)","Purchase and Supply of One Electronic Electric wheel chair for a beneficiary at Njanikkadavu, Ozhinjavalappu, in Kanhangad Municipality (ward No.33)",,Shri Rajmohan Unnithan ,,KASARAGOD,Completed,120000,2026-01-13T00:00:00.000Z,,,,,,,,,,,,"Electricity, Lighting & Solar Energy",Physical Infrastructure
232211.0,6a932bb5cd94452437a1c828,Kerala,Kerala,KANNUR,KANNUR,KANNUR(DISTRICT COLLECTOR KANNUR_IDA),KANNUR(DISTRICT COLLECTOR KANNUR_IDA),Normal/Others,Normal/Others,110000.0,2026-01-16T00:00:00.000Z,2026.0,0.0,Purchase of Electronic Wheel Chair for Physically Challenged Person-Kannur Corporation Division-40,Purchase of Electronic Wheel Chair for Physically Challenged Person-Kannur Corporation Division-40,,Shri Kumbakudi Sudhakaran,,KANNUR,Completed,110000,2026-01-16T00:00:00.000Z,,,,,,,,,,,,Other Civil & Development Works,General Development & Maintenance
232221.0,6a932bb5cd94452437a1c882,Kerala,Kerala,KANNUR,KANNUR,KANNUR(DISTRICT COLLECTOR KANNUR_IDA),KANNUR(DISTRICT COLLECTOR KANNUR_IDA),Normal/Others,Normal/Others,110000.0,2026-01-19T00:00:00.000Z,2026.0,0.0,Purchase of Electronic Wheel Chair for Physically Challenged Person-Kuttiattoor GP-Ward-16,Purchase of Electronic Wheel Chair for Physically Challenged Person-Kuttiattoor GP-Ward-16,,Shri Kumbakudi Sudhakaran,,KANNUR,Completed,110000,2026-01-19T00:00:00.000Z,,,,,,,,,,,,Other Civil & Development Works,General Development & Maintenance
232225.0,6a932bb5cd94452437a1c82d,Kerala,Kerala,KANNUR,KANNUR,KANNUR(DISTRICT COLLECTOR KANNUR_IDA),KANNUR(DISTRICT COLLECTOR KANNUR_IDA),Normal/Others,Normal/Others,110000.0,2026-01-16T00:00:00.000Z,2026.0,0.0,Purchase of Electronic Wheel Chair for Physically Challenged Person-Pinarayi-GP-Ward-10,Purchase of Electronic Wheel Chair for Physically Challenged Person-Pinarayi-GP-Ward-10,,Shri Kumbakudi Sudhakaran,,KANNUR,Completed,110000,2026-01-16T00:00:00.000Z,,,,,,,,,,,,Other Civil & Development Works,General Development & Maintenance
232228.0,6a932bb5cd94452437a1c878,Kerala,Kerala,KANNUR,KANNUR,KANNUR(DISTRICT COLLECTOR KANNUR_IDA),KANNUR(DISTRICT COLLECTOR KANNUR_IDA),Normal/Others,Normal/Others,110000.0,2026-01-18T00:00:00.000Z,2026.0,0.0,Purchase of Electronic Wheel Chair for Physically Challenged Person-Chirakkal-GP-Ward-17,Purchase of Electronic Wheel Chair for Physically Challenged Person-Chirakkal-GP-Ward-17,,Shri Kumbakudi Sudhakaran,,KANNUR,Completed,110000,2026-01-18T00:00:00.000Z,,,,,,,,,,,,Other Civil & Development Works,General Development & Maintenance
232230.0,6a932bb5cd94452437a1c87a,Kerala,Kerala,KANNUR,KANNUR,KANNUR(DISTRICT COLLECTOR KANNUR_IDA),KANNUR(DISTRICT COLLECTOR KANNUR_IDA),Normal/Others,Normal/Others,110000.0,2026-01-18T00:00:00.000Z,2026.0,0.0,Purchase of Electronic Wheel Chair for Physically Challenged Person-Muzhakunnu-GP-Ward-03,Purchase of Electronic Wheel Chair for Physically Challenged Person-Muzhakunnu-GP-Ward-03,,Shri Kumbakudi Sudhakaran,,KANNUR,Completed,110000,2026-01-18T00:00:00.000Z,,,,,,,,,,,,Other Civil & Development Works,General Development & Maintenance
232232.0,6a932bb5cd94452437a1c87c,Kerala,Kerala,KANNUR,KANNUR,KANNUR(DISTRICT COLLECTOR KANNUR_IDA),KANNUR(DISTRICT COLLECTOR KANNUR_IDA),Normal/Others,Normal/Others,110000.0,2026-01-18T00:00:00.000Z,2026.0,0.0,Purchase of Electronic Wheel Chair for Physically Challenged Person-Vengad-GP-Ward-12,Purchase of Electronic Wheel Chair for Physically Challenged Person-Vengad-GP-Ward-12,,Shri Kumbakudi Sudhakaran,,KANNUR,Completed,110000,2026-01-18T00:00:00.000Z,,,,,,,,,,,,Other Civil & Development Works,General Development & Maintenance
232234.0,6a932bb5cd94452437a1c87e,Kerala,Kerala,KANNUR,KANNUR,KANNUR(DISTRICT COLLECTOR KANNUR_IDA),KANNUR(DISTRICT COLLECTOR KANNUR_IDA),Normal/Others,Normal/Others,110000.0,2026-01-18T00:00:00.000Z,2026.0,0.0,Purchase of Electronic Wheel Chair for Physically Challenged Person-Payam-GP-Ward-04,Purchase of Electronic Wheel Chair for Physically Challenged Person-Payam-GP-Ward-04,,Shri Kumbakudi Sudhakaran,,KANNUR,Completed,110000,2026-01-18T00:00:00.000Z,,,,,,,,,,,,Other Civil & Development Works,General Development & Maintenance
232239.0,6a932bb5cd94452437a1c880,Kerala,Kerala,KANNUR,KANNUR,KANNUR(DISTRICT COLLECTOR KANNUR_IDA),KANNUR(DISTRICT COLLECTOR KANNUR_IDA),Normal/Others,Normal/Others,110000.0,2026-01-18T00:00:00.000Z,2026.0,0.0,Purchase of Electronic Wheel Chair for Physically Challenged Person-Payam-GP-Ward-06,Purchase of Electronic Wheel Chair for Physically Challenged Person-Payam-GP-Ward-06,,Shri Kumbakudi Sudhakaran,,KANNUR,Completed,110000,2026-01-18T00:00:00.000Z,,,,,,,,,,,,Other Civil & Development Works,General Development & Maintenance
232241.0,6a932bb5cd94452437a1c884,Kerala,Kerala,KANNUR,KANNUR,KANNUR(DISTRICT COLLECTOR KANNUR_IDA),KANNUR(DISTRICT COLLECTOR KANNUR_IDA),Normal/Others,Normal/Others,110000.0,2026-01-19T00:00:00.000Z,2026.0,0.0,Purchase of Electronic Wheel Chair for Physically Challenged Person-Chengalai-GP-Ward-15,Purchase of Electronic Wheel Chair for Physically Challenged Person-Chengalai-GP-Ward-15,,Shri Kumbakudi Sudhakaran,,KANNUR,Completed,110000,2026-01-19T00:00:00.000Z,,,,,,,,,,,,Other Civil & Development Works,General Development & Maintenance
232243.0,6a932bb5cd94452437a1c8d7,Kerala,Kerala,KANNUR,KANNUR,KANNUR(DISTRICT COLLECTOR KANNUR_IDA),KANNUR(DISTRICT COLLECTOR KANNUR_IDA),Normal/Others,Normal/Others,110000.0,2026-01-20T00:00:00.000Z,2026.0,0.0,Purchase of Electronic Wheel Chair for Physically Challenged Person-Payam-GP-Ward-02,Purchase of Electronic Wheel Chair for Physically Challenged Person-Payam-GP-Ward-02,,Shri Kumbakudi Sudhakaran,,KANNUR,Completed,110000,2026-01-20T00:00:00.000Z,,,,,,,,,,,,Other Civil & Development Works,General Development & Maintenance
232397.0,6a932bb5cd94452437a1c8d9,Kerala,Kerala,KANNUR,KANNUR,KANNUR(DISTRICT COLLECTOR KANNUR_IDA),KANNUR(DISTRICT COLLECTOR KANNUR_IDA),Normal/Others,Normal/Others,110000.0,2026-01-20T00:00:00.000Z,2026.0,0.0,Purchase of Electronic Wheel Chair for Physically Challenged Person-Kannur Corporation Division-08,Purchase of Electronic Wheel Chair for Physically Challenged Person-Kannur Corporation Division-08,,Shri Kumbakudi Sudhakaran,,KANNUR,Completed,110000,2026-01-20T00:00:00.000Z,,,,,,,,,,,,Other Civil & Development Works,General Development & Maintenance
232399.0,6a932bb5cd94452437a1c824,Kerala,Kerala,KANNUR,KANNUR,KANNUR(DISTRICT COLLECTOR KANNUR_IDA),KANNUR(DISTRICT COLLECTOR KANNUR_IDA),Normal/Others,Normal/Others,110000.0,2026-01-16T00:00:00.000Z,2026.0,0.0,Purchase of Electronic Wheel Chair for Physically Challenged Person-Mangattidam-ward-05,Purchase of Electronic Wheel Chair for Physically Challenged Person-Mangattidam-ward-05,,Shri Kumbakudi Sudhakaran,,KANNUR,Completed,110000,2026-01-16T00:00:00.000Z,,,,,,,,,,,,Other Civil & Development Works,General Development & Maintenance
232402.0,6a932bb5cd94452437a1c823,Kerala,Kerala,KANNUR,KANNUR,KANNUR(DISTRICT COLLECTOR KANNUR_IDA),KANNUR(DISTRICT COLLECTOR KANNUR_IDA),Normal/Others,Normal/Others,110000.0,2026-01-16T00:00:00.000Z,2026.0,0.0,Purchase of Electronic Wheel Chair for Physically Challenged Person-Mattannur Municipality-ward-32,Purchase of Electronic Wheel Chair for Physically Challenged Person-Mattannur Municipality-ward-32,,Shri Kumbakudi Sudhakaran,,KANNUR,Completed,110000,2026-01-16T00:00:00.000Z,,,,,,,,,,,,Other Civil & Development Works,General Development & Maintenance
232785.0,6a932bb5cd94452437a1c24b,Kerala,Kerala,KASARAGOD,KASARAGOD,KANNUR(DISTRICT COLLECTOR KANNUR_IDA),KANNUR(DISTRICT COLLECTOR KANNUR_IDA),Normal/Others,Normal/Others,110000.0,2025-12-26T00:00:00.000Z,2025.0,0.0,"Purchase and Supply of One Electronic Electric Wheel Chair for a beneficiary at Thayineri, Payyannur (Ward No-33) in Payyannur Muncipality, Kannur Dist.","Purchase and Supply of One Electronic Electric Wheel Chair for a beneficiary at Thayineri, Payyannur (Ward No-33) in Payyannur Muncipality, Kannur Dist.",,Shri Rajmohan Unnithan ,,KASARAGOD,Completed,110000,2025-12-26T00:00:00.000Z,,,,,,,,,,,,"Electricity, Lighting & Solar Energy",Physical Infrastructure
232796.0,6a932bb5cd94452437a1c24d,Kerala,Kerala,KASARAGOD,KASARAGOD,KANNUR(DISTRICT COLLECTOR KANNUR_IDA),KANNUR(DISTRICT COLLECTOR KANNUR_IDA),Normal/Others,Normal/Others,110000.0,2025-12-26T00:00:00.000Z,2025.0,0.0,"Purchase and Supply of One Electronic Electric Wheel Chair for a beneficiary at Puthiyangadi, Madayi (Ward No-14) in Madayi Grama Panchayath, Kannur Dist.","Purchase and Supply of One Electronic Electric Wheel Chair for a beneficiary at Puthiyangadi, Madayi (Ward No-14) in Madayi Grama Panchayath, Kannur Dist.",,Shri Rajmohan Unnithan ,,KASARAGOD,Completed,110000,2025-12-26T00:00:00.000Z,,,,,,,,,,,,"Electricity, Lighting & Solar Energy",Physical Infrastructure
232798.0,6a932bb5cd94452437a1c21c,Kerala,Kerala,KASARAGOD,KASARAGOD,KANNUR(DISTRICT COLLECTOR KANNUR_IDA),KANNUR(DISTRICT COLLECTOR KANNUR_IDA),Normal/Others,Normal/Others,110000.0,2025-12-26T00:00:00.000Z,2025.0,0.0,"Purchase and Supply of One Electronic Electric Wheel Chair for a beneficiary at Thenna, Eriyam - PO  in Panppuzha Village, (Ward No-7) Kadannappally Panppuzha Grama Panchayath, Kannur Dist.","Purchase and Supply of One Electronic Electric Wheel Chair for a beneficiary at Thenna, Eriyam - PO  in Panppuzha Village, (Ward No-7) Kadannappally Panppuzha Grama Panchayath, Kannur Dist.",,Shri Rajmohan Unnithan ,,KASARAGOD,Completed,110000,2025-12-26T00:00:00.000Z,,,,,,,,,,,,"Electricity, Lighting & Solar Energy",Physical Infrastructure
232800.0,6a932bb5cd94452437a1c185,Kerala,Kerala,KASARAGOD,KASARAGOD,KANNUR(DISTRICT COLLECTOR KANNUR_IDA),KANNUR(DISTRICT COLLECTOR KANNUR_IDA),Normal/Others,Normal/Others,110000.0,2025-12-26T00:00:00.000Z,2025.0,0.0,"Purchase and Supply of One Electronic Electric Wheel Chair for a beneficiary at Santhinilayam Convent area, Pilathara - PO, Cheruthazham Village, (Ward No-16) in Cheruthazham Grama Panchayath, Kannur Dist.","Purchase and Supply of One Electronic Electric Wheel Chair for a beneficiary at Santhinilayam Convent area, Pilathara - PO, Cheruthazham Village, (Ward No-16) in Cheruthazham Grama Panchayath, Kannur Dist.",,Shri Rajmohan Unnithan ,,KASARAGOD,Completed,110000,2025-12-26T00:00:00.000Z,,,,,,,,,,,,"Electricity, Lighting & Solar Energy",Physical Infrastructure
234210.0,6a932bb5cd94452437a1d827,Kerala,Kerala,ALATHUR,ALATHUR,THRISSUR(DISTRICT COLLECTOR THRISSUR_IDA),THRISSUR(DISTRICT COLLECTOR THRISSUR_IDA),Repair and Renovation,Repair and Renovation,968781.0,2026-03-11T00:00:00.000Z,2026.0,0.0,KIZHAKKUMURI ROAD RENOVATION AT CHELAKKARA GP WARD 19,KIZHAKKUMURI ROAD RENOVATION AT CHELAKKARA GP WARD 19,,K RADHAKRISHNAN,,ALATHUR,Completed,968781,2026-03-11T00:00:00.000Z,,,,,,,,,,,,Roads & Pathways,Physical Infrastructure
239357.0,6a932bb5cd94452437a1e3ed,Kerala,Kerala,KASARAGOD,KASARAGOD,KANNUR(DISTRICT COLLECTOR KANNUR_IDA),KANNUR(DISTRICT COLLECTOR KANNUR_IDA),Normal/Others,Normal/Others,500000.0,2026-05-13T00:00:00.000Z,2026.0,0.0,"Purchase of books for Kaithapram PothujanaVayanasala and Granthalayam,Kaithapram Regn. No. 3320 Mathamangalam P.O. Kannur","Purchase of books for Kaithapram PothujanaVayanasala and Granthalayam,Kaithapram Regn. No. 3320 Mathamangalam P.O. Kannur",,Shri Rajmohan Unnithan ,,KASARAGOD,Completed,500000,2026-05-13T00:00:00.000Z,,,,,,,,,,,,Other Civil & Development Works,General Development & Maintenance
240365.0,6a932bb5cd94452437a1d3b9,Kerala,Kerala,KASARAGOD,KASARAGOD,KASARAGOD(DISTRICT COLLECTOR KASARAGOD_IDA),KASARAGOD(DISTRICT COLLECTOR KASARAGOD_IDA),Normal/Others,Normal/Others,299170.0,2026-02-23T00:00:00.000Z,2026.0,0.0,Mini high mast light near Pallathinkal Bhajana MandirThekkil Alatti Road,Mini high mast light near Pallathinkal Bhajana MandirThekkil Alatti Road,,Shri Rajmohan Unnithan ,,KASARAGOD,Completed,299170,2026-02-23T00:00:00.000Z,,,,,,,,,,,,Roads & Pathways,Physical Infrastructure
240367.0,6a932bb5cd94452437a1d5e3,Kerala,Kerala,KASARAGOD,KASARAGOD,KASARAGOD(DISTRICT COLLECTOR KASARAGOD_IDA),KASARAGOD(DISTRICT COLLECTOR KASARAGOD_IDA),Normal/Others,Normal/Others,299170.0,2026-03-03T00:00:00.000Z,2026.0,0.0,Mini high mast light at Kavunkal Unnathi ST Colony,Mini high mast light at Kavunkal Unnathi ST Colony,,Shri Rajmohan Unnithan ,,KASARAGOD,Completed,299170,2026-03-03T00:00:00.000Z,,,,,,,,,,,,"Electricity, Lighting & Solar Energy",Physical Infrastructure
240369.0,6a932bb5cd94452437a1d5e5,Kerala,Kerala,KASARAGOD,KASARAGOD,KASARAGOD(DISTRICT COLLECTOR KASARAGOD_IDA),KASARAGOD(DISTRICT COLLECTOR KASARAGOD_IDA),Normal/Others,Normal/Others,299170.0,2026-03-03T00:00:00.000Z,2026.0,0.0,Mini high mast light near Paduppu St. George Church,Mini high mast light near Paduppu St. George Church,,Shri Rajmohan Unnithan ,,KASARAGOD,Completed,299170,2026-03-03T00:00:00.000Z,,,,,,,,,,,,"Electricity, Lighting & Solar Energy",Physical Infrastructure
240371.0,6a932bb5cd94452437a1ba9b,Kerala,Kerala,KASARAGOD,KASARAGOD,KASARAGOD(DISTRICT COLLECTOR KASARAGOD_IDA),KASARAGOD(DISTRICT COLLECTOR KASARAGOD_IDA),Normal/Others,Normal/Others,200000.0,2025-12-03T00:00:00.000Z,2025.0,0.0,Purchase of Books for Jawahar Vayanasala  Granthalayam Plavullakaya Kuttikkol P.O in Kuttikkol Grama Panchayath,Purchase of Books for Jawahar Vayanasala  Granthalayam Plavullakaya Kuttikkol P.O in Kuttikkol Grama Panchayath,,Shri Rajmohan Unnithan ,,KASARAGOD,Completed,200000,2025-12-03T00:00:00.000Z,,,,,,,,,,,,Other Civil & Development Works,General Development & Maintenance
241374.0,6a932bb5cd94452437a1e813,Kerala,Kerala,KOTTAYAM,KOTTAYAM,KOTTAYAM(DISTRICT COLLECTOR KOTTAYAM_IDA),KOTTAYAM(DISTRICT COLLECTOR KOTTAYAM_IDA),Normal/Others,Normal/Others,643676.0,2026-07-20T00:00:00.000Z,2026.0,0.0,Concreting of Parayil-Painumkal Road,Concreting of Parayil-Painumkal Road,,ADV K FRANCIS GEORGE,,KOTTAYAM,Completed,643676,2026-07-20T00:00:00.000Z,,,,,,,,,,,,Roads & Pathways,Physical Infrastructure
243171.0,6a932bb5cd94452437a1e749,Kerala,Kerala,ATTINGAL,ATTINGAL,THIRUVANANTHAPURAM(DISTRICT COLLECTOR THIRUVANANTHAPURAM_IDA),THIRUVANANTHAPURAM(DISTRICT COLLECTOR THIRUVANANTHAPURAM_IDA),Normal/Others,Normal/Others,242517.0,2026-08-16T00:00:00.000Z,2026.0,0.0,INSTALLATION OF MML NEAR CHERNNAMANGALAM SIVA TEMPLE IN PULIMATH GP,INSTALLATION OF MML NEAR CHERNNAMANGALAM SIVA TEMPLE IN PULIMATH GP,,Adv Adoor Prakash ,,ATTINGAL,Completed,242517,2026-08-16T00:00:00.000Z,,,,,,,,,,,,Other Civil & Development Works,General Development & Maintenance
243224.0,6a932bb5cd94452437a1e740,Kerala,Kerala,ATTINGAL,ATTINGAL,THIRUVANANTHAPURAM(DISTRICT COLLECTOR THIRUVANANTHAPURAM_IDA),THIRUVANANTHAPURAM(DISTRICT COLLECTOR THIRUVANANTHAPURAM_IDA),Normal/Others,Normal/Others,242517.0,2026-08-16T00:00:00.000Z,2026.0,0.0,INSTALLATION OF MML NEAR PARAKULAM SREE BHAGAVATHY TEMPLE IN KARAVARAM GP,INSTALLATION OF MML NEAR PARAKULAM SREE BHAGAVATHY TEMPLE IN KARAVARAM GP,,Adv Adoor Prakash ,,ATTINGAL,Completed,242517,2026-08-16T00:00:00.000Z,,,,,,,,,,,,Other Civil & Development Works,General Development & Maintenance
243573.0,6a932bb5cd94452437a1d45a,Kerala,Kerala,KOLLAM,KOLLAM,KOLLAM(DISTRICT COLLECTOR KOLLAM_IDA),KOLLAM(DISTRICT COLLECTOR KOLLAM_IDA),Normal/Others,Normal/Others,335113.0,2026-07-27T00:00:00.000Z,2026.0,0.0,Installation of Minimast light Motorized near to Poredam Sree Mahadevar  Kshethram road in Chadayamangalam Gramapanchayat at Chadayamangalam Constituency,Installation of Minimast light Motorized near to Poredam Sree Mahadevar  Kshethram road in Chadayamangalam Gramapanchayat at Chadayamangalam Constituency,,Shri NK Premachandran,,KOLLAM,Completed,335113,2026-07-27T00:00:00.000Z,,,,,,,,,,,,Roads & Pathways,Physical Infrastructure
243581.0,6a932bb5cd94452437a1e8fd,Kerala,Kerala,KOLLAM,KOLLAM,KOLLAM(DISTRICT COLLECTOR KOLLAM_IDA),KOLLAM(DISTRICT COLLECTOR KOLLAM_IDA),Normal/Others,Normal/Others,147213.0,2026-08-20T00:00:00.000Z,2026.0,0.0,Concreting of road leading to RPL Quarters from Mariammankovil in Kelankavu ward of Punalur Constituency in Punalur Municipality,Concreting of road leading to RPL Quarters from Mariammankovil in Kelankavu ward of Punalur Constituency in Punalur Municipality,,Shri NK Premachandran,,KOLLAM,Completed,147213,2026-08-20T00:00:00.000Z,,,,,,,,,,,,Roads & Pathways,Physical Infrastructure
244498.0,6a932bb5cd94452437a1d127,Kerala,Kerala,THIRUVANANTHAPURAM,THIRUVANANTHAPURAM,THIRUVANANTHAPURAM(DISTRICT COLLECTOR THIRUVANANTHAPURAM_IDA),THIRUVANANTHAPURAM(DISTRICT COLLECTOR THIRUVANANTHAPURAM_IDA),Normal/Others,Normal/Others,2133514.0,2026-02-16T00:00:00.000Z,2026.0,0.0,"Purchase of school bus for PTM VHSS, Maruthoorkonam, Marathoorkonam Ward","Purchase of school bus for PTM VHSS, Maruthoorkonam, Marathoorkonam Ward",,Dr Shashi Tharoor,,THIRUVANANTHAPURAM,Completed,2133514,2026-02-16T00:00:00.000Z,,,,,,,,,,,,Education & School Infrastructure,Social Infrastructure
244671.0,6a932bb5cd94452437a1e7f3,Kerala,Kerala,PALAKKAD,PALAKKAD,PALAKKAD(DISTRICT COLLECTOR PALAKKAD_IDA),PALAKKAD(DISTRICT COLLECTOR PALAKKAD_IDA),Normal/Others,Normal/Others,683732.0,2026-07-17T00:00:00.000Z,2026.0,0.0,Construction of Panamanna rationshop- Perumbilavil  SC Sanketham road in Ananganadi Grama Panchayath,Construction of Panamanna rationshop- Perumbilavil  SC Sanketham road in Ananganadi Grama Panchayath,,Vellalath Kochukrishnan Nair Sreekandan,,PALAKKAD,Completed,683732,2026-07-17T00:00:00.000Z,,,,,,,,,,,,Roads & Pathways,Physical Infrastructure
245677.0,6a932bb5cd94452437a1e699,Kerala,Kerala,PALAKKAD,PALAKKAD,PALAKKAD(DISTRICT COLLECTOR PALAKKAD_IDA),PALAKKAD(DISTRICT COLLECTOR PALAKKAD_IDA),Normal/Others,Normal/Others,194465.0,2026-08-10T00:00:00.000Z,2026.0,0.0,Mini Mast Light at Thekkinkadu Palli   Ward  6  in Mathur  Grama Panchayath,Mini Mast Light at Thekkinkadu Palli   Ward  6  in Mathur  Grama Panchayath,,Vellalath Kochukrishnan Nair Sreekandan,,PALAKKAD,Completed,194465,2026-08-10T00:00:00.000Z,,,,,,,,,,,,"Electricity, Lighting & Solar Energy",Physical Infrastructure
245680.0,6a932bb5cd94452437a1e691,Kerala,Kerala,PALAKKAD,PALAKKAD,PALAKKAD(DISTRICT COLLECTOR PALAKKAD_IDA),PALAKKAD(DISTRICT COLLECTOR PALAKKAD_IDA),Normal/Others,Normal/Others,195312.0,2026-08-10T00:00:00.000Z,2026.0,0.0,Mini Mast Light at Mannathukavu  Ambalam (Chenganiyoor)  Ward   13 in Mathur Grama Panchayath,Mini Mast Light at Mannathukavu  Ambalam (Chenganiyoor)  Ward   13 in Mathur Grama Panchayath,,Vellalath Kochukrishnan Nair Sreekandan,,PALAKKAD,Completed,195312,2026-08-10T00:00:00.000Z,,,,,,,,,,,,"Electricity, Lighting & Solar Energy",Physical Infrastructure
197609.0,6a932bb5cd94452437a1e908,Kerala,Kerala,KOTTAYAM,KOTTAYAM,KOTTAYAM(DISTRICT COLLECTOR KOTTAYAM_IDA),KOTTAYAM(DISTRICT COLLECTOR KOTTAYAM_IDA),Repair and Renovation,Repair and Renovation,147568.0,2026-08-14T00:00:00.000Z,2026.0,0.0,"Concreting  Kottam-chathampadam  Road, Neendor Gramapanchayat, ward-06","Concreting  Kottam-chathampadam  Road, Neendor Gramapanchayat, ward-06",,ADV K FRANCIS GEORGE,,KOTTAYAM,Completed,147568,2026-08-14T00:00:00.000Z,,,,,,,,,,,,Roads & Pathways,Physical Infrastructure
198137.0,6a932bb5cd94452437a1b2f0,Kerala,Kerala,MAVELIKKARA,MAVELIKKARA,ALAPPUZHA(DISTRICT COLLECTOR ALAPPUZHA_IDA),ALAPPUZHA(DISTRICT COLLECTOR ALAPPUZHA_IDA),Normal/Others,Normal/Others,337365.0,2025-11-05T00:00:00.000Z,2025.0,0.0,"Provide Minihighmast light near Pariyarathukulangara Temple in ward 6, of Vallikunnam GP","Provide Minihighmast light near Pariyarathukulangara Temple in ward 6, of Vallikunnam GP",,Shri Suresh Kodikunnil,,MAVELIKKARA,Completed,337365,2025-11-05T00:00:00.000Z,,,,,,,,,,,,"Electricity, Lighting & Solar Energy",Physical Infrastructure
198986.0,6a932bb5cd94452437a1e6f9,Kerala,Kerala,THIRUVANANTHAPURAM,THIRUVANANTHAPURAM,THIRUVANANTHAPURAM(DISTRICT COLLECTOR THIRUVANANTHAPURAM_IDA),THIRUVANANTHAPURAM(DISTRICT COLLECTOR THIRUVANANTHAPURAM_IDA),Normal/Others,Normal/Others,230657.0,2026-08-15T00:00:00.000Z,2026.0,0.0,Installation of MML near Amottukonam Chamundeswari Temple,Installation of MML near Amottukonam Chamundeswari Temple,,Dr Shashi Tharoor,,THIRUVANANTHAPURAM,Completed,230657,2026-08-15T00:00:00.000Z,,,,,,,,,,,,Other Civil & Development Works,General Development & Maintenance
199096.0,6a932bb5cd94452437a1b3ed,Kerala,Kerala,ERNAKULAM,ERNAKULAM,ERNAKULAM(DISTRICT COLLECTOR ERNAKULAM_IDA),ERNAKULAM(DISTRICT COLLECTOR ERNAKULAM_IDA),Normal/Others,Normal/Others,2419211.0,2026-03-09T00:00:00.000Z,2026.0,0.0,"Purchase of School bus For SNV Sanskrit HSS, North Paravur","Purchase of School bus For SNV Sanskrit HSS, North Paravur",,Shri Hibi Eden,,ERNAKULAM,Completed,2419211,2026-03-09T00:00:00.000Z,,,,,,,,,,,,Education & School Infrastructure,Social Infrastructure
199099.0,6a932bb5cd94452437a18e89,Kerala,Kerala,THIRUVANANTHAPURAM,THIRUVANANTHAPURAM,THIRUVANANTHAPURAM(DISTRICT COLLECTOR THIRUVANANTHAPURAM_IDA),THIRUVANANTHAPURAM(DISTRICT COLLECTOR THIRUVANANTHAPURAM_IDA),Normal/Others,Normal/Others,888617.0,2025-07-15T00:00:00.000Z,2025.0,0.0,Concreting of  Mampazhakkara Malottukonam Road,Concreting of  Mampazhakkara Malottukonam Road,,Dr Shashi Tharoor,,THIRUVANANTHAPURAM,Completed,888617,2025-07-15T00:00:00.000Z,,,,,,,,,,,,Roads & Pathways,Physical Infrastructure
199102.0,6a932bb5cd94452437a1d51c,Kerala,Kerala,THIRUVANANTHAPURAM,THIRUVANANTHAPURAM,THIRUVANANTHAPURAM(DISTRICT COLLECTOR THIRUVANANTHAPURAM_IDA),THIRUVANANTHAPURAM(DISTRICT COLLECTOR THIRUVANANTHAPURAM_IDA),Normal/Others,Normal/Others,544627.0,2026-02-27T00:00:00.000Z,2026.0,0.0,Laying of interlocks at Nullikadu Foot Path,Laying of interlocks at Nullikadu Foot Path,,Dr Shashi Tharoor,,THIRUVANANTHAPURAM,Completed,544627,2026-02-27T00:00:00.000Z,,,,,,,,,,,,Other Civil & Development Works,General Development & Maintenance
199108.0,6a932bb5cd94452437a1d4c9,Kerala,Kerala,KOLLAM,KOLLAM,KOLLAM(DISTRICT COLLECTOR KOLLAM_IDA),KOLLAM(DISTRICT COLLECTOR KOLLAM_IDA),Normal/Others,Normal/Others,801650.0,2026-04-16T00:00:00.000Z,2026.0,0.0,"Concreting of road  from Nadukkunnu to Panachimood in Poonkod ward, Chadayamangalam Grama Panchayat at Chadayamangalam Constituency","Concreting of road  from Nadukkunnu to Panachimood in Poonkod ward, Chadayamangalam Grama Panchayat at Chadayamangalam Constituency",,Shri NK Premachandran,,KOLLAM,Completed,801650,2026-04-16T00:00:00.000Z,,,,,,,,,,,,Roads & Pathways,Physical Infrastructure
199162.0,6a932bb5cd94452437a190bc,Kerala,Kerala,THIRUVANANTHAPURAM,THIRUVANANTHAPURAM,THIRUVANANTHAPURAM(DISTRICT COLLECTOR THIRUVANANTHAPURAM_IDA),THIRUVANANTHAPURAM(DISTRICT COLLECTOR THIRUVANANTHAPURAM_IDA),Normal/Others,Normal/Others,432551.0,2025-07-18T00:00:00.000Z,2025.0,0.0,Concreting of 300 mtrs road from Ilippottukonam to Pananvila Road,Concreting of 300 mtrs road from Ilippottukonam to Pananvila Road,,Dr Shashi Tharoor,,THIRUVANANTHAPURAM,Completed,432551,2025-07-18T00:00:00.000Z,,,,,,,,,,,,Roads & Pathways,Physical Infrastructure
199585.0,6a932bb5cd94452437a1d1c0,Kerala,Kerala,THIRUVANANTHAPURAM,THIRUVANANTHAPURAM,THIRUVANANTHAPURAM(DISTRICT COLLECTOR THIRUVANANTHAPURAM_IDA),THIRUVANANTHAPURAM(DISTRICT COLLECTOR THIRUVANANTHAPURAM_IDA),Normal/Others,Normal/Others,1586860.0,2026-02-18T00:00:00.000Z,2026.0,0.0,"Purchase of School bus for Govt UP Model School, Konchiravila","Purchase of School bus for Govt UP Model School, Konchiravila",,Dr Shashi Tharoor,,THIRUVANANTHAPURAM,Completed,1586860,2026-02-18T00:00:00.000Z,,,,,,,,,,,,Education & School Infrastructure,Social Infrastructure
199587.0,6a932bb5cd94452437a1bdef,Kerala,Kerala,THIRUVANANTHAPURAM,THIRUVANANTHAPURAM,THIRUVANANTHAPURAM(DISTRICT COLLECTOR THIRUVANANTHAPURAM_IDA),THIRUVANANTHAPURAM(DISTRICT COLLECTOR THIRUVANANTHAPURAM_IDA),Normal/Others,Normal/Others,628022.0,2025-12-15T00:00:00.000Z,2025.0,0.0,Laying of interlocks at Kannamkulam Vayalathala road,Laying of interlocks at Kannamkulam Vayalathala road,,Dr Shashi Tharoor,,THIRUVANANTHAPURAM,Completed,628022,2025-12-15T00:00:00.000Z,,,,,,,,,,,,Roads & Pathways,Physical Infrastructure
199589.0,6a932bb5cd94452437a1b318,Kerala,Kerala,THIRUVANANTHAPURAM,THIRUVANANTHAPURAM,THIRUVANANTHAPURAM(DISTRICT COLLECTOR THIRUVANANTHAPURAM_IDA),THIRUVANANTHAPURAM(DISTRICT COLLECTOR THIRUVANANTHAPURAM_IDA),Normal/Others,Normal/Others,649756.0,2026-01-09T00:00:00.000Z,2026.0,0.0,Installation of Open Gym at Poipallivilakom Stadium,Installation of Open Gym at Poipallivilakom Stadium,,Dr Shashi Tharoor,,THIRUVANANTHAPURAM,Completed,649756,2026-01-09T00:00:00.000Z,,,,,,,,,,,,"Health, Sanitation & Public Hygiene",Public Health & Basic Amenities
199774.0,6a932bb5cd94452437a1abec,Kerala,Kerala,WAYANAD,WAYANAD,MALAPPURAM(DISTRICT COLLECTOR MALAPPURAM_IDA),MALAPPURAM(DISTRICT COLLECTOR MALAPPURAM_IDA),Normal/Others,Normal/Others,1057725.0,2026-08-04T00:00:00.000Z,2026.0,0.0,Purchase of four wheeler Vehicle for Mobile dispensary CHC Chungathara,Purchase of four wheeler Vehicle for Mobile dispensary CHC Chungathara,,Priyanka Gandhi Vadra,,WAYANAD,Completed,1057725,2026-08-04T00:00:00.000Z,,,,,,,,,,,,"Health, Sanitation & Public Hygiene",Public Health & Basic Amenities
202216.0,6a932bb5cd94452437a1c738,Kerala,Kerala,ATTINGAL,ATTINGAL,THIRUVANANTHAPURAM(DISTRICT COLLECTOR THIRUVANANTHAPURAM_IDA),THIRUVANANTHAPURAM(DISTRICT COLLECTOR THIRUVANANTHAPURAM_IDA),Normal/Others,Normal/Others,242517.0,2026-01-13T00:00:00.000Z,2026.0,0.0,INSTALLATION OF MML AT OTTOOR THADATHIL JUNCTION IN OTTOOR GP,INSTALLATION OF MML AT OTTOOR THADATHIL JUNCTION IN OTTOOR GP,,Adv Adoor Prakash ,,ATTINGAL,Completed,242517,2026-01-13T00:00:00.000Z,,,,,,,,,,,,Other Civil & Development Works,General Development & Maintenance
203044.0,6a932bb5cd94452437a1cdc0,Kerala,Kerala,ERNAKULAM,ERNAKULAM,ERNAKULAM(DISTRICT COLLECTOR ERNAKULAM_IDA),ERNAKULAM(DISTRICT COLLECTOR ERNAKULAM_IDA),Normal/Others,Normal/Others,2397262.0,2026-03-11T00:00:00.000Z,2026.0,0.0,"Purchase of School bus For HMYS HSS, Kottuvallikkad","Purchase of School bus For HMYS HSS, Kottuvallikkad",,Shri Hibi Eden,,ERNAKULAM,Completed,2397262,2026-03-11T00:00:00.000Z,,,,,,,,,,,,Education & School Infrastructure,Social Infrastructure
204409.0,6a932bb5cd94452437a1dc03,Kerala,Kerala,PATHANAMTHITTA,PATHANAMTHITTA,PATHANAMTHITTA(DISTRICT COLLECTOR PATHANAMTHITTA_IDA),PATHANAMTHITTA(DISTRICT COLLECTOR PATHANAMTHITTA_IDA),Normal/Others,Normal/Others,217562.0,2026-03-24T00:00:00.000Z,2026.0,0.0,Providing 8 Meter LED Mini Mast Light at Malakkara Althara Junction in Aranmula Grama Panchayat.,Providing 8 Meter LED Mini Mast Light at Malakkara Althara Junction in Aranmula Grama Panchayat.,,Anto Antony,,PATHANAMTHITTA,Completed,217562,2026-03-24T00:00:00.000Z,,,,,,,,,,,,"Electricity, Lighting & Solar Energy",Physical Infrastructure
204444.0,6a932bb5cd94452437a1e72e,Kerala,Kerala,PATHANAMTHITTA,PATHANAMTHITTA,PATHANAMTHITTA(DISTRICT COLLECTOR PATHANAMTHITTA_IDA),PATHANAMTHITTA(DISTRICT COLLECTOR PATHANAMTHITTA_IDA),Normal/Others,Normal/Others,217562.0,2026-07-31T00:00:00.000Z,2026.0,0.0,Providing 8 Meter LED Mini Mast Light at Kozhippalam Junction in Aranmula Grama Panchayat.,Providing 8 Meter LED Mini Mast Light at Kozhippalam Junction in Aranmula Grama Panchayat.,,Anto Antony,,PATHANAMTHITTA,Completed,217562,2026-07-31T00:00:00.000Z,,,,,,,,,,,,"Electricity, Lighting & Solar Energy",Physical Infrastructure
204960.0,6a932bb5cd94452437a1e773,Kerala,Kerala,PATHANAMTHITTA,PATHANAMTHITTA,PATHANAMTHITTA(DISTRICT COLLECTOR PATHANAMTHITTA_IDA),PATHANAMTHITTA(DISTRICT COLLECTOR PATHANAMTHITTA_IDA),Normal/Others,Normal/Others,217562.0,2026-07-30T00:00:00.000Z,2026.0,0.0,Providing 8 Meter LED Mini Mast Light at Indira Nagar Junction in Kulanada Grama Panchayat.,Providing 8 Meter LED Mini Mast Light at Indira Nagar Junction in Kulanada Grama Panchayat.,,Anto Antony,,PATHANAMTHITTA,Completed,217562,2026-07-30T00:00:00.000Z,,,,,,,,,,,,"Electricity, Lighting & Solar Energy",Physical Infrastructure
206032.0,6a932bb5cd94452437a1dcc5,Kerala,Kerala,KOTTAYAM,KOTTAYAM,KOTTAYAM(DISTRICT COLLECTOR KOTTAYAM_IDA),KOTTAYAM(DISTRICT COLLECTOR KOTTAYAM_IDA),Normal/Others,Normal/Others,1535010.0,2026-03-27T00:00:00.000Z,2026.0,0.0,"Providing  TATA winger school van eighteen plus Driver for Holy Family High school, Parampuzha, Perumbaikkadu P.O., Kottayam","Providing  TATA winger school van eighteen plus Driver for Holy Family High school, Parampuzha, Perumbaikkadu P.O., Kottayam",,ADV K FRANCIS GEORGE,,KOTTAYAM,Completed,1535010,2026-03-27T00:00:00.000Z,,,,,,,,,,,,Education & School Infrastructure,Social Infrastructure
206182.0,6a932bb5cd94452437a1849c,Kerala,Kerala,ALAPPUZHA,ALAPPUZHA,ALAPPUZHA(DISTRICT COLLECTOR ALAPPUZHA_IDA),ALAPPUZHA(DISTRICT COLLECTOR ALAPPUZHA_IDA),Normal/Others,Normal/Others,429062.0,2025-06-03T00:00:00.000Z,2025.0,0.0,Installation of a High Mast Light in the 17th ward of Punnapra North GP,Installation of a High Mast Light in the 17th ward of Punnapra North GP,,K. C VENUGOPAL,,ALAPPUZHA,Completed,429062,2025-06-03T00:00:00.000Z,,,,,,,,,,,,"Electricity, Lighting & Solar Energy",Physical Infrastructure
206478.0,6a932bb5cd94452437a1cfd9,Kerala,Kerala,ATTINGAL,ATTINGAL,THIRUVANANTHAPURAM(DISTRICT COLLECTOR THIRUVANANTHAPURAM_IDA),THIRUVANANTHAPURAM(DISTRICT COLLECTOR THIRUVANANTHAPURAM_IDA),Normal/Others,Normal/Others,250064.0,2026-02-11T00:00:00.000Z,2026.0,0.0,MML AT NEAR MALAYAM SIVA TEMPLE IN VILAVOORKAL GP,MML AT NEAR MALAYAM SIVA TEMPLE IN VILAVOORKAL GP,,Adv Adoor Prakash ,,ATTINGAL,Completed,250064,2026-02-11T00:00:00.000Z,,,,,,,,,,,,Other Civil & Development Works,General Development & Maintenance
206585.0,6a932bb5cd94452437a1dcac,Kerala,Kerala,MAVELIKKARA,MAVELIKKARA,ALAPPUZHA(DISTRICT COLLECTOR ALAPPUZHA_IDA),ALAPPUZHA(DISTRICT COLLECTOR ALAPPUZHA_IDA),Repair and Renovation,Repair and Renovation,777949.0,2026-03-27T00:00:00.000Z,2026.0,0.0,"Upgrade the road from Gokulampadi- Neerottikklpadi Chure road -Vallakkadavu Road in ward-9, Chengannur Muncipality","Upgrade the road from Gokulampadi- Neerottikklpadi Chure road -Vallakkadavu Road in ward-9, Chengannur Muncipality",,Shri Suresh Kodikunnil,,MAVELIKKARA,Completed,777949,2026-03-27T00:00:00.000Z,,,,,,,,,,,,Roads & Pathways,Physical Infrastructure
206730.0,6a932bb5cd94452437a1dcc2,Kerala,Kerala,KOTTAYAM,KOTTAYAM,KOTTAYAM(DISTRICT COLLECTOR KOTTAYAM_IDA),KOTTAYAM(DISTRICT COLLECTOR KOTTAYAM_IDA),Normal/Others,Normal/Others,1501733.0,2026-03-28T00:00:00.000Z,2026.0,0.0,Providing a TATA winger school van Eighteen plus Driver for Sree Kumaramangalam Higher Secondary School Kumarakom,Providing a TATA winger school van Eighteen plus Driver for Sree Kumaramangalam Higher Secondary School Kumarakom,,ADV K FRANCIS GEORGE,,KOTTAYAM,Completed,1501733,2026-03-28T00:00:00.000Z,,,,,,,,,,,,Education & School Infrastructure,Social Infrastructure
207014.0,6a932bb5cd94452437a1e671,Kerala,Kerala,KOTTAYAM,KOTTAYAM,KOTTAYAM(DISTRICT COLLECTOR KOTTAYAM_IDA),KOTTAYAM(DISTRICT COLLECTOR KOTTAYAM_IDA),Normal/Others,Normal/Others,514800.0,2026-07-15T00:00:00.000Z,2026.0,0.0,"Providing Intra Oral Scanner for Govt. Dental College, Kottayam","Providing Intra Oral Scanner for Govt. Dental College, Kottayam",,ADV K FRANCIS GEORGE,,KOTTAYAM,Completed,514800,2026-07-15T00:00:00.000Z,,,,,,,,,,,,Education & School Infrastructure,Social Infrastructure
207027.0,6a932bb5cd94452437a1c479,Kerala,Kerala,KOTTAYAM,KOTTAYAM,KOTTAYAM(DISTRICT COLLECTOR KOTTAYAM_IDA),KOTTAYAM(DISTRICT COLLECTOR KOTTAYAM_IDA),Normal/Others,Normal/Others,500000.0,2026-01-06T00:00:00.000Z,2026.0,0.0,Providing  04 smart interactive Panel for St. Aloysius HSS Athirambuzha,Providing  04 smart interactive Panel for St. Aloysius HSS Athirambuzha,,ADV K FRANCIS GEORGE,,KOTTAYAM,Completed,500000,2026-01-06T00:00:00.000Z,,,,,,,,,,,,Other Civil & Development Works,General Development & Maintenance
208345.0,6a932bb5cd94452437a1922d,Kerala,Kerala,ALAPPUZHA,ALAPPUZHA,ALAPPUZHA(DISTRICT COLLECTOR ALAPPUZHA_IDA),ALAPPUZHA(DISTRICT COLLECTOR ALAPPUZHA_IDA),Normal/Others,Normal/Others,436609.0,2025-07-28T00:00:00.000Z,2025.0,0.0,Installation of a High Mast Light near Koottumvathukkal Kadavu in Kandalloor GP,Installation of a High Mast Light near Koottumvathukkal Kadavu in Kandalloor GP,,K. C VENUGOPAL,,ALAPPUZHA,Completed,436609,2025-07-28T00:00:00.000Z,,,,,,,,,,,,"Electricity, Lighting & Solar Energy",Physical Infrastructure
208347.0,6a932bb5cd94452437a1875a,Kerala,Kerala,ALAPPUZHA,ALAPPUZHA,ALAPPUZHA(DISTRICT COLLECTOR ALAPPUZHA_IDA),ALAPPUZHA(DISTRICT COLLECTOR ALAPPUZHA_IDA),Normal/Others,Normal/Others,436609.0,2025-06-18T00:00:00.000Z,2025.0,0.0,Installation of a High Mast Light in the 16th ward (Thekke Mankuzhy) of Bharanikkavu GP (near St. George Orthodox church Kurissadi),Installation of a High Mast Light in the 16th ward (Thekke Mankuzhy) of Bharanikkavu GP (near St. George Orthodox church Kurissadi),,K. C VENUGOPAL,,ALAPPUZHA,Completed,436609,2025-06-18T00:00:00.000Z,,,,,,,,,,,,"Electricity, Lighting & Solar Energy",Physical Infrastructure
208349.0,6a932bb5cd94452437a194cb,Kerala,Kerala,ALAPPUZHA,ALAPPUZHA,ALAPPUZHA(DISTRICT COLLECTOR ALAPPUZHA_IDA),ALAPPUZHA(DISTRICT COLLECTOR ALAPPUZHA_IDA),Normal/Others,Normal/Others,435328.0,2025-08-01T00:00:00.000Z,2025.0,0.0,Installation of a High Mast Light near HILPS and Hyathul Mosque in the 6th ward of Ambalappuzha North GP,Installation of a High Mast Light near HILPS and Hyathul Mosque in the 6th ward of Ambalappuzha North GP,,K. C VENUGOPAL,,ALAPPUZHA,Completed,435328,2025-08-01T00:00:00.000Z,,,,,,,,,,,,"Electricity, Lighting & Solar Energy",Physical Infrastructure
210634.0,6a932bb5cd94452437a1c439,Kerala,Kerala,KOLLAM,KOLLAM,KOLLAM(DISTRICT COLLECTOR KOLLAM_IDA),KOLLAM(DISTRICT COLLECTOR KOLLAM_IDA),Normal/Others,Normal/Others,2362653.0,2026-01-05T00:00:00.000Z,2026.0,0.0,Purchase of School Bus for R. Sankar Memorial High School Pazhangalam Nallila at Kundara Constituency,Purchase of School Bus for R. Sankar Memorial High School Pazhangalam Nallila at Kundara Constituency,,Shri NK Premachandran,,KOLLAM,Completed,2362653,2026-01-05T00:00:00.000Z,,,,,,,,,,,,Education & School Infrastructure,Social Infrastructure
210713.0,6a932bb5cd94452437a1e5aa,Kerala,Kerala,ALATHUR,ALATHUR,THRISSUR(DISTRICT COLLECTOR THRISSUR_IDA),THRISSUR(DISTRICT COLLECTOR THRISSUR_IDA),Repair and Renovation,Repair and Renovation,3568735.0,2026-08-14T00:00:00.000Z,2026.0,0.0,PARAPPURAM ROAD RENOVATION,PARAPPURAM ROAD RENOVATION,,K RADHAKRISHNAN,,ALATHUR,Completed,3568735,2026-08-14T00:00:00.000Z,,,,,,,,,,,,Roads & Pathways,Physical Infrastructure
210778.0,6a932bb5cd94452437a1e9bc,Kerala,Kerala,IDUKKI,IDUKKI,ERNAKULAM(DISTRICT COLLECTOR ERNAKULAM_IDA),ERNAKULAM(DISTRICT COLLECTOR ERNAKULAM_IDA),Normal/Others,Normal/Others,220427.0,2026-08-20T00:00:00.000Z,2026.0,0.0,"Installation of minimast light    (8Mtr,Octogonal  pole LED Flood Light 150 Wx5 no.s) at Keerampara church junction , in ward 12th of Keerampara gramapanchayathu.","Installation of minimast light    (8Mtr,Octogonal  pole LED Flood Light 150 Wx5 no.s) at Keerampara church junction , in ward 12th of Keerampara gramapanchayathu.",,Adv Dean Kuriakose,,IDUKKI,Completed,220427,2026-08-20T00:00:00.000Z,,,,,,,,,,,,"Electricity, Lighting & Solar Energy",Physical Infrastructure
210883.0,6a932bb5cd94452437a197ac,Kerala,Kerala,KASARAGOD,KASARAGOD,KANNUR(DISTRICT COLLECTOR KANNUR_IDA),KANNUR(DISTRICT COLLECTOR KANNUR_IDA),Normal/Others,Normal/Others,200000.0,2025-08-12T00:00:00.000Z,2025.0,0.0,"Purchase  of books for Grameena Vayanasala Regn.No.13 PYR 9255, Kadamkunnu, Kakkara P.O., Mathamangalam  PERINGOME Village in(Ward 6) Peringone Vayakkara GP","Purchase  of books for Grameena Vayanasala Regn.No.13 PYR 9255, Kadamkunnu, Kakkara P.O., Mathamangalam  PERINGOME Village in(Ward 6) Peringone Vayakkara GP",,Shri Rajmohan Unnithan ,,KASARAGOD,Completed,200000,2025-08-12T00:00:00.000Z,,,,,,,,,,,,Other Civil & Development Works,General Development & Maintenance
214341.0,6a932bb5cd94452437a1e32c,Kerala,Kerala,THRISSUR,THRISSUR,THRISSUR(DISTRICT COLLECTOR THRISSUR_IDA),THRISSUR(DISTRICT COLLECTOR THRISSUR_IDA),Normal/Others,Normal/Others,1663901.0,2026-05-11T00:00:00.000Z,2026.0,0.0,Interlocking of Saraswathy Vilasam Road in Ward 13 of Engandiyur GP,Interlocking of Saraswathy Vilasam Road in Ward 13 of Engandiyur GP,,SURESH GOPI,,THRISSUR,Completed,1663901,2026-05-11T00:00:00.000Z,,,,,,,,,,,,Roads & Pathways,Physical Infrastructure
214787.0,6a932bb5cd94452437a1d187,Kerala,Kerala,CHALAKUDY,CHALAKUDY,THRISSUR(DISTRICT COLLECTOR THRISSUR_IDA),THRISSUR(DISTRICT COLLECTOR THRISSUR_IDA),Normal/Others,Normal/Others,1840663.0,2026-02-18T00:00:00.000Z,2026.0,0.0,PURCHASE OF AMBULANCE FOR TALUK HOSPITAL KODUNGALLUR IN  WARD 4 OF KODUNGALLUR MUNICIPALITY,PURCHASE OF AMBULANCE FOR TALUK HOSPITAL KODUNGALLUR IN  WARD 4 OF KODUNGALLUR MUNICIPALITY,,Shri Benny Behanan,,CHALAKUDY,Completed,1840663,2026-02-18T00:00:00.000Z,,,,,,,,,,,,"Health, Sanitation & Public Hygiene",Public Health & Basic Amenities
216108.0,6a932bb5cd94452437a1dd5c,Kerala,Kerala,ALATHUR,ALATHUR,PALAKKAD(DISTRICT COLLECTOR PALAKKAD_IDA),PALAKKAD(DISTRICT COLLECTOR PALAKKAD_IDA),Normal/Others,Normal/Others,425189.0,2026-03-31T00:00:00.000Z,2026.0,0.0,KOLANGARA VELLATTU SC UNNATHI ROAD CONSTRUCTION,KOLANGARA VELLATTU SC UNNATHI ROAD CONSTRUCTION,,K RADHAKRISHNAN,,ALATHUR,Completed,425189,2026-03-31T00:00:00.000Z,,,,,,,,,,,,Roads & Pathways,Physical Infrastructure
217117.0,6a932bb5cd94452437a1e874,Kerala,Kerala,ATTINGAL,ATTINGAL,THIRUVANANTHAPURAM(DISTRICT COLLECTOR THIRUVANANTHAPURAM_IDA),THIRUVANANTHAPURAM(DISTRICT COLLECTOR THIRUVANANTHAPURAM_IDA),Normal/Others,Normal/Others,242517.0,2026-08-20T00:00:00.000Z,2026.0,0.0,INSTALLATION OF MML AT NEAR MARYANADU IDAVAKA DEVALAYAM SWARGAROGITHA MATHA CHURCH IN KADINAMKULAM GP,INSTALLATION OF MML AT NEAR MARYANADU IDAVAKA DEVALAYAM SWARGAROGITHA MATHA CHURCH IN KADINAMKULAM GP,,Adv Adoor Prakash ,,ATTINGAL,Completed,242517,2026-08-20T00:00:00.000Z,,,,,,,,,,,,Other Civil & Development Works,General Development & Maintenance
217810.0,6a932bb5cd94452437a1e16e,Kerala,Kerala,MAVELIKKARA,MAVELIKKARA,KOLLAM(DISTRICT COLLECTOR KOLLAM_IDA),KOLLAM(DISTRICT COLLECTOR KOLLAM_IDA),Normal/Others,Normal/Others,225139.0,2026-04-22T00:00:00.000Z,2026.0,0.0,Provide minimast light at Panayara jn. Ummannoor GP,Provide minimast light at Panayara jn. Ummannoor GP,,Shri Suresh Kodikunnil,,MAVELIKKARA,Completed,225139,2026-04-22T00:00:00.000Z,,,,,,,,,,,,"Electricity, Lighting & Solar Energy",Physical Infrastructure
217813.0,6a932bb5cd94452437a1e1a2,Kerala,Kerala,MAVELIKKARA,MAVELIKKARA,KOLLAM(DISTRICT COLLECTOR KOLLAM_IDA),KOLLAM(DISTRICT COLLECTOR KOLLAM_IDA),Normal/Others,Normal/Others,225139.0,2026-04-23T00:00:00.000Z,2026.0,0.0,Minimast Light atPerumba jn in Ummannoor GP,Minimast Light atPerumba jn in Ummannoor GP,,Shri Suresh Kodikunnil,,MAVELIKKARA,Completed,225139,2026-04-23T00:00:00.000Z,,,,,,,,,,,,"Electricity, Lighting & Solar Energy",Physical Infrastructure
217816.0,6a932bb5cd94452437a1d916,Kerala,Kerala,MAVELIKKARA,MAVELIKKARA,KOLLAM(DISTRICT COLLECTOR KOLLAM_IDA),KOLLAM(DISTRICT COLLECTOR KOLLAM_IDA),Normal/Others,Normal/Others,225139.0,2026-03-14T00:00:00.000Z,2026.0,0.0,"Provide Minimast Light Kailasom Ardhanareeswara Temple, Panampatta ward in Thalavoor GP","Provide Minimast Light Kailasom Ardhanareeswara Temple, Panampatta ward in Thalavoor GP",,Shri Suresh Kodikunnil,,MAVELIKKARA,Completed,225139,2026-03-14T00:00:00.000Z,,,,,,,,,,,,"Electricity, Lighting & Solar Energy",Physical Infrastructure
219170.0,6a932bb5cd94452437a1e311,Kerala,Kerala,THRISSUR,THRISSUR,THRISSUR(DISTRICT COLLECTOR THRISSUR_IDA),THRISSUR(DISTRICT COLLECTOR THRISSUR_IDA),Normal/Others,Normal/Others,890456.0,2026-05-07T00:00:00.000Z,2026.0,0.0,"Installation of Two 12 m High Mast with 200 W x 6 number of Flood Lights in (1) the Manjanam Moola Road near Avittathur Mahadeva Temple, Vellookkara, and (2)  Chengattumuri - Thommana Road, West Side of  Avittathur Mahadeva Temple, Vellookkara.","Installation of Two 12 m High Mast with 200 W x 6 number of Flood Lights in (1) the Manjanam Moola Road near Avittathur Mahadeva Temple, Vellookkara, and (2)  Chengattumuri - Thommana Road, West Side of  Avittathur Mahadeva Temple, Vellookkara.",,SURESH GOPI,,THRISSUR,Completed,890456,2026-05-07T00:00:00.000Z,,,,,,,,,,,,Roads & Pathways,Physical Infrastructure
219393.0,6a932bb5cd94452437a1d5be,Kerala,Kerala,THIRUVANANTHAPURAM,THIRUVANANTHAPURAM,THIRUVANANTHAPURAM(DISTRICT COLLECTOR THIRUVANANTHAPURAM_IDA),THIRUVANANTHAPURAM(DISTRICT COLLECTOR THIRUVANANTHAPURAM_IDA),Normal/Others,Normal/Others,377663.0,2026-03-04T00:00:00.000Z,2026.0,0.0,"Construction of sidewall and laying of interlocks at Chowara Ayanikuttivila Kalluvila Road, Ward 12 Chappath, Kottukal GP","Construction of sidewall and laying of interlocks at Chowara Ayanikuttivila Kalluvila Road, Ward 12 Chappath, Kottukal GP",,Dr Shashi Tharoor,,THIRUVANANTHAPURAM,Completed,377663,2026-03-04T00:00:00.000Z,,,,,,,,,,,,Roads & Pathways,Physical Infrastructure
220059.0,6a932bb5cd94452437a1d59f,Kerala,Kerala,KOLLAM,KOLLAM,KOLLAM(DISTRICT COLLECTOR KOLLAM_IDA),KOLLAM(DISTRICT COLLECTOR KOLLAM_IDA),Normal/Others,Normal/Others,662662.0,2026-03-02T00:00:00.000Z,2026.0,0.0,Concreting of Faith Home Neythod-Chembakassery Ela Road in Thachakode Ward Pooyappally Grama Panchayat Chathannur Constituency,Concreting of Faith Home Neythod-Chembakassery Ela Road in Thachakode Ward Pooyappally Grama Panchayat Chathannur Constituency,,Shri NK Premachandran,,KOLLAM,Completed,662662,2026-03-02T00:00:00.000Z,,,,,,,,,,,,Roads & Pathways,Physical Infrastructure
220188.0,6a932bb5cd94452437a1e1d4,Kerala,Kerala,KOTTAYAM,KOTTAYAM,KOTTAYAM(DISTRICT COLLECTOR KOTTAYAM_IDA),KOTTAYAM(DISTRICT COLLECTOR KOTTAYAM_IDA),Normal/Others,Normal/Others,799740.0,2026-04-24T00:00:00.000Z,2026.0,0.0,Concreting Ettumanookkaran - Kottukappally Road,Concreting Ettumanookkaran - Kottukappally Road,,ADV K FRANCIS GEORGE,,KOTTAYAM,Completed,799740,2026-04-24T00:00:00.000Z,,,,,,,,,,,,Roads & Pathways,Physical Infrastructure
220200.0,6a932bb5cd94452437a1e329,Kerala,Kerala,KOTTAYAM,KOTTAYAM,KOTTAYAM(DISTRICT COLLECTOR KOTTAYAM_IDA),KOTTAYAM(DISTRICT COLLECTOR KOTTAYAM_IDA),Normal/Others,Normal/Others,776718.0,2026-05-08T00:00:00.000Z,2026.0,0.0,Concreting Kunnukala Road,Concreting Kunnukala Road,,ADV K FRANCIS GEORGE,,KOTTAYAM,Completed,776718,2026-05-08T00:00:00.000Z,,,,,,,,,,,,Roads & Pathways,Physical Infrastructure
246585.0,6a932bb5cd94452437a1c94c,Kerala,Kerala,ALAPPUZHA,ALAPPUZHA,ALAPPUZHA(DISTRICT COLLECTOR ALAPPUZHA_IDA),ALAPPUZHA(DISTRICT COLLECTOR ALAPPUZHA_IDA),Normal/Others,Normal/Others,444055.0,2026-01-21T00:00:00.000Z,2026.0,0.0,Installation of a High Mast Light in front of Sree Shanmukhapuram Temple in Perumbalam GP,Installation of a High Mast Light in front of Sree Shanmukhapuram Temple in Perumbalam GP,,K. C VENUGOPAL,,ALAPPUZHA,Completed,444055,2026-01-21T00:00:00.000Z,,,,,,,,,,,,"Electricity, Lighting & Solar Energy",Physical Infrastructure
246596.0,6a932bb5cd94452437a1d6fa,Kerala,Kerala,ALAPPUZHA,ALAPPUZHA,ALAPPUZHA(DISTRICT COLLECTOR ALAPPUZHA_IDA),ALAPPUZHA(DISTRICT COLLECTOR ALAPPUZHA_IDA),Normal/Others,Normal/Others,443794.0,2026-03-07T00:00:00.000Z,2026.0,0.0,Installation of a High Mast Light at Sreenarayanapuram in the 16th ward of Ezhupunna GP,Installation of a High Mast Light at Sreenarayanapuram in the 16th ward of Ezhupunna GP,,K. C VENUGOPAL,,ALAPPUZHA,Completed,443794,2026-03-07T00:00:00.000Z,,,,,,,,,,,,"Electricity, Lighting & Solar Energy",Physical Infrastructure
246604.0,6a932bb5cd94452437a1d6f4,Kerala,Kerala,ALAPPUZHA,ALAPPUZHA,ALAPPUZHA(DISTRICT COLLECTOR ALAPPUZHA_IDA),ALAPPUZHA(DISTRICT COLLECTOR ALAPPUZHA_IDA),Normal/Others,Normal/Others,325388.0,2026-03-07T00:00:00.000Z,2026.0,0.0,Installation of a Mini High Mast Light at Choolatheruvu Junction in the 2nd ward of Muthukulam GP,Installation of a Mini High Mast Light at Choolatheruvu Junction in the 2nd ward of Muthukulam GP,,K. C VENUGOPAL,,ALAPPUZHA,Completed,325388,2026-03-07T00:00:00.000Z,,,,,,,,,,,,"Electricity, Lighting & Solar Energy",Physical Infrastructure
246638.0,6a932bb5cd94452437a1d3bc,Kerala,Kerala,ALAPPUZHA,ALAPPUZHA,ALAPPUZHA(DISTRICT COLLECTOR ALAPPUZHA_IDA),ALAPPUZHA(DISTRICT COLLECTOR ALAPPUZHA_IDA),Normal/Others,Normal/Others,1687236.0,2026-07-17T00:00:00.000Z,2026.0,0.0,"Purchase of a bus for St.Michaels HS, Kavil","Purchase of a bus for St.Michaels HS, Kavil",,K. C VENUGOPAL,,ALAPPUZHA,Completed,1687236,2026-07-17T00:00:00.000Z,,,,,,,,,,,,Other Civil & Development Works,General Development & Maintenance
246643.0,6a932bb5cd94452437a1d6a4,Kerala,Kerala,ALAPPUZHA,ALAPPUZHA,ALAPPUZHA(DISTRICT COLLECTOR ALAPPUZHA_IDA),ALAPPUZHA(DISTRICT COLLECTOR ALAPPUZHA_IDA),Normal/Others,Normal/Others,597375.0,2026-03-07T00:00:00.000Z,2026.0,0.0,"Purchase of 15 Laptops for UIT, Pathiyoor Regional Centre","Purchase of 15 Laptops for UIT, Pathiyoor Regional Centre",,K. C VENUGOPAL,,ALAPPUZHA,Completed,597375,2026-03-07T00:00:00.000Z,,,,,,,,,,,,Other Civil & Development Works,General Development & Maintenance
248266.0,6a932bb5cd94452437a1e972,Kerala,Kerala,PALAKKAD,PALAKKAD,PALAKKAD(DISTRICT COLLECTOR PALAKKAD_IDA),PALAKKAD(DISTRICT COLLECTOR PALAKKAD_IDA),Normal/Others,Normal/Others,187097.0,2026-08-17T00:00:00.000Z,2026.0,0.0,Mini Mast Light at Vellayamthodu Mannanthara Anganwadi Parisaram in Kongad Grama Panchayath,Mini Mast Light at Vellayamthodu Mannanthara Anganwadi Parisaram in Kongad Grama Panchayath,,Vellalath Kochukrishnan Nair Sreekandan,,PALAKKAD,Completed,187097,2026-08-17T00:00:00.000Z,,,,,,,,,,,,Education & School Infrastructure,Social Infrastructure
248269.0,6a932bb5cd94452437a1e974,Kerala,Kerala,PALAKKAD,PALAKKAD,PALAKKAD(DISTRICT COLLECTOR PALAKKAD_IDA),PALAKKAD(DISTRICT COLLECTOR PALAKKAD_IDA),Normal/Others,Normal/Others,187071.0,2026-08-17T00:00:00.000Z,2026.0,0.0,Mini Mast Light at Vellaram Kallingal Palli Parisaram  Kottassery in Kongad Grama Panchayath,Mini Mast Light at Vellaram Kallingal Palli Parisaram  Kottassery in Kongad Grama Panchayath,,Vellalath Kochukrishnan Nair Sreekandan,,PALAKKAD,Completed,187071,2026-08-17T00:00:00.000Z,,,,,,,,,,,,"Electricity, Lighting & Solar Energy",Physical Infrastructure
248271.0,6a932bb5cd94452437a1e96f,Kerala,Kerala,PALAKKAD,PALAKKAD,PALAKKAD(DISTRICT COLLECTOR PALAKKAD_IDA),PALAKKAD(DISTRICT COLLECTOR PALAKKAD_IDA),Normal/Others,Normal/Others,186641.0,2026-08-17T00:00:00.000Z,2026.0,0.0,Nibi Mast Light at Narakkottukaavu Parisaram  Ward 13 in Mankara  Grama Panchayath,Nibi Mast Light at Narakkottukaavu Parisaram  Ward 13 in Mankara  Grama Panchayath,,Vellalath Kochukrishnan Nair Sreekandan,,PALAKKAD,Completed,186641,2026-08-17T00:00:00.000Z,,,,,,,,,,,,"Electricity, Lighting & Solar Energy",Physical Infrastructure
248273.0,6a932bb5cd94452437a1e982,Kerala,Kerala,PALAKKAD,PALAKKAD,PALAKKAD(DISTRICT COLLECTOR PALAKKAD_IDA),PALAKKAD(DISTRICT COLLECTOR PALAKKAD_IDA),Normal/Others,Normal/Others,187106.0,2026-08-17T00:00:00.000Z,2026.0,0.0,Mini Mast Light at Kizhakkumpuram Cheriyaniskara Palli  Ward 6 in Mannur Grama Panchayath,Mini Mast Light at Kizhakkumpuram Cheriyaniskara Palli  Ward 6 in Mannur Grama Panchayath,,Vellalath Kochukrishnan Nair Sreekandan,,PALAKKAD,Completed,187106,2026-08-17T00:00:00.000Z,,,,,,,,,,,,"Electricity, Lighting & Solar Energy",Physical Infrastructure
248275.0,6a932bb5cd94452437a1e984,Kerala,Kerala,PALAKKAD,PALAKKAD,PALAKKAD(DISTRICT COLLECTOR PALAKKAD_IDA),PALAKKAD(DISTRICT COLLECTOR PALAKKAD_IDA),Normal/Others,Normal/Others,186667.0,2026-08-17T00:00:00.000Z,2026.0,0.0,Mini Mast Light Parali Attupuram Kannot Bagavathy Ambalam Ward 11 in Parali Grama Panchayath,Mini Mast Light Parali Attupuram Kannot Bagavathy Ambalam Ward 11 in Parali Grama Panchayath,,Vellalath Kochukrishnan Nair Sreekandan,,PALAKKAD,Completed,186667,2026-08-17T00:00:00.000Z,,,,,,,,,,,,"Electricity, Lighting & Solar Energy",Physical Infrastructure
254552.0,6a932bb5cd94452437a1e111,Kerala,Kerala,MAVELIKKARA,MAVELIKKARA,KOLLAM(DISTRICT COLLECTOR KOLLAM_IDA),KOLLAM(DISTRICT COLLECTOR KOLLAM_IDA),Normal/Others,Normal/Others,1523420.0,2026-05-05T00:00:00.000Z,2026.0,0.0,"School Bus for DVNSSUPS,Annoor,Neduvathoor Grama Panchyath","School Bus for DVNSSUPS,Annoor,Neduvathoor Grama Panchyath",,Shri Suresh Kodikunnil,,MAVELIKKARA,Completed,1523420,2026-05-05T00:00:00.000Z,,,,,,,,,,,,Education & School Infrastructure,Social Infrastructure
259380.0,6a932bb5cd94452437a1d6af,Kerala,Kerala,MALAPPURAM,MALAPPURAM,MALAPPURAM(DISTRICT COLLECTOR MALAPPURAM_IDA),MALAPPURAM(DISTRICT COLLECTOR MALAPPURAM_IDA),Normal/Others,Normal/Others,378641.0,2026-03-06T00:00:00.000Z,2026.0,0.0,"Construction of Mannanthodi Nadakkandiyil road, Chelambra GP","Construction of Mannanthodi Nadakkandiyil road, Chelambra GP",,E.T. MOHAMMED BASHEER,,MALAPPURAM,Completed,378641,2026-03-06T00:00:00.000Z,,,,,,,,,,,,Roads & Pathways,Physical Infrastructure
264719.0,6a932bb5cd94452437a1d2ab,Kerala,Kerala,ALAPPUZHA,ALAPPUZHA,ALAPPUZHA(DISTRICT COLLECTOR ALAPPUZHA_IDA),ALAPPUZHA(DISTRICT COLLECTOR ALAPPUZHA_IDA),Normal/Others,Normal/Others,443794.0,2026-02-20T00:00:00.000Z,2026.0,0.0,Installation of a High Mast light at Gurudevagiri in the ward 5 of Aryad GP,Installation of a High Mast light at Gurudevagiri in the ward 5 of Aryad GP,,K. C VENUGOPAL,,ALAPPUZHA,Completed,443794,2026-02-20T00:00:00.000Z,,,,,,,,,,,,"Electricity, Lighting & Solar Energy",Physical Infrastructure
266460.0,6a932bb5cd94452437a1d788,Kerala,Kerala,ALAPPUZHA,ALAPPUZHA,ALAPPUZHA(DISTRICT COLLECTOR ALAPPUZHA_IDA),ALAPPUZHA(DISTRICT COLLECTOR ALAPPUZHA_IDA),Normal/Others,Normal/Others,961442.0,2026-03-10T00:00:00.000Z,2026.0,0.0,"Purchase of Laptops and other digital equipments for Govt. Mohammedan HSS for Girls, Alappuzha","Purchase of Laptops and other digital equipments for Govt. Mohammedan HSS for Girls, Alappuzha",,K. C VENUGOPAL,,ALAPPUZHA,Completed,961442,2026-03-10T00:00:00.000Z,,,,,,,,,,,,Other Civil & Development Works,General Development & Maintenance
270568.0,6a932bb5cd94452437a1d5c4,Kerala,Kerala,KASARAGOD,KASARAGOD,KASARAGOD(DISTRICT COLLECTOR KASARAGOD_IDA),KASARAGOD(DISTRICT COLLECTOR KASARAGOD_IDA),Normal/Others,Normal/Others,299170.0,2026-03-02T00:00:00.000Z,2026.0,0.0,Purchase and Installation of Mini High mast light near paduppu Badar Masjid Kuttikol Grama panchayath,Purchase and Installation of Mini High mast light near paduppu Badar Masjid Kuttikol Grama panchayath,,Shri Rajmohan Unnithan ,,KASARAGOD,Completed,299170,2026-03-02T00:00:00.000Z,,,,,,,,,,,,"Electricity, Lighting & Solar Energy",Physical Infrastructure
283022.0,6a932bb5cd94452437a1e87c,Kerala,Kerala,ALAPPUZHA,ALAPPUZHA,ALAPPUZHA(DISTRICT COLLECTOR ALAPPUZHA_IDA),ALAPPUZHA(DISTRICT COLLECTOR ALAPPUZHA_IDA),Normal/Others,Normal/Others,1680666.0,2026-08-05T00:00:00.000Z,2026.0,0.0,"Purchase of a Bus for MDUPS, Nadubhagam, Thycattussery, 2km west to Makkekkadavu junction in the Cherthala Arookkutty road","Purchase of a Bus for MDUPS, Nadubhagam, Thycattussery, 2km west to Makkekkadavu junction in the Cherthala Arookkutty road",,K. C VENUGOPAL,,ALAPPUZHA,Completed,1680666,2026-08-05T00:00:00.000Z,,,,,,,,,,,,Roads & Pathways,Physical Infrastructure
283104.0,6a932bb5cd94452437a1e6ec,Kerala,Kerala,MALAPPURAM,MALAPPURAM,MALAPPURAM(DISTRICT COLLECTOR MALAPPURAM_IDA),MALAPPURAM(DISTRICT COLLECTOR MALAPPURAM_IDA),Normal/Others,Normal/Others,1598220.0,2026-08-17T00:00:00.000Z,2026.0,0.0,"Purchase of vehicle for BUDS School Mankada, Mankada GP","Purchase of vehicle for BUDS School Mankada, Mankada GP",,E.T. MOHAMMED BASHEER,,MALAPPURAM,Completed,1598220,2026-08-17T00:00:00.000Z,,,,,,,,,,,,Education & School Infrastructure,Social Infrastructure
