work_id,_id,state,state_hi,district,district_hi,location,location_hi,category,category_hi,cost,completion_date,completion_year,beneficiaries,work_description,work_description_hi,mp_id,mp_name,mp_house,mp_constituency,status,standard_cost,work_date,workId,estimated_cost,status_hi,recommended_date,recommended_year,house,lsTerm,expected_beneficiaries,hasPayments,totalPaid,paymentCount,standard_category,sector
134800.0,6a932bb5cd94452437a18dfb,Maharashtra,Maharashtra,PARBHANI,PARBHANI,PARBHANI(DISTRICT COLLECTOR PARBHANI_IDA),PARBHANI(DISTRICT COLLECTOR PARBHANI_IDA),Normal/Others,Normal/Others,999753.0,2025-07-13T00:00:00.000Z,2025.0,0.0,Construction of Sabhamandap at Nirwadi Khurd Tal. Sailu Dist. Parbhani,Construction of Sabhamandap at Nirwadi Khurd Tal. Sailu Dist. Parbhani,,Sanjay Haribhau Jadhav,,PARBHANI,Completed,999753,2025-07-13T00:00:00.000Z,,,,,,,,,,,,Other Civil & Development Works,General Development & Maintenance
134802.0,6a932bb5cd94452437a18f05,Maharashtra,Maharashtra,PARBHANI,PARBHANI,PARBHANI(DISTRICT COLLECTOR PARBHANI_IDA),PARBHANI(DISTRICT COLLECTOR PARBHANI_IDA),Normal/Others,Normal/Others,1493920.0,2025-07-18T00:00:00.000Z,2025.0,0.0,Construction of Sabhamandap at Wassa Tal. Jintur Dist. Parbhani (under SC fund),Construction of Sabhamandap at Wassa Tal. Jintur Dist. Parbhani (under SC fund),,Sanjay Haribhau Jadhav,,PARBHANI,Completed,1493920,2025-07-18T00:00:00.000Z,,,,,,,,,,,,Other Civil & Development Works,General Development & Maintenance
134804.0,6a932bb5cd94452437a17af7,Maharashtra,Maharashtra,PARBHANI,PARBHANI,PARBHANI(DISTRICT COLLECTOR PARBHANI_IDA),PARBHANI(DISTRICT COLLECTOR PARBHANI_IDA),Normal/Others,Normal/Others,999896.0,2025-04-11T00:00:00.000Z,2025.0,0.0,Construction of Sabhamandap at Sakhartala Tal. Jintur  Dist. Parbhani (under ST fund),Construction of Sabhamandap at Sakhartala Tal. Jintur  Dist. Parbhani (under ST fund),,Sanjay Haribhau Jadhav,,PARBHANI,Completed,999896,2025-04-11T00:00:00.000Z,,,,,,,,,,,,Other Civil & Development Works,General Development & Maintenance
136522.0,6a932bb5cd94452437a183f0,Maharashtra,Maharashtra,AMRAVATI,AMRAVATI,AMRAVATI(DISTRICT COLLECTOR AMRAVATI_IDA),AMRAVATI(DISTRICT COLLECTOR AMRAVATI_IDA),Normal/Others,Normal/Others,1497556.0,2025-05-30T00:00:00.000Z,2025.0,0.0,"CONSTRUCTION OF COMMUNITY HALL , AT RAMABAI AMBEDKAR NAGAR , DARYAPUR DIST AMRAVATI","CONSTRUCTION OF COMMUNITY HALL , AT RAMABAI AMBEDKAR NAGAR , DARYAPUR DIST AMRAVATI",,BALWANT BASWANT WANKHADE,,AMRAVATI,Completed,1497556,2025-05-30T00:00:00.000Z,,,,,,,,,,,,Community Centers & Halls,Social Infrastructure
136716.0,6a932bb5cd94452437a1ac6e,Maharashtra,Maharashtra,AMRAVATI,AMRAVATI,AMRAVATI(DISTRICT COLLECTOR AMRAVATI_IDA),AMRAVATI(DISTRICT COLLECTOR AMRAVATI_IDA),Normal/Others,Normal/Others,994082.0,2025-10-14T00:00:00.000Z,2025.0,0.0,CONSTRUCTION OF BOUNDRY WALL AT KOTAMI GRAAMPANCHAYAT DAHENDRI TAQ. CHIKHALDARA DIST AMRAVATI,CONSTRUCTION OF BOUNDRY WALL AT KOTAMI GRAAMPANCHAYAT DAHENDRI TAQ. CHIKHALDARA DIST AMRAVATI,,BALWANT BASWANT WANKHADE,,AMRAVATI,Completed,994082,2025-10-14T00:00:00.000Z,,,,,,,,,,,,Other Civil & Development Works,General Development & Maintenance
136975.0,6a932bb5cd94452437a1bbff,Maharashtra,Maharashtra,AMRAVATI,AMRAVATI,AMRAVATI(DISTRICT COLLECTOR AMRAVATI_IDA),AMRAVATI(DISTRICT COLLECTOR AMRAVATI_IDA),Normal/Others,Normal/Others,598750.0,2026-03-11T00:00:00.000Z,2026.0,0.0,Construction Of Cremation Shed At Dighi Ta. Daryapur Dist Amravati,Construction Of Cremation Shed At Dighi Ta. Daryapur Dist Amravati,,BALWANT BASWANT WANKHADE,,AMRAVATI,Completed,598750,2026-03-11T00:00:00.000Z,,,,,,,,,,,,Community Centers & Halls,Social Infrastructure
136992.0,6a932bb5cd94452437a18504,Maharashtra,Maharashtra,AMRAVATI,AMRAVATI,AMRAVATI(DISTRICT COLLECTOR AMRAVATI_IDA),AMRAVATI(DISTRICT COLLECTOR AMRAVATI_IDA),Normal/Others,Normal/Others,1999127.0,2025-06-09T00:00:00.000Z,2025.0,0.0,"Construction Of Boundry Wall Near Ekvira English School , Chandur Ta. Daryapur Dist Amravati","Construction Of Boundry Wall Near Ekvira English School , Chandur Ta. Daryapur Dist Amravati",,BALWANT BASWANT WANKHADE,,AMRAVATI,Completed,1999127,2025-06-09T00:00:00.000Z,,,,,,,,,,,,Education & School Infrastructure,Social Infrastructure
136994.0,6a932bb5cd94452437a183ee,Maharashtra,Maharashtra,AMRAVATI,AMRAVATI,AMRAVATI(DISTRICT COLLECTOR AMRAVATI_IDA),AMRAVATI(DISTRICT COLLECTOR AMRAVATI_IDA),Normal/Others,Normal/Others,794715.0,2025-05-30T00:00:00.000Z,2025.0,0.0,Construction of road and drain leading from Ambadas Kshirsagar's house to Shamraoji Pawar's house at khartalegaon ta. Bhatkuli dist amravati,Construction of road and drain leading from Ambadas Kshirsagar's house to Shamraoji Pawar's house at khartalegaon ta. Bhatkuli dist amravati,,BALWANT BASWANT WANKHADE,,AMRAVATI,Completed,794715,2025-05-30T00:00:00.000Z,,,,,,,,,,,,Roads & Pathways,Physical Infrastructure
139034.0,6a932bb5cd94452437a17487,Maharashtra,Maharashtra,OSMANABAD,OSMANABAD,Dharashiv(DISTRICT COLLECTOR OSMANABAD_IDA),Dharashiv(DISTRICT COLLECTOR OSMANABAD_IDA),Normal/Others,Normal/Others,300000.0,2025-03-11T00:00:00.000Z,2025.0,0.0,Construction of bus shed opposite Janseva School.,Construction of bus shed opposite Janseva School.,,Omprakash Bhupalsinh Alias Pawan Rajenimbalkar,,OSMANABAD,Completed,300000,2025-03-11T00:00:00.000Z,,,,,,,,,,,,Education & School Infrastructure,Social Infrastructure
140096.0,6a932bb5cd94452437a16592,Maharashtra,Maharashtra,RAVER,RAVER,JALGAON(DISTRICT COLLECTOR JALGAON_IDA),JALGAON(DISTRICT COLLECTOR JALGAON_IDA),Normal/Others,Normal/Others,2974718.0,2024-09-11T00:00:00.000Z,2024.0,0.0,Mauje Bodwad Bodwad District  Seating Arrangment at various places for inner city citizens in Jalgaon.,Mauje Bodwad Bodwad District  Seating Arrangment at various places for inner city citizens in Jalgaon.,,Smt Raksha Nikhil Khadse,,RAVER,Completed,2974718,2024-09-11T00:00:00.000Z,,,,,,,,,,,,Other Civil & Development Works,General Development & Maintenance
142022.0,6a932bb5cd94452437a16b01,Maharashtra,Maharashtra,DHULE,DHULE,DHULE(DISTRICT COLLECTOR DHULE_IDA),DHULE(DISTRICT COLLECTOR DHULE_IDA),Normal/Others,Normal/Others,1000000.0,2024-12-19T00:00:00.000Z,2024.0,0.0,"Supply interactive board , computer , vc camera (for two class room) at priyadarshani indira gandhi madhymik vidhyalay v kanisth mahavidhyaly betavad tal shindhkheda","Supply interactive board , computer , vc camera (for two class room) at priyadarshani indira gandhi madhymik vidhyalay v kanisth mahavidhyaly betavad tal shindhkheda",,BACHHAV SHOBHA DINESH,,DHULE,Completed,1000000,2024-12-19T00:00:00.000Z,,,,,,,,,,,,Education & School Infrastructure,Social Infrastructure
143363.0,6a932bb5cd94452437a17a3d,Maharashtra,Maharashtra,MAVAL,MAVAL,PUNE(DISTRICT COLLECTOR PUNE_IDA),PUNE(DISTRICT COLLECTOR PUNE_IDA),Normal/Others,Normal/Others,998243.0,2025-04-07T00:00:00.000Z,2025.0,0.0,Installing Open Jim At Kivle Mamurdi Near PCMC Water Tank,Installing Open Jim At Kivle Mamurdi Near PCMC Water Tank,,Shrirang Appa Barne,,MAVAL,Completed,998243,2025-04-07T00:00:00.000Z,,,,,,,,,,,,Drinking Water Supply,Public Health & Basic Amenities
143366.0,6a932bb5cd94452437a1794d,Maharashtra,Maharashtra,MAVAL,MAVAL,PUNE(DISTRICT COLLECTOR PUNE_IDA),PUNE(DISTRICT COLLECTOR PUNE_IDA),Normal/Others,Normal/Others,996227.0,2025-04-07T00:00:00.000Z,2025.0,0.0,Installing Open Jim At Nigdi Sec 24 In Dada Dadi Park Garden Pcmc,Installing Open Jim At Nigdi Sec 24 In Dada Dadi Park Garden Pcmc,,Shrirang Appa Barne,,MAVAL,Completed,996227,2025-04-07T00:00:00.000Z,,,,,,,,,,,,Other Civil & Development Works,General Development & Maintenance
143368.0,6a932bb5cd94452437a17a36,Maharashtra,Maharashtra,MAVAL,MAVAL,PUNE(DISTRICT COLLECTOR PUNE_IDA),PUNE(DISTRICT COLLECTOR PUNE_IDA),Normal/Others,Normal/Others,997319.0,2025-04-07T00:00:00.000Z,2025.0,0.0,Installing Open Jim At Ravet Mhaske Vasti Near DP Road,Installing Open Jim At Ravet Mhaske Vasti Near DP Road,,Shrirang Appa Barne,,MAVAL,Completed,997319,2025-04-07T00:00:00.000Z,,,,,,,,,,,,Roads & Pathways,Physical Infrastructure
143370.0,6a932bb5cd94452437a17a37,Maharashtra,Maharashtra,MAVAL,MAVAL,PUNE(DISTRICT COLLECTOR PUNE_IDA),PUNE(DISTRICT COLLECTOR PUNE_IDA),Normal/Others,Normal/Others,996010.0,2025-04-07T00:00:00.000Z,2025.0,0.0,Installing Open Jim At Near SB Patil School Ravet Pcmc,Installing Open Jim At Near SB Patil School Ravet Pcmc,,Shrirang Appa Barne,,MAVAL,Completed,996010,2025-04-07T00:00:00.000Z,,,,,,,,,,,,Education & School Infrastructure,Social Infrastructure
143809.0,6a932bb5cd94452437a1bdd2,Maharashtra,Maharashtra,PARBHANI,PARBHANI,PARBHANI(DISTRICT COLLECTOR PARBHANI_IDA),PARBHANI(DISTRICT COLLECTOR PARBHANI_IDA),Normal/Others,Normal/Others,999464.0,2025-12-14T00:00:00.000Z,2025.0,0.0,"Construction of CC road and drain from Manoj Soape's house to Ramesh Kadam's house in Ward No.01. at chatori, Tal.Palam ,Dist.Parbhani. (SC)","Construction of CC road and drain from Manoj Soape's house to Ramesh Kadam's house in Ward No.01. at chatori, Tal.Palam ,Dist.Parbhani. (SC)",,Sanjay Haribhau Jadhav,,PARBHANI,Completed,999464,2025-12-14T00:00:00.000Z,,,,,,,,,,,,Roads & Pathways,Physical Infrastructure
143971.0,6a932bb5cd94452437a19464,Maharashtra,Maharashtra,PARBHANI,PARBHANI,PARBHANI(DISTRICT COLLECTOR PARBHANI_IDA),PARBHANI(DISTRICT COLLECTOR PARBHANI_IDA),Normal/Others,Normal/Others,498686.0,2025-07-30T00:00:00.000Z,2025.0,0.0,Construction of CC Road at Wadi Kh. Tal.Palam. (SC),Construction of CC Road at Wadi Kh. Tal.Palam. (SC),,Sanjay Haribhau Jadhav,,PARBHANI,Completed,498686,2025-07-30T00:00:00.000Z,,,,,,,,,,,,Roads & Pathways,Physical Infrastructure
143975.0,6a932bb5cd94452437a17f59,Maharashtra,Maharashtra,PARBHANI,PARBHANI,PARBHANI(DISTRICT COLLECTOR PARBHANI_IDA),PARBHANI(DISTRICT COLLECTOR PARBHANI_IDA),Normal/Others,Normal/Others,699957.0,2025-05-07T00:00:00.000Z,2025.0,0.0,"Construction of CC road and Drains at Regaon, tal.Purna.","Construction of CC road and Drains at Regaon, tal.Purna.",,Sanjay Haribhau Jadhav,,PARBHANI,Completed,699957,2025-05-07T00:00:00.000Z,,,,,,,,,,,,Roads & Pathways,Physical Infrastructure
143978.0,6a932bb5cd94452437a1c415,Maharashtra,Maharashtra,PARBHANI,PARBHANI,PARBHANI(DISTRICT COLLECTOR PARBHANI_IDA),PARBHANI(DISTRICT COLLECTOR PARBHANI_IDA),Normal/Others,Normal/Others,699809.0,2026-01-03T00:00:00.000Z,2026.0,0.0,"Construction of CC road and Drains at kantheshwar, tal.purna.","Construction of CC road and Drains at kantheshwar, tal.purna.",,Sanjay Haribhau Jadhav,,PARBHANI,Completed,699809,2026-01-03T00:00:00.000Z,,,,,,,,,,,,Roads & Pathways,Physical Infrastructure
143980.0,6a932bb5cd94452437a17ee4,Maharashtra,Maharashtra,PARBHANI,PARBHANI,PARBHANI(DISTRICT COLLECTOR PARBHANI_IDA),PARBHANI(DISTRICT COLLECTOR PARBHANI_IDA),Normal/Others,Normal/Others,699603.0,2025-05-07T00:00:00.000Z,2025.0,0.0,"Construction of CC road and Drains at satephal, tal.purna.","Construction of CC road and Drains at satephal, tal.purna.",,Sanjay Haribhau Jadhav,,PARBHANI,Completed,699603,2025-05-07T00:00:00.000Z,,,,,,,,,,,,Roads & Pathways,Physical Infrastructure
143982.0,6a932bb5cd94452437a17d21,Maharashtra,Maharashtra,PARBHANI,PARBHANI,PARBHANI(DISTRICT COLLECTOR PARBHANI_IDA),PARBHANI(DISTRICT COLLECTOR PARBHANI_IDA),Normal/Others,Normal/Others,694100.0,2025-04-24T00:00:00.000Z,2025.0,0.0,"Construction of CC road and Drains at Khandala, tal.purna.","Construction of CC road and Drains at Khandala, tal.purna.",,Sanjay Haribhau Jadhav,,PARBHANI,Completed,694100,2025-04-24T00:00:00.000Z,,,,,,,,,,,,Roads & Pathways,Physical Infrastructure
144098.0,6a932bb5cd94452437a17995,Maharashtra,Maharashtra,AKOLA,AKOLA,AKOLA(DISTRICT COLLECTOR AKOLA_IDA),AKOLA(DISTRICT COLLECTOR AKOLA_IDA),Normal/Others,Normal/Others,396568.0,2025-04-03T00:00:00.000Z,2025.0,0.0,Construction of Cement Concrete Road with iron grid and culvert at Kothari Vatika No.2 from Tayade's house to Kalaskar's house.,Construction of Cement Concrete Road with iron grid and culvert at Kothari Vatika No.2 from Tayade's house to Kalaskar's house.,,ANUP SANJAY DHOTRE,,AKOLA,Completed,396568,2025-04-03T00:00:00.000Z,,,,,,,,,,,,Roads & Pathways,Physical Infrastructure
144101.0,6a932bb5cd94452437a1660f,Maharashtra,Maharashtra,NAGPUR,NAGPUR,NAGPUR(DISTRICT COLLECTOR NAGPUR_IDA),NAGPUR(DISTRICT COLLECTOR NAGPUR_IDA),Normal/Others,Normal/Others,152300.0,2024-10-04T00:00:00.000Z,2024.0,0.0,"Upgrading of Prosthetic & Orthotics unit at CRC, Nagpur.","Upgrading of Prosthetic & Orthotics unit at CRC, Nagpur.",,Nitin Jairam Gadkari,,NAGPUR,Completed,152300,2024-10-04T00:00:00.000Z,,,,,,,,,,,,Other Civil & Development Works,General Development & Maintenance
144104.0,6a932bb5cd94452437a16609,Maharashtra,Maharashtra,NAGPUR,NAGPUR,NAGPUR(DISTRICT COLLECTOR NAGPUR_IDA),NAGPUR(DISTRICT COLLECTOR NAGPUR_IDA),Normal/Others,Normal/Others,670000.0,2024-09-30T00:00:00.000Z,2024.0,0.0,Purchasing of Speech and Language disorder assesment and intervention software for speech and hearing disabilities.,Purchasing of Speech and Language disorder assesment and intervention software for speech and hearing disabilities.,,Nitin Jairam Gadkari,,NAGPUR,Completed,670000,2024-09-30T00:00:00.000Z,,,,,,,,,,,,Other Civil & Development Works,General Development & Maintenance
144107.0,6a932bb5cd94452437a1ccb0,Maharashtra,Maharashtra,LATUR,LATUR,LATUR(DISTRICT COLLECTOR LATUR_IDA),LATUR(DISTRICT COLLECTOR LATUR_IDA),Normal/Others,Normal/Others,1494640.0,2026-02-03T00:00:00.000Z,2026.0,0.0,"Construction of Community Hall at Ward No.17,Lakshminagar,Chakur,District.Latur","Construction of Community Hall at Ward No.17,Lakshminagar,Chakur,District.Latur",,DR KALGE SHIVAJI BANDAPPA,,LATUR,Completed,1494640,2026-02-03T00:00:00.000Z,,,,,,,,,,,,Community Centers & Halls,Social Infrastructure
144116.0,6a932bb5cd94452437a1ccb4,Maharashtra,Maharashtra,LATUR,LATUR,LATUR(DISTRICT COLLECTOR LATUR_IDA),LATUR(DISTRICT COLLECTOR LATUR_IDA),Normal/Others,Normal/Others,995696.0,2026-02-04T00:00:00.000Z,2026.0,0.0,"Construction of Public  Gutter /Drainage at Karimnagar,Maharanapratap Nagar,Taluka Latur","Construction of Public  Gutter /Drainage at Karimnagar,Maharanapratap Nagar,Taluka Latur",,DR KALGE SHIVAJI BANDAPPA,,LATUR,Completed,995696,2026-02-04T00:00:00.000Z,,,,,,,,,,,,Roads & Pathways,Physical Infrastructure
145331.0,6a932bb5cd94452437a1af30,Maharashtra,Maharashtra,AMRAVATI,AMRAVATI,AMRAVATI(DISTRICT COLLECTOR AMRAVATI_IDA),AMRAVATI(DISTRICT COLLECTOR AMRAVATI_IDA),Normal/Others,Normal/Others,694357.0,2025-10-24T00:00:00.000Z,2025.0,0.0,construction of road at Khartalegaon Ta.Bhatkuli From Gunwant Kuche Home To Dnyaneshvar Navare Home,construction of road at Khartalegaon Ta.Bhatkuli From Gunwant Kuche Home To Dnyaneshvar Navare Home,,BALWANT BASWANT WANKHADE,,AMRAVATI,Completed,694357,2025-10-24T00:00:00.000Z,,,,,,,,,,,,Roads & Pathways,Physical Infrastructure
146325.0,6a932bb5cd94452437a1a2e3,Maharashtra,Maharashtra,MUMBAI SOUTH,MUMBAI SOUTH,MUMBAI(DISTRICT COLLECTOR MUMBAI CITY_IDA),MUMBAI(DISTRICT COLLECTOR MUMBAI CITY_IDA),Normal/Others,Normal/Others,1193715.0,2025-09-17T00:00:00.000Z,2025.0,0.0,ahok mahadeo palwankar dighenagar socity community hall,ahok mahadeo palwankar dighenagar socity community hall,,Arvind Ganpat Sawant,,MUMBAI SOUTH,Completed,1193715,2025-09-17T00:00:00.000Z,,,,,,,,,,,,Community Centers & Halls,Social Infrastructure
146327.0,6a932bb5cd94452437a1a2e0,Maharashtra,Maharashtra,MUMBAI SOUTH,MUMBAI SOUTH,MUMBAI(DISTRICT COLLECTOR MUMBAI CITY_IDA),MUMBAI(DISTRICT COLLECTOR MUMBAI CITY_IDA),Normal/Others,Normal/Others,1094240.0,2025-09-17T00:00:00.000Z,2025.0,0.0,navkranti seva sangh t.j road sewri community hall,navkranti seva sangh t.j road sewri community hall,,Arvind Ganpat Sawant,,MUMBAI SOUTH,Completed,1094240,2025-09-17T00:00:00.000Z,,,,,,,,,,,,Roads & Pathways,Physical Infrastructure
146329.0,6a932bb5cd94452437a1a2e8,Maharashtra,Maharashtra,MUMBAI SOUTH,MUMBAI SOUTH,MUMBAI(DISTRICT COLLECTOR MUMBAI CITY_IDA),MUMBAI(DISTRICT COLLECTOR MUMBAI CITY_IDA),Normal/Others,Normal/Others,1246813.0,2025-09-17T00:00:00.000Z,2025.0,0.0,shivshankar seva mandal wadia road bhoiwada sewri community hall,shivshankar seva mandal wadia road bhoiwada sewri community hall,,Arvind Ganpat Sawant,,MUMBAI SOUTH,Completed,1246813,2025-09-17T00:00:00.000Z,,,,,,,,,,,,Roads & Pathways,Physical Infrastructure
146335.0,6a932bb5cd94452437a1a2ec,Maharashtra,Maharashtra,MUMBAI SOUTH,MUMBAI SOUTH,MUMBAI(DISTRICT COLLECTOR MUMBAI CITY_IDA),MUMBAI(DISTRICT COLLECTOR MUMBAI CITY_IDA),Normal/Others,Normal/Others,1494831.0,2025-09-17T00:00:00.000Z,2025.0,0.0,jay bajrang krida mandal n.m joshi marg sewri community hall,jay bajrang krida mandal n.m joshi marg sewri community hall,,Arvind Ganpat Sawant,,MUMBAI SOUTH,Completed,1494831,2025-09-17T00:00:00.000Z,,,,,,,,,,,,Community Centers & Halls,Social Infrastructure
146363.0,6a932bb5cd94452437a1a2f0,Maharashtra,Maharashtra,MUMBAI SOUTH,MUMBAI SOUTH,MUMBAI(DISTRICT COLLECTOR MUMBAI CITY_IDA),MUMBAI(DISTRICT COLLECTOR MUMBAI CITY_IDA),Normal/Others,Normal/Others,1590188.0,2025-09-17T00:00:00.000Z,2025.0,0.0,navhans krida mandal gm bhosle marg worli community hall,navhans krida mandal gm bhosle marg worli community hall,,Arvind Ganpat Sawant,,MUMBAI SOUTH,Completed,1590188,2025-09-17T00:00:00.000Z,,,,,,,,,,,,Community Centers & Halls,Social Infrastructure
146365.0,6a932bb5cd94452437a1a2f3,Maharashtra,Maharashtra,MUMBAI SOUTH,MUMBAI SOUTH,MUMBAI(DISTRICT COLLECTOR MUMBAI CITY_IDA),MUMBAI(DISTRICT COLLECTOR MUMBAI CITY_IDA),Normal/Others,Normal/Others,2089002.0,2025-09-17T00:00:00.000Z,2025.0,0.0,engel seva mandal worli naka worli community hall,engel seva mandal worli naka worli community hall,,Arvind Ganpat Sawant,,MUMBAI SOUTH,Completed,2089002,2025-09-17T00:00:00.000Z,,,,,,,,,,,,Community Centers & Halls,Social Infrastructure
146368.0,6a932bb5cd94452437a1a2f9,Maharashtra,Maharashtra,MUMBAI SOUTH,MUMBAI SOUTH,MUMBAI(DISTRICT COLLECTOR MUMBAI CITY_IDA),MUMBAI(DISTRICT COLLECTOR MUMBAI CITY_IDA),Normal/Others,Normal/Others,1795410.0,2025-09-17T00:00:00.000Z,2025.0,0.0,uday krida mandal janta colony worlikoliwada worli community hall,uday krida mandal janta colony worlikoliwada worli community hall,,Arvind Ganpat Sawant,,MUMBAI SOUTH,Completed,1795410,2025-09-17T00:00:00.000Z,,,,,,,,,,,,Community Centers & Halls,Social Infrastructure
146559.0,6a932bb5cd94452437a19a73,Maharashtra,Maharashtra,SHIRUR,SHIRUR,PUNE(DISTRICT COLLECTOR PUNE_IDA),PUNE(DISTRICT COLLECTOR PUNE_IDA),Normal/Others,Normal/Others,1000000.0,2025-08-22T00:00:00.000Z,2025.0,0.0,Construction of road At. Borhade Mala Water Ank To Ajay Poly Company,Construction of road At. Borhade Mala Water Ank To Ajay Poly Company,,Amol Ramsing Kolhe,,SHIRUR,Completed,1000000,2025-08-22T00:00:00.000Z,,,,,,,,,,,,Roads & Pathways,Physical Infrastructure
146561.0,6a932bb5cd94452437a18561,Maharashtra,Maharashtra,SHIRUR,SHIRUR,PUNE(DISTRICT COLLECTOR PUNE_IDA),PUNE(DISTRICT COLLECTOR PUNE_IDA),Normal/Others,Normal/Others,1000000.0,2025-06-10T00:00:00.000Z,2025.0,0.0,"Construction of road At. Jadhav Mala From House of Bhagat Chaudhari towards house of sandip gavade Tq. Shirur, Dist. Pune","Construction of road At. Jadhav Mala From House of Bhagat Chaudhari towards house of sandip gavade Tq. Shirur, Dist. Pune",,Amol Ramsing Kolhe,,SHIRUR,Completed,1000000,2025-06-10T00:00:00.000Z,,,,,,,,,,,,Roads & Pathways,Physical Infrastructure
146563.0,6a932bb5cd94452437a17ff2,Maharashtra,Maharashtra,SHIRUR,SHIRUR,PUNE(DISTRICT COLLECTOR PUNE_IDA),PUNE(DISTRICT COLLECTOR PUNE_IDA),Normal/Others,Normal/Others,995405.0,2025-05-08T00:00:00.000Z,2025.0,0.0,"Construction of road  from Sanand road to bharti gold society At. Wagholi Tq. haveli, Dist. Pune","Construction of road  from Sanand road to bharti gold society At. Wagholi Tq. haveli, Dist. Pune",,Amol Ramsing Kolhe,,SHIRUR,Completed,995405,2025-05-08T00:00:00.000Z,,,,,,,,,,,,Roads & Pathways,Physical Infrastructure
146565.0,6a932bb5cd94452437a17fee,Maharashtra,Maharashtra,SHIRUR,SHIRUR,PUNE(DISTRICT COLLECTOR PUNE_IDA),PUNE(DISTRICT COLLECTOR PUNE_IDA),Normal/Others,Normal/Others,1000000.0,2025-05-08T00:00:00.000Z,2025.0,0.0,Construction of road from Madhunanda Society to yash palace At. Wagholui Tq. Haveli Dist. Pune,Construction of road from Madhunanda Society to yash palace At. Wagholui Tq. Haveli Dist. Pune,,Amol Ramsing Kolhe,,SHIRUR,Completed,1000000,2025-05-08T00:00:00.000Z,,,,,,,,,,,,Roads & Pathways,Physical Infrastructure
146636.0,6a932bb5cd94452437a1bb00,Maharashtra,Maharashtra,JALGAON,JALGAON,JALGAON(DISTRICT COLLECTOR JALGAON_IDA),JALGAON(DISTRICT COLLECTOR JALGAON_IDA),Normal/Others,Normal/Others,699511.0,2025-12-04T00:00:00.000Z,2025.0,0.0,"Construction of Concrete road in Ward No.5,at Patonda,Ta. Chalisgaon","Construction of Concrete road in Ward No.5,at Patonda,Ta. Chalisgaon",,SMITA UDAY WAGH,,JALGAON,Completed,699511,2025-12-04T00:00:00.000Z,,,,,,,,,,,,Roads & Pathways,Physical Infrastructure
146654.0,6a932bb5cd94452437a175d2,Maharashtra,Maharashtra,JALGAON,JALGAON,JALGAON(DISTRICT COLLECTOR JALGAON_IDA),JALGAON(DISTRICT COLLECTOR JALGAON_IDA),Normal/Others,Normal/Others,699551.0,2025-03-18T00:00:00.000Z,2025.0,0.0,"Construction of RCC drain from the house of Mr. Deepak Kumawat to the house of Mr. Manohar Patil in Shahunagar, Ward No. 3, Chalisgaon city","Construction of RCC drain from the house of Mr. Deepak Kumawat to the house of Mr. Manohar Patil in Shahunagar, Ward No. 3, Chalisgaon city",,SMITA UDAY WAGH,,JALGAON,Completed,699551,2025-03-18T00:00:00.000Z,,,,,,,,,,,,Roads & Pathways,Physical Infrastructure
146706.0,6a932bb5cd94452437a18046,Maharashtra,Maharashtra,LATUR,LATUR,NANDED(DISTRICT COLLECTOR NANDED_IDA),NANDED(DISTRICT COLLECTOR NANDED_IDA),Normal/Others,Normal/Others,494000.0,2025-05-09T00:00:00.000Z,2025.0,0.0,"Construction of internal vilage cement road at Valsangwadi, Nandanwadi, Tq.Kandahar, District Nanded","Construction of internal vilage cement road at Valsangwadi, Nandanwadi, Tq.Kandahar, District Nanded",,DR KALGE SHIVAJI BANDAPPA,,LATUR,Completed,494000,2025-05-09T00:00:00.000Z,,,,,,,,,,,,Roads & Pathways,Physical Infrastructure
146708.0,6a932bb5cd94452437a192e6,Maharashtra,Maharashtra,LATUR,LATUR,NANDED(DISTRICT COLLECTOR NANDED_IDA),NANDED(DISTRICT COLLECTOR NANDED_IDA),Normal/Others,Normal/Others,494297.0,2025-07-24T00:00:00.000Z,2025.0,0.0,"Construction of  cement concrete internal road at Balantwadi, Tq.Kandahar, District Nanded","Construction of  cement concrete internal road at Balantwadi, Tq.Kandahar, District Nanded",,DR KALGE SHIVAJI BANDAPPA,,LATUR,Completed,494297,2025-07-24T00:00:00.000Z,,,,,,,,,,,,Roads & Pathways,Physical Infrastructure
146716.0,6a932bb5cd94452437a1e042,Maharashtra,Maharashtra,LATUR,LATUR,LATUR(DISTRICT COLLECTOR LATUR_IDA),LATUR(DISTRICT COLLECTOR LATUR_IDA),Normal/Others,Normal/Others,797573.0,2026-04-13T00:00:00.000Z,2026.0,0.0,"Construction of cement road from Mohsin Sheikh's house, Gafar Sheikh's house to Pasha Attar's house at Pangaon, Tq.Renapur","Construction of cement road from Mohsin Sheikh's house, Gafar Sheikh's house to Pasha Attar's house at Pangaon, Tq.Renapur",,DR KALGE SHIVAJI BANDAPPA,,LATUR,Completed,797573,2026-04-13T00:00:00.000Z,,,,,,,,,,,,Roads & Pathways,Physical Infrastructure
148516.0,6a932bb5cd94452437a1d677,Maharashtra,Maharashtra,SATARA,SATARA,SATARA(DISTRICT COLLECTOR SATARA_IDA),SATARA(DISTRICT COLLECTOR SATARA_IDA),Normal/Others,Normal/Others,497580.0,2026-03-05T00:00:00.000Z,2026.0,0.0,creation of paver block road adjacent to jyotirling mandir at Gharalwadi,creation of paver block road adjacent to jyotirling mandir at Gharalwadi,,SHRIMANT CHH UDAYANRAJE PRATAPSINHAMAHARAJ BHONSLE,,SATARA,Completed,497580,2026-03-05T00:00:00.000Z,,,,,,,,,,,,Roads & Pathways,Physical Infrastructure
148560.0,6a932bb5cd94452437a1be68,Maharashtra,Maharashtra,SATARA,SATARA,SATARA(DISTRICT COLLECTOR SATARA_IDA),SATARA(DISTRICT COLLECTOR SATARA_IDA),Normal/Others,Normal/Others,999677.0,2025-12-16T00:00:00.000Z,2025.0,0.0,creation of concrete road from Waghoshi Road to Bahgwat Kolekar Road,creation of concrete road from Waghoshi Road to Bahgwat Kolekar Road,,SHRIMANT CHH UDAYANRAJE PRATAPSINHAMAHARAJ BHONSLE,,SATARA,Completed,999677,2025-12-16T00:00:00.000Z,,,,,,,,,,,,Roads & Pathways,Physical Infrastructure
148564.0,6a932bb5cd94452437a1d6c9,Maharashtra,Maharashtra,SATARA,SATARA,SATARA(DISTRICT COLLECTOR SATARA_IDA),SATARA(DISTRICT COLLECTOR SATARA_IDA),Normal/Others,Normal/Others,500000.0,2026-03-06T00:00:00.000Z,2026.0,0.0,creation of concrete road of janani Mata Mandir,creation of concrete road of janani Mata Mandir,,SHRIMANT CHH UDAYANRAJE PRATAPSINHAMAHARAJ BHONSLE,,SATARA,Completed,500000,2026-03-06T00:00:00.000Z,,,,,,,,,,,,Roads & Pathways,Physical Infrastructure
148571.0,6a932bb5cd94452437a1d8c6,Maharashtra,Maharashtra,SATARA,SATARA,SATARA(DISTRICT COLLECTOR SATARA_IDA),SATARA(DISTRICT COLLECTOR SATARA_IDA),Normal/Others,Normal/Others,500000.0,2026-03-12T00:00:00.000Z,2026.0,0.0,creation of concrete road from house of Vamanrao Salunkhe to Prakash Thorat House,creation of concrete road from house of Vamanrao Salunkhe to Prakash Thorat House,,SHRIMANT CHH UDAYANRAJE PRATAPSINHAMAHARAJ BHONSLE,,SATARA,Completed,500000,2026-03-12T00:00:00.000Z,,,,,,,,,,,,Roads & Pathways,Physical Infrastructure
148915.0,6a932bb5cd94452437a1e2da,Maharashtra,Maharashtra,SATARA,SATARA,SATARA(DISTRICT COLLECTOR SATARA_IDA),SATARA(DISTRICT COLLECTOR SATARA_IDA),Normal/Others,Normal/Others,498370.0,2026-05-06T00:00:00.000Z,2026.0,0.0,Construction of Boundary Wall and laying of Paver Block at Vithlai Mandir at Hanumantwadi (Yevati),Construction of Boundary Wall and laying of Paver Block at Vithlai Mandir at Hanumantwadi (Yevati),,SHRIMANT CHH UDAYANRAJE PRATAPSINHAMAHARAJ BHONSLE,,SATARA,Completed,498370,2026-05-06T00:00:00.000Z,,,,,,,,,,,,Roads & Pathways,Physical Infrastructure
157437.0,6a932bb5cd94452437a1a2bf,Maharashtra,Maharashtra,BEED,BEED,BEED(DISTRICT COLLECTOR BEED_IDA),BEED(DISTRICT COLLECTOR BEED_IDA),Normal/Others,Normal/Others,999366.0,2025-09-16T00:00:00.000Z,2025.0,0.0,Construction of Sabhamandap on Gram Panchayat land near Sri Kshetra Birudev Temple.,Construction of Sabhamandap on Gram Panchayat land near Sri Kshetra Birudev Temple.,,BAJRANG MANOHAR SONWANE,,BEED,Completed,999366,2025-09-16T00:00:00.000Z,,,,,,,,,,,,Other Civil & Development Works,General Development & Maintenance
157440.0,6a932bb5cd94452437a1aaaf,Maharashtra,Maharashtra,BEED,BEED,BEED(DISTRICT COLLECTOR BEED_IDA),BEED(DISTRICT COLLECTOR BEED_IDA),Normal/Others,Normal/Others,999084.0,2025-10-08T00:00:00.000Z,2025.0,0.0,Construction of Sabhamandap on Gram Panchayat land near Sri Kshetra Biroba Temple.,Construction of Sabhamandap on Gram Panchayat land near Sri Kshetra Biroba Temple.,,BAJRANG MANOHAR SONWANE,,BEED,Completed,999084,2025-10-08T00:00:00.000Z,,,,,,,,,,,,Other Civil & Development Works,General Development & Maintenance
157447.0,6a932bb5cd94452437a1bd5f,Maharashtra,Maharashtra,BEED,BEED,BEED(DISTRICT COLLECTOR BEED_IDA),BEED(DISTRICT COLLECTOR BEED_IDA),Normal/Others,Normal/Others,995218.0,2025-12-11T00:00:00.000Z,2025.0,0.0,Construction of Sabhamandap on Gram Panchayat land.,Construction of Sabhamandap on Gram Panchayat land.,,BAJRANG MANOHAR SONWANE,,BEED,Completed,995218,2025-12-11T00:00:00.000Z,,,,,,,,,,,,Other Civil & Development Works,General Development & Maintenance
157452.0,6a932bb5cd94452437a1d9aa,Maharashtra,Maharashtra,BEED,BEED,BEED(DISTRICT COLLECTOR BEED_IDA),BEED(DISTRICT COLLECTOR BEED_IDA),Normal/Others,Normal/Others,997293.0,2026-03-17T00:00:00.000Z,2026.0,0.0,Construction of Sabhamandap on Gram Panchayat land near Sri Kshetra Datta Temple.,Construction of Sabhamandap on Gram Panchayat land near Sri Kshetra Datta Temple.,,BAJRANG MANOHAR SONWANE,,BEED,Completed,997293,2026-03-17T00:00:00.000Z,,,,,,,,,,,,Other Civil & Development Works,General Development & Maintenance
157456.0,6a932bb5cd94452437a1bd61,Maharashtra,Maharashtra,BEED,BEED,BEED(DISTRICT COLLECTOR BEED_IDA),BEED(DISTRICT COLLECTOR BEED_IDA),Normal/Others,Normal/Others,995370.0,2025-12-11T00:00:00.000Z,2025.0,0.0,Construction of Sabhamandap on Gram Panchayat land near Sri Swami Samarth Temple Ghadgewasti.,Construction of Sabhamandap on Gram Panchayat land near Sri Swami Samarth Temple Ghadgewasti.,,BAJRANG MANOHAR SONWANE,,BEED,Completed,995370,2025-12-11T00:00:00.000Z,,,,,,,,,,,,Other Civil & Development Works,General Development & Maintenance
157479.0,6a932bb5cd94452437a17ffa,Maharashtra,Maharashtra,BEED,BEED,BEED(DISTRICT COLLECTOR BEED_IDA),BEED(DISTRICT COLLECTOR BEED_IDA),Normal/Others,Normal/Others,699468.0,2025-05-08T00:00:00.000Z,2025.0,0.0,Construction of Sabhamandap on Gram Panchayat land near Sri Kshetra Narsih Temple.,Construction of Sabhamandap on Gram Panchayat land near Sri Kshetra Narsih Temple.,,BAJRANG MANOHAR SONWANE,,BEED,Completed,699468,2025-05-08T00:00:00.000Z,,,,,,,,,,,,Other Civil & Development Works,General Development & Maintenance
157492.0,6a932bb5cd94452437a1dcfd,Maharashtra,Maharashtra,BEED,BEED,BEED(DISTRICT COLLECTOR BEED_IDA),BEED(DISTRICT COLLECTOR BEED_IDA),Normal/Others,Normal/Others,995447.0,2026-04-04T00:00:00.000Z,2026.0,0.0,Construction of Sabhamandap on Gram Panchayat land near Sri Kshetra Ganpati Temple.,Construction of Sabhamandap on Gram Panchayat land near Sri Kshetra Ganpati Temple.,,BAJRANG MANOHAR SONWANE,,BEED,Completed,995447,2026-04-04T00:00:00.000Z,,,,,,,,,,,,Other Civil & Development Works,General Development & Maintenance
157560.0,6a932bb5cd94452437a1a3c5,Maharashtra,Maharashtra,NAGPUR,NAGPUR,NAGPUR(DISTRICT COLLECTOR NAGPUR_IDA),NAGPUR(DISTRICT COLLECTOR NAGPUR_IDA),Repair and Renovation,Repair and Renovation,959212.0,2025-09-19T00:00:00.000Z,2025.0,0.0,Repair and renovation to Mira Datar Samaj Bhavan at Arvind Nagar.,Repair and renovation to Mira Datar Samaj Bhavan at Arvind Nagar.,,Nitin Jairam Gadkari,,NAGPUR,Completed,959212,2025-09-19T00:00:00.000Z,,,,,,,,,,,,Community Centers & Halls,Social Infrastructure
157622.0,6a932bb5cd94452437a1bed1,Maharashtra,Maharashtra,BEED,BEED,BEED(DISTRICT COLLECTOR BEED_IDA),BEED(DISTRICT COLLECTOR BEED_IDA),Normal/Others,Normal/Others,994717.0,2025-12-18T00:00:00.000Z,2025.0,0.0,Construction of Sabhamandap on Gram Panchayat land near Sri Kshetra Hanuman Temple.,Construction of Sabhamandap on Gram Panchayat land near Sri Kshetra Hanuman Temple.,,BAJRANG MANOHAR SONWANE,,BEED,Completed,994717,2025-12-18T00:00:00.000Z,,,,,,,,,,,,Other Civil & Development Works,General Development & Maintenance
157636.0,6a932bb5cd94452437a193de,Maharashtra,Maharashtra,NAGPUR,NAGPUR,NAGPUR(DISTRICT COLLECTOR NAGPUR_IDA),NAGPUR(DISTRICT COLLECTOR NAGPUR_IDA),Normal/Others,Normal/Others,956902.0,2025-08-04T00:00:00.000Z,2025.0,0.0,Installation of Paver Blocks (I Block) in Arvind Nagar from House of Viju Dahake to Ramjan Ul Haq.,Installation of Paver Blocks (I Block) in Arvind Nagar from House of Viju Dahake to Ramjan Ul Haq.,,Nitin Jairam Gadkari,,NAGPUR,Completed,956902,2025-08-04T00:00:00.000Z,,,,,,,,,,,,Roads & Pathways,Physical Infrastructure
157658.0,6a932bb5cd94452437a1d011,Maharashtra,Maharashtra,BEED,BEED,BEED(DISTRICT COLLECTOR BEED_IDA),BEED(DISTRICT COLLECTOR BEED_IDA),Normal/Others,Normal/Others,898526.0,2026-02-13T00:00:00.000Z,2026.0,0.0,Construction of Sabha Mandap in Dalit wasti on Gram Panchayat land.(Special Component Scheme),Construction of Sabha Mandap in Dalit wasti on Gram Panchayat land.(Special Component Scheme),,BAJRANG MANOHAR SONWANE,,BEED,Completed,898526,2026-02-13T00:00:00.000Z,,,,,,,,,,,,Community Centers & Halls,Social Infrastructure
159631.0,6a932bb5cd94452437a1d7ad,Maharashtra,Maharashtra,HATKANANGLE,HATKANANGLE,SANGLI(DISTRICT COLLECTOR SANGLI_IDA),SANGLI(DISTRICT COLLECTOR SANGLI_IDA),Normal/Others,Normal/Others,1432750.0,2026-03-10T00:00:00.000Z,2026.0,0.0,Shirala at Aswalewadi Construction of rooms and halls,Shirala at Aswalewadi Construction of rooms and halls,,Dhairyasheel Sambhajirao Mane,,HATKANANGLE,Completed,1432750,2026-03-10T00:00:00.000Z,,,,,,,,,,,,Other Civil & Development Works,General Development & Maintenance
160975.0,6a932bb5cd94452437a1da59,Maharashtra,Maharashtra,HATKANANGLE,HATKANANGLE,SANGLI(DISTRICT COLLECTOR SANGLI_IDA),SANGLI(DISTRICT COLLECTOR SANGLI_IDA),Trust and Society,Trust and Society,3086456.0,2026-03-18T00:00:00.000Z,2026.0,0.0,AT Rethre dharan Setting up public non-conventional energy plants,AT Rethre dharan Setting up public non-conventional energy plants,,Dhairyasheel Sambhajirao Mane,,HATKANANGLE,Completed,3086456,2026-03-18T00:00:00.000Z,,,,,,,,,,,,Other Civil & Development Works,General Development & Maintenance
161563.0,6a932bb5cd94452437a19149,Maharashtra,Maharashtra,PARBHANI,PARBHANI,PARBHANI(DISTRICT COLLECTOR PARBHANI_IDA),PARBHANI(DISTRICT COLLECTOR PARBHANI_IDA),Normal/Others,Normal/Others,699821.0,2025-07-18T00:00:00.000Z,2025.0,0.0,"Construction of CC road at Mohpuri under Aland Gram Panchayat,tal.parbhani.","Construction of CC road at Mohpuri under Aland Gram Panchayat,tal.parbhani.",,Sanjay Haribhau Jadhav,,PARBHANI,Completed,699821,2025-07-18T00:00:00.000Z,,,,,,,,,,,,Roads & Pathways,Physical Infrastructure
162290.0,6a932bb5cd94452437a1d7f1,Maharashtra,Maharashtra,MADHA,MADHA,SOLAPUR(DISTRICT COLLECTOR SOLAPUR_IDA),SOLAPUR(DISTRICT COLLECTOR SOLAPUR_IDA),Normal/Others,Normal/Others,215332.0,2026-03-11T00:00:00.000Z,2026.0,0.0,Installation of solar high mast lamp in Near Bhori Majjid at post Akluj,Installation of solar high mast lamp in Near Bhori Majjid at post Akluj,,MOHITE PATIL DHAIRYASHEEL RAJSINH,,MADHA,Completed,215332,2026-03-11T00:00:00.000Z,,,,,,,,,,,,"Electricity, Lighting & Solar Energy",Physical Infrastructure
162522.0,6a932bb5cd94452437a195c3,Maharashtra,Maharashtra,AURANGABAD,AURANGABAD,Chhatrapati Sambhajinagar(DISTRICT COLLECTOR AURANGABAD_IDA),Chhatrapati Sambhajinagar(DISTRICT COLLECTOR AURANGABAD_IDA),Normal/Others,Normal/Others,2499612.0,2025-08-05T00:00:00.000Z,2025.0,0.0,VERUL SHRINATH ASHRAM PARISARAT COMMUNITY HALLS RS 25 LAKH,VERUL SHRINATH ASHRAM PARISARAT COMMUNITY HALLS RS 25 LAKH,,BHUMARE SANDIPANRAO ASARAM,,AURANGABAD,Completed,2499612,2025-08-05T00:00:00.000Z,,,,,,,,,,,,Community Centers & Halls,Social Infrastructure
163049.0,6a932bb5cd94452437a18c46,Maharashtra,Maharashtra,PARBHANI,PARBHANI,PARBHANI(DISTRICT COLLECTOR PARBHANI_IDA),PARBHANI(DISTRICT COLLECTOR PARBHANI_IDA),Normal/Others,Normal/Others,999478.0,2025-07-10T00:00:00.000Z,2025.0,0.0,Constructing a social hall at Mauje Pokharni Walkya Tahsil Gangakhed,Constructing a social hall at Mauje Pokharni Walkya Tahsil Gangakhed,,Sanjay Haribhau Jadhav,,PARBHANI,Completed,999478,2025-07-10T00:00:00.000Z,,,,,,,,,,,,Community Centers & Halls,Social Infrastructure
163230.0,6a932bb5cd94452437a1b647,Maharashtra,Maharashtra,JALGAON,JALGAON,JALGAON(DISTRICT COLLECTOR JALGAON_IDA),JALGAON(DISTRICT COLLECTOR JALGAON_IDA),Normal/Others,Normal/Others,2490157.0,2025-11-17T00:00:00.000Z,2025.0,0.0,Construction of Juvenile Home (Balsudhar gruh) office building at Jalgaon,Construction of Juvenile Home (Balsudhar gruh) office building at Jalgaon,,SMITA UDAY WAGH,,JALGAON,Completed,2490157,2025-11-17T00:00:00.000Z,,,,,,,,,,,,Other Civil & Development Works,General Development & Maintenance
163398.0,6a932bb5cd94452437a1e13e,Maharashtra,Maharashtra,GADCHIROLI-CHIMUR,GADCHIROLI-CHIMUR,GADCHIROLI(DISTRICT COLLECTOR GADCHIROLI_IDA),GADCHIROLI(DISTRICT COLLECTOR GADCHIROLI_IDA),Normal/Others,Normal/Others,692973.0,2026-04-21T00:00:00.000Z,2026.0,0.0,Construction of a Library at Rani Durgavati School under nagarparishd Gadchiroli Dist Gadchiroli,Construction of a Library at Rani Durgavati School under nagarparishd Gadchiroli Dist Gadchiroli,,DR. KIRSAN NAMDEO,,GADCHIROLI-CHIMUR,Completed,692973,2026-04-21T00:00:00.000Z,,,,,,,,,,,,Education & School Infrastructure,Social Infrastructure
163401.0,6a932bb5cd94452437a1c81e,Maharashtra,Maharashtra,GADCHIROLI-CHIMUR,GADCHIROLI-CHIMUR,GADCHIROLI(DISTRICT COLLECTOR GADCHIROLI_IDA),GADCHIROLI(DISTRICT COLLECTOR GADCHIROLI_IDA),Normal/Others,Normal/Others,1176184.0,2026-01-16T00:00:00.000Z,2026.0,0.0,Construction of a Library at grampanchayt Rangi Ta Dhanora Dist Gadchiroli,Construction of a Library at grampanchayt Rangi Ta Dhanora Dist Gadchiroli,,DR. KIRSAN NAMDEO,,GADCHIROLI-CHIMUR,Completed,1176184,2026-01-16T00:00:00.000Z,,,,,,,,,,,,Education & School Infrastructure,Social Infrastructure
163406.0,6a932bb5cd94452437a1d04a,Maharashtra,Maharashtra,GADCHIROLI-CHIMUR,GADCHIROLI-CHIMUR,GADCHIROLI(DISTRICT COLLECTOR GADCHIROLI_IDA),GADCHIROLI(DISTRICT COLLECTOR GADCHIROLI_IDA),Normal/Others,Normal/Others,495958.0,2026-02-12T00:00:00.000Z,2026.0,0.0,Construction of an meeting hall  at Yengada Ta armori Dist Gadchiroli,Construction of an meeting hall  at Yengada Ta armori Dist Gadchiroli,,DR. KIRSAN NAMDEO,,GADCHIROLI-CHIMUR,Completed,495958,2026-02-12T00:00:00.000Z,,,,,,,,,,,,Community Centers & Halls,Social Infrastructure
163408.0,6a932bb5cd94452437a1d786,Maharashtra,Maharashtra,GADCHIROLI-CHIMUR,GADCHIROLI-CHIMUR,GADCHIROLI(DISTRICT COLLECTOR GADCHIROLI_IDA),GADCHIROLI(DISTRICT COLLECTOR GADCHIROLI_IDA),Normal/Others,Normal/Others,1488757.0,2026-03-09T00:00:00.000Z,2026.0,0.0,construction of a Laibrary at nagarpanchayat school (old colony) under nagarpanchayat Wadsa (Desaiganj) Dist Gadchiroli,construction of a Laibrary at nagarpanchayat school (old colony) under nagarpanchayat Wadsa (Desaiganj) Dist Gadchiroli,,DR. KIRSAN NAMDEO,,GADCHIROLI-CHIMUR,Completed,1488757,2026-03-09T00:00:00.000Z,,,,,,,,,,,,Education & School Infrastructure,Social Infrastructure
163439.0,6a932bb5cd94452437a1d858,Maharashtra,Maharashtra,GADCHIROLI-CHIMUR,GADCHIROLI-CHIMUR,CHANDRAPUR(DISTRICT COLLECTOR CHANDRAPUR_IDA),CHANDRAPUR(DISTRICT COLLECTOR CHANDRAPUR_IDA),Normal/Others,Normal/Others,1394658.0,2026-03-11T00:00:00.000Z,2026.0,0.0,Construction of a Library at N.J. Raut Vidyalaya Adegaon Ta Chimur Dist Chandrapur,Construction of a Library at N.J. Raut Vidyalaya Adegaon Ta Chimur Dist Chandrapur,,DR. KIRSAN NAMDEO,,GADCHIROLI-CHIMUR,Completed,1394658,2026-03-11T00:00:00.000Z,,,,,,,,,,,,Education & School Infrastructure,Social Infrastructure
163470.0,6a932bb5cd94452437a1c6be,Maharashtra,Maharashtra,GADCHIROLI-CHIMUR,GADCHIROLI-CHIMUR,GONDIA(DISTRICT COLLECTOR GONDIA_IDA),GONDIA(DISTRICT COLLECTOR GONDIA_IDA),Normal/Others,Normal/Others,795506.0,2026-01-12T00:00:00.000Z,2026.0,0.0,Construction of a Reading room at Kumbhartoli Ta Amgaon Dist Gondiya,Construction of a Reading room at Kumbhartoli Ta Amgaon Dist Gondiya,,DR. KIRSAN NAMDEO,,GADCHIROLI-CHIMUR,Completed,795506,2026-01-12T00:00:00.000Z,,,,,,,,,,,,Other Civil & Development Works,General Development & Maintenance
163475.0,6a932bb5cd94452437a1e2ce,Maharashtra,Maharashtra,GADCHIROLI-CHIMUR,GADCHIROLI-CHIMUR,GONDIA(DISTRICT COLLECTOR GONDIA_IDA),GONDIA(DISTRICT COLLECTOR GONDIA_IDA),Normal/Others,Normal/Others,796440.0,2026-05-05T00:00:00.000Z,2026.0,0.0,Construction of a Reading Room at grampanchayat Mulla Ta Deori Dist  Gondiya,Construction of a Reading Room at grampanchayat Mulla Ta Deori Dist  Gondiya,,DR. KIRSAN NAMDEO,,GADCHIROLI-CHIMUR,Completed,796440,2026-05-05T00:00:00.000Z,,,,,,,,,,,,Other Civil & Development Works,General Development & Maintenance
163574.0,6a932bb5cd94452437a1e511,Maharashtra,Maharashtra,GADCHIROLI-CHIMUR,GADCHIROLI-CHIMUR,GADCHIROLI(DISTRICT COLLECTOR GADCHIROLI_IDA),GADCHIROLI(DISTRICT COLLECTOR GADCHIROLI_IDA),Normal/Others,Normal/Others,992595.0,2026-07-25T00:00:00.000Z,2026.0,0.0,Construction of a Toilets and Room at the cemetery in gokulnagar under Nagar Panchayat gadchiroli Ta Gadchiroli Dist Gadchiroli,Construction of a Toilets and Room at the cemetery in gokulnagar under Nagar Panchayat gadchiroli Ta Gadchiroli Dist Gadchiroli,,DR. KIRSAN NAMDEO,,GADCHIROLI-CHIMUR,Completed,992595,2026-07-25T00:00:00.000Z,,,,,,,,,,,,Other Civil & Development Works,General Development & Maintenance
163577.0,6a932bb5cd94452437a1c89a,Maharashtra,Maharashtra,GADCHIROLI-CHIMUR,GADCHIROLI-CHIMUR,GONDIA(DISTRICT COLLECTOR GONDIA_IDA),GONDIA(DISTRICT COLLECTOR GONDIA_IDA),Normal/Others,Normal/Others,299369.0,2026-01-19T00:00:00.000Z,2026.0,0.0,"Construction of Paving Blocks at Z p Primary school, Amgaon, Jamidar Wada Taluka Amgon","Construction of Paving Blocks at Z p Primary school, Amgaon, Jamidar Wada Taluka Amgon",,DR. KIRSAN NAMDEO,,GADCHIROLI-CHIMUR,Completed,299369,2026-01-19T00:00:00.000Z,,,,,,,,,,,,Education & School Infrastructure,Social Infrastructure
164338.0,6a932bb5cd94452437a1e948,Maharashtra,Maharashtra,DHULE,DHULE,NASHIK(DISTRICT COLLECTOR NASHIK_IDA),NASHIK(DISTRICT COLLECTOR NASHIK_IDA),Normal/Others,Normal/Others,989456.0,2026-08-07T00:00:00.000Z,2026.0,0.0,"Installation of green gym at ward no .4, sr.no. 124 2 a a in Satana MC Tel satana  dist nashik","Installation of green gym at ward no .4, sr.no. 124 2 a a in Satana MC Tel satana  dist nashik",,BACHHAV SHOBHA DINESH,,DHULE,Completed,989456,2026-08-07T00:00:00.000Z,,,,,,,,,,,,"Health, Sanitation & Public Hygiene",Public Health & Basic Amenities
164364.0,6a932bb5cd94452437a1e6ce,Maharashtra,Maharashtra,DHULE,DHULE,DHULE(DISTRICT COLLECTOR DHULE_IDA),DHULE(DISTRICT COLLECTOR DHULE_IDA),Normal/Others,Normal/Others,987710.0,2026-07-15T00:00:00.000Z,2026.0,0.0,"Concret road at  Warood road,  at warud tel. Shindkheda Dist. Dhule","Concret road at  Warood road,  at warud tel. Shindkheda Dist. Dhule",,BACHHAV SHOBHA DINESH,,DHULE,Completed,987710,2026-07-15T00:00:00.000Z,,,,,,,,,,,,Roads & Pathways,Physical Infrastructure
164393.0,6a932bb5cd94452437a1e9bb,Maharashtra,Maharashtra,DHULE,DHULE,DHULE(DISTRICT COLLECTOR DHULE_IDA),DHULE(DISTRICT COLLECTOR DHULE_IDA),Normal/Others,Normal/Others,987617.0,2026-08-25T00:00:00.000Z,2026.0,0.0,"Construction of Assembly hall at Ekta Nagar, Biladi Road Devpur. Tel dist dhule","Construction of Assembly hall at Ekta Nagar, Biladi Road Devpur. Tel dist dhule",,BACHHAV SHOBHA DINESH,,DHULE,Completed,987617,2026-08-25T00:00:00.000Z,,,,,,,,,,,,Roads & Pathways,Physical Infrastructure
164520.0,6a932bb5cd94452437a1e734,Maharashtra,Maharashtra,DHULE,DHULE,DHULE(DISTRICT COLLECTOR DHULE_IDA),DHULE(DISTRICT COLLECTOR DHULE_IDA),Normal/Others,Normal/Others,899164.0,2026-07-15T00:00:00.000Z,2026.0,0.0,Concrete Road and Sewerage at anchade tada,Concrete Road and Sewerage at anchade tada,,BACHHAV SHOBHA DINESH,,DHULE,Completed,899164,2026-07-15T00:00:00.000Z,,,,,,,,,,,,Roads & Pathways,Physical Infrastructure
164640.0,6a932bb5cd94452437a1888f,Maharashtra,Maharashtra,AMRAVATI,AMRAVATI,AMRAVATI(DISTRICT COLLECTOR AMRAVATI_IDA),AMRAVATI(DISTRICT COLLECTOR AMRAVATI_IDA),Normal/Others,Normal/Others,999205.0,2025-06-27T00:00:00.000Z,2025.0,0.0,construction of drainage from shahadevrao ingle house to umari men rod at Wadalgavhan Ta. daryapur,construction of drainage from shahadevrao ingle house to umari men rod at Wadalgavhan Ta. daryapur,,BALWANT BASWANT WANKHADE,,AMRAVATI,Completed,999205,2025-06-27T00:00:00.000Z,,,,,,,,,,,,Roads & Pathways,Physical Infrastructure
165240.0,6a932bb5cd94452437a1d9b5,Maharashtra,Maharashtra,WARDHA,WARDHA,WARDHA(DISTRICT COLLECTOR WARDHA_IDA),WARDHA(DISTRICT COLLECTOR WARDHA_IDA),Normal/Others,Normal/Others,994179.0,2026-03-17T00:00:00.000Z,2026.0,0.0,"Mauja Mahakal,  Dist. Wardha Construction of Community Hall at Wardha.","Mauja Mahakal,  Dist. Wardha Construction of Community Hall at Wardha.",,AMAR SHARADRAO KALE,,WARDHA,Completed,994179,2026-03-17T00:00:00.000Z,,,,,,,,,,,,Community Centers & Halls,Social Infrastructure
165242.0,6a932bb5cd94452437a1b55d,Maharashtra,Maharashtra,WARDHA,WARDHA,WARDHA(DISTRICT COLLECTOR WARDHA_IDA),WARDHA(DISTRICT COLLECTOR WARDHA_IDA),Normal/Others,Normal/Others,250000.0,2025-11-13T00:00:00.000Z,2025.0,0.0,Mauja Alodi Dist Wardha  Cementing the road in front of Mr.Akhtar Pathan house,Mauja Alodi Dist Wardha  Cementing the road in front of Mr.Akhtar Pathan house,,AMAR SHARADRAO KALE,,WARDHA,Completed,250000,2025-11-13T00:00:00.000Z,,,,,,,,,,,,Roads & Pathways,Physical Infrastructure
165244.0,6a932bb5cd94452437a1b563,Maharashtra,Maharashtra,WARDHA,WARDHA,WARDHA(DISTRICT COLLECTOR WARDHA_IDA),WARDHA(DISTRICT COLLECTOR WARDHA_IDA),Normal/Others,Normal/Others,598131.0,2025-11-13T00:00:00.000Z,2025.0,0.0,"Mauja Nalwadi, Dist. Wardha Construction of cement road Dilip Bokde to Chandrakant Tapase house","Mauja Nalwadi, Dist. Wardha Construction of cement road Dilip Bokde to Chandrakant Tapase house",,AMAR SHARADRAO KALE,,WARDHA,Completed,598131,2025-11-13T00:00:00.000Z,,,,,,,,,,,,Roads & Pathways,Physical Infrastructure
165694.0,6a932bb5cd94452437a1b555,Maharashtra,Maharashtra,WARDHA,WARDHA,WARDHA(DISTRICT COLLECTOR WARDHA_IDA),WARDHA(DISTRICT COLLECTOR WARDHA_IDA),Normal/Others,Normal/Others,1195809.0,2025-11-13T00:00:00.000Z,2025.0,0.0,Mauja Deulgaon Selu Dist Wardha Construction of cement road from Hamdapur Road to Satish Sonpitale to Gajanan Patle house at Wardha,Mauja Deulgaon Selu Dist Wardha Construction of cement road from Hamdapur Road to Satish Sonpitale to Gajanan Patle house at Wardha,,AMAR SHARADRAO KALE,,WARDHA,Completed,1195809,2025-11-13T00:00:00.000Z,,,,,,,,,,,,Roads & Pathways,Physical Infrastructure
166250.0,6a932bb5cd94452437a1e074,Maharashtra,Maharashtra,DHULE,DHULE,DHULE(DISTRICT COLLECTOR DHULE_IDA),DHULE(DISTRICT COLLECTOR DHULE_IDA),Normal/Others,Normal/Others,878646.0,2026-04-15T00:00:00.000Z,2026.0,0.0,Boring At Various Location in Dhule City,Boring At Various Location in Dhule City,,BACHHAV SHOBHA DINESH,,DHULE,Completed,878646,2026-04-15T00:00:00.000Z,,,,,,,,,,,,Other Civil & Development Works,General Development & Maintenance
166253.0,6a932bb5cd94452437a1d1e0,Maharashtra,Maharashtra,DHULE,DHULE,DHULE(DISTRICT COLLECTOR DHULE_IDA),DHULE(DISTRICT COLLECTOR DHULE_IDA),Normal/Others,Normal/Others,493028.0,2026-02-17T00:00:00.000Z,2026.0,0.0,Construction Of Closed Sewer in ward no. 1 chandrodaya colony,Construction Of Closed Sewer in ward no. 1 chandrodaya colony,,BACHHAV SHOBHA DINESH,,DHULE,Completed,493028,2026-02-17T00:00:00.000Z,,,,,,,,,,,,Other Civil & Development Works,General Development & Maintenance
167493.0,6a932bb5cd94452437a1cb2c,Maharashtra,Maharashtra,WARDHA,WARDHA,WARDHA(DISTRICT COLLECTOR WARDHA_IDA),WARDHA(DISTRICT COLLECTOR WARDHA_IDA),Normal/Others,Normal/Others,998950.0,2026-01-29T00:00:00.000Z,2026.0,0.0,Construction of road from Shri Ghanshyam Mundada to Shri Gajanan Maharaj Temple at Mauja Talegaon Sha. Pan. Ta Ashti,Construction of road from Shri Ghanshyam Mundada to Shri Gajanan Maharaj Temple at Mauja Talegaon Sha. Pan. Ta Ashti,,AMAR SHARADRAO KALE,,WARDHA,Completed,998950,2026-01-29T00:00:00.000Z,,,,,,,,,,,,Roads & Pathways,Physical Infrastructure
168679.0,6a932bb5cd94452437a19758,Maharashtra,Maharashtra,LATUR,LATUR,LATUR(DISTRICT COLLECTOR LATUR_IDA),LATUR(DISTRICT COLLECTOR LATUR_IDA),Normal/Others,Normal/Others,677260.0,2025-08-11T00:00:00.000Z,2025.0,0.0,Construction of cement road from Nagargoje house to Gundre house at Ward No 5 Sri Colony in Ahmedpur city,Construction of cement road from Nagargoje house to Gundre house at Ward No 5 Sri Colony in Ahmedpur city,,DR KALGE SHIVAJI BANDAPPA,,LATUR,Completed,677260,2025-08-11T00:00:00.000Z,,,,,,,,,,,,Roads & Pathways,Physical Infrastructure
168713.0,6a932bb5cd94452437a187d7,Maharashtra,Maharashtra,DHULE,DHULE,NASHIK(DISTRICT COLLECTOR NASHIK_IDA),NASHIK(DISTRICT COLLECTOR NASHIK_IDA),Normal/Others,Normal/Others,1000000.0,2025-06-19T00:00:00.000Z,2025.0,0.0,"Digital 2 classroom of utkarsh primary school dayane tal. malegaon 65inch. interactive board, Computer, VC Camera","Digital 2 classroom of utkarsh primary school dayane tal. malegaon 65inch. interactive board, Computer, VC Camera",,BACHHAV SHOBHA DINESH,,DHULE,Completed,1000000,2025-06-19T00:00:00.000Z,,,,,,,,,,,,Education & School Infrastructure,Social Infrastructure
168809.0,6a932bb5cd94452437a19741,Maharashtra,Maharashtra,LATUR,LATUR,LATUR(DISTRICT COLLECTOR LATUR_IDA),LATUR(DISTRICT COLLECTOR LATUR_IDA),Normal/Others,Normal/Others,999782.0,2025-08-08T00:00:00.000Z,2025.0,0.0,Construction of cement concrete road from house of Sanjay Bhalerao to house of Rama Suravase at Parunagar in Murud District Latur,Construction of cement concrete road from house of Sanjay Bhalerao to house of Rama Suravase at Parunagar in Murud District Latur,,DR KALGE SHIVAJI BANDAPPA,,LATUR,Completed,999782,2025-08-08T00:00:00.000Z,,,,,,,,,,,,Roads & Pathways,Physical Infrastructure
169208.0,6a932bb5cd94452437a1d2f3,Maharashtra,Maharashtra,HINGOLI,HINGOLI,NANDED(DISTRICT COLLECTOR NANDED_IDA),NANDED(DISTRICT COLLECTOR NANDED_IDA),Normal/Others,Normal/Others,4978547.0,2026-02-20T00:00:00.000Z,2026.0,0.0,CC Road And Drainage at Ashti Tq. Hadgaon Dist Nanded.,CC Road And Drainage at Ashti Tq. Hadgaon Dist Nanded.,,AASHTIKAR PATIL NAGESH BAPURAO,,HINGOLI,Completed,4978547,2026-02-20T00:00:00.000Z,,,,,,,,,,,,Roads & Pathways,Physical Infrastructure
169263.0,6a932bb5cd94452437a1ad7e,Maharashtra,Maharashtra,HINGOLI,HINGOLI,HINGOLI(DISTRICT COLLECTOR HINGOLI_IDA),HINGOLI(DISTRICT COLLECTOR HINGOLI_IDA),Normal/Others,Normal/Others,999444.0,2025-10-15T00:00:00.000Z,2025.0,0.0,C.C.Road at Bandu patil home to Oil mil at kalamnuri Tq.Kalamnuri,C.C.Road at Bandu patil home to Oil mil at kalamnuri Tq.Kalamnuri,,AASHTIKAR PATIL NAGESH BAPURAO,,HINGOLI,Completed,999444,2025-10-15T00:00:00.000Z,,,,,,,,,,,,Roads & Pathways,Physical Infrastructure
169715.0,6a932bb5cd94452437a19466,Maharashtra,Maharashtra,KOLHAPUR,KOLHAPUR,KOLHAPUR(DISTRICT COLLECTOR KOLHAPUR_IDA),KOLHAPUR(DISTRICT COLLECTOR KOLHAPUR_IDA),Normal/Others,Normal/Others,942064.0,2026-02-02T00:00:00.000Z,2026.0,0.0,Road,Road,,CHHATRAPATI SHAHU SHAHAJI,,KOLHAPUR,Completed,942064,2026-02-02T00:00:00.000Z,,,,,,,,,,,,Roads & Pathways,Physical Infrastructure
169737.0,6a932bb5cd94452437a1ad16,Maharashtra,Maharashtra,KOLHAPUR,KOLHAPUR,KOLHAPUR(DISTRICT COLLECTOR KOLHAPUR_IDA),KOLHAPUR(DISTRICT COLLECTOR KOLHAPUR_IDA),Normal/Others,Normal/Others,1000000.0,2025-10-14T00:00:00.000Z,2025.0,0.0,Cremation shed,Cremation shed,,CHHATRAPATI SHAHU SHAHAJI,,KOLHAPUR,Completed,1000000,2025-10-14T00:00:00.000Z,,,,,,,,,,,,Community Centers & Halls,Social Infrastructure
170214.0,6a932bb5cd94452437a198c3,Maharashtra,Maharashtra,DHULE,DHULE,DHULE(DISTRICT COLLECTOR DHULE_IDA),DHULE(DISTRICT COLLECTOR DHULE_IDA),Normal/Others,Normal/Others,1000000.0,2025-08-14T00:00:00.000Z,2025.0,0.0,Digitalis 2 classrooms at shri. Annasaheb D.V. Patil Secondary and Higher Secondary School Nagaon tal.Dist. Dhule,Digitalis 2 classrooms at shri. Annasaheb D.V. Patil Secondary and Higher Secondary School Nagaon tal.Dist. Dhule,,BACHHAV SHOBHA DINESH,,DHULE,Completed,1000000,2025-08-14T00:00:00.000Z,,,,,,,,,,,,Education & School Infrastructure,Social Infrastructure
172547.0,6a932bb5cd94452437a17196,Maharashtra,Maharashtra,NAGPUR,NAGPUR,NAGPUR(DISTRICT COLLECTOR NAGPUR_IDA),NAGPUR(DISTRICT COLLECTOR NAGPUR_IDA),Normal/Others,Normal/Others,955761.0,2025-02-17T00:00:00.000Z,2025.0,0.0,"Installation of I-Block near Rehamania Masjid, Ramai Nagar, Nagpur.","Installation of I-Block near Rehamania Masjid, Ramai Nagar, Nagpur.",,Nitin Jairam Gadkari,,NAGPUR,Completed,955761,2025-02-17T00:00:00.000Z,,,,,,,,,,,,Other Civil & Development Works,General Development & Maintenance
173902.0,6a932bb5cd94452437a1dcb0,Maharashtra,Maharashtra,JALNA,JALNA,Chhatrapati Sambhajinagar(DISTRICT COLLECTOR AURANGABAD_IDA),Chhatrapati Sambhajinagar(DISTRICT COLLECTOR AURANGABAD_IDA),Normal/Others,Normal/Others,989809.0,2026-03-26T00:00:00.000Z,2026.0,0.0,Construction of cement road at Santoshimata Nagar of Ward No.82 Ambika Nagar in Chhatrapati Sambhajinagar municipal limits.,Construction of cement road at Santoshimata Nagar of Ward No.82 Ambika Nagar in Chhatrapati Sambhajinagar municipal limits.,,KALYAN VAIJINATHRAO KALE,,JALNA,Completed,989809,2026-03-26T00:00:00.000Z,,,,,,,,,,,,Roads & Pathways,Physical Infrastructure
173942.0,6a932bb5cd94452437a1c03e,Maharashtra,Maharashtra,JALNA,JALNA,Chhatrapati Sambhajinagar(DISTRICT COLLECTOR AURANGABAD_IDA),Chhatrapati Sambhajinagar(DISTRICT COLLECTOR AURANGABAD_IDA),Normal/Others,Normal/Others,999205.0,2025-12-20T00:00:00.000Z,2025.0,0.0,Cementing of road leading to Idgah from Primary Health Center Aland in Phulumbri Taluka.,Cementing of road leading to Idgah from Primary Health Center Aland in Phulumbri Taluka.,,KALYAN VAIJINATHRAO KALE,,JALNA,Completed,999205,2025-12-20T00:00:00.000Z,,,,,,,,,,,,Roads & Pathways,Physical Infrastructure
173945.0,6a932bb5cd94452437a1deb7,Maharashtra,Maharashtra,JALNA,JALNA,Chhatrapati Sambhajinagar(DISTRICT COLLECTOR AURANGABAD_IDA),Chhatrapati Sambhajinagar(DISTRICT COLLECTOR AURANGABAD_IDA),Normal/Others,Normal/Others,999563.0,2026-04-05T00:00:00.000Z,2026.0,0.0,Strengthening of Apegaon to Nandar (Gondhal) Road VR-114 in Paithan Taluka.,Strengthening of Apegaon to Nandar (Gondhal) Road VR-114 in Paithan Taluka.,,KALYAN VAIJINATHRAO KALE,,JALNA,Completed,999563,2026-04-05T00:00:00.000Z,,,,,,,,,,,,Roads & Pathways,Physical Infrastructure
174565.0,6a932bb5cd94452437a1db26,Maharashtra,Maharashtra,SANGLI,SANGLI,SANGLI(DISTRICT COLLECTOR SANGLI_IDA),SANGLI(DISTRICT COLLECTOR SANGLI_IDA),Normal/Others,Normal/Others,1000000.0,2026-03-23T00:00:00.000Z,2026.0,0.0,Construction of buildings for community cultural activities on Grampanchayat Property No.269,Construction of buildings for community cultural activities on Grampanchayat Property No.269,,VISHAL,,SANGLI,Completed,1000000,2026-03-23T00:00:00.000Z,,,,,,,,,,,,Community Centers & Halls,Social Infrastructure
174568.0,6a932bb5cd94452437a1dbf7,Maharashtra,Maharashtra,SANGLI,SANGLI,SANGLI(DISTRICT COLLECTOR SANGLI_IDA),SANGLI(DISTRICT COLLECTOR SANGLI_IDA),Normal/Others,Normal/Others,1000000.0,2026-03-24T00:00:00.000Z,2026.0,0.0,Construction of buildings for community cultural activities on Grampanchayat Property No.2,Construction of buildings for community cultural activities on Grampanchayat Property No.2,,VISHAL,,SANGLI,Completed,1000000,2026-03-24T00:00:00.000Z,,,,,,,,,,,,Community Centers & Halls,Social Infrastructure
174575.0,6a932bb5cd94452437a1dacb,Maharashtra,Maharashtra,SANGLI,SANGLI,SANGLI(DISTRICT COLLECTOR SANGLI_IDA),SANGLI(DISTRICT COLLECTOR SANGLI_IDA),Normal/Others,Normal/Others,1000000.0,2026-03-20T00:00:00.000Z,2026.0,0.0,Construction of road from Dr Gore house to Gore road,Construction of road from Dr Gore house to Gore road,,VISHAL,,SANGLI,Completed,1000000,2026-03-20T00:00:00.000Z,,,,,,,,,,,,Roads & Pathways,Physical Infrastructure
174581.0,6a932bb5cd94452437a1c459,Maharashtra,Maharashtra,SANGLI,SANGLI,SANGLI(DISTRICT COLLECTOR SANGLI_IDA),SANGLI(DISTRICT COLLECTOR SANGLI_IDA),Normal/Others,Normal/Others,997373.0,2026-01-05T00:00:00.000Z,2026.0,0.0,Construction of CD work and improvement of road,Construction of CD work and improvement of road,,VISHAL,,SANGLI,Completed,997373,2026-01-05T00:00:00.000Z,,,,,,,,,,,,Roads & Pathways,Physical Infrastructure
174627.0,6a932bb5cd94452437a1ac29,Maharashtra,Maharashtra,HINGOLI,HINGOLI,HINGOLI(DISTRICT COLLECTOR HINGOLI_IDA),HINGOLI(DISTRICT COLLECTOR HINGOLI_IDA),Normal/Others,Normal/Others,1498207.0,2025-10-10T00:00:00.000Z,2025.0,0.0,Construction of Cement concentrate Road At. Shivani Kh. Tq. Kalamnuri Dist.  Hingoli,Construction of Cement concentrate Road At. Shivani Kh. Tq. Kalamnuri Dist.  Hingoli,,AASHTIKAR PATIL NAGESH BAPURAO,,HINGOLI,Completed,1498207,2025-10-10T00:00:00.000Z,,,,,,,,,,,,Roads & Pathways,Physical Infrastructure
174636.0,6a932bb5cd94452437a1cec6,Maharashtra,Maharashtra,HINGOLI,HINGOLI,NANDED(DISTRICT COLLECTOR NANDED_IDA),NANDED(DISTRICT COLLECTOR NANDED_IDA),Normal/Others,Normal/Others,7938332.0,2026-02-09T00:00:00.000Z,2026.0,0.0,Construction of Bridge with approch Road towards Primary Health Cement At. Ashti Tq. Hadgaon Dist Nanded.,Construction of Bridge with approch Road towards Primary Health Cement At. Ashti Tq. Hadgaon Dist Nanded.,,AASHTIKAR PATIL NAGESH BAPURAO,,HINGOLI,Completed,7938332,2026-02-09T00:00:00.000Z,,,,,,,,,,,,Roads & Pathways,Physical Infrastructure
175141.0,6a932bb5cd94452437a1bccf,Maharashtra,Maharashtra,HATKANANGLE,HATKANANGLE,KOLHAPUR(DISTRICT COLLECTOR KOLHAPUR_IDA),KOLHAPUR(DISTRICT COLLECTOR KOLHAPUR_IDA),Normal/Others,Normal/Others,1000000.0,2025-12-10T00:00:00.000Z,2025.0,0.0,Rukadi tal Hatkangle dist Kolhapur Construction of main village roads at Rukadi.,Rukadi tal Hatkangle dist Kolhapur Construction of main village roads at Rukadi.,,Dhairyasheel Sambhajirao Mane,,HATKANANGLE,Completed,1000000,2025-12-10T00:00:00.000Z,,,,,,,,,,,,Other Civil & Development Works,General Development & Maintenance
175361.0,6a932bb5cd94452437a1a707,Maharashtra,Maharashtra,SHIRDI,SHIRDI,SAHARSA(DISTRICT PLANNING OFFICER SAHARSA_IDA),SAHARSA(DISTRICT PLANNING OFFICER SAHARSA_IDA),Normal/Others,Normal/Others,198500.0,2025-09-27T00:00:00.000Z,2025.0,0.0,13 Camera for security purpose as per attched list,13 Camera for security purpose as per attched list,,BHAUSAHEB RAJARAM WAKCHAURE,,SHIRDI,Completed,198500,2025-09-27T00:00:00.000Z,,,,,,,,,,,,Other Civil & Development Works,General Development & Maintenance
175364.0,6a932bb5cd94452437a1d0a9,Maharashtra,Maharashtra,JALNA,JALNA,Chhatrapati Sambhajinagar(DISTRICT COLLECTOR AURANGABAD_IDA),Chhatrapati Sambhajinagar(DISTRICT COLLECTOR AURANGABAD_IDA),Normal/Others,Normal/Others,500000.0,2026-02-13T00:00:00.000Z,2026.0,0.0,Construction of cement road at Waregaon in Phulambri taluka.,Construction of cement road at Waregaon in Phulambri taluka.,,KALYAN VAIJINATHRAO KALE,,JALNA,Completed,500000,2026-02-13T00:00:00.000Z,,,,,,,,,,,,Roads & Pathways,Physical Infrastructure
175369.0,6a932bb5cd94452437a1bdcf,Maharashtra,Maharashtra,JALNA,JALNA,Chhatrapati Sambhajinagar(DISTRICT COLLECTOR AURANGABAD_IDA),Chhatrapati Sambhajinagar(DISTRICT COLLECTOR AURANGABAD_IDA),Normal/Others,Normal/Others,1000000.0,2025-12-17T00:00:00.000Z,2025.0,0.0,Development of Public Parks at Ghatnandra in Sillod Taluka.,Development of Public Parks at Ghatnandra in Sillod Taluka.,,KALYAN VAIJINATHRAO KALE,,JALNA,Completed,1000000,2025-12-17T00:00:00.000Z,,,,,,,,,,,,Other Civil & Development Works,General Development & Maintenance
175373.0,6a932bb5cd94452437a1cffe,Maharashtra,Maharashtra,MAVAL,MAVAL,PUNE(DISTRICT COLLECTOR PUNE_IDA),PUNE(DISTRICT COLLECTOR PUNE_IDA),Normal/Others,Normal/Others,994543.0,2026-02-11T00:00:00.000Z,2026.0,0.0,Concrit At Grup Grampanchyt Ghondhet in Waund Village Tal Maval dist Pune,Concrit At Grup Grampanchyt Ghondhet in Waund Village Tal Maval dist Pune,,Shrirang Appa Barne,,MAVAL,Completed,994543,2026-02-11T00:00:00.000Z,,,,,,,,,,,,Other Civil & Development Works,General Development & Maintenance
175546.0,6a932bb5cd94452437a18e6f,Maharashtra,Maharashtra,YAVATMAL-WASHIM,YAVATMAL-WASHIM,WASHIM(DISTRICT COLLECTOR WASHIM_IDA),WASHIM(DISTRICT COLLECTOR WASHIM_IDA),Repair and Renovation,Repair and Renovation,1986447.0,2025-07-16T00:00:00.000Z,2025.0,0.0,Nisha Sarkate yanchya shetapasun te vilas kolhe yanchya shetaparynt rastyache khadikarn karne,Nisha Sarkate yanchya shetapasun te vilas kolhe yanchya shetaparynt rastyache khadikarn karne,,Sanjay Uttamrao Deshmukh,,YAVATMAL-WASHIM,Completed,1986447,2025-07-16T00:00:00.000Z,,,,,,,,,,,,Other Civil & Development Works,General Development & Maintenance
176580.0,6a932bb5cd94452437a1afdf,Maharashtra,Maharashtra,OSMANABAD,OSMANABAD,LATUR(DISTRICT COLLECTOR LATUR_IDA),LATUR(DISTRICT COLLECTOR LATUR_IDA),Normal/Others,Normal/Others,697913.0,2025-12-04T00:00:00.000Z,2025.0,0.0,Construction of roads jawli ta. ausa,Construction of roads jawli ta. ausa,,Omprakash Bhupalsinh Alias Pawan Rajenimbalkar,,OSMANABAD,Completed,697913,2025-12-04T00:00:00.000Z,,,,,,,,,,,,Other Civil & Development Works,General Development & Maintenance
176734.0,6a932bb5cd94452437a19c3e,Maharashtra,Maharashtra,AURANGABAD,AURANGABAD,Chhatrapati Sambhajinagar(DISTRICT COLLECTOR AURANGABAD_IDA),Chhatrapati Sambhajinagar(DISTRICT COLLECTOR AURANGABAD_IDA),Normal/Others,Normal/Others,1999000.0,2025-08-26T00:00:00.000Z,2025.0,0.0,work of Malkapur Main road to grampanchayat cc road,work of Malkapur Main road to grampanchayat cc road,,BHUMARE SANDIPANRAO ASARAM,,AURANGABAD,Completed,1999000,2025-08-26T00:00:00.000Z,,,,,,,,,,,,Roads & Pathways,Physical Infrastructure
176829.0,6a932bb5cd94452437a1b9a8,Maharashtra,Maharashtra,WARDHA,WARDHA,WARDHA(DISTRICT COLLECTOR WARDHA_IDA),WARDHA(DISTRICT COLLECTOR WARDHA_IDA),Normal/Others,Normal/Others,695805.0,2025-11-27T00:00:00.000Z,2025.0,0.0,"Installation of cement concrete benches in open spaces at Mauja Savangi (Meghe), Sindi (Meghe), Nalvadi, Borgaon (Meghe), Alodi, Pipri (Meghe), Sevagram, Pawanar villages in Wardha","Installation of cement concrete benches in open spaces at Mauja Savangi (Meghe), Sindi (Meghe), Nalvadi, Borgaon (Meghe), Alodi, Pipri (Meghe), Sevagram, Pawanar villages in Wardha",,AMAR SHARADRAO KALE,,WARDHA,Completed,695805,2025-11-27T00:00:00.000Z,,,,,,,,,,,,Other Civil & Development Works,General Development & Maintenance
176955.0,6a932bb5cd94452437a18f58,Maharashtra,Maharashtra,OSMANABAD,OSMANABAD,Dharashiv(DISTRICT COLLECTOR OSMANABAD_IDA),Dharashiv(DISTRICT COLLECTOR OSMANABAD_IDA),Normal/Others,Normal/Others,696992.0,2025-07-16T00:00:00.000Z,2025.0,0.0,Construction of road from Kachru Sheikh house to Anwar Sheikhs house here. at irla ta. Dharashiv dist. Dharashiv,Construction of road from Kachru Sheikh house to Anwar Sheikhs house here. at irla ta. Dharashiv dist. Dharashiv,,Omprakash Bhupalsinh Alias Pawan Rajenimbalkar,,OSMANABAD,Completed,696992,2025-07-16T00:00:00.000Z,,,,,,,,,,,,Roads & Pathways,Physical Infrastructure
177373.0,6a932bb5cd94452437a18910,Maharashtra,Maharashtra,SHIRDI,SHIRDI,Ahilyanagar(DISTRICT COLLECTOR AHMEDNAGAR_IDA),Ahilyanagar(DISTRICT COLLECTOR AHMEDNAGAR_IDA),Normal/Others,Normal/Others,1499440.0,2025-09-30T00:00:00.000Z,2025.0,0.0,Providing All in One Computer to Almijaan Urdu Primary School Qty 20 Nos,Providing All in One Computer to Almijaan Urdu Primary School Qty 20 Nos,,BHAUSAHEB RAJARAM WAKCHAURE,,SHIRDI,Completed,1499440,2025-09-30T00:00:00.000Z,,,,,,,,,,,,Education & School Infrastructure,Social Infrastructure
177485.0,6a932bb5cd94452437a1cdd1,Maharashtra,Maharashtra,YAVATMAL-WASHIM,YAVATMAL-WASHIM,YAVATMAL(DISTRICT COLLECTOR YAVATMAL_IDA),YAVATMAL(DISTRICT COLLECTOR YAVATMAL_IDA),Normal/Others,Normal/Others,492429.0,2026-02-05T00:00:00.000Z,2026.0,0.0,"Construction of Paathways, Paver block jilha Parishdechya khulya jaget at Wai Mendhi tq Digras Dist Yavatmal","Construction of Paathways, Paver block jilha Parishdechya khulya jaget at Wai Mendhi tq Digras Dist Yavatmal",,Sanjay Uttamrao Deshmukh,,YAVATMAL-WASHIM,Completed,492429,2026-02-05T00:00:00.000Z,,,,,,,,,,,,Roads & Pathways,Physical Infrastructure
177557.0,6a932bb5cd94452437a1dc76,Maharashtra,Maharashtra,YAVATMAL-WASHIM,YAVATMAL-WASHIM,YAVATMAL(DISTRICT COLLECTOR YAVATMAL_IDA),YAVATMAL(DISTRICT COLLECTOR YAVATMAL_IDA),Normal/Others,Normal/Others,393430.0,2026-03-25T00:00:00.000Z,2026.0,0.0,At. Hatola Wai yethe solar high mast basvine,At. Hatola Wai yethe solar high mast basvine,,Sanjay Uttamrao Deshmukh,,YAVATMAL-WASHIM,Completed,393430,2026-03-25T00:00:00.000Z,,,,,,,,,,,,"Electricity, Lighting & Solar Energy",Physical Infrastructure
177559.0,6a932bb5cd94452437a1db9e,Maharashtra,Maharashtra,YAVATMAL-WASHIM,YAVATMAL-WASHIM,YAVATMAL(DISTRICT COLLECTOR YAVATMAL_IDA),YAVATMAL(DISTRICT COLLECTOR YAVATMAL_IDA),Normal/Others,Normal/Others,393554.0,2026-03-25T00:00:00.000Z,2026.0,0.0,Ward No. 28 yethe solar high mast basvine Tq Yavatmal,Ward No. 28 yethe solar high mast basvine Tq Yavatmal,,Sanjay Uttamrao Deshmukh,,YAVATMAL-WASHIM,Completed,393554,2026-03-25T00:00:00.000Z,,,,,,,,,,,,"Electricity, Lighting & Solar Energy",Physical Infrastructure
177565.0,6a932bb5cd94452437a1db21,Maharashtra,Maharashtra,YAVATMAL-WASHIM,YAVATMAL-WASHIM,YAVATMAL(DISTRICT COLLECTOR YAVATMAL_IDA),YAVATMAL(DISTRICT COLLECTOR YAVATMAL_IDA),Normal/Others,Normal/Others,393672.0,2026-03-22T00:00:00.000Z,2026.0,0.0,At.Gawandi yethe solar high mast basvine Tq babhulgaon,At.Gawandi yethe solar high mast basvine Tq babhulgaon,,Sanjay Uttamrao Deshmukh,,YAVATMAL-WASHIM,Completed,393672,2026-03-22T00:00:00.000Z,,,,,,,,,,,,"Electricity, Lighting & Solar Energy",Physical Infrastructure
177567.0,6a932bb5cd94452437a1dc78,Maharashtra,Maharashtra,YAVATMAL-WASHIM,YAVATMAL-WASHIM,YAVATMAL(DISTRICT COLLECTOR YAVATMAL_IDA),YAVATMAL(DISTRICT COLLECTOR YAVATMAL_IDA),Normal/Others,Normal/Others,393593.0,2026-03-25T00:00:00.000Z,2026.0,0.0,At Parsodi yethe solar high mast basvine,At Parsodi yethe solar high mast basvine,,Sanjay Uttamrao Deshmukh,,YAVATMAL-WASHIM,Completed,393593,2026-03-25T00:00:00.000Z,,,,,,,,,,,,"Electricity, Lighting & Solar Energy",Physical Infrastructure
177574.0,6a932bb5cd94452437a1dc74,Maharashtra,Maharashtra,YAVATMAL-WASHIM,YAVATMAL-WASHIM,YAVATMAL(DISTRICT COLLECTOR YAVATMAL_IDA),YAVATMAL(DISTRICT COLLECTOR YAVATMAL_IDA),Normal/Others,Normal/Others,393593.0,2026-03-25T00:00:00.000Z,2026.0,0.0,At yavatmal Ward No 20 Aashirwad Society yethe solar high mast basvine,At yavatmal Ward No 20 Aashirwad Society yethe solar high mast basvine,,Sanjay Uttamrao Deshmukh,,YAVATMAL-WASHIM,Completed,393593,2026-03-25T00:00:00.000Z,,,,,,,,,,,,"Electricity, Lighting & Solar Energy",Physical Infrastructure
177576.0,6a932bb5cd94452437a1bb90,Maharashtra,Maharashtra,YAVATMAL-WASHIM,YAVATMAL-WASHIM,YAVATMAL(DISTRICT COLLECTOR YAVATMAL_IDA),YAVATMAL(DISTRICT COLLECTOR YAVATMAL_IDA),Normal/Others,Normal/Others,986561.0,2025-12-16T00:00:00.000Z,2025.0,0.0,At.Kopra jankar yethe open place madhye Sabha Mandap yanche Bandhkaam Karne,At.Kopra jankar yethe open place madhye Sabha Mandap yanche Bandhkaam Karne,,Sanjay Uttamrao Deshmukh,,YAVATMAL-WASHIM,Completed,986561,2025-12-16T00:00:00.000Z,,,,,,,,,,,,Community Centers & Halls,Social Infrastructure
177578.0,6a932bb5cd94452437a1db1f,Maharashtra,Maharashtra,YAVATMAL-WASHIM,YAVATMAL-WASHIM,YAVATMAL(DISTRICT COLLECTOR YAVATMAL_IDA),YAVATMAL(DISTRICT COLLECTOR YAVATMAL_IDA),Normal/Others,Normal/Others,393551.0,2026-03-25T00:00:00.000Z,2026.0,0.0,At Yavatmal Ward No 15 Ambikanagar vit bhatti parisarat yethe solar high mast basvine,At Yavatmal Ward No 15 Ambikanagar vit bhatti parisarat yethe solar high mast basvine,,Sanjay Uttamrao Deshmukh,,YAVATMAL-WASHIM,Completed,393551,2026-03-25T00:00:00.000Z,,,,,,,,,,,,"Electricity, Lighting & Solar Energy",Physical Infrastructure
177761.0,6a932bb5cd94452437a1cf72,Maharashtra,Maharashtra,AKOLA,AKOLA,AKOLA(DISTRICT COLLECTOR AKOLA_IDA),AKOLA(DISTRICT COLLECTOR AKOLA_IDA),Normal/Others,Normal/Others,985293.0,2026-02-10T00:00:00.000Z,2026.0,0.0,Construction of Cement Road from the house of Arun Metkar to house of Ganesh Khanderao,Construction of Cement Road from the house of Arun Metkar to house of Ganesh Khanderao,,ANUP SANJAY DHOTRE,,AKOLA,Completed,985293,2026-02-10T00:00:00.000Z,,,,,,,,,,,,Roads & Pathways,Physical Infrastructure
177978.0,6a932bb5cd94452437a1ac36,Maharashtra,Maharashtra,AKOLA,AKOLA,AKOLA(DISTRICT COLLECTOR AKOLA_IDA),AKOLA(DISTRICT COLLECTOR AKOLA_IDA),Normal/Others,Normal/Others,971247.0,2025-10-11T00:00:00.000Z,2025.0,0.0,Construction of Paver block road at Danapur Taluka Telhara from the house of Bhaskar Vikhe to Shiva Jamodkar,Construction of Paver block road at Danapur Taluka Telhara from the house of Bhaskar Vikhe to Shiva Jamodkar,,ANUP SANJAY DHOTRE,,AKOLA,Completed,971247,2025-10-11T00:00:00.000Z,,,,,,,,,,,,Roads & Pathways,Physical Infrastructure
178885.0,6a932bb5cd94452437a18b14,Maharashtra,Maharashtra,AMRAVATI,AMRAVATI,AMRAVATI(DISTRICT COLLECTOR AMRAVATI_IDA),AMRAVATI(DISTRICT COLLECTOR AMRAVATI_IDA),Normal/Others,Normal/Others,998844.0,2025-07-03T00:00:00.000Z,2025.0,0.0,"Construction of Community Hall at Ward No 6 , Wadner Gangai , ta Daryapur","Construction of Community Hall at Ward No 6 , Wadner Gangai , ta Daryapur",,BALWANT BASWANT WANKHADE,,AMRAVATI,Completed,998844,2025-07-03T00:00:00.000Z,,,,,,,,,,,,Community Centers & Halls,Social Infrastructure
179015.0,6a932bb5cd94452437a1dcf4,Maharashtra,Maharashtra,SANGLI,SANGLI,SANGLI(DISTRICT COLLECTOR SANGLI_IDA),SANGLI(DISTRICT COLLECTOR SANGLI_IDA),Normal/Others,Normal/Others,1000000.0,2026-03-27T00:00:00.000Z,2026.0,0.0,Construction of wall compound to  Grampanchayat Property No.1252,Construction of wall compound to  Grampanchayat Property No.1252,,VISHAL,,SANGLI,Completed,1000000,2026-03-27T00:00:00.000Z,,,,,,,,,,,,Other Civil & Development Works,General Development & Maintenance
179020.0,6a932bb5cd94452437a1ced6,Maharashtra,Maharashtra,WARDHA,WARDHA,WARDHA(DISTRICT COLLECTOR WARDHA_IDA),WARDHA(DISTRICT COLLECTOR WARDHA_IDA),Normal/Others,Normal/Others,297851.0,2026-02-09T00:00:00.000Z,2026.0,0.0,Construction of a road from Mr. Swapnil Bhagat to Mr. Siddharth Nagarale house in Mouja Ganeshpur. Length 150 m (SC),Construction of a road from Mr. Swapnil Bhagat to Mr. Siddharth Nagarale house in Mouja Ganeshpur. Length 150 m (SC),,AMAR SHARADRAO KALE,,WARDHA,Completed,297851,2026-02-09T00:00:00.000Z,,,,,,,,,,,,Roads & Pathways,Physical Infrastructure
181788.0,6a932bb5cd94452437a1cae4,Maharashtra,Maharashtra,LATUR,LATUR,LATUR(DISTRICT COLLECTOR LATUR_IDA),LATUR(DISTRICT COLLECTOR LATUR_IDA),Normal/Others,Normal/Others,496350.0,2026-01-29T00:00:00.000Z,2026.0,0.0,Construction of cement concrete road from the house of Mr. Waghambar Gaikwad at Shivajinagar to the house of Mr. Azhar Sheikh in Ward No. 4 of Nilanga city,Construction of cement concrete road from the house of Mr. Waghambar Gaikwad at Shivajinagar to the house of Mr. Azhar Sheikh in Ward No. 4 of Nilanga city,,DR KALGE SHIVAJI BANDAPPA,,LATUR,Completed,496350,2026-01-29T00:00:00.000Z,,,,,,,,,,,,Roads & Pathways,Physical Infrastructure
181798.0,6a932bb5cd94452437a1e0ba,Maharashtra,Maharashtra,LATUR,LATUR,LATUR(DISTRICT COLLECTOR LATUR_IDA),LATUR(DISTRICT COLLECTOR LATUR_IDA),Normal/Others,Normal/Others,941831.0,2026-04-17T00:00:00.000Z,2026.0,0.0,"Construction of cement concrete road in open land owned by Gram Panchayat or Government from the house of Mr. Baburao Mugave to the houses of Mr. Ankush Mailare, Mr. Shekhar Dongre, Mr. Dongave under Jalkot Nagar Panchayat, Ward No. 1","Construction of cement concrete road in open land owned by Gram Panchayat or Government from the house of Mr. Baburao Mugave to the houses of Mr. Ankush Mailare, Mr. Shekhar Dongre, Mr. Dongave under Jalkot Nagar Panchayat, Ward No. 1",,DR KALGE SHIVAJI BANDAPPA,,LATUR,Completed,941831,2026-04-17T00:00:00.000Z,,,,,,,,,,,,Roads & Pathways,Physical Infrastructure
181820.0,6a932bb5cd94452437a1b5c1,Maharashtra,Maharashtra,LATUR,LATUR,LATUR(DISTRICT COLLECTOR LATUR_IDA),LATUR(DISTRICT COLLECTOR LATUR_IDA),Normal/Others,Normal/Others,988936.0,2025-11-14T00:00:00.000Z,2025.0,0.0,Construction of a cement road in the open space of the Gram Panchayat or Government in the Maroti Mandir area,Construction of a cement road in the open space of the Gram Panchayat or Government in the Maroti Mandir area,,DR KALGE SHIVAJI BANDAPPA,,LATUR,Completed,988936,2025-11-14T00:00:00.000Z,,,,,,,,,,,,Roads & Pathways,Physical Infrastructure
182080.0,6a932bb5cd94452437a1a307,Maharashtra,Maharashtra,RAIGAD,RAIGAD,RAIGAD(DISTRICT COLLECTOR RAIGAD_IDA),RAIGAD(DISTRICT COLLECTOR RAIGAD_IDA),Normal/Others,Normal/Others,1497755.0,2025-10-15T00:00:00.000Z,2025.0,0.0,"Construction of social hall at Indapur, Grampanchyat Talashet, Tal-Mangaon, Dist-Raigad","Construction of social hall at Indapur, Grampanchyat Talashet, Tal-Mangaon, Dist-Raigad",,Sunil Dattatray Tatkare,,RAIGAD,Completed,1497755,2025-10-15T00:00:00.000Z,,,,,,,,,,,,Community Centers & Halls,Social Infrastructure
182086.0,6a932bb5cd94452437a18aa1,Maharashtra,Maharashtra,RAIGAD,RAIGAD,RAIGAD(DISTRICT COLLECTOR RAIGAD_IDA),RAIGAD(DISTRICT COLLECTOR RAIGAD_IDA),Normal/Others,Normal/Others,2496670.0,2025-12-04T00:00:00.000Z,2025.0,0.0,"Construction of social hall at Mangaon, Tal-Mangaon, Dist-Raigad","Construction of social hall at Mangaon, Tal-Mangaon, Dist-Raigad",,Sunil Dattatray Tatkare,,RAIGAD,Completed,2496670,2025-12-04T00:00:00.000Z,,,,,,,,,,,,Community Centers & Halls,Social Infrastructure
182088.0,6a932bb5cd94452437a19425,Maharashtra,Maharashtra,RAIGAD,RAIGAD,RAIGAD(DISTRICT COLLECTOR RAIGAD_IDA),RAIGAD(DISTRICT COLLECTOR RAIGAD_IDA),Normal/Others,Normal/Others,1497654.0,2026-04-08T00:00:00.000Z,2026.0,0.0,"Construction of social hall  Grampanchya Tondsure, at Tondure, Tal-Mhasala, Dist-Raigad","Construction of social hall  Grampanchya Tondsure, at Tondure, Tal-Mhasala, Dist-Raigad",,Sunil Dattatray Tatkare,,RAIGAD,Completed,1497654,2026-04-08T00:00:00.000Z,,,,,,,,,,,,Community Centers & Halls,Social Infrastructure
182094.0,6a932bb5cd94452437a198d2,Maharashtra,Maharashtra,RAIGAD,RAIGAD,RAIGAD(DISTRICT COLLECTOR RAIGAD_IDA),RAIGAD(DISTRICT COLLECTOR RAIGAD_IDA),Normal/Others,Normal/Others,1499000.0,2025-12-18T00:00:00.000Z,2025.0,0.0,"Construction of social hall at Mouje Kanghar, Tal- Mhasla, Dist-Raigad","Construction of social hall at Mouje Kanghar, Tal- Mhasla, Dist-Raigad",,Sunil Dattatray Tatkare,,RAIGAD,Completed,1499000,2025-12-18T00:00:00.000Z,,,,,,,,,,,,Community Centers & Halls,Social Infrastructure
182099.0,6a932bb5cd94452437a1d080,Maharashtra,Maharashtra,RAIGAD,RAIGAD,RAIGAD(DISTRICT COLLECTOR RAIGAD_IDA),RAIGAD(DISTRICT COLLECTOR RAIGAD_IDA),Normal/Others,Normal/Others,2499000.0,2026-03-30T00:00:00.000Z,2026.0,0.0,"Construction of social hall at Kandalwada, Tal- Mhasla, Dist-Raigad","Construction of social hall at Kandalwada, Tal- Mhasla, Dist-Raigad",,Sunil Dattatray Tatkare,,RAIGAD,Completed,2499000,2026-03-30T00:00:00.000Z,,,,,,,,,,,,Community Centers & Halls,Social Infrastructure
182567.0,6a932bb5cd94452437a1a5f1,Maharashtra,Maharashtra,RAIGAD,RAIGAD,RAIGAD(DISTRICT COLLECTOR RAIGAD_IDA),RAIGAD(DISTRICT COLLECTOR RAIGAD_IDA),Normal/Others,Normal/Others,1993457.0,2026-04-30T00:00:00.000Z,2026.0,0.0,"Construction of a social hall at Adnale, Tal-Tala, Dist-Raigad","Construction of a social hall at Adnale, Tal-Tala, Dist-Raigad",,Sunil Dattatray Tatkare,,RAIGAD,Completed,1993457,2026-04-30T00:00:00.000Z,,,,,,,,,,,,Community Centers & Halls,Social Infrastructure
182569.0,6a932bb5cd94452437a19f6b,Maharashtra,Maharashtra,RAIGAD,RAIGAD,RAIGAD(DISTRICT COLLECTOR RAIGAD_IDA),RAIGAD(DISTRICT COLLECTOR RAIGAD_IDA),Normal/Others,Normal/Others,2493418.0,2026-05-04T00:00:00.000Z,2026.0,0.0,"Construction of a multipurpose hall  Gram Panchayat Kharavali, Ta- Mangaon, Dist-Raigad","Construction of a multipurpose hall  Gram Panchayat Kharavali, Ta- Mangaon, Dist-Raigad",,Sunil Dattatray Tatkare,,RAIGAD,Completed,2493418,2026-05-04T00:00:00.000Z,,,,,,,,,,,,Community Centers & Halls,Social Infrastructure
182573.0,6a932bb5cd94452437a185a8,Maharashtra,Maharashtra,RAIGAD,RAIGAD,RAIGAD(DISTRICT COLLECTOR RAIGAD_IDA),RAIGAD(DISTRICT COLLECTOR RAIGAD_IDA),Normal/Others,Normal/Others,750000.0,2025-07-23T00:00:00.000Z,2025.0,0.0,"Construction of a Samajmandir Gram Panchayat Koproli, at Koproli, Tal-Pen, Dist-Raigad","Construction of a Samajmandir Gram Panchayat Koproli, at Koproli, Tal-Pen, Dist-Raigad",,Sunil Dattatray Tatkare,,RAIGAD,Completed,750000,2025-07-23T00:00:00.000Z,,,,,,,,,,,,Other Civil & Development Works,General Development & Maintenance
183615.0,6a932bb5cd94452437a1a59e,Maharashtra,Maharashtra,BARAMATI,BARAMATI,PUNE(DISTRICT COLLECTOR PUNE_IDA),PUNE(DISTRICT COLLECTOR PUNE_IDA),Normal/Others,Normal/Others,981634.0,2025-09-25T00:00:00.000Z,2025.0,0.0,"Construction of road towards Patil Farm, at Patas","Construction of road towards Patil Farm, at Patas",,Smt Supriya Sadanand Sule,,BARAMATI,Completed,981634,2025-09-25T00:00:00.000Z,,,,,,,,,,,,Roads & Pathways,Physical Infrastructure
183620.0,6a932bb5cd94452437a1ba97,Maharashtra,Maharashtra,BARAMATI,BARAMATI,PUNE(DISTRICT COLLECTOR PUNE_IDA),PUNE(DISTRICT COLLECTOR PUNE_IDA),Normal/Others,Normal/Others,499986.0,2025-12-02T00:00:00.000Z,2025.0,0.0,"Construction of road at Patharshet, Sadhu Bhau Varghade House, at Patas","Construction of road at Patharshet, Sadhu Bhau Varghade House, at Patas",,Smt Supriya Sadanand Sule,,BARAMATI,Completed,499986,2025-12-02T00:00:00.000Z,,,,,,,,,,,,Roads & Pathways,Physical Infrastructure
183628.0,6a932bb5cd94452437a1d20a,Maharashtra,Maharashtra,BARAMATI,BARAMATI,PUNE(DISTRICT COLLECTOR PUNE_IDA),PUNE(DISTRICT COLLECTOR PUNE_IDA),Normal/Others,Normal/Others,993957.0,2026-02-18T00:00:00.000Z,2026.0,0.0,"Fitting of Paving Blocks at Datta Mandir Chauk, Rade Vasti, at Betwadi","Fitting of Paving Blocks at Datta Mandir Chauk, Rade Vasti, at Betwadi",,Smt Supriya Sadanand Sule,,BARAMATI,Completed,993957,2026-02-18T00:00:00.000Z,,,,,,,,,,,,Other Civil & Development Works,General Development & Maintenance
183654.0,6a932bb5cd94452437a1dfa1,Maharashtra,Maharashtra,SHIRDI,SHIRDI,Ahilyanagar(DISTRICT COLLECTOR AHMEDNAGAR_IDA),Ahilyanagar(DISTRICT COLLECTOR AHMEDNAGAR_IDA),Normal/Others,Normal/Others,686339.0,2026-04-09T00:00:00.000Z,2026.0,0.0,To construct community Hall in G P Property No 159  1 villege Sakirwadi Taluka Akole,To construct community Hall in G P Property No 159  1 villege Sakirwadi Taluka Akole,,BHAUSAHEB RAJARAM WAKCHAURE,,SHIRDI,Completed,686339,2026-04-09T00:00:00.000Z,,,,,,,,,,,,Community Centers & Halls,Social Infrastructure
183816.0,6a932bb5cd94452437a1d78c,Maharashtra,Maharashtra,CHANDRAPUR,CHANDRAPUR,CHANDRAPUR(DISTRICT COLLECTOR CHANDRAPUR_IDA),CHANDRAPUR(DISTRICT COLLECTOR CHANDRAPUR_IDA),Normal/Others,Normal/Others,476962.0,2026-03-10T00:00:00.000Z,2026.0,0.0,"Construction of the remaining road from the house of Mr. Yashwant Bodhe in Mouja Kosara, Taluka Chandrapur to D.P. Road.","Construction of the remaining road from the house of Mr. Yashwant Bodhe in Mouja Kosara, Taluka Chandrapur to D.P. Road.",,DHANORKAR PRATIBHA SURESH ALIAS BALUBHAU,,CHANDRAPUR,Completed,476962,2026-03-10T00:00:00.000Z,,,,,,,,,,,,Roads & Pathways,Physical Infrastructure
183834.0,6a932bb5cd94452437a19f42,Maharashtra,Maharashtra,CHANDRAPUR,CHANDRAPUR,YAVATMAL(DISTRICT COLLECTOR YAVATMAL_IDA),YAVATMAL(DISTRICT COLLECTOR YAVATMAL_IDA),Normal/Others,Normal/Others,1966157.0,2025-09-03T00:00:00.000Z,2025.0,0.0,Construction of connecting road from Akola Bazar to Savali Taluka Ghatanji Main Road Pardi No. (Heti Tanda). 350 Mt.,Construction of connecting road from Akola Bazar to Savali Taluka Ghatanji Main Road Pardi No. (Heti Tanda). 350 Mt.,,DHANORKAR PRATIBHA SURESH ALIAS BALUBHAU,,CHANDRAPUR,Completed,1966157,2025-09-03T00:00:00.000Z,,,,,,,,,,,,Roads & Pathways,Physical Infrastructure
184032.0,6a932bb5cd94452437a1c462,Maharashtra,Maharashtra,BARAMATI,BARAMATI,PUNE(DISTRICT COLLECTOR PUNE_IDA),PUNE(DISTRICT COLLECTOR PUNE_IDA),Normal/Others,Normal/Others,500000.0,2026-01-05T00:00:00.000Z,2026.0,0.0,Construction of Common Covered Sitting Area at Kurtavadi,Construction of Common Covered Sitting Area at Kurtavadi,,Smt Supriya Sadanand Sule,,BARAMATI,Completed,500000,2026-01-05T00:00:00.000Z,,,,,,,,,,,,Other Civil & Development Works,General Development & Maintenance
184183.0,6a932bb5cd94452437a1d59e,Maharashtra,Maharashtra,SHIRDI,SHIRDI,Ahilyanagar(DISTRICT COLLECTOR AHMEDNAGAR_IDA),Ahilyanagar(DISTRICT COLLECTOR AHMEDNAGAR_IDA),Normal/Others,Normal/Others,490467.0,2026-03-01T00:00:00.000Z,2026.0,0.0,To construct community Hall Construction of boundary walls of existing public and community buildingsin G P property 1299 villege at Dhumalwadi Taluka Akole,To construct community Hall Construction of boundary walls of existing public and community buildingsin G P property 1299 villege at Dhumalwadi Taluka Akole,,BHAUSAHEB RAJARAM WAKCHAURE,,SHIRDI,Completed,490467,2026-03-01T00:00:00.000Z,,,,,,,,,,,,Community Centers & Halls,Social Infrastructure
185070.0,6a932bb5cd94452437a1d562,Maharashtra,Maharashtra,MADHA,MADHA,SOLAPUR(DISTRICT COLLECTOR SOLAPUR_IDA),SOLAPUR(DISTRICT COLLECTOR SOLAPUR_IDA),Normal/Others,Normal/Others,215332.0,2026-02-27T00:00:00.000Z,2026.0,0.0,"Installation of Solar Highmast pole near Satwai Farm, Karmala, Tal. Karmala, Dist. Solapur","Installation of Solar Highmast pole near Satwai Farm, Karmala, Tal. Karmala, Dist. Solapur",,MOHITE PATIL DHAIRYASHEEL RAJSINH,,MADHA,Completed,215332,2026-02-27T00:00:00.000Z,,,,,,,,,,,,"Electricity, Lighting & Solar Energy",Physical Infrastructure
185072.0,6a932bb5cd94452437a1d62e,Maharashtra,Maharashtra,MADHA,MADHA,SOLAPUR(DISTRICT COLLECTOR SOLAPUR_IDA),SOLAPUR(DISTRICT COLLECTOR SOLAPUR_IDA),Normal/Others,Normal/Others,215332.0,2026-03-04T00:00:00.000Z,2026.0,0.0,"Installation of Solar Highmast pole at Shri Shani Maruti Chowk, Jinti, Tal. Karmala, Dist. Solapur","Installation of Solar Highmast pole at Shri Shani Maruti Chowk, Jinti, Tal. Karmala, Dist. Solapur",,MOHITE PATIL DHAIRYASHEEL RAJSINH,,MADHA,Completed,215332,2026-03-04T00:00:00.000Z,,,,,,,,,,,,"Electricity, Lighting & Solar Energy",Physical Infrastructure
185134.0,6a932bb5cd94452437a1aea3,Maharashtra,Maharashtra,BARAMATI,BARAMATI,PUNE(DISTRICT COLLECTOR PUNE_IDA),PUNE(DISTRICT COLLECTOR PUNE_IDA),Normal/Others,Normal/Others,984726.0,2025-10-17T00:00:00.000Z,2025.0,0.0,"Construction of internal road from Forest to Pilanewasti road, at Karanje","Construction of internal road from Forest to Pilanewasti road, at Karanje",,Smt Supriya Sadanand Sule,,BARAMATI,Completed,984726,2025-10-17T00:00:00.000Z,,,,,,,,,,,,Roads & Pathways,Physical Infrastructure
185160.0,6a932bb5cd94452437a1780a,Maharashtra,Maharashtra,NAGPUR,NAGPUR,NAGPUR(DISTRICT COLLECTOR NAGPUR_IDA),NAGPUR(DISTRICT COLLECTOR NAGPUR_IDA),Normal/Others,Normal/Others,992000.0,2025-03-25T00:00:00.000Z,2025.0,0.0,"Installation of Li-Ning Matin at Badminton Court of NMC Badminton Hall at Vivekanand Nagar, Nagpur","Installation of Li-Ning Matin at Badminton Court of NMC Badminton Hall at Vivekanand Nagar, Nagpur",,Nitin Jairam Gadkari,,NAGPUR,Completed,992000,2025-03-25T00:00:00.000Z,,,,,,,,,,,,Community Centers & Halls,Social Infrastructure
185622.0,6a932bb5cd94452437a1d409,Maharashtra,Maharashtra,AURANGABAD,AURANGABAD,Chhatrapati Sambhajinagar(DISTRICT COLLECTOR AURANGABAD_IDA),Chhatrapati Sambhajinagar(DISTRICT COLLECTOR AURANGABAD_IDA),Normal/Others,Normal/Others,1500000.0,2026-02-24T00:00:00.000Z,2026.0,0.0,Sawkhedganga Tq Vaijapur Khatane Wasti Road,Sawkhedganga Tq Vaijapur Khatane Wasti Road,,BHUMARE SANDIPANRAO ASARAM,,AURANGABAD,Completed,1500000,2026-02-24T00:00:00.000Z,,,,,,,,,,,,Roads & Pathways,Physical Infrastructure
185875.0,6a932bb5cd94452437a1a924,Maharashtra,Maharashtra,BHIWANDI,BHIWANDI,THANE(DISTRICT COLLECTOR THANE_IDA),THANE(DISTRICT COLLECTOR THANE_IDA),Repair and Renovation,Repair and Renovation,2100000.0,2026-02-04T00:00:00.000Z,2026.0,0.0,"Construction internal Road,Khodiar mata mandir, at yewai naka, Tal.Bhiwandi.","Construction internal Road,Khodiar mata mandir, at yewai naka, Tal.Bhiwandi.",,BALYA MAMA SURESH GOPINATH MHATRE,,BHIWANDI,Completed,2100000,2026-02-04T00:00:00.000Z,,,,,,,,,,,,Roads & Pathways,Physical Infrastructure
185988.0,6a932bb5cd94452437a1c6bf,Maharashtra,Maharashtra,WARDHA,WARDHA,WARDHA(DISTRICT COLLECTOR WARDHA_IDA),WARDHA(DISTRICT COLLECTOR WARDHA_IDA),Normal/Others,Normal/Others,991408.0,2026-01-12T00:00:00.000Z,2026.0,0.0,"Earthworks and graveling work from Mr. Panse farm to Mr.Madhavrao Mude farm at Hingani, Taluka Selu, Junewani Shivar","Earthworks and graveling work from Mr. Panse farm to Mr.Madhavrao Mude farm at Hingani, Taluka Selu, Junewani Shivar",,AMAR SHARADRAO KALE,,WARDHA,Completed,991408,2026-01-12T00:00:00.000Z,,,,,,,,,,,,Other Civil & Development Works,General Development & Maintenance
186052.0,6a932bb5cd94452437a19486,Maharashtra,Maharashtra,PUNE,PUNE,PUNE(DISTRICT COLLECTOR PUNE_IDA),PUNE(DISTRICT COLLECTOR PUNE_IDA),Normal/Others,Normal/Others,999965.0,2025-07-31T00:00:00.000Z,2025.0,0.0,To concretize the road from Ganeshpeth Hussain Bakery to Vegetable Market.,To concretize the road from Ganeshpeth Hussain Bakery to Vegetable Market.,,MURLIDHAR MOHOL,,PUNE,Completed,999965,2025-07-31T00:00:00.000Z,,,,,,,,,,,,Roads & Pathways,Physical Infrastructure
186060.0,6a932bb5cd94452437a1948d,Maharashtra,Maharashtra,PUNE,PUNE,PUNE(DISTRICT COLLECTOR PUNE_IDA),PUNE(DISTRICT COLLECTOR PUNE_IDA),Normal/Others,Normal/Others,999812.0,2025-07-31T00:00:00.000Z,2025.0,0.0,To asphalt the road from Pangul Ali to Jotyachi Talim.,To asphalt the road from Pangul Ali to Jotyachi Talim.,,MURLIDHAR MOHOL,,PUNE,Completed,999812,2025-07-31T00:00:00.000Z,,,,,,,,,,,,Roads & Pathways,Physical Infrastructure
186062.0,6a932bb5cd94452437a1a68f,Maharashtra,Maharashtra,PUNE,PUNE,PUNE(DISTRICT COLLECTOR PUNE_IDA),PUNE(DISTRICT COLLECTOR PUNE_IDA),Normal/Others,Normal/Others,999860.0,2025-10-07T00:00:00.000Z,2025.0,0.0,"To carry out drainage works in Shelar Complex, Kothrud area.","To carry out drainage works in Shelar Complex, Kothrud area.",,MURLIDHAR MOHOL,,PUNE,Completed,999860,2025-10-07T00:00:00.000Z,,,,,,,,,,,,Roads & Pathways,Physical Infrastructure
186068.0,6a932bb5cd94452437a1aa76,Maharashtra,Maharashtra,PUNE,PUNE,PUNE(DISTRICT COLLECTOR PUNE_IDA),PUNE(DISTRICT COLLECTOR PUNE_IDA),Normal/Others,Normal/Others,999992.0,2025-10-07T00:00:00.000Z,2025.0,0.0,"To carry out road and drainage line repair works in Kalasgaon, Survey No. 83, Khalsewasti.","To carry out road and drainage line repair works in Kalasgaon, Survey No. 83, Khalsewasti.",,MURLIDHAR MOHOL,,PUNE,Completed,999992,2025-10-07T00:00:00.000Z,,,,,,,,,,,,Roads & Pathways,Physical Infrastructure
186340.0,6a932bb5cd94452437a1d8f1,Maharashtra,Maharashtra,KOLHAPUR,KOLHAPUR,KOLHAPUR(DISTRICT COLLECTOR KOLHAPUR_IDA),KOLHAPUR(DISTRICT COLLECTOR KOLHAPUR_IDA),Normal/Others,Normal/Others,999000.0,2026-03-13T00:00:00.000Z,2026.0,0.0,Internal roads at Haldi,Internal roads at Haldi,,CHHATRAPATI SHAHU SHAHAJI,,KOLHAPUR,Completed,999000,2026-03-13T00:00:00.000Z,,,,,,,,,,,,Other Civil & Development Works,General Development & Maintenance
186342.0,6a932bb5cd94452437a1cf33,Maharashtra,Maharashtra,KOLHAPUR,KOLHAPUR,KOLHAPUR(DISTRICT COLLECTOR KOLHAPUR_IDA),KOLHAPUR(DISTRICT COLLECTOR KOLHAPUR_IDA),Normal/Others,Normal/Others,995437.0,2026-02-09T00:00:00.000Z,2026.0,0.0,Internal roads at Are,Internal roads at Are,,CHHATRAPATI SHAHU SHAHAJI,,KOLHAPUR,Completed,995437,2026-02-09T00:00:00.000Z,,,,,,,,,,,,Other Civil & Development Works,General Development & Maintenance
186384.0,6a932bb5cd94452437a1ad58,Maharashtra,Maharashtra,WARDHA,WARDHA,WARDHA(DISTRICT COLLECTOR WARDHA_IDA),WARDHA(DISTRICT COLLECTOR WARDHA_IDA),Normal/Others,Normal/Others,988064.0,2025-10-14T00:00:00.000Z,2025.0,0.0,Construction of Pandan road from the farm of Mr. Ganpat Masram to the farm of Dilip Vandile and Venutai Zade at Yelakeli Selu Road in Selu Taluka,Construction of Pandan road from the farm of Mr. Ganpat Masram to the farm of Dilip Vandile and Venutai Zade at Yelakeli Selu Road in Selu Taluka,,AMAR SHARADRAO KALE,,WARDHA,Completed,988064,2025-10-14T00:00:00.000Z,,,,,,,,,,,,Roads & Pathways,Physical Infrastructure
186418.0,6a932bb5cd94452437a196bd,Maharashtra,Maharashtra,RATNAGIRI-SINDHUDURG,RATNAGIRI-SINDHUDURG,SINDHUDURG(DISTRICT COLLECTOR SINDHUDURG_IDA),SINDHUDURG(DISTRICT COLLECTOR SINDHUDURG_IDA),Normal/Others,Normal/Others,990030.0,2025-08-21T00:00:00.000Z,2025.0,0.0,"Construction of a pickup shed at Sindhudurg Nagari, Konkan Railway Station in Kudal Taluka. FY 2024-25","Construction of a pickup shed at Sindhudurg Nagari, Konkan Railway Station in Kudal Taluka. FY 2024-25",,NARAYAN TATU RANE,,RATNAGIRI-SINDHUDURG,Completed,990030,2025-08-21T00:00:00.000Z,,,,,,,,,,,,Community Centers & Halls,Social Infrastructure
186471.0,6a932bb5cd94452437a1d531,Maharashtra,Maharashtra,BHANDARA-GONDIYA,BHANDARA-GONDIYA,BHANDARA(DISTRICT COLLECTOR BHANDARA_IDA),BHANDARA(DISTRICT COLLECTOR BHANDARA_IDA),Normal/Others,Normal/Others,697787.0,2026-02-27T00:00:00.000Z,2026.0,0.0,Construction of Cement Concrete Road,Construction of Cement Concrete Road,,DR. PRASHANT YADAORAO PADOLE,,BHANDARA-GONDIYA,Completed,697787,2026-02-27T00:00:00.000Z,,,,,,,,,,,,Roads & Pathways,Physical Infrastructure
186488.0,6a932bb5cd94452437a1db07,Maharashtra,Maharashtra,BHANDARA-GONDIYA,BHANDARA-GONDIYA,BHANDARA(DISTRICT COLLECTOR BHANDARA_IDA),BHANDARA(DISTRICT COLLECTOR BHANDARA_IDA),Normal/Others,Normal/Others,687408.0,2026-03-21T00:00:00.000Z,2026.0,0.0,Construction of Cement Road,Construction of Cement Road,,DR. PRASHANT YADAORAO PADOLE,,BHANDARA-GONDIYA,Completed,687408,2026-03-21T00:00:00.000Z,,,,,,,,,,,,Roads & Pathways,Physical Infrastructure
186494.0,6a932bb5cd94452437a1db06,Maharashtra,Maharashtra,BHANDARA-GONDIYA,BHANDARA-GONDIYA,BHANDARA(DISTRICT COLLECTOR BHANDARA_IDA),BHANDARA(DISTRICT COLLECTOR BHANDARA_IDA),Normal/Others,Normal/Others,497428.0,2026-03-21T00:00:00.000Z,2026.0,0.0,Construction of compound wall and beautification,Construction of compound wall and beautification,,DR. PRASHANT YADAORAO PADOLE,,BHANDARA-GONDIYA,Completed,497428,2026-03-21T00:00:00.000Z,,,,,,,,,,,,Other Civil & Development Works,General Development & Maintenance
186531.0,6a932bb5cd94452437a194a1,Maharashtra,Maharashtra,PUNE,PUNE,PUNE(DISTRICT COLLECTOR PUNE_IDA),PUNE(DISTRICT COLLECTOR PUNE_IDA),Normal/Others,Normal/Others,999985.0,2025-07-31T00:00:00.000Z,2025.0,0.0,"Asphalting of roads in lane no. 01 and 02 at Sai Ganesh Park, S.N. 122, Khandwe Nagar, Lohegaon.","Asphalting of roads in lane no. 01 and 02 at Sai Ganesh Park, S.N. 122, Khandwe Nagar, Lohegaon.",,MURLIDHAR MOHOL,,PUNE,Completed,999985,2025-07-31T00:00:00.000Z,,,,,,,,,,,,Other Civil & Development Works,General Development & Maintenance
186533.0,6a932bb5cd94452437a1ba45,Maharashtra,Maharashtra,PUNE,PUNE,PUNE(DISTRICT COLLECTOR PUNE_IDA),PUNE(DISTRICT COLLECTOR PUNE_IDA),Normal/Others,Normal/Others,999348.0,2025-12-01T00:00:00.000Z,2025.0,0.0,Sai Ganesh Park S.N. 122 Khandvenagar Lohegaon Road from Arora Bungalow to Yogiraj Residency to be concretized.,Sai Ganesh Park S.N. 122 Khandvenagar Lohegaon Road from Arora Bungalow to Yogiraj Residency to be concretized.,,MURLIDHAR MOHOL,,PUNE,Completed,999348,2025-12-01T00:00:00.000Z,,,,,,,,,,,,Roads & Pathways,Physical Infrastructure
186637.0,6a932bb5cd94452437a1d631,Maharashtra,Maharashtra,MADHA,MADHA,SOLAPUR(DISTRICT COLLECTOR SOLAPUR_IDA),SOLAPUR(DISTRICT COLLECTOR SOLAPUR_IDA),Normal/Others,Normal/Others,215332.0,2026-03-04T00:00:00.000Z,2026.0,0.0,"Implementation of Solar High Mast at Landa Hira Chowk, Ap. Chikhalthan, Tal. Karmala, Dist. Solapur","Implementation of Solar High Mast at Landa Hira Chowk, Ap. Chikhalthan, Tal. Karmala, Dist. Solapur",,MOHITE PATIL DHAIRYASHEEL RAJSINH,,MADHA,Completed,215332,2026-03-04T00:00:00.000Z,,,,,,,,,,,,"Electricity, Lighting & Solar Energy",Physical Infrastructure
186639.0,6a932bb5cd94452437a1d630,Maharashtra,Maharashtra,MADHA,MADHA,SOLAPUR(DISTRICT COLLECTOR SOLAPUR_IDA),SOLAPUR(DISTRICT COLLECTOR SOLAPUR_IDA),Normal/Others,Normal/Others,215332.0,2026-03-04T00:00:00.000Z,2026.0,0.0,"Installation of Solar High Mast near Vikasnagar Vyayam Shala at Kem, Tal. Karmala, Dist. Solapur","Installation of Solar High Mast near Vikasnagar Vyayam Shala at Kem, Tal. Karmala, Dist. Solapur",,MOHITE PATIL DHAIRYASHEEL RAJSINH,,MADHA,Completed,215332,2026-03-04T00:00:00.000Z,,,,,,,,,,,,Education & School Infrastructure,Social Infrastructure
186712.0,6a932bb5cd94452437a1d627,Maharashtra,Maharashtra,MADHA,MADHA,SOLAPUR(DISTRICT COLLECTOR SOLAPUR_IDA),SOLAPUR(DISTRICT COLLECTOR SOLAPUR_IDA),Normal/Others,Normal/Others,215332.0,2026-03-04T00:00:00.000Z,2026.0,0.0,"Installation of Solar High Mast at Nagoba Katta, ap. Parite, Tal. Madha, Dist. Solapur","Installation of Solar High Mast at Nagoba Katta, ap. Parite, Tal. Madha, Dist. Solapur",,MOHITE PATIL DHAIRYASHEEL RAJSINH,,MADHA,Completed,215332,2026-03-04T00:00:00.000Z,,,,,,,,,,,,"Electricity, Lighting & Solar Energy",Physical Infrastructure
186714.0,6a932bb5cd94452437a1d624,Maharashtra,Maharashtra,MADHA,MADHA,SOLAPUR(DISTRICT COLLECTOR SOLAPUR_IDA),SOLAPUR(DISTRICT COLLECTOR SOLAPUR_IDA),Normal/Others,Normal/Others,215332.0,2026-03-04T00:00:00.000Z,2026.0,0.0,"Installation of Solar High Mast at Gavthan, Maske Wasti, ap. Manegav, Tal. Madha, Dist. Solapur","Installation of Solar High Mast at Gavthan, Maske Wasti, ap. Manegav, Tal. Madha, Dist. Solapur",,MOHITE PATIL DHAIRYASHEEL RAJSINH,,MADHA,Completed,215332,2026-03-04T00:00:00.000Z,,,,,,,,,,,,"Electricity, Lighting & Solar Energy",Physical Infrastructure
186978.0,6a932bb5cd94452437a1d589,Maharashtra,Maharashtra,MADHA,MADHA,SOLAPUR(DISTRICT COLLECTOR SOLAPUR_IDA),SOLAPUR(DISTRICT COLLECTOR SOLAPUR_IDA),Normal/Others,Normal/Others,215332.0,2026-02-28T00:00:00.000Z,2026.0,0.0,"Installation of Solar High Mast at the back of Shri Yamaie Devi Temples Main Chowk, Ap. Mahalung, Tal. Malshiras, Dist. Solapur","Installation of Solar High Mast at the back of Shri Yamaie Devi Temples Main Chowk, Ap. Mahalung, Tal. Malshiras, Dist. Solapur",,MOHITE PATIL DHAIRYASHEEL RAJSINH,,MADHA,Completed,215332,2026-02-28T00:00:00.000Z,,,,,,,,,,,,"Electricity, Lighting & Solar Energy",Physical Infrastructure
186994.0,6a932bb5cd94452437a1d55e,Maharashtra,Maharashtra,MADHA,MADHA,SOLAPUR(DISTRICT COLLECTOR SOLAPUR_IDA),SOLAPUR(DISTRICT COLLECTOR SOLAPUR_IDA),Normal/Others,Normal/Others,215332.0,2026-02-27T00:00:00.000Z,2026.0,0.0,"Installation of Solar High Mast in front of Grampanchayat, Ap. Mahud, Tal. Sangole, Dist. Solapur","Installation of Solar High Mast in front of Grampanchayat, Ap. Mahud, Tal. Sangole, Dist. Solapur",,MOHITE PATIL DHAIRYASHEEL RAJSINH,,MADHA,Completed,215332,2026-02-27T00:00:00.000Z,,,,,,,,,,,,"Electricity, Lighting & Solar Energy",Physical Infrastructure
186996.0,6a932bb5cd94452437a1d55c,Maharashtra,Maharashtra,MADHA,MADHA,SOLAPUR(DISTRICT COLLECTOR SOLAPUR_IDA),SOLAPUR(DISTRICT COLLECTOR SOLAPUR_IDA),Normal/Others,Normal/Others,215332.0,2026-02-27T00:00:00.000Z,2026.0,0.0,"Installation of Solar High Mast in Prabhag No.08, Koshti Galli In fron of Botres House, Ap. Sangola,  Tal. Sangole, Dist. Solapur","Installation of Solar High Mast in Prabhag No.08, Koshti Galli In fron of Botres House, Ap. Sangola,  Tal. Sangole, Dist. Solapur",,MOHITE PATIL DHAIRYASHEEL RAJSINH,,MADHA,Completed,215332,2026-02-27T00:00:00.000Z,,,,,,,,,,,,"Electricity, Lighting & Solar Energy",Physical Infrastructure
186998.0,6a932bb5cd94452437a1d58b,Maharashtra,Maharashtra,MADHA,MADHA,SOLAPUR(DISTRICT COLLECTOR SOLAPUR_IDA),SOLAPUR(DISTRICT COLLECTOR SOLAPUR_IDA),Normal/Others,Normal/Others,215332.0,2026-02-28T00:00:00.000Z,2026.0,0.0,"Installation of Solar High Mast in front of Grampanchayat Office, Ap. Gherdi,  Tal. Sangole, Dist. Solapur","Installation of Solar High Mast in front of Grampanchayat Office, Ap. Gherdi,  Tal. Sangole, Dist. Solapur",,MOHITE PATIL DHAIRYASHEEL RAJSINH,,MADHA,Completed,215332,2026-02-28T00:00:00.000Z,,,,,,,,,,,,"Electricity, Lighting & Solar Energy",Physical Infrastructure
187050.0,6a932bb5cd94452437a1ca73,Maharashtra,Maharashtra,AKOLA,AKOLA,AKOLA(DISTRICT COLLECTOR AKOLA_IDA),AKOLA(DISTRICT COLLECTOR AKOLA_IDA),Normal/Others,Normal/Others,979216.0,2026-01-28T00:00:00.000Z,2026.0,0.0,Construction of Cement Road at Kheldeshpande from Raju Gotmare to Bharat Vidyalay to Anil Kalinge,Construction of Cement Road at Kheldeshpande from Raju Gotmare to Bharat Vidyalay to Anil Kalinge,,ANUP SANJAY DHOTRE,,AKOLA,Completed,979216,2026-01-28T00:00:00.000Z,,,,,,,,,,,,Roads & Pathways,Physical Infrastructure
187060.0,6a932bb5cd94452437a1b226,Maharashtra,Maharashtra,AKOLA,AKOLA,AKOLA(DISTRICT COLLECTOR AKOLA_IDA),AKOLA(DISTRICT COLLECTOR AKOLA_IDA),Normal/Others,Normal/Others,972537.0,2025-10-31T00:00:00.000Z,2025.0,0.0,Construction of Cement Road atTajnapur from house of Rahul Dinkar Mendhe to house of Shriram Shamrao Tidke,Construction of Cement Road atTajnapur from house of Rahul Dinkar Mendhe to house of Shriram Shamrao Tidke,,ANUP SANJAY DHOTRE,,AKOLA,Completed,972537,2025-10-31T00:00:00.000Z,,,,,,,,,,,,Roads & Pathways,Physical Infrastructure
187068.0,6a932bb5cd94452437a1cd86,Maharashtra,Maharashtra,AKOLA,AKOLA,AKOLA(DISTRICT COLLECTOR AKOLA_IDA),AKOLA(DISTRICT COLLECTOR AKOLA_IDA),Normal/Others,Normal/Others,987455.0,2026-02-05T00:00:00.000Z,2026.0,0.0,Construction of Cement Road at Mundgaon from house of Pradip Sable to Nitin Gadge house.,Construction of Cement Road at Mundgaon from house of Pradip Sable to Nitin Gadge house.,,ANUP SANJAY DHOTRE,,AKOLA,Completed,987455,2026-02-05T00:00:00.000Z,,,,,,,,,,,,Roads & Pathways,Physical Infrastructure
187078.0,6a932bb5cd94452437a1ad3d,Maharashtra,Maharashtra,AKOLA,AKOLA,AKOLA(DISTRICT COLLECTOR AKOLA_IDA),AKOLA(DISTRICT COLLECTOR AKOLA_IDA),Normal/Others,Normal/Others,986977.0,2025-10-14T00:00:00.000Z,2025.0,0.0,Construction of Cement Road at Ghota from house of Pandhari Donode to house of Dinkar Tawade,Construction of Cement Road at Ghota from house of Pandhari Donode to house of Dinkar Tawade,,ANUP SANJAY DHOTRE,,AKOLA,Completed,986977,2025-10-14T00:00:00.000Z,,,,,,,,,,,,Roads & Pathways,Physical Infrastructure
187087.0,6a932bb5cd94452437a1ad3a,Maharashtra,Maharashtra,AKOLA,AKOLA,AKOLA(DISTRICT COLLECTOR AKOLA_IDA),AKOLA(DISTRICT COLLECTOR AKOLA_IDA),Normal/Others,Normal/Others,986905.0,2025-10-14T00:00:00.000Z,2025.0,0.0,Construction of Cement Road at Jalalabad from house of Prafulla Vasant Thorat to Mungsaji Maharaj Mandir,Construction of Cement Road at Jalalabad from house of Prafulla Vasant Thorat to Mungsaji Maharaj Mandir,,ANUP SANJAY DHOTRE,,AKOLA,Completed,986905,2025-10-14T00:00:00.000Z,,,,,,,,,,,,Roads & Pathways,Physical Infrastructure
187100.0,6a932bb5cd94452437a1ac71,Maharashtra,Maharashtra,AKOLA,AKOLA,AKOLA(DISTRICT COLLECTOR AKOLA_IDA),AKOLA(DISTRICT COLLECTOR AKOLA_IDA),Normal/Others,Normal/Others,988046.0,2025-10-12T00:00:00.000Z,2025.0,0.0,Construction of Cement Road at Bhamberi from house of Manohar Umale to house of Gajanan Wankhade,Construction of Cement Road at Bhamberi from house of Manohar Umale to house of Gajanan Wankhade,,ANUP SANJAY DHOTRE,,AKOLA,Completed,988046,2025-10-12T00:00:00.000Z,,,,,,,,,,,,Roads & Pathways,Physical Infrastructure
187103.0,6a932bb5cd94452437a1c6cc,Maharashtra,Maharashtra,AKOLA,AKOLA,AKOLA(DISTRICT COLLECTOR AKOLA_IDA),AKOLA(DISTRICT COLLECTOR AKOLA_IDA),Normal/Others,Normal/Others,984417.0,2026-01-12T00:00:00.000Z,2026.0,0.0,Construction of Community Hall at Dhanora Tribal locality,Construction of Community Hall at Dhanora Tribal locality,,ANUP SANJAY DHOTRE,,AKOLA,Completed,984417,2026-01-12T00:00:00.000Z,,,,,,,,,,,,Community Centers & Halls,Social Infrastructure
187111.0,6a932bb5cd94452437a19404,Maharashtra,Maharashtra,AKOLA,AKOLA,AKOLA(DISTRICT COLLECTOR AKOLA_IDA),AKOLA(DISTRICT COLLECTOR AKOLA_IDA),Normal/Others,Normal/Others,987502.0,2025-07-31T00:00:00.000Z,2025.0,0.0,Construction of Cement Road at Rustamabad from house of Balkrushna Kakad to house of Shriram Tupwade,Construction of Cement Road at Rustamabad from house of Balkrushna Kakad to house of Shriram Tupwade,,ANUP SANJAY DHOTRE,,AKOLA,Completed,987502,2025-07-31T00:00:00.000Z,,,,,,,,,,,,Roads & Pathways,Physical Infrastructure
187116.0,6a932bb5cd94452437a1d0ad,Maharashtra,Maharashtra,AKOLA,AKOLA,AKOLA(DISTRICT COLLECTOR AKOLA_IDA),AKOLA(DISTRICT COLLECTOR AKOLA_IDA),Normal/Others,Normal/Others,986782.0,2026-02-13T00:00:00.000Z,2026.0,0.0,Construction of Cement Road at Bori from house of Ganeshrao Shanware to house of Narayanrao Bawaskar,Construction of Cement Road at Bori from house of Ganeshrao Shanware to house of Narayanrao Bawaskar,,ANUP SANJAY DHOTRE,,AKOLA,Completed,986782,2026-02-13T00:00:00.000Z,,,,,,,,,,,,Roads & Pathways,Physical Infrastructure
187119.0,6a932bb5cd94452437a1b189,Maharashtra,Maharashtra,AKOLA,AKOLA,AKOLA(DISTRICT COLLECTOR AKOLA_IDA),AKOLA(DISTRICT COLLECTOR AKOLA_IDA),Normal/Others,Normal/Others,981707.0,2025-10-30T00:00:00.000Z,2025.0,0.0,Construction of Cement Road at Sawara from house of Ramrao Nage to Aasara Mata Mandir,Construction of Cement Road at Sawara from house of Ramrao Nage to Aasara Mata Mandir,,ANUP SANJAY DHOTRE,,AKOLA,Completed,981707,2025-10-30T00:00:00.000Z,,,,,,,,,,,,Roads & Pathways,Physical Infrastructure
187442.0,6a932bb5cd94452437a1b8c4,Maharashtra,Maharashtra,YAVATMAL-WASHIM,YAVATMAL-WASHIM,YAVATMAL(DISTRICT COLLECTOR YAVATMAL_IDA),YAVATMAL(DISTRICT COLLECTOR YAVATMAL_IDA),Normal/Others,Normal/Others,199636.0,2025-11-27T00:00:00.000Z,2025.0,0.0,"Grampanchayat Wanoli, Ward No2 khedi ya gavat navin Borewell , pump, taaki basavine.","Grampanchayat Wanoli, Ward No2 khedi ya gavat navin Borewell , pump, taaki basavine.",,Sanjay Uttamrao Deshmukh,,YAVATMAL-WASHIM,Completed,199636,2025-11-27T00:00:00.000Z,,,,,,,,,,,,Drinking Water Supply,Public Health & Basic Amenities
187446.0,6a932bb5cd94452437a1e325,Maharashtra,Maharashtra,YAVATMAL-WASHIM,YAVATMAL-WASHIM,YAVATMAL(DISTRICT COLLECTOR YAVATMAL_IDA),YAVATMAL(DISTRICT COLLECTOR YAVATMAL_IDA),Normal/Others,Normal/Others,491821.0,2026-05-07T00:00:00.000Z,2026.0,0.0,Godhni Kota Yethe Pawan sut Vyayam Shalechya Bajune khulya jagevarti taar coumpound bandhne.,Godhni Kota Yethe Pawan sut Vyayam Shalechya Bajune khulya jagevarti taar coumpound bandhne.,,Sanjay Uttamrao Deshmukh,,YAVATMAL-WASHIM,Completed,491821,2026-05-07T00:00:00.000Z,,,,,,,,,,,,Other Civil & Development Works,General Development & Maintenance
187508.0,6a932bb5cd94452437a1b81b,Maharashtra,Maharashtra,AKOLA,AKOLA,AKOLA(DISTRICT COLLECTOR AKOLA_IDA),AKOLA(DISTRICT COLLECTOR AKOLA_IDA),Normal/Others,Normal/Others,985973.0,2025-11-22T00:00:00.000Z,2025.0,0.0,Construction of Cement Road at Talegaon Bajar from Gordha Road to Pundlik Mohe house,Construction of Cement Road at Talegaon Bajar from Gordha Road to Pundlik Mohe house,,ANUP SANJAY DHOTRE,,AKOLA,Completed,985973,2025-11-22T00:00:00.000Z,,,,,,,,,,,,Roads & Pathways,Physical Infrastructure
187511.0,6a932bb5cd94452437a1e234,Maharashtra,Maharashtra,AKOLA,AKOLA,AKOLA(DISTRICT COLLECTOR AKOLA_IDA),AKOLA(DISTRICT COLLECTOR AKOLA_IDA),Normal/Others,Normal/Others,990840.0,2026-04-29T00:00:00.000Z,2026.0,0.0,Construction of Cement Road at Kurankhed from Mahadeo Mandir to house of Umesh Ingale and House of Subhash Malani to Main Road,Construction of Cement Road at Kurankhed from Mahadeo Mandir to house of Umesh Ingale and House of Subhash Malani to Main Road,,ANUP SANJAY DHOTRE,,AKOLA,Completed,990840,2026-04-29T00:00:00.000Z,,,,,,,,,,,,Roads & Pathways,Physical Infrastructure
187534.0,6a932bb5cd94452437a1bc79,Maharashtra,Maharashtra,AKOLA,AKOLA,AKOLA(DISTRICT COLLECTOR AKOLA_IDA),AKOLA(DISTRICT COLLECTOR AKOLA_IDA),Normal/Others,Normal/Others,987005.0,2025-12-09T00:00:00.000Z,2025.0,0.0,Construction of Cement Road at Karla from Aanganwadi to house of Anil Baburao Bajare,Construction of Cement Road at Karla from Aanganwadi to house of Anil Baburao Bajare,,ANUP SANJAY DHOTRE,,AKOLA,Completed,987005,2025-12-09T00:00:00.000Z,,,,,,,,,,,,Roads & Pathways,Physical Infrastructure
187543.0,6a932bb5cd94452437a1badb,Maharashtra,Maharashtra,AKOLA,AKOLA,AKOLA(DISTRICT COLLECTOR AKOLA_IDA),AKOLA(DISTRICT COLLECTOR AKOLA_IDA),Normal/Others,Normal/Others,992728.0,2025-12-04T00:00:00.000Z,2025.0,0.0,Constructionof Tar Road at Prabhag 20 from Ring road to house of Shri Dhole,Constructionof Tar Road at Prabhag 20 from Ring road to house of Shri Dhole,,ANUP SANJAY DHOTRE,,AKOLA,Completed,992728,2025-12-04T00:00:00.000Z,,,,,,,,,,,,Roads & Pathways,Physical Infrastructure
187602.0,6a932bb5cd94452437a1d617,Maharashtra,Maharashtra,MADHA,MADHA,SOLAPUR(DISTRICT COLLECTOR SOLAPUR_IDA),SOLAPUR(DISTRICT COLLECTOR SOLAPUR_IDA),Normal/Others,Normal/Others,215332.0,2026-03-04T00:00:00.000Z,2026.0,0.0,"Installation of Solar High Mast near Shri Tambda Maruti Temple, Ap. Babhulgaon,  Tal. Pandharpur, Dist. Solapur","Installation of Solar High Mast near Shri Tambda Maruti Temple, Ap. Babhulgaon,  Tal. Pandharpur, Dist. Solapur",,MOHITE PATIL DHAIRYASHEEL RAJSINH,,MADHA,Completed,215332,2026-03-04T00:00:00.000Z,,,,,,,,,,,,"Electricity, Lighting & Solar Energy",Physical Infrastructure
187604.0,6a932bb5cd94452437a1d616,Maharashtra,Maharashtra,MADHA,MADHA,SOLAPUR(DISTRICT COLLECTOR SOLAPUR_IDA),SOLAPUR(DISTRICT COLLECTOR SOLAPUR_IDA),Normal/Others,Normal/Others,215332.0,2026-03-04T00:00:00.000Z,2026.0,0.0,"Installation of Solar High Mast at Somwar Peth, near Shri ram Temple, Ap. Karkamb, Tal. Pandharpur, Dist. Solapur","Installation of Solar High Mast at Somwar Peth, near Shri ram Temple, Ap. Karkamb, Tal. Pandharpur, Dist. Solapur",,MOHITE PATIL DHAIRYASHEEL RAJSINH,,MADHA,Completed,215332,2026-03-04T00:00:00.000Z,,,,,,,,,,,,"Electricity, Lighting & Solar Energy",Physical Infrastructure
187606.0,6a932bb5cd94452437a1d593,Maharashtra,Maharashtra,MADHA,MADHA,SOLAPUR(DISTRICT COLLECTOR SOLAPUR_IDA),SOLAPUR(DISTRICT COLLECTOR SOLAPUR_IDA),Normal/Others,Normal/Others,215332.0,2026-02-28T00:00:00.000Z,2026.0,0.0,"Installation of Solar High Mast near Dattu Hanumant Shinde House, Ap. Kanhapuri Tal. Pandharpur, Dist. Solapur","Installation of Solar High Mast near Dattu Hanumant Shinde House, Ap. Kanhapuri Tal. Pandharpur, Dist. Solapur",,MOHITE PATIL DHAIRYASHEEL RAJSINH,,MADHA,Completed,215332,2026-02-28T00:00:00.000Z,,,,,,,,,,,,"Electricity, Lighting & Solar Energy",Physical Infrastructure
187645.0,6a932bb5cd94452437a1d6c2,Maharashtra,Maharashtra,MAVAL,MAVAL,PUNE(DISTRICT COLLECTOR PUNE_IDA),PUNE(DISTRICT COLLECTOR PUNE_IDA),Normal/Others,Normal/Others,1000000.0,2026-03-06T00:00:00.000Z,2026.0,0.0,Construct a Road At Thergaon Ward 23 sandip Nagar near ashvini Mini Market In PCMC,Construct a Road At Thergaon Ward 23 sandip Nagar near ashvini Mini Market In PCMC,,Shrirang Appa Barne,,MAVAL,Completed,1000000,2026-03-06T00:00:00.000Z,,,,,,,,,,,,Roads & Pathways,Physical Infrastructure
187994.0,6a932bb5cd94452437a1d177,Maharashtra,Maharashtra,MAVAL,MAVAL,RAIGAD(DISTRICT COLLECTOR RAIGAD_IDA),RAIGAD(DISTRICT COLLECTOR RAIGAD_IDA),Normal/Others,Normal/Others,1498219.0,2026-02-27T00:00:00.000Z,2026.0,0.0,Construction Of Raod At Chiple Tal Panvel Dist Raigad Between Bhokarpada To Devad  Jod Rasta,Construction Of Raod At Chiple Tal Panvel Dist Raigad Between Bhokarpada To Devad  Jod Rasta,,Shrirang Appa Barne,,MAVAL,Completed,1498219,2026-02-27T00:00:00.000Z,,,,,,,,,,,,Other Civil & Development Works,General Development & Maintenance
188284.0,6a932bb5cd94452437a1ca46,Maharashtra,Maharashtra,DINDORI,DINDORI,NASHIK(DISTRICT COLLECTOR NASHIK_IDA),NASHIK(DISTRICT COLLECTOR NASHIK_IDA),Normal/Others,Normal/Others,698000.0,2026-01-27T00:00:00.000Z,2026.0,0.0,"Construction of a cemetery at Thavilpada, Surgana, Chikadi, Mouje (ST) (No. 418))","Construction of a cemetery at Thavilpada, Surgana, Chikadi, Mouje (ST) (No. 418))",,BHASKAR MURLIDHAR BHAGARE,,DINDORI,Completed,698000,2026-01-27T00:00:00.000Z,,,,,,,,,,,,Other Civil & Development Works,General Development & Maintenance
188292.0,6a932bb5cd94452437a1baeb,Maharashtra,Maharashtra,DINDORI,DINDORI,NASHIK(DISTRICT COLLECTOR NASHIK_IDA),NASHIK(DISTRICT COLLECTOR NASHIK_IDA),Normal/Others,Normal/Others,998000.0,2025-12-08T00:00:00.000Z,2025.0,0.0,Construction of a meeting hall at Donwada. Tal. Peth Dist. Nashik (Property No. 353),Construction of a meeting hall at Donwada. Tal. Peth Dist. Nashik (Property No. 353),,BHASKAR MURLIDHAR BHAGARE,,DINDORI,Completed,998000,2025-12-08T00:00:00.000Z,,,,,,,,,,,,Community Centers & Halls,Social Infrastructure
188300.0,6a932bb5cd94452437a1be63,Maharashtra,Maharashtra,DINDORI,DINDORI,NASHIK(DISTRICT COLLECTOR NASHIK_IDA),NASHIK(DISTRICT COLLECTOR NASHIK_IDA),Repair and Renovation,Repair and Renovation,990001.0,2025-12-16T00:00:00.000Z,2025.0,0.0,"Construction of a meeting hall in front of Maruti Temple at Palkhed (Mirchi). Taluka Niphad, Dist. Nashik (Property No. 415)","Construction of a meeting hall in front of Maruti Temple at Palkhed (Mirchi). Taluka Niphad, Dist. Nashik (Property No. 415)",,BHASKAR MURLIDHAR BHAGARE,,DINDORI,Completed,990001,2025-12-16T00:00:00.000Z,,,,,,,,,,,,Community Centers & Halls,Social Infrastructure
188310.0,6a932bb5cd94452437a1cc64,Maharashtra,Maharashtra,DINDORI,DINDORI,NASHIK(DISTRICT COLLECTOR NASHIK_IDA),NASHIK(DISTRICT COLLECTOR NASHIK_IDA),Normal/Others,Normal/Others,800000.0,2026-02-02T00:00:00.000Z,2026.0,0.0,"Construction of a cemetery at Narayangaon, Malegaon (A) Taluka Nandgaon. (Group No. and Sub-Division 99)","Construction of a cemetery at Narayangaon, Malegaon (A) Taluka Nandgaon. (Group No. and Sub-Division 99)",,BHASKAR MURLIDHAR BHAGARE,,DINDORI,Completed,800000,2026-02-02T00:00:00.000Z,,,,,,,,,,,,Other Civil & Development Works,General Development & Maintenance
188318.0,6a932bb5cd94452437a1badc,Maharashtra,Maharashtra,DINDORI,DINDORI,NASHIK(DISTRICT COLLECTOR NASHIK_IDA),NASHIK(DISTRICT COLLECTOR NASHIK_IDA),Normal/Others,Normal/Others,499000.0,2025-12-08T00:00:00.000Z,2025.0,0.0,To carry out furniture and other ancillary works of Pade Gram Panchayat Office. Taluka Dindori District Nashik (M.No. 718),To carry out furniture and other ancillary works of Pade Gram Panchayat Office. Taluka Dindori District Nashik (M.No. 718),,BHASKAR MURLIDHAR BHAGARE,,DINDORI,Completed,499000,2025-12-08T00:00:00.000Z,,,,,,,,,,,,Other Civil & Development Works,General Development & Maintenance
188369.0,6a932bb5cd94452437a1bb46,Maharashtra,Maharashtra,NASHIK,NASHIK,NASHIK(DISTRICT COLLECTOR NASHIK_IDA),NASHIK(DISTRICT COLLECTOR NASHIK_IDA),Normal/Others,Normal/Others,989500.0,2025-12-05T00:00:00.000Z,2025.0,0.0,"Concreting of road at Ward No. 4, Sansari. T.D. Nashik","Concreting of road at Ward No. 4, Sansari. T.D. Nashik",,RAJABHAU,,NASHIK,Completed,989500,2025-12-05T00:00:00.000Z,,,,,,,,,,,,Roads & Pathways,Physical Infrastructure
188373.0,6a932bb5cd94452437a1c1d6,Maharashtra,Maharashtra,NASHIK,NASHIK,NASHIK(DISTRICT COLLECTOR NASHIK_IDA),NASHIK(DISTRICT COLLECTOR NASHIK_IDA),Normal/Others,Normal/Others,988000.0,2025-12-30T00:00:00.000Z,2025.0,0.0,"Construction of a social hall at Annabhau Sathe Nagar, Gonde, Sinnar.","Construction of a social hall at Annabhau Sathe Nagar, Gonde, Sinnar.",,RAJABHAU,,NASHIK,Completed,988000,2025-12-30T00:00:00.000Z,,,,,,,,,,,,Community Centers & Halls,Social Infrastructure
188377.0,6a932bb5cd94452437a1ba98,Maharashtra,Maharashtra,NASHIK,NASHIK,NASHIK(DISTRICT COLLECTOR NASHIK_IDA),NASHIK(DISTRICT COLLECTOR NASHIK_IDA),Normal/Others,Normal/Others,990000.0,2025-12-04T00:00:00.000Z,2025.0,0.0,"Construction of a meeting hall in the tribal settlement of Ashok Nagar, Dhamangaon Taluka Igatpuri District Nashik Property No 1024","Construction of a meeting hall in the tribal settlement of Ashok Nagar, Dhamangaon Taluka Igatpuri District Nashik Property No 1024",,RAJABHAU,,NASHIK,Completed,990000,2025-12-04T00:00:00.000Z,,,,,,,,,,,,Community Centers & Halls,Social Infrastructure
188380.0,6a932bb5cd94452437a1abe2,Maharashtra,Maharashtra,NASHIK,NASHIK,NASHIK(DISTRICT COLLECTOR NASHIK_IDA),NASHIK(DISTRICT COLLECTOR NASHIK_IDA),Normal/Others,Normal/Others,995092.0,2025-10-10T00:00:00.000Z,2025.0,0.0,Developing the school ground of the grain market in M.N.P. Ward No. 13. T.D. Nashik,Developing the school ground of the grain market in M.N.P. Ward No. 13. T.D. Nashik,,RAJABHAU,,NASHIK,Completed,995092,2025-10-10T00:00:00.000Z,,,,,,,,,,,,Education & School Infrastructure,Social Infrastructure
188385.0,6a932bb5cd94452437a1a050,Maharashtra,Maharashtra,NASHIK,NASHIK,NASHIK(DISTRICT COLLECTOR NASHIK_IDA),NASHIK(DISTRICT COLLECTOR NASHIK_IDA),Normal/Others,Normal/Others,988000.0,2025-09-11T00:00:00.000Z,2025.0,0.0,Construction of Mori on Dodi B. to Datli road. Tal. Sinnar Dist. Nashik,Construction of Mori on Dodi B. to Datli road. Tal. Sinnar Dist. Nashik,,RAJABHAU,,NASHIK,Completed,988000,2025-09-11T00:00:00.000Z,,,,,,,,,,,,Roads & Pathways,Physical Infrastructure
188390.0,6a932bb5cd94452437a1b280,Maharashtra,Maharashtra,NASHIK,NASHIK,NASHIK(DISTRICT COLLECTOR NASHIK_IDA),NASHIK(DISTRICT COLLECTOR NASHIK_IDA),Normal/Others,Normal/Others,989000.0,2025-11-04T00:00:00.000Z,2025.0,0.0,Construction of protective wall in Swami Samarth Kendra area at Vadner Taluka Nashik  Survey number and subdivision 1 1 A,Construction of protective wall in Swami Samarth Kendra area at Vadner Taluka Nashik  Survey number and subdivision 1 1 A,,RAJABHAU,,NASHIK,Completed,989000,2025-11-04T00:00:00.000Z,,,,,,,,,,,,Other Civil & Development Works,General Development & Maintenance
188392.0,6a932bb5cd94452437a1e171,Maharashtra,Maharashtra,NASHIK,NASHIK,NASHIK(DISTRICT COLLECTOR NASHIK_IDA),NASHIK(DISTRICT COLLECTOR NASHIK_IDA),Normal/Others,Normal/Others,2788673.0,2026-04-30T00:00:00.000Z,2026.0,0.0,Construction of a meeting hall in Nehru Chowk area within Sinnar Municipal Council limits,Construction of a meeting hall in Nehru Chowk area within Sinnar Municipal Council limits,,RAJABHAU,,NASHIK,Completed,2788673,2026-04-30T00:00:00.000Z,,,,,,,,,,,,Community Centers & Halls,Social Infrastructure
188398.0,6a932bb5cd94452437a1c10b,Maharashtra,Maharashtra,NASHIK,NASHIK,NASHIK(DISTRICT COLLECTOR NASHIK_IDA),NASHIK(DISTRICT COLLECTOR NASHIK_IDA),Normal/Others,Normal/Others,986993.0,2026-01-21T00:00:00.000Z,2026.0,0.0,Construction of a sluice gate at Jadhav Vasti in Sonari Village Sinnar Taluka,Construction of a sluice gate at Jadhav Vasti in Sonari Village Sinnar Taluka,,RAJABHAU,,NASHIK,Completed,986993,2026-01-21T00:00:00.000Z,,,,,,,,,,,,Other Civil & Development Works,General Development & Maintenance
188400.0,6a932bb5cd94452437a1ca69,Maharashtra,Maharashtra,NASHIK,NASHIK,NASHIK(DISTRICT COLLECTOR NASHIK_IDA),NASHIK(DISTRICT COLLECTOR NASHIK_IDA),Normal/Others,Normal/Others,751178.0,2026-01-27T00:00:00.000Z,2026.0,0.0,Concreting the road at  Takeghoti  Igatpuri Taluka,Concreting the road at  Takeghoti  Igatpuri Taluka,,RAJABHAU,,NASHIK,Completed,751178,2026-01-27T00:00:00.000Z,,,,,,,,,,,,Roads & Pathways,Physical Infrastructure
188405.0,6a932bb5cd94452437a1b90a,Maharashtra,Maharashtra,NASHIK,NASHIK,NASHIK(DISTRICT COLLECTOR NASHIK_IDA),NASHIK(DISTRICT COLLECTOR NASHIK_IDA),Normal/Others,Normal/Others,985764.0,2025-11-26T00:00:00.000Z,2025.0,0.0,Concreting of road under Shevgedang (Phanswadi). Taluka Igatpuri Dist. Nashik,Concreting of road under Shevgedang (Phanswadi). Taluka Igatpuri Dist. Nashik,,RAJABHAU,,NASHIK,Completed,985764,2025-11-26T00:00:00.000Z,,,,,,,,,,,,Roads & Pathways,Physical Infrastructure
188445.0,6a932bb5cd94452437a1c5be,Maharashtra,Maharashtra,DINDORI,DINDORI,NASHIK(DISTRICT COLLECTOR NASHIK_IDA),NASHIK(DISTRICT COLLECTOR NASHIK_IDA),Normal/Others,Normal/Others,999000.0,2026-01-08T00:00:00.000Z,2026.0,0.0,Improvement of road toward crematorium way at Pimpalnare Tal Dindori Dist Nashik,Improvement of road toward crematorium way at Pimpalnare Tal Dindori Dist Nashik,,BHASKAR MURLIDHAR BHAGARE,,DINDORI,Completed,999000,2026-01-08T00:00:00.000Z,,,,,,,,,,,,Roads & Pathways,Physical Infrastructure
188589.0,6a932bb5cd94452437a1d21d,Maharashtra,Maharashtra,AMRAVATI,AMRAVATI,AMRAVATI(DISTRICT COLLECTOR AMRAVATI_IDA),AMRAVATI(DISTRICT COLLECTOR AMRAVATI_IDA),Normal/Others,Normal/Others,961000.0,2026-02-18T00:00:00.000Z,2026.0,0.0,"Construction of a  Wall compound at Gram Panchayat sawali datura , kheltapmali , sanchit vihar  Taluka achalpur","Construction of a  Wall compound at Gram Panchayat sawali datura , kheltapmali , sanchit vihar  Taluka achalpur",,BALWANT BASWANT WANKHADE,,AMRAVATI,Completed,961000,2026-02-18T00:00:00.000Z,,,,,,,,,,,,Other Civil & Development Works,General Development & Maintenance
188592.0,6a932bb5cd94452437a1e02a,Maharashtra,Maharashtra,AMRAVATI,AMRAVATI,AMRAVATI(DISTRICT COLLECTOR AMRAVATI_IDA),AMRAVATI(DISTRICT COLLECTOR AMRAVATI_IDA),Normal/Others,Normal/Others,2872795.0,2026-04-12T00:00:00.000Z,2026.0,0.0,"construction of road towards mahanubhav smashanbhumi from bus stop tondgaon , at tondgaon ta chandur bajar","construction of road towards mahanubhav smashanbhumi from bus stop tondgaon , at tondgaon ta chandur bajar",,BALWANT BASWANT WANKHADE,,AMRAVATI,Completed,2872795,2026-04-12T00:00:00.000Z,,,,,,,,,,,,Roads & Pathways,Physical Infrastructure
189536.0,6a932bb5cd94452437a1d176,Maharashtra,Maharashtra,HINGOLI,HINGOLI,YAVATMAL(DISTRICT COLLECTOR YAVATMAL_IDA),YAVATMAL(DISTRICT COLLECTOR YAVATMAL_IDA),Normal/Others,Normal/Others,991576.0,2026-02-16T00:00:00.000Z,2026.0,0.0,Construction of Sabhamandap At Wanegaon Tq. Umarkhed Dist Nanded,Construction of Sabhamandap At Wanegaon Tq. Umarkhed Dist Nanded,,AASHTIKAR PATIL NAGESH BAPURAO,,HINGOLI,Completed,991576,2026-02-16T00:00:00.000Z,,,,,,,,,,,,Other Civil & Development Works,General Development & Maintenance
189855.0,6a932bb5cd94452437a1c5d8,Maharashtra,Maharashtra,SANGLI,SANGLI,SANGLI(DISTRICT COLLECTOR SANGLI_IDA),SANGLI(DISTRICT COLLECTOR SANGLI_IDA),Normal/Others,Normal/Others,991237.0,2026-01-08T00:00:00.000Z,2026.0,0.0,Construction of road from waghmode vasti to kamat boundary,Construction of road from waghmode vasti to kamat boundary,,VISHAL,,SANGLI,Completed,991237,2026-01-08T00:00:00.000Z,,,,,,,,,,,,Roads & Pathways,Physical Infrastructure
190401.0,6a932bb5cd94452437a1db8e,Maharashtra,Maharashtra,HINGOLI,HINGOLI,HINGOLI(DISTRICT COLLECTOR HINGOLI_IDA),HINGOLI(DISTRICT COLLECTOR HINGOLI_IDA),Normal/Others,Normal/Others,2798862.0,2026-03-23T00:00:00.000Z,2026.0,0.0,Construction of Cement Road and Drainage System from Amarnath Traders Nanded - Hingoli Road to Bypass Road At. Aakhada Balapur Tq. Kalamnuri Dist. Hingoli,Construction of Cement Road and Drainage System from Amarnath Traders Nanded - Hingoli Road to Bypass Road At. Aakhada Balapur Tq. Kalamnuri Dist. Hingoli,,AASHTIKAR PATIL NAGESH BAPURAO,,HINGOLI,Completed,2798862,2026-03-23T00:00:00.000Z,,,,,,,,,,,,Roads & Pathways,Physical Infrastructure
190403.0,6a932bb5cd94452437a1c123,Maharashtra,Maharashtra,HINGOLI,HINGOLI,NANDED(DISTRICT COLLECTOR NANDED_IDA),NANDED(DISTRICT COLLECTOR NANDED_IDA),Normal/Others,Normal/Others,992440.0,2025-12-23T00:00:00.000Z,2025.0,0.0,Construction of Cement Concrete Road from Shaikh Ahmad Home to Pundlik Pate Home At Chinchgavhan Tq. Hadgaon Dist Nanded,Construction of Cement Concrete Road from Shaikh Ahmad Home to Pundlik Pate Home At Chinchgavhan Tq. Hadgaon Dist Nanded,,AASHTIKAR PATIL NAGESH BAPURAO,,HINGOLI,Completed,992440,2025-12-23T00:00:00.000Z,,,,,,,,,,,,Roads & Pathways,Physical Infrastructure
191833.0,6a932bb5cd94452437a1a918,Maharashtra,Maharashtra,RATNAGIRI-SINDHUDURG,RATNAGIRI-SINDHUDURG,SINDHUDURG(DISTRICT COLLECTOR SINDHUDURG_IDA),SINDHUDURG(DISTRICT COLLECTOR SINDHUDURG_IDA),Normal/Others,Normal/Others,999686.0,2026-08-10T00:00:00.000Z,2026.0,0.0,Construction of Sewerage at Vagde Bauddhwadi Saipark Colony ( SC ) FY 2024-25,Construction of Sewerage at Vagde Bauddhwadi Saipark Colony ( SC ) FY 2024-25,,NARAYAN TATU RANE,,RATNAGIRI-SINDHUDURG,Completed,999686,2026-08-10T00:00:00.000Z,,,,,,,,,,,,Other Civil & Development Works,General Development & Maintenance
192284.0,6a932bb5cd94452437a1ba68,Maharashtra,Maharashtra,BHIWANDI,BHIWANDI,THANE(DISTRICT COLLECTOR THANE_IDA),THANE(DISTRICT COLLECTOR THANE_IDA),Normal/Others,Normal/Others,1463606.0,2026-01-30T00:00:00.000Z,2026.0,0.0,"PAVER BLOCK AND FOOTHPATHS WORKS AT AKSHACHE ALUNR SCHOOL, MILLATNAGAR, WARD NO.2","PAVER BLOCK AND FOOTHPATHS WORKS AT AKSHACHE ALUNR SCHOOL, MILLATNAGAR, WARD NO.2",,BALYA MAMA SURESH GOPINATH MHATRE,,BHIWANDI,Completed,1463606,2026-01-30T00:00:00.000Z,,,,,,,,,,,,Roads & Pathways,Physical Infrastructure
192299.0,6a932bb5cd94452437a1b367,Maharashtra,Maharashtra,BHIWANDI,BHIWANDI,THANE(DISTRICT COLLECTOR THANE_IDA),THANE(DISTRICT COLLECTOR THANE_IDA),Normal/Others,Normal/Others,999000.0,2026-02-04T00:00:00.000Z,2026.0,0.0,"Construction of Paver Block at Dada Saheb Dandekar Highschool Back side, Ward No.9, Bhiwandi","Construction of Paver Block at Dada Saheb Dandekar Highschool Back side, Ward No.9, Bhiwandi",,BALYA MAMA SURESH GOPINATH MHATRE,,BHIWANDI,Completed,999000,2026-02-04T00:00:00.000Z,,,,,,,,,,,,Roads & Pathways,Physical Infrastructure
192629.0,6a932bb5cd94452437a1d989,Maharashtra,Maharashtra,AURANGABAD,AURANGABAD,Chhatrapati Sambhajinagar(DISTRICT COLLECTOR AURANGABAD_IDA),Chhatrapati Sambhajinagar(DISTRICT COLLECTOR AURANGABAD_IDA),Normal/Others,Normal/Others,1972562.0,2026-03-16T00:00:00.000Z,2026.0,0.0,Nagar Parishad Ward No 11 Vittal Nagar Community Halls,Nagar Parishad Ward No 11 Vittal Nagar Community Halls,,BHUMARE SANDIPANRAO ASARAM,,AURANGABAD,Completed,1972562,2026-03-16T00:00:00.000Z,,,,,,,,,,,,Community Centers & Halls,Social Infrastructure
192641.0,6a932bb5cd94452437a1a8ae,Maharashtra,Maharashtra,AURANGABAD,AURANGABAD,Chhatrapati Sambhajinagar(DISTRICT COLLECTOR AURANGABAD_IDA),Chhatrapati Sambhajinagar(DISTRICT COLLECTOR AURANGABAD_IDA),Normal/Others,Normal/Others,994542.0,2025-10-03T00:00:00.000Z,2025.0,0.0,SHIRASGAON TQ KANNAD GUT NO 163 CONSTRUCTION OF COMMUNITY HALLS,SHIRASGAON TQ KANNAD GUT NO 163 CONSTRUCTION OF COMMUNITY HALLS,,BHUMARE SANDIPANRAO ASARAM,,AURANGABAD,Completed,994542,2025-10-03T00:00:00.000Z,,,,,,,,,,,,Community Centers & Halls,Social Infrastructure
193064.0,6a932bb5cd94452437a1e0bd,Maharashtra,Maharashtra,OSMANABAD,OSMANABAD,Dharashiv(DISTRICT COLLECTOR OSMANABAD_IDA),Dharashiv(DISTRICT COLLECTOR OSMANABAD_IDA),Normal/Others,Normal/Others,995271.0,2026-04-17T00:00:00.000Z,2026.0,0.0,Construction of cement road from Anil More house to Crematoriums on public space at Bijanwadi block Tuljapur dist. Dharashiv.,Construction of cement road from Anil More house to Crematoriums on public space at Bijanwadi block Tuljapur dist. Dharashiv.,,Omprakash Bhupalsinh Alias Pawan Rajenimbalkar,,OSMANABAD,Completed,995271,2026-04-17T00:00:00.000Z,,,,,,,,,,,,Roads & Pathways,Physical Infrastructure
193132.0,6a932bb5cd94452437a1a1a7,Maharashtra,Maharashtra,AURANGABAD,AURANGABAD,Chhatrapati Sambhajinagar(DISTRICT COLLECTOR AURANGABAD_IDA),Chhatrapati Sambhajinagar(DISTRICT COLLECTOR AURANGABAD_IDA),Normal/Others,Normal/Others,992820.0,2025-09-12T00:00:00.000Z,2025.0,0.0,JALGAONGHAT KANNAD VAIJAPUR RAOD TO RAJPUT WASTI CONSTRUCTION OF ROAD,JALGAONGHAT KANNAD VAIJAPUR RAOD TO RAJPUT WASTI CONSTRUCTION OF ROAD,,BHUMARE SANDIPANRAO ASARAM,,AURANGABAD,Completed,992820,2025-09-12T00:00:00.000Z,,,,,,,,,,,,Roads & Pathways,Physical Infrastructure
193579.0,6a932bb5cd94452437a1ae9c,Maharashtra,Maharashtra,AURANGABAD,AURANGABAD,Chhatrapati Sambhajinagar(DISTRICT COLLECTOR AURANGABAD_IDA),Chhatrapati Sambhajinagar(DISTRICT COLLECTOR AURANGABAD_IDA),Normal/Others,Normal/Others,1997882.0,2025-10-17T00:00:00.000Z,2025.0,0.0,Nagar Parishad Ward No 4 Jakhamatha Construction Of Community Halls,Nagar Parishad Ward No 4 Jakhamatha Construction Of Community Halls,,BHUMARE SANDIPANRAO ASARAM,,AURANGABAD,Completed,1997882,2025-10-17T00:00:00.000Z,,,,,,,,,,,,Community Centers & Halls,Social Infrastructure
193720.0,6a932bb5cd94452437a1c8be,Maharashtra,Maharashtra,HINGOLI,HINGOLI,NANDED(DISTRICT COLLECTOR NANDED_IDA),NANDED(DISTRICT COLLECTOR NANDED_IDA),Normal/Others,Normal/Others,495040.0,2026-01-19T00:00:00.000Z,2026.0,0.0,Construction of Cement Concrete Road and Drainage in Shetewadi (Group Grampanchayat) At. Ashti Tq. Hadgaon Dist Nanded.,Construction of Cement Concrete Road and Drainage in Shetewadi (Group Grampanchayat) At. Ashti Tq. Hadgaon Dist Nanded.,,AASHTIKAR PATIL NAGESH BAPURAO,,HINGOLI,Completed,495040,2026-01-19T00:00:00.000Z,,,,,,,,,,,,Roads & Pathways,Physical Infrastructure
194085.0,6a932bb5cd94452437a1db0b,Maharashtra,Maharashtra,AMRAVATI,AMRAVATI,AMRAVATI(DISTRICT COLLECTOR AMRAVATI_IDA),AMRAVATI(DISTRICT COLLECTOR AMRAVATI_IDA),Trust and Society,Trust and Society,1000000.0,2026-03-21T00:00:00.000Z,2026.0,0.0,"Installation of paving blocks at Agricultural Science Branch, Ruler Institute, Panchavati, Amravati, run by Shri Shivaji Educational Institution.","Installation of paving blocks at Agricultural Science Branch, Ruler Institute, Panchavati, Amravati, run by Shri Shivaji Educational Institution.",,BALWANT BASWANT WANKHADE,,AMRAVATI,Completed,1000000,2026-03-21T00:00:00.000Z,,,,,,,,,,,,Other Civil & Development Works,General Development & Maintenance
194151.0,6a932bb5cd94452437a1d0c9,Maharashtra,Maharashtra,AURANGABAD,AURANGABAD,Chhatrapati Sambhajinagar(DISTRICT COLLECTOR AURANGABAD_IDA),Chhatrapati Sambhajinagar(DISTRICT COLLECTOR AURANGABAD_IDA),Normal/Others,Normal/Others,1989626.0,2026-02-13T00:00:00.000Z,2026.0,0.0,DHONGAON TQ KANNAD CONSTRUCTION OF COMMUNITY HALLS,DHONGAON TQ KANNAD CONSTRUCTION OF COMMUNITY HALLS,,BHUMARE SANDIPANRAO ASARAM,,AURANGABAD,Completed,1989626,2026-02-13T00:00:00.000Z,,,,,,,,,,,,Community Centers & Halls,Social Infrastructure
194549.0,6a932bb5cd94452437a1cffc,Maharashtra,Maharashtra,MAVAL,MAVAL,PUNE(DISTRICT COLLECTOR PUNE_IDA),PUNE(DISTRICT COLLECTOR PUNE_IDA),Normal/Others,Normal/Others,991771.0,2026-02-11T00:00:00.000Z,2026.0,0.0,Construction A Road At Adhale Kh Tal Maval Dist pune Between Chandkhed Main Road To Jagdale Vasti,Construction A Road At Adhale Kh Tal Maval Dist pune Between Chandkhed Main Road To Jagdale Vasti,,Shrirang Appa Barne,,MAVAL,Completed,991771,2026-02-11T00:00:00.000Z,,,,,,,,,,,,Roads & Pathways,Physical Infrastructure
194800.0,6a932bb5cd94452437a1bb4c,Maharashtra,Maharashtra,AKOLA,AKOLA,AKOLA(DISTRICT COLLECTOR AKOLA_IDA),AKOLA(DISTRICT COLLECTOR AKOLA_IDA),Normal/Others,Normal/Others,873496.0,2025-12-05T00:00:00.000Z,2025.0,0.0,Construction of Cement Road at Malsur from house of Sanjay Gaikwad to Gajanan Sampat Pande under Scheduled Tribes category,Construction of Cement Road at Malsur from house of Sanjay Gaikwad to Gajanan Sampat Pande under Scheduled Tribes category,,ANUP SANJAY DHOTRE,,AKOLA,Completed,873496,2025-12-05T00:00:00.000Z,,,,,,,,,,,,Roads & Pathways,Physical Infrastructure
194802.0,6a932bb5cd94452437a1bb4f,Maharashtra,Maharashtra,AKOLA,AKOLA,AKOLA(DISTRICT COLLECTOR AKOLA_IDA),AKOLA(DISTRICT COLLECTOR AKOLA_IDA),Normal/Others,Normal/Others,950000.0,2025-12-05T00:00:00.000Z,2025.0,0.0,Construction of Cement Road at Gondhalwadi under Scheduled Tribe category from the house of Ulhas Bhokare to Rangnath Dhandhare,Construction of Cement Road at Gondhalwadi under Scheduled Tribe category from the house of Ulhas Bhokare to Rangnath Dhandhare,,ANUP SANJAY DHOTRE,,AKOLA,Completed,950000,2025-12-05T00:00:00.000Z,,,,,,,,,,,,Roads & Pathways,Physical Infrastructure
194804.0,6a932bb5cd94452437a1ca03,Maharashtra,Maharashtra,AKOLA,AKOLA,AKOLA(DISTRICT COLLECTOR AKOLA_IDA),AKOLA(DISTRICT COLLECTOR AKOLA_IDA),Normal/Others,Normal/Others,994261.0,2026-01-23T00:00:00.000Z,2026.0,0.0,Construction of Tar Road at Prabhag 20 Sainath Colony  under Scheduled Caste category from house of Borkar to Gawai to Khandare,Construction of Tar Road at Prabhag 20 Sainath Colony  under Scheduled Caste category from house of Borkar to Gawai to Khandare,,ANUP SANJAY DHOTRE,,AKOLA,Completed,994261,2026-01-23T00:00:00.000Z,,,,,,,,,,,,Roads & Pathways,Physical Infrastructure
194806.0,6a932bb5cd94452437a1c2f5,Maharashtra,Maharashtra,AKOLA,AKOLA,AKOLA(DISTRICT COLLECTOR AKOLA_IDA),AKOLA(DISTRICT COLLECTOR AKOLA_IDA),Normal/Others,Normal/Others,972138.0,2025-12-30T00:00:00.000Z,2025.0,0.0,Construction of Tar Road at Prabhag 19 Post Colony from house of Subhash Tayade to Sajan Sonone to Ahir under Scheduled caste category,Construction of Tar Road at Prabhag 19 Post Colony from house of Subhash Tayade to Sajan Sonone to Ahir under Scheduled caste category,,ANUP SANJAY DHOTRE,,AKOLA,Completed,972138,2025-12-30T00:00:00.000Z,,,,,,,,,,,,Roads & Pathways,Physical Infrastructure
195300.0,6a932bb5cd94452437a1e12b,Maharashtra,Maharashtra,WARDHA,WARDHA,WARDHA(DISTRICT COLLECTOR WARDHA_IDA),WARDHA(DISTRICT COLLECTOR WARDHA_IDA),Normal/Others,Normal/Others,491863.0,2026-04-20T00:00:00.000Z,2026.0,0.0,"Construction of underground drain From Sonegaon Primary School to Mr. Fakir Chand Diwase house at Mouja Ekarjun Taluka Karanja Gha, District Wardha","Construction of underground drain From Sonegaon Primary School to Mr. Fakir Chand Diwase house at Mouja Ekarjun Taluka Karanja Gha, District Wardha",,AMAR SHARADRAO KALE,,WARDHA,Completed,491863,2026-04-20T00:00:00.000Z,,,,,,,,,,,,Roads & Pathways,Physical Infrastructure
196296.0,6a932bb5cd94452437a1ac32,Maharashtra,Maharashtra,MAVAL,MAVAL,PUNE(DISTRICT COLLECTOR PUNE_IDA),PUNE(DISTRICT COLLECTOR PUNE_IDA),Normal/Others,Normal/Others,600000.0,2025-10-11T00:00:00.000Z,2025.0,0.0,Fixing A Solar High Mast Lamp In mohitewadi And Bramhnawadi At Sate Grampanchayt Tal Maval Dist Pune,Fixing A Solar High Mast Lamp In mohitewadi And Bramhnawadi At Sate Grampanchayt Tal Maval Dist Pune,,Shrirang Appa Barne,,MAVAL,Completed,600000,2025-10-11T00:00:00.000Z,,,,,,,,,,,,"Electricity, Lighting & Solar Energy",Physical Infrastructure
196299.0,6a932bb5cd94452437a1ac30,Maharashtra,Maharashtra,MAVAL,MAVAL,PUNE(DISTRICT COLLECTOR PUNE_IDA),PUNE(DISTRICT COLLECTOR PUNE_IDA),Normal/Others,Normal/Others,300000.0,2025-10-11T00:00:00.000Z,2025.0,0.0,Fixing A Solar High Mast Lamp In Javan 3 Umabarkar tupe vasti  At Ajivali Grampanchayt Tal Maval Dist Pune,Fixing A Solar High Mast Lamp In Javan 3 Umabarkar tupe vasti  At Ajivali Grampanchayt Tal Maval Dist Pune,,Shrirang Appa Barne,,MAVAL,Completed,300000,2025-10-11T00:00:00.000Z,,,,,,,,,,,,"Electricity, Lighting & Solar Energy",Physical Infrastructure
196302.0,6a932bb5cd94452437a1ac2d,Maharashtra,Maharashtra,MAVAL,MAVAL,PUNE(DISTRICT COLLECTOR PUNE_IDA),PUNE(DISTRICT COLLECTOR PUNE_IDA),Normal/Others,Normal/Others,300000.0,2025-10-11T00:00:00.000Z,2025.0,0.0,Fixing A Solar High Mast Lamp In Swami Samarth Nagar  AtTakve Bk Grampanchayt Tal Maval Dist Pune,Fixing A Solar High Mast Lamp In Swami Samarth Nagar  AtTakve Bk Grampanchayt Tal Maval Dist Pune,,Shrirang Appa Barne,,MAVAL,Completed,300000,2025-10-11T00:00:00.000Z,,,,,,,,,,,,"Electricity, Lighting & Solar Energy",Physical Infrastructure
196305.0,6a932bb5cd94452437a1ac26,Maharashtra,Maharashtra,MAVAL,MAVAL,PUNE(DISTRICT COLLECTOR PUNE_IDA),PUNE(DISTRICT COLLECTOR PUNE_IDA),Normal/Others,Normal/Others,600000.0,2025-10-10T00:00:00.000Z,2025.0,0.0,Fixing A Solar High Mast Lamp In Chandekar Wadi And Ghotkule Vadi  At Adhale Kh Grampanchayt Tal Maval Dist Pune,Fixing A Solar High Mast Lamp In Chandekar Wadi And Ghotkule Vadi  At Adhale Kh Grampanchayt Tal Maval Dist Pune,,Shrirang Appa Barne,,MAVAL,Completed,600000,2025-10-10T00:00:00.000Z,,,,,,,,,,,,"Electricity, Lighting & Solar Energy",Physical Infrastructure
196308.0,6a932bb5cd94452437a1ac21,Maharashtra,Maharashtra,MAVAL,MAVAL,PUNE(DISTRICT COLLECTOR PUNE_IDA),PUNE(DISTRICT COLLECTOR PUNE_IDA),Normal/Others,Normal/Others,300000.0,2025-10-10T00:00:00.000Z,2025.0,0.0,Fixing A Solar High Mast Lamp In Pimploli Road near Jadhav House  At Pachane  Grampanchayt Tal Maval Dist Pune,Fixing A Solar High Mast Lamp In Pimploli Road near Jadhav House  At Pachane  Grampanchayt Tal Maval Dist Pune,,Shrirang Appa Barne,,MAVAL,Completed,300000,2025-10-10T00:00:00.000Z,,,,,,,,,,,,Roads & Pathways,Physical Infrastructure
196312.0,6a932bb5cd94452437a1ac1e,Maharashtra,Maharashtra,MAVAL,MAVAL,PUNE(DISTRICT COLLECTOR PUNE_IDA),PUNE(DISTRICT COLLECTOR PUNE_IDA),Normal/Others,Normal/Others,600000.0,2025-10-10T00:00:00.000Z,2025.0,0.0,Fixing A  2 Solar High Mast Lamp In  At Sate Shivne Tal Maval Dist Pune,Fixing A  2 Solar High Mast Lamp In  At Sate Shivne Tal Maval Dist Pune,,Shrirang Appa Barne,,MAVAL,Completed,600000,2025-10-10T00:00:00.000Z,,,,,,,,,,,,"Electricity, Lighting & Solar Energy",Physical Infrastructure
196314.0,6a932bb5cd94452437a1ac19,Maharashtra,Maharashtra,MAVAL,MAVAL,PUNE(DISTRICT COLLECTOR PUNE_IDA),PUNE(DISTRICT COLLECTOR PUNE_IDA),Normal/Others,Normal/Others,600000.0,2025-10-10T00:00:00.000Z,2025.0,0.0,Fixing 2 Solar High Mast Lamp In  At Jambhavde  Grampanchayt Tal Maval Dist Pune,Fixing 2 Solar High Mast Lamp In  At Jambhavde  Grampanchayt Tal Maval Dist Pune,,Shrirang Appa Barne,,MAVAL,Completed,600000,2025-10-10T00:00:00.000Z,,,,,,,,,,,,"Electricity, Lighting & Solar Energy",Physical Infrastructure
197037.0,6a932bb5cd94452437a1db1d,Maharashtra,Maharashtra,AURANGABAD,AURANGABAD,Chhatrapati Sambhajinagar(DISTRICT COLLECTOR AURANGABAD_IDA),Chhatrapati Sambhajinagar(DISTRICT COLLECTOR AURANGABAD_IDA),Normal/Others,Normal/Others,998112.0,2026-03-21T00:00:00.000Z,2026.0,0.0,Domegaon Tq Gangapur Construction of Community Halls,Domegaon Tq Gangapur Construction of Community Halls,,BHUMARE SANDIPANRAO ASARAM,,AURANGABAD,Completed,998112,2026-03-21T00:00:00.000Z,,,,,,,,,,,,Community Centers & Halls,Social Infrastructure
198957.0,6a932bb5cd94452437a1c841,Maharashtra,Maharashtra,HINGOLI,HINGOLI,NANDED(DISTRICT COLLECTOR NANDED_IDA),NANDED(DISTRICT COLLECTOR NANDED_IDA),Normal/Others,Normal/Others,495904.0,2026-01-16T00:00:00.000Z,2026.0,0.0,Construction of Cement Concrete Road At Sapti TQ Hadgaon Dist Nanded.,Construction of Cement Concrete Road At Sapti TQ Hadgaon Dist Nanded.,,AASHTIKAR PATIL NAGESH BAPURAO,,HINGOLI,Completed,495904,2026-01-16T00:00:00.000Z,,,,,,,,,,,,Roads & Pathways,Physical Infrastructure
198963.0,6a932bb5cd94452437a1c733,Maharashtra,Maharashtra,HINGOLI,HINGOLI,NANDED(DISTRICT COLLECTOR NANDED_IDA),NANDED(DISTRICT COLLECTOR NANDED_IDA),Normal/Others,Normal/Others,495556.0,2026-01-16T00:00:00.000Z,2026.0,0.0,Construction of Cement Concrete Road At Sapti TQ Hadgaon Dist Nanded,Construction of Cement Concrete Road At Sapti TQ Hadgaon Dist Nanded,,AASHTIKAR PATIL NAGESH BAPURAO,,HINGOLI,Completed,495556,2026-01-16T00:00:00.000Z,,,,,,,,,,,,Roads & Pathways,Physical Infrastructure
199040.0,6a932bb5cd94452437a1d738,Maharashtra,Maharashtra,OSMANABAD,OSMANABAD,Dharashiv(DISTRICT COLLECTOR OSMANABAD_IDA),Dharashiv(DISTRICT COLLECTOR OSMANABAD_IDA),Normal/Others,Normal/Others,696803.0,2026-03-09T00:00:00.000Z,2026.0,0.0,Construction of community centre on grampanchayat open space at Dindegaon block Tuljapur dist. Dharashiv,Construction of community centre on grampanchayat open space at Dindegaon block Tuljapur dist. Dharashiv,,Omprakash Bhupalsinh Alias Pawan Rajenimbalkar,,OSMANABAD,Completed,696803,2026-03-09T00:00:00.000Z,,,,,,,,,,,,Community Centers & Halls,Social Infrastructure
199769.0,6a932bb5cd94452437a1daec,Maharashtra,Maharashtra,WARDHA,WARDHA,WARDHA(DISTRICT COLLECTOR WARDHA_IDA),WARDHA(DISTRICT COLLECTOR WARDHA_IDA),Normal/Others,Normal/Others,997936.0,2026-03-20T00:00:00.000Z,2026.0,0.0,"Construction of cement road from the Dargah  to the house of Bhaktdas Thackeray at Mauja Tembha, Hinganghat","Construction of cement road from the Dargah  to the house of Bhaktdas Thackeray at Mauja Tembha, Hinganghat",,AMAR SHARADRAO KALE,,WARDHA,Completed,997936,2026-03-20T00:00:00.000Z,,,,,,,,,,,,Roads & Pathways,Physical Infrastructure
199853.0,6a932bb5cd94452437a1dfec,Maharashtra,Maharashtra,AMRAVATI,AMRAVATI,AMRAVATI(DISTRICT COLLECTOR AMRAVATI_IDA),AMRAVATI(DISTRICT COLLECTOR AMRAVATI_IDA),Normal/Others,Normal/Others,952000.0,2026-04-10T00:00:00.000Z,2026.0,0.0,"Construction of boundy wall at ward no 6 , near idgah at shirajgaon kasaba ta. chandur bajar","Construction of boundy wall at ward no 6 , near idgah at shirajgaon kasaba ta. chandur bajar",,BALWANT BASWANT WANKHADE,,AMRAVATI,Completed,952000,2026-04-10T00:00:00.000Z,,,,,,,,,,,,Other Civil & Development Works,General Development & Maintenance
200107.0,6a932bb5cd94452437a1c9a7,Maharashtra,Maharashtra,AMRAVATI,AMRAVATI,AMRAVATI(DISTRICT COLLECTOR AMRAVATI_IDA),AMRAVATI(DISTRICT COLLECTOR AMRAVATI_IDA),Normal/Others,Normal/Others,299962.0,2026-01-22T00:00:00.000Z,2026.0,0.0,"Supply of All in One Integrated Solar Device at the playground at Ward No. 4 Jamil Colony, under Amc Amravati.","Supply of All in One Integrated Solar Device at the playground at Ward No. 4 Jamil Colony, under Amc Amravati.",,BALWANT BASWANT WANKHADE,,AMRAVATI,Completed,299962,2026-01-22T00:00:00.000Z,,,,,,,,,,,,"Electricity, Lighting & Solar Energy",Physical Infrastructure
200115.0,6a932bb5cd94452437a1a8f2,Maharashtra,Maharashtra,AMRAVATI,AMRAVATI,AMRAVATI(DISTRICT COLLECTOR AMRAVATI_IDA),AMRAVATI(DISTRICT COLLECTOR AMRAVATI_IDA),Normal/Others,Normal/Others,499860.0,2025-10-01T00:00:00.000Z,2025.0,0.0,"Providing equipment in the gym at Janak Residency, Navi Wasti Badnera.","Providing equipment in the gym at Janak Residency, Navi Wasti Badnera.",,BALWANT BASWANT WANKHADE,,AMRAVATI,Completed,499860,2025-10-01T00:00:00.000Z,,,,,,,,,,,,"Health, Sanitation & Public Hygiene",Public Health & Basic Amenities
200542.0,6a932bb5cd94452437a1b32f,Maharashtra,Maharashtra,KOLHAPUR,KOLHAPUR,KOLHAPUR(DISTRICT COLLECTOR KOLHAPUR_IDA),KOLHAPUR(DISTRICT COLLECTOR KOLHAPUR_IDA),Normal/Others,Normal/Others,1000000.0,2025-11-06T00:00:00.000Z,2025.0,0.0,Construction of cultural hall at Sonali,Construction of cultural hall at Sonali,,CHHATRAPATI SHAHU SHAHAJI,,KOLHAPUR,Completed,1000000,2025-11-06T00:00:00.000Z,,,,,,,,,,,,Community Centers & Halls,Social Infrastructure
200890.0,6a932bb5cd94452437a1e961,Maharashtra,Maharashtra,RATNAGIRI-SINDHUDURG,RATNAGIRI-SINDHUDURG,SINDHUDURG(DISTRICT COLLECTOR SINDHUDURG_IDA),SINDHUDURG(DISTRICT COLLECTOR SINDHUDURG_IDA),Normal/Others,Normal/Others,999000.0,2026-08-11T00:00:00.000Z,2026.0,0.0,Construction of causeway at Pisekamte Bouddhavadi (Backward Class Work) FY 2024-25,Construction of causeway at Pisekamte Bouddhavadi (Backward Class Work) FY 2024-25,,NARAYAN TATU RANE,,RATNAGIRI-SINDHUDURG,Completed,999000,2026-08-11T00:00:00.000Z,,,,,,,,,,,,Other Civil & Development Works,General Development & Maintenance
200936.0,6a932bb5cd94452437a1d637,Maharashtra,Maharashtra,AMRAVATI,AMRAVATI,AMRAVATI(DISTRICT COLLECTOR AMRAVATI_IDA),AMRAVATI(DISTRICT COLLECTOR AMRAVATI_IDA),Normal/Others,Normal/Others,985762.0,2026-03-04T00:00:00.000Z,2026.0,0.0,"construction of road towards holyycross home for babies at camp area , amravati","construction of road towards holyycross home for babies at camp area , amravati",,BALWANT BASWANT WANKHADE,,AMRAVATI,Completed,985762,2026-03-04T00:00:00.000Z,,,,,,,,,,,,Roads & Pathways,Physical Infrastructure
201963.0,6a932bb5cd94452437a1e261,Maharashtra,Maharashtra,OSMANABAD,OSMANABAD,Dharashiv(DISTRICT COLLECTOR OSMANABAD_IDA),Dharashiv(DISTRICT COLLECTOR OSMANABAD_IDA),Normal/Others,Normal/Others,995416.0,2026-04-30T00:00:00.000Z,2026.0,0.0,Construction of cement road on public space from waruda raod to mount litera english school at Upla (Ma) block and dist. Dharashiv.,Construction of cement road on public space from waruda raod to mount litera english school at Upla (Ma) block and dist. Dharashiv.,,Omprakash Bhupalsinh Alias Pawan Rajenimbalkar,,OSMANABAD,Completed,995416,2026-04-30T00:00:00.000Z,,,,,,,,,,,,Roads & Pathways,Physical Infrastructure
202192.0,6a932bb5cd94452437a1d946,Maharashtra,Maharashtra,AURANGABAD,AURANGABAD,Chhatrapati Sambhajinagar(DISTRICT COLLECTOR AURANGABAD_IDA),Chhatrapati Sambhajinagar(DISTRICT COLLECTOR AURANGABAD_IDA),Normal/Others,Normal/Others,1000000.0,2026-03-16T00:00:00.000Z,2026.0,0.0,Bhildari Pishor Tq Kannad Construction of Community Halls,Bhildari Pishor Tq Kannad Construction of Community Halls,,BHUMARE SANDIPANRAO ASARAM,,AURANGABAD,Completed,1000000,2026-03-16T00:00:00.000Z,,,,,,,,,,,,Community Centers & Halls,Social Infrastructure
202437.0,6a932bb5cd94452437a1c96f,Maharashtra,Maharashtra,OSMANABAD,OSMANABAD,Dharashiv(DISTRICT COLLECTOR OSMANABAD_IDA),Dharashiv(DISTRICT COLLECTOR OSMANABAD_IDA),Normal/Others,Normal/Others,498630.0,2026-01-21T00:00:00.000Z,2026.0,0.0,Construction of cement road on public space from  amol doke to baban gaykwad at shekhapur block bhum dist. Dharashiv.,Construction of cement road on public space from  amol doke to baban gaykwad at shekhapur block bhum dist. Dharashiv.,,Omprakash Bhupalsinh Alias Pawan Rajenimbalkar,,OSMANABAD,Completed,498630,2026-01-21T00:00:00.000Z,,,,,,,,,,,,Roads & Pathways,Physical Infrastructure
202759.0,6a932bb5cd94452437a1cc55,Maharashtra,Maharashtra,BHIWANDI,BHIWANDI,THANE(DISTRICT COLLECTOR THANE_IDA),THANE(DISTRICT COLLECTOR THANE_IDA),Repair and Renovation,Repair and Renovation,498270.0,2026-02-02T00:00:00.000Z,2026.0,0.0,"Construction of an internal village road at group grampanchayat Malbidi, Suryanagar.","Construction of an internal village road at group grampanchayat Malbidi, Suryanagar.",,BALYA MAMA SURESH GOPINATH MHATRE,,BHIWANDI,Completed,498270,2026-02-02T00:00:00.000Z,,,,,,,,,,,,Roads & Pathways,Physical Infrastructure
209774.0,6a932bb5cd94452437a1c51a,Maharashtra,Maharashtra,AHMEDNAGAR,AHMEDNAGAR,Ahilyanagar(DISTRICT COLLECTOR AHMEDNAGAR_IDA),Ahilyanagar(DISTRICT COLLECTOR AHMEDNAGAR_IDA),Normal/Others,Normal/Others,1000000.0,2026-01-09T00:00:00.000Z,2026.0,0.0,Construction of a community centers and community halls at Shirapur in front of Kanifnath Mandir GP property No 546 Tal Parner,Construction of a community centers and community halls at Shirapur in front of Kanifnath Mandir GP property No 546 Tal Parner,,NILESH DNYANDEV LANKE,,AHMEDNAGAR,Completed,1000000,2026-01-09T00:00:00.000Z,,,,,,,,,,,,Community Centers & Halls,Social Infrastructure
209776.0,6a932bb5cd94452437a1bda8,Maharashtra,Maharashtra,AHMEDNAGAR,AHMEDNAGAR,Ahilyanagar(DISTRICT COLLECTOR AHMEDNAGAR_IDA),Ahilyanagar(DISTRICT COLLECTOR AHMEDNAGAR_IDA),Normal/Others,Normal/Others,1493825.0,2025-12-12T00:00:00.000Z,2025.0,0.0,Development of playfields and sport ground GP property No 4485 Tal Parner,Development of playfields and sport ground GP property No 4485 Tal Parner,,NILESH DNYANDEV LANKE,,AHMEDNAGAR,Completed,1493825,2025-12-12T00:00:00.000Z,,,,,,,,,,,,Other Civil & Development Works,General Development & Maintenance
209782.0,6a932bb5cd94452437a1d2c8,Maharashtra,Maharashtra,AHMEDNAGAR,AHMEDNAGAR,Ahilyanagar(DISTRICT COLLECTOR AHMEDNAGAR_IDA),Ahilyanagar(DISTRICT COLLECTOR AHMEDNAGAR_IDA),Normal/Others,Normal/Others,995411.0,2026-02-20T00:00:00.000Z,2026.0,0.0,Construction of a community centers   and community halls at Karjule Harya in front of Swami Samarth Mandir GP property No 1468 Tal Parner,Construction of a community centers   and community halls at Karjule Harya in front of Swami Samarth Mandir GP property No 1468 Tal Parner,,NILESH DNYANDEV LANKE,,AHMEDNAGAR,Completed,995411,2026-02-20T00:00:00.000Z,,,,,,,,,,,,Community Centers & Halls,Social Infrastructure
209785.0,6a932bb5cd94452437a1dee5,Maharashtra,Maharashtra,AHMEDNAGAR,AHMEDNAGAR,Ahilyanagar(DISTRICT COLLECTOR AHMEDNAGAR_IDA),Ahilyanagar(DISTRICT COLLECTOR AHMEDNAGAR_IDA),Normal/Others,Normal/Others,999962.0,2026-04-06T00:00:00.000Z,2026.0,0.0,installing paver blocks at Mhasoba Zap in front of Maruti Mandir GP property No 95 Tal Parner,installing paver blocks at Mhasoba Zap in front of Maruti Mandir GP property No 95 Tal Parner,,NILESH DNYANDEV LANKE,,AHMEDNAGAR,Completed,999962,2026-04-06T00:00:00.000Z,,,,,,,,,,,,Roads & Pathways,Physical Infrastructure
213059.0,6a932bb5cd94452437a1e123,Maharashtra,Maharashtra,HINGOLI,HINGOLI,HINGOLI(DISTRICT COLLECTOR HINGOLI_IDA),HINGOLI(DISTRICT COLLECTOR HINGOLI_IDA),Normal/Others,Normal/Others,994661.0,2026-04-20T00:00:00.000Z,2026.0,0.0,construction of cc road from grampanchayat office to sawata mali temple at Dhanora tarfe Aral tq.Vasmat Dist. Hingoli,construction of cc road from grampanchayat office to sawata mali temple at Dhanora tarfe Aral tq.Vasmat Dist. Hingoli,,AASHTIKAR PATIL NAGESH BAPURAO,,HINGOLI,Completed,994661,2026-04-20T00:00:00.000Z,,,,,,,,,,,,Roads & Pathways,Physical Infrastructure
215081.0,6a932bb5cd94452437a1e441,Maharashtra,Maharashtra,NAGPUR,NAGPUR,NAGPUR(DISTRICT COLLECTOR NAGPUR_IDA),NAGPUR(DISTRICT COLLECTOR NAGPUR_IDA),Normal/Others,Normal/Others,1203802.0,2026-05-14T00:00:00.000Z,2026.0,0.0,Construction of Cement Concrete Road at Malik Mouza Society Arya Nagar Prabhag No.1,Construction of Cement Concrete Road at Malik Mouza Society Arya Nagar Prabhag No.1,,Nitin Jairam Gadkari,,NAGPUR,Completed,1203802,2026-05-14T00:00:00.000Z,,,,,,,,,,,,Roads & Pathways,Physical Infrastructure
217109.0,6a932bb5cd94452437a1ae3c,Maharashtra,Maharashtra,AMRAVATI,AMRAVATI,AMRAVATI(DISTRICT COLLECTOR AMRAVATI_IDA),AMRAVATI(DISTRICT COLLECTOR AMRAVATI_IDA),Normal/Others,Normal/Others,693022.0,2025-10-16T00:00:00.000Z,2025.0,0.0,construction of road at mominpura  from ismail bhai house to ibrahim bal hous at achalpur municiple corporation,construction of road at mominpura  from ismail bhai house to ibrahim bal hous at achalpur municiple corporation,,BALWANT BASWANT WANKHADE,,AMRAVATI,Completed,693022,2025-10-16T00:00:00.000Z,,,,,,,,,,,,Roads & Pathways,Physical Infrastructure
217799.0,6a932bb5cd94452437a1dfb4,Maharashtra,Maharashtra,PALGHAR,PALGHAR,PALGHAR(DISTRICT COLLECTOR PALGHAR_IDA),PALGHAR(DISTRICT COLLECTOR PALGHAR_IDA),Normal/Others,Normal/Others,991449.0,2026-04-09T00:00:00.000Z,2026.0,0.0,"Constructing a community hall at Jamshet Gorwadi, Taluka and District Palghar.","Constructing a community hall at Jamshet Gorwadi, Taluka and District Palghar.",,DR. HEMANT VISHNU SAVARA,,PALGHAR,Completed,991449,2026-04-09T00:00:00.000Z,,,,,,,,,,,,Community Centers & Halls,Social Infrastructure
218115.0,6a932bb5cd94452437a1c452,Maharashtra,Maharashtra,WARDHA,WARDHA,AMRAVATI(DISTRICT COLLECTOR AMRAVATI_IDA),AMRAVATI(DISTRICT COLLECTOR AMRAVATI_IDA),Normal/Others,Normal/Others,984594.0,2026-01-06T00:00:00.000Z,2026.0,0.0,"Construction of a community Hall in Siddharth Nagar Colony, Mouja Bhatkuli Renkapur, Taluka Dhamangaon Railway","Construction of a community Hall in Siddharth Nagar Colony, Mouja Bhatkuli Renkapur, Taluka Dhamangaon Railway",,AMAR SHARADRAO KALE,,WARDHA,Completed,984594,2026-01-06T00:00:00.000Z,,,,,,,,,,,,Community Centers & Halls,Social Infrastructure
218864.0,6a932bb5cd94452437a1e455,Maharashtra,Maharashtra,HINGOLI,HINGOLI,HINGOLI(DISTRICT COLLECTOR HINGOLI_IDA),HINGOLI(DISTRICT COLLECTOR HINGOLI_IDA),Normal/Others,Normal/Others,1493124.0,2026-05-15T00:00:00.000Z,2026.0,0.0,Construction of Cement Concrete Road from Bhimrao Kote Home to Vitthal Kurude Home and from Shivaji Phole to Jayanta Gaikwad Home At Donwada TQ Wasmat DIST Hingoli.,Construction of Cement Concrete Road from Bhimrao Kote Home to Vitthal Kurude Home and from Shivaji Phole to Jayanta Gaikwad Home At Donwada TQ Wasmat DIST Hingoli.,,AASHTIKAR PATIL NAGESH BAPURAO,,HINGOLI,Completed,1493124,2026-05-15T00:00:00.000Z,,,,,,,,,,,,Roads & Pathways,Physical Infrastructure
219628.0,6a932bb5cd94452437a1aec9,Maharashtra,Maharashtra,AURANGABAD,AURANGABAD,Chhatrapati Sambhajinagar(DISTRICT COLLECTOR AURANGABAD_IDA),Chhatrapati Sambhajinagar(DISTRICT COLLECTOR AURANGABAD_IDA),Normal/Others,Normal/Others,989730.0,2025-10-17T00:00:00.000Z,2025.0,0.0,Jalgaon Ghat Tq Kannad HM 51 Kannad Vaijapur Road To Rajput Wasti Gut NO. 35 CC Road,Jalgaon Ghat Tq Kannad HM 51 Kannad Vaijapur Road To Rajput Wasti Gut NO. 35 CC Road,,BHUMARE SANDIPANRAO ASARAM,,AURANGABAD,Completed,989730,2025-10-17T00:00:00.000Z,,,,,,,,,,,,Roads & Pathways,Physical Infrastructure
219666.0,6a932bb5cd94452437a1aecd,Maharashtra,Maharashtra,AURANGABAD,AURANGABAD,Chhatrapati Sambhajinagar(DISTRICT COLLECTOR AURANGABAD_IDA),Chhatrapati Sambhajinagar(DISTRICT COLLECTOR AURANGABAD_IDA),Normal/Others,Normal/Others,993175.0,2025-10-17T00:00:00.000Z,2025.0,0.0,SHIRASGAON GUT NO 163 TQ KANNAD CONSTRUCTION OF COMMUNITY HALLS,SHIRASGAON GUT NO 163 TQ KANNAD CONSTRUCTION OF COMMUNITY HALLS,,BHUMARE SANDIPANRAO ASARAM,,AURANGABAD,Completed,993175,2025-10-17T00:00:00.000Z,,,,,,,,,,,,Community Centers & Halls,Social Infrastructure
220022.0,6a932bb5cd94452437a1cc59,Maharashtra,Maharashtra,KOLHAPUR,KOLHAPUR,KOLHAPUR(DISTRICT COLLECTOR KOLHAPUR_IDA),KOLHAPUR(DISTRICT COLLECTOR KOLHAPUR_IDA),Normal/Others,Normal/Others,1500000.0,2026-02-02T00:00:00.000Z,2026.0,0.0,Internal road at Gothan Vasti,Internal road at Gothan Vasti,,CHHATRAPATI SHAHU SHAHAJI,,KOLHAPUR,Completed,1500000,2026-02-02T00:00:00.000Z,,,,,,,,,,,,Roads & Pathways,Physical Infrastructure
222581.0,6a932bb5cd94452437a1bdb6,Maharashtra,Maharashtra,JALNA,JALNA,Chhatrapati Sambhajinagar(DISTRICT COLLECTOR AURANGABAD_IDA),Chhatrapati Sambhajinagar(DISTRICT COLLECTOR AURANGABAD_IDA),Normal/Others,Normal/Others,993760.0,2025-12-12T00:00:00.000Z,2025.0,0.0,Construction of cement road from Gram Panchayat office to Rajendra Walurkar house at Hiradpuri in Paithan taluka.,Construction of cement road from Gram Panchayat office to Rajendra Walurkar house at Hiradpuri in Paithan taluka.,,KALYAN VAIJINATHRAO KALE,,JALNA,Completed,993760,2025-12-12T00:00:00.000Z,,,,,,,,,,,,Roads & Pathways,Physical Infrastructure
223139.0,6a932bb5cd94452437a1cfcd,Maharashtra,Maharashtra,NANDED,NANDED,NANDED(DISTRICT COLLECTOR NANDED_IDA),NANDED(DISTRICT COLLECTOR NANDED_IDA),Normal/Others,Normal/Others,492780.0,2026-02-10T00:00:00.000Z,2026.0,0.0,Construction of C C road from Ganesh Taywade House to Vijay Taywade House of Grampanchayat owned land at Samandarwadi Tq.Bhokar Dist.Nanded.,Construction of C C road from Ganesh Taywade House to Vijay Taywade House of Grampanchayat owned land at Samandarwadi Tq.Bhokar Dist.Nanded.,,Ravindra Vasantrao Chavan,,NANDED,Completed,492780,2026-02-10T00:00:00.000Z,,,,,,,,,,,,Roads & Pathways,Physical Infrastructure
223141.0,6a932bb5cd94452437a1d0f9,Maharashtra,Maharashtra,NANDED,NANDED,NANDED(DISTRICT COLLECTOR NANDED_IDA),NANDED(DISTRICT COLLECTOR NANDED_IDA),Normal/Others,Normal/Others,985780.0,2026-02-13T00:00:00.000Z,2026.0,0.0,Construction on C. C. Road from Adiwasi Ashram School Gate to Boys Hostel on Grampanchayat owned land Dorli (Sa.) Teh. Bhokar Dist.Nanded.,Construction on C. C. Road from Adiwasi Ashram School Gate to Boys Hostel on Grampanchayat owned land Dorli (Sa.) Teh. Bhokar Dist.Nanded.,,Ravindra Vasantrao Chavan,,NANDED,Completed,985780,2026-02-13T00:00:00.000Z,,,,,,,,,,,,Roads & Pathways,Physical Infrastructure
223681.0,6a932bb5cd94452437a1d783,Maharashtra,Maharashtra,NANDED,NANDED,NANDED(DISTRICT COLLECTOR NANDED_IDA),NANDED(DISTRICT COLLECTOR NANDED_IDA),Normal/Others,Normal/Others,998000.0,2026-03-09T00:00:00.000Z,2026.0,0.0,Construction of community hall on Grampanchayat owned land at village Berli Bk. Teh. Mukhed Dist.Nanded.,Construction of community hall on Grampanchayat owned land at village Berli Bk. Teh. Mukhed Dist.Nanded.,,Ravindra Vasantrao Chavan,,NANDED,Completed,998000,2026-03-09T00:00:00.000Z,,,,,,,,,,,,Community Centers & Halls,Social Infrastructure
225414.0,6a932bb5cd94452437a1c41a,Maharashtra,Maharashtra,JALNA,JALNA,Chhatrapati Sambhajinagar(DISTRICT COLLECTOR AURANGABAD_IDA),Chhatrapati Sambhajinagar(DISTRICT COLLECTOR AURANGABAD_IDA),Normal/Others,Normal/Others,999000.0,2026-01-04T00:00:00.000Z,2026.0,0.0,Construction of a cement road from Sitaram Hades house to Srijan School at Ganeshnagar Bidkin Paithan taluka,Construction of a cement road from Sitaram Hades house to Srijan School at Ganeshnagar Bidkin Paithan taluka,,KALYAN VAIJINATHRAO KALE,,JALNA,Completed,999000,2026-01-04T00:00:00.000Z,,,,,,,,,,,,Roads & Pathways,Physical Infrastructure
225427.0,6a932bb5cd94452437a1bda6,Maharashtra,Maharashtra,JALNA,JALNA,Chhatrapati Sambhajinagar(DISTRICT COLLECTOR AURANGABAD_IDA),Chhatrapati Sambhajinagar(DISTRICT COLLECTOR AURANGABAD_IDA),Normal/Others,Normal/Others,492485.0,2025-12-12T00:00:00.000Z,2025.0,0.0,Construction of a cement road leading to the Muslim cemetery at Hiradpuri in Paithan taluka,Construction of a cement road leading to the Muslim cemetery at Hiradpuri in Paithan taluka,,KALYAN VAIJINATHRAO KALE,,JALNA,Completed,492485,2025-12-12T00:00:00.000Z,,,,,,,,,,,,Roads & Pathways,Physical Infrastructure
225800.0,6a932bb5cd94452437a1b3f6,Maharashtra,Maharashtra,HINGOLI,HINGOLI,ETAH(DISTRICT MAGISTRATE ETAH_IDA),ETAH(DISTRICT MAGISTRATE ETAH_IDA),Normal/Others,Normal/Others,240611.0,2026-02-04T00:00:00.000Z,2026.0,0.0,"Village Mohammadpur BLock Marhara jila Etah , Ramkailash ke Makaan Ke saamne high Mast Light","Village Mohammadpur BLock Marhara jila Etah , Ramkailash ke Makaan Ke saamne high Mast Light",,AASHTIKAR PATIL NAGESH BAPURAO,,HINGOLI,Completed,240611,2026-02-04T00:00:00.000Z,,,,,,,,,,,,"Electricity, Lighting & Solar Energy",Physical Infrastructure
225802.0,6a932bb5cd94452437a1b3f9,Maharashtra,Maharashtra,HINGOLI,HINGOLI,ETAH(DISTRICT MAGISTRATE ETAH_IDA),ETAH(DISTRICT MAGISTRATE ETAH_IDA),Normal/Others,Normal/Others,240611.0,2026-02-04T00:00:00.000Z,2026.0,0.0,"Village Mohammadpur BLock Marhara jila Etah ,Pratap singh ke Makaan ke saamne High Mast Light .","Village Mohammadpur BLock Marhara jila Etah ,Pratap singh ke Makaan ke saamne High Mast Light .",,AASHTIKAR PATIL NAGESH BAPURAO,,HINGOLI,Completed,240611,2026-02-04T00:00:00.000Z,,,,,,,,,,,,"Electricity, Lighting & Solar Energy",Physical Infrastructure
225804.0,6a932bb5cd94452437a1b3fa,Maharashtra,Maharashtra,HINGOLI,HINGOLI,ETAH(DISTRICT MAGISTRATE ETAH_IDA),ETAH(DISTRICT MAGISTRATE ETAH_IDA),Normal/Others,Normal/Others,240611.0,2026-02-04T00:00:00.000Z,2026.0,0.0,"Village Mohammadpur BLock Marhara jila Etah, Shamsham ke saamne High Mast Light","Village Mohammadpur BLock Marhara jila Etah, Shamsham ke saamne High Mast Light",,AASHTIKAR PATIL NAGESH BAPURAO,,HINGOLI,Completed,240611,2026-02-04T00:00:00.000Z,,,,,,,,,,,,"Electricity, Lighting & Solar Energy",Physical Infrastructure
225806.0,6a932bb5cd94452437a1b3fd,Maharashtra,Maharashtra,HINGOLI,HINGOLI,ETAH(DISTRICT MAGISTRATE ETAH_IDA),ETAH(DISTRICT MAGISTRATE ETAH_IDA),Normal/Others,Normal/Others,240611.0,2026-02-04T00:00:00.000Z,2026.0,0.0,"Village Mohammadpur BLock Marhara jila Etah ,Gulaab Singh Ke makaan ke saamne High Mast Light","Village Mohammadpur BLock Marhara jila Etah ,Gulaab Singh Ke makaan ke saamne High Mast Light",,AASHTIKAR PATIL NAGESH BAPURAO,,HINGOLI,Completed,240611,2026-02-04T00:00:00.000Z,,,,,,,,,,,,"Electricity, Lighting & Solar Energy",Physical Infrastructure
225808.0,6a932bb5cd94452437a1b402,Maharashtra,Maharashtra,HINGOLI,HINGOLI,ETAH(DISTRICT MAGISTRATE ETAH_IDA),ETAH(DISTRICT MAGISTRATE ETAH_IDA),Normal/Others,Normal/Others,240611.0,2026-02-04T00:00:00.000Z,2026.0,0.0,Village Mohammadpur BLock Marhara jila Etah Brajesh Kumar Ke ghar Ke saamne High Mast Light,Village Mohammadpur BLock Marhara jila Etah Brajesh Kumar Ke ghar Ke saamne High Mast Light,,AASHTIKAR PATIL NAGESH BAPURAO,,HINGOLI,Completed,240611,2026-02-04T00:00:00.000Z,,,,,,,,,,,,"Electricity, Lighting & Solar Energy",Physical Infrastructure
225810.0,6a932bb5cd94452437a1b404,Maharashtra,Maharashtra,HINGOLI,HINGOLI,ETAH(DISTRICT MAGISTRATE ETAH_IDA),ETAH(DISTRICT MAGISTRATE ETAH_IDA),Normal/Others,Normal/Others,240611.0,2026-02-04T00:00:00.000Z,2026.0,0.0,Village Mohammadpur BLock Marhara jila Etah Chhotey lal Ke Makaan ke Saamne High Mast Light,Village Mohammadpur BLock Marhara jila Etah Chhotey lal Ke Makaan ke Saamne High Mast Light,,AASHTIKAR PATIL NAGESH BAPURAO,,HINGOLI,Completed,240611,2026-02-04T00:00:00.000Z,,,,,,,,,,,,"Electricity, Lighting & Solar Energy",Physical Infrastructure
225812.0,6a932bb5cd94452437a1b405,Maharashtra,Maharashtra,HINGOLI,HINGOLI,ETAH(DISTRICT MAGISTRATE ETAH_IDA),ETAH(DISTRICT MAGISTRATE ETAH_IDA),Normal/Others,Normal/Others,240611.0,2026-02-04T00:00:00.000Z,2026.0,0.0,Village Mohammadpur BLock Marhara jila Etah Devesh Ke Makaan ke Saamne High Mast Light,Village Mohammadpur BLock Marhara jila Etah Devesh Ke Makaan ke Saamne High Mast Light,,AASHTIKAR PATIL NAGESH BAPURAO,,HINGOLI,Completed,240611,2026-02-04T00:00:00.000Z,,,,,,,,,,,,"Electricity, Lighting & Solar Energy",Physical Infrastructure
226219.0,6a932bb5cd94452437a1ded4,Maharashtra,Maharashtra,NAGPUR,NAGPUR,NAGPUR(DISTRICT COLLECTOR NAGPUR_IDA),NAGPUR(DISTRICT COLLECTOR NAGPUR_IDA),Normal/Others,Normal/Others,9998850.0,2026-04-06T00:00:00.000Z,2026.0,0.0,"Setting up of E-Library at Dr.Babasaheb Ambedkar Law College, Nagpur.","Setting up of E-Library at Dr.Babasaheb Ambedkar Law College, Nagpur.",,Nitin Jairam Gadkari,,NAGPUR,Completed,9998850,2026-04-06T00:00:00.000Z,,,,,,,,,,,,Education & School Infrastructure,Social Infrastructure
226274.0,6a932bb5cd94452437a1d9b9,Maharashtra,Maharashtra,AURANGABAD,AURANGABAD,Chhatrapati Sambhajinagar(DISTRICT COLLECTOR AURANGABAD_IDA),Chhatrapati Sambhajinagar(DISTRICT COLLECTOR AURANGABAD_IDA),Normal/Others,Normal/Others,999000.0,2026-03-19T00:00:00.000Z,2026.0,0.0,Chhatrapati Sambhajingar Mahanagar Pailika Soujanyangar Balaji Nagar Shaikh Yusuf to Jamdhade Construction of CC Road,Chhatrapati Sambhajingar Mahanagar Pailika Soujanyangar Balaji Nagar Shaikh Yusuf to Jamdhade Construction of CC Road,,BHUMARE SANDIPANRAO ASARAM,,AURANGABAD,Completed,999000,2026-03-19T00:00:00.000Z,,,,,,,,,,,,Roads & Pathways,Physical Infrastructure
226340.0,6a932bb5cd94452437a1b781,Maharashtra,Maharashtra,NANDED,NANDED,NANDED(DISTRICT COLLECTOR NANDED_IDA),NANDED(DISTRICT COLLECTOR NANDED_IDA),Normal/Others,Normal/Others,995623.0,2025-11-20T00:00:00.000Z,2025.0,0.0,Construction of C.C. Road from Maroti Mokampalle House to Ashok Purbhaji Jadhav House on Grampanchayat owned land at village Zari Teh. Loha Dist.Nanded,Construction of C.C. Road from Maroti Mokampalle House to Ashok Purbhaji Jadhav House on Grampanchayat owned land at village Zari Teh. Loha Dist.Nanded,,Ravindra Vasantrao Chavan,,NANDED,Completed,995623,2025-11-20T00:00:00.000Z,,,,,,,,,,,,Roads & Pathways,Physical Infrastructure
226877.0,6a932bb5cd94452437a1cf36,Maharashtra,Maharashtra,KOLHAPUR,KOLHAPUR,KOLHAPUR(DISTRICT COLLECTOR KOLHAPUR_IDA),KOLHAPUR(DISTRICT COLLECTOR KOLHAPUR_IDA),Normal/Others,Normal/Others,1000000.0,2026-02-09T00:00:00.000Z,2026.0,0.0,Internal road at Balinga,Internal road at Balinga,,CHHATRAPATI SHAHU SHAHAJI,,KOLHAPUR,Completed,1000000,2026-02-09T00:00:00.000Z,,,,,,,,,,,,Roads & Pathways,Physical Infrastructure
227019.0,6a932bb5cd94452437a1d78b,Maharashtra,Maharashtra,NANDED,NANDED,NANDED(DISTRICT COLLECTOR NANDED_IDA),NANDED(DISTRICT COLLECTOR NANDED_IDA),Normal/Others,Normal/Others,497913.0,2026-03-10T00:00:00.000Z,2026.0,0.0,Construction of Community Hall Near Shourya Police Academy in Tryambakeshwar Nagar at village Sonkhed Teh. Loha Dist.Nanded.,Construction of Community Hall Near Shourya Police Academy in Tryambakeshwar Nagar at village Sonkhed Teh. Loha Dist.Nanded.,,Ravindra Vasantrao Chavan,,NANDED,Completed,497913,2026-03-10T00:00:00.000Z,,,,,,,,,,,,Community Centers & Halls,Social Infrastructure
228144.0,6a932bb5cd94452437a1e07b,Maharashtra,Maharashtra,BHIWANDI,BHIWANDI,THANE(DISTRICT COLLECTOR THANE_IDA),THANE(DISTRICT COLLECTOR THANE_IDA),Normal/Others,Normal/Others,499939.0,2026-04-22T00:00:00.000Z,2026.0,0.0,Paver block work under groupgrampanchayat Pimpalghar ranjnoli.,Paver block work under groupgrampanchayat Pimpalghar ranjnoli.,,BALYA MAMA SURESH GOPINATH MHATRE,,BHIWANDI,Completed,499939,2026-04-22T00:00:00.000Z,,,,,,,,,,,,Roads & Pathways,Physical Infrastructure
228594.0,6a932bb5cd94452437a1e0e1,Maharashtra,Maharashtra,KOLHAPUR,KOLHAPUR,KOLHAPUR(DISTRICT COLLECTOR KOLHAPUR_IDA),KOLHAPUR(DISTRICT COLLECTOR KOLHAPUR_IDA),Normal/Others,Normal/Others,1000000.0,2026-04-17T00:00:00.000Z,2026.0,0.0,Construction of road,Construction of road,,CHHATRAPATI SHAHU SHAHAJI,,KOLHAPUR,Completed,1000000,2026-04-17T00:00:00.000Z,,,,,,,,,,,,Roads & Pathways,Physical Infrastructure
233589.0,6a932bb5cd94452437a1d638,Maharashtra,Maharashtra,AMRAVATI,AMRAVATI,AMRAVATI(DISTRICT COLLECTOR AMRAVATI_IDA),AMRAVATI(DISTRICT COLLECTOR AMRAVATI_IDA),Normal/Others,Normal/Others,330990.0,2026-03-04T00:00:00.000Z,2026.0,0.0,"Establish Digital Classroom at Ratnabai Rathi Highschool , Daryapur","Establish Digital Classroom at Ratnabai Rathi Highschool , Daryapur",,BALWANT BASWANT WANKHADE,,AMRAVATI,Completed,330990,2026-03-04T00:00:00.000Z,,,,,,,,,,,,Education & School Infrastructure,Social Infrastructure
233599.0,6a932bb5cd94452437a1d63b,Maharashtra,Maharashtra,AMRAVATI,AMRAVATI,AMRAVATI(DISTRICT COLLECTOR AMRAVATI_IDA),AMRAVATI(DISTRICT COLLECTOR AMRAVATI_IDA),Normal/Others,Normal/Others,330990.0,2026-03-04T00:00:00.000Z,2026.0,0.0,establish digital classroom at bhartiya mahavidyalay rajapeth  amravati,establish digital classroom at bhartiya mahavidyalay rajapeth  amravati,,BALWANT BASWANT WANKHADE,,AMRAVATI,Completed,330990,2026-03-04T00:00:00.000Z,,,,,,,,,,,,Education & School Infrastructure,Social Infrastructure
235510.0,6a932bb5cd94452437a1df30,Maharashtra,Maharashtra,SOLAPUR,SOLAPUR,SOLAPUR(DISTRICT COLLECTOR SOLAPUR_IDA),SOLAPUR(DISTRICT COLLECTOR SOLAPUR_IDA),Normal/Others,Normal/Others,1000000.0,2026-04-07T00:00:00.000Z,2026.0,0.0,At Post Wadata North Solapur Shri Krishna Mandir somoril Gram Panchayat jage Madhya Sabha mandap bandhne,At Post Wadata North Solapur Shri Krishna Mandir somoril Gram Panchayat jage Madhya Sabha mandap bandhne,,PRANITI SUSHILKUMAR SHINDE,,SOLAPUR,Completed,1000000,2026-04-07T00:00:00.000Z,,,,,,,,,,,,Community Centers & Halls,Social Infrastructure
236143.0,6a932bb5cd94452437a1e75a,Maharashtra,Maharashtra,NANDURBAR,NANDURBAR,NANDURBAR(DISTRICT COLLECTOR NANDURBAR_IDA),NANDURBAR(DISTRICT COLLECTOR NANDURBAR_IDA),Normal/Others,Normal/Others,169529.0,2026-07-15T00:00:00.000Z,2026.0,0.0,Install 2 set of street light,Install 2 set of street light,,ADV GOWAAL KAGADA PADAVI,,NANDURBAR,Completed,169529,2026-07-15T00:00:00.000Z,,,,,,,,,,,,"Electricity, Lighting & Solar Energy",Physical Infrastructure
236145.0,6a932bb5cd94452437a1e75e,Maharashtra,Maharashtra,NANDURBAR,NANDURBAR,NANDURBAR(DISTRICT COLLECTOR NANDURBAR_IDA),NANDURBAR(DISTRICT COLLECTOR NANDURBAR_IDA),Normal/Others,Normal/Others,169529.0,2026-07-15T00:00:00.000Z,2026.0,0.0,Install 2 set of street light,Install 2 set of street light,,ADV GOWAAL KAGADA PADAVI,,NANDURBAR,Completed,169529,2026-07-15T00:00:00.000Z,,,,,,,,,,,,"Electricity, Lighting & Solar Energy",Physical Infrastructure
236147.0,6a932bb5cd94452437a1e761,Maharashtra,Maharashtra,NANDURBAR,NANDURBAR,NANDURBAR(DISTRICT COLLECTOR NANDURBAR_IDA),NANDURBAR(DISTRICT COLLECTOR NANDURBAR_IDA),Normal/Others,Normal/Others,169529.0,2026-07-15T00:00:00.000Z,2026.0,0.0,Install 2 set of street light,Install 2 set of street light,,ADV GOWAAL KAGADA PADAVI,,NANDURBAR,Completed,169529,2026-07-15T00:00:00.000Z,,,,,,,,,,,,"Electricity, Lighting & Solar Energy",Physical Infrastructure
236149.0,6a932bb5cd94452437a1e763,Maharashtra,Maharashtra,NANDURBAR,NANDURBAR,NANDURBAR(DISTRICT COLLECTOR NANDURBAR_IDA),NANDURBAR(DISTRICT COLLECTOR NANDURBAR_IDA),Normal/Others,Normal/Others,169529.0,2026-07-15T00:00:00.000Z,2026.0,0.0,Install 2 set of street light,Install 2 set of street light,,ADV GOWAAL KAGADA PADAVI,,NANDURBAR,Completed,169529,2026-07-15T00:00:00.000Z,,,,,,,,,,,,"Electricity, Lighting & Solar Energy",Physical Infrastructure
236151.0,6a932bb5cd94452437a1e765,Maharashtra,Maharashtra,NANDURBAR,NANDURBAR,NANDURBAR(DISTRICT COLLECTOR NANDURBAR_IDA),NANDURBAR(DISTRICT COLLECTOR NANDURBAR_IDA),Normal/Others,Normal/Others,169529.0,2026-07-15T00:00:00.000Z,2026.0,0.0,Install 2 set of street light,Install 2 set of street light,,ADV GOWAAL KAGADA PADAVI,,NANDURBAR,Completed,169529,2026-07-15T00:00:00.000Z,,,,,,,,,,,,"Electricity, Lighting & Solar Energy",Physical Infrastructure
236156.0,6a932bb5cd94452437a1e7ab,Maharashtra,Maharashtra,NANDURBAR,NANDURBAR,NANDURBAR(DISTRICT COLLECTOR NANDURBAR_IDA),NANDURBAR(DISTRICT COLLECTOR NANDURBAR_IDA),Normal/Others,Normal/Others,169529.0,2026-07-16T00:00:00.000Z,2026.0,0.0,Install 2 set of Street lights,Install 2 set of Street lights,,ADV GOWAAL KAGADA PADAVI,,NANDURBAR,Completed,169529,2026-07-16T00:00:00.000Z,,,,,,,,,,,,Other Civil & Development Works,General Development & Maintenance
236158.0,6a932bb5cd94452437a1e7ae,Maharashtra,Maharashtra,NANDURBAR,NANDURBAR,NANDURBAR(DISTRICT COLLECTOR NANDURBAR_IDA),NANDURBAR(DISTRICT COLLECTOR NANDURBAR_IDA),Normal/Others,Normal/Others,169529.0,2026-07-16T00:00:00.000Z,2026.0,0.0,Install 2 set of Street lights,Install 2 set of Street lights,,ADV GOWAAL KAGADA PADAVI,,NANDURBAR,Completed,169529,2026-07-16T00:00:00.000Z,,,,,,,,,,,,Other Civil & Development Works,General Development & Maintenance
236174.0,6a932bb5cd94452437a1e7c1,Maharashtra,Maharashtra,NANDURBAR,NANDURBAR,NANDURBAR(DISTRICT COLLECTOR NANDURBAR_IDA),NANDURBAR(DISTRICT COLLECTOR NANDURBAR_IDA),Normal/Others,Normal/Others,169529.0,2026-07-16T00:00:00.000Z,2026.0,0.0,Install 2 set of Street lights,Install 2 set of Street lights,,ADV GOWAAL KAGADA PADAVI,,NANDURBAR,Completed,169529,2026-07-16T00:00:00.000Z,,,,,,,,,,,,Other Civil & Development Works,General Development & Maintenance
236185.0,6a932bb5cd94452437a1e7d3,Maharashtra,Maharashtra,NANDURBAR,NANDURBAR,NANDURBAR(DISTRICT COLLECTOR NANDURBAR_IDA),NANDURBAR(DISTRICT COLLECTOR NANDURBAR_IDA),Normal/Others,Normal/Others,169529.0,2026-07-17T00:00:00.000Z,2026.0,0.0,Install 2 set of Solar street light,Install 2 set of Solar street light,,ADV GOWAAL KAGADA PADAVI,,NANDURBAR,Completed,169529,2026-07-17T00:00:00.000Z,,,,,,,,,,,,"Electricity, Lighting & Solar Energy",Physical Infrastructure
236187.0,6a932bb5cd94452437a1e81a,Maharashtra,Maharashtra,NANDURBAR,NANDURBAR,NANDURBAR(DISTRICT COLLECTOR NANDURBAR_IDA),NANDURBAR(DISTRICT COLLECTOR NANDURBAR_IDA),Normal/Others,Normal/Others,169529.0,2026-07-20T00:00:00.000Z,2026.0,0.0,Install 2 set of Solar street light,Install 2 set of Solar street light,,ADV GOWAAL KAGADA PADAVI,,NANDURBAR,Completed,169529,2026-07-20T00:00:00.000Z,,,,,,,,,,,,"Electricity, Lighting & Solar Energy",Physical Infrastructure
236189.0,6a932bb5cd94452437a1e7d9,Maharashtra,Maharashtra,NANDURBAR,NANDURBAR,NANDURBAR(DISTRICT COLLECTOR NANDURBAR_IDA),NANDURBAR(DISTRICT COLLECTOR NANDURBAR_IDA),Normal/Others,Normal/Others,169529.0,2026-07-17T00:00:00.000Z,2026.0,0.0,Install 2 set of Solar street light,Install 2 set of Solar street light,,ADV GOWAAL KAGADA PADAVI,,NANDURBAR,Completed,169529,2026-07-17T00:00:00.000Z,,,,,,,,,,,,"Electricity, Lighting & Solar Energy",Physical Infrastructure
236191.0,6a932bb5cd94452437a1e7de,Maharashtra,Maharashtra,NANDURBAR,NANDURBAR,NANDURBAR(DISTRICT COLLECTOR NANDURBAR_IDA),NANDURBAR(DISTRICT COLLECTOR NANDURBAR_IDA),Normal/Others,Normal/Others,169529.0,2026-07-17T00:00:00.000Z,2026.0,0.0,Install 2 set of Solar street light,Install 2 set of Solar street light,,ADV GOWAAL KAGADA PADAVI,,NANDURBAR,Completed,169529,2026-07-17T00:00:00.000Z,,,,,,,,,,,,"Electricity, Lighting & Solar Energy",Physical Infrastructure
236193.0,6a932bb5cd94452437a1e7e4,Maharashtra,Maharashtra,NANDURBAR,NANDURBAR,NANDURBAR(DISTRICT COLLECTOR NANDURBAR_IDA),NANDURBAR(DISTRICT COLLECTOR NANDURBAR_IDA),Normal/Others,Normal/Others,169529.0,2026-07-17T00:00:00.000Z,2026.0,0.0,Install 2 set of Solar street light,Install 2 set of Solar street light,,ADV GOWAAL KAGADA PADAVI,,NANDURBAR,Completed,169529,2026-07-17T00:00:00.000Z,,,,,,,,,,,,"Electricity, Lighting & Solar Energy",Physical Infrastructure
236195.0,6a932bb5cd94452437a1e7e6,Maharashtra,Maharashtra,NANDURBAR,NANDURBAR,NANDURBAR(DISTRICT COLLECTOR NANDURBAR_IDA),NANDURBAR(DISTRICT COLLECTOR NANDURBAR_IDA),Normal/Others,Normal/Others,169529.0,2026-07-17T00:00:00.000Z,2026.0,0.0,Install 2 set of Solar street light,Install 2 set of Solar street light,,ADV GOWAAL KAGADA PADAVI,,NANDURBAR,Completed,169529,2026-07-17T00:00:00.000Z,,,,,,,,,,,,"Electricity, Lighting & Solar Energy",Physical Infrastructure
236197.0,6a932bb5cd94452437a1e7e8,Maharashtra,Maharashtra,NANDURBAR,NANDURBAR,NANDURBAR(DISTRICT COLLECTOR NANDURBAR_IDA),NANDURBAR(DISTRICT COLLECTOR NANDURBAR_IDA),Normal/Others,Normal/Others,169529.0,2026-07-17T00:00:00.000Z,2026.0,0.0,Install 2 set of Solar street light,Install 2 set of Solar street light,,ADV GOWAAL KAGADA PADAVI,,NANDURBAR,Completed,169529,2026-07-17T00:00:00.000Z,,,,,,,,,,,,"Electricity, Lighting & Solar Energy",Physical Infrastructure
236199.0,6a932bb5cd94452437a1e7ea,Maharashtra,Maharashtra,NANDURBAR,NANDURBAR,NANDURBAR(DISTRICT COLLECTOR NANDURBAR_IDA),NANDURBAR(DISTRICT COLLECTOR NANDURBAR_IDA),Normal/Others,Normal/Others,169529.0,2026-07-17T00:00:00.000Z,2026.0,0.0,Install 2 set of Solar street light,Install 2 set of Solar street light,,ADV GOWAAL KAGADA PADAVI,,NANDURBAR,Completed,169529,2026-07-17T00:00:00.000Z,,,,,,,,,,,,"Electricity, Lighting & Solar Energy",Physical Infrastructure
236201.0,6a932bb5cd94452437a1e7ee,Maharashtra,Maharashtra,NANDURBAR,NANDURBAR,NANDURBAR(DISTRICT COLLECTOR NANDURBAR_IDA),NANDURBAR(DISTRICT COLLECTOR NANDURBAR_IDA),Normal/Others,Normal/Others,169529.0,2026-07-17T00:00:00.000Z,2026.0,0.0,Install 2 set of Solar street light,Install 2 set of Solar street light,,ADV GOWAAL KAGADA PADAVI,,NANDURBAR,Completed,169529,2026-07-17T00:00:00.000Z,,,,,,,,,,,,"Electricity, Lighting & Solar Energy",Physical Infrastructure
236203.0,6a932bb5cd94452437a1e7f0,Maharashtra,Maharashtra,NANDURBAR,NANDURBAR,NANDURBAR(DISTRICT COLLECTOR NANDURBAR_IDA),NANDURBAR(DISTRICT COLLECTOR NANDURBAR_IDA),Normal/Others,Normal/Others,169529.0,2026-07-17T00:00:00.000Z,2026.0,0.0,Install 2 set of Solar street light,Install 2 set of Solar street light,,ADV GOWAAL KAGADA PADAVI,,NANDURBAR,Completed,169529,2026-07-17T00:00:00.000Z,,,,,,,,,,,,"Electricity, Lighting & Solar Energy",Physical Infrastructure
236205.0,6a932bb5cd94452437a1e7f5,Maharashtra,Maharashtra,NANDURBAR,NANDURBAR,NANDURBAR(DISTRICT COLLECTOR NANDURBAR_IDA),NANDURBAR(DISTRICT COLLECTOR NANDURBAR_IDA),Normal/Others,Normal/Others,169529.0,2026-07-17T00:00:00.000Z,2026.0,0.0,Install 2 set of Solar street light,Install 2 set of Solar street light,,ADV GOWAAL KAGADA PADAVI,,NANDURBAR,Completed,169529,2026-07-17T00:00:00.000Z,,,,,,,,,,,,"Electricity, Lighting & Solar Energy",Physical Infrastructure
236207.0,6a932bb5cd94452437a1e7f7,Maharashtra,Maharashtra,NANDURBAR,NANDURBAR,NANDURBAR(DISTRICT COLLECTOR NANDURBAR_IDA),NANDURBAR(DISTRICT COLLECTOR NANDURBAR_IDA),Normal/Others,Normal/Others,169529.0,2026-07-17T00:00:00.000Z,2026.0,0.0,Install 2 set of Solar street light,Install 2 set of Solar street light,,ADV GOWAAL KAGADA PADAVI,,NANDURBAR,Completed,169529,2026-07-17T00:00:00.000Z,,,,,,,,,,,,"Electricity, Lighting & Solar Energy",Physical Infrastructure
236209.0,6a932bb5cd94452437a1e7fa,Maharashtra,Maharashtra,NANDURBAR,NANDURBAR,NANDURBAR(DISTRICT COLLECTOR NANDURBAR_IDA),NANDURBAR(DISTRICT COLLECTOR NANDURBAR_IDA),Normal/Others,Normal/Others,169529.0,2026-07-17T00:00:00.000Z,2026.0,0.0,Install 2 set of Solar street light,Install 2 set of Solar street light,,ADV GOWAAL KAGADA PADAVI,,NANDURBAR,Completed,169529,2026-07-17T00:00:00.000Z,,,,,,,,,,,,"Electricity, Lighting & Solar Energy",Physical Infrastructure
236211.0,6a932bb5cd94452437a1e7fe,Maharashtra,Maharashtra,NANDURBAR,NANDURBAR,NANDURBAR(DISTRICT COLLECTOR NANDURBAR_IDA),NANDURBAR(DISTRICT COLLECTOR NANDURBAR_IDA),Normal/Others,Normal/Others,169529.0,2026-07-17T00:00:00.000Z,2026.0,0.0,Install 2 set of Solar street light,Install 2 set of Solar street light,,ADV GOWAAL KAGADA PADAVI,,NANDURBAR,Completed,169529,2026-07-17T00:00:00.000Z,,,,,,,,,,,,"Electricity, Lighting & Solar Energy",Physical Infrastructure
236213.0,6a932bb5cd94452437a1e7d6,Maharashtra,Maharashtra,NANDURBAR,NANDURBAR,NANDURBAR(DISTRICT COLLECTOR NANDURBAR_IDA),NANDURBAR(DISTRICT COLLECTOR NANDURBAR_IDA),Normal/Others,Normal/Others,169529.0,2026-07-17T00:00:00.000Z,2026.0,0.0,Install 2 set of Solar street lights,Install 2 set of Solar street lights,,ADV GOWAAL KAGADA PADAVI,,NANDURBAR,Completed,169529,2026-07-17T00:00:00.000Z,,,,,,,,,,,,"Electricity, Lighting & Solar Energy",Physical Infrastructure
236215.0,6a932bb5cd94452437a1e7db,Maharashtra,Maharashtra,NANDURBAR,NANDURBAR,NANDURBAR(DISTRICT COLLECTOR NANDURBAR_IDA),NANDURBAR(DISTRICT COLLECTOR NANDURBAR_IDA),Normal/Others,Normal/Others,169529.0,2026-07-17T00:00:00.000Z,2026.0,0.0,Install 2 set of Solar street lights,Install 2 set of Solar street lights,,ADV GOWAAL KAGADA PADAVI,,NANDURBAR,Completed,169529,2026-07-17T00:00:00.000Z,,,,,,,,,,,,"Electricity, Lighting & Solar Energy",Physical Infrastructure
236217.0,6a932bb5cd94452437a1e7dd,Maharashtra,Maharashtra,NANDURBAR,NANDURBAR,NANDURBAR(DISTRICT COLLECTOR NANDURBAR_IDA),NANDURBAR(DISTRICT COLLECTOR NANDURBAR_IDA),Normal/Others,Normal/Others,169529.0,2026-07-17T00:00:00.000Z,2026.0,0.0,Install 2 set of Solar street lights,Install 2 set of Solar street lights,,ADV GOWAAL KAGADA PADAVI,,NANDURBAR,Completed,169529,2026-07-17T00:00:00.000Z,,,,,,,,,,,,"Electricity, Lighting & Solar Energy",Physical Infrastructure
236219.0,6a932bb5cd94452437a1e7ec,Maharashtra,Maharashtra,NANDURBAR,NANDURBAR,NANDURBAR(DISTRICT COLLECTOR NANDURBAR_IDA),NANDURBAR(DISTRICT COLLECTOR NANDURBAR_IDA),Normal/Others,Normal/Others,169529.0,2026-07-17T00:00:00.000Z,2026.0,0.0,Install 2 set of Street lights,Install 2 set of Street lights,,ADV GOWAAL KAGADA PADAVI,,NANDURBAR,Completed,169529,2026-07-17T00:00:00.000Z,,,,,,,,,,,,Other Civil & Development Works,General Development & Maintenance
236243.0,6a932bb5cd94452437a1e8d7,Maharashtra,Maharashtra,NANDURBAR,NANDURBAR,DHULE(DISTRICT COLLECTOR DHULE_IDA),DHULE(DISTRICT COLLECTOR DHULE_IDA),Normal/Others,Normal/Others,169530.0,2026-07-30T00:00:00.000Z,2026.0,0.0,Install 2 set of Street lights,Install 2 set of Street lights,,ADV GOWAAL KAGADA PADAVI,,NANDURBAR,Completed,169530,2026-07-30T00:00:00.000Z,,,,,,,,,,,,Other Civil & Development Works,General Development & Maintenance
236245.0,6a932bb5cd94452437a1e8d9,Maharashtra,Maharashtra,NANDURBAR,NANDURBAR,DHULE(DISTRICT COLLECTOR DHULE_IDA),DHULE(DISTRICT COLLECTOR DHULE_IDA),Normal/Others,Normal/Others,169530.0,2026-07-30T00:00:00.000Z,2026.0,0.0,Install 2 set of Street lights,Install 2 set of Street lights,,ADV GOWAAL KAGADA PADAVI,,NANDURBAR,Completed,169530,2026-07-30T00:00:00.000Z,,,,,,,,,,,,Other Civil & Development Works,General Development & Maintenance
236247.0,6a932bb5cd94452437a1e8db,Maharashtra,Maharashtra,NANDURBAR,NANDURBAR,DHULE(DISTRICT COLLECTOR DHULE_IDA),DHULE(DISTRICT COLLECTOR DHULE_IDA),Normal/Others,Normal/Others,169530.0,2026-07-30T00:00:00.000Z,2026.0,0.0,Install 2 set of Street lights,Install 2 set of Street lights,,ADV GOWAAL KAGADA PADAVI,,NANDURBAR,Completed,169530,2026-07-30T00:00:00.000Z,,,,,,,,,,,,Other Civil & Development Works,General Development & Maintenance
236249.0,6a932bb5cd94452437a1e891,Maharashtra,Maharashtra,NANDURBAR,NANDURBAR,DHULE(DISTRICT COLLECTOR DHULE_IDA),DHULE(DISTRICT COLLECTOR DHULE_IDA),Normal/Others,Normal/Others,169530.0,2026-07-30T00:00:00.000Z,2026.0,0.0,Install 2 set of Street lights,Install 2 set of Street lights,,ADV GOWAAL KAGADA PADAVI,,NANDURBAR,Completed,169530,2026-07-30T00:00:00.000Z,,,,,,,,,,,,Other Civil & Development Works,General Development & Maintenance
236251.0,6a932bb5cd94452437a1e895,Maharashtra,Maharashtra,NANDURBAR,NANDURBAR,DHULE(DISTRICT COLLECTOR DHULE_IDA),DHULE(DISTRICT COLLECTOR DHULE_IDA),Normal/Others,Normal/Others,169530.0,2026-07-30T00:00:00.000Z,2026.0,0.0,Install 2 set of Street lights,Install 2 set of Street lights,,ADV GOWAAL KAGADA PADAVI,,NANDURBAR,Completed,169530,2026-07-30T00:00:00.000Z,,,,,,,,,,,,Other Civil & Development Works,General Development & Maintenance
236253.0,6a932bb5cd94452437a1e897,Maharashtra,Maharashtra,NANDURBAR,NANDURBAR,DHULE(DISTRICT COLLECTOR DHULE_IDA),DHULE(DISTRICT COLLECTOR DHULE_IDA),Normal/Others,Normal/Others,169530.0,2026-07-30T00:00:00.000Z,2026.0,0.0,Install 2 set of Street lights,Install 2 set of Street lights,,ADV GOWAAL KAGADA PADAVI,,NANDURBAR,Completed,169530,2026-07-30T00:00:00.000Z,,,,,,,,,,,,Other Civil & Development Works,General Development & Maintenance
236255.0,6a932bb5cd94452437a1e89c,Maharashtra,Maharashtra,NANDURBAR,NANDURBAR,DHULE(DISTRICT COLLECTOR DHULE_IDA),DHULE(DISTRICT COLLECTOR DHULE_IDA),Normal/Others,Normal/Others,169530.0,2026-07-30T00:00:00.000Z,2026.0,0.0,Install 2 set of Street lights,Install 2 set of Street lights,,ADV GOWAAL KAGADA PADAVI,,NANDURBAR,Completed,169530,2026-07-30T00:00:00.000Z,,,,,,,,,,,,Other Civil & Development Works,General Development & Maintenance
236257.0,6a932bb5cd94452437a1e89d,Maharashtra,Maharashtra,NANDURBAR,NANDURBAR,DHULE(DISTRICT COLLECTOR DHULE_IDA),DHULE(DISTRICT COLLECTOR DHULE_IDA),Normal/Others,Normal/Others,169530.0,2026-07-30T00:00:00.000Z,2026.0,0.0,Install 2 set of Street lights,Install 2 set of Street lights,,ADV GOWAAL KAGADA PADAVI,,NANDURBAR,Completed,169530,2026-07-30T00:00:00.000Z,,,,,,,,,,,,Other Civil & Development Works,General Development & Maintenance
236259.0,6a932bb5cd94452437a1e89f,Maharashtra,Maharashtra,NANDURBAR,NANDURBAR,DHULE(DISTRICT COLLECTOR DHULE_IDA),DHULE(DISTRICT COLLECTOR DHULE_IDA),Normal/Others,Normal/Others,169530.0,2026-07-30T00:00:00.000Z,2026.0,0.0,Install 2 set of Street lights,Install 2 set of Street lights,,ADV GOWAAL KAGADA PADAVI,,NANDURBAR,Completed,169530,2026-07-30T00:00:00.000Z,,,,,,,,,,,,Other Civil & Development Works,General Development & Maintenance
236261.0,6a932bb5cd94452437a1e8a3,Maharashtra,Maharashtra,NANDURBAR,NANDURBAR,DHULE(DISTRICT COLLECTOR DHULE_IDA),DHULE(DISTRICT COLLECTOR DHULE_IDA),Normal/Others,Normal/Others,169530.0,2026-07-30T00:00:00.000Z,2026.0,0.0,Install 2 set of Street lights,Install 2 set of Street lights,,ADV GOWAAL KAGADA PADAVI,,NANDURBAR,Completed,169530,2026-07-30T00:00:00.000Z,,,,,,,,,,,,Other Civil & Development Works,General Development & Maintenance
236263.0,6a932bb5cd94452437a1e8a9,Maharashtra,Maharashtra,NANDURBAR,NANDURBAR,DHULE(DISTRICT COLLECTOR DHULE_IDA),DHULE(DISTRICT COLLECTOR DHULE_IDA),Normal/Others,Normal/Others,169530.0,2026-07-30T00:00:00.000Z,2026.0,0.0,Install 2 set of Street lights,Install 2 set of Street lights,,ADV GOWAAL KAGADA PADAVI,,NANDURBAR,Completed,169530,2026-07-30T00:00:00.000Z,,,,,,,,,,,,Other Civil & Development Works,General Development & Maintenance
236265.0,6a932bb5cd94452437a1e8ac,Maharashtra,Maharashtra,NANDURBAR,NANDURBAR,DHULE(DISTRICT COLLECTOR DHULE_IDA),DHULE(DISTRICT COLLECTOR DHULE_IDA),Normal/Others,Normal/Others,169530.0,2026-07-30T00:00:00.000Z,2026.0,0.0,Install 2 set of Street lights,Install 2 set of Street lights,,ADV GOWAAL KAGADA PADAVI,,NANDURBAR,Completed,169530,2026-07-30T00:00:00.000Z,,,,,,,,,,,,Other Civil & Development Works,General Development & Maintenance
236267.0,6a932bb5cd94452437a1e8ae,Maharashtra,Maharashtra,NANDURBAR,NANDURBAR,DHULE(DISTRICT COLLECTOR DHULE_IDA),DHULE(DISTRICT COLLECTOR DHULE_IDA),Normal/Others,Normal/Others,169530.0,2026-07-30T00:00:00.000Z,2026.0,0.0,Install 2 set of Street lights,Install 2 set of Street lights,,ADV GOWAAL KAGADA PADAVI,,NANDURBAR,Completed,169530,2026-07-30T00:00:00.000Z,,,,,,,,,,,,Other Civil & Development Works,General Development & Maintenance
236269.0,6a932bb5cd94452437a1e8b0,Maharashtra,Maharashtra,NANDURBAR,NANDURBAR,DHULE(DISTRICT COLLECTOR DHULE_IDA),DHULE(DISTRICT COLLECTOR DHULE_IDA),Normal/Others,Normal/Others,169530.0,2026-07-30T00:00:00.000Z,2026.0,0.0,Install 2 set of Street lights,Install 2 set of Street lights,,ADV GOWAAL KAGADA PADAVI,,NANDURBAR,Completed,169530,2026-07-30T00:00:00.000Z,,,,,,,,,,,,Other Civil & Development Works,General Development & Maintenance
236271.0,6a932bb5cd94452437a1e8b2,Maharashtra,Maharashtra,NANDURBAR,NANDURBAR,DHULE(DISTRICT COLLECTOR DHULE_IDA),DHULE(DISTRICT COLLECTOR DHULE_IDA),Normal/Others,Normal/Others,169530.0,2026-07-30T00:00:00.000Z,2026.0,0.0,Install 2 set of Street lights,Install 2 set of Street lights,,ADV GOWAAL KAGADA PADAVI,,NANDURBAR,Completed,169530,2026-07-30T00:00:00.000Z,,,,,,,,,,,,Other Civil & Development Works,General Development & Maintenance
236273.0,6a932bb5cd94452437a1e8dd,Maharashtra,Maharashtra,NANDURBAR,NANDURBAR,DHULE(DISTRICT COLLECTOR DHULE_IDA),DHULE(DISTRICT COLLECTOR DHULE_IDA),Normal/Others,Normal/Others,169530.0,2026-07-30T00:00:00.000Z,2026.0,0.0,Install 2 set of Street lights,Install 2 set of Street lights,,ADV GOWAAL KAGADA PADAVI,,NANDURBAR,Completed,169530,2026-07-30T00:00:00.000Z,,,,,,,,,,,,Other Civil & Development Works,General Development & Maintenance
236275.0,6a932bb5cd94452437a1e854,Maharashtra,Maharashtra,NANDURBAR,NANDURBAR,DHULE(DISTRICT COLLECTOR DHULE_IDA),DHULE(DISTRICT COLLECTOR DHULE_IDA),Normal/Others,Normal/Others,169530.0,2026-07-30T00:00:00.000Z,2026.0,0.0,Install 2 set of Street lights,Install 2 set of Street lights,,ADV GOWAAL KAGADA PADAVI,,NANDURBAR,Completed,169530,2026-07-30T00:00:00.000Z,,,,,,,,,,,,Other Civil & Development Works,General Development & Maintenance
236277.0,6a932bb5cd94452437a1e868,Maharashtra,Maharashtra,NANDURBAR,NANDURBAR,DHULE(DISTRICT COLLECTOR DHULE_IDA),DHULE(DISTRICT COLLECTOR DHULE_IDA),Normal/Others,Normal/Others,169530.0,2026-07-30T00:00:00.000Z,2026.0,0.0,Install 2 set of Street lights,Install 2 set of Street lights,,ADV GOWAAL KAGADA PADAVI,,NANDURBAR,Completed,169530,2026-07-30T00:00:00.000Z,,,,,,,,,,,,Other Civil & Development Works,General Development & Maintenance
236279.0,6a932bb5cd94452437a1e8e9,Maharashtra,Maharashtra,NANDURBAR,NANDURBAR,DHULE(DISTRICT COLLECTOR DHULE_IDA),DHULE(DISTRICT COLLECTOR DHULE_IDA),Normal/Others,Normal/Others,169530.0,2026-07-30T00:00:00.000Z,2026.0,0.0,Install 2 set of Street lights,Install 2 set of Street lights,,ADV GOWAAL KAGADA PADAVI,,NANDURBAR,Completed,169530,2026-07-30T00:00:00.000Z,,,,,,,,,,,,Other Civil & Development Works,General Development & Maintenance
236281.0,6a932bb5cd94452437a1e881,Maharashtra,Maharashtra,NANDURBAR,NANDURBAR,DHULE(DISTRICT COLLECTOR DHULE_IDA),DHULE(DISTRICT COLLECTOR DHULE_IDA),Normal/Others,Normal/Others,169530.0,2026-07-30T00:00:00.000Z,2026.0,0.0,Install 2 set of Street lights,Install 2 set of Street lights,,ADV GOWAAL KAGADA PADAVI,,NANDURBAR,Completed,169530,2026-07-30T00:00:00.000Z,,,,,,,,,,,,Other Civil & Development Works,General Development & Maintenance
236283.0,6a932bb5cd94452437a1e883,Maharashtra,Maharashtra,NANDURBAR,NANDURBAR,DHULE(DISTRICT COLLECTOR DHULE_IDA),DHULE(DISTRICT COLLECTOR DHULE_IDA),Normal/Others,Normal/Others,169530.0,2026-07-30T00:00:00.000Z,2026.0,0.0,Install 2 set of Street lights,Install 2 set of Street lights,,ADV GOWAAL KAGADA PADAVI,,NANDURBAR,Completed,169530,2026-07-30T00:00:00.000Z,,,,,,,,,,,,Other Civil & Development Works,General Development & Maintenance
236285.0,6a932bb5cd94452437a1e8e4,Maharashtra,Maharashtra,NANDURBAR,NANDURBAR,DHULE(DISTRICT COLLECTOR DHULE_IDA),DHULE(DISTRICT COLLECTOR DHULE_IDA),Normal/Others,Normal/Others,169530.0,2026-07-30T00:00:00.000Z,2026.0,0.0,Install 2 set of Street lights,Install 2 set of Street lights,,ADV GOWAAL KAGADA PADAVI,,NANDURBAR,Completed,169530,2026-07-30T00:00:00.000Z,,,,,,,,,,,,Other Civil & Development Works,General Development & Maintenance
236292.0,6a932bb5cd94452437a1e8b4,Maharashtra,Maharashtra,NANDURBAR,NANDURBAR,DHULE(DISTRICT COLLECTOR DHULE_IDA),DHULE(DISTRICT COLLECTOR DHULE_IDA),Normal/Others,Normal/Others,169530.0,2026-07-30T00:00:00.000Z,2026.0,0.0,Install 2 set of solar street lights,Install 2 set of solar street lights,,ADV GOWAAL KAGADA PADAVI,,NANDURBAR,Completed,169530,2026-07-30T00:00:00.000Z,,,,,,,,,,,,"Electricity, Lighting & Solar Energy",Physical Infrastructure
236294.0,6a932bb5cd94452437a1e8b6,Maharashtra,Maharashtra,NANDURBAR,NANDURBAR,DHULE(DISTRICT COLLECTOR DHULE_IDA),DHULE(DISTRICT COLLECTOR DHULE_IDA),Normal/Others,Normal/Others,169530.0,2026-07-30T00:00:00.000Z,2026.0,0.0,Install 2 set of solar street lights,Install 2 set of solar street lights,,ADV GOWAAL KAGADA PADAVI,,NANDURBAR,Completed,169530,2026-07-30T00:00:00.000Z,,,,,,,,,,,,"Electricity, Lighting & Solar Energy",Physical Infrastructure
236310.0,6a932bb5cd94452437a1e8cb,Maharashtra,Maharashtra,NANDURBAR,NANDURBAR,DHULE(DISTRICT COLLECTOR DHULE_IDA),DHULE(DISTRICT COLLECTOR DHULE_IDA),Normal/Others,Normal/Others,169530.0,2026-07-30T00:00:00.000Z,2026.0,0.0,Install 2 set of solar street lights,Install 2 set of solar street lights,,ADV GOWAAL KAGADA PADAVI,,NANDURBAR,Completed,169530,2026-07-30T00:00:00.000Z,,,,,,,,,,,,"Electricity, Lighting & Solar Energy",Physical Infrastructure
236312.0,6a932bb5cd94452437a1e8cd,Maharashtra,Maharashtra,NANDURBAR,NANDURBAR,DHULE(DISTRICT COLLECTOR DHULE_IDA),DHULE(DISTRICT COLLECTOR DHULE_IDA),Normal/Others,Normal/Others,169530.0,2026-07-30T00:00:00.000Z,2026.0,0.0,Install 2 set of solar street lights,Install 2 set of solar street lights,,ADV GOWAAL KAGADA PADAVI,,NANDURBAR,Completed,169530,2026-07-30T00:00:00.000Z,,,,,,,,,,,,"Electricity, Lighting & Solar Energy",Physical Infrastructure
236314.0,6a932bb5cd94452437a1e8cf,Maharashtra,Maharashtra,NANDURBAR,NANDURBAR,DHULE(DISTRICT COLLECTOR DHULE_IDA),DHULE(DISTRICT COLLECTOR DHULE_IDA),Normal/Others,Normal/Others,169530.0,2026-07-30T00:00:00.000Z,2026.0,0.0,Install 2 set of solar street lights,Install 2 set of solar street lights,,ADV GOWAAL KAGADA PADAVI,,NANDURBAR,Completed,169530,2026-07-30T00:00:00.000Z,,,,,,,,,,,,"Electricity, Lighting & Solar Energy",Physical Infrastructure
236316.0,6a932bb5cd94452437a1e8d1,Maharashtra,Maharashtra,NANDURBAR,NANDURBAR,DHULE(DISTRICT COLLECTOR DHULE_IDA),DHULE(DISTRICT COLLECTOR DHULE_IDA),Normal/Others,Normal/Others,169530.0,2026-07-30T00:00:00.000Z,2026.0,0.0,Install 2 set of solar street lights,Install 2 set of solar street lights,,ADV GOWAAL KAGADA PADAVI,,NANDURBAR,Completed,169530,2026-07-30T00:00:00.000Z,,,,,,,,,,,,"Electricity, Lighting & Solar Energy",Physical Infrastructure
236318.0,6a932bb5cd94452437a1e8d3,Maharashtra,Maharashtra,NANDURBAR,NANDURBAR,DHULE(DISTRICT COLLECTOR DHULE_IDA),DHULE(DISTRICT COLLECTOR DHULE_IDA),Normal/Others,Normal/Others,169530.0,2026-07-30T00:00:00.000Z,2026.0,0.0,Install 2 set of solar street lights,Install 2 set of solar street lights,,ADV GOWAAL KAGADA PADAVI,,NANDURBAR,Completed,169530,2026-07-30T00:00:00.000Z,,,,,,,,,,,,"Electricity, Lighting & Solar Energy",Physical Infrastructure
236320.0,6a932bb5cd94452437a1e8d5,Maharashtra,Maharashtra,NANDURBAR,NANDURBAR,DHULE(DISTRICT COLLECTOR DHULE_IDA),DHULE(DISTRICT COLLECTOR DHULE_IDA),Normal/Others,Normal/Others,169530.0,2026-07-30T00:00:00.000Z,2026.0,0.0,Install 2 set of solar street lights,Install 2 set of solar street lights,,ADV GOWAAL KAGADA PADAVI,,NANDURBAR,Completed,169530,2026-07-30T00:00:00.000Z,,,,,,,,,,,,"Electricity, Lighting & Solar Energy",Physical Infrastructure
236325.0,6a932bb5cd94452437a1e8d6,Maharashtra,Maharashtra,NANDURBAR,NANDURBAR,DHULE(DISTRICT COLLECTOR DHULE_IDA),DHULE(DISTRICT COLLECTOR DHULE_IDA),Normal/Others,Normal/Others,169530.0,2026-07-30T00:00:00.000Z,2026.0,0.0,Install 2 set of solar street lights,Install 2 set of solar street lights,,ADV GOWAAL KAGADA PADAVI,,NANDURBAR,Completed,169530,2026-07-30T00:00:00.000Z,,,,,,,,,,,,"Electricity, Lighting & Solar Energy",Physical Infrastructure
236327.0,6a932bb5cd94452437a1e79c,Maharashtra,Maharashtra,NANDURBAR,NANDURBAR,NANDURBAR(DISTRICT COLLECTOR NANDURBAR_IDA),NANDURBAR(DISTRICT COLLECTOR NANDURBAR_IDA),Normal/Others,Normal/Others,169529.0,2026-07-15T00:00:00.000Z,2026.0,0.0,Install 2 set of solar street lights,Install 2 set of solar street lights,,ADV GOWAAL KAGADA PADAVI,,NANDURBAR,Completed,169529,2026-07-15T00:00:00.000Z,,,,,,,,,,,,"Electricity, Lighting & Solar Energy",Physical Infrastructure
236329.0,6a932bb5cd94452437a1e7a1,Maharashtra,Maharashtra,NANDURBAR,NANDURBAR,NANDURBAR(DISTRICT COLLECTOR NANDURBAR_IDA),NANDURBAR(DISTRICT COLLECTOR NANDURBAR_IDA),Normal/Others,Normal/Others,169529.0,2026-07-15T00:00:00.000Z,2026.0,0.0,Install 2 set of solar street lights,Install 2 set of solar street lights,,ADV GOWAAL KAGADA PADAVI,,NANDURBAR,Completed,169529,2026-07-15T00:00:00.000Z,,,,,,,,,,,,"Electricity, Lighting & Solar Energy",Physical Infrastructure
236331.0,6a932bb5cd94452437a1e7a3,Maharashtra,Maharashtra,NANDURBAR,NANDURBAR,NANDURBAR(DISTRICT COLLECTOR NANDURBAR_IDA),NANDURBAR(DISTRICT COLLECTOR NANDURBAR_IDA),Normal/Others,Normal/Others,169529.0,2026-07-15T00:00:00.000Z,2026.0,0.0,Install 2 set of solar street lights,Install 2 set of solar street lights,,ADV GOWAAL KAGADA PADAVI,,NANDURBAR,Completed,169529,2026-07-15T00:00:00.000Z,,,,,,,,,,,,"Electricity, Lighting & Solar Energy",Physical Infrastructure
236488.0,6a932bb5cd94452437a1d63d,Maharashtra,Maharashtra,AMRAVATI,AMRAVATI,AMRAVATI(DISTRICT COLLECTOR AMRAVATI_IDA),AMRAVATI(DISTRICT COLLECTOR AMRAVATI_IDA),Normal/Others,Normal/Others,330990.0,2026-03-04T00:00:00.000Z,2026.0,0.0,Establish Digital School At sidharth  College paratwada,Establish Digital School At sidharth  College paratwada,,BALWANT BASWANT WANKHADE,,AMRAVATI,Completed,330990,2026-03-04T00:00:00.000Z,,,,,,,,,,,,Education & School Infrastructure,Social Infrastructure
237152.0,6a932bb5cd94452437a1c517,Maharashtra,Maharashtra,RAVER,RAVER,JALGAON(DISTRICT COLLECTOR JALGAON_IDA),JALGAON(DISTRICT COLLECTOR JALGAON_IDA),Normal/Others,Normal/Others,1982519.0,2026-01-07T00:00:00.000Z,2026.0,0.0,"Construction of paver blocks within the village at Mouje Chinchol, Taluka Muktainagar.","Construction of paver blocks within the village at Mouje Chinchol, Taluka Muktainagar.",,Smt Raksha Nikhil Khadse,,RAVER,Completed,1982519,2026-01-07T00:00:00.000Z,,,,,,,,,,,,Roads & Pathways,Physical Infrastructure
238129.0,6a932bb5cd94452437a1defc,Maharashtra,Maharashtra,KOLHAPUR,KOLHAPUR,KOLHAPUR(DISTRICT COLLECTOR KOLHAPUR_IDA),KOLHAPUR(DISTRICT COLLECTOR KOLHAPUR_IDA),Normal/Others,Normal/Others,500000.0,2026-04-07T00:00:00.000Z,2026.0,0.0,Natha Chopde house to Ram Godse house,Natha Chopde house to Ram Godse house,,CHHATRAPATI SHAHU SHAHAJI,,KOLHAPUR,Completed,500000,2026-04-07T00:00:00.000Z,,,,,,,,,,,,Other Civil & Development Works,General Development & Maintenance
239887.0,6a932bb5cd94452437a1deee,Maharashtra,Maharashtra,YAVATMAL-WASHIM,YAVATMAL-WASHIM,WASHIM(DISTRICT COLLECTOR WASHIM_IDA),WASHIM(DISTRICT COLLECTOR WASHIM_IDA),Normal/Others,Normal/Others,999400.0,2026-04-28T00:00:00.000Z,2026.0,0.0,Grampanchayt Karkheda Tal Manora Dist Yavatmal yethe Shivaji Deshmukh yanchya gharapasun te Raghvendra Rangrav Solanke yanchya Gharaparynt Paver Block Basavine,Grampanchayt Karkheda Tal Manora Dist Yavatmal yethe Shivaji Deshmukh yanchya gharapasun te Raghvendra Rangrav Solanke yanchya Gharaparynt Paver Block Basavine,,Sanjay Uttamrao Deshmukh,,YAVATMAL-WASHIM,Completed,999400,2026-04-28T00:00:00.000Z,,,,,,,,,,,,Roads & Pathways,Physical Infrastructure
240012.0,6a932bb5cd94452437a1daa6,Maharashtra,Maharashtra,YAVATMAL-WASHIM,YAVATMAL-WASHIM,YAVATMAL(DISTRICT COLLECTOR YAVATMAL_IDA),YAVATMAL(DISTRICT COLLECTOR YAVATMAL_IDA),Normal/Others,Normal/Others,974910.0,2026-03-19T00:00:00.000Z,2026.0,0.0,Grampanchayt Lakhkhind Tal Darwha Dist Yavatmal Yethe Namdev Dukre te Lokesh Kajle Yanchya Gharaparynt Cement Concrete Road banavine,Grampanchayt Lakhkhind Tal Darwha Dist Yavatmal Yethe Namdev Dukre te Lokesh Kajle Yanchya Gharaparynt Cement Concrete Road banavine,,Sanjay Uttamrao Deshmukh,,YAVATMAL-WASHIM,Completed,974910,2026-03-19T00:00:00.000Z,,,,,,,,,,,,Roads & Pathways,Physical Infrastructure
241892.0,6a932bb5cd94452437a1b40b,Maharashtra,Maharashtra,SHIRUR,SHIRUR,PUNE(DISTRICT COLLECTOR PUNE_IDA),PUNE(DISTRICT COLLECTOR PUNE_IDA),Normal/Others,Normal/Others,1000000.0,2025-11-10T00:00:00.000Z,2025.0,0.0,"construction of road From the fire station in Wagholi to Rohan Abhila Corner At. wagholi, tq. haveli, Dist. Pune","construction of road From the fire station in Wagholi to Rohan Abhila Corner At. wagholi, tq. haveli, Dist. Pune",,Amol Ramsing Kolhe,,SHIRUR,Completed,1000000,2025-11-10T00:00:00.000Z,,,,,,,,,,,,Roads & Pathways,Physical Infrastructure
242056.0,6a932bb5cd94452437a1e72b,Maharashtra,Maharashtra,AHMEDNAGAR,AHMEDNAGAR,Ahilyanagar(DISTRICT COLLECTOR AHMEDNAGAR_IDA),Ahilyanagar(DISTRICT COLLECTOR AHMEDNAGAR_IDA),Normal/Others,Normal/Others,968030.0,2026-07-21T00:00:00.000Z,2026.0,0.0,Construction of a community centres and community halls at Dhakanwadi Morkhila Wasti in front of Mahadev Mandir in GP property No 15 3 D Khata No. 1383 Tal Pathardi,Construction of a community centres and community halls at Dhakanwadi Morkhila Wasti in front of Mahadev Mandir in GP property No 15 3 D Khata No. 1383 Tal Pathardi,,NILESH DNYANDEV LANKE,,AHMEDNAGAR,Completed,968030,2026-07-21T00:00:00.000Z,,,,,,,,,,,,Community Centers & Halls,Social Infrastructure
242065.0,6a932bb5cd94452437a1e6c3,Maharashtra,Maharashtra,NANDED,NANDED,NANDED(DISTRICT COLLECTOR NANDED_IDA),NANDED(DISTRICT COLLECTOR NANDED_IDA),Normal/Others,Normal/Others,995385.0,2026-07-30T00:00:00.000Z,2026.0,0.0,"Construction of CC roads and Drainage  in the village Mauje Sujlegaon, Taluka Naigaon (Khai), District Nanded under the Gram Panchayat.","Construction of CC roads and Drainage  in the village Mauje Sujlegaon, Taluka Naigaon (Khai), District Nanded under the Gram Panchayat.",,Ravindra Vasantrao Chavan,,NANDED,Completed,995385,2026-07-30T00:00:00.000Z,,,,,,,,,,,,Roads & Pathways,Physical Infrastructure
242067.0,6a932bb5cd94452437a1dd21,Maharashtra,Maharashtra,NANDED,NANDED,NANDED(DISTRICT COLLECTOR NANDED_IDA),NANDED(DISTRICT COLLECTOR NANDED_IDA),Normal/Others,Normal/Others,495000.0,2026-03-29T00:00:00.000Z,2026.0,0.0,"Construction of CC road on the land of the Gram Panchayat under the Dalit settlement in Manganali Taluka, Kandhar District, Nanded.","Construction of CC road on the land of the Gram Panchayat under the Dalit settlement in Manganali Taluka, Kandhar District, Nanded.",,Ravindra Vasantrao Chavan,,NANDED,Completed,495000,2026-03-29T00:00:00.000Z,,,,,,,,,,,,Roads & Pathways,Physical Infrastructure
242705.0,6a932bb5cd94452437a1e0df,Maharashtra,Maharashtra,KOLHAPUR,KOLHAPUR,KOLHAPUR(DISTRICT COLLECTOR KOLHAPUR_IDA),KOLHAPUR(DISTRICT COLLECTOR KOLHAPUR_IDA),Normal/Others,Normal/Others,1499618.0,2026-04-17T00:00:00.000Z,2026.0,0.0,Construction of Road,Construction of Road,,CHHATRAPATI SHAHU SHAHAJI,,KOLHAPUR,Completed,1499618,2026-04-17T00:00:00.000Z,,,,,,,,,,,,Roads & Pathways,Physical Infrastructure
243544.0,6a932bb5cd94452437a1b16d,Maharashtra,Maharashtra,AMRAVATI,AMRAVATI,AMRAVATI(DISTRICT COLLECTOR AMRAVATI_IDA),AMRAVATI(DISTRICT COLLECTOR AMRAVATI_IDA),Normal/Others,Normal/Others,998755.0,2025-10-29T00:00:00.000Z,2025.0,0.0,Construction of wall compound at Banosa Memon Jamaat graveyard area under N.P. Daryapur.,Construction of wall compound at Banosa Memon Jamaat graveyard area under N.P. Daryapur.,,BALWANT BASWANT WANKHADE,,AMRAVATI,Completed,998755,2025-10-29T00:00:00.000Z,,,,,,,,,,,,Other Civil & Development Works,General Development & Maintenance
243635.0,6a932bb5cd94452437a1d51a,Maharashtra,Maharashtra,NANDED,NANDED,NANDED(DISTRICT COLLECTOR NANDED_IDA),NANDED(DISTRICT COLLECTOR NANDED_IDA),Normal/Others,Normal/Others,497601.0,2026-02-27T00:00:00.000Z,2026.0,0.0,Construction of C.C. Drainage from the house of Sambhaji Laxman Reddy to Anteshwar Gangadhar Reddy under Dalit Settlement Takali (Bk.) Taluka Naigaon Kh. District Nanded.,Construction of C.C. Drainage from the house of Sambhaji Laxman Reddy to Anteshwar Gangadhar Reddy under Dalit Settlement Takali (Bk.) Taluka Naigaon Kh. District Nanded.,,Ravindra Vasantrao Chavan,,NANDED,Completed,497601,2026-02-27T00:00:00.000Z,,,,,,,,,,,,Roads & Pathways,Physical Infrastructure
243734.0,6a932bb5cd94452437a1bdf4,Maharashtra,Maharashtra,RAIGAD,RAIGAD,RAIGAD(DISTRICT COLLECTOR RAIGAD_IDA),RAIGAD(DISTRICT COLLECTOR RAIGAD_IDA),Normal/Others,Normal/Others,674000.0,2026-01-08T00:00:00.000Z,2026.0,0.0,"Construction of a social hall at Rudravli Adivasiwadi, Taluka Mangaon, Dist Raigad (S.T)","Construction of a social hall at Rudravli Adivasiwadi, Taluka Mangaon, Dist Raigad (S.T)",,Sunil Dattatray Tatkare,,RAIGAD,Completed,674000,2026-01-08T00:00:00.000Z,,,,,,,,,,,,Community Centers & Halls,Social Infrastructure
245063.0,6a932bb5cd94452437a1dada,Maharashtra,Maharashtra,RATNAGIRI-SINDHUDURG,RATNAGIRI-SINDHUDURG,SINDHUDURG(DISTRICT COLLECTOR SINDHUDURG_IDA),SINDHUDURG(DISTRICT COLLECTOR SINDHUDURG_IDA),Normal/Others,Normal/Others,999000.0,2026-03-20T00:00:00.000Z,2026.0,0.0,Humbarth Titha to Ransthaliwadi road to be gravelled and asphalted - Kankavli FY 2025-26,Humbarth Titha to Ransthaliwadi road to be gravelled and asphalted - Kankavli FY 2025-26,,NARAYAN TATU RANE,,RATNAGIRI-SINDHUDURG,Completed,999000,2026-03-20T00:00:00.000Z,,,,,,,,,,,,Roads & Pathways,Physical Infrastructure
245668.0,6a932bb5cd94452437a1de6f,Maharashtra,Maharashtra,NANDED,NANDED,NANDED(DISTRICT COLLECTOR NANDED_IDA),NANDED(DISTRICT COLLECTOR NANDED_IDA),Normal/Others,Normal/Others,496040.0,2026-04-06T00:00:00.000Z,2026.0,0.0,"Construction of CC road from Chand Pashas house to Ahmed Moidins house in Chikna Taluka, Dharmabad District, Nanded","Construction of CC road from Chand Pashas house to Ahmed Moidins house in Chikna Taluka, Dharmabad District, Nanded",,Ravindra Vasantrao Chavan,,NANDED,Completed,496040,2026-04-06T00:00:00.000Z,,,,,,,,,,,,Roads & Pathways,Physical Infrastructure
246039.0,6a932bb5cd94452437a1dbef,Maharashtra,Maharashtra,SHIRDI,SHIRDI,Ahilyanagar(DISTRICT COLLECTOR AHMEDNAGAR_IDA),Ahilyanagar(DISTRICT COLLECTOR AHMEDNAGAR_IDA),Normal/Others,Normal/Others,497764.0,2026-03-24T00:00:00.000Z,2026.0,0.0,INSTALATION PEVER BLOK AT HANUMAN MANDIR GAVTHAN KARAJGAON TALUKA RAHURI,INSTALATION PEVER BLOK AT HANUMAN MANDIR GAVTHAN KARAJGAON TALUKA RAHURI,,BHAUSAHEB RAJARAM WAKCHAURE,,SHIRDI,Completed,497764,2026-03-24T00:00:00.000Z,,,,,,,,,,,,Other Civil & Development Works,General Development & Maintenance
247447.0,6a932bb5cd94452437a1e548,Maharashtra,Maharashtra,SHIRDI,SHIRDI,Ahilyanagar(DISTRICT COLLECTOR AHMEDNAGAR_IDA),Ahilyanagar(DISTRICT COLLECTOR AHMEDNAGAR_IDA),Normal/Others,Normal/Others,999560.0,2026-07-20T00:00:00.000Z,2026.0,0.0,Paver block and beautification at Chandragiri Devasthan Gram Panchayat Property No. 268 1 Gram Panchayat Manjari Taluka Rahuri,Paver block and beautification at Chandragiri Devasthan Gram Panchayat Property No. 268 1 Gram Panchayat Manjari Taluka Rahuri,,BHAUSAHEB RAJARAM WAKCHAURE,,SHIRDI,Completed,999560,2026-07-20T00:00:00.000Z,,,,,,,,,,,,Roads & Pathways,Physical Infrastructure
248639.0,6a932bb5cd94452437a1e81c,Maharashtra,Maharashtra,NANDED,NANDED,NANDED(DISTRICT COLLECTOR NANDED_IDA),NANDED(DISTRICT COLLECTOR NANDED_IDA),Normal/Others,Normal/Others,992255.0,2026-07-23T00:00:00.000Z,2026.0,0.0,Construction of CC road in Gram Panchayat area under village at Adampur Taluka Biloli Dist. Nanded,Construction of CC road in Gram Panchayat area under village at Adampur Taluka Biloli Dist. Nanded,,Ravindra Vasantrao Chavan,,NANDED,Completed,992255,2026-07-23T00:00:00.000Z,,,,,,,,,,,,Roads & Pathways,Physical Infrastructure
249987.0,6a932bb5cd94452437a1c56c,Maharashtra,Maharashtra,AMRAVATI,AMRAVATI,AMRAVATI(DISTRICT COLLECTOR AMRAVATI_IDA),AMRAVATI(DISTRICT COLLECTOR AMRAVATI_IDA),Normal/Others,Normal/Others,986321.0,2026-01-07T00:00:00.000Z,2026.0,0.0,construction of road at prabhag no 4 jamil colony from mobin master house to meraj khan pathan house,construction of road at prabhag no 4 jamil colony from mobin master house to meraj khan pathan house,,BALWANT BASWANT WANKHADE,,AMRAVATI,Completed,986321,2026-01-07T00:00:00.000Z,,,,,,,,,,,,Roads & Pathways,Physical Infrastructure
251026.0,6a932bb5cd94452437a1e2bc,Maharashtra,Maharashtra,PARBHANI,PARBHANI,PARBHANI(DISTRICT COLLECTOR PARBHANI_IDA),PARBHANI(DISTRICT COLLECTOR PARBHANI_IDA),Normal/Others,Normal/Others,495744.0,2026-05-04T00:00:00.000Z,2026.0,0.0,"Construction of CC Road under Ukhald Village, Parbhani Taluka Gram Panchayat","Construction of CC Road under Ukhald Village, Parbhani Taluka Gram Panchayat",,Sanjay Haribhau Jadhav,,PARBHANI,Completed,495744,2026-05-04T00:00:00.000Z,,,,,,,,,,,,Roads & Pathways,Physical Infrastructure
252855.0,6a932bb5cd94452437a1d300,Maharashtra,Maharashtra,DINDORI,DINDORI,NASHIK(DISTRICT COLLECTOR NASHIK_IDA),NASHIK(DISTRICT COLLECTOR NASHIK_IDA),Normal/Others,Normal/Others,995872.0,2026-02-20T00:00:00.000Z,2026.0,0.0,"Construction of a hall near Maruti Temple at Group Gram Panchayat Gujarkhede (Dhanakwadi), Taluka Yeola (Survey Number and Sub-Division 149)","Construction of a hall near Maruti Temple at Group Gram Panchayat Gujarkhede (Dhanakwadi), Taluka Yeola (Survey Number and Sub-Division 149)",,BHASKAR MURLIDHAR BHAGARE,,DINDORI,Completed,995872,2026-02-20T00:00:00.000Z,,,,,,,,,,,,Community Centers & Halls,Social Infrastructure
252862.0,6a932bb5cd94452437a1d093,Maharashtra,Maharashtra,DINDORI,DINDORI,NASHIK(DISTRICT COLLECTOR NASHIK_IDA),NASHIK(DISTRICT COLLECTOR NASHIK_IDA),Normal/Others,Normal/Others,996836.0,2026-02-23T00:00:00.000Z,2026.0,0.0,"Construction of Dashakriya vidhi shed at Manjargaon, Tal. Niphad (Property No. 330 Gat No. 115)","Construction of Dashakriya vidhi shed at Manjargaon, Tal. Niphad (Property No. 330 Gat No. 115)",,BHASKAR MURLIDHAR BHAGARE,,DINDORI,Completed,996836,2026-02-23T00:00:00.000Z,,,,,,,,,,,,Community Centers & Halls,Social Infrastructure
252880.0,6a932bb5cd94452437a1cf2e,Maharashtra,Maharashtra,DINDORI,DINDORI,NASHIK(DISTRICT COLLECTOR NASHIK_IDA),NASHIK(DISTRICT COLLECTOR NASHIK_IDA),Normal/Others,Normal/Others,991372.0,2026-02-09T00:00:00.000Z,2026.0,0.0,"Construction of a community hall near Prati Bhadra Maruti Temple at Mouje Savargaon, Tal. Niphad  (Gat  No. 346)","Construction of a community hall near Prati Bhadra Maruti Temple at Mouje Savargaon, Tal. Niphad  (Gat  No. 346)",,BHASKAR MURLIDHAR BHAGARE,,DINDORI,Completed,991372,2026-02-09T00:00:00.000Z,,,,,,,,,,,,Community Centers & Halls,Social Infrastructure
252882.0,6a932bb5cd94452437a1d620,Maharashtra,Maharashtra,DINDORI,DINDORI,NASHIK(DISTRICT COLLECTOR NASHIK_IDA),NASHIK(DISTRICT COLLECTOR NASHIK_IDA),Normal/Others,Normal/Others,999197.0,2026-03-04T00:00:00.000Z,2026.0,0.0,"Construction of a community hall near the cemetery at Gram Panchayat Dhulgaon,  Tal. Yeola (Property No. 857)","Construction of a community hall near the cemetery at Gram Panchayat Dhulgaon,  Tal. Yeola (Property No. 857)",,BHASKAR MURLIDHAR BHAGARE,,DINDORI,Completed,999197,2026-03-04T00:00:00.000Z,,,,,,,,,,,,Community Centers & Halls,Social Infrastructure
252884.0,6a932bb5cd94452437a1db91,Maharashtra,Maharashtra,DINDORI,DINDORI,NASHIK(DISTRICT COLLECTOR NASHIK_IDA),NASHIK(DISTRICT COLLECTOR NASHIK_IDA),Normal/Others,Normal/Others,936103.0,2026-03-23T00:00:00.000Z,2026.0,0.0,"Improvement of open space area in NDCC Colony area under Pimpalgaon Baswant Municipal Council, Taluka Niphad (Survey No. and Subdivision 530-1-1-Plot-19)","Improvement of open space area in NDCC Colony area under Pimpalgaon Baswant Municipal Council, Taluka Niphad (Survey No. and Subdivision 530-1-1-Plot-19)",,BHASKAR MURLIDHAR BHAGARE,,DINDORI,Completed,936103,2026-03-23T00:00:00.000Z,,,,,,,,,,,,Other Civil & Development Works,General Development & Maintenance
253453.0,6a932bb5cd94452437a1c14c,Maharashtra,Maharashtra,RAMTEK,RAMTEK,NAGPUR(DISTRICT COLLECTOR NAGPUR_IDA),NAGPUR(DISTRICT COLLECTOR NAGPUR_IDA),Normal/Others,Normal/Others,981253.0,2025-12-23T00:00:00.000Z,2025.0,0.0,"CONSTRUCTION OF COMMUNITY HALL AT CHANKAPUR WARD NO. 2 OPPOSITE SHIV MANDIR, TA. SAONER","CONSTRUCTION OF COMMUNITY HALL AT CHANKAPUR WARD NO. 2 OPPOSITE SHIV MANDIR, TA. SAONER",,Shyamkumar,,RAMTEK,Completed,981253,2025-12-23T00:00:00.000Z,,,,,,,,,,,,Community Centers & Halls,Social Infrastructure
254602.0,6a932bb5cd94452437a1e8aa,Maharashtra,Maharashtra,SATARA,SATARA,SATARA(DISTRICT COLLECTOR SATARA_IDA),SATARA(DISTRICT COLLECTOR SATARA_IDA),Normal/Others,Normal/Others,500000.0,2026-08-06T00:00:00.000Z,2026.0,0.0,Construction of Internal Road at Village Renavale,Construction of Internal Road at Village Renavale,,SHRIMANT CHH UDAYANRAJE PRATAPSINHAMAHARAJ BHONSLE,,SATARA,Completed,500000,2026-08-06T00:00:00.000Z,,,,,,,,,,,,Roads & Pathways,Physical Infrastructure
255343.0,6a932bb5cd94452437a1df0f,Maharashtra,Maharashtra,RATNAGIRI-SINDHUDURG,RATNAGIRI-SINDHUDURG,SINDHUDURG(DISTRICT COLLECTOR SINDHUDURG_IDA),SINDHUDURG(DISTRICT COLLECTOR SINDHUDURG_IDA),Normal/Others,Normal/Others,499000.0,2026-04-08T00:00:00.000Z,2026.0,0.0,Construction of cremation shed at Kalmath Gawdewadi crematorium - Kankavli FY 2025-26,Construction of cremation shed at Kalmath Gawdewadi crematorium - Kankavli FY 2025-26,,NARAYAN TATU RANE,,RATNAGIRI-SINDHUDURG,Completed,499000,2026-04-08T00:00:00.000Z,,,,,,,,,,,,Community Centers & Halls,Social Infrastructure
256589.0,6a932bb5cd94452437a1e7a4,Maharashtra,Maharashtra,NANDURBAR,NANDURBAR,NANDURBAR(DISTRICT COLLECTOR NANDURBAR_IDA),NANDURBAR(DISTRICT COLLECTOR NANDURBAR_IDA),Normal/Others,Normal/Others,169529.0,2026-07-15T00:00:00.000Z,2026.0,0.0,Installation of Street Lights (2 set),Installation of Street Lights (2 set),,ADV GOWAAL KAGADA PADAVI,,NANDURBAR,Completed,169529,2026-07-15T00:00:00.000Z,,,,,,,,,,,,Other Civil & Development Works,General Development & Maintenance
256591.0,6a932bb5cd94452437a1e7a6,Maharashtra,Maharashtra,NANDURBAR,NANDURBAR,NANDURBAR(DISTRICT COLLECTOR NANDURBAR_IDA),NANDURBAR(DISTRICT COLLECTOR NANDURBAR_IDA),Normal/Others,Normal/Others,169529.0,2026-07-15T00:00:00.000Z,2026.0,0.0,Installation of street lights (2 set),Installation of street lights (2 set),,ADV GOWAAL KAGADA PADAVI,,NANDURBAR,Completed,169529,2026-07-15T00:00:00.000Z,,,,,,,,,,,,Other Civil & Development Works,General Development & Maintenance
256631.0,6a932bb5cd94452437a1e767,Maharashtra,Maharashtra,NANDURBAR,NANDURBAR,NANDURBAR(DISTRICT COLLECTOR NANDURBAR_IDA),NANDURBAR(DISTRICT COLLECTOR NANDURBAR_IDA),Normal/Others,Normal/Others,169529.0,2026-07-15T00:00:00.000Z,2026.0,0.0,Installation of street lights (2 set),Installation of street lights (2 set),,ADV GOWAAL KAGADA PADAVI,,NANDURBAR,Completed,169529,2026-07-15T00:00:00.000Z,,,,,,,,,,,,Other Civil & Development Works,General Development & Maintenance
256633.0,6a932bb5cd94452437a1e769,Maharashtra,Maharashtra,NANDURBAR,NANDURBAR,NANDURBAR(DISTRICT COLLECTOR NANDURBAR_IDA),NANDURBAR(DISTRICT COLLECTOR NANDURBAR_IDA),Normal/Others,Normal/Others,169529.0,2026-07-15T00:00:00.000Z,2026.0,0.0,Installation of street lights (2 set),Installation of street lights (2 set),,ADV GOWAAL KAGADA PADAVI,,NANDURBAR,Completed,169529,2026-07-15T00:00:00.000Z,,,,,,,,,,,,Other Civil & Development Works,General Development & Maintenance
256635.0,6a932bb5cd94452437a1e76b,Maharashtra,Maharashtra,NANDURBAR,NANDURBAR,NANDURBAR(DISTRICT COLLECTOR NANDURBAR_IDA),NANDURBAR(DISTRICT COLLECTOR NANDURBAR_IDA),Normal/Others,Normal/Others,169529.0,2026-07-15T00:00:00.000Z,2026.0,0.0,Installation of street lights (2 set),Installation of street lights (2 set),,ADV GOWAAL KAGADA PADAVI,,NANDURBAR,Completed,169529,2026-07-15T00:00:00.000Z,,,,,,,,,,,,Other Civil & Development Works,General Development & Maintenance
256651.0,6a932bb5cd94452437a1e790,Maharashtra,Maharashtra,NANDURBAR,NANDURBAR,NANDURBAR(DISTRICT COLLECTOR NANDURBAR_IDA),NANDURBAR(DISTRICT COLLECTOR NANDURBAR_IDA),Normal/Others,Normal/Others,169529.0,2026-07-15T00:00:00.000Z,2026.0,0.0,Installation of street lights (2 set),Installation of street lights (2 set),,ADV GOWAAL KAGADA PADAVI,,NANDURBAR,Completed,169529,2026-07-15T00:00:00.000Z,,,,,,,,,,,,Other Civil & Development Works,General Development & Maintenance
256653.0,6a932bb5cd94452437a1e793,Maharashtra,Maharashtra,NANDURBAR,NANDURBAR,NANDURBAR(DISTRICT COLLECTOR NANDURBAR_IDA),NANDURBAR(DISTRICT COLLECTOR NANDURBAR_IDA),Normal/Others,Normal/Others,169529.0,2026-07-15T00:00:00.000Z,2026.0,0.0,Installation of street lights (2 set),Installation of street lights (2 set),,ADV GOWAAL KAGADA PADAVI,,NANDURBAR,Completed,169529,2026-07-15T00:00:00.000Z,,,,,,,,,,,,Other Civil & Development Works,General Development & Maintenance
256655.0,6a932bb5cd94452437a1e795,Maharashtra,Maharashtra,NANDURBAR,NANDURBAR,NANDURBAR(DISTRICT COLLECTOR NANDURBAR_IDA),NANDURBAR(DISTRICT COLLECTOR NANDURBAR_IDA),Normal/Others,Normal/Others,169529.0,2026-07-15T00:00:00.000Z,2026.0,0.0,Installation of street lights (2 set),Installation of street lights (2 set),,ADV GOWAAL KAGADA PADAVI,,NANDURBAR,Completed,169529,2026-07-15T00:00:00.000Z,,,,,,,,,,,,Other Civil & Development Works,General Development & Maintenance
259047.0,6a932bb5cd94452437a1d63f,Maharashtra,Maharashtra,AMRAVATI,AMRAVATI,AMRAVATI(DISTRICT COLLECTOR AMRAVATI_IDA),AMRAVATI(DISTRICT COLLECTOR AMRAVATI_IDA),Normal/Others,Normal/Others,330990.0,2026-03-04T00:00:00.000Z,2026.0,0.0,"installing digital room at Shivaji Multipurpose Secondary and Higher Secondary School, Panchavati, Amravati.","installing digital room at Shivaji Multipurpose Secondary and Higher Secondary School, Panchavati, Amravati.",,BALWANT BASWANT WANKHADE,,AMRAVATI,Completed,330990,2026-03-04T00:00:00.000Z,,,,,,,,,,,,Education & School Infrastructure,Social Infrastructure
266930.0,6a932bb5cd94452437a1e88b,Maharashtra,Maharashtra,NANDURBAR,NANDURBAR,DHULE(DISTRICT COLLECTOR DHULE_IDA),DHULE(DISTRICT COLLECTOR DHULE_IDA),Normal/Others,Normal/Others,169530.0,2026-07-30T00:00:00.000Z,2026.0,0.0,Installation of Street light (2set),Installation of Street light (2set),,ADV GOWAAL KAGADA PADAVI,,NANDURBAR,Completed,169530,2026-07-30T00:00:00.000Z,,,,,,,,,,,,"Electricity, Lighting & Solar Energy",Physical Infrastructure
266932.0,6a932bb5cd94452437a1e8e0,Maharashtra,Maharashtra,NANDURBAR,NANDURBAR,DHULE(DISTRICT COLLECTOR DHULE_IDA),DHULE(DISTRICT COLLECTOR DHULE_IDA),Normal/Others,Normal/Others,169530.0,2026-07-30T00:00:00.000Z,2026.0,0.0,Installation of Street light (2set),Installation of Street light (2set),,ADV GOWAAL KAGADA PADAVI,,NANDURBAR,Completed,169530,2026-07-30T00:00:00.000Z,,,,,,,,,,,,"Electricity, Lighting & Solar Energy",Physical Infrastructure
266934.0,6a932bb5cd94452437a1e8c6,Maharashtra,Maharashtra,NANDURBAR,NANDURBAR,DHULE(DISTRICT COLLECTOR DHULE_IDA),DHULE(DISTRICT COLLECTOR DHULE_IDA),Normal/Others,Normal/Others,169530.0,2026-07-30T00:00:00.000Z,2026.0,0.0,Installation of Street light (2set),Installation of Street light (2set),,ADV GOWAAL KAGADA PADAVI,,NANDURBAR,Completed,169530,2026-07-30T00:00:00.000Z,,,,,,,,,,,,"Electricity, Lighting & Solar Energy",Physical Infrastructure
266936.0,6a932bb5cd94452437a1e88e,Maharashtra,Maharashtra,NANDURBAR,NANDURBAR,DHULE(DISTRICT COLLECTOR DHULE_IDA),DHULE(DISTRICT COLLECTOR DHULE_IDA),Normal/Others,Normal/Others,169530.0,2026-07-30T00:00:00.000Z,2026.0,0.0,Installation of Street light (2set),Installation of Street light (2set),,ADV GOWAAL KAGADA PADAVI,,NANDURBAR,Completed,169530,2026-07-30T00:00:00.000Z,,,,,,,,,,,,"Electricity, Lighting & Solar Energy",Physical Infrastructure
266938.0,6a932bb5cd94452437a1e889,Maharashtra,Maharashtra,NANDURBAR,NANDURBAR,DHULE(DISTRICT COLLECTOR DHULE_IDA),DHULE(DISTRICT COLLECTOR DHULE_IDA),Normal/Others,Normal/Others,169530.0,2026-07-30T00:00:00.000Z,2026.0,0.0,Installation of Street light (2set),Installation of Street light (2set),,ADV GOWAAL KAGADA PADAVI,,NANDURBAR,Completed,169530,2026-07-30T00:00:00.000Z,,,,,,,,,,,,"Electricity, Lighting & Solar Energy",Physical Infrastructure
276662.0,6a932bb5cd94452437a1dd4d,Maharashtra,Maharashtra,NAGPUR,NAGPUR,NAGPUR(DISTRICT COLLECTOR NAGPUR_IDA),NAGPUR(DISTRICT COLLECTOR NAGPUR_IDA),Normal/Others,Normal/Others,1583723.0,2026-03-30T00:00:00.000Z,2026.0,0.0,"Development of open space beside NMC Vyayam Shala locates at Tuslhibag, Mahal (Prabhag - 18) with construction of toilets, Covered Shed and laying of I-Blocks on ground.","Development of open space beside NMC Vyayam Shala locates at Tuslhibag, Mahal (Prabhag - 18) with construction of toilets, Covered Shed and laying of I-Blocks on ground.",,Nitin Jairam Gadkari,,NAGPUR,Completed,1583723,2026-03-30T00:00:00.000Z,,,,,,,,,,,,Education & School Infrastructure,Social Infrastructure
