work_id,mp_name,district,category,cost,work_description,rank_score,has_hard_evidence,detectors_triggered,max_severity,audit_label,auditor_notes
277617,DR.MALLU RAVI,NAGARKURNOOL,Solar & Public Lighting,200000.0,Providing High Mast Light 1 No,1230.0,True,"copy_paste_pricing, duplicate_work, plausibility_mismatch, vague_description",1.0,,
277109,Gumma Thanuja Rani,ARAKU,Solar & Public Lighting,500000.0,Providing advance automatic LED solar street light system to Sethampeta mandal Parvathipuram manyam dt,1250.0,True,"benford_anomaly, copy_paste_pricing, cost_overrun, duplicate_work, plausibility_mismatch",1.0,,
283837,Mr Gopal Jee Thakur,DARBHANGA,Solar & Public Lighting,495500.0,darbhanga nagar nigam ward no 4 evam ward no 5 ke madhya bapu chowk sundarpur ke nikat sarvajanik sthal par mini high mast electric light ka adhisthapan karya,1230.0,True,"bill_splitting, copy_paste_pricing, cost_overrun, plausibility_mismatch",1.0,,
155163,Dr. Syed Naseer Hussain (2024-30),Sitting Rajya Sabha,Solar & Public Lighting,560000.0,Installation of High Mast Lights (12.5 Mtrs),1250.0,True,"copy_paste_pricing, cost_overrun, delay_violation, plausibility_mismatch, vague_description",1.0,,
224481,BALRAM NAIK PORIKA,MAHABUBABAD,Solar & Public Lighting,500000.0,"Installation of Solar Street Light at TGAHS (Boys),Bojjaigudem",1250.0,True,"benford_anomaly, cost_overrun, duplicate_work, plausibility_mismatch, vague_description",1.0,,
285265,ARUN BHARTI,JAMUI,Solar & Public Lighting,940000.0,Installation of High Mast Light,1230.0,True,"copy_paste_pricing, cost_overrun, plausibility_mismatch, vague_description",1.0,,
283868,Mr Gopal Jee Thakur,DARBHANGA,Solar & Public Lighting,495500.0,biraul prakhand antargat biraul panchayat ke hanumannagar kali sthan ( khesraha gachhi) ke nikat sarvajanik sthal par mini high mast electric light ka adhisthapan karya,1230.0,True,"bill_splitting, copy_paste_pricing, cost_overrun, plausibility_mismatch",1.0,,
269277,Shri Imran Pratapgarhi (2022-28),Sitting Rajya Sabha,Solar & Public Lighting,1000000.0,Solar Street Light with pole in the premises ward No 1,1250.0,True,"benford_anomaly, copy_paste_pricing, cost_overrun, duplicate_work, plausibility_mismatch",1.0,,
151606,Dileshwar Kamait ,SUPAUL,Normal/Others,921000.0,HIGH MAST LIGHT-1,1250.0,True,"copy_paste_pricing, cost_overrun, plausibility_mismatch, unusual_pattern, vague_description",1.0,,
269298,Shri Imran Pratapgarhi (2022-28),Sitting Rajya Sabha,Solar & Public Lighting,2000000.0,"At.Kandkhed, Taluka.purna, District Parbhani Provide solar High mast Light with Pole",1230.0,True,"benford_anomaly, cost_overrun, plausibility_mismatch, vague_description",1.0,,
169653,Ashok Kumar Yadav ,MADHUBANI,Normal/Others,495000.0,kevti prakhand antargat chhotki ladha karpoori chowk ke nikat sarvajanik sthal par mini high mast electric light ka adhisthapan karya,1270.0,True,"bill_splitting, copy_paste_pricing, cost_overrun, plausibility_mismatch, timing_anomaly, vague_description",1.0,,
245049,MURLIDHAR MOHOL,PUNE,Education & School Infrastructure,1500000.0,Purchase of books for a government approved library,1239.1,True,"benford_anomaly, copy_paste_pricing, cost_overrun, duplicate_work, vague_description",1.0,,
285184,ARUN BHARTI,JAMUI,Solar & Public Lighting,940000.0,Installation of High Mast Light,1230.0,True,"copy_paste_pricing, cost_overrun, plausibility_mismatch, vague_description",1.0,,
275585,MALVIKA DEVI,KALAHANDI,Solar & Public Lighting,500000.0,Installation of Solar High Mast Light,1250.0,True,"benford_anomaly, copy_paste_pricing, cost_overrun, plausibility_mismatch, vague_description",1.0,,
283909,Mr Gopal Jee Thakur,DARBHANGA,Solar & Public Lighting,495500.0,ghanshyampur prakhand antargat bhudev inayatpur panchayat ke kumraul hanuman mandir ke nikat sarvajanik sthal par mini high mast electric light ka adhisthapan karya,1230.0,True,"bill_splitting, copy_paste_pricing, cost_overrun, plausibility_mismatch",1.0,,
283958,Mr Gopal Jee Thakur,DARBHANGA,Solar & Public Lighting,495500.0,hanumannagar prakhand antargat sinuar panchayat ke sinuar brahmsthan ke nikat sarvajanik sthal par mini high mast electric light ka adhisthapan karya,1230.0,True,"bill_splitting, copy_paste_pricing, cost_overrun, plausibility_mismatch",1.0,,
287857,Mr Gopal Jee Thakur,DARBHANGA,Solar & Public Lighting,495500.0,baheri prakhand antargat havidih madhya panchayat ke havidih gawn me lakshminarayan mandir ke nikat sarvajanik sthal par mini high mast electric light ka adhisthapan karya,1230.0,True,"bill_splitting, copy_paste_pricing, cost_overrun, plausibility_mismatch",1.0,,
156913,Ashok Kumar Yadav ,MADHUBANI,Normal/Others,495000.0,kevti prkahand antargat koilasthan gawn me koilasthan durga mandir ke nikat sarvajanik sthal par mini high mast electric light ka adhisthapan karya,1270.0,True,"bulk_completion, copy_paste_pricing, cost_overrun, plausibility_mismatch, timing_anomaly, vague_description",1.0,,
252531,ARUN BHARTI,JAMUI,Normal/Others,940000.0,Installation of High Mast Light,1230.0,True,"copy_paste_pricing, cost_overrun, plausibility_mismatch, vague_description",1.0,,
282597,Shri Jaggesh (2022-28),Sitting Rajya Sabha,Solar & Public Lighting,500000.0,"Installation of High Mast Light at Kadathippur Village, Sasalu Hobli, Doddaballapur Taluk, Bengaluru Rural District, Karnataka.",1230.0,True,"benford_anomaly, copy_paste_pricing, cost_overrun, plausibility_mismatch",1.0,,
287864,Mr Gopal Jee Thakur,DARBHANGA,Solar & Public Lighting,495500.0,benipur nagar parishad ward no 26 me balha SH-88 ke nikat sarvajanik sthal par mini high mast electric light ka adhisthapan karya,1230.0,True,"bill_splitting, copy_paste_pricing, cost_overrun, plausibility_mismatch",1.0,,
287863,Mr Gopal Jee Thakur,DARBHANGA,Solar & Public Lighting,495500.0,darbhanga nagar nigam antargat ward no 12 rajkumarganj radio station evam triliki nath mandir ke nikat sarvajanik sthal par mini high mast electric light ka adhisthapan karya,1230.0,True,"bill_splitting, copy_paste_pricing, cost_overrun, plausibility_mismatch",1.0,,
246567,Putta Mahesh Kumar,ELURU,Normal/Others,489659.0,providing Street Lights,1230.0,True,"cost_overrun, duplicate_work, plausibility_mismatch, vague_description",1.0,,
286844,Shri Deepak (Dev) Adhikari ,GHATAL,Solar & Public Lighting,3188000.0,Supplying and Installation of 11NOS Solar High Mast Lights 289818 each,1230.0,True,"copy_paste_pricing, duplicate_work, plausibility_mismatch, vague_description",1.0,,
228237,Shri LS Tejasvi Surya ,BANGALORE SOUTH,Drinking Water Supply,500000.0,"For drilling of borewell near 8th Main Road, JP Nagar 7th Phase, Bengaluru South",1250.0,True,"benford_anomaly, copy_paste_pricing, cost_overrun, duplicate_work, plausibility_mismatch",1.0,,
275898,G. KUMAR NAIK,RAICHUR,Solar & Public Lighting,500000.0,Installation of High Mast light  at Julamgera  village,1230.0,True,"benford_anomaly, copy_paste_pricing, cost_overrun, plausibility_mismatch",1.0,,
234777,JAGADISH CHANDRA BARMA BASUNIA,COOCHBEHAR,Solar & Public Lighting,586716.0,"Installation for the single unit Mini High Mast Solar Lightening system with 4x200 WP SPV Module, Four nos 60 W Semi Integrated Street light with 60Ah Li-ion cell at Vivekananda Vidyapeeth (V.V.H.S)",1230.0,True,"copy_paste_pricing, cost_overrun, plausibility_mismatch, vague_description",1.0,,
147450,Shri Imran Pratapgarhi (2022-28),Sitting Rajya Sabha,Education & School Infrastructure,1000000.0,Compound Wall / Fencing,1231.85,True,"benford_anomaly, copy_paste_pricing, delay_violation, duplicate_work, vague_description",1.0,,
172401,Sunil Kumar ,VALMIKI NAGAR,Normal/Others,860000.0,narktiyaganj ke ward number 14 dev i sthan ke pass 16 mitar   l ed (150x8)HIGH MASt light lgana,1250.0,True,"bulk_completion, copy_paste_pricing, cost_overrun, plausibility_mismatch, unusual_pattern",1.0,,
279645,Nityanand Rai,UJJARPUR,Solar & Public Lighting,850000.0,VIDHANSABHA MORVA PRAKHAND MORVA KE SRI YATISTHAN SURUJPUR MORVA KE NIKAT HIGH MAST LIGHT KA ADHISHTHAPAN KARY.,1230.0,True,"copy_paste_pricing, cost_overrun, plausibility_mismatch, vague_description",1.0,,
287853,Mr Gopal Jee Thakur,DARBHANGA,Solar & Public Lighting,495500.0,benipur prakhand antargat nawada panchayat ke nawada ward no 14 me mukhya sadak kinare mahavir mandir ke nikat sarwajanik sthal par mini high mast electric light ka adhisthapan karya,1230.0,True,"bill_splitting, copy_paste_pricing, cost_overrun, plausibility_mismatch",1.0,,
279647,Nityanand Rai,UJJARPUR,Solar & Public Lighting,850000.0,VIDHANSABHA UJIYARPUR PRAKHAND UJIYARPUR KE RAMJANKI THAKURVARI KARIHARA KE PARISAR ME HIGH MAST LIGHT KA ADHISHTHAPAN KARY.,1230.0,True,"copy_paste_pricing, cost_overrun, plausibility_mismatch, vague_description",1.0,,
267564,Dinesh Chandra Yadav,MADHEPURA,Normal/Others,697000.0,Sonbarsa Raj prakhand antargat Lagma panchayat ke ward no-1 Dumra Chowk par High Mast Light ka adhishthapan.,1230.0,True,"bulk_completion, copy_paste_pricing, cost_overrun, plausibility_mismatch",1.0,,
242645,Shri Hanuman Beniwal,NAGAUR,Public Amenities & Sports,500000.0,High Mast Light and CCTV IN VILLAGE rOHINI,1250.0,True,"benford_anomaly, copy_paste_pricing, cost_overrun, plausibility_mismatch, vague_description",1.0,,
177631,CHINTAMANI MAHARAJ,SARGUJA,Normal/Others,497888.0,SURENDRA GHAR  KI OR SOLAR ALL IN ONE HYBRID STREET LIGHT STHAPNA,1290.0,True,"cost_overrun, duplicate_work, ghost_work, plausibility_mismatch, timing_anomaly, unusual_pattern, vague_description",1.0,,
279644,Nityanand Rai,UJJARPUR,Solar & Public Lighting,850000.0,VIDHANSABHA MORVA PRAKHAND MORVA KE SRI BABA KEVAL STHAN INDRAWARA MANDIR KE NIKAT HIGH MAST LIGHT KA ADHISHTHAPAN KARY.,1230.0,True,"copy_paste_pricing, cost_overrun, plausibility_mismatch, vague_description",1.0,,
282649,Shri Jaggesh (2022-28),Sitting Rajya Sabha,Solar & Public Lighting,500000.0,"Installation of High Mast Light at Isthur Village, Madhure Hobli, Doddaballapur Taluk, Bengaluru Rural District, Karnataka.",1230.0,True,"benford_anomaly, copy_paste_pricing, cost_overrun, plausibility_mismatch",1.0,,
139576,Dileshwar Kamait ,SUPAUL,Normal/Others,921000.0,HIGH MAST LIGHT KA ADHISTHAPAN,1250.0,True,"copy_paste_pricing, cost_overrun, plausibility_mismatch, unusual_pattern, vague_description",1.0,,
234327,Dr. Medha Vishram Kulkarni (2024-30),Sitting Rajya Sabha,Other Civil Development,1000000.0,To install 7000 sq ft paver blocks in Eswarapuram hostel,1233.7,True,"benford_anomaly, copy_paste_pricing, cost_overrun, duplicate_work, vague_description",0.98,,
158704,B K PARTHASARATHI,HINDUPUR,Solar & Public Lighting,500000.0,"Providing LED Street Lights for Nagar Panchayat
PENUKONDA",1250.0,True,"benford_anomaly, copy_paste_pricing, cost_overrun, delay_violation, plausibility_mismatch",1.0,,
283929,Mr Gopal Jee Thakur,DARBHANGA,Solar & Public Lighting,495500.0,alinagar prakhand antargat pakri mohiuddinpur panchayat ke milki ramjanki mandir ke nikat sarvajanik sthal par mini high mast electric light ka adhisthapan karya,1230.0,True,"bill_splitting, copy_paste_pricing, cost_overrun, plausibility_mismatch",1.0,,
260136,Ashok Kumar Yadav ,MADHUBANI,Solar & Public Lighting,485000.0,basuki bihari durgapatti durga mandir ke pas high mast electric light,1250.0,True,"bill_splitting, copy_paste_pricing, cost_overrun, plausibility_mismatch, vague_description",1.0,,
288061,UTKARSH VERMA MADHUR,KHERI,Solar & Public Lighting,3737200.0,vikas khand Pholbehar   ke vibhinn 24 sthano par 6 ve semi high mast lighto ka adhishthapan karya,1230.0,True,"cost_overrun, duplicate_work, plausibility_mismatch, vague_description",1.0,,
270654,GOPINATH K,KRISHNAGIRI,Other Civil Development,1000000.0,RO Plant at Bagalur GBHSS,1241.0,True,"benford_anomaly, copy_paste_pricing, cost_overrun, duplicate_work, vague_description",0.985,,
172409,Shri Janardan Singh Sigriwal ,MAHARAJGANJ,Normal/Others,2000000.0,"Isuwapur Prakhand ke 20 High School, College me Pustak ki aapurti",1262.5,True,"benford_anomaly, cost_overrun, duplicate_work, ghost_work, unusual_pattern, vague_description",1.0,,
228241,Shri LS Tejasvi Surya ,BANGALORE SOUTH,Drinking Water Supply,500000.0,"For drilling of borewell at JP Nagar 7th Phase, Apollo Hospital Road, Bengaluru South",1250.0,True,"benford_anomaly, copy_paste_pricing, cost_overrun, duplicate_work, plausibility_mismatch",1.0,,
177626,CHINTAMANI MAHARAJ,SARGUJA,Normal/Others,498944.0,ATAL CHOWK SE RAMNARAYAN GHAR KI OR ME SOLAR ALL IN ONE HYBRID STREET LIGHT STHAPNA,1290.0,True,"cost_overrun, duplicate_work, ghost_work, plausibility_mismatch, timing_anomaly, unusual_pattern, vague_description",1.0,,
169680,Ashok Kumar Yadav ,MADHUBANI,Normal/Others,495000.0,kevti prakhand antargat dighiar haat chowk ke nikat sarvajanik sthal par mini high mast electric light ka adhisthapan karya,1270.0,True,"bill_splitting, copy_paste_pricing, cost_overrun, plausibility_mismatch, timing_anomaly, vague_description",1.0,,
271395,Dinesh Chandra Yadav,MADHEPURA,Normal/Others,697000.0,Nauhatta Prakhand antargat Chandrayan Panchayat ke Jodi Choubatiya par High Mast Light ka adhishthapan.,1230.0,True,"bulk_completion, copy_paste_pricing, cost_overrun, plausibility_mismatch",1.0,,
294029,DHAVAL LAXMANBHAI PATEL,VALSAD,Solar & Public Lighting,500000.0,provide lighting ( high mast tower ) for public spaces at sai temple tithal beach,1270.0,True,"benford_anomaly, copy_paste_pricing, cost_overrun, duplicate_work, plausibility_mismatch, vague_description",1.0,,
277111,Gumma Thanuja Rani,ARAKU,Normal/Others,500000.0,providing  advance automatic LED solar street light system palakonda mandal Parvathipuram manyam dt,1250.0,True,"benford_anomaly, copy_paste_pricing, cost_overrun, duplicate_work, plausibility_mismatch",1.0,,
164628,Vijay Baghel,DURG,Normal/Others,100000.0,Purchase of books for School,1242.5,True,"bulk_completion, copy_paste_pricing, duplicate_work, ghost_work, plausibility_mismatch",1.0,,
235847,SUDAMA PRASAD,ARRAH,Normal/Others,500000.0,Installation work of High Mast Light in Agiaon Block Campus,1250.0,True,"benford_anomaly, copy_paste_pricing, cost_overrun, duplicate_work, plausibility_mismatch",1.0,,
283145,Kamaljeet Sehrawat,WEST DELHI,Solar & Public Lighting,1898381.0,Providing and fixing of LED Street Lights alongwith GI Poles in Jharoda Village Haibatpura Village and nearyby adjacent areas and locations in Ward No 127 Najafgarh under the Najafgarh Zone,1230.0,True,"bill_splitting, cost_overrun, duplicate_work, plausibility_mismatch",1.0,,
288691,Jyotsna Charandas Mahant ,KORBA,Drinking Water Supply,290000.0,"Tubewell, Borewell, with Water Tank",1239.25,True,"copy_paste_pricing, cost_overrun, duplicate_work, plausibility_mismatch, vague_description",1.0,,
270846,Dilip Saikia,Darrang-Udalguri,Solar & Public Lighting,1000000.0,Instalation Of High Mast Light at Baihata Chariali,1250.0,True,"benford_anomaly, cost_overrun, duplicate_work, plausibility_mismatch, vague_description",1.0,,
152143,Gumma Thanuja Rani,ARAKU,Normal/Others,1394400.0,purchase of street lights,1250.0,True,"cost_overrun, delay_violation, duplicate_work, plausibility_mismatch, vague_description",1.0,,
289632,DR. RAJ KUMAR CHABBEWAL,HOSHIARPUR,Solar & Public Lighting,500000.0,Installation of Solar Street Lights (work executed through Xen Mandi Board electrical division Jalandhar),1270.0,True,"benford_anomaly, copy_paste_pricing, cost_overrun, duplicate_work, plausibility_mismatch, vague_description",1.0,,
283029,Dileshwar Kamait ,SUPAUL,Education & School Infrastructure,2500000.0,DR VIDYASAGAR YADAV INTER COLLEGE KARJAIN BAZAR RAGHOPUR ME TAKNIKI TATHA PRAYOGIK UPKARNO KI AAPURTI YEVAM ADHISTHAPAN KARYA,1235.2,True,"benford_anomaly, copy_paste_pricing, cost_overrun, duplicate_work, vague_description",0.927,,
272201,SHOBHA KARANDLAJE,BANGALORE NORTH,Solar & Public Lighting,500000.0,Setting of High Mast Light at  Byalalu Village in Ajjanahalli Gram Panchayat of Tavakere Hobli,1250.0,True,"benford_anomaly, copy_paste_pricing, cost_overrun, duplicate_work, plausibility_mismatch",1.0,,
287858,Mr Gopal Jee Thakur,DARBHANGA,Solar & Public Lighting,495500.0,darbhanga nagar nigam antargat ward no 34 rahamganj kali mandir ke nikat sarvajanik sthal par mini high mast electric light ka adhisthapan karya,1230.0,True,"bill_splitting, copy_paste_pricing, cost_overrun, plausibility_mismatch",1.0,,
247608,ABDUL RASHID SHEIKH,BARAMULLAH,Normal/Others,893000.0,"Installation of Solar Street lights at various villages of Lolab Assembly constituency, Block Sogam including village Rednagh, charligund, hayatpora, Thandoosa, Diver B, Tekipora through RDD.",1230.0,True,"cost_overrun, duplicate_work, plausibility_mismatch, unusual_pattern",1.0,,
254142,Ravindra Vasantrao Chavan,NANDED,Solar & Public Lighting,1000000.0,"Installation of Heritage Light Poles (Street Lights) as required at Ramanand Nagar under Ward No. 06, Municipal Corporation",1230.0,True,"benford_anomaly, copy_paste_pricing, cost_overrun, plausibility_mismatch",1.0,,
274831,Shri Madan Rathore (2024-30),Sitting Rajya Sabha,Solar & Public Lighting,1000000.0,Installation of solar street lights at various places in Gram Panchayat Chanana of Chirawa Tehsil,1230.0,True,"benford_anomaly, copy_paste_pricing, cost_overrun, plausibility_mismatch",1.0,,
288012,Smt. Phulo Devi Netam (2026-32),Sitting Rajya Sabha,Solar & Public Lighting,1000000.0,Gram Bundelabhatha me Mini high mast light karya,1250.0,True,"benford_anomaly, cost_overrun, duplicate_work, plausibility_mismatch, vague_description",1.0,,
301897,Shri Jual Oram,SUNDARGARH,Drinking Water Supply,500000.0,Installation of Borewell and over tank facility at Masrikudar,1250.0,True,"benford_anomaly, copy_paste_pricing, cost_overrun, duplicate_work, plausibility_mismatch",1.0,,
269988,Thalikkottai Rajuthevar Baalu,SRIPERUMBUDUR,Drinking Water Supply,2500000.0,"Construction of Overhead water tank (30,000 Liters) including borewell sinking and distribution pipeline.",1230.0,True,"benford_anomaly, cost_overrun, duplicate_work, plausibility_mismatch",1.0,,
296038,AWADHESH PRASAD,FAIZABAD,Solar & Public Lighting,996000.0,"tarauli me sarvajanik sthan per,paliya mafi majhli tirahe per,anjrauli me kalpu chaurahe per,kurawan me sarvajanik sthan per high mast light",1250.0,True,"copy_paste_pricing, cost_overrun, duplicate_work, plausibility_mismatch, vague_description",1.0,,
291178,Dr. Syed Naseer Hussain (2024-30),Sitting Rajya Sabha,Solar & Public Lighting,1000000.0,Installation of High Mast lights at Burial Ground (Khabrastan) Lakshmipura Village Srinivasapura Taluk Kolar District,1230.0,True,"benford_anomaly, copy_paste_pricing, cost_overrun, plausibility_mismatch",1.0,,
283822,Mr Gopal Jee Thakur,DARBHANGA,Solar & Public Lighting,495500.0,darbhanga nagar nigam antargat ward no 13 dr bhim rao ambedkar chowk (bhandar chowk) ke nikat sarvajanik sthal par mini high mast electric light ka adhisthapan karya,1230.0,True,"bill_splitting, copy_paste_pricing, cost_overrun, plausibility_mismatch",1.0,,
286857,Shri Deepak (Dev) Adhikari ,GHATAL,Solar & Public Lighting,3188000.0,Supplying and Installation of Solar High Mast Lights 11NOS 289818 each,1230.0,True,"copy_paste_pricing, duplicate_work, plausibility_mismatch, vague_description",1.0,,
279675,JITAN RAM MANJHI,GAYA,Solar & Public Lighting,650000.0,Installation of High Mast Light in Village- Gopi More Char Muhani Panchayat- Bhare Block- Fatehpur distt-gayajee,1230.0,True,"copy_paste_pricing, cost_overrun, duplicate_work, plausibility_mismatch",1.0,,
292114,Mr Gopal Jee Thakur,DARBHANGA,Solar & Public Lighting,495500.0,nagar panchayat ghanshyampur antargat ward no 7 pali chowk ke nikat sarvajanik sthal par mini high mast electric light ka adhisthapan karya,1230.0,True,"bill_splitting, copy_paste_pricing, cost_overrun, plausibility_mismatch",1.0,,
260097,Ashok Kumar Yadav ,MADHUBANI,Solar & Public Lighting,485000.0,rahika panchayat vidyapati chowk ke pas high mast electric light,1230.0,True,"bill_splitting, copy_paste_pricing, cost_overrun, plausibility_mismatch",1.0,,
252533,ARUN BHARTI,JAMUI,Normal/Others,940000.0,Installation of High Mast Light,1230.0,True,"copy_paste_pricing, cost_overrun, plausibility_mismatch, vague_description",1.0,,
260135,Ashok Kumar Yadav ,MADHUBANI,Solar & Public Lighting,485000.0,bihari chowk purana panchayat bhawan ke pas high mast electric light,1230.0,True,"bill_splitting, copy_paste_pricing, cost_overrun, plausibility_mismatch",1.0,,
291964,Ravindra Vasantrao Chavan,NANDED,Solar & Public Lighting,500000.0,"Installation of Solar Street Lights at Hazrat Sayyed Babu Pir Dargah Located on Gram Panchayat-Owned Land at Dhamangaon, Taluka Mukhed, District Nanded.",1230.0,True,"benford_anomaly, copy_paste_pricing, cost_overrun, plausibility_mismatch",1.0,,
151604,Dileshwar Kamait ,SUPAUL,Normal/Others,921000.0,HIGH MAST LIGHT -1,1250.0,True,"copy_paste_pricing, cost_overrun, plausibility_mismatch, unusual_pattern, vague_description",1.0,,
273521,PATHAN YUSUF,BAHARAMPUR,Solar & Public Lighting,590000.0,Recommendation of 02 Nos. 9m Stand Alone Solar PV High Mast Street Lights. To the managing directore the executive agency will be West Bengal Agro Industries Corporation Ltd.,1230.0,True,"copy_paste_pricing, duplicate_work, plausibility_mismatch, vague_description",1.0,,
275927,G. KUMAR NAIK,RAICHUR,Solar & Public Lighting,500000.0,"Installation of High Mast light near Goutham Budda statue of SC colony, Chinchodi village",1230.0,True,"benford_anomaly, copy_paste_pricing, cost_overrun, plausibility_mismatch",1.0,,
295001,P C Mohan,BANGALORE CENTRAL,Drinking Water Supply,1000000.0,Drilling and commissioning of a borewell,1250.0,True,"copy_paste_pricing, cost_overrun, duplicate_work, plausibility_mismatch, vague_description",1.0,,
260098,Ashok Kumar Yadav ,MADHUBANI,Solar & Public Lighting,485000.0,rahika samudayik aspatal ke pas high mast electric light,1250.0,True,"bill_splitting, copy_paste_pricing, cost_overrun, plausibility_mismatch, vague_description",1.0,,
274459,Balashowry Vallabbhaneni,MACHILIPATNAM,Normal/Others,500000.0,Providing street lights in Urivi village of Pedana Mandal in Krishna District,1230.0,True,"benford_anomaly, copy_paste_pricing, cost_overrun, plausibility_mismatch",1.0,,
243439,Shri Hanuman Beniwal,NAGAUR,Solar & Public Lighting,500000.0,High Mast Light at three place mention in letter head,1250.0,True,"benford_anomaly, copy_paste_pricing, cost_overrun, plausibility_mismatch, vague_description",1.0,,
253158,Shri Balyogi Umeshnath (2024-30),Sitting Rajya Sabha,Solar & Public Lighting,1000000.0,Gram panchayat multhan jp badnawar distt dhar me forlane se purani gram panchayat tak street light gram ke main chourahe per hai mask,1230.0,True,"benford_anomaly, copy_paste_pricing, cost_overrun, plausibility_mismatch",1.0,,
272544,AVIMANYU SETHI,BHADRAK,Solar & Public Lighting,500000.0,"Installation of Street Light at Betada Market, Barandua G.P.",1250.0,True,"benford_anomaly, copy_paste_pricing, cost_overrun, plausibility_mismatch, vague_description",1.0,,
164622,Vijay Baghel,DURG,Normal/Others,100000.0,Purchase of books for School,1242.5,True,"bulk_completion, copy_paste_pricing, duplicate_work, ghost_work, plausibility_mismatch",1.0,,
283962,Mr Gopal Jee Thakur,DARBHANGA,Solar & Public Lighting,495500.0,bahadurpur prakahand antargat basatpur panchayat ke basatpur mahadev mandir ke nikat sarvajanik sthal par mini high mast electric light ka adhisthapan karya,1230.0,True,"bill_splitting, copy_paste_pricing, cost_overrun, plausibility_mismatch",1.0,,
249127,Ravindra Vasantrao Chavan,NANDED,Solar & Public Lighting,500000.0,"Installation of street lights at Ward No. 14 Itwara Dalit Settlement, Shaktinagar Taluka, Nanded, under the jurisdiction of Nanded Metropolitan Municipality.",1230.0,True,"benford_anomaly, copy_paste_pricing, cost_overrun, plausibility_mismatch",1.0,,
244501,Jagannath Sarkar,RANAGHAT,Solar & Public Lighting,575582.0,02 nos solar street light 9m with 04 Nos LED nearby 1 Pramad Smriti Sangha near Pramadnagar Booth-37 2 Vivekanandanagar Uttarpara Booth-38 under Babla GP Santipur Block development,1230.0,True,"copy_paste_pricing, cost_overrun, duplicate_work, plausibility_mismatch",1.0,,
282592,Shri Jaggesh (2022-28),Sitting Rajya Sabha,Solar & Public Lighting,500000.0,"Installation of High Mast Light at Aroodi Village, Sasalu Hobli, Doddaballapur Taluk, Bengaluru Rural District, Karnataka.",1230.0,True,"benford_anomaly, copy_paste_pricing, cost_overrun, plausibility_mismatch",1.0,,
286964,Shri Jaggesh (2022-28),Sitting Rajya Sabha,Solar & Public Lighting,500000.0,"Installation of High Mast Light at Dodda Tumkur Village, Madhure Hobli, Dodda Ballapur Taluk, Bengaluru Rural District, Karnataka State.",1230.0,True,"benford_anomaly, copy_paste_pricing, cost_overrun, plausibility_mismatch",1.0,,
277831,PRIYA SAROJ,MACHHLISHAHR,Solar & Public Lighting,1117844.0,MERE SANSADIY KSHETRA MACHHALISHAHR KE VIDHANSABHA PINDRA 52 SOLAR STREET LIGHT KA ADHISHTHPAN HONA HAIN JISKI SUCHI SATH ME SANLAGN HAIN,1230.0,True,"cost_overrun, duplicate_work, plausibility_mismatch, vague_description",1.0,,
254949,Ravindra Vasantrao Chavan,NANDED,Solar & Public Lighting,500000.0,"Installation of LED street lights in village Narsi under the jurisdiction of the Gram Panchayat, Taluka Naigaon, District Nanded.",1230.0,True,"benford_anomaly, copy_paste_pricing, cost_overrun, plausibility_mismatch",1.0,,
273517,PATHAN YUSUF,BAHARAMPUR,Solar & Public Lighting,2655000.0,Recommendation of 9 Nos. 9m Stand Alone Solar PV High Mast Street Lights to the MD the executive egency will be West Bengal Agro Industries Corporation Ltd.,1230.0,True,"copy_paste_pricing, duplicate_work, plausibility_mismatch, vague_description",1.0,,
279013,Shri LS Tejasvi Surya ,BANGALORE SOUTH,Drinking Water Supply,1000000.0,Drilling of borewell and installation of borewell pump wiring and related accessories at Ayodhya Nagar 17th Cross JP Nagar 5th Phase Bommanahalli Assembly Constituency Bengaluru South,1230.0,True,"benford_anomaly, copy_paste_pricing, cost_overrun, plausibility_mismatch",1.0,,
272203,SHOBHA KARANDLAJE,BANGALORE NORTH,Solar & Public Lighting,500000.0,"Setting of High Mast Light at Kudusiddanapalya Village, Ajjanahalli Gram Panchayata of Tavarekere Hobli.",1250.0,True,"benford_anomaly, copy_paste_pricing, cost_overrun, duplicate_work, plausibility_mismatch",1.0,,
275936,G. KUMAR NAIK,RAICHUR,Solar & Public Lighting,500000.0,Installation of High Mast light near Basavanna Temple,1250.0,True,"benford_anomaly, copy_paste_pricing, cost_overrun, plausibility_mismatch, vague_description",1.0,,
267554,Dinesh Chandra Yadav,MADHEPURA,Solar & Public Lighting,697000.0,Mahishi Prakhand antargat telwa poorvi haat chowk Lilja mey High Mast Light ka adhishthapan.,1230.0,True,"copy_paste_pricing, cost_overrun, plausibility_mismatch, vague_description",1.0,,
269295,Shri Imran Pratapgarhi (2022-28),Sitting Rajya Sabha,Roads & Pathways,1000000.0,"At.Dhangar Takali Taluka.purna, District Parbhani Provide solar Street Light with Pole in the premises Ring road.",1270.0,True,"benford_anomaly, copy_paste_pricing, cost_overrun, duplicate_work, plausibility_mismatch, vague_description",1.0,,
260141,Ashok Kumar Yadav ,MADHUBANI,Solar & Public Lighting,485000.0,sahar uttri panchayat ward no 7 bhairwa baba sthan ke pas high mast electric light,1230.0,True,"bill_splitting, copy_paste_pricing, cost_overrun, plausibility_mismatch",1.0,,
289023,Giridhari Yadav,BANKA,Solar & Public Lighting,875000.0,Bounsi Prakhand atargat Bounsi mey Jawahar Navodya Vidyalaya Bounsi ke prangan mey High Mast Light ka adhishthapan.,1230.0,True,"copy_paste_pricing, cost_overrun, plausibility_mismatch, vague_description",1.0,,
289633,DR. RAJ KUMAR CHABBEWAL,HOSHIARPUR,Solar & Public Lighting,500000.0,Installation of Solar Street Lights ( work executed through Xen Mandi Board electrical division Jalandhar),1270.0,True,"benford_anomaly, copy_paste_pricing, cost_overrun, duplicate_work, plausibility_mismatch, vague_description",1.0,,
253448,AZAD KIRTI JHA,BARDHAMAN-DURGAPUR,Solar & Public Lighting,330000.0,INSTALATION OF ELECTRIC HIGH MAST LIGHT NEAR BHAGRA KABARSTHAN,1230.0,True,"copy_paste_pricing, duplicate_work, plausibility_mismatch, vague_description",1.0,,
279643,Nityanand Rai,UJJARPUR,Solar & Public Lighting,850000.0,VIDHANSABHA MORVA PRAKHAND MORVA KE SRI KHUDNESHWAR DHAM MANDIR KE NIKAT HIGH MAST LIGHT KA ADHISHTHAPAN KARY.,1230.0,True,"copy_paste_pricing, cost_overrun, plausibility_mismatch, vague_description",1.0,,
296046,AWADHESH PRASAD,FAIZABAD,Solar & Public Lighting,996000.0,"uruwa vaish mantri ka purwa sarvajanik sthan per,adilpur me sarvajanik sthan per,baswar pure shukla tirahe per,gyasuddenpur me waqrrlganj bazar me high mast light",1250.0,True,"copy_paste_pricing, cost_overrun, duplicate_work, plausibility_mismatch, vague_description",1.0,,
260112,Ashok Kumar Yadav ,MADHUBANI,Solar & Public Lighting,485000.0,sambhuar panchayat me ankurit bhagwati mandir ke pas high mast electric light,1230.0,True,"bill_splitting, copy_paste_pricing, cost_overrun, plausibility_mismatch",1.0,,
290972,Shri Ramji (2020-26),Sitting Rajya Sabha,Solar & Public Lighting,4418400.0,Tehsil Lakhimpur ke vibhinn 28 Sthano par 6way Semi High Mast Lighto ka Adhisthapan Karya,1230.0,True,"cost_overrun, duplicate_work, plausibility_mismatch, vague_description",1.0,,
279640,Nityanand Rai,UJJARPUR,Solar & Public Lighting,850000.0,VIDHANSABHA SARAYRANJAN PRAKHAND VIDHYAPATINAGAR VIDHYAPATIDHAM MANDIR KE NIKAT HIGH MAST LIGHT KA ADHISHTHAPAN KARY.,1230.0,True,"copy_paste_pricing, cost_overrun, plausibility_mismatch, vague_description",1.0,,
150073,Alok Kumar Suman,GOPALGANJ,Normal/Others,995000.0,"Under the Member of Parliament Local Area Development Scheme, an amount of Rs 49 lakh 90 thousand is recommended from my MP fund for the supply and installation of 5 high mast lights (including electricity) in Gopalganj Municipal Council of Gopalganj district.",1250.0,True,"copy_paste_pricing, plausibility_mismatch, timing_anomaly, unusual_pattern, vague_description",1.0,,
141656,Dileshwar Kamait ,SUPAUL,Normal/Others,921000.0,HIGH MAST LIGHT KA ADHISTHAPAN-1,1250.0,True,"copy_paste_pricing, cost_overrun, plausibility_mismatch, unusual_pattern, vague_description",1.0,,
292153,G. KUMAR NAIK,RAICHUR,Solar & Public Lighting,500000.0,"Installation of High mast light near Anjaneyya temple of Mudnal village, Yadgir Taluk",1230.0,True,"benford_anomaly, copy_paste_pricing, cost_overrun, plausibility_mismatch",1.0,,
279646,Nityanand Rai,UJJARPUR,Solar & Public Lighting,850000.0,VIDHANSABHA UJIYARPUR PRAKHAND DALSINGHSARAY KE ANUMANDALIY HOSPITAL HANUMAN MANDIR KE SAMNE DALSINGH ME HIGH MAST LIGHT KA ADHISHTHAPAN KARY.,1230.0,True,"copy_paste_pricing, cost_overrun, plausibility_mismatch, vague_description",1.0,,
246575,Putta Mahesh Kumar,ELURU,Normal/Others,490000.0,Providing Street Lights,1270.0,True,"bill_splitting, copy_paste_pricing, cost_overrun, duplicate_work, plausibility_mismatch, vague_description",1.0,,
275926,G. KUMAR NAIK,RAICHUR,Solar & Public Lighting,500000.0,Installation of High Mast light near Anjaneya temple of Alkod  village,1230.0,True,"benford_anomaly, copy_paste_pricing, cost_overrun, plausibility_mismatch",1.0,,
283976,Mr Gopal Jee Thakur,DARBHANGA,Solar & Public Lighting,495500.0,bahadurpur prakhand ke maniyari panchayat ke shobhan gawn me bypass mahadev mandir ke nikat sarvajanik sthal par mini high mast electric light ka adhisthapan karya,1230.0,True,"bill_splitting, copy_paste_pricing, cost_overrun, plausibility_mismatch",1.0,,
290397,Manoj Tiwari,NORTH EAST DELHI,Solar & Public Lighting,2282154.0,Provision of Lighting arrangment with street light & Poles,1230.0,True,"cost_overrun, duplicate_work, plausibility_mismatch, vague_description",1.0,,
290401,Manoj Tiwari,NORTH EAST DELHI,Solar & Public Lighting,2217746.0,Provision of Lighting arrangment with Street Light Poles,1230.0,True,"cost_overrun, duplicate_work, plausibility_mismatch, vague_description",1.0,,
246432,Shri C. Sadanandan Master (2025-31),Nominated Rajya Sabha,Solar & Public Lighting,500000.0,Installation Of High mast light,1250.0,True,"copy_paste_pricing, cost_overrun, duplicate_work, plausibility_mismatch, vague_description",1.0,,
139600,Dileshwar Kamait ,SUPAUL,Normal/Others,921000.0,HIGH MAST LIGHT KA ADHISTHAPAN -1,1250.0,True,"copy_paste_pricing, cost_overrun, plausibility_mismatch, unusual_pattern, vague_description",1.0,,
276993,Vishnu Dayal Ram,PALAMU,Normal/Others,150000.0,Installation of hand pump near Sachin Pandey house in village Mahuganwa,1230.6,True,"bulk_completion, copy_paste_pricing, cost_overrun, duplicate_work, plausibility_mismatch",0.911,,
246100,DHANORKAR PRATIBHA SURESH ALIAS BALUBHAU,CHANDRAPUR,Other Civil Development,1000000.0,Beautification and installation of hand pumps in the open space adjacent to Nilawars farm on the banks of the Arunavati river in Arni,1250.0,True,"benford_anomaly, copy_paste_pricing, cost_overrun, plausibility_mismatch, vague_description",1.0,,
252891,ABDUL RASHID SHEIKH,BARAMULLAH,Normal/Others,498400.0,Installation of solar street lights at different spots of Uri Assembly Constituency. Location to be identified later.,1230.0,True,"cost_overrun, duplicate_work, plausibility_mismatch, unusual_pattern",1.0,,
150094,Alok Kumar Suman,GOPALGANJ,Normal/Others,995000.0,"Under the Member of Parliament Local Area Development Scheme, an amount of Rs 49 lakh 90 thousand is recommended from my MP fund for the supply and installation of 5 high mast lights (including electricity) in Gopalganj Municipal Council and Barauli Municipal Council of Gopalganj district.",1250.0,True,"copy_paste_pricing, plausibility_mismatch, timing_anomaly, unusual_pattern, vague_description",1.0,,
263360,Shri Derek O' Brien (2023-29),Sitting Rajya Sabha,Solar & Public Lighting,500000.0,Constraction of street lighting,1230.0,True,"copy_paste_pricing, cost_overrun, plausibility_mismatch, vague_description",1.0,,
263262,Shri Derek O' Brien (2023-29),Sitting Rajya Sabha,Solar & Public Lighting,270000.0,lnstalation of High Mast Light at Sudpur Jagari Sangha,1230.0,True,"copy_paste_pricing, duplicate_work, plausibility_mismatch, vague_description",1.0,,
283963,Mr Gopal Jee Thakur,DARBHANGA,Solar & Public Lighting,495500.0,bahadurpur prakhand antargat ughra panchayat ke ughra chowk ke nikat sarvajanik sthal par mini high mast electric light ka adhisthapan karya,1230.0,True,"bill_splitting, copy_paste_pricing, cost_overrun, plausibility_mismatch",1.0,,
283028,Dileshwar Kamait ,SUPAUL,Education & School Infrastructure,2500000.0,DR JAGANNATH MISHRA INTER COLLEGE SUPAUL ME TAKNIKI TATHA PRAYOGIK UPKARNO KA AAPURTI YEVAM ADHISTHAPAN KARYA,1235.2,True,"benford_anomaly, copy_paste_pricing, cost_overrun, duplicate_work, vague_description",0.927,,
156630,Ashok Kumar Yadav ,MADHUBANI,Normal/Others,495000.0,Supply And installation Mini High Mast Lightning System AT Paigambarpur Chowk block Keoti darbhanga,1250.0,True,"bulk_completion, copy_paste_pricing, cost_overrun, plausibility_mismatch, timing_anomaly",1.0,,
279015,Shri LS Tejasvi Surya ,BANGALORE SOUTH,Drinking Water Supply,1000000.0,Drilling of borewell and installation of borewell pump wiring and related accessories at 4th T Block BTB Area Jayanagar Bengaluru South,1230.0,True,"benford_anomaly, copy_paste_pricing, cost_overrun, plausibility_mismatch",1.0,,
246574,Putta Mahesh Kumar,ELURU,Solar & Public Lighting,490000.0,Providing Street Lights,1270.0,True,"bill_splitting, copy_paste_pricing, cost_overrun, duplicate_work, plausibility_mismatch, vague_description",1.0,,
174723,KRITI DEVI DEBBARMAN,TRIPURA EAST,Solar & Public Lighting,5479250.0,Construction of Prefabricated shop and solar street lights and beautification.,1250.0,True,"cost_overrun, delay_violation, duplicate_work, plausibility_mismatch, vague_description",1.0,,
286966,Shri Jaggesh (2022-28),Sitting Rajya Sabha,Solar & Public Lighting,500000.0,"Installation of High Mast Light at Thippur Village, Doddabelavangala Hobli, Dodda Ballapur Taluk, Bengaluru Rural District, Karnataka State.",1230.0,True,"benford_anomaly, copy_paste_pricing, cost_overrun, plausibility_mismatch",1.0,,
292141,G. KUMAR NAIK,RAICHUR,Solar & Public Lighting,500000.0,Installation of High mast light in front of  Sri Maremma temple of Gattubichali village of Raichur Tq.,1230.0,True,"benford_anomaly, copy_paste_pricing, cost_overrun, plausibility_mismatch",1.0,,
269269,Shri Imran Pratapgarhi (2022-28),Sitting Rajya Sabha,Solar & Public Lighting,1000000.0,"At. Pimpalgaon (Nimji), Taluka, Nanded, Dist. Nanded provide solar street light with pole in the premises Ward No.2",1250.0,True,"benford_anomaly, copy_paste_pricing, cost_overrun, duplicate_work, plausibility_mismatch",1.0,,
164851,Kalanidhi Veeraswamy,CHENNAI NORTH,Roads & Pathways,1000000.0,"Providing  High Mast Light in ernavoor flyover (Beach road) in dn 5, Zone -1",1250.0,True,"benford_anomaly, cost_overrun, delay_violation, plausibility_mismatch, vague_description",1.0,,
288692,Jyotsna Charandas Mahant ,KORBA,Drinking Water Supply,290000.0,"Tubewell, Borewell, with Water Tank",1239.25,True,"copy_paste_pricing, cost_overrun, duplicate_work, plausibility_mismatch, vague_description",1.0,,
246576,Putta Mahesh Kumar,ELURU,Solar & Public Lighting,490000.0,Providing Street Lights,1270.0,True,"bill_splitting, copy_paste_pricing, cost_overrun, duplicate_work, plausibility_mismatch, vague_description",1.0,,
269294,Shri Imran Pratapgarhi (2022-28),Sitting Rajya Sabha,Solar & Public Lighting,1000000.0,"At. Dhangar Takali Taluka.purna, District Parbhani Provide solar Street Light with Pole in the Premises Navin Falatwadi",1270.0,True,"benford_anomaly, copy_paste_pricing, cost_overrun, duplicate_work, plausibility_mismatch, vague_description",1.0,,
248157,Jagannath Sarkar,RANAGHAT,Solar & Public Lighting,575582.0,02 Nos solar street Light 9m with 04 Nos LED near by Palyground near Natunpara Kandakhola Booth-86-49 under Babla GP Santipur Block development,1230.0,True,"copy_paste_pricing, cost_overrun, duplicate_work, plausibility_mismatch",1.0,,
139572,Dileshwar Kamait ,SUPAUL,Normal/Others,921000.0,PIPRA PRAKHAND KE NIRMALI BAZAR ME 327 KE BAGAL HIGH MAST LIGHT KA ADHISTHAPAN,1250.0,True,"copy_paste_pricing, cost_overrun, plausibility_mismatch, unusual_pattern, vague_description",1.0,,
162646,Suresh Kumar Kashyap,SHIMLA,Normal/Others,150000.0,Installing of community Hand Pump near H/o Sh. Sita ram and others in khaddar Basti GP Parduni Executive Agency BDO Paonta Sahib,1234.7,True,"copy_paste_pricing, cost_overrun, duplicate_work, ghost_work, plausibility_mismatch",0.952,,
274460,Balashowry Vallabbhaneni,MACHILIPATNAM,Solar & Public Lighting,500000.0,Providing street lights to Lingareddipalem Village of Koduru Mandal in Krishna District,1230.0,True,"benford_anomaly, copy_paste_pricing, cost_overrun, plausibility_mismatch",1.0,,
272859,AASHTIKAR PATIL NAGESH BAPURAO,HINGOLI,Solar & Public Lighting,1000000.0,Installation of Solar Street Lights near Kailash Tekdi Mahadev Temple Area on Grampanchayat Own Land At Dayal Dhanora Tq Kinwat Dist Nanded,1250.0,True,"benford_anomaly, copy_paste_pricing, cost_overrun, plausibility_mismatch, vague_description",1.0,,
291896,Shri LS Tejasvi Surya ,BANGALORE SOUTH,Drinking Water Supply,1000000.0,"For drilling of borewell and purchase and installation of motor pumps pipes and electrical accessories at P and T Colony in Hosahalli Ward, Vijayanagar Assembly, Bengaluru - 560040",1230.0,True,"benford_anomaly, copy_paste_pricing, cost_overrun, plausibility_mismatch",1.0,,
248768,Shri Hardeep Singh Puri (2020-26),Sitting Rajya Sabha,Solar & Public Lighting,473000.0,Work of installing a high mast light near Durga Ji Temple towards the house of Sarvesh son of Gulab Patel in Village Tilauli Kala of Development Block Ghorawal.,1230.0,True,"bill_splitting, copy_paste_pricing, cost_overrun, plausibility_mismatch",1.0,,
294026,DHAVAL LAXMANBHAI PATEL,VALSAD,Solar & Public Lighting,500000.0,providing lighting (high mast tower) for public spaces at tithal beach,1270.0,True,"benford_anomaly, copy_paste_pricing, cost_overrun, duplicate_work, plausibility_mismatch, vague_description",1.0,,
260143,Ashok Kumar Yadav ,MADHUBANI,Roads & Pathways,485000.0,bishanpur panchayat pakarsham ward no 5 main road mahadalit tol ke pas high mast electric light,1230.0,True,"bill_splitting, copy_paste_pricing, cost_overrun, plausibility_mismatch",1.0,,
246625,DR. RAJESH MISHRA,SIDHI,Normal/Others,703185.0,15 NAG 40 WATT SOLAR STREET LIGHT KI STHAPANA,1230.0,True,"cost_overrun, plausibility_mismatch, unusual_pattern, vague_description",1.0,,
272893,TARIQ ANWAR,KATIHAR,Solar & Public Lighting,970000.0,Installation work of 16 meter high electric powered high mast LED (150W x 10) at a public place in Ward No. 09 Khurshid Chowk of Jarlahi Panchayat under Kursela Block.,1230.0,True,"copy_paste_pricing, cost_overrun, duplicate_work, plausibility_mismatch",1.0,,
277574,AASHTIKAR PATIL NAGESH BAPURAO,HINGOLI,Solar & Public Lighting,1000000.0,Purchase and Installation Solar Street Lights At Borkhadi (P) Tq Sengaon Dist Hingoli.,1270.0,True,"benford_anomaly, copy_paste_pricing, cost_overrun, duplicate_work, plausibility_mismatch, vague_description",1.0,,
277127,RAJABHAU,NASHIK,Solar & Public Lighting,500000.0,"Installation of solar street lights at Rayambe, Igatpuri Taluka",1250.0,True,"benford_anomaly, cost_overrun, duplicate_work, plausibility_mismatch, vague_description",1.0,,
169632,Ashok Kumar Yadav ,MADHUBANI,Normal/Others,495000.0,kevti prakhand antaragt maliya tol chowk ke nikat sarvajanik sthal par mini high mast electric light ka adhisthapan karya,1250.0,True,"bill_splitting, copy_paste_pricing, cost_overrun, plausibility_mismatch, vague_description",1.0,,
280050,PATEL UMESHBHAI BABUBHAI,DAMAN and DIU,Drinking Water Supply,1500000.0,Non harvesting borewell recharge,1270.0,True,"benford_anomaly, copy_paste_pricing, cost_overrun, duplicate_work, plausibility_mismatch, vague_description",1.0,,
275904,G. KUMAR NAIK,RAICHUR,Solar & Public Lighting,500000.0,Installation of High mast light near Anjaneyya Temple of Mustoor village,1230.0,True,"benford_anomaly, copy_paste_pricing, cost_overrun, plausibility_mismatch",1.0,,
286843,Shri Deepak (Dev) Adhikari ,GHATAL,Solar & Public Lighting,3188000.0,Supplying and Installation of 11NOS Solar High Mast Lights 289818 each,1230.0,True,"copy_paste_pricing, duplicate_work, plausibility_mismatch, vague_description",1.0,,
269296,Shri Imran Pratapgarhi (2022-28),Sitting Rajya Sabha,Roads & Pathways,1000000.0,"At.Dhangar Takali, Taluka.purna, District Parbhani Provide solar Street Light with Pole in the Premises Nadi ghat road",1270.0,True,"benford_anomaly, copy_paste_pricing, cost_overrun, duplicate_work, plausibility_mismatch, vague_description",1.0,,
150744,RADHE SHYAM RATHIYA,RAIGARH,Community Centers & Halls,1000000.0,Construction of community hall on the existing Community buiding,1231.0,True,"benford_anomaly, copy_paste_pricing, delay_violation, duplicate_work, vague_description",1.0,,
285197,ARUN BHARTI,JAMUI,Solar & Public Lighting,940000.0,Installation of High Mast Light,1230.0,True,"copy_paste_pricing, cost_overrun, plausibility_mismatch, vague_description",1.0,,
193709,Bansuri Swaraj,NEW DELHI,Normal/Others,713694.0,Provision of Street Lights and High Mast Light,1250.0,True,"cost_overrun, duplicate_work, plausibility_mismatch, unusual_pattern, vague_description",1.0,,
224480,BALRAM NAIK PORIKA,MAHABUBABAD,Solar & Public Lighting,500000.0,"Installation of Solar Street Light at TWAHS (Girls), Rompedu",1250.0,True,"benford_anomaly, cost_overrun, duplicate_work, plausibility_mismatch, vague_description",1.0,,
252535,ARUN BHARTI,JAMUI,Normal/Others,940000.0,Installation of High Mast Light,1230.0,True,"copy_paste_pricing, cost_overrun, plausibility_mismatch, vague_description",1.0,,
272895,TARIQ ANWAR,KATIHAR,Solar & Public Lighting,970000.0,"Purchase and installation of one 16 meter high electric powered 16 meter high mast LED light (150Wx10) at public place, Ward No. 01 Naya Tola Chowk under Baida Panchayat of Ahmedabad Block.",1230.0,True,"copy_paste_pricing, cost_overrun, duplicate_work, plausibility_mismatch",1.0,,
246568,Putta Mahesh Kumar,ELURU,Solar & Public Lighting,490000.0,Providing Street Lights,1270.0,True,"bill_splitting, copy_paste_pricing, cost_overrun, duplicate_work, plausibility_mismatch, vague_description",1.0,,
266869,Shri Jyotirmay Singh Mahato ,PURULIA,Solar & Public Lighting,377801.0,SOLAR HIGH MAST LIGHT,1230.0,True,"copy_paste_pricing, duplicate_work, plausibility_mismatch, vague_description",1.0,,
286965,Shri Jaggesh (2022-28),Sitting Rajya Sabha,Solar & Public Lighting,500000.0,"Installation of High Mast Light at Hanabe Village, Doddabelavangala Hobli, Dodda Ballapur Taluk, Bengaluru Rural District, Karnataka State.",1230.0,True,"benford_anomaly, copy_paste_pricing, cost_overrun, plausibility_mismatch",1.0,,
246573,Putta Mahesh Kumar,ELURU,Normal/Others,490000.0,Providing Street Lights,1270.0,True,"bill_splitting, copy_paste_pricing, cost_overrun, duplicate_work, plausibility_mismatch, vague_description",1.0,,
169630,Ashok Kumar Yadav ,MADHUBANI,Normal/Others,495000.0,kevti prakhand antargat nariyal tol pul ke nikat sarvajanik sthal par mini high mast electric light ka adhisthapan karya,1270.0,True,"bill_splitting, copy_paste_pricing, cost_overrun, plausibility_mismatch, timing_anomaly, vague_description",1.0,,
270248,MANOJ TIGGA,ALIPURDUARS,Solar & Public Lighting,755602.0,Estimate for Single Unit Stand Alone Solor PV HIgh Mast as WBREDA Configuration at Kunsang gumba Birpara 2 G.P.,1230.0,True,"cost_overrun, duplicate_work, plausibility_mismatch, vague_description",1.0,,
297001,Shri Kumbakudi Sudhakaran,KANNUR,Solar & Public Lighting,545000.0,Installation of High Mast Light at Uliyil Town  In Iritty Municipality,1250.0,True,"copy_paste_pricing, cost_overrun, duplicate_work, plausibility_mismatch, vague_description",1.0,,
257486,Smt. Sulata Deo (2022-28),Sitting Rajya Sabha,Solar & Public Lighting,1000000.0,"Installation of Solar street light at Kundabai village, Ward No.5, G.P. Kundabai, Block-Udala, Executive Agency-ITDA-Kaptipada",1250.0,True,"benford_anomaly, copy_paste_pricing, cost_overrun, duplicate_work, plausibility_mismatch",1.0,,
156896,Ashok Kumar Yadav ,MADHUBANI,Normal/Others,495000.0,kevti prakhand antargat benwara ganesh mandir ke nikat sarvajanik sthal par mini high mast electric light ka adhisthapan karya,1250.0,True,"bill_splitting, copy_paste_pricing, cost_overrun, plausibility_mismatch, vague_description",1.0,,
287865,Mr Gopal Jee Thakur,DARBHANGA,Solar & Public Lighting,495500.0,benipur nagar parishad antargat ward no 23 navtolia chauraha ke nikat sarvajanik sthal par mini high mast electric light ka adhisthapan karya,1230.0,True,"bill_splitting, copy_paste_pricing, cost_overrun, plausibility_mismatch",1.0,,
150086,Alok Kumar Suman,GOPALGANJ,Normal/Others,995000.0,"Under the Member of Parliament Local Area Development Scheme, an amount of Rs 49 lakh 90 thousand is recommended from my MP fund for the supply and installation of 5 high mast lights (including electricity) in Gopalganj Municipal Council and Barauli Municipal Council of Gopalganj district.",1250.0,True,"copy_paste_pricing, plausibility_mismatch, timing_anomaly, unusual_pattern, vague_description",1.0,,
224479,BALRAM NAIK PORIKA,MAHABUBABAD,Solar & Public Lighting,500000.0,"Installation of Solar Street Light at TGTWRJC, Sudmalla",1250.0,True,"benford_anomaly, cost_overrun, duplicate_work, plausibility_mismatch, vague_description",1.0,,
267667,E. TUKARAM,BELLARY,Solar & Public Lighting,500000.0,High mast light work at sivapura gollarahatti village,1250.0,True,"benford_anomaly, copy_paste_pricing, cost_overrun, duplicate_work, plausibility_mismatch",1.0,,
283832,Mr Gopal Jee Thakur,DARBHANGA,Solar & Public Lighting,495500.0,darbhanga nagar nigam ward no 8 subhankarpur me badrinarayan mandir ke nikat sarvajanik sthal par mini high mast electric light ka adhisthapan karya,1230.0,True,"bill_splitting, copy_paste_pricing, cost_overrun, plausibility_mismatch",1.0,,
164624,Vijay Baghel,DURG,Normal/Others,100000.0,Purchase of books for School,1242.5,True,"bulk_completion, copy_paste_pricing, duplicate_work, ghost_work, plausibility_mismatch",1.0,,
269272,Shri Imran Pratapgarhi (2022-28),Sitting Rajya Sabha,Solar & Public Lighting,1000000.0,"At. Ambegaon. Taluka, Ardhapur. Dist. Nanded Provide solar street light with pole in the premises Ward No. 1",1250.0,True,"benford_anomaly, copy_paste_pricing, cost_overrun, duplicate_work, plausibility_mismatch",1.0,,
282591,Shri Jaggesh (2022-28),Sitting Rajya Sabha,Solar & Public Lighting,500000.0,"Installation of High Mast Light at Sasalu Village, Sasalu Hobli, Doddaballapur Taluk, Bengaluru Rural District, Karnataka.",1230.0,True,"benford_anomaly, copy_paste_pricing, cost_overrun, plausibility_mismatch",1.0,,
283824,Mr Gopal Jee Thakur,DARBHANGA,Solar & Public Lighting,495500.0,darbhanga nagar nigam antargat ward no 10 bhagat singh chowk ke  nikat sarvajanik sthal par mini high mast electric light ka adhisthapan karya,1230.0,True,"bill_splitting, copy_paste_pricing, cost_overrun, plausibility_mismatch",1.0,,
211051,MURLIDHAR MOHOL,PUNE,Education & School Infrastructure,1500000.0,Purchase of books for a government-approved library,1239.1,True,"benford_anomaly, copy_paste_pricing, cost_overrun, duplicate_work, vague_description",1.0,,
282595,Shri Jaggesh (2022-28),Sitting Rajya Sabha,Solar & Public Lighting,500000.0,"Installation of High Mast Light at Konaghatta Village, Kasaba Hobli, Doddaballapur Taluk, Bengaluru Rural District, Karnataka.",1230.0,True,"benford_anomaly, copy_paste_pricing, cost_overrun, plausibility_mismatch",1.0,,
292127,G. KUMAR NAIK,RAICHUR,Solar & Public Lighting,500000.0,Installation of High Mast light near Sri Channabasaveshwara Math   Chimlapur village of Manvi Taluk,1230.0,True,"benford_anomaly, copy_paste_pricing, cost_overrun, plausibility_mismatch",1.0,,
273520,PATHAN YUSUF,BAHARAMPUR,Solar & Public Lighting,885000.0,Recommendation of 03 Nos. 9m Stand Alone Solar PV High Mast Street Lights. To the managing directore the executive agency will be West Bengal Agro Industries Corporation Ltd.,1230.0,True,"copy_paste_pricing, duplicate_work, plausibility_mismatch, vague_description",1.0,,
208567,Ajay Kumar Mandal,BHAGALPUR,Normal/Others,918100.0,Installation of high mast light at sports ground Mamlakha. (Sl no. 4),1250.0,True,"cost_overrun, duplicate_work, plausibility_mismatch, unusual_pattern, vague_description",1.0,,
286264,Balashowry Vallabbhaneni,MACHILIPATNAM,Solar & Public Lighting,500000.0,Providing LED street lights in Vinnakota village of Gudlavalleru Mandal in Krishna District,1230.0,True,"benford_anomaly, copy_paste_pricing, cost_overrun, plausibility_mismatch",1.0,,
139574,Dileshwar Kamait ,SUPAUL,Normal/Others,921000.0,HIGH MAST LIGHT KA ADHISTHAPAN,1250.0,True,"copy_paste_pricing, cost_overrun, plausibility_mismatch, unusual_pattern, vague_description",1.0,,
271388,Midhun Reddy,RAJAMPET,Normal/Others,500000.0,Providing RO Plant in Gollapalli Village,1233.25,True,"benford_anomaly, copy_paste_pricing, cost_overrun, duplicate_work, vague_description",0.98,,
298338,Ravindra Vasantrao Chavan,NANDED,Solar & Public Lighting,1500000.0,"Installation of poles and street lights at various locations, as required, in Ward A and Ward B under Division No. 16, within the limits of Nanded Waghala City Municipal Corporation, Nanded, Taluka and District Nanded.",1250.0,True,"benford_anomaly, copy_paste_pricing, cost_overrun, duplicate_work, plausibility_mismatch",1.0,,
287859,Mr Gopal Jee Thakur,DARBHANGA,Solar & Public Lighting,495500.0,darbhanga nagar nigam antargat ward no 46 press club (shani mandir ke nikat) laheriasarai sarvajanik sthal par mini high mast electric light ka adhisthapan karya,1230.0,True,"bill_splitting, copy_paste_pricing, cost_overrun, plausibility_mismatch",1.0,,
283838,Mr Gopal Jee Thakur,DARBHANGA,Solar & Public Lighting,495500.0,darbhanga nagar nigam ward no 12 kadirabad chowk (ram darbar) ke nikat sarvajanik sthal par mini high mast electric light ka adhisthapan karya,1230.0,True,"bill_splitting, copy_paste_pricing, cost_overrun, plausibility_mismatch",1.0,,
285246,ARUN BHARTI,JAMUI,Solar & Public Lighting,940000.0,Installation of High Mast Light,1230.0,True,"copy_paste_pricing, cost_overrun, plausibility_mismatch, vague_description",1.0,,
292140,G. KUMAR NAIK,RAICHUR,Solar & Public Lighting,500000.0,Insallation of High Mast light near Anjaneya temple of Eralakunta village of Arakera Hobli Devadurg Taluk,1230.0,True,"benford_anomaly, copy_paste_pricing, cost_overrun, plausibility_mismatch",1.0,,
172962,Sunil Kumar ,VALMIKI NAGAR,Normal/Others,860000.0,BAGHA WARD 9 MEENA BAJAR HNUMAN MANDIR KE PASS 16 MITAR  (150WTX8 )HIGH MASTLIGHT,1250.0,True,"bulk_completion, copy_paste_pricing, cost_overrun, plausibility_mismatch, unusual_pattern",1.0,,
283960,Mr Gopal Jee Thakur,DARBHANGA,Solar & Public Lighting,495500.0,bahadurpur prakahand antargat khaira panchayat ke khaira purwari tol hanuman mandir ke nikat sarvajanik sthal par mini high mast electric light ka adhisthapan karya,1230.0,True,"bill_splitting, copy_paste_pricing, cost_overrun, plausibility_mismatch",1.0,,
269271,Shri Imran Pratapgarhi (2022-28),Sitting Rajya Sabha,Solar & Public Lighting,1000000.0,"At. pimpalgaon (Nimji), Taluka, Nanded Dist Nanded provide solar high mast light with Pole in the village.",1250.0,True,"benford_anomaly, copy_paste_pricing, cost_overrun, duplicate_work, plausibility_mismatch",1.0,,
260134,Ashok Kumar Yadav ,MADHUBANI,Solar & Public Lighting,485000.0,Madhwapur bhagat singh chowk ke pas high mast electric light,1250.0,True,"bill_splitting, copy_paste_pricing, cost_overrun, plausibility_mismatch, vague_description",1.0,,
302801,NABA CHARAN MAJHI,MAYURBHANJ,Community Centers & Halls,500000.0,INSTALLATION OF HIGH MAST LIGHT AT- KOSTHA JAGANNATH COMMUNITY CENTER AGENCY- BDO SULIAPADA,1250.0,True,"benford_anomaly, copy_paste_pricing, cost_overrun, plausibility_mismatch, vague_description",1.0,,
286262,Balashowry Vallabbhaneni,MACHILIPATNAM,Solar & Public Lighting,500000.0,providing LED street lights  in Chevendra village of Pedana Mandal in Krishna District,1230.0,True,"benford_anomaly, copy_paste_pricing, cost_overrun, plausibility_mismatch",1.0,,
287045,DR. RAJ KUMAR CHABBEWAL,HOSHIARPUR,Solar & Public Lighting,300000.0,Installation of Solar Street Lights ( Work executed through Xen Mandi Board Electrical Division  Gurdaspur,1230.0,True,"copy_paste_pricing, cost_overrun, duplicate_work, plausibility_mismatch",1.0,,
275586,MALVIKA DEVI,KALAHANDI,Solar & Public Lighting,500000.0,Installation of Solar High Mast Light,1250.0,True,"benford_anomaly, copy_paste_pricing, cost_overrun, plausibility_mismatch, vague_description",1.0,,
262263,DR. SHARMILA SARKAR,BARDHAMAN PURBA,Solar & Public Lighting,800000.0,Two electric high mast lights at municipality play ground (Lake Garden) of Dainhat municipality,1230.0,True,"copy_paste_pricing, cost_overrun, plausibility_mismatch, vague_description",1.0,,
156879,Ashok Kumar Yadav ,MADHUBANI,Normal/Others,495000.0,Supply And installation Mini High Mast Lightning System AT Kaharia Durga Mandir Chowk bock Keoti darbhanga,1250.0,True,"bill_splitting, copy_paste_pricing, cost_overrun, plausibility_mismatch, timing_anomaly",1.0,,
269281,Shri Imran Pratapgarhi (2022-28),Sitting Rajya Sabha,Solar & Public Lighting,1000000.0,Solar Street Light with pole in the premises ward No 3,1250.0,True,"benford_anomaly, copy_paste_pricing, cost_overrun, duplicate_work, plausibility_mismatch",1.0,,
150942,RADHE SHYAM RATHIYA,RAIGARH,Drinking Water Supply,500000.0,2 units Borewell drilling and installation of pump along with the installation of 1000 liter Sintex water tanks,1236.25,True,"benford_anomaly, copy_paste_pricing, delay_violation, duplicate_work, plausibility_mismatch",1.0,,
290973,Shri Ramji (2020-26),Sitting Rajya Sabha,Solar & Public Lighting,1262400.0,Tehsil Gola Gokaran Nath ke vibhinn 8 Sthano par 6way Semi High Mast Lighto ka Adhisthapan Karya,1230.0,True,"cost_overrun, duplicate_work, plausibility_mismatch, vague_description",1.0,,
277107,Gumma Thanuja Rani,ARAKU,Normal/Others,500000.0,Providing advance automatic LED solar street light system to Bhamini mandal parvathipuram manyam dt,1250.0,True,"benford_anomaly, copy_paste_pricing, cost_overrun, duplicate_work, plausibility_mismatch",1.0,,
287856,Mr Gopal Jee Thakur,DARBHANGA,Solar & Public Lighting,495500.0,baheri prakhand antargat havidih dakshni panchayat ke bijulia chowk ke nikat sarvajanik sthal par mini high mast electric light ka adhisthapan karya,1230.0,True,"bill_splitting, copy_paste_pricing, cost_overrun, plausibility_mismatch",1.0,,
73037,Shri Ilaiyaraaja (2022-28),Nominated Rajya Sabha,Solar & Public Lighting,900000.0,1 No. High Mast Light in Pannaipuram Bus Stop,1230.0,True,"cost_overrun, delay_violation, plausibility_mismatch, vague_description",1.0,,
246619,DR. RAJESH MISHRA,SIDHI,Normal/Others,703185.0,15 NAG 40 WATT SOLAR STREET LIGHT KI STHAPANA,1230.0,True,"cost_overrun, plausibility_mismatch, unusual_pattern, vague_description",1.0,,
198651,Raju Bista,DARJEELING,Solar & Public Lighting,500000.0,Installation of High Mast lighting,1250.0,True,"benford_anomaly, copy_paste_pricing, cost_overrun, plausibility_mismatch, vague_description",1.0,,
248821,Shri Hardeep Singh Puri (2020-26),Sitting Rajya Sabha,Solar & Public Lighting,473000.0,Work of installing high mast light near the pond in the middle of village Badhauli,1230.0,True,"bill_splitting, copy_paste_pricing, cost_overrun, plausibility_mismatch",1.0,,
260110,Ashok Kumar Yadav ,MADHUBANI,Solar & Public Lighting,485000.0,basuara panchayat ke basuara chowk lakshmi mandir ke pas high mast electric light,1230.0,True,"bill_splitting, copy_paste_pricing, cost_overrun, plausibility_mismatch",1.0,,
246615,DR. RAJESH MISHRA,SIDHI,Normal/Others,703185.0,15 NAG 40 WATT SOLAR STREET LIGHT KI STHAPANA,1230.0,True,"cost_overrun, plausibility_mismatch, unusual_pattern, vague_description",1.0,,
276487,Smt. Renuka Chowdhury (2024-30),Sitting Rajya Sabha,Solar & Public Lighting,465000.0,"Installation of 3 High Mast Lights near Tumram Suresh House and near Hanuman Temple and near M Bhujanga Rao house at Limguda Village Girgoan GP, Tamsi Mandal, Adilabad District, Telangana",1230.0,True,"bill_splitting, copy_paste_pricing, duplicate_work, plausibility_mismatch",1.0,,
285248,ARUN BHARTI,JAMUI,Solar & Public Lighting,940000.0,Installation of High Mast Light,1230.0,True,"copy_paste_pricing, cost_overrun, plausibility_mismatch, vague_description",1.0,,
290974,Shri Ramji (2020-26),Sitting Rajya Sabha,Solar & Public Lighting,2209200.0,Tehsil Mohammdi ke vibhinn 14 Sthano par 6way Semi High Mast Lighto ka Adhisthapan Karya,1230.0,True,"cost_overrun, duplicate_work, plausibility_mismatch, vague_description",1.0,,
286856,Shri Deepak (Dev) Adhikari ,GHATAL,Solar & Public Lighting,3188000.0,Supplying and Installation of Solar High Mast Lights 11NOS 289818 each,1230.0,True,"copy_paste_pricing, duplicate_work, plausibility_mismatch, vague_description",1.0,,
262394,S Venkatesan,MADURAI,Roads & Pathways,500000.0,"Providing High Mast Light in Near  Kalmandapam, Alagar Kovil Main Road, Iraniyam Panchayat, Madurai West Panchayat Union. (2025-2026)",1230.0,True,"benford_anomaly, copy_paste_pricing, cost_overrun, plausibility_mismatch",1.0,,
283913,Mr Gopal Jee Thakur,DARBHANGA,Solar & Public Lighting,495500.0,ghanshyampur prakhand antargat ganaun panchayat ke dethua dih mushari tola ( dina bhadri sthan) durga sthan kar nikat sarvajanik sthal par mini high mast electric light ka adhisthapan karya,1230.0,True,"bill_splitting, copy_paste_pricing, cost_overrun, plausibility_mismatch",1.0,,
292137,G. KUMAR NAIK,RAICHUR,Solar & Public Lighting,500000.0,Installation of High Mast light near Shambavi shantamalleshwara Math of Neelgal village Devadurg Taluk,1230.0,True,"benford_anomaly, copy_paste_pricing, cost_overrun, plausibility_mismatch",1.0,,
181200,Shri Pramod Tiwari (2022-28),Sitting Rajya Sabha,Education & School Infrastructure,1500000.0,Construction of public reading room and library.,1250.1,True,"benford_anomaly, copy_paste_pricing, cost_overrun, delay_violation, duplicate_work, vague_description",0.91,,
293411,TOKHAN SAHU,BILASPUR,Education & School Infrastructure,1500000.0,SARASWATI SHISHU MANDIR HR. SEC. SCHOOL ME BHAWAN NIRMAN PATTHARKHAN,1237.9,True,"benford_anomaly, copy_paste_pricing, cost_overrun, duplicate_work, vague_description",0.988,,
245516,Shri C. Sadanandan Master (2025-31),Nominated Rajya Sabha,Solar & Public Lighting,500000.0,Installation of one High Mast light and,1250.0,True,"copy_paste_pricing, cost_overrun, duplicate_work, plausibility_mismatch, vague_description",1.0,,
286265,Balashowry Vallabbhaneni,MACHILIPATNAM,Normal/Others,500000.0,Providing LED street lights in Polatitippa village of Machilipatnam Mandal in Krishna District,1230.0,True,"benford_anomaly, copy_paste_pricing, cost_overrun, plausibility_mismatch",1.0,,
260619,ANAND BHADAURIYA,DHAURAHRA,Solar & Public Lighting,2051200.0,Induction work of 13(6way) Semi High Mast Light at various Places according to the attached list in the Legislative Assembly Mitauli and Dhaurahara.,1230.0,True,"cost_overrun, duplicate_work, plausibility_mismatch, vague_description",1.0,,
267562,Dinesh Chandra Yadav,MADHEPURA,Normal/Others,697000.0,Nauhatta prakhand antargat Sattaur panchayat ke Sattaur uchh Vidyalaya ke prangan mey High Mast Light ka adhishthapan.,1230.0,True,"bulk_completion, copy_paste_pricing, cost_overrun, plausibility_mismatch",1.0,,
248770,Shri Hardeep Singh Puri (2020-26),Sitting Rajya Sabha,Solar & Public Lighting,473000.0,Work of installing a high mast light near Shankar Ji Temple of Ramlila Sthal in Village Mahuav Pandey of Development Block Ghorawal,1230.0,True,"bill_splitting, copy_paste_pricing, cost_overrun, plausibility_mismatch",1.0,,
286104,Indra Hang Subba,SIKKIM,Public Amenities & Sports,500000.0,"Installation of street lights at Labour of Love Park, Rimbi",1250.0,True,"benford_anomaly, copy_paste_pricing, cost_overrun, plausibility_mismatch, vague_description",1.0,,
259897,SHOBHA KARANDLAJE,BANGALORE NORTH,Solar & Public Lighting,500000.0,"Setting High Mast Light at Cholanaikanahalli Village, Tavarekere Hobli",1250.0,True,"benford_anomaly, copy_paste_pricing, cost_overrun, duplicate_work, plausibility_mismatch",1.0,,
176645,Mr Gopal Jee Thakur,DARBHANGA,Normal/Others,495000.0,manigachhi prakhand antargat narrotampur uccha vidyalaya ke nikat sarvajanik sthal par mini high mast electric light ka adhisthapan karya,1250.0,True,"bill_splitting, cost_overrun, ghost_work, plausibility_mismatch, vague_description",1.0,,
270366,Smt. Jebi Mather Hisham (2022-28),Sitting Rajya Sabha,Solar & Public Lighting,500000.0,"Installation of High Mast Light - Near Vayambal Thampuran Temple, Near NSS Karayogam building No. 2070. Opposite to Sooryaprabha Convention Centre, Mannanthala, Ward 13, Thiruvananthapuram Corporation",1230.0,True,"benford_anomaly, copy_paste_pricing, cost_overrun, plausibility_mismatch",1.0,,
277573,AASHTIKAR PATIL NAGESH BAPURAO,HINGOLI,Solar & Public Lighting,1000000.0,"Purchase and Installation Solar Street Lights At. Birkhedi (P), Tq Sengaon Dist Hingoli.",1270.0,True,"benford_anomaly, copy_paste_pricing, cost_overrun, duplicate_work, plausibility_mismatch, vague_description",1.0,,
277608,DR.MALLU RAVI,NAGARKURNOOL,Solar & Public Lighting,200000.0,Providing High Mast Light 01 No,1230.0,True,"copy_paste_pricing, duplicate_work, plausibility_mismatch, vague_description",1.0,,
281624,Ramprit Mandal,JHANJHARPUR,Solar & Public Lighting,1000000.0,Basopatti prakhand ke Kataiya  panchayat ke Kataiya gram Sthith Mithila Vivah Bhawan ke pas high mast light ka adhisthapan karya .,1230.0,True,"benford_anomaly, copy_paste_pricing, cost_overrun, plausibility_mismatch",1.0,,
282590,Shri Jaggesh (2022-28),Sitting Rajya Sabha,Solar & Public Lighting,500000.0,"Installation of High Mast Light at Chikkabelavangala Village, Doddabelavangala Hobli, Doddaballapur Taluk, Bengaluru Rural District, Karnataka.",1230.0,True,"benford_anomaly, copy_paste_pricing, cost_overrun, plausibility_mismatch",1.0,,
269293,Shri Imran Pratapgarhi (2022-28),Sitting Rajya Sabha,Solar & Public Lighting,1000000.0,"At. Dhangar Takali, Taluka.purna, District Parbhani Provide solar Street Light with Pole in the Premises Ward No. 01",1250.0,True,"benford_anomaly, copy_paste_pricing, cost_overrun, duplicate_work, plausibility_mismatch",1.0,,
155188,Dr. Syed Naseer Hussain (2024-30),Sitting Rajya Sabha,Solar & Public Lighting,560000.0,Installation of High Mast Lights (12.5 Mtrs),1250.0,True,"copy_paste_pricing, cost_overrun, delay_violation, plausibility_mismatch, vague_description",1.0,,
295005,P C Mohan,BANGALORE CENTRAL,Drinking Water Supply,1000000.0,Drilling and commissioning of a borewell,1250.0,True,"copy_paste_pricing, cost_overrun, duplicate_work, plausibility_mismatch, vague_description",1.0,,
283147,Kamaljeet Sehrawat,WEST DELHI,Solar & Public Lighting,1887063.0,Providing and fixing of LED Street Lights alongwith GI Poles in Mitraon Village and adjacent nearby areas and locations in Ward No 127 Najafgarh under the Najafgarh Zone,1230.0,True,"bill_splitting, cost_overrun, duplicate_work, plausibility_mismatch",1.0,,
164626,Vijay Baghel,DURG,Normal/Others,100000.0,Purchase of books for School,1242.5,True,"bulk_completion, copy_paste_pricing, duplicate_work, ghost_work, plausibility_mismatch",1.0,,
283964,Mr Gopal Jee Thakur,DARBHANGA,Solar & Public Lighting,495500.0,bahadurpur prakhand antargat biuni andama panchayat ke birniya chowk ke nikat sarvajanik sthal par mini high mast elctric light ka adhisthapan karya,1230.0,True,"bill_splitting, copy_paste_pricing, cost_overrun, plausibility_mismatch",1.0,,
169678,Ashok Kumar Yadav ,MADHUBANI,Normal/Others,495000.0,kevti prakhand antargat kanhaiya ghat kamadtoli ke nikat sarvajanik sthal par mini high mast electric light ka adhisthapan karya,1270.0,True,"bulk_completion, copy_paste_pricing, cost_overrun, plausibility_mismatch, timing_anomaly, vague_description",1.0,,
283910,Mr Gopal Jee Thakur,DARBHANGA,Solar & Public Lighting,495500.0,ghanshayampur prakhand antargat tumaul panchayat ke tumaul durga mandir parisar ke nikat sarvajanik sthal par mini high mast electric light ka adhisthapan karya,1230.0,True,"bill_splitting, copy_paste_pricing, cost_overrun, plausibility_mismatch",1.0,,
259896,SHOBHA KARANDLAJE,BANGALORE NORTH,Solar & Public Lighting,500000.0,"Setting High Mast Light At Circle of Katanayakanapura Village, Hemmigepura Gollahalli Gram Panchayat, Kengeri Hobli",1250.0,True,"benford_anomaly, copy_paste_pricing, cost_overrun, duplicate_work, plausibility_mismatch",1.0,,
275730,MALVIKA DEVI,KALAHANDI,Solar & Public Lighting,500000.0,Installation of two nos of Solar High Mast Light 4 Way Lighting System,1250.0,True,"benford_anomaly, copy_paste_pricing, cost_overrun, plausibility_mismatch, vague_description",1.0,,
296037,AWADHESH PRASAD,FAIZABAD,Solar & Public Lighting,996000.0,"kahua hanuman mandir per,hisamuddenpur munnu ka purwa me,eit gao tirahe per,hisamuddenpur shaker ji mandir per high mast light",1250.0,True,"copy_paste_pricing, cost_overrun, duplicate_work, plausibility_mismatch, vague_description",1.0,,
249200,Shri Hardeep Singh Puri (2020-26),Sitting Rajya Sabha,Solar & Public Lighting,473000.0,Work of installing a high mast light in village Panchayat Jugail Tola Bhaisaura Vanvasi Seva Ashram branch Jugail of development block Chopan,1230.0,True,"bill_splitting, copy_paste_pricing, cost_overrun, plausibility_mismatch",1.0,,
141654,Dileshwar Kamait ,SUPAUL,Normal/Others,921000.0,HIGH MAST LIGHT KA ADHISTHAPAN -1,1250.0,True,"copy_paste_pricing, cost_overrun, plausibility_mismatch, unusual_pattern, vague_description",1.0,,
286967,Shri Jaggesh (2022-28),Sitting Rajya Sabha,Solar & Public Lighting,500000.0,"Installation of High Mast Light at Gundumgere Village, Sasalu Hobli, Dodda Ballapur Taluk, Bengaluru Rural District, Karnataka State.",1230.0,True,"benford_anomaly, copy_paste_pricing, cost_overrun, plausibility_mismatch",1.0,,
260106,Ashok Kumar Yadav ,MADHUBANI,Solar & Public Lighting,485000.0,sanaur panchayat gadhwair durga mandir ke pas high mast electric light,1230.0,True,"bill_splitting, copy_paste_pricing, cost_overrun, plausibility_mismatch",1.0,,
286962,Shri Jaggesh (2022-28),Sitting Rajya Sabha,Solar & Public Lighting,500000.0,"Installation of High Mast Light at Bhaktharahalli Village, Doddabelavangala Hobli, Dodda Ballapur Taluk, Bengaluru Rural District, Karnataka State.",1230.0,True,"benford_anomaly, copy_paste_pricing, cost_overrun, plausibility_mismatch",1.0,,
150944,RADHE SHYAM RATHIYA,RAIGARH,Drinking Water Supply,500000.0,2 units Borewell drilling and installation of pump along with the installation of 1000 liter Sintex water tanks,1236.25,True,"benford_anomaly, copy_paste_pricing, delay_violation, duplicate_work, plausibility_mismatch",1.0,,
260108,Ashok Kumar Yadav ,MADHUBANI,Solar & Public Lighting,485000.0,lakshmipur panchayat ke pirsthan mahadev mandir ke pas high mast electric light,1230.0,True,"bill_splitting, copy_paste_pricing, cost_overrun, plausibility_mismatch",1.0,,
271397,Dinesh Chandra Yadav,MADHEPURA,Normal/Others,697000.0,Nagar Nigam Saharsa antargat Ward No-43 Sulindabad Diwari road GD Goinka ke saamney High Mast Light ka adhishthapan.,1230.0,True,"bulk_completion, copy_paste_pricing, cost_overrun, plausibility_mismatch",1.0,,
150091,Alok Kumar Suman,GOPALGANJ,Normal/Others,995000.0,"Under the Member of Parliament Local Area Development Scheme, an amount of Rs 49 lakh 90 thousand is recommended from my MP fund for the supply and installation of 5 high mast lights (including electricity) in Gopalganj Municipal Council and Barauli Municipal Council of Gopalganj district.",1250.0,True,"copy_paste_pricing, plausibility_mismatch, timing_anomaly, unusual_pattern, vague_description",1.0,,
283492,Gumma Thanuja Rani,ARAKU,Normal/Others,500000.0,Providing Borewell and shed to RO plant at Dasaripeta village Jiyyamvalasa mandal Parvathipuram Manyam district,1230.0,True,"benford_anomaly, copy_paste_pricing, cost_overrun, plausibility_mismatch",1.0,,
269270,Shri Imran Pratapgarhi (2022-28),Sitting Rajya Sabha,Solar & Public Lighting,1000000.0,"At. Pimpalgaon (Nimji), Taluka, Nanded, Dist. Nanded provide solar street light with pole in the premises Ward No.3",1250.0,True,"benford_anomaly, copy_paste_pricing, cost_overrun, duplicate_work, plausibility_mismatch",1.0,,
268596,PATHAN YUSUF,BAHARAMPUR,Solar & Public Lighting,1475000.0,"Proposal for 5 nos. of 9m PV solar high mast street light. To the MD, The executive agency will be, West Bengal Agro Industries Corporation Ltd.",1230.0,True,"copy_paste_pricing, duplicate_work, plausibility_mismatch, vague_description",1.0,,
248775,Shri Hardeep Singh Puri (2020-26),Sitting Rajya Sabha,Solar & Public Lighting,473000.0,Installation of a high mast light near the Ramlila ground in Ward No 3 of Churk Nagar Panchayat,1230.0,True,"bill_splitting, copy_paste_pricing, cost_overrun, plausibility_mismatch",1.0,,
298050,AMRARAM,SIKAR,Solar & Public Lighting,500000.0,"Installation of high mast lights in public square, Village Mandota",1250.0,True,"benford_anomaly, copy_paste_pricing, cost_overrun, duplicate_work, plausibility_mismatch",1.0,,
282589,Shri Jaggesh (2022-28),Sitting Rajya Sabha,Solar & Public Lighting,500000.0,"Installation of High Mast Light at Naranahalli Village, Doddabelavangala Hobli, Doddaballapur Taluk, Bengaluru Rural District, Karnataka.",1230.0,True,"benford_anomaly, copy_paste_pricing, cost_overrun, plausibility_mismatch",1.0,,
259899,SHOBHA KARANDLAJE,BANGALORE NORTH,Solar & Public Lighting,500000.0,Setting High Mast Light at Ramasandra Village of Sulikere Panchayath of Kengeri Hobli,1250.0,True,"benford_anomaly, copy_paste_pricing, cost_overrun, duplicate_work, plausibility_mismatch",1.0,,
237076,S Venkatesan,MADURAI,Drinking Water Supply,500000.0,"Providing Borewell Syntex, Ward No.59, Ambedkar Nagar. (2025-2026)",1250.0,True,"benford_anomaly, copy_paste_pricing, cost_overrun, duplicate_work, plausibility_mismatch",1.0,,
291195,Shri LS Tejasvi Surya ,BANGALORE SOUTH,Drinking Water Supply,1000000.0,"For Drilling of borewell and purchase & installation of motor, pumps, pipes & wires for borewell at KP Agrahara, 20th Cross Road, 6th Main, behind Rajkumar Statue, Bengaluru",1230.0,True,"benford_anomaly, copy_paste_pricing, cost_overrun, plausibility_mismatch",1.0,,
267568,Dinesh Chandra Yadav,MADHEPURA,Normal/Others,697000.0,Patarghat prakhand antargat Kishanpur panchayat ke ward no-15 Paharpur Madhya Vidyalaya ke bagal mey High Mast Light ka adhishthapan.,1230.0,True,"bulk_completion, copy_paste_pricing, cost_overrun, plausibility_mismatch",1.0,,
259149,SHOBHA KARANDLAJE,BANGALORE NORTH,Solar & Public Lighting,500000.0,Setting of High Mast Light at Ganapathihalli Janata Colony Village of Chunchanakuppe Grama Panchayat,1250.0,True,"benford_anomaly, copy_paste_pricing, cost_overrun, duplicate_work, plausibility_mismatch",1.0,,
282596,Shri Jaggesh (2022-28),Sitting Rajya Sabha,Solar & Public Lighting,500000.0,"Installation of High Mast Light at Banavathi Village, Sasalu Hobli, Doddaballapur Taluk, Bengaluru Rural District, Karnataka.",1230.0,True,"benford_anomaly, copy_paste_pricing, cost_overrun, plausibility_mismatch",1.0,,
282598,Shri Jaggesh (2022-28),Sitting Rajya Sabha,Solar & Public Lighting,2500000.0,"Installation of High Mast Light at Alur Palya, Lakshmipura, and Kittana Halli Villages, Dasanapura Hobli, Benagaluru North Taluk, Bengaluru Urban District, Karnataka",1250.0,True,"benford_anomaly, copy_paste_pricing, cost_overrun, plausibility_mismatch, vague_description",1.0,,
270655,GOPINATH K,KRISHNAGIRI,Other Civil Development,1000000.0,RO Plant at Nallur GHSS,1242.5,True,"benford_anomaly, copy_paste_pricing, cost_overrun, duplicate_work, vague_description",1.0,,
150939,RADHE SHYAM RATHIYA,RAIGARH,Drinking Water Supply,500000.0,2 units Borewell drilling and installation of pump along with the installation of 1000 liter Sintex water tanks,1236.25,True,"benford_anomaly, copy_paste_pricing, delay_violation, duplicate_work, plausibility_mismatch",1.0,,
260609,ANAND BHADAURIYA,DHAURAHRA,Solar & Public Lighting,3313600.0,induction work of 21(6way) Semi high mast light at Various Places according list in the Legislative Assembly Mitauli.,1230.0,True,"cost_overrun, duplicate_work, plausibility_mismatch, vague_description",1.0,,
260138,Ashok Kumar Yadav ,MADHUBANI,Solar & Public Lighting,485000.0,balwa panchayat mushari tol ke pas high mast electric light,1230.0,True,"bill_splitting, copy_paste_pricing, cost_overrun, plausibility_mismatch",1.0,,
248818,Shri Hardeep Singh Puri (2020-26),Sitting Rajya Sabha,Solar & Public Lighting,473000.0,Work of installing high mast light in the colony near Sheetla Mata Temple in village Karaki,1230.0,True,"bill_splitting, copy_paste_pricing, cost_overrun, plausibility_mismatch",1.0,,
286858,Shri Deepak (Dev) Adhikari ,GHATAL,Solar & Public Lighting,3188000.0,Supplying and Installation of Solar High Mast Lights 11NOS 289818 each,1230.0,True,"copy_paste_pricing, duplicate_work, plausibility_mismatch, vague_description",1.0,,
283956,Mr Gopal Jee Thakur,DARBHANGA,Solar & Public Lighting,495500.0,kiratpur prakhand antargat rasiyari gawn ward no 6 sri lal brahm sthan (gahbar) ke nikat sarvajanik sthal par mini high mast electric light ka adhisthapan karya,1230.0,True,"bill_splitting, copy_paste_pricing, cost_overrun, plausibility_mismatch",1.0,,
285263,ARUN BHARTI,JAMUI,Solar & Public Lighting,940000.0,Installation of High Mast Light,1230.0,True,"copy_paste_pricing, cost_overrun, plausibility_mismatch, vague_description",1.0,,
283974,Mr Gopal Jee Thakur,DARBHANGA,Solar & Public Lighting,495500.0,manigachhi prakhand antargat tatuar panchayat ke tatuar gawn me krishna mandir ke nikat sarvajanik sthal par mini high mast electric light ka adhisthapan karya,1230.0,True,"bill_splitting, copy_paste_pricing, cost_overrun, plausibility_mismatch",1.0,,
201132,RAJESH VERMA,KHAGARIA,Normal/Others,1495893.0,alouli vidhaansbha ke 45 jgaho me   hand pump insatllioton,1250.0,True,"cost_overrun, duplicate_work, plausibility_mismatch, unusual_pattern, vague_description",1.0,,
260113,Ashok Kumar Yadav ,MADHUBANI,Solar & Public Lighting,485000.0,khajuri panchayat me brahmsthan ke pas high mast electric light,1230.0,True,"bill_splitting, copy_paste_pricing, cost_overrun, plausibility_mismatch",1.0,,
260142,Ashok Kumar Yadav ,MADHUBANI,Solar & Public Lighting,485000.0,sahar dakshni ward no 1 neta jee chowk ke pas high mast electric light,1230.0,True,"bill_splitting, copy_paste_pricing, cost_overrun, plausibility_mismatch",1.0,,
272226,SHOBHA KARANDLAJE,BANGALORE NORTH,Solar & Public Lighting,500000.0,"Setting of High Mast Light at Ward No.72 Herohalli Bharatanagar 2nd Phase, Muneshwara Layout Circle, Near Muneshwara Swamy Temple (Bus Stand)",1230.0,True,"benford_anomaly, copy_paste_pricing, cost_overrun, plausibility_mismatch",1.0,,
142053,Shri Imran Pratapgarhi (2022-28),Sitting Rajya Sabha,Roads & Pathways,1000000.0,Construction of compound wall and cement road at Muslim Kabristan,1230.85,True,"benford_anomaly, copy_paste_pricing, delay_violation, duplicate_work, vague_description",0.98,,
208565,Ajay Kumar Mandal,BHAGALPUR,Normal/Others,918100.0,Installation of high mast light at sports ground Farka. (Sl no. 2),1250.0,True,"cost_overrun, duplicate_work, plausibility_mismatch, unusual_pattern, vague_description",1.0,,
289003,Giridhari Yadav,BANKA,Solar & Public Lighting,875000.0,Fullidumar Prakhand atargat Prathamik Swasthya Kendra Fullidumar ke parisar mey  High Mast Light ka adhishthapan.,1230.0,True,"copy_paste_pricing, cost_overrun, plausibility_mismatch, vague_description",1.0,,
260107,Ashok Kumar Yadav ,MADHUBANI,Solar & Public Lighting,485000.0,sanaur panchayat ke shankarpur krishna mandir ke pas high mast electric light,1230.0,True,"bill_splitting, copy_paste_pricing, cost_overrun, plausibility_mismatch",1.0,,
267572,Dinesh Chandra Yadav,MADHEPURA,Normal/Others,697000.0,Kahra prakhand antargat Diwari panchayat ke Dhakjari Bharauli Gaon mey Thakurbari ke najdeek High Mast Light ka adhishthapan.,1230.0,True,"bulk_completion, copy_paste_pricing, cost_overrun, plausibility_mismatch",1.0,,
283867,Mr Gopal Jee Thakur,DARBHANGA,Solar & Public Lighting,495500.0,biraul prakhand antargat parri panchayat ke sati sthan chowk ke nikat sarvajanik sthal par mini high mast electric light ka adhisthapan karya,1230.0,True,"bill_splitting, copy_paste_pricing, cost_overrun, plausibility_mismatch",1.0,,
260101,Ashok Kumar Yadav ,MADHUBANI,Solar & Public Lighting,485000.0,kakraul panchayat baba kapleshwar mandir ke pas high mast electric light,1230.0,True,"bill_splitting, copy_paste_pricing, cost_overrun, plausibility_mismatch",1.0,,
286845,Shri Deepak (Dev) Adhikari ,GHATAL,Solar & Public Lighting,3188000.0,Supplying and Installation of 11NOS Solar High Mast Lights 289818 each,1230.0,True,"copy_paste_pricing, duplicate_work, plausibility_mismatch, vague_description",1.0,,
260104,Ashok Kumar Yadav ,MADHUBANI,Solar & Public Lighting,485000.0,balia panchayat me durga mandir ke pas high mast electric light,1230.0,True,"bill_splitting, copy_paste_pricing, cost_overrun, plausibility_mismatch",1.0,,
285251,ARUN BHARTI,JAMUI,Solar & Public Lighting,940000.0,Installation of High Mast Light,1230.0,True,"copy_paste_pricing, cost_overrun, plausibility_mismatch, vague_description",1.0,,
279673,JITAN RAM MANJHI,GAYA,Solar & Public Lighting,650000.0,"Installation of high mast light in village- fatehpur (Hanuman mandir Ghat Ke pas) Panchayat-Akthu Kachanpur, block- belaganj, distt- gaya",1230.0,True,"copy_paste_pricing, cost_overrun, duplicate_work, plausibility_mismatch",1.0,,
174721,KRITI DEVI DEBBARMAN,TRIPURA EAST,Solar & Public Lighting,5807060.0,Construction of Prefabricated shop and solar street lights and beautification.,1250.0,True,"cost_overrun, delay_violation, duplicate_work, plausibility_mismatch, vague_description",1.0,,
279040,Y S Avinash Reddy,KADAPA,Drinking Water Supply,498000.0,Providing of Branch Pipeline from existing CBR Right canal to Gunakanapalli lift scheme pipeline to recharge borewells in stage 1 of Gunakanapalli Village of Lingala Mandal,1249.9,True,"bill_splitting, copy_paste_pricing, cost_overrun, duplicate_work, plausibility_mismatch",1.0,,
259219,ANAND BHADAURIYA,DHAURAHRA,Solar & Public Lighting,12533850.0,Induction work of semi high mast light 6th at various places according to the attached list in the Legislative Assembly Maholi and Hargaon.,1230.0,True,"cost_overrun, duplicate_work, plausibility_mismatch, vague_description",1.0,,
273519,PATHAN YUSUF,BAHARAMPUR,Solar & Public Lighting,295000.0,Recommendation of 1 Nos. 9m Stand Alone Solar PV High Mast Street Lights to the MD the executive egency will be West Bengal Agro Industries Corporation Ltd.,1230.0,True,"copy_paste_pricing, duplicate_work, plausibility_mismatch, vague_description",1.0,,
275895,G. KUMAR NAIK,RAICHUR,Solar & Public Lighting,500000.0,Installation of High Mast light at Korthakunda village,1230.0,True,"benford_anomaly, copy_paste_pricing, cost_overrun, plausibility_mismatch",1.0,,
274529,K. C VENUGOPAL,ALAPPUZHA,Solar & Public Lighting,445000.0,Installation of a High Mast Light near the Veterinary hospital in the 12th ward of Arattupuzha GP,1230.0,True,"copy_paste_pricing, cost_overrun, duplicate_work, plausibility_mismatch",1.0,,
272706,Dr. Syed Naseer Hussain (2024-30),Sitting Rajya Sabha,Public Amenities & Sports,560000.0,Installation of High Mast Lights (12.5 Mtrs) near Bus Stop Backside District Stadium Ballari.,1230.0,True,"copy_paste_pricing, cost_overrun, duplicate_work, plausibility_mismatch",1.0,,
262519,PRIYA SAROJ,MACHHLISHAHR,Solar & Public Lighting,1000000.0,Mere sansadiy kshetra machhali shahar ke vidhansabha kerakat Mein sarvajanik jagahon par das high mast light lagna hai jinki suchi sath me sanlgn hai,1230.0,True,"benford_anomaly, cost_overrun, plausibility_mismatch, vague_description",1.0,,
248824,Shri Hardeep Singh Puri (2020-26),Sitting Rajya Sabha,Solar & Public Lighting,473000.0,Work of installing high mast light at PAC turn in village Parasi Pandey,1230.0,True,"bill_splitting, copy_paste_pricing, cost_overrun, plausibility_mismatch",1.0,,
269280,Shri Imran Pratapgarhi (2022-28),Sitting Rajya Sabha,Solar & Public Lighting,1000000.0,Solar Street Light with pole in the premises ward No 3,1250.0,True,"benford_anomaly, copy_paste_pricing, cost_overrun, duplicate_work, plausibility_mismatch",1.0,,
289210,PHANI BHUSAN CHOUDHURY,BARPETA,Solar & Public Lighting,1000000.0,Installation of Solar Street Light in Tihu Municipal Area,1250.0,True,"benford_anomaly, copy_paste_pricing, cost_overrun, plausibility_mismatch, vague_description",1.0,,
150943,RADHE SHYAM RATHIYA,RAIGARH,Drinking Water Supply,500000.0,2 units Borewell drilling and installation of pump along with the installation of 1000 liter Sintex water tanks,1236.25,True,"benford_anomaly, copy_paste_pricing, delay_violation, duplicate_work, plausibility_mismatch",1.0,,
246621,DR. RAJESH MISHRA,SIDHI,Normal/Others,703185.0,15 NAG 40 WATT SOLAR STREET LIGHT KI STHAPANA,1230.0,True,"cost_overrun, plausibility_mismatch, unusual_pattern, vague_description",1.0,,
260144,Ashok Kumar Yadav ,MADHUBANI,Solar & Public Lighting,485000.0,pihwara panchayat ke pihwara chowk ke pas high mast electric light,1230.0,True,"bill_splitting, copy_paste_pricing, cost_overrun, plausibility_mismatch",1.0,,
295007,P C Mohan,BANGALORE CENTRAL,Drinking Water Supply,1000000.0,Drilling and commissioning of a borewell,1250.0,True,"copy_paste_pricing, cost_overrun, duplicate_work, plausibility_mismatch, vague_description",1.0,,
156632,Ashok Kumar Yadav ,MADHUBANI,Normal/Others,495000.0,Supply And installation Mini High Mast Lightning System AT Chak Bhawani Chowk block Keoti darbhanga,1250.0,True,"bill_splitting, copy_paste_pricing, cost_overrun, plausibility_mismatch, timing_anomaly",1.0,,
286125,K Subbarayan,TIRUPPUR,Solar & Public Lighting,528000.0,"Installation of high mast light near Vijayamangalam bus stop, Perundurai.",1230.0,True,"copy_paste_pricing, cost_overrun, plausibility_mismatch, vague_description",1.0,,
290976,Shri Ramji (2020-26),Sitting Rajya Sabha,Solar & Public Lighting,946800.0,Tehsil Dhaurahara ke vibhinn 06 Sthano par 6way Semi High Mast Lighto ka Adhisthapan Karya,1230.0,True,"cost_overrun, duplicate_work, plausibility_mismatch, vague_description",1.0,,
285234,K Subbarayan,TIRUPPUR,Roads & Pathways,550000.0,"Installation of high mast lights on the main road to Karattupalayam hill temple, Nambiyur union, Gobi taluk, Erode district.",1230.0,True,"copy_paste_pricing, cost_overrun, plausibility_mismatch, vague_description",1.0,,
282593,Shri Jaggesh (2022-28),Sitting Rajya Sabha,Solar & Public Lighting,500000.0,"Installation of High Mast Light at Alahalli Village, Kasaba Hobli, Doddaballapur Taluk, Bengaluru Rural District, Karnataka.",1230.0,True,"benford_anomaly, copy_paste_pricing, cost_overrun, plausibility_mismatch",1.0,,
269276,Shri Imran Pratapgarhi (2022-28),Sitting Rajya Sabha,Solar & Public Lighting,1000000.0,Solar Street Light with pole in the premises ward No 1,1250.0,True,"benford_anomaly, copy_paste_pricing, cost_overrun, duplicate_work, plausibility_mismatch",1.0,,
246586,K. C VENUGOPAL,ALAPPUZHA,Solar & Public Lighting,445000.0,Installation of a High Mast Light in front of Muhiyudeen Juma Masjid in the 1st ward of Ambalappuzha South GP,1230.0,True,"copy_paste_pricing, cost_overrun, duplicate_work, plausibility_mismatch",1.0,,
276485,Smt. Renuka Chowdhury (2024-30),Sitting Rajya Sabha,Solar & Public Lighting,465000.0,"Installation of 3 High Mast Lights near GP Building and near TGB Bank and near G Ganapathy House at Kapparla Village, Tamsi Mandal, Adilabad District, Telangana",1230.0,True,"bill_splitting, copy_paste_pricing, duplicate_work, plausibility_mismatch",1.0,,
224478,BALRAM NAIK PORIKA,MAHABUBABAD,Solar & Public Lighting,500000.0,"Installation of Solar Street Light at TGTWRES, Sudmalla",1250.0,True,"benford_anomaly, cost_overrun, duplicate_work, plausibility_mismatch, vague_description",1.0,,
266868,Shri Jyotirmay Singh Mahato ,PURULIA,Solar & Public Lighting,377801.0,solar high mast light,1230.0,True,"copy_paste_pricing, duplicate_work, plausibility_mismatch, vague_description",1.0,,
263641,PATHAN YUSUF,BAHARAMPUR,Solar & Public Lighting,2950000.0,"Proposal for supply and delivery of 10 no 9m Stand Alone Solar PV High Mast  Street Lights the executive agency will be Managing Director, West Bengal Agro Industries Corporation Ltd.",1230.0,True,"copy_paste_pricing, duplicate_work, plausibility_mismatch, vague_description",1.0,,
285099,Shri Karti P Chidambaram ,SIVAGANGA,Solar & Public Lighting,800000.0,MPLADS 2025-26 Providing in High mast Light in 1st street Madapuram Vilakku,1250.0,True,"copy_paste_pricing, cost_overrun, duplicate_work, plausibility_mismatch, vague_description",1.0,,
269989,Thalikkottai Rajuthevar Baalu,SRIPERUMBUDUR,Drinking Water Supply,2500000.0,"Construction of Overhead water tank (30,000 Litres) including Borewell sinkng and distribution pipeline  nwtwork at vaipoo panchayat.",1230.0,True,"benford_anomaly, cost_overrun, duplicate_work, plausibility_mismatch",1.0,,
296036,AWADHESH PRASAD,FAIZABAD,Solar & Public Lighting,996000.0,"sevra pure mali me,sevra mod tirahe per,khanpur pure shukla harihar baba sthan per,armaripur safdar bhari tirahe per high mast light",1250.0,True,"copy_paste_pricing, cost_overrun, duplicate_work, plausibility_mismatch, vague_description",1.0,,
275897,G. KUMAR NAIK,RAICHUR,Solar & Public Lighting,500000.0,Installation of High Mast light near Teertha Bruhanmatha of Sulthanpur  village,1230.0,True,"benford_anomaly, copy_paste_pricing, cost_overrun, plausibility_mismatch",1.0,,
269746,Dilip Saikia,Darrang-Udalguri,Solar & Public Lighting,1000000.0,Installation of High Mast Light at Panitema,1250.0,True,"benford_anomaly, cost_overrun, duplicate_work, plausibility_mismatch, vague_description",1.0,,
246572,Putta Mahesh Kumar,ELURU,Normal/Others,489659.0,Providing Street Lights,1230.0,True,"cost_overrun, duplicate_work, plausibility_mismatch, vague_description",1.0,,
152146,Gumma Thanuja Rani,ARAKU,Normal/Others,1394400.0,purchase of street lights,1250.0,True,"cost_overrun, delay_violation, duplicate_work, plausibility_mismatch, vague_description",1.0,,
261195,S Venkatesan,MADURAI,Solar & Public Lighting,500000.0,"Providing High Mast Light Ward No.49, At the 12th Street Intersection in Ismailpuram (2025-2026)",1230.0,True,"benford_anomaly, copy_paste_pricing, cost_overrun, plausibility_mismatch",1.0,,
1623,Dr. K. Laxman (2022-28),Sitting Rajya Sabha,Education & School Infrastructure,499000.0,Providing bicycle to school boys girls,1240.0,True,"bill_splitting, copy_paste_pricing, duplicate_work, plausibility_mismatch, vague_description",1.0,,
283915,Mr Gopal Jee Thakur,DARBHANGA,Solar & Public Lighting,495500.0,ghanshyampur prakhand antargat lagma panchayat ke lagma gawn ke chauraha (ganesh puja sthan) ke nikat sarvajanik sthal par mini high mast electric light ka adhisthapan karya,1230.0,True,"bill_splitting, copy_paste_pricing, cost_overrun, plausibility_mismatch",1.0,,
155165,Dr. Syed Naseer Hussain (2024-30),Sitting Rajya Sabha,Solar & Public Lighting,560000.0,Installation of High Mast Lights (12.5 Mtrs),1250.0,True,"copy_paste_pricing, cost_overrun, delay_violation, plausibility_mismatch, vague_description",1.0,,
169727,Ashok Kumar Yadav ,MADHUBANI,Normal/Others,495000.0,kevti prakhand antargat ganj raghauli tol brahmsthan ke nikat sarvajanik sthal par mini high mast electric light ka adhisthapan karya,1270.0,True,"bill_splitting, copy_paste_pricing, cost_overrun, plausibility_mismatch, timing_anomaly, vague_description",1.0,,
172413,Shri Janardan Singh Sigriwal ,MAHARAJGANJ,Normal/Others,2000000.0,"Lahladpur Prakhand ke 20 High School, College me Pustak ki aapurti",1262.5,True,"benford_anomaly, cost_overrun, duplicate_work, ghost_work, unusual_pattern, vague_description",1.0,,
246569,Putta Mahesh Kumar,ELURU,Normal/Others,490000.0,Providing Street Lights,1270.0,True,"bill_splitting, copy_paste_pricing, cost_overrun, duplicate_work, plausibility_mismatch, vague_description",1.0,,
156875,Ashok Kumar Yadav ,MADHUBANI,Normal/Others,495000.0,Supply And installation Mini High Mast Lightning System AT In the premises of PHC Keoti Ranwe block Keoti darbhanga,1250.0,True,"bill_splitting, copy_paste_pricing, cost_overrun, plausibility_mismatch, timing_anomaly",1.0,,
269273,Shri Imran Pratapgarhi (2022-28),Sitting Rajya Sabha,Solar & Public Lighting,1000000.0,"At. Ambegaon. Taluka, Ardhapur. Dist. Nanded Provide solar street light with pole in the premises Ward No. 2",1250.0,True,"benford_anomaly, copy_paste_pricing, cost_overrun, duplicate_work, plausibility_mismatch",1.0,,
285249,ARUN BHARTI,JAMUI,Solar & Public Lighting,940000.0,Installation of High Mast Ligh,1230.0,True,"copy_paste_pricing, cost_overrun, plausibility_mismatch, vague_description",1.0,,
280907,K Subbarayan,TIRUPPUR,Solar & Public Lighting,528000.0,"Installation of high mast light near Kamatchi Amman temple in Mekkur area where Wards 8, 2 and 1 meet Perundurai municipality.",1230.0,True,"copy_paste_pricing, cost_overrun, plausibility_mismatch, vague_description",1.0,,
290975,Shri Ramji (2020-26),Sitting Rajya Sabha,Solar & Public Lighting,1578000.0,Tehsil Mitauli ke vibhinn 10 Sthano par 6way Semi High Mast Lighto ka Adhisthapan Karya,1230.0,True,"cost_overrun, duplicate_work, plausibility_mismatch, vague_description",1.0,,
288011,Smt. Phulo Devi Netam (2026-32),Sitting Rajya Sabha,Solar & Public Lighting,1000000.0,Gram Salkhand me Mini high mast light karya,1250.0,True,"benford_anomaly, cost_overrun, duplicate_work, plausibility_mismatch, vague_description",1.0,,
296043,AWADHESH PRASAD,FAIZABAD,Public Amenities & Sports,996000.0,"dholi askaran r k r chaurahe per,bahbarpur me dr bheem rao ambedker park me,bariyarpur me kathal wala chaurahe per,amawasufi baba ambrish mandir per high mast light",1250.0,True,"copy_paste_pricing, cost_overrun, duplicate_work, plausibility_mismatch, vague_description",1.0,,
262262,DR. SHARMILA SARKAR,BARDHAMAN PURBA,Solar & Public Lighting,400000.0,Electric high mast light at Ferry ghat of Patuli,1230.0,True,"copy_paste_pricing, cost_overrun, plausibility_mismatch, vague_description",1.0,,
275048,LOVELY ANAND,SHEOHAR,Drinking Water Supply,500000.0,In the attached application a sum of Rs 500000 has been recommended for the construction of a platform around a Peepal tree located near Sukhari Rams borewell in Kapur Pakri under the Chiraiya Block of Motihari District,1230.0,True,"benford_anomaly, copy_paste_pricing, cost_overrun, plausibility_mismatch",1.0,,
283869,Mr Gopal Jee Thakur,DARBHANGA,Solar & Public Lighting,495500.0,biraul prakhand antargat biraul panchayat ke rajwa gawn dharm baba sthan ke nikat sarvajanik sthal par mini high mast electric light ka adhisthapan karya,1230.0,True,"bill_splitting, copy_paste_pricing, cost_overrun, plausibility_mismatch",1.0,,
305866,AMRARAM,SIKAR,Solar & Public Lighting,500000.0,Installation of high mast lights in the main public square of village Sesham,1250.0,True,"benford_anomaly, copy_paste_pricing, cost_overrun, duplicate_work, plausibility_mismatch",1.0,,
139598,Dileshwar Kamait ,SUPAUL,Normal/Others,921000.0,HIGH MAST LIGHT KA ADHISTHAPAN -1,1250.0,True,"copy_paste_pricing, cost_overrun, plausibility_mismatch, unusual_pattern, vague_description",1.0,,
292155,Mr Gopal Jee Thakur,DARBHANGA,Solar & Public Lighting,495500.0,biraul prakhand antargat itwa shivnagar panchayat ke itwa shivnagar gawn me mahadev sthan ke nikat sarvajanik sthal par mini high mast electric light ka adhisthapan karya,1230.0,True,"bill_splitting, copy_paste_pricing, cost_overrun, plausibility_mismatch",1.0,,
272702,Dr. Syed Naseer Hussain (2024-30),Sitting Rajya Sabha,Public Amenities & Sports,560000.0,Installation of High Mast Lights (12.5 Mtrs) at District Stadium Ballari (Beside lake),1230.0,True,"copy_paste_pricing, cost_overrun, duplicate_work, plausibility_mismatch",1.0,,
227357,Rodmal Nagar ,RAJGARH,Normal/Others,480213.0,G.I. water tanker capacity 5000 liter with chiller and filter plant,1235.0,True,"bill_splitting, duplicate_work, ghost_work, unusual_pattern, vague_description",1.0,,
283975,Mr Gopal Jee Thakur,DARBHANGA,Solar & Public Lighting,495500.0,bahadurpur prakhand antargat kharajpur panchayat ke ward no 10 durga mandir ke nikat sarvajanik sthal par mini high mast electric light ka adhisthapan karya,1230.0,True,"bill_splitting, copy_paste_pricing, cost_overrun, plausibility_mismatch",1.0,,
291895,Shri LS Tejasvi Surya ,BANGALORE SOUTH,Drinking Water Supply,1000000.0,"For drilling of borewell and purchase and installation of motor pumps pipes and electrical accessories at 8th Cross, NR Garden, Cholarapalya in Vijayanagar Assembly Constituency, Bengaluru - 560023",1230.0,True,"benford_anomaly, copy_paste_pricing, cost_overrun, plausibility_mismatch",1.0,,
276481,Smt. Renuka Chowdhury (2024-30),Sitting Rajya Sabha,Solar & Public Lighting,465000.0,"Installation of 3 High Mast Lights near Shvalayam and near Hanuman Temple and near Samba Shiva Goud house at Ponnari Village, Tamsi Mandal, Adilabad District, Telangana",1230.0,True,"bill_splitting, copy_paste_pricing, duplicate_work, plausibility_mismatch",1.0,,
279005,PATEL UMESHBHAI BABUBHAI,DAMAN and DIU,Drinking Water Supply,1000000.0,Non harvesting borewell recharge,1270.0,True,"benford_anomaly, copy_paste_pricing, cost_overrun, duplicate_work, plausibility_mismatch, vague_description",1.0,,
283971,Mr Gopal Jee Thakur,DARBHANGA,Solar & Public Lighting,495500.0,manigachhi prakhand antargat balaur panchayat ke balaur chowk ke nikat sarvajanik sthal par mini high mast electric light ka adhisthapan karya,1230.0,True,"bill_splitting, copy_paste_pricing, cost_overrun, plausibility_mismatch",1.0,,
289130,Giridhari Yadav,BANKA,Solar & Public Lighting,875000.0,"Shambhuganj Prakhand atargat Ramchua mey Krishna Kumar Singh (Post Office, Ramchua) ke pass High Mast Light ka adhishthapan.",1230.0,True,"copy_paste_pricing, cost_overrun, plausibility_mismatch, vague_description",1.0,,
300948,Rao Rajendra Singh,JAIPUR RURAL,Solar & Public Lighting,1000000.0,high mast 2 lights,1250.0,True,"benford_anomaly, copy_paste_pricing, cost_overrun, plausibility_mismatch, vague_description",1.0,,
260606,ANAND BHADAURIYA,DHAURAHRA,Solar & Public Lighting,2051200.0,Induction work of 13th  (6way) Semi high mast light at various places according to the atteched list in the Legislative Assembly Mohammdi.,1230.0,True,"cost_overrun, duplicate_work, plausibility_mismatch, vague_description",1.0,,
272896,TARIQ ANWAR,KATIHAR,Solar & Public Lighting,970000.0,Purchase and installation work of one electric powered 16 meter high mast (150Wx10) LED light in a public place near Tajkhand graveyard of Gaighatta Panchayat Ward No. 07 under Azamnagar block.,1230.0,True,"copy_paste_pricing, cost_overrun, duplicate_work, plausibility_mismatch",1.0,,
147451,Shri Imran Pratapgarhi (2022-28),Sitting Rajya Sabha,Education & School Infrastructure,1000000.0,Hall / Compound Wall,1231.85,True,"benford_anomaly, copy_paste_pricing, delay_violation, duplicate_work, vague_description",1.0,,
269279,Shri Imran Pratapgarhi (2022-28),Sitting Rajya Sabha,Solar & Public Lighting,1000000.0,Solar Street Light with pole in the premises ward No 2,1250.0,True,"benford_anomaly, copy_paste_pricing, cost_overrun, duplicate_work, plausibility_mismatch",1.0,,
297000,Shri Kumbakudi Sudhakaran,KANNUR,Solar & Public Lighting,545000.0,Installation of High Mast Light near  Pathombatham Mile Juma Masjid Junction In Iritty Municipality,1250.0,True,"copy_paste_pricing, cost_overrun, duplicate_work, plausibility_mismatch, vague_description",1.0,,
260102,Ashok Kumar Yadav ,MADHUBANI,Solar & Public Lighting,485000.0,jagatpur panchayat jiwachh chowk ke pas high mast electric light,1230.0,True,"bill_splitting, copy_paste_pricing, cost_overrun, plausibility_mismatch",1.0,,
203044,Shri Hibi Eden,ERNAKULAM,Normal/Others,2397262.0,"Purchase of School bus For HMYS HSS, Kottuvallikkad",1231.0,True,"cost_overrun, duplicate_work, timing_anomaly, unusual_pattern, vague_description",0.885,,
150411,Dileshwar Kamait ,SUPAUL,Normal/Others,921000.0,HIGH MAST LIGHT KA ADHISTHAPAN-1,1250.0,True,"copy_paste_pricing, cost_overrun, plausibility_mismatch, unusual_pattern, vague_description",1.0,,
296039,AWADHESH PRASAD,FAIZABAD,Solar & Public Lighting,996000.0,"mawai kala me sarvajanik sthan per,mungeespur mathiya chaurahe per,shuklapur khanpur me sarvajanik sthan per,paliya mafi kali mata sthan per high mast light",1250.0,True,"copy_paste_pricing, cost_overrun, duplicate_work, plausibility_mismatch, vague_description",1.0,,
146721,Manoj Tiwari,NORTH EAST DELHI,Normal/Others,1051705.0,Provision of Lighting arrangement with Street light poles,1270.0,True,"cost_overrun, duplicate_work, ghost_work, plausibility_mismatch, unusual_pattern, vague_description",1.0,,
291901,Shri LS Tejasvi Surya ,BANGALORE SOUTH,Drinking Water Supply,1000000.0,"For drilling of borewell and purchase and installation of motor pumps pipes and electrical accessories at 5th Cross, 9th Main, BDA Layout in Deepanjali Nagar Ward of Govindarajanagar Assembly Constituency, Bengaluru South",1230.0,True,"benford_anomaly, copy_paste_pricing, cost_overrun, plausibility_mismatch",1.0,,
136172,Smt. Geeta alias Chandraprabha (2020-26),Sitting Rajya Sabha,Solar & Public Lighting,840000.0,"3 high mast light at different public places 
Amount 280000 per light",1230.0,True,"cost_overrun, delay_violation, plausibility_mismatch, vague_description",1.0,,
150941,RADHE SHYAM RATHIYA,RAIGARH,Drinking Water Supply,500000.0,2 units Borewell drilling and installation of pump along with the installation of 1000 liter Sintex water tanks,1236.25,True,"benford_anomaly, copy_paste_pricing, delay_violation, duplicate_work, plausibility_mismatch",1.0,,
267662,SAYANI GHOSH,JADAVPUR,Solar & Public Lighting,500000.0,SUPPLY AND INTSALLATION OF STREET LIGHTS LED FITTINGS WITH WATTAGE RANGING BETWEEN 40 W TO 45 W AT SAFUIPARA CROSSING IN WARD NUMBER 106 UNDER BOROUGH XII UNDER JADAVPUR AC,1230.0,True,"benford_anomaly, cost_overrun, duplicate_work, plausibility_mismatch",1.0,,
246571,Putta Mahesh Kumar,ELURU,Solar & Public Lighting,490000.0,Providing Street Lights,1270.0,True,"bill_splitting, copy_paste_pricing, cost_overrun, duplicate_work, plausibility_mismatch, vague_description",1.0,,
286871,Shri Deepak (Dev) Adhikari ,GHATAL,Solar & Public Lighting,3188000.0,Supplying and Installation of Solar High Mast Lights 11NOS 289818 each,1230.0,True,"copy_paste_pricing, duplicate_work, plausibility_mismatch, vague_description",1.0,,
263266,Shri Derek O' Brien (2023-29),Sitting Rajya Sabha,Solar & Public Lighting,270000.0,lnstalation of High Mast Light at Pal Para,1230.0,True,"copy_paste_pricing, duplicate_work, plausibility_mismatch, vague_description",1.0,,
246623,DR. RAJESH MISHRA,SIDHI,Normal/Others,703185.0,15 NAG 40 WATT SOLAR STREET LIGHT KI STHAPANA,1230.0,True,"cost_overrun, plausibility_mismatch, unusual_pattern, vague_description",1.0,,
260139,Ashok Kumar Yadav ,MADHUBANI,Solar & Public Lighting,485000.0,taraiya panchayat abari chowk ke pas high mast electric light,1230.0,True,"bill_splitting, copy_paste_pricing, cost_overrun, plausibility_mismatch",1.0,,
152141,Gumma Thanuja Rani,ARAKU,Normal/Others,1394400.0,purchase of street lights,1250.0,True,"cost_overrun, duplicate_work, plausibility_mismatch, unusual_pattern, vague_description",1.0,,
272892,TARIQ ANWAR,KATIHAR,Solar & Public Lighting,970000.0,Installation work of one 16 meter high electrically operated high mast LED (150Wx10) at a public place next to Kali Sthan in Ward No. 16 Kheria Mandal Tola of Dakshin Muradpur Panchayat under Kursela Block.,1230.0,True,"copy_paste_pricing, cost_overrun, duplicate_work, plausibility_mismatch",1.0,,
269268,Shri Imran Pratapgarhi (2022-28),Sitting Rajya Sabha,Solar & Public Lighting,1000000.0,"At. Pimpalgaon (Nimji), Taluka, Nanded. Dist. Nanded provide solar street light with pole in the premises Ward No. 1",1250.0,True,"benford_anomaly, copy_paste_pricing, cost_overrun, duplicate_work, plausibility_mismatch",1.0,,
158286,Mr Gopal Jee Thakur,DARBHANGA,Normal/Others,495000.0,manigachhi prakhand antargat dahaura bhagwati sthan ke nikat sarvajanik sthal par mini high mast electric light ka adhisthapan karya,1250.0,True,"bill_splitting, cost_overrun, ghost_work, plausibility_mismatch, vague_description",1.0,,
155276,Mr Gopal Jee Thakur,DARBHANGA,Normal/Others,495000.0,darbhanga sadar prakhand antargat ranipur panchayt ke ranipur (new NH - 27) new darbhanga airport terminal ke more ke nikat sarvajanik sthal par mini high mast electric light ka adhisthapan karya,1250.0,True,"bill_splitting, cost_overrun, ghost_work, plausibility_mismatch, vague_description",1.0,,
156628,Ashok Kumar Yadav ,MADHUBANI,Normal/Others,495000.0,Supply And installation Mini High Mast Lightning System  AT Keoti Ranwe Purani Tola Chowk block Keoti darbhanga,1250.0,True,"bulk_completion, copy_paste_pricing, cost_overrun, plausibility_mismatch, timing_anomaly",1.0,,
287855,Mr Gopal Jee Thakur,DARBHANGA,Solar & Public Lighting,495500.0,baheri prakhand antargat baghauni panchayat ke baghauni durga mandir ke nikat sarvajanik sthal par mini high mast electric light ka adhisthapan karya,1230.0,True,"bill_splitting, copy_paste_pricing, cost_overrun, plausibility_mismatch",1.0,,
169649,Ashok Kumar Yadav ,MADHUBANI,Normal/Others,495000.0,kevti prakhand antargat chhatwan haat gachhi durga mandir ckowk ke nikat sarvajanik sthal par mini high mast electric light ka adhisthapan karya,1270.0,True,"bulk_completion, copy_paste_pricing, cost_overrun, plausibility_mismatch, timing_anomaly, vague_description",1.0,,
272160,Shri Masthan Rao Yadav Beedha (2024-28),Sitting Rajya Sabha,Drinking Water Supply,500000.0,"Providing Borewell, Submersible Motor Pumpset and RO Plant Shelter in SC Colony of Chinakraka GP of Jaladanki Mandal, SPSR Nellore District",1230.0,True,"benford_anomaly, copy_paste_pricing, cost_overrun, plausibility_mismatch",1.0,,
275922,G. KUMAR NAIK,RAICHUR,Solar & Public Lighting,500000.0,Installation of High Mast light near Jejamma temple of Galag village,1230.0,True,"benford_anomaly, copy_paste_pricing, cost_overrun, plausibility_mismatch",1.0,,
139276,K. C VENUGOPAL,ALAPPUZHA,Solar & Public Lighting,500000.0,Installation of a High Mast Light in the northern part of Veeramangalam Junction,1250.0,True,"benford_anomaly, cost_overrun, delay_violation, plausibility_mismatch, vague_description",1.0,,
260111,Ashok Kumar Yadav ,MADHUBANI,Solar & Public Lighting,485000.0,bhauara panchayat me mahadev mandir (ganga sagar) ke pas high mast electric light,1230.0,True,"bill_splitting, copy_paste_pricing, cost_overrun, plausibility_mismatch",1.0,,
186044,Manoj Tiwari,NORTH EAST DELHI,Normal/Others,1391353.0,Provision of Semi High Mast Pole with LED Light,1270.0,True,"cost_overrun, duplicate_work, ghost_work, plausibility_mismatch, unusual_pattern, vague_description",1.0,,
156898,Ashok Kumar Yadav ,MADHUBANI,Normal/Others,495000.0,Supply And installation Mini High Mast Lightning System AT Pindaruch paschim tola durga mandir chowk block Keoti,1250.0,True,"bulk_completion, copy_paste_pricing, cost_overrun, plausibility_mismatch, timing_anomaly",1.0,,
301896,Shri Jual Oram,SUNDARGARH,Drinking Water Supply,500000.0,Installation of Borewell and over tank facility at Kudpani,1250.0,True,"benford_anomaly, copy_paste_pricing, cost_overrun, duplicate_work, plausibility_mismatch",1.0,,
283907,Mr Gopal Jee Thakur,DARBHANGA,Solar & Public Lighting,495500.0,ghanshyampur prakhand antargat kortho paschmi panchayat ke ghatha mushari hanuman mandir ke nikat sarvajanik sthal par mini high mast electric light ka adhisthapan karya,1230.0,True,"bill_splitting, copy_paste_pricing, cost_overrun, plausibility_mismatch",1.0,,
275949,G. KUMAR NAIK,RAICHUR,Roads & Pathways,500000.0,"Installation of High Mast light near Huligemma Temple, Hosabavi road ward no 10",1230.0,True,"benford_anomaly, copy_paste_pricing, cost_overrun, plausibility_mismatch",1.0,,
282594,Shri Jaggesh (2022-28),Sitting Rajya Sabha,Solar & Public Lighting,500000.0,"Installation of High Mast Light at Vaddarahalli Village, Kasaba Hobli, Doddaballapur Taluk, Bengaluru Rural District, Karnataka.",1230.0,True,"benford_anomaly, copy_paste_pricing, cost_overrun, plausibility_mismatch",1.0,,
150741,RADHE SHYAM RATHIYA,RAIGARH,Community Centers & Halls,1500000.0,Construction of shed,1231.0,True,"benford_anomaly, copy_paste_pricing, delay_violation, duplicate_work, vague_description",1.0,,
246536,K. C VENUGOPAL,ALAPPUZHA,Solar & Public Lighting,445000.0,Installation of a High Mast Light in front of Kaleekkal Temple in the 22nd ward of Thodiyoor GP,1230.0,True,"copy_paste_pricing, cost_overrun, duplicate_work, plausibility_mismatch",1.0,,
289024,Giridhari Yadav,BANKA,Solar & Public Lighting,875000.0,Bounsi Prakhand atargat prakhand bounsi ke Bandhubakura thana ke prangan mey High Mast Light ka adhishthapan.,1230.0,True,"copy_paste_pricing, cost_overrun, plausibility_mismatch, vague_description",1.0,,
272898,TARIQ ANWAR,KATIHAR,Normal/Others,965000.0,"16 meter high mast (150Wx10) LED light installation work near Manihari Ganga Ghat, Ward No. 14, Manihari Nagar Panchayat",1230.0,True,"cost_overrun, duplicate_work, plausibility_mismatch, unusual_pattern",1.0,,
279667,JITAN RAM MANJHI,GAYA,Public Amenities & Sports,650000.0,Installation of high mast light in Subramanyam Stadium ke andar Uttar disha me Gandhi maidan gaya jee,1230.0,True,"copy_paste_pricing, cost_overrun, duplicate_work, plausibility_mismatch",1.0,,
291208,Shri LS Tejasvi Surya ,BANGALORE SOUTH,Drinking Water Supply,1000000.0,"For Drilling of borewell and purchase & installation of motor, pumps, pipes & wires for borewell at near Vani Vilas Government PU College, Minerva Circle, Bengaluru - 560004",1230.0,True,"benford_anomaly, copy_paste_pricing, cost_overrun, plausibility_mismatch",1.0,,
227359,Rodmal Nagar ,RAJGARH,Normal/Others,480213.0,G.I. water tanker capacity 5000 liter with chiller and filter plant,1235.0,True,"bill_splitting, duplicate_work, ghost_work, unusual_pattern, vague_description",1.0,,
139584,Gyaneshwar Patil,KHANDWA,Normal/Others,100000.0,books suplly at various schools of khandwa district,1222.5,True,"copy_paste_pricing, duplicate_work, plausibility_mismatch, timing_anomaly",1.0,,
180955,Gyaneshwar Patil,KHANDWA,Normal/Others,541872.0,12 solar street lights,1230.0,True,"cost_overrun, duplicate_work, plausibility_mismatch, vague_description",1.0,,
172126,Smt Himadri Singh,SHAHDOL,Solar & Public Lighting,100000.0,"12 solar street light installation work. Implementing Agency - PWD EM, Rewa Division",1222.5,True,"copy_paste_pricing, cost_overrun, duplicate_work, plausibility_mismatch",1.0,,
304231,Smt. Ranjeet Ranjan (2022-28),Sitting Rajya Sabha,Drinking Water Supply,2500000.0,"Construction of a borewell, installation of a pump, and provision of a water tank",1230.0,True,"benford_anomaly, cost_overrun, duplicate_work, plausibility_mismatch",1.0,,
308138,Shri Naveen Jain (2024-30),Sitting Rajya Sabha,Solar & Public Lighting,249000.0,"Kalindi Vihar, Pradeep Ram Vihar, near the house of Shri Ravikant Tyagi  High Mast Light work",1230.0,True,"copy_paste_pricing, duplicate_work, plausibility_mismatch, vague_description",1.0,,
183798,Gyaneshwar Patil,KHANDWA,Solar & Public Lighting,100000.0,12 solar street lights,1221.8,True,"copy_paste_pricing, cost_overrun, duplicate_work, plausibility_mismatch",0.993,,
172132,Smt Himadri Singh,SHAHDOL,Solar & Public Lighting,100000.0,"12 solar street light installation work. Implementing Agency - PWD EM, Rewa Division",1222.5,True,"copy_paste_pricing, cost_overrun, duplicate_work, plausibility_mismatch",1.0,,
157313,MUKESHKUMAR CHANDRAKAANT DALAL,SURAT,Normal/Others,22290.0,"install one printer in Primary School No. 114 managed by the Municipal Primary Education Committee, located in Ward No. 12",1230.0,True,"bulk_completion, duplicate_work, plausibility_mismatch, unusual_pattern",1.0,,
178028,RAJEEV BHARDWAJ,KANGRA,Normal/Others,331500.0,solar street lights,1230.0,True,"bulk_completion, cost_overrun, plausibility_mismatch, vague_description",1.0,,
198656,SAVITRI THAKUR,DHAR,Solar & Public Lighting,100000.0,street light work singhana chouraha gandhwani,1220.5,True,"copy_paste_pricing, cost_overrun, duplicate_work, plausibility_mismatch",0.98,,
175933,DR. RAJESH MISHRA,SIDHI,Normal/Others,1157705.0,35 NAG SOLAR STREET LIGHTS KA INSTTALATION,1230.0,True,"cost_overrun, plausibility_mismatch, unusual_pattern, vague_description",1.0,,
202332,Giridhari Yadav,BANKA,Normal/Others,999990.0,Street lights,1230.0,True,"cost_overrun, plausibility_mismatch, unusual_pattern, vague_description",1.0,,
282239,Vijay Kumar Hansdak,RAJMAHAL,Other Civil Development,201000.0,"Installation of Hand Pump (Chapakal) opposite the house of Ajfarul Shaikh in Village Gandhaipur, Panchayat Gandhaipur, Block and district Pakaur",1220.5,True,"copy_paste_pricing, cost_overrun, duplicate_work, plausibility_mismatch",0.98,,
145937,Dr Mohammad Jawed,KISHANGANJ,Normal/Others,649100.0,TEDHAGACHH PRAKHAND ANTARGART HAWAKOL PANCHAYAT KE KUTTI GAMHARYA HAAT ME (12METER) HIGH MAST LIGHT.,1230.0,True,"bulk_completion, copy_paste_pricing, cost_overrun, plausibility_mismatch",1.0,,
164592,Vijay Baghel,DURG,Normal/Others,100000.0,Purchase of books for school,1222.5,True,"copy_paste_pricing, duplicate_work, ghost_work, plausibility_mismatch",1.0,,
294702,Janardan Mishra,REWA,Other Civil Development,250000.0,Installing hand pumps,1222.5,True,"cost_overrun, duplicate_work, plausibility_mismatch, vague_description",1.0,,
1614,Dr. K. Laxman (2022-28),Sitting Rajya Sabha,Other Civil Development,499000.0,Installation of CC Cameras,1220.0,True,"bill_splitting, copy_paste_pricing, duplicate_work, vague_description",1.0,,
172127,Smt Himadri Singh,SHAHDOL,Normal/Others,366964.0,"12 solar street light installation work. Implementing Agency - PWD EM, Rewa Division",1230.0,True,"cost_overrun, duplicate_work, ghost_work, plausibility_mismatch",1.0,,
176875,BHOJRAJ NAG,KANKER,Other Civil Development,500000.0,additional rooms Chotekapsi Kali mandir ke pass,1224.25,True,"benford_anomaly, copy_paste_pricing, delay_violation, duplicate_work, vague_description",0.98,,
177627,CHINTAMANI MAHARAJ,SARGUJA,Solar & Public Lighting,100000.0,GRAM PANCHYAT LALATI ME CHAMAN GHAR SE GHURSAI GHAR KI OR ME SOLAR ALL IN ONE HYBRID STREET LIGHT STHAPNA,1220.5,True,"copy_paste_pricing, cost_overrun, duplicate_work, plausibility_mismatch",0.98,,
207590,RADHE SHYAM RATHIYA,RAIGARH,Drinking Water Supply,300000.0,"Borewell Drilling, installation of submersible pump and water tank facility",1220.0,True,"copy_paste_pricing, cost_overrun, duplicate_work, plausibility_mismatch",1.0,,
270548,Shri Jual Oram,SUNDARGARH,Education & School Infrastructure,480000.0,"Computer Education project at Govt. P.S, Chhatasargi",1220.0,True,"bill_splitting, copy_paste_pricing, plausibility_mismatch, vague_description",0.95,,
239455,TARIQ ANWAR,KATIHAR,Normal/Others,965000.0,Purchase and installation of 16 meter high electric powered high mast LED lights,1230.0,True,"copy_paste_pricing, plausibility_mismatch, unusual_pattern, vague_description",1.0,,
176314,SARABJEET SINGH KHALSA,FARIDKOT,Solar & Public Lighting,100000.0,Installation of Street Lights in Gram Panchayat Guru Kirpa Sadhanwala,1222.5,True,"copy_paste_pricing, cost_overrun, duplicate_work, plausibility_mismatch",1.0,,
186684,AGA SYED RUHULLAH MEHDI,SRINAGAR,Normal/Others,494334.0,"Installation of street lights in ward no 1,2,3,4,54 and 63 including graveyards in khanyar(B) block of assembly segement 20 of srinagar",1230.0,True,"cost_overrun, duplicate_work, plausibility_mismatch, unusual_pattern",1.0,,
155949,Mala Roy ,KOLKATA DAKSHIN,Solar & Public Lighting,100000.0,INSTALLATION OF STREET LIGHTING SYSTEM BY LED FITTINGS WITH POLES AT JAMES LONG SARANI IN WARD 123.,1220.5,True,"copy_paste_pricing, cost_overrun, duplicate_work, plausibility_mismatch",0.98,,
1622,Dr. K. Laxman (2022-28),Sitting Rajya Sabha,Education & School Infrastructure,499000.0,Providing bicycles to school boys  Girls,1220.0,True,"bill_splitting, copy_paste_pricing, duplicate_work, plausibility_mismatch",1.0,,
235149,Shri Jairam Ramesh (2022-28),Sitting Rajya Sabha,Drinking Water Supply,800000.0,Facilities through Borewell,1230.0,True,"copy_paste_pricing, cost_overrun, plausibility_mismatch, vague_description",1.0,,
145964,Dr Mohammad Jawed,KISHANGANJ,Normal/Others,649100.0,KISHANGANJ PRAKHAND ANTARGART TEOSA PANCHAYAT KE TAHSILDAR (SATTAR CHOWK) ME (12METER) HIGH MAST LIGHT.,1230.0,True,"bulk_completion, copy_paste_pricing, cost_overrun, plausibility_mismatch",1.0,,
209230,Jagannath Sarkar,RANAGHAT,Solar & Public Lighting,100000.0,Purchase and supply of an Ambulance with Maruti Suzuki Eeco 5 Seater AC and  Specification 1197cc 1.2 LK12N Dual alongside High Quality interior paneling and LED Lighting FRP WALL panel for insulation and  Oxygen cylinder B type with regulator and flowmeter 10 liter capacity with emergency first aid kid in favor of Bagula Bikash Swanirbhar Gosthi under Bagula -II GP Hanskhali Block Development,1222.5,True,"copy_paste_pricing, cost_overrun, duplicate_work, plausibility_mismatch",1.0,,
155922,Mala Roy ,KOLKATA DAKSHIN,Roads & Pathways,100000.0,"DEVELOPMENT OF STREET LIGHTING SYSTEM BY INSTALLING POLES AND LED FITTINGS AT BASAK BAGAN MORE, POST OFFICE MORE, MULLICK COLONY, SIDDHINATH CHATTERJEE ROAD, PANCHA SHAKTI, JUNCTION OF D.H. ROAD & BRAHMA SAMAJ ROAD AND ADJACENT AREAS IN WARD 130.",1220.5,True,"copy_paste_pricing, cost_overrun, duplicate_work, plausibility_mismatch",0.98,,
137762,Asit Kumar Mal ,BOLPUR,Roads & Pathways,100000.0,"Instalation  1(one) no of mini hight mast street light under AUSHGRAM -II BLOCK.Excuting Agency will be M.D. WEST BENGAL AGRO INDUSTRIES CORPORATION LTD 23-B ,N S ROAD KOLKATA -1",1222.5,True,"copy_paste_pricing, cost_overrun, duplicate_work, plausibility_mismatch",1.0,,
157816,CHAMALA KIRAN KUMAR REDDY,BHONGIR,Solar & Public Lighting,100000.0,PROVIDING OF STREET LIGHTS IN YERRAPAHAD VILLAGE,1220.5,True,"copy_paste_pricing, cost_overrun, duplicate_work, plausibility_mismatch",0.98,,
223056,M.K. VISHNUPRASAD,CUDDALORE,Solar & Public Lighting,450000.0,Installation of 9mtrs height of High mast light in ward No. 1 - Singapore Handloom Co operative society opposite,1230.0,True,"bill_splitting, copy_paste_pricing, cost_overrun, plausibility_mismatch",1.0,,
175919,DR. RAJESH MISHRA,SIDHI,Normal/Others,1157705.0,35 NAG SOLAR STREET LIGHTS KA INSTTALATION,1230.0,True,"cost_overrun, plausibility_mismatch, unusual_pattern, vague_description",1.0,,
209237,Jagannath Sarkar,RANAGHAT,Solar & Public Lighting,100000.0,"Purchase and supply of an Ambulance with Maruti Suzuki Eeco 5 seater AC and specification 1197cc 1.2 LK12N DULAL alongside High quality interior paneling and LED Lighting FRP Wall panel for insulation and oxygen system B type cylinder with regulator and flowmeter 10 liter capacity and first aid kit and trauma Bag Bandage in favor of Bishnupur Bazar Byabasayi Kalyan Samity , Booth-144-158 under Dubra Gram Panchayat , Chakdaha Block Development.",1222.5,True,"copy_paste_pricing, cost_overrun, duplicate_work, plausibility_mismatch",1.0,,
236528,Ramvir Singh Bidhuri,SOUTH DELHI,Solar & Public Lighting,100000.0,"Provision of street light on existing poles at various locations in ward no. 177, Harkesh Nagar, CNZ",1220.5,True,"copy_paste_pricing, cost_overrun, duplicate_work, plausibility_mismatch",0.98,,
189521,Shatrughan Sinha,ASANSOL,Solar & Public Lighting,8194000.0,Supply and Installation of  17 nos 12 mtr. Electric high mast light at different places within Pandaveswar P.S. under Paschim Bardhaman District (Each Light cost Rs. 4.82 Lac),1230.0,True,"copy_paste_pricing, cost_overrun, duplicate_work, plausibility_mismatch",1.0,,
231952,Dinesh Chandra Yadav,MADHEPURA,Normal/Others,697000.0,Sonbarsa Prakhand antargat Mokma Panchayat ke Hingwa Ward No-6 Shiv Mandir ke bagal mey High Mast Light ka Adhisthapan.,1230.0,True,"copy_paste_pricing, cost_overrun, plausibility_mismatch, unusual_pattern",1.0,,
299821,SACHITHANANTHAM R,DINDIGUL,Roads & Pathways,420000.0,Dindigul Union Silapadi Village Near NS Nagar Bus Stop Road Center Place High Mast Light,1230.0,True,"copy_paste_pricing, cost_overrun, duplicate_work, plausibility_mismatch",1.0,,
800,Dr. Vikramjit Singh Sahney (2022-28),Sitting Rajya Sabha,Education & School Infrastructure,2240414.0,MPLAD Grant of rupees 25 lacs for Establishment of Punjabi Reference Library at Guru Teg Bahadur Bhawan of Panjab University Chandigarh,1222.5,True,"cost_overrun, delay_violation, duplicate_work, vague_description",1.0,,
155259,Mr Gopal Jee Thakur,DARBHANGA,Normal/Others,495000.0,biraul prakhand antargat dumri panchayat ke dumri durga mandir ke nikat (SH-56) ke kinare sarvajanik sthal par mini high mast electric light ka adhisthapan karya,1230.0,True,"bill_splitting, cost_overrun, ghost_work, plausibility_mismatch",1.0,,
164618,Vijay Baghel,DURG,Normal/Others,100000.0,Purchase of Books for School,1220.5,True,"bulk_completion, copy_paste_pricing, ghost_work, plausibility_mismatch",0.98,,
219133,TARIQ ANWAR,KATIHAR,Normal/Others,965000.0,Purchase and installation of 16 meter high electric powered high mast LED lights,1230.0,True,"copy_paste_pricing, plausibility_mismatch, unusual_pattern, vague_description",1.0,,
300761,Midhun Reddy,RAJAMPET,Drinking Water Supply,500000.0,"Drilling of New Borewell, Motor and Pump Set in Mallaiahdevarapalli Village Pothabolu GP",1230.0,True,"benford_anomaly, copy_paste_pricing, cost_overrun, plausibility_mismatch",1.0,,
189415,Saumitra khan ,BISHNUPUR,Solar & Public Lighting,1173000.0,nstallation of Solar LED Street Light,1230.0,True,"cost_overrun, duplicate_work, plausibility_mismatch, vague_description",1.0,,
174146,RAKESH RATHOR,SITAPUR,Solar & Public Lighting,8244881.0,Installation of 47 six way 200 watt electric high mast lights on diffrent places.,1230.0,True,"delay_violation, duplicate_work, plausibility_mismatch, vague_description",1.0,,
175937,DR. RAJESH MISHRA,SIDHI,Normal/Others,1157705.0,35 NAG SOLAR STREET LIGHTS KA INSTTALATION,1230.0,True,"cost_overrun, plausibility_mismatch, unusual_pattern, vague_description",1.0,,
135586,Raju Bista,DARJEELING,Solar & Public Lighting,100000.0,"Installation of solar street lights at Panighatta Bazar and Tea Garden

Ref: Sumitra Malay (9635754399), Member, Chenga-Panighatta GP",1220.5,True,"copy_paste_pricing, cost_overrun, duplicate_work, plausibility_mismatch",0.98,,
163509,Gyaneshwar Patil,KHANDWA,Normal/Others,406404.0,SOLAR STREET LIGHT FOR VARIOUS TOWNS AND VILLAGES OF KHANDWA DISTRICT,1230.0,True,"cost_overrun, duplicate_work, plausibility_mismatch, vague_description",1.0,,
180953,Gyaneshwar Patil,KHANDWA,Normal/Others,361248.0,8 solar street lights,1230.0,True,"cost_overrun, duplicate_work, plausibility_mismatch, vague_description",1.0,,
219148,TARIQ ANWAR,KATIHAR,Normal/Others,965000.0,Purchase and installation of 16 meter high electric powered high mast LED lights,1230.0,True,"copy_paste_pricing, plausibility_mismatch, unusual_pattern, vague_description",1.0,,
158283,Mr Gopal Jee Thakur,DARBHANGA,Normal/Others,495000.0,bahadurpur prakhand antargat basatpur panchayat madanpur chowk ke nikat sarvajanik sthal par mini high mast electric light ka adhisthapan karya,1230.0,True,"bill_splitting, cost_overrun, ghost_work, plausibility_mismatch",1.0,,
236544,Ramvir Singh Bidhuri,SOUTH DELHI,Solar & Public Lighting,100000.0,"Provision of street lights on existing poles at various locations in ward no. 176, Govindpuri, CNZ",1220.5,True,"copy_paste_pricing, cost_overrun, duplicate_work, plausibility_mismatch",0.98,,
215767,Dinesh Chandra Yadav,MADHEPURA,Normal/Others,697000.0,Sattar Kataiya Prakhand antargat Sihoul panchayat ke Sihoul Van Devi mandir ke bagal mey High Mast Light ka Adhisthapan.,1230.0,True,"bulk_completion, copy_paste_pricing, cost_overrun, plausibility_mismatch",1.0,,
198653,SAVITRI THAKUR,DHAR,Normal/Others,297243.0,street light work nadi graund gandhwani,1230.0,True,"cost_overrun, duplicate_work, plausibility_mismatch, vague_description",1.0,,
156466,Dr Mohammad Jawed,KISHANGANJ,Normal/Others,649100.0,Thakurganj Parkhand Antargart Bhog Dabar Panchayat ke Kalvart chowk me (12M) High Mast Light,1230.0,True,"bulk_completion, copy_paste_pricing, cost_overrun, plausibility_mismatch",1.0,,
172560,Sunil Kumar ,VALMIKI NAGAR,Normal/Others,860000.0,BAGHA NRONAPUR GHAT WARD 8 SHIV MANDIR KE PASS 16 NITAR 150WTX8 LED HIGH MASt KIGHT LAGANA,1230.0,True,"copy_paste_pricing, cost_overrun, plausibility_mismatch, unusual_pattern",1.0,,
284266,Dinesh Chandra Yadav,MADHEPURA,Solar & Public Lighting,850000.0,Udakishunganj Prakhand antargat Nayanagar Bhagwati Sthaan Nayanagar ke pass High Mast Light ka Adhisthapan.,1230.0,True,"copy_paste_pricing, cost_overrun, plausibility_mismatch, vague_description",1.0,,
163505,Gyaneshwar Patil,KHANDWA,Normal/Others,406404.0,SOLAR STREET LIGHT FOR VARIOUS TOWNS AND VILLAGES OF KHANDWA DISTRICT,1230.0,True,"cost_overrun, duplicate_work, plausibility_mismatch, vague_description",1.0,,
1624,Dr. K. Laxman (2022-28),Sitting Rajya Sabha,Education & School Infrastructure,499000.0,Construction of compound wall of North side SC Gravayard,1220.0,True,"bill_splitting, copy_paste_pricing, duplicate_work, plausibility_mismatch",1.0,,
233542,JAGADISH CHANDRA BARMA BASUNIA,COOCHBEHAR,Solar & Public Lighting,586716.0,"Installation for the single unit Mini High Mast Solar Lightening system with 4x200 WP SPV Module, Four nos 60 W Semi Integrated Street light with 60Ah Li-ion cell at Mathabhanga High Madrasah",1230.0,True,"copy_paste_pricing, cost_overrun, plausibility_mismatch, vague_description",1.0,,
176538,BHOJRAJ NAG,KANKER,Other Civil Development,1000000.0,additional rooms Sarashwatii Shishu Mandir Kewati ke pass,1223.25,True,"benford_anomaly, copy_paste_pricing, delay_violation, duplicate_work, vague_description",0.97,,
164610,Vijay Baghel,DURG,Normal/Others,100000.0,Purchase of Books for School,1220.5,True,"bulk_completion, copy_paste_pricing, ghost_work, plausibility_mismatch",0.98,,
163501,Gyaneshwar Patil,KHANDWA,Normal/Others,406404.0,SOLAR STREET LIGHT FOR VARIOUS TOWNS AND VILLAGES OF KHANDWA DISTRICT,1230.0,True,"cost_overrun, duplicate_work, plausibility_mismatch, vague_description",1.0,,
163503,Gyaneshwar Patil,KHANDWA,Normal/Others,406404.0,SOLAR STREET LIGHT FOR VARIOUS TOWNS AND VILLAGES OF KHANDWA DISTRICT,1230.0,True,"cost_overrun, duplicate_work, plausibility_mismatch, vague_description",1.0,,
220502,DR C N MANJUNATH,BANGALORE RURAL,Solar & Public Lighting,100000.0,"Installation of Solar Street lights at Kempavaderahalli Village, Byagadadenahalli Grama Panchahiti, Anekal Taluk, Bangalore Urban District, Karnataka State.",1220.5,True,"copy_paste_pricing, cost_overrun, duplicate_work, plausibility_mismatch",0.98,,
193009,Saumitra khan ,BISHNUPUR,Solar & Public Lighting,1276500.0,Installation of solar street Light,1230.0,True,"cost_overrun, duplicate_work, plausibility_mismatch, vague_description",1.0,,
209094,Shatrughan Sinha,ASANSOL,Solar & Public Lighting,3374000.0,Supply and Installation of 12.5 Mtr. Electric High Mast Lights (07 Nos.),1230.0,True,"copy_paste_pricing, cost_overrun, duplicate_work, plausibility_mismatch",1.0,,
226513,DAGGUMALLA PRASADA RAO,CHITTOOR,Solar & Public Lighting,100000.0,Providing Fixing of Octagonal pole Double Arm street lights from Divider-1 middle point to Divider-2 Junction at Uttlavaripalli in Pakala mandal.,1222.0,True,"copy_paste_pricing, cost_overrun, duplicate_work, plausibility_mismatch",0.995,,
137763,Asit Kumar Mal ,BOLPUR,Roads & Pathways,100000.0,"Instalation 1 (one) no of mini hight mast street light under AUSHGRAM -II BLOCK.Excuting Agency will be M.D. WEST BENGAL AGRO INDUSTRIES CORPORATION LTD, 23-B N. S. ROAD KOLKATA -1",1222.5,True,"copy_paste_pricing, cost_overrun, duplicate_work, plausibility_mismatch",1.0,,
139580,Gyaneshwar Patil,KHANDWA,Normal/Others,100000.0,books suplly at various schools of khandwa district,1222.5,True,"copy_paste_pricing, duplicate_work, plausibility_mismatch, timing_anomaly",1.0,,
215755,Dinesh Chandra Yadav,MADHEPURA,Normal/Others,697000.0,Saurbazar Prakhand antargat Routa-khem Panchayat ke  routakhem Thakurbari ke najdik High Mast Light ka Adhisthapan.,1230.0,True,"bulk_completion, copy_paste_pricing, cost_overrun, plausibility_mismatch",1.0,,
243917,KALI CHARAN SINGH,CHATRA,Normal/Others,250000.0,"Construction of Sichai Nali from School of Pramod Pandey to Chhat Ghat Ghat in village-Panki, Panchait-Paki Purwi, Block-Panki",1227.4,True,"bulk_completion, copy_paste_pricing, duplicate_work, ghost_work, plausibility_mismatch",0.98,,
176880,BHOJRAJ NAG,KANKER,Other Civil Development,500000.0,additional rooms Bhnadaripara kanker,1224.25,True,"benford_anomaly, copy_paste_pricing, delay_violation, duplicate_work, vague_description",0.98,,
172278,AMBICA G LAKSHMINARAYANA VALMIKI,ANANTAPUR,Normal/Others,500000.0,"Construction of Compound Wall to OHSR tank at Mamuduru (V), Gooty (M)",1225.3,True,"benford_anomaly, copy_paste_pricing, delay_violation, duplicate_work, vague_description",0.98,,
215751,Dinesh Chandra Yadav,MADHEPURA,Normal/Others,697000.0,Nauhatta Prakhand antargat Kasimpur Panchayat ke Dumra Chowk par tatbandh ke bagal mey High Mast Light ka Adhisthapan.,1230.0,True,"bulk_completion, copy_paste_pricing, cost_overrun, plausibility_mismatch",1.0,,
180169,Piyush Vedprakash Goyal,MUMBAI NORTH,Roads & Pathways,1900000.0,Repair of drainage line and construction of paver blocks,1230.0,True,"bill_splitting, copy_paste_pricing, delay_violation, duplicate_work, vague_description",0.95,,
232715,ABDUL RASHID SHEIKH,BARAMULLAH,Solar & Public Lighting,100000.0,"Installation of solar street lights in different villages of Baramulla, wagoora Kreeri and Pattan Assembly Constituency. Location to be identified later.",1220.5,True,"copy_paste_pricing, cost_overrun, duplicate_work, plausibility_mismatch",0.98,,
164612,Vijay Baghel,DURG,Normal/Others,100000.0,Purchase of Books for School,1220.5,True,"bulk_completion, copy_paste_pricing, ghost_work, plausibility_mismatch",0.98,,
304232,Smt. Ranjeet Ranjan (2022-28),Sitting Rajya Sabha,Drinking Water Supply,2500000.0,"Construction of a borewell, installation of a pump, and provision of a water tank",1230.0,True,"benford_anomaly, cost_overrun, duplicate_work, plausibility_mismatch",1.0,,
154522,Jagannath Sarkar,RANAGHAT,Education & School Infrastructure,100000.0,"02 nos. Solar Street Light 9m with 04 nos LED near :i)Kalipur Primary School, Booth-230
ii) Beside Grocery -shop of Paritosh Adhikari, Booth-238 
Under Belgoria-II GP, Santipur Block Development.",1230.0,True,"copy_paste_pricing, cost_overrun, duplicate_work, plausibility_mismatch",1.0,,
152019,MADHAVANENI RAGHUNANDAN RAO,MEDAK,Solar & Public Lighting,100000.0,Supply & fixing of LED Street lights from Chintala Bus stand to uppera pochamma to gram panchayath at Rudraram Village of Akbarpet Bhoompally Mandal,1220.5,True,"copy_paste_pricing, cost_overrun, duplicate_work, plausibility_mismatch",0.98,,
236734,Ajay Kumar Mandal,BHAGALPUR,Normal/Others,998990.0,GOPALPUR GRAM PANCHAYAT ABHYA KALI STHAN ME HIGH MAST LIGHT KI AAPORTI AWM ADHISTAPAN KARY,1230.0,True,"cost_overrun, duplicate_work, plausibility_mismatch, unusual_pattern",1.0,,
184151,KALYAN VAIJINATHRAO KALE,JALNA,Roads & Pathways,1000000.0,Strengthening of Pagirwadi to Nagonyachiwadi road in Ambad taluka.,1223.35,True,"benford_anomaly, copy_paste_pricing, delay_violation, duplicate_work, vague_description",0.98,,
155176,Dr. Syed Naseer Hussain (2024-30),Sitting Rajya Sabha,Solar & Public Lighting,720000.0,Installation of High Mast Lights (16 Mtrs),1230.0,True,"cost_overrun, delay_violation, plausibility_mismatch, vague_description",1.0,,
219155,TARIQ ANWAR,KATIHAR,Normal/Others,965000.0,Purchase and installation of 16 meter high electric powered high mast LED lights,1230.0,True,"copy_paste_pricing, plausibility_mismatch, unusual_pattern, vague_description",1.0,,
135592,Raju Bista,DARJEELING,Solar & Public Lighting,100000.0,"Installation of solar street lights at Belgachhi Tea Garden

Ref: Nilima Tigga (9382475526), Member, Chenga-Panighatta GP",1220.5,True,"copy_paste_pricing, cost_overrun, duplicate_work, plausibility_mismatch",0.98,,
273600,Jitendra Singh,UDHAMPUR,Other Civil Development,400000.0,Installation of New Hand Pump,1225.0,True,"cost_overrun, duplicate_work, plausibility_mismatch, vague_description",1.0,,
293167,Jaswantsinh Sumanbhai Bhabhor,DAHOD,Solar & Public Lighting,300000.0,Lembani Vav game chokdi pase ane aburda mandir pase jaher street light nu kam,1230.0,True,"copy_paste_pricing, cost_overrun, plausibility_mismatch, vague_description",1.0,,
176307,SARABJEET SINGH KHALSA,FARIDKOT,Solar & Public Lighting,100000.0,Installation of Street Lights,1222.5,True,"copy_paste_pricing, cost_overrun, duplicate_work, plausibility_mismatch",1.0,,
164614,Vijay Baghel,DURG,Normal/Others,100000.0,Purchase of Books for School,1220.5,True,"bulk_completion, copy_paste_pricing, ghost_work, plausibility_mismatch",0.98,,
139586,Gyaneshwar Patil,KHANDWA,Normal/Others,100000.0,books suplly at various schools of khandwa district,1222.5,True,"copy_paste_pricing, duplicate_work, plausibility_mismatch, timing_anomaly",1.0,,
176536,BHOJRAJ NAG,KANKER,Other Civil Development,1000000.0,additional rooms  Sarashwatii Shishu Mandir Koyalibeda ke pass,1223.25,True,"benford_anomaly, copy_paste_pricing, delay_violation, duplicate_work, vague_description",0.97,,
141380,Shri Arun Singh (2020-26),Sitting Rajya Sabha,Solar & Public Lighting,100000.0,Solar street light in police station premises Halia,1220.5,True,"copy_paste_pricing, cost_overrun, duplicate_work, plausibility_mismatch",0.98,,
203192,Shri Jaggesh (2022-28),Sitting Rajya Sabha,Solar & Public Lighting,100000.0,"Providing Solar Street lights at Kendagondanahalli village, Tavarekere Hobli, Bengaluru South, Bengaluru Urban District, Karnataka",1222.5,True,"copy_paste_pricing, cost_overrun, duplicate_work, plausibility_mismatch",1.0,,
145929,Dr Mohammad Jawed,KISHANGANJ,Normal/Others,649100.0,DIGHALBANK PRAKHAND ANTARGART TULSHIA PANCHAYAT KE PURANA HAAT TULSHIA ME (12METER) HIGH MAST LIGHT.,1230.0,True,"bulk_completion, copy_paste_pricing, cost_overrun, plausibility_mismatch",1.0,,
186682,AGA SYED RUHULLAH MEHDI,SRINAGAR,Normal/Others,495016.0,"Installation of street lights in ward no 39,40,44,43,45,42,41 and 37 including graveyard in khanyar srinagar",1230.0,True,"cost_overrun, duplicate_work, plausibility_mismatch, unusual_pattern",1.0,,
157817,CHAMALA KIRAN KUMAR REDDY,BHONGIR,Solar & Public Lighting,100000.0,PROVIDING OF STREET LIGHTS IN MIRYALA VILLAGE,1220.5,True,"copy_paste_pricing, cost_overrun, duplicate_work, plausibility_mismatch",0.98,,
299979,SACHITHANANTHAM R,DINDIGUL,Solar & Public Lighting,420000.0,Natham Reddiapatti Village N.Puthukottai oor manthai high mast Light,1230.0,True,"copy_paste_pricing, cost_overrun, duplicate_work, plausibility_mismatch",1.0,,
208569,Ajay Kumar Mandal,BHAGALPUR,Normal/Others,918100.0,Installation of high mast light near purani Sarai mod (at NH-80 Chowk). Sl No. 06,1230.0,True,"cost_overrun, plausibility_mismatch, unusual_pattern, vague_description",1.0,,
137825,Shri Sudheer Gupta ,MANDSOUR,Normal/Others,100000.0,PURCHASE OF BOOKS IN SCHOOL LIBRARY,1220.5,True,"bulk_completion, copy_paste_pricing, ghost_work, plausibility_mismatch",0.98,,
172546,Sunil Kumar ,VALMIKI NAGAR,Normal/Others,860000.0,bagaha 2  ward 4 kaylswa baba kuti ke pass 16 mitar ( 150wt x8 )LED HIGH MASt LIGHT LAAGNA,1230.0,True,"copy_paste_pricing, cost_overrun, plausibility_mismatch, unusual_pattern",1.0,,
168801,KALYAN VAIJINATHRAO KALE,JALNA,Other Civil Development,1000000.0,"Construction of a hall at Sant Sena Maharaj Temple in Ramnagar, Jalna taluka.",1223.35,True,"benford_anomaly, copy_paste_pricing, delay_violation, duplicate_work, vague_description",0.98,,
214395,Smt. Sulata Deo (2022-28),Sitting Rajya Sabha,Solar & Public Lighting,100000.0,"Installation of solar street light at Kundabai village, GP-Kundabai, Block-Udala, District-Mayurbanja, Executive Agency-ITDA Kaaptipada",1222.5,True,"copy_paste_pricing, cost_overrun, duplicate_work, plausibility_mismatch",1.0,,
198655,SAVITRI THAKUR,DHAR,Normal/Others,293973.0,street light work balwari chouraha gandhwani,1230.0,True,"cost_overrun, duplicate_work, plausibility_mismatch, vague_description",1.0,,
168731,KALYAN VAIJINATHRAO KALE,JALNA,Roads & Pathways,1000000.0,Strengthening of Khamgaon Chauphuli to Hasanabad Phata road in Badnapur taluka.,1225.7,True,"benford_anomaly, copy_paste_pricing, delay_violation, duplicate_work, vague_description",0.98,,
237963,JITAN RAM MANJHI,GAYA,Solar & Public Lighting,650000.0,"Installation of High mast light of 16 Meter in Kariyadpur market of Gram Panchayat Jagarnathpur, Block-Tan Kuppa.",1230.0,True,"copy_paste_pricing, cost_overrun, duplicate_work, plausibility_mismatch",1.0,,
176728,Shri Rajib Bhattacharjee (2024-28),Sitting Rajya Sabha,Education & School Infrastructure,2500000.0,"Construction of new School Building at Sabroom English Medium HS School, Sabroom, South Tripura. - 1st phase.",1222.5,True,"benford_anomaly, copy_paste_pricing, cost_overrun, duplicate_work",1.0,,
158289,Mr Gopal Jee Thakur,DARBHANGA,Normal/Others,495000.0,manigachhi prakhand antargat raghopur paschmi panchayat ke kayasth kabai durga sthan ke nikat sarvajanik sthal par mini high mast electric light ka adhisthapan karya,1230.0,True,"bill_splitting, cost_overrun, ghost_work, plausibility_mismatch",1.0,,
302275,DR.MALLU RAVI,NAGARKURNOOL,Education & School Infrastructure,500000.0,Construction of Compound Wall from 36 meters to 70 meters for ZPHS Boys High School Nagarkurnool,1230.0,True,"benford_anomaly, copy_paste_pricing, cost_overrun, duplicate_work",1.0,,
220524,RAMASHANKAR RAJBHAR,SALEMPUR,Education & School Infrastructure,100000.0,"Installation of street light in Ramwati Dharmnath Kanya Inter college,Lar",1220.5,True,"copy_paste_pricing, cost_overrun, duplicate_work, plausibility_mismatch",0.98,,
134690,Smt. Geeta alias Chandraprabha (2020-26),Sitting Rajya Sabha,Education & School Infrastructure,2500000.0,Construction work in the college according to the recommended work listed in the attachment.,1222.5,True,"benford_anomaly, cost_overrun, delay_violation, duplicate_work",1.0,,
167584,DR C N MANJUNATH,BANGALORE RURAL,Normal/Others,500000.0,"Purchase of non-conventional energy system and devices for community use - Installation of Solur Street Lights at Bommachanahalli Colony, Sugganahalli Grama Panchayath, Ramanagara Taluk and District, Karnataka State.",1230.0,True,"benford_anomaly, copy_paste_pricing, cost_overrun, plausibility_mismatch",1.0,,
213054,BALRAM NAIK PORIKA,MAHABUBABAD,Solar & Public Lighting,100000.0,Installation of LED Street lights in Srinagar GP,1220.5,True,"copy_paste_pricing, cost_overrun, duplicate_work, plausibility_mismatch",0.98,,
238180,JITAN RAM MANJHI,GAYA,Solar & Public Lighting,650000.0,"Installation of High mast light of 16 Meter at Kali Mandir Belaganj, Gram Panchayat-Bajitpur, Gayaji.",1230.0,True,"copy_paste_pricing, cost_overrun, duplicate_work, plausibility_mismatch",1.0,,
208595,Gyaneshwar Patil,KHANDWA,Normal/Others,225780.0,solar street lights-5,1230.0,True,"cost_overrun, duplicate_work, plausibility_mismatch, vague_description",1.0,,
209095,Shatrughan Sinha,ASANSOL,Solar & Public Lighting,1446000.0,Supply and Installation of 12.5 Mtr. Electric High Mast Lights (03 Nos.),1230.0,True,"copy_paste_pricing, cost_overrun, duplicate_work, plausibility_mismatch",1.0,,
152955,TARIQ ANWAR,KATIHAR,Normal/Others,994740.0,Purchase and installation of 16-meter high electric-powered high mast LED (250W 8) lights.,1230.0,True,"copy_paste_pricing, plausibility_mismatch, unusual_pattern, vague_description",1.0,,
189870,KISHORI LAL,AMETHI,Solar & Public Lighting,6447168.0,"Installation of 287 (Two Hundred Eighty Seven) solar street lights, as per the list attached",1230.0,True,"copy_paste_pricing, duplicate_work, plausibility_mismatch, vague_description",1.0,,
296047,AWADHESH PRASAD,FAIZABAD,Solar & Public Lighting,747000.0,"devgiri pure mishra om prakash mishra ke ghar ke pas,sindhaura bhaumau tirahe per,perwarpara durga mata ke sthan per high mast light",1230.0,True,"cost_overrun, duplicate_work, plausibility_mismatch, vague_description",1.0,,
219170,SURESH GOPI,THRISSUR,Normal/Others,890456.0,"Installation of Two 12 m High Mast with 200 W x 6 number of Flood Lights in (1) the Manjanam Moola Road near Avittathur Mahadeva Temple, Vellookkara, and (2)  Chengattumuri - Thommana Road, West Side of  Avittathur Mahadeva Temple, Vellookkara.",1230.0,True,"cost_overrun, plausibility_mismatch, unusual_pattern, vague_description",1.0,,
301798,Dr. Sikander Kumar (2022-28),Sitting Rajya Sabha,Drinking Water Supply,150000.0,Installation of Community Handpump at Mehrewala near house of Sh Sher Singh Gram Panchayat Sainwala mubarikpur Tehsil Paonta Sahib District Sirmaur Executing Agency XEN IPH Nahan,1223.6,True,"copy_paste_pricing, cost_overrun, duplicate_work, plausibility_mismatch",1.0,,
304233,Smt. Ranjeet Ranjan (2022-28),Sitting Rajya Sabha,Drinking Water Supply,2500000.0,"Construction of a borewell, installation of a pump, and provision of a water tank",1230.0,True,"benford_anomaly, cost_overrun, duplicate_work, plausibility_mismatch",1.0,,
209238,Jagannath Sarkar,RANAGHAT,Solar & Public Lighting,100000.0,"Purchase and supply of an Ambulance with Maruti Suzuki Eeco 5 seater AC and specification 1197cc 1.2 LK12N DULAL alongside High quality interior paneling and LED Lighting FRP Wall panel for insulation and oxygen system B type cylinder with regulator and flowmeter 10 liter capacity and first aid kit and trauma Bag Bandage in favor of Ballaldighi  Netazi Sangha, Booth-31 under Mayapur Bamanpukur -1 no Gram Panchayat, Nabadwip Block Development",1230.0,True,"copy_paste_pricing, cost_overrun, duplicate_work, plausibility_mismatch",1.0,,
215759,Dinesh Chandra Yadav,MADHEPURA,Normal/Others,697000.0,Patarghat Prakhand antargat Golma panchayat ke Golma Baink of india ke najdik Chowk par High Mast Light ka Adhisthapan.,1230.0,True,"bulk_completion, copy_paste_pricing, cost_overrun, plausibility_mismatch",1.0,,
194394,KANWAR SINGH TANWAR,AMROHA,Solar & Public Lighting,100000.0,Block Amroha ke gram baseda taga me pm shri jawahar navoday vidyalaya me 5 solar LED lights karya. (Impliment Agency PCCD Amroha).,1220.5,True,"copy_paste_pricing, cost_overrun, duplicate_work, plausibility_mismatch",0.98,,
234738,JAGADISH CHANDRA BARMA BASUNIA,COOCHBEHAR,Solar & Public Lighting,586716.0,"Installation for the single unit Mini High Mast Solar Lightening system with 4x200 WP SPV Module, Four nos 60 W Semi Integrated Street light with 60Ah Li-ion cell at Khagrabari Harendra Chandra Vidyamandir",1230.0,True,"copy_paste_pricing, cost_overrun, plausibility_mismatch, vague_description",1.0,,
158255,Mr Gopal Jee Thakur,DARBHANGA,Normal/Others,495000.0,bahadurpur prakhand antargat rambhadrapur panchayat ke munsi chowk ke nikat sarvajanik sthal par mini high mast electric light ka adhisthapan karya,1230.0,True,"bill_splitting, cost_overrun, ghost_work, plausibility_mismatch",1.0,,
244801,DR. RAJ KUMAR CHABBEWAL,HOSHIARPUR,Solar & Public Lighting,100000.0,Installation of Solar Street Lights,1222.5,True,"copy_paste_pricing, cost_overrun, duplicate_work, plausibility_mismatch",1.0,,
172129,Smt Himadri Singh,SHAHDOL,Normal/Others,366964.0,"12 solar street light installation work. Implementing Agency - PWD EM, Rewa Division",1230.0,True,"cost_overrun, duplicate_work, ghost_work, plausibility_mismatch",1.0,,
152950,TARIQ ANWAR,KATIHAR,Normal/Others,994740.0,Purchase and installation of 16-meter high electric-powered high mast LED (250W 8) lights.,1230.0,True,"copy_paste_pricing, plausibility_mismatch, unusual_pattern, vague_description",1.0,,
213007,BALRAM NAIK PORIKA,MAHABUBABAD,Solar & Public Lighting,100000.0,Installation of LED Street lights in Sarvapuram  GP,1220.5,True,"copy_paste_pricing, cost_overrun, duplicate_work, plausibility_mismatch",0.98,,
214883,Shri Pramod Tiwari (2022-28),Sitting Rajya Sabha,Roads & Pathways,1500000.0,"For lighting in village Fauladpur, for installation of road light (street light) from National Highway No. 48 towards Fauladpur village.",1230.0,True,"benford_anomaly, copy_paste_pricing, cost_overrun, plausibility_mismatch",1.0,,
302970,Janardan Mishra,REWA,Solar & Public Lighting,3613400.0,High Mast 180 Watt with 16 Meter GI poll,1230.0,True,"cost_overrun, duplicate_work, plausibility_mismatch, vague_description",1.0,,
202324,Giridhari Yadav,BANKA,Normal/Others,999990.0,Street lights,1230.0,True,"cost_overrun, plausibility_mismatch, unusual_pattern, vague_description",1.0,,
215769,Dinesh Chandra Yadav,MADHEPURA,Normal/Others,697000.0,Sattar Kataiya Prakhand antargat Vishanpur panchayat ke Vishanpur Bajrangwali Chowk par High Mast Light ka Adhisthapan.,1230.0,True,"bulk_completion, copy_paste_pricing, cost_overrun, plausibility_mismatch",1.0,,
164856,Kalanidhi Veeraswamy,CHENNAI NORTH,Solar & Public Lighting,1000000.0,"Providing  High Mast Light  at Indira nagar housing board near TNHUDB   in dn 50, Zone -1",1230.0,True,"benford_anomaly, cost_overrun, delay_violation, plausibility_mismatch",1.0,,
172932,Sunil Kumar ,VALMIKI NAGAR,Normal/Others,860000.0,BAGAHA WARD 17 BGHA -1 KARYALY PRISAR ME 16 MITAR (150WTX8 )LED HIGH MAST LIGHT LGANA,1230.0,True,"copy_paste_pricing, cost_overrun, plausibility_mismatch, unusual_pattern",1.0,,
215747,Dinesh Chandra Yadav,MADHEPURA,Normal/Others,697000.0,Nauhatta Prakhand antargat Mohanpur Panchayat ke Kali Mandir ke bagal mey Tatbandh par High Mast Light ka Adhisthapan.,1230.0,True,"bulk_completion, copy_paste_pricing, cost_overrun, plausibility_mismatch",1.0,,
177567,Sanjay Uttamrao Deshmukh,YAVATMAL-WASHIM,Normal/Others,393593.0,At Parsodi yethe solar high mast basvine,1230.0,True,"duplicate_work, plausibility_mismatch, timing_anomaly, vague_description",1.0,,
231954,Dinesh Chandra Yadav,MADHEPURA,Normal/Others,697000.0,"Saurbazar Prakhand antargat Rauta-Khem Panchayat ke Inarva, Hatiya par High Mast Light ka Adhisthapan.",1230.0,True,"copy_paste_pricing, cost_overrun, plausibility_mismatch, unusual_pattern",1.0,,
164604,Vijay Baghel,DURG,Normal/Others,100000.0,Purchase of Books for School,1220.5,True,"bulk_completion, copy_paste_pricing, ghost_work, plausibility_mismatch",0.98,,
155264,Mr Gopal Jee Thakur,DARBHANGA,Normal/Others,495000.0,biraul prakhand antargat navtol bhawanipur panchayat ke kamalpur durga mandir ke nikat (SH-56) ke kinare sarvajanik sthal par mini high mast electric light ka adhisthapan karya,1230.0,True,"bill_splitting, cost_overrun, ghost_work, plausibility_mismatch",1.0,,
207799,DR. SHARMILA SARKAR,BARDHAMAN PURBA,Solar & Public Lighting,400000.0,Electric high mast light at Singi PHC,1230.0,True,"copy_paste_pricing, cost_overrun, plausibility_mismatch, vague_description",1.0,,
215749,Dinesh Chandra Yadav,MADHEPURA,Normal/Others,697000.0,Nauhatta Prakhand antargat Muradpur Panchayat ke Radhakrishna Mandir Muradpur ke bagal mey High Mast Light ka Adhisthapan.,1230.0,True,"bulk_completion, copy_paste_pricing, cost_overrun, plausibility_mismatch",1.0,,
163628,TARIQ ANWAR,KATIHAR,Normal/Others,994740.0,Purchase and installation of 16meter high electric powered high mast LED lights (250W 8),1230.0,True,"cost_overrun, duplicate_work, plausibility_mismatch, unusual_pattern",1.0,,
235614,UJJWAL RAMAN SINGH,ALLAHABAD,Drinking Water Supply,8699002.0,Allahabad loksabha Kshetra Handpump installation,1230.0,True,"cost_overrun, duplicate_work, plausibility_mismatch, vague_description",1.0,,
210026,MANOJ TIGGA,ALIPURDUARS,Solar & Public Lighting,735030.0,Installation of Single Unit Mini high Mast Solar Street Light System Six Nos 60W Semi Intregrted Solar street light at Jaldhoa Chowpathi under Rampur II Gram Panchayat within Tufanganj II Development Block,1230.0,True,"copy_paste_pricing, cost_overrun, duplicate_work, plausibility_mismatch",1.0,,
247609,ABDUL RASHID SHEIKH,BARAMULLAH,Solar & Public Lighting,100000.0,"Installation of Solar Street lights at various villages of Lolab Assembly constituency, Block Sogam including village Wani Dorasa, Dorasa, Walkul, Gundmacher, Rakh Gundmacher, Chandigam through RDD.",1220.5,True,"copy_paste_pricing, cost_overrun, duplicate_work, plausibility_mismatch",0.98,,
175925,DR. RAJESH MISHRA,SIDHI,Normal/Others,1157705.0,35 NAG SOLAR STREET LIGHTS KA INSTTALATION,1230.0,True,"cost_overrun, plausibility_mismatch, unusual_pattern, vague_description",1.0,,
305520,Prabhubhai Nagarbhai Vasava,BARDOLI,Solar & Public Lighting,192000.0,"The following facility work regarding installation of electricity poles near Dudh Mandali in Devchandni Faliya, Sundarpur village, fixing, commissioning 11.00 MTRGI Tuber Light Poles with 150 Volt 6 Flooded LED Light Attachment and Leader with 1 Year Maintenance Nos.1 work, Taluka. Uchchhal, District. Tapi",1230.0,True,"copy_paste_pricing, cost_overrun, duplicate_work, plausibility_mismatch",1.0,,
189884,KISHORI LAL,AMETHI,Solar & Public Lighting,539136.0,"Installation of 24 (Twenty Four) solar street lights, as per the list attached",1230.0,True,"copy_paste_pricing, duplicate_work, plausibility_mismatch, vague_description",1.0,,
299918,SACHITHANANTHAM R,DINDIGUL,Solar & Public Lighting,420000.0,Kuthathupatti Village Kuthathupatti Near Devalayam High Mast Light,1230.0,True,"copy_paste_pricing, cost_overrun, duplicate_work, plausibility_mismatch",1.0,,
164600,Vijay Baghel,DURG,Normal/Others,100000.0,Purchase of Books for School,1220.5,True,"bulk_completion, copy_paste_pricing, ghost_work, plausibility_mismatch",0.98,,
176313,SARABJEET SINGH KHALSA,FARIDKOT,Solar & Public Lighting,100000.0,Installation of Street Lights in Gram Panchayat Sadhanwala Gill Patti,1222.5,True,"copy_paste_pricing, cost_overrun, duplicate_work, plausibility_mismatch",1.0,,
175921,DR. RAJESH MISHRA,SIDHI,Normal/Others,1157705.0,35 NAG SOLAR STREET LIGHTS KA INSTTALATION,1230.0,True,"cost_overrun, plausibility_mismatch, unusual_pattern, vague_description",1.0,,
296041,AWADHESH PRASAD,FAIZABAD,Solar & Public Lighting,996000.0,"kurawan ram leela maidan me,khanpur kharu pasi basti me,paliya jagmohan singh bisnoi chauraha per,gothwara choti bhatauli ashish chaurasiya ke ghar ke pas high mast light",1230.0,True,"copy_paste_pricing, cost_overrun, plausibility_mismatch, vague_description",1.0,,
161722,Maddila Gurumoorthy,TIRUPATI,Normal/Others,100000.0,Providing street lights and fixtures at Gudalavaari Pallem in Varadaiahpalem Mandal.,1220.5,True,"copy_paste_pricing, cost_overrun, delay_violation, plausibility_mismatch",0.98,,
189522,Shatrughan Sinha,ASANSOL,Solar & Public Lighting,2410000.0,Supply and Installation of  5 nos 12 mtr. Electric high mast light at different places within Pandaveswar P.S. under Paschim Bardhaman District (Each Light cost Rs. 4.82 Lac),1230.0,True,"copy_paste_pricing, cost_overrun, duplicate_work, plausibility_mismatch",1.0,,
152938,TARIQ ANWAR,KATIHAR,Normal/Others,994740.0,Purchase and installation of 16-meter high electric-powered high mast LED (250W 8) lights.,1230.0,True,"copy_paste_pricing, plausibility_mismatch, unusual_pattern, vague_description",1.0,,
156085,ALFRED KANNGAM S ARTHUR,OUTER MANIPUR,Normal/Others,1879510.0,"Construction of playground at 
S Mongjang/Koite Village",1224.1,True,"bill_splitting, copy_paste_pricing, duplicate_work, ghost_work, unusual_pattern",0.891,,
245571,DR. RAJ KUMAR CHABBEWAL,HOSHIARPUR,Solar & Public Lighting,100000.0,Installation of Solar Street Lights ( Work executed through Xen Punjab Mandi Board Gurdaspur),1220.5,True,"copy_paste_pricing, cost_overrun, duplicate_work, plausibility_mismatch",0.98,,
172518,Sunil Kumar ,VALMIKI NAGAR,Normal/Others,860000.0,bagaha  ke ward 5 ke anumandal prisar ke kachhri fild me 16 mitar (150wtx8)led high mast light lagana,1230.0,True,"copy_paste_pricing, cost_overrun, plausibility_mismatch, unusual_pattern",1.0,,
135684,Raju Bista,DARJEELING,Solar & Public Lighting,100000.0,"Installation of solar street lights at Ward No 6, Mungpoo, Reshep Gram Panchayat

Ref: Satish Rai (7001612543), Member, Reshep GP",1220.5,True,"copy_paste_pricing, cost_overrun, duplicate_work, plausibility_mismatch",0.98,,
175111,Shri Anil Kumar Yadav Mandadi (2024-30),Sitting Rajya Sabha,Solar & Public Lighting,100000.0,Providing LED Street Lights in Gudoor (Village) Chinna Chintha Kunta (Mandal) Mahabubnagar (Dist),1220.5,True,"copy_paste_pricing, cost_overrun, duplicate_work, plausibility_mismatch",0.98,,
169135,RAJA RAM SINGH,KARAKAT,Normal/Others,300000.0,High Mast Soler Light,1230.0,True,"copy_paste_pricing, duplicate_work, plausibility_mismatch, vague_description",1.0,,
175929,DR. RAJESH MISHRA,SIDHI,Normal/Others,1157705.0,35 NAG SOLAR STREET LIGHTS KA INSTTALATION,1230.0,True,"cost_overrun, plausibility_mismatch, unusual_pattern, vague_description",1.0,,
198652,SAVITRI THAKUR,DHAR,Solar & Public Lighting,100000.0,street light work bas stand gandhwani,1220.5,True,"copy_paste_pricing, cost_overrun, duplicate_work, plausibility_mismatch",0.98,,
152919,TARIQ ANWAR,KATIHAR,Normal/Others,994740.0,Purchase and installation of 16-meter high electric-powered high mast LED (250W 8) lights.,1230.0,True,"copy_paste_pricing, plausibility_mismatch, unusual_pattern, vague_description",1.0,,
299917,SACHITHANANTHAM R,DINDIGUL,Solar & Public Lighting,420000.0,Pantrimalai Village Pantrimalai Near Roundana High Mast Light,1230.0,True,"copy_paste_pricing, cost_overrun, duplicate_work, plausibility_mismatch",1.0,,
156744,RACHNA BANERJEE,HOOGHLY,Roads & Pathways,287879.0,"High Mast Street Light (length 10 Mtrs.) at Khosalpur Haringata, near pucca Bridge",1230.0,True,"copy_paste_pricing, cost_overrun, delay_violation, plausibility_mismatch",1.0,,
1615,Dr. K. Laxman (2022-28),Sitting Rajya Sabha,Other Civil Development,499000.0,Installation of CC Cameras,1220.0,True,"bill_splitting, copy_paste_pricing, duplicate_work, vague_description",1.0,,
153365,Mala Roy ,KOLKATA DAKSHIN,Roads & Pathways,500000.0,"IMPROVEMENT OF STREET LIGHTING ARRANGEMENT AT ANIL MOITRA ROAD, AND P.C. SARKAR SARANI IN WARD 68 UNDER BR-VIII.",1230.0,True,"benford_anomaly, cost_overrun, delay_violation, plausibility_mismatch",1.0,,
152953,TARIQ ANWAR,KATIHAR,Normal/Others,994740.0,Purchase and installation of 16-meter high electric-powered high mast LED (250W 8) lights.,1230.0,True,"copy_paste_pricing, plausibility_mismatch, unusual_pattern, vague_description",1.0,,
237091,S Venkatesan,MADURAI,Roads & Pathways,500000.0,"Providing High Mast Light Ward No. 43, Kuruvikaran Salai, South Side of the Bridge. (2025-2026)",1230.0,True,"benford_anomaly, copy_paste_pricing, cost_overrun, plausibility_mismatch",1.0,,
157507,Gumma Thanuja Rani,ARAKU,Solar & Public Lighting,100000.0,purchase of street lights,1222.5,True,"copy_paste_pricing, cost_overrun, duplicate_work, plausibility_mismatch",1.0,,
219153,TARIQ ANWAR,KATIHAR,Normal/Others,965000.0,Purchase and installation of 16 meter high electric powered high mast LED lights,1230.0,True,"copy_paste_pricing, plausibility_mismatch, unusual_pattern, vague_description",1.0,,
155940,Dr Mohammad Jawed,KISHANGANJ,Normal/Others,649100.0,Kishanganj Nagar Parisadh Chhetr Antargart Ward No 11 Kishanganj Gaosala ke Samne (12M) High Mast Light,1230.0,True,"bulk_completion, copy_paste_pricing, cost_overrun, plausibility_mismatch",1.0,,
164590,Vijay Baghel,DURG,Normal/Others,100000.0,Purchase of books for school,1222.5,True,"copy_paste_pricing, duplicate_work, ghost_work, plausibility_mismatch",1.0,,
226511,DAGGUMALLA PRASADA RAO,CHITTOOR,Solar & Public Lighting,100000.0,Providing Fixing of Octagonal pole Double Arm street lights from Railway gate to Uttlavaripalli HW-2nd street at Uttlavaripalli in Pakala mandal.,1222.0,True,"copy_paste_pricing, cost_overrun, duplicate_work, plausibility_mismatch",0.995,,
297144,Shri Sujeet Kumar (2026-32),Sitting Rajya Sabha,Solar & Public Lighting,500000.0,Istallation of Solar High Mast light at Parmanandapur Pada,1230.0,True,"copy_paste_pricing, cost_overrun, plausibility_mismatch, vague_description",1.0,,
192870,SAYANI GHOSH,JADAVPUR,Solar & Public Lighting,100000.0,IMPROVEMENT OF STREET LIGHTING SYSTEM WITH 200 WATT WARM WHITE LED STREET LIGHT FITTINGS AT DIFFERENT PARTS OF WARD NO 101 UNDER JADAVPUR AC,1220.5,True,"copy_paste_pricing, cost_overrun, duplicate_work, plausibility_mismatch",0.98,,
210029,MANOJ TIGGA,ALIPURDUARS,Solar & Public Lighting,735030.0,Installation of Single Unit Mini high Mast Solar Street Light System Six Nos 60W Semi Intregrted Solar street light at Madhurbhasha Natun Bazar under Rampur II Gram Panchayat within Tufanganj II Development Block,1230.0,True,"copy_paste_pricing, cost_overrun, duplicate_work, plausibility_mismatch",1.0,,
152482,CHAMALA KIRAN KUMAR REDDY,BHONGIR,Solar & Public Lighting,100000.0,PROVIDING OF STREET LIGHTS IN VALIGONDA VILLAGE,1220.5,True,"copy_paste_pricing, cost_overrun, duplicate_work, plausibility_mismatch",0.98,,
302973,Janardan Mishra,REWA,Solar & Public Lighting,18067000.0,High Mast Module 180 watt 16 Meter GI pole,1230.0,True,"cost_overrun, duplicate_work, plausibility_mismatch, vague_description",1.0,,
246902,CN Annadurai,TIRUVANNAMALAI,Roads & Pathways,100000.0,Providing LED Street Lights in Elagiri Hills Main road 0-901-0-1200 at Elagiri Hills,1222.5,True,"copy_paste_pricing, cost_overrun, duplicate_work, plausibility_mismatch",1.0,,
299522,ABDUL RASHID SHEIKH,BARAMULLAH,Solar & Public Lighting,1000000.0,Procurement of Solar Street Lights for District Bandipora through RDD.,1230.0,True,"benford_anomaly, cost_overrun, plausibility_mismatch, vague_description",1.0,,
231950,Dinesh Chandra Yadav,MADHEPURA,Normal/Others,697000.0,Sonbarsa Prakhand antargat Kashnagar Panchayat ke Simariya Ward No-6 Hanuman Mandir ke bagal mey Dakshin taraf High Mast Light ka Adhisthapan.,1230.0,True,"copy_paste_pricing, cost_overrun, plausibility_mismatch, unusual_pattern",1.0,,
236723,JITAN RAM MANJHI,GAYA,Solar & Public Lighting,650000.0,"Installation of High mast light of 16 Meter in at the Panchayat Community Building in Gopalchak Gram Panchayat, Block-Mohanpur.",1230.0,True,"copy_paste_pricing, cost_overrun, duplicate_work, plausibility_mismatch",1.0,,
207588,RADHE SHYAM RATHIYA,RAIGARH,Drinking Water Supply,300000.0,"Borewell Drilling, installation of submersible pump and water tank facility",1220.0,True,"copy_paste_pricing, cost_overrun, duplicate_work, plausibility_mismatch",1.0,,
172128,Smt Himadri Singh,SHAHDOL,Solar & Public Lighting,100000.0,"12 solar street light installation work. Implementing Agency - PWD EM, Rewa Division",1222.5,True,"copy_paste_pricing, cost_overrun, duplicate_work, plausibility_mismatch",1.0,,
180163,Piyush Vedprakash Goyal,MUMBAI NORTH,Other Civil Development,1500000.0,Repairing of public toilet and construction of paver blocks,1221.0,True,"benford_anomaly, copy_paste_pricing, delay_violation, duplicate_work, vague_description",0.95,,
210259,PATHAN YUSUF,BAHARAMPUR,Community Centers & Halls,2450000.0,"Installation of 70 solar street light system at doulatabad anchal, To MD, the executive agency will be the West Bengal Small Industries Development Corporation Ltd. 31, Black Burn lane,4th floor, Shilpa Bhavan, (near Poddar courts), Kolkata- 700012, west Bengal",1230.0,True,"cost_overrun, duplicate_work, plausibility_mismatch, vague_description",1.0,,
152923,TARIQ ANWAR,KATIHAR,Normal/Others,994740.0,Purchase and installation of 16-meter high electric-powered high mast LED (250W 8) lights.,1230.0,True,"copy_paste_pricing, plausibility_mismatch, unusual_pattern, vague_description",1.0,,
208593,Gyaneshwar Patil,KHANDWA,Normal/Others,225780.0,solar street lights-5,1230.0,True,"cost_overrun, duplicate_work, plausibility_mismatch, vague_description",1.0,,
156460,Dr Mohammad Jawed,KISHANGANJ,Normal/Others,649100.0,Kishanganj Nagar Parisadh Chhetra ke ward no 31 Pothia Dhekabhinja Masjid ke samne (12M) High Mast Light,1230.0,True,"bulk_completion, copy_paste_pricing, cost_overrun, plausibility_mismatch",1.0,,
155249,Mr Gopal Jee Thakur,DARBHANGA,Normal/Others,495000.0,biraul prakhand antargat saho panchayat ke sahari mahadev mandir ke nikat sarvajanik sthal par mini high mast electric light ka adhisthapan karya,1230.0,True,"bill_splitting, cost_overrun, ghost_work, plausibility_mismatch",1.0,,
156881,Ashok Kumar Yadav ,MADHUBANI,Normal/Others,495000.0,Supply And installation Mini High Mast Lightning System AT Madhopatti Mahavari Temple Chowk block Keoti darbhanga,1230.0,True,"copy_paste_pricing, cost_overrun, plausibility_mismatch, timing_anomaly",1.0,,
161192,B K PARTHASARATHI,HINDUPUR,Roads & Pathways,100000.0,"Providing street lighting for ward No.12 Venkatapuram village to R&B road of Nasanakota (GP) at
Ramagiri(M)",1222.5,True,"copy_paste_pricing, cost_overrun, duplicate_work, plausibility_mismatch",1.0,,
213024,BALRAM NAIK PORIKA,MAHABUBABAD,Solar & Public Lighting,100000.0,Installation of LED Street lights in Incherla GP,1220.5,True,"copy_paste_pricing, cost_overrun, duplicate_work, plausibility_mismatch",0.98,,
145940,Dr Mohammad Jawed,KISHANGANJ,Normal/Others,649100.0,TEDHAGACHH PRAKHAND ANTARGART BAIGNA PANCHAYAT KE FUTANI CHOWK ME (12METER) HIGH MAST LIGHT.,1230.0,True,"bulk_completion, copy_paste_pricing, cost_overrun, plausibility_mismatch",1.0,,
241702,SHOBHA KARANDLAJE,BANGALORE NORTH,Normal/Others,499398.0,Setting of High Mast Light at punugumaranahaly village of Chunchanakuppe GP,1230.0,True,"cost_overrun, duplicate_work, ghost_work, plausibility_mismatch",1.0,,
297145,Shri Sujeet Kumar (2026-32),Sitting Rajya Sabha,Solar & Public Lighting,1000000.0,Installation of Solar High Mast light at Risida Bus Stand,1230.0,True,"copy_paste_pricing, cost_overrun, plausibility_mismatch, vague_description",1.0,,
219159,TARIQ ANWAR,KATIHAR,Normal/Others,965000.0,Purchase and installation of 16 meter high electric powered high mast LED lights,1230.0,True,"copy_paste_pricing, plausibility_mismatch, unusual_pattern, vague_description",1.0,,
295272,VIRENDRA SINGH,CHANDAULI,Solar & Public Lighting,14493600.0,Installation of semi high mast light in different villages of chandauli district,1230.0,True,"cost_overrun, duplicate_work, plausibility_mismatch, vague_description",1.0,,
219137,TARIQ ANWAR,KATIHAR,Normal/Others,965000.0,Purchase and installation of 16 meter high electric powered high mast LED lights,1230.0,True,"copy_paste_pricing, plausibility_mismatch, unusual_pattern, vague_description",1.0,,
181392,Manickam Tagore B,VIRUDHUNAGAR,Drinking Water Supply,550000.0,Providing new Borewell with Bathtub in Kilavaneri Village and Panchayat.,1230.0,True,"cost_overrun, delay_violation, duplicate_work, plausibility_mismatch",1.0,,
219799,Mala Roy ,KOLKATA DAKSHIN,Public Amenities & Sports,100000.0,"DEVELOPMENT OF STREET LIGHTING SYSTEM BY MINI-MAST POLE WITH LED LUMINARIES AND NEW POLE WITH LUMINARIES AT DIAMOND PARK, DHALIPARA, KHALPAR, 22 BIGHA LOHAR POOL AND SURROUNDING AREAS IN WARD NO. 143, K.M.C.",1220.5,True,"copy_paste_pricing, cost_overrun, duplicate_work, plausibility_mismatch",0.98,,
247637,DR. RAJ KUMAR CHABBEWAL,HOSHIARPUR,Solar & Public Lighting,100000.0,Installation of Solar Street Lights,1222.5,True,"copy_paste_pricing, cost_overrun, duplicate_work, plausibility_mismatch",1.0,,
208491,M. MALLESH BABU,KOLAR,Solar & Public Lighting,1716000.0,Establishment and Installation of 8 street lights with poles between Gunagantipalya Circle to Ambedkar Circle,1230.0,True,"cost_overrun, duplicate_work, plausibility_mismatch, vague_description",1.0,,
155490,Mr Gopal Jee Thakur,DARBHANGA,Normal/Others,495000.0,gaura bauram prakhand antargat karkauli panchayat ke karkauli main chowk ke nikat sarvajanik sthal par mini high mast electric light ka adhisthapan karya,1230.0,True,"bill_splitting, cost_overrun, ghost_work, plausibility_mismatch",1.0,,
273574,Jitendra Singh,UDHAMPUR,Other Civil Development,400000.0,Installation of New Hand Pump,1225.0,True,"cost_overrun, duplicate_work, plausibility_mismatch, vague_description",1.0,,
168753,KALYAN VAIJINATHRAO KALE,JALNA,Roads & Pathways,1000000.0,Strengthening of Rokdobanagar to Rajala road under Koparda in Bhokardan taluka.,1225.7,True,"benford_anomaly, copy_paste_pricing, delay_violation, duplicate_work, vague_description",0.98,,
205139,Giridhari Yadav,BANKA,Normal/Others,999990.0,High mast light,1230.0,True,"cost_overrun, plausibility_mismatch, unusual_pattern, vague_description",1.0,,
250448,CHAMALA KIRAN KUMAR REDDY,BHONGIR,Solar & Public Lighting,100000.0,Providing of 30W LED Street Lights  kothagudem,1222.5,True,"copy_paste_pricing, cost_overrun, duplicate_work, plausibility_mismatch",1.0,,
180170,Piyush Vedprakash Goyal,MUMBAI NORTH,Other Civil Development,2500000.0,Repairing of public toilet and construction of paver blocks,1221.0,True,"benford_anomaly, copy_paste_pricing, delay_violation, duplicate_work, vague_description",0.95,,
226512,DAGGUMALLA PRASADA RAO,CHITTOOR,Normal/Others,491048.0,Providing Fixing of Octagonal pole Double Arm street lights from Uttlavaripalli HW-2nd street to Divider-1 middle point at Uttlavaripalli in Pakala mandal.,1230.0,True,"bill_splitting, cost_overrun, duplicate_work, plausibility_mismatch",1.0,,
147432,Smt. Sudha Murty (2024-30),Nominated Rajya Sabha,Education & School Infrastructure,10770000.0,Construction of library building,1222.5,True,"cost_overrun, delay_violation, duplicate_work, vague_description",1.0,,
293099,Jaswantsinh Sumanbhai Bhabhor,DAHOD,Solar & Public Lighting,300000.0,gothib game mota faliya ma ane mahadev mandir pase aher street light nu kam,1230.0,True,"copy_paste_pricing, cost_overrun, plausibility_mismatch, vague_description",1.0,,
250447,CHAMALA KIRAN KUMAR REDDY,BHONGIR,Solar & Public Lighting,100000.0,Providing of 30W LED Street Lights,1222.5,True,"copy_paste_pricing, cost_overrun, duplicate_work, plausibility_mismatch",1.0,,
214129,Shatrughan Sinha,ASANSOL,Solar & Public Lighting,964000.0,Supply and Installation of 02 nos 12.5 Mtr High Mast Lights,1230.0,True,"copy_paste_pricing, cost_overrun, duplicate_work, plausibility_mismatch",1.0,,
172449,Sunil Kumar ,VALMIKI NAGAR,Normal/Others,860000.0,ramnagar ward 26 bhuyari men thakur mandir ke pass 16 mitar led (150wtx8)high mast light lagana,1230.0,True,"copy_paste_pricing, cost_overrun, plausibility_mismatch, unusual_pattern",1.0,,
236719,JITAN RAM MANJHI,GAYA,Solar & Public Lighting,650000.0,"Installation of High mast light of 16 Meter in Bartara near Tan Kuppa market Mod, Bartara, Block-Tan Kuppa.",1230.0,True,"copy_paste_pricing, cost_overrun, duplicate_work, plausibility_mismatch",1.0,,
302227,Giridhari Yadav,BANKA,Solar & Public Lighting,875000.0,Amarpur Prakhand antargat Laxmipur Chiraiya Panchayat ke Gram Laungai Ward No 4 mey Mahadev Mandir ke pass High Mast Light ka Adhishthapan.,1230.0,True,"copy_paste_pricing, cost_overrun, duplicate_work, plausibility_mismatch",1.0,,
246903,CN Annadurai,TIRUVANNAMALAI,Roads & Pathways,100000.0,Providing LED Street Lights in Elagiri Hills Main road 0-1201-0-1500 at Elagiri Hills,1222.5,True,"copy_paste_pricing, cost_overrun, duplicate_work, plausibility_mismatch",1.0,,
209066,Shatrughan Sinha,ASANSOL,Solar & Public Lighting,5390000.0,Supply and Installation of Electric Street Lights (70 Nos.),1230.0,True,"cost_overrun, duplicate_work, plausibility_mismatch, vague_description",1.0,,
260966,DR. RAJ KUMAR CHABBEWAL,HOSHIARPUR,Solar & Public Lighting,100000.0,Installation of Solar Street Lights in Patti Bai  ( Work executed through Xen Mandi Board ),1220.5,True,"copy_paste_pricing, cost_overrun, duplicate_work, plausibility_mismatch",0.98,,
294464,Shri Sat Paul Sharma (2025-31),Sitting Rajya Sabha,Other Civil Development,495000.0,mark 2 hand pump at ward no 1 hiranagar,1229.25,True,"cost_overrun, duplicate_work, plausibility_mismatch, vague_description",0.995,,
189523,Shatrughan Sinha,ASANSOL,Solar & Public Lighting,4820000.0,Supply and Installation of  10 nos 12 mtr. Electric high mast light at different places within Jamuria-I and Jamuria-II P.S. under Paschim Bardhaman District (Each Light cost Rs. 4.82 Lac),1230.0,True,"copy_paste_pricing, cost_overrun, duplicate_work, plausibility_mismatch",1.0,,
145966,Dr Mohammad Jawed,KISHANGANJ,Normal/Others,649100.0,THAKURGANJ PRAKHAND ANTARGART PATESARI PANCHAYAT KE MAHANANDA NADI KE SHABDAGRAH KE PASS ME (12METER) HIGH MAST LIGHT.,1230.0,True,"bulk_completion, copy_paste_pricing, cost_overrun, plausibility_mismatch",1.0,,
155158,Dr. Syed Naseer Hussain (2024-30),Sitting Rajya Sabha,Solar & Public Lighting,720000.0,Installation of High Mast Lights (16 Mtrs),1230.0,True,"cost_overrun, delay_violation, plausibility_mismatch, vague_description",1.0,,
135690,Raju Bista,DARJEELING,Solar & Public Lighting,100000.0,"Installation of solar street lights at Tindharia, Sansad IV/6, Ghayabari-II Gram Panchayat

Ref: Sushmita Gazmer (7903442618), Member, Ghayabari-II",1220.5,True,"copy_paste_pricing, cost_overrun, duplicate_work, plausibility_mismatch",0.98,,
175927,DR. RAJESH MISHRA,SIDHI,Normal/Others,1157705.0,35 NAG SOLAR STREET LIGHTS KA INSTTALATION,1230.0,True,"cost_overrun, plausibility_mismatch, unusual_pattern, vague_description",1.0,,
139582,Gyaneshwar Patil,KHANDWA,Normal/Others,100000.0,books suplly at various schools of khandwa district,1222.5,True,"copy_paste_pricing, duplicate_work, plausibility_mismatch, timing_anomaly",1.0,,
152096,Gumma Thanuja Rani,ARAKU,Solar & Public Lighting,100000.0,purchase of street lights,1222.5,True,"copy_paste_pricing, cost_overrun, duplicate_work, plausibility_mismatch",1.0,,
189412,Saumitra khan ,BISHNUPUR,Solar & Public Lighting,100000.0,Installation of Solar LED Street Light,1222.5,True,"copy_paste_pricing, cost_overrun, duplicate_work, plausibility_mismatch",1.0,,
156873,Ashok Kumar Yadav ,MADHUBANI,Normal/Others,495000.0,Supply And installation Mini High Mast Lightning System AT Rajaur Rahi Tol near Durga Temple block Keoti darbhanga,1230.0,True,"bill_splitting, copy_paste_pricing, cost_overrun, plausibility_mismatch",1.0,,
156471,Dr Mohammad Jawed,KISHANGANJ,Normal/Others,649100.0,Kochadhaman Parkhand Antargart Bagalbari Panchayat ke Chakandra Chowk me  (12M) High Mast Light,1230.0,True,"bulk_completion, copy_paste_pricing, cost_overrun, plausibility_mismatch",1.0,,
219162,TARIQ ANWAR,KATIHAR,Normal/Others,965000.0,Purchase and installation of 16 meter high electric powered high mast LED lights,1230.0,True,"copy_paste_pricing, plausibility_mismatch, unusual_pattern, vague_description",1.0,,
200683,JOYANTA BASUMATARY,KOKRAJHAR,Normal/Others,498673.0,Construction of road from BTC border to Silaipar LP school under Debitola Dev. Block.,1222.0,True,"bill_splitting, duplicate_work, ghost_work, plausibility_mismatch, unusual_pattern",0.87,,
234166,NARAYAN TATU RANE,RATNAGIRI-SINDHUDURG,Drinking Water Supply,500000.0,To plan tap water from Gandhinagar Khalchiwadi borewell. Taluka Kankavli FY 2024-25,1230.0,True,"benford_anomaly, copy_paste_pricing, cost_overrun, plausibility_mismatch",1.0,,
223311,Manickam Tagore B,VIRUDHUNAGAR,Solar & Public Lighting,100000.0,Installation of Highmast LED light in ward no 26 Valavanthamman Kovil street at Aruppukottai Municipality,1220.5,True,"copy_paste_pricing, cost_overrun, duplicate_work, plausibility_mismatch",0.98,,
175935,DR. RAJESH MISHRA,SIDHI,Normal/Others,1157705.0,35 NAG SOLAR STREET LIGHTS KA INSTTALATION,1230.0,True,"cost_overrun, plausibility_mismatch, unusual_pattern, vague_description",1.0,,
220931,MANJU SHARMA,JAIPUR,Education & School Infrastructure,2500000.0,"For building construction in Kamla Devi Vihar Colony, Baksawala Seva Bharti School, Shyam Sanganer Jaipur, Ward No. 98 of Sanganer Assembly Constituency.",1222.5,True,"benford_anomaly, copy_paste_pricing, cost_overrun, duplicate_work",1.0,,
308774,Shri Sajjad Ahmad Kichloo (2025-31),Sitting Rajya Sabha,Drinking Water Supply,2000000.0,Construction of Borewells and Tube Wells.,1230.0,True,"cost_overrun, duplicate_work, plausibility_mismatch, vague_description",1.0,,
155933,Dr Mohammad Jawed,KISHANGANJ,Normal/Others,649100.0,Kishanganj Prakhand Antargart Daula Panchayat ke Kharibasti ward no 06 Janta Haat (12M) High mast light,1230.0,True,"bulk_completion, copy_paste_pricing, cost_overrun, plausibility_mismatch",1.0,,
299839,SACHITHANANTHAM R,DINDIGUL,Solar & Public Lighting,420000.0,Palani Balasamudram Town Panchayat 12th Ward Near madumanthai High Mast light,1230.0,True,"copy_paste_pricing, cost_overrun, duplicate_work, plausibility_mismatch",1.0,,
176870,BHOJRAJ NAG,KANKER,Other Civil Development,500000.0,Additional rooms Devinawagaon Bazar Chounk ke Pass,1224.25,True,"benford_anomaly, copy_paste_pricing, delay_violation, duplicate_work, vague_description",0.98,,
297150,Shri Sujeet Kumar (2026-32),Sitting Rajya Sabha,Solar & Public Lighting,500000.0,Installation of Street Lights and High Mast Light at Purnapada Smasan,1230.0,True,"copy_paste_pricing, cost_overrun, plausibility_mismatch, vague_description",1.0,,
213022,BALRAM NAIK PORIKA,MAHABUBABAD,Solar & Public Lighting,100000.0,Installation of LED Street lights in Kasimdevipet GP,1220.5,True,"copy_paste_pricing, cost_overrun, duplicate_work, plausibility_mismatch",0.98,,
223962,BASTIPATI NAGARAJU PANCHALINGALA,KURNOOL,Normal/Others,500000.0,Providing 1000 LPH RO Plant at Yemmiganur Bustand,1226.65,True,"benford_anomaly, copy_paste_pricing, cost_overrun, duplicate_work, vague_description",0.914,,
152018,MADHAVANENI RAGHUNANDAN RAO,MEDAK,Solar & Public Lighting,100000.0,Supply & fixing of LED Street Lights from Hanuman Temple Ambedkar to Grampanchayath at Rudraram Village of Akbarpet Bhoompally Mandal,1220.5,True,"copy_paste_pricing, cost_overrun, duplicate_work, plausibility_mismatch",0.98,,
233085,JAGADISH CHANDRA BARMA BASUNIA,COOCHBEHAR,Solar & Public Lighting,586716.0,Installation for the single unit Mini High Mast Solar Lightening system with 4x200 WP SPV Module Four nos 60 W Semi Integrated Street light with 60Ah Liion cellat Daribosh State High Madrsah,1230.0,True,"copy_paste_pricing, cost_overrun, plausibility_mismatch, vague_description",1.0,,
179770,BHOJRAJ NAG,KANKER,Education & School Infrastructure,1000000.0,Toilets nirman  Sarshwati Shishu Mandir School ke Pass,1226.0,True,"benford_anomaly, copy_paste_pricing, delay_violation, duplicate_work, vague_description",1.0,,
247611,ABDUL RASHID SHEIKH,BARAMULLAH,Solar & Public Lighting,100000.0,"Installation of Solar Street lights at various villages of Lolab Assembly constituency, Block Wavoora including village Kanthpora,Dooniwari, Putshai, Surigam, Khodi, wavoora, Gagal through RDD",1220.5,True,"copy_paste_pricing, cost_overrun, duplicate_work, plausibility_mismatch",0.98,,
156462,Dr Mohammad Jawed,KISHANGANJ,Normal/Others,649100.0,Thakurganj Nagar Panchayat Chhetra ke ward no 11 Mohammad Hussain National Inter College get ke Samne (12M) High Mast Light,1230.0,True,"bulk_completion, copy_paste_pricing, cost_overrun, plausibility_mismatch",1.0,,
226515,DAGGUMALLA PRASADA RAO,CHITTOOR,Roads & Pathways,100000.0,Providing Fixing of Octagonal pole Double Arm street lights from Divider-2 middle point to Culvert at Uttlavaripalli in Pakala mandal.,1222.0,True,"copy_paste_pricing, cost_overrun, duplicate_work, plausibility_mismatch",0.995,,
156464,Dr Mohammad Jawed,KISHANGANJ,Normal/Others,649100.0,Thakurganj Nagar Panchayat  ke ward no 12 Halka Kachari ke Samne (12M) High Mast Light,1230.0,True,"bulk_completion, copy_paste_pricing, cost_overrun, plausibility_mismatch",1.0,,
135700,Raju Bista,DARJEELING,Solar & Public Lighting,100000.0,"Installation of solar street lights at Lower Gairi Gaon, Ghayabari-III Gram Panchayat

Ref: Sunita Khati (8826297543), Member Ghayabari-III GP",1220.5,True,"copy_paste_pricing, cost_overrun, duplicate_work, plausibility_mismatch",0.98,,
279042,Y S Avinash Reddy,KADAPA,Drinking Water Supply,495000.0,Drilling of 165 mm dia Bore wells in Gunakanapalli Village tank for recharging sorrounding existing farmers borewells of Gunakanapalli Village in Lingala Mandal,1229.25,True,"bill_splitting, copy_paste_pricing, cost_overrun, plausibility_mismatch",0.995,,
157311,MUKESHKUMAR CHANDRAKAANT DALAL,SURAT,Normal/Others,22290.0,"install one printer in Primary School No. 174 managed by the Municipal Primary Education Committee, located in Ward No. 174",1230.0,True,"bulk_completion, duplicate_work, plausibility_mismatch, unusual_pattern",1.0,,
140026,SARABJEET SINGH KHALSA,FARIDKOT,Solar & Public Lighting,100000.0,Installation of Fixed Street lights,1222.5,True,"copy_paste_pricing, cost_overrun, duplicate_work, plausibility_mismatch",1.0,,
155464,Mr Gopal Jee Thakur,DARBHANGA,Normal/Others,495000.0,gaura bauram prakhand antargat gaura mansingh panchayat ke bhuskaul bari pokhardani pokhar ke nikat sarvajanik sthal par mini high mast electric light ka adhisthapan karya,1230.0,True,"bill_splitting, cost_overrun, ghost_work, plausibility_mismatch",1.0,,
156473,Dr Mohammad Jawed,KISHANGANJ,Normal/Others,649100.0,Kochadhaman Parkhand Antargart Kochadhaman Panchayat ke Kochadhaman Parkhand Parisar me (12M) High Mast Light,1230.0,True,"bulk_completion, copy_paste_pricing, cost_overrun, plausibility_mismatch",1.0,,
240717,AZAD KIRTI JHA,BARDHAMAN-DURGAPUR,Solar & Public Lighting,330000.0,High Mast Light Electric 1 Nos Sodpur Mana,1230.0,True,"copy_paste_pricing, duplicate_work, plausibility_mismatch, vague_description",1.0,,
149534,Mala Roy ,KOLKATA DAKSHIN,Roads & Pathways,100000.0,IMPROVEMENT OF STREET LIGHTING SYSTEM AT A.T.M. ROAD AND OTHER AREAS IN WARD NO-71 UNDER BR-IX.,1220.5,True,"copy_paste_pricing, cost_overrun, duplicate_work, plausibility_mismatch",0.98,,
155473,Mr Gopal Jee Thakur,DARBHANGA,Normal/Others,495000.0,gaura bauram prakhand antargat kasraur basauli panchayat ke bhagwati kasraur chowk mukhya dwar ke nikat sarvajanik sthal par mini high mast electric light ka adhisthapan karya,1230.0,True,"bill_splitting, cost_overrun, ghost_work, plausibility_mismatch",1.0,,
282240,Vijay Kumar Hansdak,RAJMAHAL,Other Civil Development,201000.0,"Installation of Hand Pump  opposite the house of Ansarul Shaikh in Shahapokhar Tolla, Village Nawada, Panchayat Nawada, Sub district and district Pakaur",1220.5,True,"copy_paste_pricing, cost_overrun, duplicate_work, plausibility_mismatch",0.98,,
155938,Dr Mohammad Jawed,KISHANGANJ,Normal/Others,649100.0,Kishanganj Nagar Parisadh Chhetr Antargart Ward No 20 Jamia Aaysha Islamia Halim Chowk ke Pragan me (12M) High Mast Light,1230.0,True,"bulk_completion, copy_paste_pricing, cost_overrun, plausibility_mismatch",1.0,,
219143,TARIQ ANWAR,KATIHAR,Normal/Others,965000.0,Purchase and installation of 16 meter high electric powered high mast LED lights,1230.0,True,"copy_paste_pricing, plausibility_mismatch, unusual_pattern, vague_description",1.0,,
139022,SK NURUL ISLAM,BASIRHAT,Solar & Public Lighting,2765000.0,"Installation of 14 nos. Arsenic Free Water Tank, Street Light, etc at different places under Hingalganj Block (SL.No. 19 to 32)",1230.0,True,"cost_overrun, delay_violation, duplicate_work, plausibility_mismatch",1.0,,
210027,MANOJ TIGGA,ALIPURDUARS,Solar & Public Lighting,735030.0,Installation of Single Unit Mini high Mast Solar Street Light System Six Nos 60W Semi Intregrted Solar street light at Anchal Para Bazar under Rampur II Gram Panchayat within Tufanganj II Development Block,1230.0,True,"copy_paste_pricing, cost_overrun, duplicate_work, plausibility_mismatch",1.0,,
300786,AKHILESH YADAV,KANNAUJ,Roads & Pathways,2000000.0,Construction of a CC road approximately 250 meters in length in Village Gusainpur Chhibramau District Kannauj U.P. stretching from the house of Shri Gyanendra Singh son of Shri Rambhajan Yadav to the house of Shri Shailendra.,1225.3,True,"benford_anomaly, copy_paste_pricing, cost_overrun, duplicate_work",0.97,,
168762,KALYAN VAIJINATHRAO KALE,JALNA,Other Civil Development,1000000.0,"Construction of a hall at the Ganapati temple in Warud, Jafrabad taluka.",1225.7,True,"benford_anomaly, copy_paste_pricing, delay_violation, duplicate_work, vague_description",0.98,,
137764,Asit Kumar Mal ,BOLPUR,Roads & Pathways,100000.0,"Instalation 1 (one) no of mini hight mast street light under AUSHGRAM -II BLOCK.Excuting Agency will be M.D. WEST BENGAL AGRO INDUSTRIES CORPORATION LTD, 23-B N.S.ROAD, KOLKATA-1",1222.5,True,"copy_paste_pricing, cost_overrun, duplicate_work, plausibility_mismatch",1.0,,
287959,Shri Naresh Bansal (2020-26),Sitting Rajya Sabha,Education & School Infrastructure,2000000.0,NATIONAL JUNIOR HIGH SCHOOL DHANAURI MEIN TOILET BLOCKS KA NIRMAN KARYA .IA(KARYADAI SANSTATHA)-NATIONAL JUNIOR HIGH SCHOOL,1222.5,True,"benford_anomaly, cost_overrun, duplicate_work, vague_description",1.0,,
186683,AGA SYED RUHULLAH MEHDI,SRINAGAR,Solar & Public Lighting,100000.0,"Installation of street lights in ward nos 61,68,71,72,73,66 and 67 including graveyard in hazratbat segement srinagar",1221.6,True,"copy_paste_pricing, cost_overrun, duplicate_work, plausibility_mismatch",0.991,,
289962,SUDHAKAR SINGH,BUXAR,Education & School Infrastructure,1500000.0,"Setting up laboratories according to letter at High school, Gudiya",1229.4,True,"benford_anomaly, copy_paste_pricing, cost_overrun, duplicate_work, vague_description",0.903,,
157380,MUKESHKUMAR CHANDRAKAANT DALAL,SURAT,Normal/Others,22290.0,"install one printer in Primary School No. 386 managed by the Municipal Primary Education Committee, located in Ward No. 2",1230.0,True,"bulk_completion, duplicate_work, plausibility_mismatch, unusual_pattern",1.0,,
171188,Shri Sarbananda Sonowal (18LS),DIBRUGARH,Community Centers & Halls,1000000.0,Infrastructure development of Romai Tipuline Community Hall at 5 no. Tipuline,1225.4,True,"benford_anomaly, copy_paste_pricing, delay_violation, plausibility_mismatch, vague_description",0.98,,
227334,Dileshwar Kamait ,SUPAUL,Solar & Public Lighting,921000.0,HIGH MAST LIGHT KA ADHISTHAPAN-1,1230.0,True,"copy_paste_pricing, cost_overrun, plausibility_mismatch, vague_description",1.0,,
135604,Raju Bista,DARJEELING,Solar & Public Lighting,100000.0,"Installation of solar street lights at Ward No 4, Reshepdhura, Reshep GP

Ref: Shakuntala Mukhia (9775877995), Member, Reshep GP",1220.5,True,"copy_paste_pricing, cost_overrun, duplicate_work, plausibility_mismatch",0.98,,
296042,AWADHESH PRASAD,FAIZABAD,Solar & Public Lighting,996000.0,"bariyarpur chaurahe per,rasulpur lilha abhinav filling center per,gaddopur pure mangal panchayat bhawan ke pas,nandoli pure narayan tiraher per high mast light",1230.0,True,"copy_paste_pricing, cost_overrun, duplicate_work, plausibility_mismatch",1.0,,
158277,Mr Gopal Jee Thakur,DARBHANGA,Normal/Others,495000.0,bahadurpur prakhand antargat jalawar panchayat ke jalawar durga mandir ke nikat sarvajanik sthal par mini high mast electric light ka adhisthapan karya,1230.0,True,"bill_splitting, cost_overrun, ghost_work, plausibility_mismatch",1.0,,
220517,RAMASHANKAR RAJBHAR,SALEMPUR,Education & School Infrastructure,100000.0,Installation of street light in the premises of Shri mati Bhagwati Devi Intermediate College,1220.5,True,"copy_paste_pricing, cost_overrun, duplicate_work, plausibility_mismatch",0.98,,
163087,B K PARTHASARATHI,HINDUPUR,Roads & Pathways,500000.0,construction of road from T.D palli cross to obulapuram(v) reach-1,1228.5,True,"benford_anomaly, copy_paste_pricing, delay_violation, duplicate_work, vague_description",1.0,,
157814,CHAMALA KIRAN KUMAR REDDY,BHONGIR,Solar & Public Lighting,100000.0,PROVIDING OF STREET LIGHTS IN NUTHANAKAL VILLAGE,1220.5,True,"copy_paste_pricing, cost_overrun, duplicate_work, plausibility_mismatch",0.98,,
172130,Smt Himadri Singh,SHAHDOL,Solar & Public Lighting,100000.0,"12 solar street light installation work. Implementing Agency - PWD EM, Rewa Division",1222.5,True,"copy_paste_pricing, cost_overrun, duplicate_work, plausibility_mismatch",1.0,,
145842,Sanjay Seth ,RANCHI,Normal/Others,463600.0,"Construction of Dashkarma Shed at Getalsud, near Munda Toli under Getalsud Panchayat, Angara Block..",1227.2,True,"bill_splitting, bulk_completion, copy_paste_pricing, duplicate_work, ghost_work",0.922,,
250657,Santosh Pandey,RAJNANDGAON,Solar & Public Lighting,100000.0,Street Light installation in Gram Panchayat Banhardi,1222.5,True,"copy_paste_pricing, cost_overrun, duplicate_work, plausibility_mismatch",1.0,,
223966,BASTIPATI NAGARAJU PANCHALINGALA,KURNOOL,Normal/Others,500000.0,Providing 1000 LPH RO Plant at Pattikonda Bustand.,1226.65,True,"benford_anomaly, copy_paste_pricing, cost_overrun, duplicate_work, vague_description",0.914,,
186681,AGA SYED RUHULLAH MEHDI,SRINAGAR,Solar & Public Lighting,100000.0,"Installation of street lights in ward nos 5,6,7,8,4,13,18,20,22,9,10 and 21 including graveyard at lal chowk assembly segment, srinagar",1221.6,True,"copy_paste_pricing, cost_overrun, duplicate_work, plausibility_mismatch",0.991,,
189419,Saumitra khan ,BISHNUPUR,Solar & Public Lighting,100000.0,Installation of Solar LED Street Light,1222.5,True,"copy_paste_pricing, cost_overrun, duplicate_work, plausibility_mismatch",1.0,,
152942,TARIQ ANWAR,KATIHAR,Normal/Others,994740.0,Purchase and installation of 16-meter high electric-powered high mast LED (250W 8) lights.,1230.0,True,"copy_paste_pricing, plausibility_mismatch, unusual_pattern, vague_description",1.0,,
215757,Dinesh Chandra Yadav,MADHEPURA,Normal/Others,697000.0,Saurbazar Prakhand antargat Rampur panchayat ke Chikni ward no-6 Sudhir Yadav ke ghar ke bagal mey High Mast Light ka Adhisthapan.,1230.0,True,"bulk_completion, copy_paste_pricing, cost_overrun, plausibility_mismatch",1.0,,
1184,Gumma Thanuja Rani,ARAKU,Normal/Others,500000.0,construction of cc drains,1225.3,True,"benford_anomaly, copy_paste_pricing, delay_violation, duplicate_work, vague_description",1.0,,
137827,Shri Sudheer Gupta ,MANDSOUR,Normal/Others,100000.0,PURCHASE OF BOOKS IN SCHOOL LIBRARY,1220.5,True,"bulk_completion, copy_paste_pricing, ghost_work, plausibility_mismatch",0.98,,
219805,Mala Roy ,KOLKATA DAKSHIN,Solar & Public Lighting,100000.0,"DEVELOPMENT OF STREET LIGHTING SYSTEM BY MINI-MAST POLE WITH LED LUMINARIES AT BAROBAGAN, PURBAPARA, MAJHIPARA, NIVEDITA SARANI, AND SURROUNDING AREAS IN WARD NO. 124, K.M.C.",1220.5,True,"copy_paste_pricing, cost_overrun, duplicate_work, plausibility_mismatch",0.98,,
252015,Asit Kumar Mal ,BOLPUR,Roads & Pathways,100000.0,Installation of HIGHMAST STREET LIGHT OF 16 Mtr at road side of UTTARPARA MORE .EXECUTING AGENCY WILL BE E.O. LABPUR PANCHAYET SAMITY.,1220.5,True,"copy_paste_pricing, cost_overrun, duplicate_work, plausibility_mismatch",0.98,,
303370,Shri V. Vijayendra Prasad (2022-28),Nominated Rajya Sabha,Roads & Pathways,360000.0,Installation of 3 No High mast Lights from Degamma X road to Sports School,1166.55,True,"duplicate_work, plausibility_mismatch",0.877,,
212837,BALRAM NAIK PORIKA,MAHABUBABAD,Solar & Public Lighting,175000.0,Installation of 6 arm High Mast Flood light at Bramhamgari  Temple in Sitharampuram GP,1190.0,True,"copy_paste_pricing, plausibility_mismatch",1.0,,
299060,Shri Sant Balbir Singh (2022-28),Sitting Rajya Sabha,Other Civil Development,365800.0,Regarding for giving single walled fabrication of 5000 ltr mobile water tanker,1165.4,True,"plausibility_mismatch, vague_description",1.0,,
293566,Shri Babubhai Jesangbhai Desai (2023-29),Sitting Rajya Sabha,Community Centers & Halls,600000.0,Tharad Ta.Tharad: Common Work shed work next to Jogeshwar Temple (2026-27),100.0,False,vague_description,0.8,,
144425,Shri B.L. Verma (2020-26),Sitting Rajya Sabha,Solar & Public Lighting,100000.0,"S.N0-32, Inside SSP residence,  High Mast LED Light (9.5 mtrs MS Pole with 6 LED Light 150 W)",1176.95,True,"copy_paste_pricing, plausibility_mismatch",0.98,,
300634,DR. HEMANT VISHNU SAVARA,PALGHAR,Community Centers & Halls,1000000.0,"Construction of a Community Hall at. Takwahal, Tal. Palghar, Dist Palghar.",158.0,False,"benford_anomaly, copy_paste_pricing, vague_description",0.98,,
241201,Midhun Reddy,RAJAMPET,Normal/Others,250000.0,"Providing New Borewell and Motor Near Sugali House in Kadivandlapalli, Chinnamandem GP",1156.45,True,"copy_paste_pricing, plausibility_mismatch",0.802,,
151615,VIJAYLAKSHMI DEVI,SIWAN,Normal/Others,958500.0,High Mask Light,120.0,False,vague_description,1.0,,
291584,RAMASHANKAR RAJBHAR,SALEMPUR,Solar & Public Lighting,270000.0,Installation of street light near Garai Baba Asthan,1210.0,True,"copy_paste_pricing, cost_overrun, plausibility_mismatch",1.0,,
260633,Rao Inderjit Singh,GURGAON,Roads & Pathways,1000000.0,"Renovation of Litigants Shed at Mini Secretariat, Saban Road Bawal by Cieling, Toughened Glass and Centralised Air Conditioning",157.0,False,"benford_anomaly, copy_paste_pricing, vague_description",0.97,,
196066,RAJESH VERMA,KHAGARIA,Normal/Others,983675.0,PCC road construction work,155.4,False,"duplicate_work, unusual_pattern, vague_description",0.954,,
2171,BHAJAN LAL JATAV,KARAULI-DHOLPUR,Other Civil Development,2500000.0,construction of addtional rooms at nilay kunj dantali hostal jagatpura jaiipur,117.0,False,"benford_anomaly, vague_description",0.77,,
294122,ARUNA. D. K,MAHABUBNAGAR,Solar & Public Lighting,250000.0,Erection of High Mast with LED Flood Lights near Ramalingeshwara Swamy Temple,1190.0,True,"copy_paste_pricing, plausibility_mismatch",1.0,,
290569,Shri Baburam Nishad (2022-28),Sitting Rajya Sabha,Solar & Public Lighting,174214.0,"LED High Mast Light (6 LED with 200 watt, 9 meter poll)",1169.7,True,plausibility_mismatch,0.998,,
168688,Kinjarapu Ram Mohan Naidu,SRIKAKULAM,Community Centers & Halls,100000.0,Construction of Community Hall at Savasanaputtuga Village of Belagam GP of Kaviti mandal,1171.75,True,"copy_paste_pricing, plausibility_mismatch",0.98,,
152022,RAJESH VERMA,KHAGARIA,Normal/Others,395013.0,shasid prabhu narayan park (bargad per ke pas) baithka ka nirman,100.0,False,vague_description,0.8,,
156738,RACHNA BANERJEE,HOOGHLY,Solar & Public Lighting,100000.0,High Mast Street Light(length 10 Mtrs.) at Sahana Harisabha Bakultala More,1176.95,True,"copy_paste_pricing, plausibility_mismatch",0.98,,
2160,Dr. Sikander Kumar (2022-28),Sitting Rajya Sabha,Education & School Infrastructure,400000.0,Construction of Rooms at Swami Vivekananda Institute of Education Mahua Pathak Powayan Shahjahanpur Uttar Pradesh Executing agency Management Committee Swami Vivekananda Institute of Education Mahua Pathak Powayan Uttar Pradesh,1165.1,True,"duplicate_work, plausibility_mismatch",0.99,,
200245,Durga Das Uikey ,BETUL,Normal/Others,259942.0,Yatri Prtikshalaya,115.0,False,vague_description,0.95,,
203997,Asit Kumar Mal ,BOLPUR,Education & School Infrastructure,100000.0,"Construction of kitchen room at Adityapur J.B. School, Bolpur Birbhum W.B. PIN 731204.Executing Agency WILL BE B.D.O.BOLPUR  SRINIKETAN BLOCK.",1180.5,True,"copy_paste_pricing, plausibility_mismatch",0.98,,
284883,Shri Dorjee Tshering Lepcha (2024-30),Sitting Rajya Sabha,Roads & Pathways,4000000.0,Flood Control Embankments along riverbank roadside at Adampool Part II,160.0,False,"benford_anomaly, duplicate_work, vague_description",1.0,,
262196,ARUNA. D. K,MAHABUBNAGAR,Solar & Public Lighting,100000.0,Erection of High Mast with LED Flood Lights near Pochamma Temple,1176.95,True,"copy_paste_pricing, plausibility_mismatch",0.98,,
276253,DINESHBHAI MAKWANA,AHMEDABAD WEST,Education & School Infrastructure,500000.0,"Shapur GUJ School No.06,  Shapur Darwaja Pase, Ma For purchasing  Godrej Storewell - Cupboard and books in the library.",158.0,False,"benford_anomaly, copy_paste_pricing, vague_description",0.98,,
295878,GODAM NAGESH,ADILABAD,Community Centers & Halls,400000.0,Extension of Community hall at Pittabonguram,136.9,False,"duplicate_work, vague_description",0.969,,
216776,Devusinh Jesingbhai Chauhan,KHEDA,Normal/Others,100000.0,Construction of Paver Block Work at water Tank Area Vinubhai Somabhai Dabhi Faliya Area,1176.1,True,"copy_paste_pricing, plausibility_mismatch",0.98,,
145925,Dr Mohammad Jawed,KISHANGANJ,Normal/Others,649100.0,DIGHALBANK PRAKHAND ANTARGART TULSHIA PANCHAYAT KE TULSHIA SHIV MANDIR KE SAMNE (12METER) HIGH MAST LIGHT.,1230.0,True,"bulk_completion, copy_paste_pricing, cost_overrun, plausibility_mismatch",1.0,,
299864,Shri B.L. Verma (2020-26),Sitting Rajya Sabha,Solar & Public Lighting,169600.0,"S.N0-5, near House of Rakshpal ji  , High Mast LED Light (9.5 mtrs MS Pole with 6 LED Light 150 W) rakshpal ji 9412602644",1187.75,True,"copy_paste_pricing, plausibility_mismatch",0.985,,
271372,Dinesh Chandra Yadav,MADHEPURA,Solar & Public Lighting,100000.0,Nauhatta prakhand antargat Naula Panchayat ke Gadhiya mey Baba Bakhtar sthaan ke bagal mey High Mast Light ka adhishthapan.,1176.95,True,"copy_paste_pricing, plausibility_mismatch",0.98,,
268113,Bhagirath Chaudhary,AJMER,Other Civil Development,500000.0,Construction of Boundary wall DADU PALKAN Bhairana Dham Gausala,155.0,False,"benford_anomaly, copy_paste_pricing, vague_description",0.95,,
187725,SHIVRAJ SINGH CHOUHAN,VIDISHA,Roads & Pathways,300000.0,CC road,1155.1,True,"delay_violation, vague_description",0.9,,
289143,ABHAY KUMAR SINHA,AURANGABAD,Solar & Public Lighting,600000.0,Installation of High Mast Light in village Jamhaur near Bazaar Mod Station Teen Muhan of Jamhaur Panchayat of Aurangabad Sadar Block,1210.0,True,"copy_paste_pricing, cost_overrun, plausibility_mismatch",1.0,,
290069,Nitin Jairam Gadkari,NAGPUR,Community Centers & Halls,1000000.0,"Providing and Painting and construction of Teen Shed at Akhil Bhartiya Shivhare Vaisya Samaj Bhawan, Chandak Layout.",157.0,False,"benford_anomaly, copy_paste_pricing, vague_description",0.97,,
196894,Shri S. Jaishankar (2023-29),Sitting Rajya Sabha,Education & School Infrastructure,100000.0,"Smart Classrooms in Veer Sukhdev Government Primary School-2, Veer Bhagatsinh,  Garudeshwar block, Narmada district.",1180.5,True,"copy_paste_pricing, plausibility_mismatch",0.98,,
271338,SUDHA R,MAYILADUTHURAI,Education & School Infrastructure,235000.0,"Supply and Installation of Smart Board in Govt High School, Nalladai, Nalladai Panchayat, Sembanarkoil Block.",1109.85,True,plausibility_mismatch,0.599,,
296953,Smt. Maya Chintaman Ivnate (2026-32),Sitting Rajya Sabha,Education & School Infrastructure,500000.0,"Setting up a digital classroom at Ramnagar Bharat Vidhyala, Ramnagar, Nagpur",100.0,False,vague_description,0.8,,
213672,Kalanidhi Veeraswamy,CHENNAI NORTH,Education & School Infrastructure,100000.0,"Supply of Lab Equipments to Govt. Hr. sec. School, Manali.",1180.5,True,"copy_paste_pricing, plausibility_mismatch",0.98,,
267821,JASHUBHAI BHILUBHAI RATHVA,CHHOTA UDAIPUR,Drinking Water Supply,150000.0,Drinking water tanker work at Ghatasa village,1116.9,True,plausibility_mismatch,0.646,,
250790,RUDRA NARAYAN PANY,DHENKANAL,Other Civil Development,1000000.0,Construction of additional class room at saraswati sishuvidyanmandir Palahara,177.0,False,"benford_anomaly, copy_paste_pricing, duplicate_work, vague_description",0.97,,
267795,CHAMALA KIRAN KUMAR REDDY,BHONGIR,Solar & Public Lighting,180000.0,Providing of LED High Mast Light in SC Colony Muthyalamma Temple,1190.0,True,"duplicate_work, plausibility_mismatch",1.0,,
259599,Ganesh Singh,SATNA,Education & School Infrastructure,250000.0,GURUNANAK MISSION H.S.SCHOOL RAVNATOLA ME COMPUTER HETU,1108.2,True,plausibility_mismatch,0.588,,
232884,Janardan Mishra,REWA,Roads & Pathways,300000.0,Grewal Road,115.0,False,vague_description,0.95,,
266809,Kishan Reddy Gangapuram,SECUNDERABAD,Drinking Water Supply,500000.0,"Drilling New Borewell, fixing motor and Tanks for drinking water assistance",1190.0,True,"cost_overrun, plausibility_mismatch",1.0,,
286159,Bharatsinhji Shankarji Dabhi,PATAN,Community Centers & Halls,500000.0,nagvasan game tarsangpura vistarma sikotarmatajina temple ni bajuma commom work shed work,158.0,False,"benford_anomaly, copy_paste_pricing, vague_description",0.98,,
296814,PARIMAL SUKLABAIDYA,SILCHAR,Other Civil Development,500000.0,"Construction of Boundary Wall near Kachudaram Sri Sri Kali Mandir, Kachudaram, Dakhin Mohanpur Part-VI",154.0,False,"benford_anomaly, copy_paste_pricing, vague_description",0.94,,
287395,Shri S. Kalyanasundaram (2022-28),Sitting Rajya Sabha,Education & School Infrastructure,700000.0,"Supply of Sports Equipments for Government Higher Secondary School in Poolangal,Thiruchuli Union, Virudhunagar District.",80.0,False,vague_description,0.6,,
262898,RAVINDRA DATTARAM WAIKAR,MUMBAI NORTH WEST,Community Centers & Halls,1000000.0,Providing shed near saidatt society Sai Wadi Andheri East Mumbai,137.0,False,"benford_anomaly, vague_description",0.97,,
242508,Prasun Banerjee,HOWRAH,Solar & Public Lighting,150000.0,Supply  Installation High Mast near Sapai Mirdeypara Majar at Jujarsaha GP under AC 175 in MPLAD,1184.45,True,"copy_paste_pricing, plausibility_mismatch",0.98,,
300675,AFZAL ANSARI,GHAZIPUR,Drinking Water Supply,1650100.0,"Installation of India Mark II Handpump in the following villages: Sarwarpur, Mahepur Morawar, Gopalpur, Fareedaha, Ameana, Gaur Para, Uchauri, Mathiya, Naseerpur, Parmanna, Gaura, Mirazapur Alipur Tarwaniya, Barwan, Devchandarpur, Lohjara, Sikandara, Tetarpur, Madhiya, Ramrepur, Sikandara, Atarsuwa, Dawopur, Naesare, Belsadi, Mudrabha, Andhokhar, Katghara, Imliya, Parsahi.",1210.0,True,"cost_overrun, duplicate_work, plausibility_mismatch",1.0,,
247670,S Venkatesan,MADURAI,Solar & Public Lighting,400000.0,"Providing High Mast Light Ward No.69, Near Ponmeni Muniyandi Temple. (2025-2026)",1210.0,True,"copy_paste_pricing, cost_overrun, plausibility_mismatch",1.0,,
260491,Dr. Sikander Kumar (2022-28),Sitting Rajya Sabha,Education & School Infrastructure,100000.0,Purchase of Books for public library in different government schools located at District Mandi through Dy Director Elementary Education Mandi District Mandi Himachal Pradesh Executing Agency Dy Director Elementary Education Mandi,1200.5,True,"copy_paste_pricing, duplicate_work, plausibility_mismatch",0.98,,
155298,Abu Taher Khan,MURSHIDABAD,Solar & Public Lighting,100000.0,Installation Solar High Mast Light Near Durlavpur Ghatpara River bank  Under harekrishnapur  GP under Karimpur-I Block,1176.95,True,"copy_paste_pricing, plausibility_mismatch",0.98,,
177930,CHAMALA KIRAN KUMAR REDDY,BHONGIR,Solar & Public Lighting,100000.0,Providing of  High mast lights in Narayanapuram  Village,1176.95,True,"copy_paste_pricing, plausibility_mismatch",0.98,,
178283,SHIVMANGAL SINGH TOMAR,MORENA,Other Civil Development,100000.0,"gram panchayat kishanpura, tahsil vijaypur, mai 1 g.i. water tanker",1134.3,True,plausibility_mismatch,0.762,,
194078,ARUN BHARTI,JAMUI,Normal/Others,100000.0,Purchase of Books for School,1200.5,True,"bulk_completion, copy_paste_pricing, plausibility_mismatch",0.98,,
284568,Nityanand Rai,UJJARPUR,Solar & Public Lighting,850000.0,VIDHANSABHA UJIYARPUR PRAKHAND UJIYARPUR PANCHAYAT NIKASPUR KE AKHA GRAM ME KALI STHAN KE NIKAT HIGH MAST LIGHT LAGANE HETU.,1210.0,True,"copy_paste_pricing, cost_overrun, plausibility_mismatch",1.0,,
168889,JITAN RAM MANJHI,GAYA,Normal/Others,73969.0,"Installation of Hand Pump Near Mahadalit Tola Samudayik Bhawan, in Village Manjhar, Panchayat-Dhab Chiraiya, Block-Sherghati, Gaya",75.7,False,bulk_completion,0.557,,
241982,Shri Babubhai Jesangbhai Desai (2023-29),Sitting Rajya Sabha,Education & School Infrastructure,100000.0,Sonwadi Ta. Amirgadh Work of providing sports (sports equipment) (with fittings) at Government Primary School 2025-26,1200.5,True,"copy_paste_pricing, duplicate_work, plausibility_mismatch",0.98,,
298313,Vinod Chavda,KACHCHH,Roads & Pathways,500000.0,Morbi jillana maliya talukana kuntasi gaame devipujak vaas - kama vishana gar thi mohan karu na gar taraf tatha nanji ravji na gar taraf c.c.road,158.0,False,"benford_anomaly, copy_paste_pricing, vague_description",0.98,,
176424,Jai Prakash,HARDOI,Other Civil Development,2300000.0,INTERLOCKING AND NALI,1166.65,True,"delay_violation, vague_description",1.0,,
239242,RADHE SHYAM RATHIYA,RAIGARH,Other Civil Development,1000000.0,Construction of Community Building,180.0,False,"benford_anomaly, copy_paste_pricing, duplicate_work, vague_description",1.0,,
173568,Dr. V. Sivadasan (2021-27),Sitting Rajya Sabha,Other Civil Development,282300.0,Laptop Purchase for GHSS Aralam Farm,1162.15,True,"delay_violation, vague_description",0.95,,
187734,SHIVRAJ SINGH CHOUHAN,VIDISHA,Roads & Pathways,300000.0,CC road,1155.1,True,"delay_violation, vague_description",0.9,,
278500,Shri Madan Rathore (2024-30),Sitting Rajya Sabha,Roads & Pathways,850000.0,Work of installing ten high mast road electric lights at various main intersections and places of Gram Panchayat Koselav of Panchayat Samiti Sumerpur.,1190.0,True,"cost_overrun, plausibility_mismatch",1.0,,
274311,M. MALLESH BABU,KOLAR,Community Centers & Halls,2500000.0,COnstruction of Guru Bhavana in Sidlaghatta Town,156.8,False,"benford_anomaly, duplicate_work, vague_description",0.968,,
226607,K. RAJASHEKAR BASAVARAJ HITNAL,KOPPAL,Solar & Public Lighting,100000.0,Installation of Solar street light in bommasagara Tanda village of kanakagiri constituency under koppal parlimentary constituency.,1200.5,True,"copy_paste_pricing, cost_overrun, plausibility_mismatch",0.98,,
290469,Shri Subhasish Khuntia (2024-30),Sitting Rajya Sabha,Community Centers & Halls,500000.0,Construction of Maa ramachandi Community center at Balabhadra Lane,158.0,False,"benford_anomaly, copy_paste_pricing, vague_description",0.98,,
291071,Bhola Singh,BULANDSHAHR,Solar & Public Lighting,281100.0,gaanv ke bahar shiv mandir ke paas highmask light PCCD dwara lgwae,138.0,False,"copy_paste_pricing, vague_description",0.98,,
180175,Shri A. A. Rahim (2022-28),Sitting Rajya Sabha,Other Civil Development,5000000.0,"multipurpose auditorium,ghss pirappancode",1180.3,True,"benford_anomaly, delay_violation, vague_description",0.95,,
254104,DHARMENDRA YADAV,AZAMGARH,Community Centers & Halls,883000.0,construct a community Hall in Civil Bar Association on firsr floor.,100.0,False,vague_description,0.8,,
200210,Durga Das Uikey ,BETUL,Normal/Others,190546.0,Water Tenkar,92.0,False,bulk_completion,0.72,,
191783,JYOTIRADITYA M. SCINDIA,GUNA,Roads & Pathways,1000000.0,CC Road Construction,157.0,False,"benford_anomaly, copy_paste_pricing, vague_description",0.97,,
292385,SUDHAKAR SINGH,BUXAR,Other Civil Development,1000000.0,Development of public places at Liladharpur,137.0,False,"benford_anomaly, vague_description",0.97,,
195815,Shri Ashwini Vaishnaw (2024-30),Sitting Rajya Sabha,Public Health & Sanitation,2900000.0,"Bus for Sanjeevani Express (Treatment of Dialysis patients) for District Headquarter Hospital, Baleshwar",80.0,False,vague_description,0.6,,
243885,Mala Rajya Laxmi Shah ,TEHRI GARHWAL,Solar & Public Lighting,100000.0,Gram Ambari me Saur Urja ki 08 Solar Street Light (Working Agency Lagu Sinchai Vibhag D Dun),1200.5,True,"copy_paste_pricing, cost_overrun, plausibility_mismatch",0.98,,
253546,D Ravikumar ,VILUPPURAM,Education & School Infrastructure,100000.0,"Smart class room for Government Higher Secondary School, Marakkanam",1180.5,True,"copy_paste_pricing, plausibility_mismatch",0.98,,
201423,Smt Sandhya Ray,BHIND,Normal/Others,199604.0,GI FIREFIGHTER TANKER WATER SYSTEM CAPACITY 5000 LITERS,110.0,False,bulk_completion,0.9,,
269812,BHARTI PARDHI,BALAGHAT,Other Civil Development,199604.0,"GRAM BANDRI, JP LALBARRA MEIN G.I. WATER TANKER MOUNTED ON TWO WHEEL TRACTOR TRAILER CAPACITY 5000 LITER WITH FIRE FIGHTING PUMP",1108.2,True,plausibility_mismatch,0.588,,
238739,ROOP KUMARI CHOUDHARY,MAHASAMUND,Community Centers & Halls,500000.0,samudayik bhavan me ahata nirman kary,178.0,False,"benford_anomaly, copy_paste_pricing, duplicate_work, vague_description",0.98,,
158173,Raju Bista,DARJEELING,Community Centers & Halls,100000.0,"Construction of Community hall at Fatingtar- Thanaline under Lodhoma 1 GP
Reff:Santoshi Limbu, Panchayat Member,
Contact No:9749072656",1171.75,True,"copy_paste_pricing, plausibility_mismatch",0.98,,
304467,R.K. CHAUDHARY,MOHANLALGANJ,Roads & Pathways,3099000.0,Construction of road and installation of 4 way solar light according to the document attach,80.0,False,vague_description,0.6,,
297302,RAJABHAU,NASHIK,Roads & Pathways,990000.0,Construction of roads from padali to mokharewadi,130.0,False,"copy_paste_pricing, vague_description",0.9,,
158553,KRISHNA DEVI SHIVSHANKER PATEL,BANDA,Solar & Public Lighting,100000.0,Vikash khand Naraini ke gram panchayat Gorepurawa ansh Naseni me Deeyan Dhaba ke paas sarwajanik sthan par high mast light sthapana karya,1176.95,True,"copy_paste_pricing, plausibility_mismatch",0.98,,
242110,DEEPENDER SINGH HOODA,ROHTAK,Normal/Others,499915.0,Const. of Shed and Bwall near Saal Mayna Mai,1155.0,True,"bill_splitting, vague_description",0.8,,
295454,ROOP KUMARI CHOUDHARY,MAHASAMUND,Other Civil Development,500000.0,SAMUDAYIK BHAWAN NIRMAN KARYA,160.0,False,"benford_anomaly, copy_paste_pricing, vague_description",1.0,,
289515,MAHESH KASHYAP,BASTAR,Drinking Water Supply,175000.0,"A 3,000-liter capacity two-wheeled water tanker for drinking water supply in Gram Panchayat Dhanpur.",1168.6,True,"copy_paste_pricing, plausibility_mismatch",0.98,,
300258,Smt. Phulo Devi Netam (2026-32),Sitting Rajya Sabha,Solar & Public Lighting,770000.0,Gram Kareetgaon me solar integrated dc street light 20 nag,1190.0,True,"cost_overrun, plausibility_mismatch",1.0,,
267882,JASHUBHAI BHILUBHAI RATHVA,CHHOTA UDAIPUR,Drinking Water Supply,150000.0,Drinking water tanker work at Champaner (Pavagadh) village,1116.9,True,plausibility_mismatch,0.646,,
303663,Chandra Prakash Joshi,CHITTORGARH,Community Centers & Halls,300000.0,Gavn Tarawat me Hanuman chowk me Tin Shed Karya,138.0,False,"copy_paste_pricing, vague_description",0.98,,
251839,Shripad Yesso Naik,NORTH GOA,Education & School Infrastructure,100000.0,Requirement of Projectors computers interactive display tv 5 colored printers and photocoiper for Our Lady Of The rosary High School Donapaula,1147.5,True,plausibility_mismatch,0.85,,
276491,Smt. Renuka Chowdhury (2024-30),Sitting Rajya Sabha,Solar & Public Lighting,310000.0,"Installation of 2 High Mast Lights near Komaram Bheem Statue and near Hanuman Temple at Ambugoan Village, Tamsi Mandal, Adilabad District, Telangana",1190.0,True,"copy_paste_pricing, plausibility_mismatch",1.0,,
299027,JAI PARKASH,HISAR,Other Civil Development,700000.0,dev works in general chopal,140.0,False,"duplicate_work, vague_description",1.0,,
208409,Thalikkottai Rajuthevar Baalu,SRIPERUMBUDUR,Solar & Public Lighting,550000.0,Providing 1 Nos of 12m Highmast Light,105.0,False,vague_description,0.85,,
198721,ALFRED KANNGAM S ARTHUR,OUTER MANIPUR,Other Civil Development,5000000.0,Construction of cultural centre at Ringui,105.0,False,vague_description,0.85,,
272378,CHINTAMANI MAHARAJ,SARGUJA,Drinking Water Supply,141000.0,PRIMARY SCHOOL BELKHARIKHA ME HANDPUMP KHANAN,1199.85,True,"copy_paste_pricing, cost_overrun, plausibility_mismatch",0.98,,
150209,DR. RAJESH MISHRA,SIDHI,Normal/Others,259942.0,RAMDIH BUS STAND KE PAS,135.0,False,"bulk_completion, vague_description",0.95,,
301670,BHAJAN LAL JATAV,KARAULI-DHOLPUR,Public Amenities & Sports,1000000.0,constrution of baramda at ambedkar park horiya pada,157.0,False,"benford_anomaly, copy_paste_pricing, vague_description",0.97,,
232570,Kalanidhi Veeraswamy,CHENNAI NORTH,Roads & Pathways,1800000.0,"Proposed Construction of 1 No. of Modern Stainless Steel Bus Shelter at Kathivakkam high road ETPS towards Ennore in Div-3, Zone-1",1212.7,True,"bill_splitting, copy_paste_pricing, duplicate_work, vague_description",0.927,,
212919,BALRAM NAIK PORIKA,MAHABUBABAD,Solar & Public Lighting,175000.0,"Installation of 6 arm High Mast Flood light at Grama Panchyathi Office, Chinna Mupparam Gudur GP",1190.0,True,"copy_paste_pricing, plausibility_mismatch",1.0,,
293840,Kalanidhi Veeraswamy,CHENNAI NORTH,Roads & Pathways,500000.0,"Supply of Sports Equipments to chennai Middle School, No.2 A, School Road, Perambur, Chennai - 11",148.0,False,"benford_anomaly, copy_paste_pricing, vague_description",0.88,,
242648,Shri Hanuman Beniwal,NAGAUR,Education & School Infrastructure,600000.0,"Purchasing of IT System and AC etc equipment in Shri Amar Educational Sosciety,Nagaur",100.0,False,vague_description,0.8,,
180698,S Venkatesan,MADURAI,Solar & Public Lighting,100000.0,"Providng High Mast Light in Ward No.23, Selur Police Station Near, Madurai (2024-2025)",1176.95,True,"copy_paste_pricing, plausibility_mismatch",0.98,,
225860,Jai Prakash,HARDOI,Solar & Public Lighting,6968560.0,Lighting of public spaces,140.0,False,"duplicate_work, vague_description",1.0,,
284082,Shri Sudheer Gupta ,MANDSOUR,Other Civil Development,700000.0,CONSTRUCTION OF ROOM,140.0,False,"duplicate_work, vague_description",1.0,,
125253,Smt. P. T. Usha (2022-28),Nominated Rajya Sabha,Education & School Infrastructure,100000.0,"Purchase of School Bus for Dr.Rajendra Prasad Memorial L.P School, (SCHOOL CODE: 30543) Nedumkandam Edu.Sub Dist, Ward-3, Chottupara (PO), Karunapuram GP, Thookkupalam, , Idukki -685552",1180.5,True,"copy_paste_pricing, plausibility_mismatch",0.98,,
259170,Dr. Laxmikant Bajpayee (2022-28),Sitting Rajya Sabha,Education & School Infrastructure,800000.0,Construction of classroom,105.0,False,vague_description,0.85,,
304871,Gyaneshwar Patil,KHANDWA,Other Civil Development,327000.0,vidyut high mask,140.0,False,"copy_paste_pricing, vague_description",1.0,,
285046,Shri Brij Lal (2020-26),Sitting Rajya Sabha,Other Civil Development,3458000.0,Letter as per attached.,120.0,False,vague_description,1.0,,
228027,Kamaljeet Sehrawat,WEST DELHI,Normal/Others,206217.0,Children Play Equipment,140.0,False,"duplicate_work, vague_description",1.0,,
274477,Shri B. Parthasaradhi Reddy (2022-28),Sitting Rajya Sabha,Roads & Pathways,500000.0,Lying of C C Road form Ram Prasad House to Aleti Lakshmamma House,129.1,False,"duplicate_work, vague_description",0.891,,
212596,RAJ KUMAR ROAT,BANSWARA,Other Civil Development,1000000.0,Baradri Nirman Kary Hakra Bavsi MengTalai,157.0,False,"benford_anomaly, copy_paste_pricing, vague_description",0.97,,
295969,GODAM NAGESH,ADILABAD,Community Centers & Halls,500000.0,Construction of Toilets at Community Hall Sadalpur,153.0,False,"benford_anomaly, copy_paste_pricing, vague_description",0.93,,
291807,Vijay Baghel,DURG,Roads & Pathways,1000000.0,CC ROAD NIRMAN KARYA,180.0,False,"benford_anomaly, copy_paste_pricing, duplicate_work, vague_description",1.0,,
214652,DR RANI SRI KUMAR,TENKASI,Solar & Public Lighting,100000.0,Providing of 12m LED High mast light at Ward No.14 near Bathing well of Rayagiri Town Panchayat,1176.95,True,"copy_paste_pricing, plausibility_mismatch",0.98,,
295801,Sunil Dattatray Tatkare,RAIGAD,Other Civil Development,1000000.0,"Construction of a social hall at Agardanda Adivasiwadi, Taluka Murud (S.T)",137.0,False,"benford_anomaly, vague_description",0.97,,
153512,Abu Taher Khan,MURSHIDABAD,Solar & Public Lighting,100000.0,INSTALLATION OF SOLAR HIGH MAST LIGHT AT Bagrepara Tinmatha More UNDER Belul UNDER BLOCK- M-J,1176.95,True,"copy_paste_pricing, plausibility_mismatch",0.98,,
211711,THANGA TAMILSELVAN,THENI,Community Centers & Halls,800000.0,Construction of new bus shed near malingapuram vilakku,80.0,False,vague_description,0.6,,
208228,Dinesh Chandra Yadav,MADHEPURA,Normal/Others,697000.0,Banma Itahari Prakhand antargat Panchayat Ghourdaur ke Laxminiya  mey High Mast Light ka Adhisthapan.,1210.0,True,"copy_paste_pricing, cost_overrun, plausibility_mismatch",1.0,,
166511,S. Jagathrakshakan,ARAKKONAM,Education & School Infrastructure,100000.0,"Construction of kaliyarangam at Govt High School karimbedu panchayat in pallipet union ,Tiruvallur District",1180.5,True,"copy_paste_pricing, plausibility_mismatch",0.98,,
290997,Bhola Singh,BULANDSHAHR,Solar & Public Lighting,281100.0,lachhorani mandir ke paas high mask light PCCD dwara lgwae,138.0,False,"copy_paste_pricing, vague_description",0.98,,
145801,BHUPENDER YADAV,ALWAR,Education & School Infrastructure,100000.0,Construction work of  library room with veranda in R.U.M.V. Pata. G.P. Pata P.S. Naugaon (Alwar),1180.5,True,"copy_paste_pricing, plausibility_mismatch",0.98,,
272369,CHINTAMANI MAHARAJ,SARGUJA,Drinking Water Supply,141000.0,HIGH SCHOOL KARDANA ME HANDPUMP KHANAN,1199.85,True,"copy_paste_pricing, cost_overrun, plausibility_mismatch",0.98,,
288784,Pratap Chandra Sarangi,BALASORE,Other Civil Development,300000.0,Const. of cremation house at Rupsa,135.0,False,"copy_paste_pricing, vague_description",0.95,,
189717,Smt Harsimrat Kaur Badal,BHATINDA,Education & School Infrastructure,100000.0,Construction of Interlock Tiles from Main Chowk to Govt. School,1180.5,True,"copy_paste_pricing, plausibility_mismatch",0.98,,
301415,S. Jagathrakshakan,ARAKKONAM,Education & School Infrastructure,375000.0,Supply of School Desk and Bench to Government High School-30 sets,1099.35,True,plausibility_mismatch,0.529,,
211692,Dr Mohammad Jawed,KISHANGANJ,Solar & Public Lighting,100000.0,Thakurganj prakhand antergrat Chhaital Panchayat ke Ruidasa haat me. (12M) High Mast Light.,1176.95,True,"copy_paste_pricing, plausibility_mismatch",0.98,,
188019,ANITA SUBHADARSHINI,ASKA,Community Centers & Halls,100000.0,Construction of Boundary wall of Community Hall,1166.75,True,"copy_paste_pricing, plausibility_mismatch",0.93,,
301157,Alok Kumar Suman,GOPALGANJ,Solar & Public Lighting,998000.0,sansad sadasya sthaniya kshetra vikas yojana ke antargat mere sansad nidhi se gopalganj jile ke barauli nagar parishad  evam thawe mela parisar (nyas bord) ke adheen mein 5 high mast light (bijli sahit) ki aapurti evam adhishthapan hetu 49 lakh 90 hajar rupaye ki anushansa ki jaati hai .,1190.0,True,"cost_overrun, plausibility_mismatch",1.0,,
288393,Shri Manas Ranjan Mangaraj (2022-28),Sitting Rajya Sabha,Roads & Pathways,700000.0,Construction of Maa Siddheswari Road at Bhatapada.,80.0,False,vague_description,0.6,,
298957,GURMEET SINGH MEET HAYER,SANGRUR,Other Civil Development,500000.0,For Repair and Development  Work of Jiwan Singh Dharmshala W.no 10 Near Mahanta Home Dhanaula,140.2,False,"benford_anomaly, copy_paste_pricing, vague_description",0.802,,
271329,SUDHA R,MAYILADUTHURAI,Education & School Infrastructure,235000.0,"Supply and Installation of Smart Board in Govt Higher Secondary School, Srikandapuram, Nakkambadi Panchayat,Kuthalam Block.",1109.85,True,plausibility_mismatch,0.599,,
293029,Shri Shantanu Thakur ,BANGAON,Solar & Public Lighting,377000.0,"Installation of Solar High mast light at Majherpara Kalitala at Ghatbaor GP Under Bongaon Block, North 24 Pgs Block.",1170.0,True,plausibility_mismatch,1.0,,
267194,ADV GOWAAL KAGADA PADAVI,NANDURBAR,Solar & Public Lighting,750000.0,Installation of 63 KVA Transformer,140.0,False,"copy_paste_pricing, vague_description",1.0,,
204112,Devusinh Jesingbhai Chauhan,KHEDA,Normal/Others,200000.0,Construction of C C Road Work at Indira Nagri towards Dasamaa Mandir,138.0,False,"bulk_completion, copy_paste_pricing",0.98,,
190825,Smt Aparajita Sarangi,BHUBANESWAR,Education & School Infrastructure,100000.0,Construction of Library Hall in Bolgarh Block,1200.5,True,"copy_paste_pricing, duplicate_work, plausibility_mismatch",0.98,,
198163,Mitesh Rameshbhai Bakabhai Patel,ANAND,Normal/Others,220000.0,Metpura game Udaypark Society Durga Mataji mandir thi Rajubhai Saheb na Ghar sudhi C.C. Road nu kam,100.0,False,vague_description,0.8,,
302183,SAMBIT PATRA,PURI,Other Civil Development,750000.0,Construction of Subhadra Ghara at Mansinghpur,105.0,False,vague_description,0.85,,
155451,Mr Gopal Jee Thakur,DARBHANGA,Normal/Others,495000.0,hanumannagar prakhand antargat araila panchayat ke budhni chowk araila ke nikat sarvajani sthal par mini high mast electric light ka adhisthapan karya,1210.0,True,"cost_overrun, ghost_work, plausibility_mismatch",1.0,,
166322,NIMUBEN JAYANTIBHAI BAMBHANIYA,BHAVNAGAR,Community Centers & Halls,100000.0,Construction of a community hall in Jamvali-2 village (Earmarked place at the village),1165.75,True,"copy_paste_pricing, plausibility_mismatch",0.92,,
152561,Shri Benny Behanan,CHALAKUDY,Education & School Infrastructure,100000.0,"PURCHASE OF 
SCHOOL BUS TO 
UNION HSS 
ANNANAD",1188.5,True,"copy_paste_pricing, duplicate_work, plausibility_mismatch",0.86,,
190178,Dr. Anil Sukhdeorao Bonde (2022-28),Sitting Rajya Sabha,Education & School Infrastructure,100000.0,"construction of compound wall, pevour block and siiting arragement at Masod.",1180.5,True,"copy_paste_pricing, plausibility_mismatch",0.98,,
145375,Shri Jual Oram,SUNDARGARH,Normal/Others,349724.0,Completion of CC building at Balijori,128.5,False,"duplicate_work, vague_description",0.885,,
283231,Prof. Manoj Kumar Jha (2024-30),Sitting Rajya Sabha,Solar & Public Lighting,850000.0,Installation work of high mast light Near Brahm baba Asthan located in Sakrohar Panchayat Ward No 07 under Beldaur block.,1210.0,True,"copy_paste_pricing, cost_overrun, plausibility_mismatch",1.0,,
169053,BUNTY VIVEK SAHU,CHHINDWARA,Normal/Others,200000.0,Construction Of Teen Shed At Jhamta,145.4,False,"copy_paste_pricing, ghost_work, vague_description",0.854,,
190446,SHREYAS. M. PATEL,HASSAN,Normal/Others,296384.0,DR B.R AMBEDKAR BHAVANA DEVELOPMENT WORK AT BELUR CONSTITUENCY KASABA HOBALI B HOSAHALLI VILLAGE 2024-25,160.0,False,"ghost_work, timing_anomaly, vague_description",1.0,,
200343,PRIYANKA SATISH JARKIHOLI,CHIKKODI,Education & School Infrastructure,100000.0,supplying and Installation of  C C Camera DVR to K B School at Paschapur,1202.0,True,"copy_paste_pricing, duplicate_work, plausibility_mismatch",0.995,,
296964,Shri Sant Balbir Singh (2022-28),Sitting Rajya Sabha,Other Civil Development,365800.0,Purchase of Mobile water tanker,1160.4,True,"plausibility_mismatch, vague_description",0.95,,
283723,Shri S.R. Sivalingam (2025-31),Sitting Rajya Sabha,Education & School Infrastructure,500000.0,"Supply  of  Sports Equipments to  Government Boys Higher Secondary School, Valasaiyur",117.0,False,"benford_anomaly, vague_description",0.77,,
281256,PRANITI SUSHILKUMAR SHINDE,SOLAPUR,Community Centers & Halls,1000000.0,"Construction of community hall at the premises of National Association for the Blind, Solapur branch.",158.0,False,"benford_anomaly, copy_paste_pricing, vague_description",0.98,,
229635,RAHUL SINGH LODHI,DAMOH,Normal/Others,90312.0,Gram Panchayat bija Dongri me Estimat for Installation of 1 No.40 W Semi Integrated solar Light on 6 m G.I.Pole ki khareed,126.0,False,"bulk_completion, copy_paste_pricing",0.86,,
243919,Mala Rajya Laxmi Shah ,TEHRI GARHWAL,Solar & Public Lighting,100000.0,Gram Fuleta me Saur Urja ki 08 Solar Street Light (Working Agency Lagu Sinchai Vibha D Dun),1200.5,True,"copy_paste_pricing, cost_overrun, plausibility_mismatch",0.98,,
304165,DR. MANSUKH MANDAVIYA,PORBANDAR,Drinking Water Supply,250000.0,Borewell and Installing Motor accessories work near Devipujak Samaj Sarsali village,1193.25,True,"copy_paste_pricing, duplicate_work, plausibility_mismatch",0.97,,
272496,RUCHI VIRA,MORADABAD,Solar & Public Lighting,173600.0,VIKAS KHAND MORADABAD KE GRAM ISLAMNAGAR ME KE PASS SARVJANIK STHAL PAR SEMI HIGH MAST LIGHT 6 LIGHT WALI KA ADHISTHAPAN KA KARY,1189.4,True,"copy_paste_pricing, plausibility_mismatch",0.996,,
193116,Smt. Sonia Gandhi (2024-30),Sitting Rajya Sabha,Education & School Infrastructure,100000.0,"Construction of Public Library at  Village Meghwalo Ki Dhani, Gram Panchayat Damodra, Panchayat Samiti Sam, District Jaisalmer",1200.5,True,"copy_paste_pricing, duplicate_work, plausibility_mismatch",0.98,,
150428,Alok Kumar Suman,GOPALGANJ,Solar & Public Lighting,100000.0,"Under the Member of Parliament Local Area Development Scheme, an amount of Rs 49 lakh 90 thousand is recommended from my MP fund for the supply and installation of 5 high mast lights (including electricity) in Hathua Nagar Panchayat and Barauli Nagar Parishad of Gopalganj district.",1176.95,True,"copy_paste_pricing, plausibility_mismatch",0.98,,
272515,RUCHI VIRA,MORADABAD,Solar & Public Lighting,173600.0,VIKAS KHAND CHAJLET KE GRAM MOHRI HAZRATPUR ME MASJID KE PASS SARVJANIK STHAL PAR SEMI HIGH MAST LIGHT 6 LIGHT WALI KA ADHISTHAPAN KA KARY,1189.4,True,"copy_paste_pricing, plausibility_mismatch",0.996,,
206455,Shri Karti P Chidambaram ,SIVAGANGA,Community Centers & Halls,100000.0,(MPLADS 2025-26) Construction of Mini Community Hall in Gandhi Nagar in Melathaniyam Panchayat,1171.75,True,"copy_paste_pricing, plausibility_mismatch",0.98,,
296985,Rao Rajendra Singh,JAIPUR RURAL,Education & School Infrastructure,500000.0,Construction of rooms and halls in school,180.0,False,"benford_anomaly, copy_paste_pricing, duplicate_work, vague_description",1.0,,
2196,Shri Dhananjay Bhimrao Mahadik (2022-28),Sitting Rajya Sabha,Solar & Public Lighting,261000.0,"Installation of a semi-high mast light at Ward No :Ward No. 8, Sub-district Azamgarh, Location Urban Nagar Palika Parishad, Uttar Pradesh.",1190.0,True,"copy_paste_pricing, plausibility_mismatch",1.0,,
274784,Shri Banshilal Gurjar (2024-30),Sitting Rajya Sabha,Other Civil Development,500000.0,work as attached letter and agency,155.0,False,"benford_anomaly, copy_paste_pricing, vague_description",0.95,,
270482,Dilip Saikia,Darrang-Udalguri,Other Civil Development,250000.0,Infrastructure Development of Nagaon Bahniman Sangha,130.0,False,"copy_paste_pricing, vague_description",0.9,,
281487,Mukesh Rajput,FARRUKHABAD,Public Amenities & Sports,876000.0,"Establishment of an open gym at Rashidpur Ambedkar Park, Kamalganj in consultation with Rajesh Kumar from my MP Local Area Development Fund (7309931310)",138.0,False,"copy_paste_pricing, vague_description",0.98,,
292366,Shripad Yesso Naik,NORTH GOA,Other Civil Development,7000000.0,Construction OF mandap hall of Shree Sateri Shantadurga Devasthan Gaonkarwada Advalpal  Bicholim II phase,131.1,False,"benford_anomaly, vague_description",0.911,,
283798,S SUPONGMEREN JAMIR,NAGALAND,Other Civil Development,250000.0,"Establishment of Poultry farm at Mongsenbai, Mokokchung.",100.0,False,vague_description,0.8,,
292087,DHAVAL LAXMANBHAI PATEL,VALSAD,Solar & Public Lighting,500000.0,providing solar ro plant at nanapodha phc,1213.25,True,"benford_anomaly, copy_paste_pricing, cost_overrun, vague_description",0.98,,
297658,Smt S Jothimani,KARUR,Education & School Infrastructure,200000.0,Smart Classes for Kovilur government high school,1169.55,True,"copy_paste_pricing, plausibility_mismatch",0.98,,
264605,Mohamed Haneefa,LADAKH,Community Centers & Halls,600000.0,"Purchase of knotted carpet of best quality for Community Hall Minjee, Community Hall Trespone, Community Hall Changchik.",100.0,False,vague_description,0.8,,
161889,Vijay Kumar Dubey,KUSHI NAGAR,Solar & Public Lighting,100000.0,GP SAPAHA MAHATO ME HIGH MAST KI STHAPANA,1176.95,True,"copy_paste_pricing, plausibility_mismatch",0.98,,
260608,ANAND BHADAURIYA,DHAURAHRA,Solar & Public Lighting,3313600.0,Induction work of 21 (6Way) Semi High Mast Light at variouas places according to the Attached list in the Legislative Assembly Dhaurahara.,1230.0,True,"cost_overrun, duplicate_work, plausibility_mismatch, vague_description",1.0,,
232863,CHHATRAPATI SHAHU SHAHAJI,KOLHAPUR,Other Civil Development,1000000.0,Construction of Cultural hall,180.0,False,"benford_anomaly, copy_paste_pricing, duplicate_work, vague_description",1.0,,
304519,Shri Gurjeet Singh Aujla,AMRITSAR,Other Civil Development,289000.0,For Installing of 1 No Water Tanker 5000 Ltr,1181.7,True,"copy_paste_pricing, plausibility_mismatch, vague_description",0.95,,
308823,Shri Harbhajan Singh (2022-28),Sitting Rajya Sabha,Solar & Public Lighting,100000.0,Street lights,1200.5,True,"copy_paste_pricing, cost_overrun, plausibility_mismatch",0.98,,
183182,SAMBIT PATRA,PURI,Normal/Others,40000.0,Installation of Solar Light at Creamation Ground.,106.0,False,bulk_completion,0.86,,
198852,Shri Jual Oram,SUNDARGARH,Education & School Infrastructure,100000.0,"Computer Education project at  Govt. U.P. School, Simdega, GP-Kurumkel, Block-Subdega",1180.5,True,"copy_paste_pricing, plausibility_mismatch",0.98,,
220666,Dr Mohammad Jawed,KISHANGANJ,Solar & Public Lighting,100000.0,Baisa Prakhand Antergart Khapra Panchayat ke Dharambari Haat me. (12M) High Mast Light.,1176.95,True,"copy_paste_pricing, plausibility_mismatch",0.98,,
1790,Shri Aditya Prasad (2022-28),Sitting Rajya Sabha,Community Centers & Halls,100000.0,Construction of Community Hall in palu village under Ormanjhi Block,1171.75,True,"copy_paste_pricing, plausibility_mismatch",0.98,,
298637,MURLIDHAR MOHOL,PUNE,Roads & Pathways,1000000.0,"Construction of a footpath on Municipal Corporation land at Airport Road, near Yerwada Post Office  within the Pune Lok Sabha constituency.",178.0,False,"benford_anomaly, copy_paste_pricing, duplicate_work, vague_description",0.98,,
283262,Smt Himadri Singh,SHAHDOL,Other Civil Development,480118.0,GI water tanker capacity 5000 liters with water filter plant and water chiller plant with new tyre size 920. Implementing Agency - MP Agro industries Development Corporation limited. NOTE - As per approved rates of MP state Agro uploaded on GeM portal.,1185.0,True,"bill_splitting, vague_description",1.0,,
277910,BHASKAR MURLIDHAR BHAGARE,DINDORI,Roads & Pathways,1000000.0,"Road Improvement from Jopul (Shinde Mama Bungalow) to Sohan Signature Under Pimpalgaon Baswant Municipal Council, Taluka Niphad.",157.0,False,"benford_anomaly, copy_paste_pricing, vague_description",0.97,,
166341,NIMUBEN JAYANTIBHAI BAMBHANIYA,BHAVNAGAR,Roads & Pathways,500000.0,"To construct a circle at Sihor-Tana Chowkdi (including the construction of a roundabout as part of the road network development to reduce accidents, i.e. approach road)",156.0,False,"benford_anomaly, copy_paste_pricing, vague_description",0.96,,
161748,Shri B Y Raghavendra ,SHIMOGA,Normal/Others,192354.0,Installation of High mast light in the premises of Brihan Mathar of Konandur Village,1210.0,True,"bulk_completion, ghost_work, plausibility_mismatch",1.0,,
288542,MALAIYARASAN D,KALLAKURICHI,Education & School Infrastructure,435000.0,500 Litre RO machine Installation and Three Year Mainintaince Include at Govt Girls Higher Sec School Devapandalam,1096.95,True,plausibility_mismatch,0.513,,
205263,Shri Sandosh Kumar P (2022-28),Sitting Rajya Sabha,Education & School Infrastructure,100000.0,purchase of school bus fpr padashala samskritha school,1180.5,True,"copy_paste_pricing, plausibility_mismatch",0.98,,
267192,ADV GOWAAL KAGADA PADAVI,NANDURBAR,Solar & Public Lighting,750000.0,Installation of 63 KVA Transformer,140.0,False,"copy_paste_pricing, vague_description",1.0,,
285852,PRANITI SUSHILKUMAR SHINDE,SOLAPUR,Other Civil Development,1096000.0,Erection of Additional DTC to Existing overloaded Edake DTC,80.0,False,vague_description,0.6,,
278508,DR. PRASHANT YADAORAO PADOLE,BHANDARA-GONDIYA,Community Centers & Halls,700000.0,Construction of a community hall,129.0,False,"copy_paste_pricing, vague_description",0.89,,
214632,RAKESH RATHOR,SITAPUR,Other Civil Development,5849060.0,Installation of 35 six way 9M hihg mast on diffrent places in loksabha -30 Sitapur.,137.1,False,"duplicate_work, vague_description",0.971,,
231953,Dinesh Chandra Yadav,MADHEPURA,Solar & Public Lighting,100000.0,"Patarghat Prakhand antargat Bishanpur Panchayat ke Bishanpur, Kahra mor par High Mast Light ka Adhisthapan.",1176.95,True,"copy_paste_pricing, plausibility_mismatch",0.98,,
162417,GAIKWAD VARSHA EKNATH,MUMBAI NORTH-CENTRAL,Roads & Pathways,1000000.0,Construction of Drains and concreting,1205.0,True,"benford_anomaly, copy_paste_pricing, delay_violation, vague_description",0.97,,
252603,Prasun Banerjee,HOWRAH,Solar & Public Lighting,600229.0,Supply  installation of  2 Nos and Mini High Mast Light at Different places of Ramkristopur Ghat under Ward No-29 of HMC under AC-171 in MPLAD,1170.0,True,plausibility_mismatch,1.0,,
299360,Smt. Geeta alias Chandraprabha (2020-26),Sitting Rajya Sabha,Solar & Public Lighting,810000.0,3 high mast light,1210.0,True,"cost_overrun, plausibility_mismatch, vague_description",1.0,,
170881,Smt S Jothimani,KARUR,Education & School Infrastructure,100000.0,"Purchase of Smart Class for 5 Classrooms in Government Arts  College,Thanthondri Malai,Karur",1202.5,True,"copy_paste_pricing, duplicate_work, plausibility_mismatch",1.0,,
222879,ARUNA. D. K,MAHABUBNAGAR,Solar & Public Lighting,100000.0,Erection of High Mast with LED Flood Lights in SC Colony at Kondareddipally (V) of Keshampet (M),1176.95,True,"copy_paste_pricing, plausibility_mismatch",0.98,,
106442,Shri Naresh Bansal (2020-26),Sitting Rajya Sabha,Education & School Infrastructure,100000.0,"100 TABLE & CHAIR/BENCH AT GOVERNMENT INTER COLLEGE ,DHOBALWALA
IA(KARYADAI SANSTATHA ) - NAGAR PALIKA PARISHAD HERBURTPUR",1180.5,True,"copy_paste_pricing, plausibility_mismatch",0.98,,
146349,Arvind Ganpat Sawant,MUMBAI SOUTH,Community Centers & Halls,1200000.0,aagripada kalapani road byculla community hall,1167.15,True,"delay_violation, vague_description",0.95,,
202706,VIJAYLAKSHMI DEVI,SIWAN,Normal/Others,590000.0,LABORATORY SETUP,120.0,False,vague_description,1.0,,
285923,RAJESH RANJAN ALIAS PAPPU YADAV,PURNEA,Solar & Public Lighting,821000.0,15 METRE 150 WATT X 8 NOS HIGH MAST LIGHT,1189.5,True,"copy_paste_pricing, plausibility_mismatch, vague_description",0.9,,
165053,Shri Hardeep Singh Puri (2020-26),Sitting Rajya Sabha,Education & School Infrastructure,100000.0,Work of installation of one solar water pump with boring at a public place near the school premises of village panchayat Mishri of development block Kon,1200.5,True,"copy_paste_pricing, duplicate_work, plausibility_mismatch",0.98,,
243351,S Venkatesan,MADURAI,Roads & Pathways,300000.0,"Providing High Mast Light (9Meter) Ward No.73, Alagappan Nagar, Balaji Street Junction,Muthupatti Main Road (2025-2026)",1210.0,True,"copy_paste_pricing, duplicate_work, plausibility_mismatch",1.0,,
289689,Pradeep Kumar Singh,ARARIA,Education & School Infrastructure,796000.0,Y.N.P. Degree College Raniganj (Araria) S/C.S.T,138.0,False,"copy_paste_pricing, vague_description",0.98,,
159373,Dr. V. Sivadasan (2021-27),Sitting Rajya Sabha,Education & School Infrastructure,100000.0,"Purchase of  laptops for Valapattanom Govt Higher Secondary.School
(School Code 131.02)",1174.5,True,"copy_paste_pricing, plausibility_mismatch",0.92,,
233937,SUDAMA PRASAD,ARRAH,Normal/Others,499813.0,Ara Municipal Corporation Ward No 31 Bhalui Pur Drain and PCC construction from Lal Babu Sonars house up to Dilip Sonars house,0.0,False,CLEAN,0.0,,
303743,DAGGUMALLA PRASADA RAO,CHITTOOR,Normal/Others,300000.0,Construction of Bus Shelter at NTR Colony in Rallabuduguru GP of Santhipuram,0.0,False,CLEAN,0.0,,
279109,RAMESH AWASTHI,KANPUR,Roads & Pathways,1316000.0,Loksabha kanpur ke antargat vidhan sabha govind nagar ke antargat ward-53 panki padav me h.no. 34 satish saini ke makan se kalpi road tak interlocking sadak v nali sudhar ka nirman karya.,0.0,False,CLEAN,0.0,,
246076,Ganesh Singh,SATNA,Other Civil Development,140000.0,Maihar ward no. 3 hanuman tola me Krishna vilas ojha ke ghar ke pas viddutikaran  hetu,0.0,False,CLEAN,0.0,,
268715,Radha Mohan Singh,PURVI CHAMPARAN,Other Civil Development,998700.0,TETARIYA PRAKHAND KE NARHA PANAPUR KE PANCHAYAT SARKAR BHAWAN EWAM SARKARI VIVAAH BHAWAN KA RCC CHAHARDIWARI KA NIRMAN KARYA.,0.0,False,CLEAN,0.0,,
250545,SAYANI GHOSH,JADAVPUR,Roads & Pathways,200000.0,CONSTRUCTION OF CONCRETE ROAD FROM KHODHATI CHINEMAN CULVERT TO SAMBHU SARDAR HOUSE SANSAD NO-I KHEADAHA-I GRAM PANCHAYAT UNDER SONARPUR UTTAR AC,0.0,False,CLEAN,0.0,,
261138,Shri S. Selvaganabathy (2021-27),Sitting Rajya Sabha,Other Civil Development,60000.0,Ungalai uyarthum oru nimida kathaigal,0.0,False,CLEAN,0.0,,
256061,Shri Narain Dass Gupta (2024-30),Sitting Rajya Sabha,Roads & Pathways,923330.0,Provision of lighting arrangement at 7 Block Road near the backside of Acharya Bhikshu Hospital and parks near A-9 A-3 A-5 Ward No 90 Moti Nagar (KBZ),0.0,False,CLEAN,0.0,,
255070,Shri Jyotirmay Singh Mahato ,PURULIA,Solar & Public Lighting,100000.0,SOLAR LIGHT,0.0,False,CLEAN,0.0,,
192356,RAHUL SINGH LODHI,DAMOH,Normal/Others,259942.0,GRAM PANCHAYAT MAHUA KHEDA ME YATRI PRITICHALAY MODOLE NO 03 KI KHAREED,0.0,False,CLEAN,0.0,,
227525,Shri Satish Kumar Gautam ,ALIGARH,Other Civil Development,1316000.0,S.No 7 Gram Surajpur me Gangasharan Baghel ke Ghar se Sardar Mantri ke Ghar tk Interloking Nirman Karya lambai Lagbhag 100mt,0.0,False,CLEAN,0.0,,
196076,Shankar Lalwani,INDORE,Normal/Others,435023.0,Tube well mining with Motor pump installation including recharge pit for public use in Vyenktesh nagar  back side of hanuman Mandir  Ward 16 Vidhansabha Indore-01 District Indore,0.0,False,CLEAN,0.0,,
236701,DEVESH CHANDRA THAKUR,SITAMARHI,Normal/Others,360000.0,"A 9-meter high, 36-watt Fourlims solar LED semi mast equipped with an L1 P04 battery and mounted on an octagonal pole has been installed near Bishunathpur Chowk, located in Ward No. 44, Dumra, Sitamarhi district.",0.0,False,CLEAN,0.0,,
302110,SHASHANK MANI,DEORIA,Other Civil Development,1380000.0,Gram Sabha - Sorahwa me Kuber sthan Dudehi pitch marg se Shahpur Khalwa tola jane wale marg par interlocking nirmaan kary lambai lagbhag 230x3.3 meters,0.0,False,CLEAN,0.0,,
235671,Krishna Prasad Tenneti,BAPATLA,Normal/Others,250000.0,"Construction of gravel road from SC Colony to burial ground in M Muppalla Village, Naguluppalapadu Mandal",0.0,False,CLEAN,0.0,,
251252,Shri Subhash Barala (2024-30),Sitting Rajya Sabha,Community Centers & Halls,499000.0,"CONST. OF IRON SHED IN GSSS, FOR STAGE AT VILLAGE RORI",0.0,False,CLEAN,0.0,,
221901,RAJ BHUSHAN CHOUDHARY,MUZAFFARPUR,Roads & Pathways,1184200.0,Construction of culvert near vipin rai farm at Thuhawan village.,0.0,False,CLEAN,0.0,,
135979,Radha Mohan Singh,PURVI CHAMPARAN,Normal/Others,1495894.0,MOTIHARI NAGAR KE LUMBINI BHAWAN KE PICCHE BUDDH VIHAR PARISAR ME CHABUTARA KA NIRMAN KARYA.,0.0,False,CLEAN,0.0,,
286138,Dr. Dharmshila Gupta (2024-30),Sitting Rajya Sabha,Other Civil Development,1200000.0,SAMASTIPUR- SAMASTIPUR M CORPORATION WARD NO 3 ME SHIV MADHIR KE PICHE TALAB ME SIDHI GHAT KA NIRMAN.,0.0,False,CLEAN,0.0,,
220928,Rajeshbhai Naranbhai Chudasama,JUNAGADH,Normal/Others,244869.0,"Gir Somnath District,Veraval Taluka,Bij Villege,Paver block work from Polabhai Sarmanbhai Rathod house to Malabhai Mer house in Bij village",0.0,False,CLEAN,0.0,,
175137,K. RAJASHEKAR BASAVARAJ HITNAL,KOPPAL,Normal/Others,298326.0,Installation of pavers from Hulagappa Vaalikaar house to road connecting to hulikere (Right Side) of  ward no.01 in koppal town,0.0,False,CLEAN,0.0,,
265999,Prasun Banerjee,HOWRAH,Roads & Pathways,1366462.0,Construction of cement concrete road from Sankrail Thana Sports Academy to Andul Post Office length 450 mtr. And wide 3mtr. of Andul G.P under A.C 174 in MPLAD,0.0,False,CLEAN,0.0,,
267425,ANAND BHADAURIYA,DHAURAHRA,Other Civil Development,574300.0,BLOCK DHAURHARA KE GRAM SARSAWA ME RAJU NAI KE GHAR SE DHANIRAM KE MAKAN TAK INTERLOKING NIRMAN KARYA,0.0,False,CLEAN,0.0,,
185098,V. SOMANNA,TUMKUR,Roads & Pathways,100000.0,Road Asphalte (dambar) works of connecting between Shree Adichunchanagiri Mahasamsthana Mutt Mayasandra Branch and old age home. Tururvekere Taluk Tumakuru,0.0,False,CLEAN,0.0,,
272606,Kangana Ranaut,MANDI,Roads & Pathways,300000.0,"Construction of Road from Mashog Nala to GPS Majhas in GP Lower Karsog, Work Executing Agency-BDO Karsog",0.0,False,CLEAN,0.0,,
285169,VIVEK THAKUR,NAWADA,Other Civil Development,418588.0,Gram Panchayat Onma ke Gram Asthana mein Harihar Mahto ke dalan se Binda Mahto ke dalan hote hue Ramchandra Prasad ke khet tak dhakkan sahit nala aur PCC sadakNirman Karya,0.0,False,CLEAN,0.0,,
237646,Jitendra Singh,UDHAMPUR,Normal/Others,144600.0,"Constt. Of protection wall near Bawa Nallina ji Dev Sathan, Village Ashmar, Pyt. Famrote, Sangaldan, Ramban.",0.0,False,CLEAN,0.0,,
182956,SAMBIT PATRA,PURI,Normal/Others,40000.0,Installation of Solar Light at Creamation Ground.,0.0,False,CLEAN,0.0,,
281949,Shripad Yesso Naik,NORTH GOA,Other Civil Development,110000.0,To provide Wheelchair with Stair Climb Assist to Mast Ghanvir Govindprasad Prabhudessai,0.0,False,CLEAN,0.0,,
157481,BAJRANG MANOHAR SONWANE,BEED,Other Civil Development,100000.0,Construction of Sabhamandap on Gram Panchayat land.,0.0,False,CLEAN,0.0,,
217172,Rajeshbhai Naranbhai Chudasama,JUNAGADH,Normal/Others,294295.0,"Gir Somnath District,Gir Gadhda Taluka,Ankolali village,Paver block work from Rambhai Karshanbhai Bheda house to Lansukhbhai Kalabhai house in Ankolali village",0.0,False,CLEAN,0.0,,
301422,Shri Bhartruhari Mahtab,CUTTACK,Other Civil Development,400000.0,"Construction of cultural centre near Maa Kalapata Temple, Koilikanya village,Tigiria",0.0,False,CLEAN,0.0,,
279833,DR RAJKUMAR SANGWAN,BAGHPAT,Other Civil Development,200000.0,Gram kalandi may kooda ghar say lekar prathmik sochalay tak interlocking tiles ka nirmad karya,0.0,False,CLEAN,0.0,,
299265,Shri NK Premachandran,KOLLAM,Solar & Public Lighting,327900.0,"Installation of minimast light at Kaithamunambu boat jetty in Ward 14, Perayam Grama Panchayat, Kundara Constituency",0.0,False,CLEAN,0.0,,
267363,Smt Hema Malini,MATHURA,Roads & Pathways,1140000.0,construction of cc road primary school towards neksha bhagat and vinod goswami to h o jaggo baghel village sakraya distt mathura,0.0,False,CLEAN,0.0,,
303308,Shri Janardan Singh Sigriwal ,MAHARAJGANJ,Other Civil Development,1499600.0,Prakhand Bhagwanpur Hatt ke Gopalpur Panchayat ke Gram Piprahia me Rampur Vitarni Nhar par Puliya ka Nirman Karya.,0.0,False,CLEAN,0.0,,
309546,Dr. Sarfraz Ahmad (2024-30),Sitting Rajya Sabha,Solar & Public Lighting,300000.0,"Installation of a high-mast light at the Mod/Chowk near the mosque in Karnpura village, Pandri Panchayat, Gandey Block.",0.0,False,CLEAN,0.0,,
296125,KULDEEP INDORA,GANGANAGAR,Other Civil Development,1100000.0,samudayik hall nirman karya nayak panchayati dharamshala a16 ward no 54 new SGNR,0.0,False,CLEAN,0.0,,
142062,Anto Antony,PATHANAMTHITTA,Normal/Others,217501.0,Providing 8 Meters LED Mini Mast Light at Thumarampara ST Colony (Sahrudaya Bhagam) in Erumely Grama Panchayat. (ST),0.0,False,CLEAN,0.0,,
282285,Dr. Faiyaz Ahmad (2022-28),Sitting Rajya Sabha,Roads & Pathways,1499000.0,Construction of PCC Road in ward no-62 Narayan nagar from the plot of Rambabu towards the plot of mukesh kumar under patna municipal corporation.,0.0,False,CLEAN,0.0,,
286078,Smt. Phulo Devi Netam (2026-32),Sitting Rajya Sabha,Public Amenities & Sports,226991.0,Gram Bhatpal ke madhmik shala Bhatpal me multi-gym upkarno ki sthapna karya,0.0,False,CLEAN,0.0,,
265153,Shri Samirul Islam (2023-29),Sitting Rajya Sabha,Community Centers & Halls,400000.0,Construction of Community Hall at Magra Bauripara,0.0,False,CLEAN,0.0,,
257673,Shri Satish Kumar Gautam ,ALIGARH,Other Civil Development,1753000.0,S. No. 6 Gram Khedia Dhaukal Mazra Bulapur me Aarami ke Ghar se Gajadhar ke Ghar ki Taraf Inter Loking Nriman Karya Lambai 120 Mt,0.0,False,CLEAN,0.0,,
202269,Shri Abhishek Banerjee,DIAMOND HARBOUR,Roads & Pathways,260249.0,Construction of CC Road from house of Hanif Gazi to house of Bapi Mondal At Khadim Para. (Length- 62 Mtr),0.0,False,CLEAN,0.0,,
302642,KARAN BHUSHAN SINGH,KAISERGANJ,Education & School Infrastructure,1511100.0,"Sr.No 03 Interlocking work over a length of 280 meters in Gram Sabha Chhautauni, from Aryanagar Prithvinath Marg to Parvati Devi Inter College.",0.0,False,CLEAN,0.0,,
195584,JITIN PRASADA,PILIBHIT,Other Civil Development,100000.0,Local Area Infrastructure Development,0.0,False,CLEAN,0.0,,
285230,Dr. Dinesh Sharma (2023-26),Sitting Rajya Sabha,Other Civil Development,995000.0,Construction of a cremation platform and a resting area at Gullala Ghat (under the Chaok Bazar Kali Ji Ward) in memory of the late former Councilor Rani Kannaujia.,0.0,False,CLEAN,0.0,,
182873,SAMBIT PATRA,PURI,Normal/Others,40000.0,Installation of Solar Light at Cremation Ground.,0.0,False,CLEAN,0.0,,
192567,Appalanaidu Kalisetti,VIZIANAGARAM,Normal/Others,88336.0,Shifting Charges of H.T Line running over the Residences of China Nandabalaga Village in Therlam Mandal,0.0,False,CLEAN,0.0,,
162936,K. RAJASHEKAR BASAVARAJ HITNAL,KOPPAL,Normal/Others,497399.0,Laying of gravel on the road from Yallappa Muchigers land to Suresha Patnashettys land comes between Kushtagi to Kidadala road of Koppal taluk.,0.0,False,CLEAN,0.0,,
239780,RAJEEV BHARDWAJ,KANGRA,Normal/Others,249998.0,Construction of Shed of Bawadi in ward no 1,0.0,False,CLEAN,0.0,,
197214,Andimuthu Raja,NILGIRIS,Other Civil Development,1400000.0,Construction of Passenger Shelter at Sevur Panchayat,0.0,False,CLEAN,0.0,,
207843,Shri Sandosh Kumar P (2022-28),Sitting Rajya Sabha,Drinking Water Supply,700000.0,Naniyyor Nambram 3 cent Colony  Drinking Water Supply  Scheme  in Mayyil Grama Panchayath Ward 16,0.0,False,CLEAN,0.0,,
156410,Parvatagouda Chandanagouda Gaddigoudar,BAGALKOT,Normal/Others,299979.0,Construction of BUS SHELTER in BAGALKOTE  old town (Near Bagalkote Jimkhana),0.0,False,CLEAN,0.0,,
191250,Rajeshbhai Naranbhai Chudasama,JUNAGADH,Normal/Others,294030.0,"Gir Somnath District,Veraval Taluka,KodidaraVillege, CC road work on the road going from Nathubhai Arsibhai Vaja farm to Mer Sardulbhai Danabhai farm in Kodidara village",0.0,False,CLEAN,0.0,,
302308,DR DHARAMVIRA GANDHI,PATIALA,Community Centers & Halls,200000.0,Construction of shed in General Crematorium in village Jalalpur Block Rajpura,0.0,False,CLEAN,0.0,,
292267,Dr. Santrupt Misra (2026-32),Sitting Rajya Sabha,Community Centers & Halls,600000.0,Construction of Community Centre at Kakudipali under Batemura GP of Maneswar Block,0.0,False,CLEAN,0.0,,
266265,CN Annadurai,TIRUVANNAMALAI,Other Civil Development,700000.0,Construction of Drama Stage near Ambethkar statue at Devanampattu panchayat,0.0,False,CLEAN,0.0,,
220191,Shri Jayant Chaudhary (2022-28),Sitting Rajya Sabha,Public Amenities & Sports,9000000.0,This money is being released for the construction of a multi-purpose indoor stadium.,0.0,False,CLEAN,0.0,,
161211,Vellalath Kochukrishnan Nair Sreekandan,PALAKKAD,Normal/Others,172428.0,"Mini Mast Light at Thekkekunnampalam Junction, Ward -5 in Marutharode Grama Panchayath.",0.0,False,CLEAN,0.0,,
263879,Prof. Ram Gopal Yadav (2020-26),Sitting Rajya Sabha,Other Civil Development,2599000.0,GRAM PANCHAYAT UDESAR GAJADHAR SINGH KE GRAM NAAMAN MEIN MANOJ KUMAR DIWAKAR KE MAKAN SE RAJESH BALMIKI KE MAKAN TAK CC NIRMAN WORK. LENGTH 220MTRS,0.0,False,CLEAN,0.0,,
239283,NARESH CHANDRA UTTAM PATEL,FATEHPUR,Other Civil Development,1451000.0,BLOCK BHITORA GRAM CHANDIPUR MEIN RAMKISHOR SONKAR KE DARVAJE SE RAMPRASAD LODHI KE DARVAJE TAK LAMBAI 190 METER CC,0.0,False,CLEAN,0.0,,
299669,Dushyant Singh,JHALAWAR-BARAN,Other Civil Development,150000.0,Work of installing tube well in Shri Vrindavan Gau Seva Samiti village Samrol,0.0,False,CLEAN,0.0,,
277209,RAHUL GANDHI,RAE BARELI,Roads & Pathways,702000.0,"Construction of an interlocking road and Boundary wall at Ambedkar Park, Charuhar Beek at Village Charuhar Beek, Deenshah Gaura",0.0,False,CLEAN,0.0,,
238666,SURENDRA PRASAD YADAV,JAHANABAD,Normal/Others,74883.0,Installing of Hand Pumps,0.0,False,CLEAN,0.0,,
2215,Shri Kapil Sibal (2022-28),Sitting Rajya Sabha,Roads & Pathways,1700000.0,Construction of Cencrete Road from Vayanashala to Mithrapuram Road in Ward 10 Ammakandakara,0.0,False,CLEAN,0.0,,
140502,MANOJ KUMAR,SASARAM,Normal/Others,592130.0,Shri Gara Choubey nahar se Gauri Sah aur vinod shrivastav ke ghar tak pcc nirman kary length 600 feet,0.0,False,CLEAN,0.0,,
285066,VIVEK THAKUR,NAWADA,Other Civil Development,700000.0,Barbigha nagar Parishad ke gangati mod ke pass Sai IIT ke samne puliya ka nirman,0.0,False,CLEAN,0.0,,
263659,Shri Samirul Islam (2023-29),Sitting Rajya Sabha,Other Civil Development,2700000.0,"BEAUTIFICATION OF SIDDHESHWARI GATE MAHAPRABHU POND IN WARD NUMBER 7,13,17,6,12",0.0,False,CLEAN,0.0,,
248273,Vellalath Kochukrishnan Nair Sreekandan,PALAKKAD,Normal/Others,187106.0,Mini Mast Light at Kizhakkumpuram Cheriyaniskara Palli  Ward 6 in Mannur Grama Panchayath,0.0,False,CLEAN,0.0,,
260289,Rajnath Singh,LUCKNOW,Other Civil Development,1050000.0,Harihar Nagar Indira Nagar main Anup Singh ke makan No D-69 se C-122 Rekha Prajapati General Store ke aur Sadak aur Nali Nirman ka karya. Length 90 Meter,0.0,False,CLEAN,0.0,,
236002,DEVESH CHANDRA THAKUR,SITAMARHI,Normal/Others,360000.0,"A 9-meter high, 36-watt Fourlims solar LED semi mast equipped with an L1 P04 battery and mounted on an octagonal pole has been installed near the house of Sudesh Mandal, located in Ward No. 01, Village Sonbarsa, Panchayat Turkaulia, Bathnaha block, Sitamarhi district.The installation stands on government land.",0.0,False,CLEAN,0.0,,
295492,ADV K FRANCIS GEORGE,KOTTAYAM,Roads & Pathways,260000.0,Construction of  Thotoor  Siva Temple Road,0.0,False,CLEAN,0.0,,
157479,BAJRANG MANOHAR SONWANE,BEED,Normal/Others,699468.0,Construction of Sabhamandap on Gram Panchayat land near Sri Kshetra Narsih Temple.,0.0,False,CLEAN,0.0,,
239817,Kirti Vardhan Singh,GONDA,Roads & Pathways,582200.0,No. 4 Interlocking work in 120 meter length on the Dinkarpur border road from Rabiss house in development block Mankapur Gram Panchayat Barsenia.,0.0,False,CLEAN,0.0,,
285181,VIVEK THAKUR,NAWADA,Other Civil Development,857080.0,Gram Panchayat Audhey ke Gram Gosaimadhi mein chhath ghat ka nirman karya,0.0,False,CLEAN,0.0,,
185584,RAJPALSINH MAHENDRASINH JADAV,PANCHMAHAL,Community Centers & Halls,495000.0,CONSTRUCTION OF COMMUNITY HALL IN JHAKHRIPURA VILLAGE,0.0,False,CLEAN,0.0,,
299243,JITENDRA KUMAR DOHARE,ETAWAH,Other Civil Development,221294.93,ETAWAH SHAHR K VINIT VIHAR COLONY ( MAHERA CHUNGI FATAK K PASS ) NAALI KA NIRMAN KARY,0.0,False,CLEAN,0.0,,
271561,Ms Mahua Moitra,KRISHNANAGAR,Roads & Pathways,703334.0,Construction of Over head Connecting road (R.C.C) with shed from building to Library building at Amghata High School Under Krishnagar -I Block,0.0,False,CLEAN,0.0,,
193838,Shri Jugal Kishore Sharma,JAMMU,Normal/Others,374500.0,Construction of Various Links lanes in Ward No 04 nho Om Parkash nho Subash nho Uttam Master nho Girdhari Lal nho Omkar Singh nho Ajay Kumar Pandit nho Sanjay Kumar Om Parkash nho Suram Singh Davinder Sharma nho Sham lal nho Heem Raj nho Mulkh Raj at village and Panchayat Kiahsnpur Khadta,0.0,False,CLEAN,0.0,,
133976,Ramprit Mandal,JHANJHARPUR,Normal/Others,994000.0,Rajnagar block ke antargat pilakhwar gram sthith durga mandir evm sarkari school ke najdik high mask electric light ka kray evam  adhisthapan karya. (Attached Takniki Vishistiyan ke Anurup),0.0,False,CLEAN,0.0,,
300360,VARUN CHAUDHRY,AMBALA,Roads & Pathways,1200000.0,Laying of interlocking tiles street from the house of Master Suraj Bhan to Virk Market(Sadhora Road),0.0,False,CLEAN,0.0,,
276118,Sanjay Uttamrao Deshmukh,YAVATMAL-WASHIM,Other Civil Development,750000.0,Nagar Parishad Ward No 4 Yethe Washim Jilha Sport Dance Assosiation Ya Sanghatnela Krida Sahitya Kharedi Karne Karita,0.0,False,CLEAN,0.0,,
205724,H.D. KUMARASWAMY,MANDYA,Other Civil Development,100000.0,Construction Of Sri Rajiv Ghandhi Seva Kendra On Going Work,0.0,False,CLEAN,0.0,,
291205,Dr. M. Dhanapal (2025-31),Sitting Rajya Sabha,Education & School Infrastructure,625000.0,"Supply of Laboratory Equipments to Government Higher Secondary School, Mambakkam, Thiruporur Panchayat Union, Chengapattu District",0.0,False,CLEAN,0.0,,
161563,Sanjay Haribhau Jadhav,PARBHANI,Normal/Others,699821.0,"Construction of CC road at Mohpuri under Aland Gram Panchayat,tal.parbhani.",0.0,False,CLEAN,0.0,,
244037,Lavu Sri Krishna Devarayalu,NARASARAOPET,Normal/Others,197500.0,"Construction of Pre-fabricated Shed in Kotha Vellampalli H.O. Karalapadu Village, Piduguralla Mandal.",0.0,False,CLEAN,0.0,,
307732,Shri I.S. Inbadurai (2025-31),Sitting Rajya Sabha,Solar & Public Lighting,900000.0,"Installation of a 16-metre-high tower LED electric light at the entrance of the Muniyappan Temple, Mettur Municipality in Salem District.",0.0,False,CLEAN,0.0,,
302742,LAXMIKANT PAPPU NISHAD,SANT KABIR NAGAR,Other Civil Development,105695.0,Ashok Kumar ke ghar ke samne,0.0,False,CLEAN,0.0,,
252030,Asit Kumar Mal ,BOLPUR,Other Civil Development,110000.0,Construction of TRAFFIC KIOSK FOR BOLPUR POLICE STATION AT GHEROPARA .EXECUTING AGENCY WILL BE E.O. BOLPUR -SRINIKETAN PANCHAYET SAMITY.,0.0,False,CLEAN,0.0,,
221689,Devusinh Jesingbhai Chauhan,KHEDA,Normal/Others,349752.0,Construction of C.C Road Work at Dudh Mandali Bhungaliya Tabe Kumbhariya Area,0.0,False,CLEAN,0.0,,
199910,Ganesh Singh,SATNA,Other Civil Development,150000.0,Dhawari me Kamla Singh ke makan ke pas Viddutikaran hetu,0.0,False,CLEAN,0.0,,
267626,Shri Kamal Haasan (2025-31),Sitting Rajya Sabha,Public Amenities & Sports,11200000.0,Construction of Public Swimming Pool at VOC Park Ward 83 Central Zone Coimbatore Tamil Nadu,0.0,False,CLEAN,0.0,,
231765,Kaushalendra Kumar,NALANDA,Normal/Others,247219.0,Block Biharsharif ke anumandal agnishalay karyalay mein ek boring ka nirman,0.0,False,CLEAN,0.0,,
61977,Smt. Geeta alias Chandraprabha (2020-26),Sitting Rajya Sabha,Solar & Public Lighting,100000.0,Solar light 30 watt at 10 place,0.0,False,CLEAN,0.0,,
142725,KAMLESH JANGDE,JANJGIR CHAMPA,Normal/Others,799562.0,GRAM PANCHAYAT LAWSARA ME C.C. ROAD NIRMARAN(PATHARRI TALAB SE NARAYANA BARETH GHAR KI ORE),0.0,False,CLEAN,0.0,,
241016,Shri Narendra Modi,VARANASI,Other Civil Development,677000.0,Daniyalpur Ward No 37 interlocking work from Kanhaiya Rajbhars house 19208 to Nurulhodas house no 19100P Length 195 m,0.0,False,CLEAN,0.0,,
157541,BAJRANG MANOHAR SONWANE,BEED,Other Civil Development,100000.0,Construction of Sabhamandap on Gram Panchayat land near Sri Kshetra Laxman Baba Puri Temple.,0.0,False,CLEAN,0.0,,
203716,Harsh Malhotra,EAST DELHI,Normal/Others,121336.0,Supply and Installation of Open Gym Equipments,0.0,False,CLEAN,0.0,,
262448,Piyush Vedprakash Goyal,MUMBAI NORTH,Other Civil Development,2300000.0,Construction of 20 by 20 feet Community Welfare Center near Sindhudurg Co-op. Housing Society on CTS No. 207 Magathane,0.0,False,CLEAN,0.0,,
